latitude;longitude;altitude (m);distance_m;name;obstrucao;angle
-22.950245683;-46.837677385;741.6;69960;Line 345;1;163.965020484389
-22.950506945;-46.837600113;743.8;69930;Line 345;1;163.965020484389
-22.950768208;-46.83752284;745.6;69900;Line 345;1;163.965020484389
-22.95102947;-46.837445567;747.8;69870;Line 345;1;163.965020484389
-22.951290733;-46.837368293;750.4;69840;Line 345;1;163.965020484389
-22.951551996;-46.837291019;753.1;69810;Line 345;1;163.965020484389
-22.951813258;-46.837213746;756.4;69780;Line 345;1;163.965020484389
-22.95207452;-46.837136471;760.2;69750;Line 345;1;163.965020484389
-22.952335783;-46.837059197;763.7;69720;Line 345;1;163.965020484389
-22.952597045;-46.836981922;767.0;69690;Line 345;1;163.965020484389
-22.952858308;-46.836904647;770.0;69660;Line 345;1;163.965020484389
-22.95311957;-46.836827372;773.0;69630;Line 345;1;163.965020484389
-22.953380832;-46.836750096;775.8;69600;Line 345;1;163.965020484389
-22.953642095;-46.83667282;778.4;69570;Line 345;1;163.965020484389
-22.953903357;-46.836595544;780.2;69540;Line 345;1;163.965020484389
-22.954164619;-46.836518268;781.8;69510;Line 345;1;163.965020484389
-22.954425881;-46.836440991;781.3;69480;Line 345;1;163.965020484389
-22.954687144;-46.836363715;780.7;69450;Line 345;1;163.965020484389
-22.954948406;-46.836286437;780.0;69420;Line 345;1;163.965020484389
-22.955209668;-46.83620916;778.0;69390;Line 345;1;163.965020484389
-22.95547093;-46.836131882;776.2;69360;Line 345;1;163.965020484389
-22.955732192;-46.836054605;775.0;69330;Line 345;1;163.965020484389
-22.955993454;-46.835977326;772.9;69300;Line 345;1;163.965020484389
-22.956254716;-46.835900048;770.4;69270;Line 345;1;163.965020484389
-22.956515978;-46.835822769;768.3;69240;Line 345;1;163.965020484389
-22.95677724;-46.83574549;765.8;69210;Line 345;1;163.965020484389
-22.957038502;-46.835668211;762.3;69180;Line 345;1;163.965020484389
-22.957299764;-46.835590932;758.8;69150;Line 345;1;163.965020484389
-22.957561026;-46.835513652;755.6;69120;Line 345;1;163.965020484389
-22.957822288;-46.835436372;753.2;69090;Line 345;1;163.965020484389
-22.95808355;-46.835359092;750.6;69060;Line 345;1;163.965020484389
-22.958344812;-46.835281811;748.0;69030;Line 345;1;163.965020484389
-22.958606073;-46.83520453;749.7;69000;Line 345;1;163.965020484389
-22.958867335;-46.835127249;751.5;68970;Line 345;1;163.965020484389
-22.959128597;-46.835049968;753.4;68940;Line 345;1;163.965020484389
-22.959389859;-46.834972686;755.1;68910;Line 345;1;163.965020484389
-22.95965112;-46.834895405;757.0;68880;Line 345;1;163.965020484389
-22.959912382;-46.834818123;759.0;68850;Line 345;1;163.965020484389
-22.960173644;-46.83474084;762.1;68820;Line 345;1;163.965020484389
-22.960434905;-46.834663558;765.4;68790;Line 345;1;163.965020484389
-22.960696167;-46.834586275;768.3;68760;Line 345;1;163.965020484389
-22.960957428;-46.834508992;771.5;68730;Line 345;1;163.965020484389
-22.96121869;-46.834431708;775.4;68700;Line 345;1;163.965020484389
-22.961479951;-46.834354424;779.5;68670;Line 345;1;163.965020484389
-22.961741213;-46.834277141;781.9;68640;Line 345;1;163.965020484389
-22.962002474;-46.834199856;779.6;68610;Line 345;1;163.965020484389
-22.962263736;-46.834122572;777.3;68580;Line 345;1;163.965020484389
-22.962524997;-46.834045287;775.3;68550;Line 345;1;163.965020484389
-22.962786258;-46.833968002;777.2;68520;Line 345;1;163.965020484389
-22.96304752;-46.833890717;779.1;68490;Line 345;1;163.965020484389
-22.963308781;-46.833813431;780.9;68460;Line 345;1;163.965020484389
-22.963570042;-46.833736146;782.2;68430;Line 345;1;163.965020484389
-22.963831304;-46.83365886;783.2;68400;Line 345;1;163.965020484389
-22.964092565;-46.833581573;784.0;68370;Line 345;1;163.965020484389
-22.964353826;-46.833504287;781.6;68340;Line 345;1;163.965020484389
-22.964615087;-46.833427;777.8;68310;Line 345;1;163.965020484389
-22.964876348;-46.833349713;773.9;68280;Line 345;1;163.965020484389
-22.96513761;-46.833272426;767.8;68250;Line 345;1;163.965020484389
-22.965398871;-46.833195138;760.3;68220;Line 345;1;163.965020484389
-22.965660132;-46.83311785;753.1;68190;Line 345;1;163.965020484389
-22.965921393;-46.833040562;747.4;68160;Line 345;1;163.965020484389
-22.966182654;-46.832963274;744.8;68130;Line 345;1;163.965020484389
-22.966443915;-46.832885985;742.9;68100;Line 345;1;163.965020484389
-22.966705176;-46.832808696;742.3;68070;Line 345;1;163.965020484389
-22.966966437;-46.832731407;746.6;68040;Line 345;1;163.965020484389
-22.967227698;-46.832654118;751.1;68010;Line 345;1;163.965020484389
-22.967488958;-46.832576828;755.9;67980;Line 345;1;163.965020484389
-22.967750219;-46.832499538;760.6;67950;Line 345;1;163.965020484389
-22.96801148;-46.832422248;765.0;67920;Line 345;1;163.965020484389
-22.968272741;-46.832344957;769.3;67890;Line 345;1;163.965020484389
-22.968534002;-46.832267666;772.9;67860;Line 345;1;163.965020484389
-22.968795263;-46.832190375;776.2;67830;Line 345;1;163.965020484389
-22.969056523;-46.832113084;779.3;67800;Line 345;1;163.965020484389
-22.969317784;-46.832035793;780.8;67770;Line 345;1;163.965020484389
-22.969579045;-46.831958501;781.1;67740;Line 345;1;163.965020484389
-22.969840305;-46.831881209;781.3;67710;Line 345;1;163.965020484389
-22.970101566;-46.831803916;780.1;67680;Line 345;1;163.965020484389
-22.970362827;-46.831726624;777.5;67650;Line 345;1;163.965020484389
-22.970624087;-46.831649331;775.0;67620;Line 345;1;163.965020484389
-22.970885348;-46.831572038;772.1;67590;Line 345;1;163.965020484389
-22.971146608;-46.831494745;767.4;67560;Line 345;1;163.965020484389
-22.971407869;-46.831417451;762.9;67530;Line 345;1;163.965020484389
-22.971669129;-46.831340157;758.3;67500;Line 345;1;163.965020484389
-22.97193039;-46.831262863;753.1;67470;Line 345;1;163.965020484389
-22.97219165;-46.831185568;747.9;67440;Line 345;1;163.965020484389
-22.97245291;-46.831108274;742.6;67410;Line 345;1;163.965020484389
-22.972714171;-46.831030979;741.2;67380;Line 345;1;163.965020484389
-22.972975431;-46.830953684;740.9;67350;Line 345;1;163.965020484389
-22.973236691;-46.830876388;740.8;67320;Line 345;1;163.965020484389
-22.973497952;-46.830799092;743.1;67290;Line 345;1;163.965020484389
-22.973759212;-46.830721796;746.7;67260;Line 345;1;163.965020484389
-22.974020472;-46.8306445;750.3;67230;Line 345;1;163.965020484389
-22.974281732;-46.830567204;754.3;67200;Line 345;1;163.965020484389
-22.974542992;-46.830489907;758.7;67170;Line 345;1;163.965020484389
-22.974804253;-46.83041261;763.1;67140;Line 345;1;163.965020484389
-22.975065513;-46.830335313;767.1;67110;Line 345;1;163.965020484389
-22.975326773;-46.830258015;769.7;67080;Line 345;1;163.965020484389
-22.975588033;-46.830180717;772.0;67050;Line 345;1;163.965020484389
-22.975849293;-46.830103419;773.8;67020;Line 345;1;163.965020484389
-22.976110553;-46.830026121;772.0;66990;Line 345;1;163.965020484389
-22.976371813;-46.829948822;769.8;66960;Line 345;1;163.965020484389
-22.976633073;-46.829871523;767.1;66930;Line 345;1;163.965020484389
-22.976894333;-46.829794224;761.8;66900;Line 345;1;163.965020484389
-22.977155593;-46.829716925;756.5;66870;Line 345;1;163.965020484389
-22.977416853;-46.829639625;751.6;66840;Line 345;1;163.965020484389
-22.977678112;-46.829562325;747.9;66810;Line 345;1;163.965020484389
-22.977939372;-46.829485025;744.7;66780;Line 345;1;163.965020484389
-22.978200632;-46.829407725;741.4;66750;Line 345;1;163.965020484389
-22.978461892;-46.829330424;738.9;66720;Line 345;1;163.965020484389
-22.978723152;-46.829253123;737.2;66690;Line 345;1;163.965020484389
-22.978984411;-46.829175822;735.9;66660;Line 345;1;163.965020484389
-22.979245671;-46.82909852;733.8;66630;Line 345;1;163.965020484389
-22.979506931;-46.829021218;730.7;66600;Line 345;1;163.965020484389
-22.97976819;-46.828943916;727.8;66570;Line 345;1;163.965020484389
-22.98002945;-46.828866614;725.2;66540;Line 345;1;163.965020484389
-22.980290709;-46.828789311;724.2;66510;Line 345;1;163.965020484389
-22.980551969;-46.828712009;723.2;66480;Line 345;1;163.965020484389
-22.980813229;-46.828634706;722.1;66450;Line 345;1;163.965020484389
-22.981074488;-46.828557402;721.5;66420;Line 345;1;163.965020484389
-22.981335747;-46.828480099;720.9;66390;Line 345;1;163.965020484389
-22.981597007;-46.828402795;720.2;66360;Line 345;1;163.965020484389
-22.981858266;-46.828325491;720.2;66330;Line 345;1;163.965020484389
-22.982119526;-46.828248186;720.3;66300;Line 345;1;163.965020484389
-22.982380785;-46.828170882;720.2;66270;Line 345;1;163.965020484389
-22.982642044;-46.828093577;719.8;66240;Line 345;1;163.965020484389
-22.982903304;-46.828016272;719.3;66210;Line 345;1;163.965020484389
-22.983164563;-46.827938966;718.7;66180;Line 345;1;163.965020484389
-22.983425822;-46.82786166;718.5;66150;Line 345;1;163.965020484389
-22.983687082;-46.827784354;718.8;66120;Line 345;1;163.965020484389
-22.983948341;-46.827707048;719.3;66090;Line 345;1;163.965020484389
-22.9842096;-46.827629742;719.5;66060;Line 345;1;163.965020484389
-22.984470859;-46.827552435;718.5;66030;Line 345;1;163.965020484389
-22.984732118;-46.827475128;717.6;66000;Line 345;1;163.965020484389
-22.984993377;-46.827397821;717.0;65970;Line 345;1;163.965020484389
-22.985254636;-46.827320513;717.4;65940;Line 345;1;163.965020484389
-22.985515895;-46.827243205;718.0;65910;Line 345;1;163.965020484389
-22.985777154;-46.827165897;718.7;65880;Line 345;1;163.965020484389
-22.986038413;-46.827088589;720.7;65850;Line 345;1;163.965020484389
-22.986299672;-46.82701128;723.0;65820;Line 345;1;163.965020484389
-22.986560931;-46.826933971;725.2;65790;Line 345;1;163.965020484389
-22.98682219;-46.826856662;726.3;65760;Line 345;1;163.965020484389
-22.987083449;-46.826779353;726.5;65730;Line 345;1;163.965020484389
-22.987344708;-46.826702043;726.2;65700;Line 345;1;163.965020484389
-22.987605967;-46.826624733;725.6;65670;Line 345;1;163.965020484389
-22.987867226;-46.826547423;724.9;65640;Line 345;1;163.965020484389
-22.988128484;-46.826470113;724.5;65610;Line 345;1;163.965020484389
-22.988389743;-46.826392802;724.3;65580;Line 345;1;163.965020484389
-22.988651002;-46.826315491;724.2;65550;Line 345;1;163.965020484389
-22.988912261;-46.82623818;723.8;65520;Line 345;1;163.965020484389
-22.989173519;-46.826160868;723.0;65490;Line 345;1;163.965020484389
-22.989434778;-46.826083557;723.6;65460;Line 345;1;163.965020484389
-22.989696037;-46.826006245;723.5;65430;Line 345;1;163.965020484389
-22.989957295;-46.825928932;722.8;65400;Line 345;1;163.965020484389
-22.990218554;-46.82585162;723.4;65370;Line 345;1;163.965020484389
-22.990479812;-46.825774307;725.2;65340;Line 345;1;163.965020484389
-22.990741071;-46.825696994;727.2;65310;Line 345;1;163.965020484389
-22.991002329;-46.825619681;728.7;65280;Line 345;1;163.965020484389
-22.991263588;-46.825542367;730.2;65250;Line 345;1;163.965020484389
-22.991524846;-46.825465053;731.7;65220;Line 345;1;163.965020484389
-22.991786105;-46.825387739;732.2;65190;Line 345;1;163.965020484389
-22.992047363;-46.825310425;731.2;65160;Line 345;1;163.965020484389
-22.992308621;-46.82523311;730.0;65130;Line 345;1;163.965020484389
-22.99256988;-46.825155795;728.5;65100;Line 345;1;163.965020484389
-22.992831138;-46.82507848;727.1;65070;Line 345;1;163.965020484389
-22.993092396;-46.825001165;725.6;65040;Line 345;1;163.965020484389
-22.993353654;-46.824923849;725.2;65010;Line 345;1;163.965020484389
-22.993614913;-46.824846533;725.8;64980;Line 345;1;163.965020484389
-22.993876171;-46.824769217;726.8;64950;Line 345;1;163.965020484389
-22.994137429;-46.8246919;728.2;64920;Line 345;1;163.965020484389
-22.994398687;-46.824614584;730.4;64890;Line 345;1;163.965020484389
-22.994659945;-46.824537267;732.6;64860;Line 345;1;163.965020484389
-22.994921203;-46.824459949;734.5;64830;Line 345;1;163.965020484389
-22.995182461;-46.824382632;738.0;64800;Line 345;1;163.965020484389
-22.995443719;-46.824305314;742.3;64770;Line 345;1;163.965020484389
-22.995704977;-46.824227996;746.6;64740;Line 345;1;163.965020484389
-22.995966235;-46.824150678;750.8;64710;Line 345;1;163.965020484389
-22.996227493;-46.824073359;754.7;64680;Line 345;1;163.965020484389
-22.996488751;-46.82399604;758.5;64650;Line 345;1;163.965020484389
-22.996750009;-46.823918721;761.3;64620;Line 345;1;163.965020484389
-22.997011267;-46.823841402;762.4;64590;Line 345;1;163.965020484389
-22.997272525;-46.823764082;763.7;64560;Line 345;1;163.965020484389
-22.997533783;-46.823686762;764.9;64530;Line 345;1;163.965020484389
-22.997795041;-46.823609442;763.4;64500;Line 345;1;163.965020484389
-22.998056298;-46.823532122;761.8;64470;Line 345;1;163.965020484389
-22.998317556;-46.823454801;760.1;64440;Line 345;1;163.965020484389
-22.998578814;-46.82337748;759.2;64410;Line 345;1;163.965020484389
-22.998840071;-46.823300159;758.1;64380;Line 345;1;163.965020484389
-22.999101329;-46.823222837;756.5;64350;Line 345;1;163.965020484389
-22.999362587;-46.823145516;758.4;64320;Line 345;1;163.965020484389
-22.999623844;-46.823068194;761.7;64290;Line 345;1;163.965020484389
-22.999885102;-46.822990871;765.0;64260;Line 345;1;163.965020484389
-23.000146359;-46.822913549;767.8;64230;Line 345;1;163.965020484389
-23.000407617;-46.822836226;770.6;64200;Line 345;1;163.965020484389
-23.000668874;-46.822758903;773.8;64170;Line 345;1;163.965020484389
-23.000930132;-46.82268158;776.4;64140;Line 345;1;163.965020484389
-23.001191389;-46.822604256;777.7;64110;Line 345;1;163.965020484389
-23.001452647;-46.822526932;779.2;64080;Line 345;1;163.965020484389
-23.001713904;-46.822449608;780.3;64050;Line 345;1;163.965020484389
-23.001975162;-46.822372284;780.3;64020;Line 345;1;163.965020484389
-23.002236419;-46.822294959;780.6;63990;Line 345;1;163.965020484389
-23.002497676;-46.822217634;781.1;63960;Line 345;1;163.965020484389
-23.002758933;-46.822140309;781.7;63930;Line 345;1;163.965020484389
-23.003020191;-46.822062984;782.5;63900;Line 345;1;163.965020484389
-23.003281448;-46.821985658;783.4;63870;Line 345;1;163.965020484389
-23.003542705;-46.821908332;782.5;63840;Line 345;1;163.965020484389
-23.003803962;-46.821831006;781.3;63810;Line 345;1;163.965020484389
-23.004065219;-46.82175368;780.3;63780;Line 345;1;163.965020484389
-23.004326477;-46.821676353;779.1;63750;Line 345;1;163.965020484389
-23.004587734;-46.821599026;776.9;63720;Line 345;1;163.965020484389
-23.004848991;-46.821521699;774.4;63690;Line 345;1;163.965020484389
-23.005110248;-46.821444371;772.3;63660;Line 345;1;163.965020484389
-23.005371505;-46.821367043;771.1;63630;Line 345;1;163.965020484389
-23.005632762;-46.821289715;769.9;63600;Line 345;1;163.965020484389
-23.005894019;-46.821212387;769.1;63570;Line 345;1;163.965020484389
-23.006155276;-46.821135058;768.8;63540;Line 345;1;163.965020484389
-23.006416533;-46.821057729;768.5;63510;Line 345;1;163.965020484389
-23.006677789;-46.8209804;768.2;63480;Line 345;1;163.965020484389
-23.006939046;-46.820903071;769.7;63450;Line 345;1;163.965020484389
-23.007200303;-46.820825741;771.0;63420;Line 345;1;163.965020484389
-23.00746156;-46.820748412;772.5;63390;Line 345;1;163.965020484389
-23.007722817;-46.820671081;776.1;63360;Line 345;1;163.965020484389
-23.007984073;-46.820593751;779.9;63330;Line 345;1;163.965020484389
-23.00824533;-46.82051642;783.3;63300;Line 345;1;163.965020484389
-23.008506587;-46.820439089;785.9;63270;Line 345;1;163.965020484389
-23.008767843;-46.820361758;787.6;63240;Line 345;1;163.965020484389
-23.0090291;-46.820284427;788.9;63210;Line 345;1;163.965020484389
-23.009290357;-46.820207095;790.3;63180;Line 345;1;163.965020484389
-23.009551613;-46.820129763;792.2;63150;Line 345;1;163.965020484389
-23.00981287;-46.820052431;793.9;63120;Line 345;1;163.965020484389
-23.010074126;-46.819975098;795.6;63090;Line 345;1;163.965020484389
-23.010335383;-46.819897765;797.4;63060;Line 345;1;163.965020484389
-23.010596639;-46.819820432;799.1;63030;Line 345;1;163.965020484389
-23.010857896;-46.819743099;800.5;63000;Line 345;1;163.965020484389
-23.011119152;-46.819665765;800.1;62970;Line 345;1;163.965020484389
-23.011380409;-46.819588432;799.9;62940;Line 345;1;163.965020484389
-23.011641665;-46.819511098;799.6;62910;Line 345;1;163.965020484389
-23.011902921;-46.819433763;798.8;62880;Line 345;1;163.965020484389
-23.012164178;-46.819356429;798.0;62850;Line 345;1;163.965020484389
-23.012425434;-46.819279094;797.4;62820;Line 345;1;163.965020484389
-23.01268669;-46.819201758;797.7;62790;Line 345;1;163.965020484389
-23.012947946;-46.819124423;797.9;62760;Line 345;1;163.965020484389
-23.013209203;-46.819047087;797.6;62730;Line 345;1;163.965020484389
-23.013470459;-46.818969751;798.7;62700;Line 345;1;163.965020484389
-23.013731715;-46.818892415;801.1;62670;Line 345;1;163.965020484389
-23.013992971;-46.818815079;803.8;62640;Line 345;1;163.965020484389
-23.014254227;-46.818737742;805.0;62610;Line 345;1;163.965020484389
-23.014515483;-46.818660405;803.4;62580;Line 345;1;163.965020484389
-23.014776739;-46.818583068;802.2;62550;Line 345;1;163.965020484389
-23.015037995;-46.81850573;801.2;62520;Line 345;1;163.965020484389
-23.015299251;-46.818428392;800.1;62490;Line 345;1;163.965020484389
-23.015560507;-46.818351054;799.5;62460;Line 345;1;163.965020484389
-23.015821763;-46.818273716;799.5;62430;Line 345;1;163.965020484389
-23.016083019;-46.818196378;799.4;62400;Line 345;1;163.965020484389
-23.016344275;-46.818119039;799.0;62370;Line 345;1;163.965020484389
-23.016605531;-46.8180417;798.2;62340;Line 345;1;163.965020484389
-23.016866787;-46.81796436;796.2;62310;Line 345;1;163.965020484389
-23.017128042;-46.817887021;793.5;62280;Line 345;1;163.965020484389
-23.017389298;-46.817809681;790.4;62250;Line 345;1;163.965020484389
-23.017650554;-46.817732341;788.1;62220;Line 345;1;163.965020484389
-23.01791181;-46.817655;786.2;62190;Line 345;1;163.965020484389
-23.018173065;-46.817577659;784.0;62160;Line 345;1;163.965020484389
-23.018434321;-46.817500318;781.9;62130;Line 345;1;163.965020484389
-23.018695577;-46.817422977;780.6;62100;Line 345;1;163.965020484389
-23.018956832;-46.817345636;779.5;62070;Line 345;1;163.965020484389
-23.019218088;-46.817268294;779.2;62040;Line 345;1;163.965020484389
-23.019479343;-46.817190952;781.8;62010;Line 345;1;163.965020484389
-23.019740599;-46.81711361;784.4;61980;Line 345;1;163.965020484389
-23.020001854;-46.817036267;787.0;61950;Line 345;1;163.965020484389
-23.02026311;-46.816958924;788.9;61920;Line 345;1;163.965020484389
-23.020524365;-46.816881581;791.0;61890;Line 345;1;163.965020484389
-23.020785621;-46.816804238;793.3;61860;Line 345;1;163.965020484389
-23.021046876;-46.816726894;792.1;61830;Line 345;1;163.965020484389
-23.021308132;-46.816649551;790.0;61800;Line 345;1;163.965020484389
-23.021569387;-46.816572207;788.1;61770;Line 345;1;163.965020484389
-23.021830642;-46.816494862;786.3;61740;Line 345;1;163.965020484389
-23.022091898;-46.816417518;784.7;61710;Line 345;1;163.965020484389
-23.022353153;-46.816340173;783.3;61680;Line 345;1;163.965020484389
-23.022614408;-46.816262827;783.3;61650;Line 345;1;163.965020484389
-23.022875663;-46.816185482;784.8;61620;Line 345;1;163.965020484389
-23.023136918;-46.816108136;786.1;61590;Line 345;1;163.965020484389
-23.023398174;-46.81603079;788.1;61560;Line 345;1;163.965020484389
-23.023659429;-46.815953444;792.4;61530;Line 345;1;163.965020484389
-23.023920684;-46.815876098;796.7;61500;Line 345;1;163.965020484389
-23.024181939;-46.815798751;800.8;61470;Line 345;1;163.965020484389
-23.024443194;-46.815721404;803.5;61440;Line 345;1;163.965020484389
-23.024704449;-46.815644057;806.6;61410;Line 345;1;163.965020484389
-23.024965704;-46.815566709;810.2;61380;Line 345;1;163.965020484389
-23.025226959;-46.815489361;814.8;61350;Line 345;1;163.965020484389
-23.025488214;-46.815412013;819.3;61320;Line 345;1;163.965020484389
-23.025749469;-46.815334665;823.5;61290;Line 345;1;163.965020484389
-23.026010724;-46.815257316;825.2;61260;Line 345;1;163.965020484389
-23.026271978;-46.815179967;825.3;61230;Line 345;1;163.965020484389
-23.026533233;-46.815102618;824.9;61200;Line 345;1;163.965020484389
-23.026794488;-46.815025269;825.7;61170;Line 345;1;163.965020484389
-23.027055743;-46.814947919;828.4;61140;Line 345;1;163.965020484389
-23.027316998;-46.814870569;831.5;61110;Line 345;1;163.965020484389
-23.027578252;-46.814793219;835.2;61080;Line 345;1;163.965020484389
-23.027839507;-46.814715869;839.6;61050;Line 345;1;163.965020484389
-23.028100762;-46.814638518;843.9;61020;Line 345;1;163.965020484389
-23.028362016;-46.814561167;848.1;60990;Line 345;1;163.965020484389
-23.028623271;-46.814483816;851.7;60960;Line 345;1;163.965020484389
-23.028884526;-46.814406464;855.5;60930;Line 345;1;163.965020484389
-23.02914578;-46.814329113;859.5;60900;Line 345;1;163.965020484389
-23.029407035;-46.814251761;863.9;60870;Line 345;1;163.965020484389
-23.029668289;-46.814174408;868.9;60840;Line 345;1;163.965020484389
-23.029929544;-46.814097056;874.5;60810;Line 345;1;163.965020484389
-23.030190798;-46.814019703;874.4;60780;Line 345;1;163.965020484389
-23.030452053;-46.81394235;872.0;60750;Line 345;1;163.965020484389
-23.030713307;-46.813864997;869.3;60720;Line 345;1;163.965020484389
-23.030974561;-46.813787643;865.4;60690;Line 345;1;163.965020484389
-23.031235816;-46.813710289;860.4;60660;Line 345;1;163.965020484389
-23.03149707;-46.813632935;855.0;60630;Line 345;1;163.965020484389
-23.031758324;-46.813555581;848.7;60600;Line 345;1;163.965020484389
-23.032019578;-46.813478226;841.4;60570;Line 345;1;163.965020484389
-23.032280833;-46.813400871;834.2;60540;Line 345;1;163.965020484389
-23.032542087;-46.813323516;827.8;60510;Line 345;1;163.965020484389
-23.032803341;-46.81324616;826.1;60480;Line 345;1;163.965020484389
-23.033064595;-46.813168805;823.8;60450;Line 345;1;163.965020484389
-23.033325849;-46.813091449;820.9;60420;Line 345;1;163.965020484389
-23.033587104;-46.813014092;820.9;60390;Line 345;1;163.965020484389
-23.033848358;-46.812936736;820.9;60360;Line 345;1;163.965020484389
-23.034109612;-46.812859379;820.9;60330;Line 345;1;163.965020484389
-23.034370866;-46.812782022;816.6;60300;Line 345;1;163.965020484389
-23.03463212;-46.812704665;810.8;60270;Line 345;1;163.965020484389
-23.034893374;-46.812627307;805.0;60240;Line 345;1;163.965020484389
-23.035154628;-46.81254995;801.7;60210;Line 345;1;163.965020484389
-23.035415881;-46.812472591;800.3;60180;Line 345;1;163.965020484389
-23.035677135;-46.812395233;799.0;60150;Line 345;1;163.965020484389
-23.035938389;-46.812317874;797.1;60120;Line 345;1;163.965020484389
-23.036199643;-46.812240516;795.1;60090;Line 345;1;163.965020484389
-23.036460897;-46.812163156;793.1;60060;Line 345;1;163.965020484389
-23.036722151;-46.812085797;791.0;60030;Line 345;1;163.965020484389
-23.036983404;-46.812008437;787.9;60000;Line 345;1;163.965020484389
-23.037244658;-46.811931077;785.3;59970;Line 345;1;163.965020484389
-23.037505912;-46.811853717;783.3;59940;Line 345;1;163.965020484389
-23.037767165;-46.811776357;785.9;59910;Line 345;1;163.965020484389
-23.038028419;-46.811698996;788.7;59880;Line 345;1;163.965020484389
-23.038289673;-46.811621635;791.8;59850;Line 345;1;163.965020484389
-23.038550926;-46.811544274;797.5;59820;Line 345;1;163.965020484389
-23.03881218;-46.811466912;803.6;59790;Line 345;1;163.965020484389
-23.039073433;-46.811389551;809.4;59760;Line 345;1;163.965020484389
-23.039334687;-46.811312188;816.0;59730;Line 345;1;163.965020484389
-23.03959594;-46.811234826;823.4;59700;Line 345;1;163.965020484389
-23.039857194;-46.811157464;830.9;59670;Line 345;1;163.965020484389
-23.040118447;-46.811080101;837.5;59640;Line 345;1;163.965020484389
-23.040379701;-46.811002738;842.6;59610;Line 345;1;163.965020484389
-23.040640954;-46.810925374;847.2;59580;Line 345;1;163.965020484389
-23.040902207;-46.810848011;849.8;59550;Line 345;1;163.965020484389
-23.041163461;-46.810770647;847.5;59520;Line 345;1;163.965020484389
-23.041424714;-46.810693283;844.3;59490;Line 345;1;163.965020484389
-23.041685967;-46.810615918;840.5;59460;Line 345;1;163.965020484389
-23.04194722;-46.810538554;837.4;59430;Line 345;1;163.965020484389
-23.042208474;-46.810461189;833.7;59400;Line 345;1;163.965020484389
-23.042469727;-46.810383823;829.5;59370;Line 345;1;163.965020484389
-23.04273098;-46.810306458;824.3;59340;Line 345;1;163.965020484389
-23.042992233;-46.810229092;819.1;59310;Line 345;1;163.965020484389
-23.043253486;-46.810151726;814.0;59280;Line 345;1;163.965020484389
-23.043514739;-46.81007436;811.6;59250;Line 345;1;163.965020484389
-23.043775992;-46.809996993;811.1;59220;Line 345;1;163.965020484389
-23.044037245;-46.809919627;810.9;59190;Line 345;1;163.965020484389
-23.044298498;-46.809842259;809.9;59160;Line 345;1;163.965020484389
-23.044559751;-46.809764892;808.4;59130;Line 345;1;163.965020484389
-23.044821004;-46.809687525;807.4;59100;Line 345;1;163.965020484389
-23.045082257;-46.809610157;805.1;59070;Line 345;1;163.965020484389
-23.04534351;-46.809532789;799.3;59040;Line 345;1;163.965020484389
-23.045604763;-46.80945542;794.0;59010;Line 345;1;163.965020484389
-23.045866016;-46.809378052;789.3;58980;Line 345;1;163.965020484389
-23.046127269;-46.809300683;785.5;58950;Line 345;1;163.965020484389
-23.046388521;-46.809223313;782.1;58920;Line 345;1;163.965020484389
-23.046649774;-46.809145944;779.2;58890;Line 345;1;163.965020484389
-23.046911027;-46.809068574;781.1;58860;Line 345;1;163.965020484389
-23.047172279;-46.808991204;783.6;58830;Line 345;1;163.965020484389
-23.047433532;-46.808913834;786.2;58800;Line 345;1;163.965020484389
-23.047694785;-46.808836464;790.0;58770;Line 345;1;163.965020484389
-23.047956037;-46.808759093;794.2;58740;Line 345;1;163.965020484389
-23.04821729;-46.808681722;798.6;58710;Line 345;1;163.965020484389
-23.048478543;-46.808604351;803.0;58680;Line 345;1;163.965020484389
-23.048739795;-46.808526979;807.1;58650;Line 345;1;163.965020484389
-23.049001048;-46.808449607;810.7;58620;Line 345;1;163.965020484389
-23.0492623;-46.808372235;812.9;58590;Line 345;1;163.965020484389
-23.049523553;-46.808294863;813.1;58560;Line 345;1;163.965020484389
-23.049784805;-46.80821749;813.2;58530;Line 345;1;163.965020484389
-23.050046057;-46.808140117;811.8;58500;Line 345;1;163.965020484389
-23.05030731;-46.808062744;805.4;58470;Line 345;1;163.965020484389
-23.050568562;-46.807985371;799.1;58440;Line 345;1;163.965020484389
-23.050829814;-46.807907997;793.1;58410;Line 345;1;163.965020484389
-23.051091067;-46.807830623;791.0;58380;Line 345;1;163.965020484389
-23.051352319;-46.807753249;789.6;58350;Line 345;1;163.965020484389
-23.051613571;-46.807675875;789.0;58320;Line 345;1;163.965020484389
-23.051874823;-46.8075985;791.0;58290;Line 345;1;163.965020484389
-23.052136076;-46.807521125;793.8;58260;Line 345;1;163.965020484389
-23.052397328;-46.80744375;796.7;58230;Line 345;1;163.965020484389
-23.05265858;-46.807366374;796.0;58200;Line 345;1;163.965020484389
-23.052919832;-46.807288998;792.5;58170;Line 345;1;163.965020484389
-23.053181084;-46.807211622;788.1;58140;Line 345;1;163.965020484389
-23.053442336;-46.807134246;783.9;58110;Line 345;1;163.965020484389
-23.053703588;-46.807056869;781.0;58080;Line 345;1;163.965020484389
-23.05396484;-46.806979493;778.4;58050;Line 345;1;163.965020484389
-23.054226092;-46.806902115;776.7;58020;Line 345;1;163.965020484389
-23.054487344;-46.806824738;777.2;57990;Line 345;1;163.965020484389
-23.054748596;-46.80674736;777.2;57960;Line 345;1;163.965020484389
-23.055009848;-46.806669983;777.1;57930;Line 345;1;163.965020484389
-23.0552711;-46.806592604;781.3;57900;Line 345;1;163.965020484389
-23.055532351;-46.806515226;784.6;57870;Line 345;1;163.965020484389
-23.055793603;-46.806437847;787.1;57840;Line 345;1;163.965020484389
-23.056054855;-46.806360468;789.0;57810;Line 345;1;163.965020484389
-23.056316107;-46.806283089;790.4;57780;Line 345;1;163.965020484389
-23.056577358;-46.80620571;791.5;57750;Line 345;1;163.965020484389
-23.05683861;-46.80612833;792.4;57720;Line 345;1;163.965020484389
-23.057099862;-46.80605095;793.5;57690;Line 345;1;163.965020484389
-23.057361113;-46.80597357;794.5;57660;Line 345;1;163.965020484389
-23.057622365;-46.805896189;794.0;57630;Line 345;1;163.965020484389
-23.057883617;-46.805818808;792.1;57600;Line 345;1;163.965020484389
-23.058144868;-46.805741427;790.8;57570;Line 345;1;163.965020484389
-23.05840612;-46.805664046;791.0;57540;Line 345;1;163.965020484389
-23.058667371;-46.805586664;794.6;57510;Line 345;1;163.965020484389
-23.058928623;-46.805509282;797.9;57480;Line 345;1;163.965020484389
-23.059189874;-46.8054319;800.8;57450;Line 345;1;163.965020484389
-23.059451125;-46.805354518;801.9;57420;Line 345;1;163.965020484389
-23.059712377;-46.805277135;802.5;57390;Line 345;1;163.965020484389
-23.059973628;-46.805199752;802.5;57360;Line 345;1;163.965020484389
-23.06023488;-46.805122369;803.0;57330;Line 345;1;163.965020484389
-23.060496131;-46.805044986;803.5;57300;Line 345;1;163.965020484389
-23.060757382;-46.804967602;804.1;57270;Line 345;1;163.965020484389
-23.061018633;-46.804890218;805.3;57240;Line 345;1;163.965020484389
-23.061279885;-46.804812834;806.7;57210;Line 345;1;163.965020484389
-23.061541136;-46.804735449;808.6;57180;Line 345;1;163.965020484389
-23.061802387;-46.804658065;811.6;57150;Line 345;1;163.965020484389
-23.062063638;-46.80458068;815.7;57120;Line 345;1;163.965020484389
-23.062324889;-46.804503294;820.1;57090;Line 345;1;163.965020484389
-23.06258614;-46.804425909;825.2;57060;Line 345;1;163.965020484389
-23.062847391;-46.804348523;831.2;57030;Line 345;1;163.965020484389
-23.063108642;-46.804271137;837.3;57000;Line 345;1;163.965020484389
-23.063369893;-46.80419375;843.1;56970;Line 345;1;163.965020484389
-23.063631144;-46.804116364;846.3;56940;Line 345;1;163.965020484389
-23.063892395;-46.804038977;848.9;56910;Line 345;1;163.965020484389
-23.064153646;-46.80396159;850.9;56880;Line 345;1;163.965020484389
-23.064414897;-46.803884202;845.1;56850;Line 345;1;163.965020484389
-23.064676148;-46.803806815;838.5;56820;Line 345;1;163.965020484389
-23.064937399;-46.803729427;831.4;56790;Line 345;1;163.965020484389
-23.06519865;-46.803652038;824.2;56760;Line 345;1;163.965020484389
-23.065459901;-46.80357465;816.8;56730;Line 345;1;163.965020484389
-23.065721151;-46.803497261;809.2;56700;Line 345;1;163.965020484389
-23.065982402;-46.803419872;804.6;56670;Line 345;1;163.965020484389
-23.066243653;-46.803342483;802.6;56640;Line 345;1;163.965020484389
-23.066504903;-46.803265093;801.4;56610;Line 345;1;163.965020484389
-23.066766154;-46.803187704;802.5;56580;Line 345;1;163.965020484389
-23.067027405;-46.803110314;806.5;56550;Line 345;1;163.965020484389
-23.067288655;-46.803032923;809.9;56520;Line 345;1;163.965020484389
-23.067549906;-46.802955533;812.4;56490;Line 345;1;163.965020484389
-23.067811157;-46.802878142;813.0;56460;Line 345;1;163.965020484389
-23.068072407;-46.802800751;812.9;56430;Line 345;1;163.965020484389
-23.068333658;-46.802723359;812.2;56400;Line 345;1;163.965020484389
-23.068594908;-46.802645968;809.1;56370;Line 345;1;163.965020484389
-23.068856158;-46.802568576;806.3;56340;Line 345;1;163.965020484389
-23.069117409;-46.802491184;804.1;56310;Line 345;1;163.965020484389
-23.069378659;-46.802413791;807.7;56280;Line 345;1;163.965020484389
-23.06963991;-46.802336399;812.3;56250;Line 345;1;163.965020484389
-23.06990116;-46.802259006;817.1;56220;Line 345;1;163.965020484389
-23.07016241;-46.802181612;822.0;56190;Line 345;1;163.965020484389
-23.07042366;-46.802104219;827.2;56160;Line 345;1;163.965020484389
-23.070684911;-46.802026825;832.6;56130;Line 345;1;163.965020484389
-23.070946161;-46.801949431;838.4;56100;Line 345;1;163.965020484389
-23.071207411;-46.801872037;844.2;56070;Line 345;1;163.965020484389
-23.071468661;-46.801794642;849.7;56040;Line 345;1;163.965020484389
-23.071729911;-46.801717247;854.4;56010;Line 345;1;163.965020484389
-23.071991162;-46.801639852;856.7;55980;Line 345;1;163.965020484389
-23.072252412;-46.801562457;857.7;55950;Line 345;1;163.965020484389
-23.072513662;-46.801485061;858.4;55920;Line 345;1;163.965020484389
-23.072774912;-46.801407665;858.2;55890;Line 345;1;163.965020484389
-23.073036162;-46.801330269;858.2;55860;Line 345;1;163.965020484389
-23.073297412;-46.801252873;858.3;55830;Line 345;1;163.965020484389
-23.073558662;-46.801175476;860.3;55800;Line 345;1;163.965020484389
-23.073819912;-46.801098079;863.0;55770;Line 345;1;163.965020484389
-23.074081161;-46.801020682;866.2;55740;Line 345;1;163.965020484389
-23.074342411;-46.800943285;868.1;55710;Line 345;1;163.965020484389
-23.074603661;-46.800865887;869.0;55680;Line 345;1;163.965020484389
-23.074864911;-46.800788489;869.3;55650;Line 345;1;163.965020484389
-23.075126161;-46.800711091;866.2;55620;Line 345;1;163.965020484389
-23.075387411;-46.800633692;860.4;55590;Line 345;1;163.965020484389
-23.07564866;-46.800556293;854.6;55560;Line 345;1;163.965020484389
-23.07590991;-46.800478894;849.9;55530;Line 345;1;163.965020484389
-23.07617116;-46.800401495;848.5;55500;Line 345;1;163.965020484389
-23.076432409;-46.800324095;847.8;55470;Line 345;1;163.965020484389
-23.076693659;-46.800246695;848.0;55440;Line 345;1;163.965020484389
-23.076954909;-46.800169295;849.9;55410;Line 345;1;163.965020484389
-23.077216158;-46.800091895;851.5;55380;Line 345;1;163.965020484389
-23.077477408;-46.800014494;853.0;55350;Line 345;1;163.965020484389
-23.077738657;-46.799937093;852.6;55320;Line 345;1;163.965020484389
-23.077999907;-46.799859692;852.2;55290;Line 345;1;163.965020484389
-23.078261156;-46.799782291;851.9;55260;Line 345;1;163.965020484389
-23.078522406;-46.799704889;853.7;55230;Line 345;1;163.965020484389
-23.078783655;-46.799627487;856.3;55200;Line 345;1;163.965020484389
-23.079044904;-46.799550085;858.8;55170;Line 345;1;163.965020484389
-23.079306154;-46.799472682;861.3;55140;Line 345;1;163.965020484389
-23.079567403;-46.79939528;863.0;55110;Line 345;1;163.965020484389
-23.079828652;-46.799317877;864.0;55080;Line 345;1;163.965020484389
-23.080089902;-46.799240473;865.0;55050;Line 345;1;163.965020484389
-23.080351151;-46.79916307;868.1;55020;Line 345;1;163.965020484389
-23.0806124;-46.799085666;873.4;54990;Line 345;1;163.965020484389
-23.080873649;-46.799008262;879.3;54960;Line 345;1;163.965020484389
-23.081134898;-46.798930857;885.6;54930;Line 345;1;163.965020484389
-23.081396147;-46.798853453;892.5;54900;Line 345;1;163.965020484389
-23.081657397;-46.798776048;899.9;54870;Line 345;1;163.965020484389
-23.081918646;-46.798698643;903.7;54840;Line 345;1;163.965020484389
-23.082179895;-46.798621237;906.6;54810;Line 345;1;163.965020484389
-23.082441144;-46.798543832;908.8;54780;Line 345;1;163.965020484389
-23.082702393;-46.798466426;910.3;54750;Line 345;1;163.965020484389
-23.082963642;-46.798389019;911.7;54720;Line 345;1;163.965020484389
-23.083224891;-46.798311613;912.9;54690;Line 345;1;163.965020484389
-23.083486139;-46.798234206;909.9;54660;Line 345;1;163.965020484389
-23.083747388;-46.798156799;905.5;54630;Line 345;1;163.965020484389
-23.084008637;-46.798079392;901.5;54600;Line 345;1;163.965020484389
-23.084269886;-46.798001984;898.7;54570;Line 345;1;163.965020484389
-23.084531135;-46.797924577;896.6;54540;Line 345;1;163.965020484389
-23.084792384;-46.797847169;894.2;54510;Line 345;1;163.965020484389
-23.085053632;-46.79776976;892.0;54480;Line 345;1;163.965020484389
-23.085314881;-46.797692352;891.3;54450;Line 345;1;163.965020484389
-23.08557613;-46.797614943;890.5;54420;Line 345;1;163.965020484389
-23.085837378;-46.797537534;889.7;54390;Line 345;1;163.965020484389
-23.086098627;-46.797460124;887.0;54360;Line 345;1;163.965020484389
-23.086359876;-46.797382715;883.8;54330;Line 345;1;163.965020484389
-23.086621124;-46.797305305;880.2;54300;Line 345;1;163.965020484389
-23.086882373;-46.797227894;875.8;54270;Line 345;1;163.965020484389
-23.087143621;-46.797150484;871.0;54240;Line 345;1;163.965020484389
-23.08740487;-46.797073073;866.0;54210;Line 345;1;163.965020484389
-23.087666118;-46.796995662;861.0;54180;Line 345;1;163.965020484389
-23.087927367;-46.796918251;856.1;54150;Line 345;1;163.965020484389
-23.088188615;-46.79684084;851.3;54120;Line 345;1;163.965020484389
-23.088449864;-46.796763428;846.8;54090;Line 345;1;163.965020484389
-23.088711112;-46.796686016;842.8;54060;Line 345;1;163.965020484389
-23.08897236;-46.796608603;839.5;54030;Line 345;1;163.965020484389
-23.089233609;-46.796531191;835.3;54000;Line 345;1;163.965020484389
-23.089494857;-46.796453778;829.0;53970;Line 345;1;163.965020484389
-23.089756105;-46.796376365;823.7;53940;Line 345;1;163.965020484389
-23.090017353;-46.796298952;819.7;53910;Line 345;1;163.965020484389
-23.090278602;-46.796221538;819.5;53880;Line 345;1;163.965020484389
-23.09053985;-46.796144124;819.8;53850;Line 345;1;163.965020484389
-23.090801098;-46.79606671;820.5;53820;Line 345;1;163.965020484389
-23.091062346;-46.795989295;824.1;53790;Line 345;1;163.965020484389
-23.091323594;-46.795911881;827.7;53760;Line 345;1;163.965020484389
-23.091584842;-46.795834466;831.0;53730;Line 345;1;163.965020484389
-23.09184609;-46.795757051;835.9;53700;Line 345;1;163.965020484389
-23.092107338;-46.795679635;841.4;53670;Line 345;1;163.965020484389
-23.092368586;-46.795602219;846.7;53640;Line 345;1;163.965020484389
-23.092629834;-46.795524803;851.6;53610;Line 345;1;163.965020484389
-23.092891082;-46.795447387;856.1;53580;Line 345;1;163.965020484389
-23.09315233;-46.79536997;860.7;53550;Line 345;1;163.965020484389
-23.093413578;-46.795292554;865.2;53520;Line 345;1;163.965020484389
-23.093674826;-46.795215137;869.1;53490;Line 345;1;163.965020484389
-23.093936074;-46.795137719;873.2;53460;Line 345;1;163.965020484389
-23.094197321;-46.795060302;877.1;53430;Line 345;1;163.965020484389
-23.094458569;-46.794982884;879.3;53400;Line 345;1;163.965020484389
-23.094719817;-46.794905466;880.9;53370;Line 345;1;163.965020484389
-23.094981065;-46.794828047;882.6;53340;Line 345;1;163.965020484389
-23.095242312;-46.794750628;882.3;53310;Line 345;1;163.965020484389
-23.09550356;-46.79467321;882.2;53280;Line 345;1;163.965020484389
-23.095764807;-46.79459579;882.4;53250;Line 345;1;163.965020484389
-23.096026055;-46.794518371;880.4;53220;Line 345;1;163.965020484389
-23.096287303;-46.794440951;878.2;53190;Line 345;1;163.965020484389
-23.09654855;-46.794363531;876.8;53160;Line 345;1;163.965020484389
-23.096809798;-46.794286111;873.7;53130;Line 345;1;163.965020484389
-23.097071045;-46.79420869;868.7;53100;Line 345;1;163.965020484389
-23.097332293;-46.79413127;863.5;53070;Line 345;1;163.965020484389
-23.09759354;-46.794053848;859.1;53040;Line 345;1;163.965020484389
-23.097854788;-46.793976427;855.3;53010;Line 345;1;163.965020484389
-23.098116035;-46.793899006;851.2;52980;Line 345;1;163.965020484389
-23.098377282;-46.793821584;848.0;52950;Line 345;1;163.965020484389
-23.09863853;-46.793744162;850.4;52920;Line 345;1;163.965020484389
-23.098899777;-46.793666739;852.5;52890;Line 345;1;163.965020484389
-23.099161024;-46.793589317;854.4;52860;Line 345;1;163.965020484389
-23.099422271;-46.793511894;858.0;52830;Line 345;1;163.965020484389
-23.099683519;-46.79343447;861.1;52800;Line 345;1;163.965020484389
-23.099944766;-46.793357047;863.6;52770;Line 345;1;163.965020484389
-23.100206013;-46.793279623;868.8;52740;Line 345;1;163.965020484389
-23.10046726;-46.793202199;874.3;52710;Line 345;1;163.965020484389
-23.100728507;-46.793124775;879.1;52680;Line 345;1;163.965020484389
-23.100989754;-46.793047351;885.2;52650;Line 345;1;163.965020484389
-23.101251001;-46.792969926;892.6;52620;Line 345;1;163.965020484389
-23.101512248;-46.792892501;900.0;52590;Line 345;1;163.965020484389
-23.101773495;-46.792815075;906.5;52560;Line 345;1;163.965020484389
-23.102034742;-46.79273765;911.7;52530;Line 345;1;163.965020484389
-23.102295989;-46.792660224;916.9;52500;Line 345;1;163.965020484389
-23.102557236;-46.792582798;920.7;52470;Line 345;1;163.965020484389
-23.102818483;-46.792505372;919.8;52440;Line 345;1;163.965020484389
-23.10307973;-46.792427945;918.9;52410;Line 345;1;163.965020484389
-23.103340977;-46.792350518;918.0;52380;Line 345;1;163.965020484389
-23.103602224;-46.792273091;913.0;52350;Line 345;1;163.965020484389
-23.10386347;-46.792195663;908.0;52320;Line 345;1;163.965020484389
-23.104124717;-46.792118236;903.2;52290;Line 345;1;163.965020484389
-23.104385964;-46.792040808;898.5;52260;Line 345;1;163.965020484389
-23.10464721;-46.79196338;893.9;52230;Line 345;1;163.965020484389
-23.104908457;-46.791885951;889.4;52200;Line 345;1;163.965020484389
-23.105169704;-46.791808522;883.7;52170;Line 345;1;163.965020484389
-23.10543095;-46.791731093;877.0;52140;Line 345;1;163.965020484389
-23.105692197;-46.791653664;870.1;52110;Line 345;1;163.965020484389
-23.105953444;-46.791576234;865.3;52080;Line 345;1;163.965020484389
-23.10621469;-46.791498805;861.5;52050;Line 345;1;163.965020484389
-23.106475937;-46.791421374;857.1;52020;Line 345;1;163.965020484389
-23.106737183;-46.791343944;852.7;51990;Line 345;1;163.965020484389
-23.106998429;-46.791266514;849.6;51960;Line 345;1;163.965020484389
-23.107259676;-46.791189083;846.3;51930;Line 345;1;163.965020484389
-23.107520922;-46.791111651;842.9;51900;Line 345;1;163.965020484389
-23.107782169;-46.79103422;840.9;51870;Line 345;1;163.965020484389
-23.108043415;-46.790956788;838.6;51840;Line 345;1;163.965020484389
-23.108304661;-46.790879356;835.7;51810;Line 345;1;163.965020484389
-23.108565908;-46.790801924;835.9;51780;Line 345;1;163.965020484389
-23.108827154;-46.790724492;836.7;51750;Line 345;1;163.965020484389
-23.1090884;-46.790647059;837.0;51720;Line 345;1;163.965020484389
-23.109349646;-46.790569626;838.5;51690;Line 345;1;163.965020484389
-23.109610892;-46.790492193;840.4;51660;Line 345;1;163.965020484389
-23.109872139;-46.790414759;841.9;51630;Line 345;1;163.965020484389
-23.110133385;-46.790337325;843.9;51600;Line 345;1;163.965020484389
-23.110394631;-46.790259891;846.7;51570;Line 345;1;163.965020484389
-23.110655877;-46.790182457;849.5;51540;Line 345;1;163.965020484389
-23.110917123;-46.790105022;852.1;51510;Line 345;1;163.965020484389
-23.111178369;-46.790027588;854.1;51480;Line 345;1;163.965020484389
-23.111439615;-46.789950152;855.8;51450;Line 345;1;163.965020484389
-23.111700861;-46.789872717;857.5;51420;Line 345;1;163.965020484389
-23.111962107;-46.789795281;858.5;51390;Line 345;1;163.965020484389
-23.112223353;-46.789717845;859.6;51360;Line 345;1;163.965020484389
-23.112484599;-46.789640409;860.7;51330;Line 345;1;163.965020484389
-23.112745844;-46.789562973;860.7;51300;Line 345;1;163.965020484389
-23.11300709;-46.789485536;860.8;51270;Line 345;1;163.965020484389
-23.113268336;-46.789408099;860.9;51240;Line 345;1;163.965020484389
-23.113529582;-46.789330662;857.4;51210;Line 345;1;163.965020484389
-23.113790827;-46.789253224;852.9;51180;Line 345;1;163.965020484389
-23.114052073;-46.789175786;848.6;51150;Line 345;1;163.965020484389
-23.114313319;-46.789098348;846.2;51120;Line 345;1;163.965020484389
-23.114574564;-46.78902091;845.5;51090;Line 345;1;163.965020484389
-23.11483581;-46.788943471;845.1;51060;Line 345;1;163.965020484389
-23.115097056;-46.788866033;846.3;51030;Line 345;1;163.965020484389
-23.115358301;-46.788788594;849.6;51000;Line 345;1;163.965020484389
-23.115619547;-46.788711154;852.9;50970;Line 345;1;163.965020484389
-23.115880792;-46.788633714;856.0;50940;Line 345;1;163.965020484389
-23.116142038;-46.788556275;858.7;50910;Line 345;1;163.965020484389
-23.116403283;-46.788478834;861.4;50880;Line 345;1;163.965020484389
-23.116664529;-46.788401394;864.2;50850;Line 345;1;163.965020484389
-23.116925774;-46.788323953;868.0;50820;Line 345;1;163.965020484389
-23.117187019;-46.788246512;871.3;50790;Line 345;1;163.965020484389
-23.117448265;-46.788169071;874.3;50760;Line 345;1;163.965020484389
-23.11770951;-46.788091629;874.4;50730;Line 345;1;163.965020484389
-23.117970755;-46.788014188;874.3;50700;Line 345;1;163.965020484389
-23.118232001;-46.787936746;874.7;50670;Line 345;1;163.965020484389
-23.118493246;-46.787859303;874.0;50640;Line 345;1;163.965020484389
-23.118754491;-46.787781861;872.8;50610;Line 345;1;163.965020484389
-23.119015736;-46.787704418;872.1;50580;Line 345;1;163.965020484389
-23.119276981;-46.787626975;871.1;50550;Line 345;1;163.965020484389
-23.119538227;-46.787549531;869.8;50520;Line 345;1;163.965020484389
-23.119799472;-46.787472088;868.6;50490;Line 345;1;163.965020484389
-23.120060717;-46.787394644;866.8;50460;Line 345;1;163.965020484389
-23.120321962;-46.7873172;862.8;50430;Line 345;1;163.965020484389
-23.120583207;-46.787239755;859.1;50400;Line 345;1;163.965020484389
-23.120844452;-46.787162311;855.8;50370;Line 345;1;163.965020484389
-23.121105697;-46.787084866;850.4;50340;Line 345;1;163.965020484389
-23.121366942;-46.78700742;845.3;50310;Line 345;1;163.965020484389
-23.121628187;-46.786929975;840.3;50280;Line 345;1;163.965020484389
-23.121889432;-46.786852529;834.8;50250;Line 345;1;163.965020484389
-23.122150676;-46.786775083;828.5;50220;Line 345;1;163.965020484389
-23.122411921;-46.786697637;821.5;50190;Line 345;1;163.965020484389
-23.122673166;-46.78662019;820.9;50160;Line 345;1;163.965020484389
-23.122934411;-46.786542743;823.1;50130;Line 345;1;163.965020484389
-23.123195656;-46.786465296;824.6;50100;Line 345;1;163.965020484389
-23.1234569;-46.786387849;828.1;50070;Line 345;1;163.965020484389
-23.123718145;-46.786310401;834.5;50040;Line 345;1;163.965020484389
-23.12397939;-46.786232953;841.2;50010;Line 345;1;163.965020484389
-23.124240634;-46.786155505;846.5;49980;Line 345;1;163.965020484389
-23.124501879;-46.786078057;848.3;49950;Line 345;1;163.965020484389
-23.124763123;-46.786000608;850.2;49920;Line 345;1;163.965020484389
-23.125024368;-46.785923159;851.1;49890;Line 345;1;163.965020484389
-23.125285612;-46.78584571;842.8;49860;Line 345;1;163.965020484389
-23.125546857;-46.785768261;834.5;49830;Line 345;1;163.965020484389
-23.125808101;-46.785690811;826.3;49800;Line 345;1;163.965020484389
-23.126069346;-46.785613361;826.9;49770;Line 345;1;163.965020484389
-23.12633059;-46.78553591;828.7;49740;Line 345;1;163.965020484389
-23.126591835;-46.78545846;830.7;49710;Line 345;1;163.965020484389
-23.126853079;-46.785381009;832.4;49680;Line 345;1;163.965020484389
-23.127114323;-46.785303558;833.6;49650;Line 345;1;163.965020484389
-23.127375568;-46.785226107;834.5;49620;Line 345;1;163.965020484389
-23.127636812;-46.785148655;830.8;49590;Line 345;1;163.965020484389
-23.127898056;-46.785071203;822.9;49560;Line 345;1;163.965020484389
-23.1281593;-46.784993751;814.5;49530;Line 345;1;163.965020484389
-23.128420545;-46.784916299;809.6;49500;Line 345;1;163.965020484389
-23.128681789;-46.784838846;810.1;49470;Line 345;1;163.965020484389
-23.128943033;-46.784761393;810.9;49440;Line 345;1;163.965020484389
-23.129204277;-46.78468394;812.1;49410;Line 345;1;163.965020484389
-23.129465521;-46.784606486;814.8;49380;Line 345;1;163.965020484389
-23.129726765;-46.784529033;818.1;49350;Line 345;1;163.965020484389
-23.129988009;-46.784451578;822.0;49320;Line 345;1;163.965020484389
-23.130249253;-46.784374124;822.9;49290;Line 345;1;163.965020484389
-23.130510497;-46.78429667;823.1;49260;Line 345;1;163.965020484389
-23.130771741;-46.784219215;822.7;49230;Line 345;1;163.965020484389
-23.131032985;-46.78414176;819.6;49200;Line 345;1;163.965020484389
-23.131294229;-46.784064304;814.5;49170;Line 345;1;163.965020484389
-23.131555473;-46.783986849;808.9;49140;Line 345;1;163.965020484389
-23.131816717;-46.783909393;801.7;49110;Line 345;1;163.965020484389
-23.13207796;-46.783831937;793.6;49080;Line 345;1;163.965020484389
-23.132339204;-46.78375448;785.7;49050;Line 345;1;163.965020484389
-23.132600448;-46.783677024;778.4;49020;Line 345;1;163.965020484389
-23.132861692;-46.783599567;772.0;48990;Line 345;1;163.965020484389
-23.133122935;-46.78352211;766.1;48960;Line 345;1;163.965020484389
-23.133384179;-46.783444652;761.7;48930;Line 345;1;163.965020484389
-23.133645423;-46.783367194;762.3;48900;Line 345;1;163.965020484389
-23.133906666;-46.783289736;763.3;48870;Line 345;1;163.965020484389
-23.13416791;-46.783212278;764.7;48840;Line 345;1;163.965020484389
-23.134429153;-46.78313482;766.2;48810;Line 345;1;163.965020484389
-23.134690397;-46.783057361;767.1;48780;Line 345;1;163.965020484389
-23.13495164;-46.782979902;767.6;48750;Line 345;1;163.965020484389
-23.135212884;-46.782902442;768.8;48720;Line 345;1;163.965020484389
-23.135474127;-46.782824983;770.0;48690;Line 345;1;163.965020484389
-23.135735371;-46.782747523;770.8;48660;Line 345;1;163.965020484389
-23.135996614;-46.782670063;771.9;48630;Line 345;1;163.965020484389
-23.136257857;-46.782592602;773.1;48600;Line 345;1;163.965020484389
-23.136519101;-46.782515142;774.1;48570;Line 345;1;163.965020484389
-23.136780344;-46.782437681;776.0;48540;Line 345;1;163.965020484389
-23.137041587;-46.78236022;778.0;48510;Line 345;1;163.965020484389
-23.137302831;-46.782282758;779.7;48480;Line 345;1;163.965020484389
-23.137564074;-46.782205296;781.1;48450;Line 345;1;163.965020484389
-23.137825317;-46.782127834;782.6;48420;Line 345;1;163.965020484389
-23.13808656;-46.782050372;783.6;48390;Line 345;1;163.965020484389
-23.138347803;-46.78197291;784.3;48360;Line 345;1;163.965020484389
-23.138609046;-46.781895447;785.5;48330;Line 345;1;163.965020484389
-23.13887029;-46.781817984;786.5;48300;Line 345;1;163.965020484389
-23.139131533;-46.78174052;787.3;48270;Line 345;1;163.965020484389
-23.139392776;-46.781663057;786.5;48240;Line 345;1;163.965020484389
-23.139654019;-46.781585593;786.2;48210;Line 345;1;163.965020484389
-23.139915262;-46.781508129;785.9;48180;Line 345;1;163.965020484389
-23.140176505;-46.781430664;787.1;48150;Line 345;1;163.965020484389
-23.140437748;-46.7813532;789.2;48120;Line 345;1;163.965020484389
-23.14069899;-46.781275735;791.6;48090;Line 345;1;163.965020484389
-23.140960233;-46.78119827;794.2;48060;Line 345;1;163.965020484389
-23.141221476;-46.781120804;796.7;48030;Line 345;1;163.965020484389
-23.141482719;-46.781043338;799.1;48000;Line 345;1;163.965020484389
-23.141743962;-46.780965872;801.1;47970;Line 345;1;163.965020484389
-23.142005204;-46.780888406;802.5;47940;Line 345;1;163.965020484389
-23.142266447;-46.78081094;804.1;47910;Line 345;1;163.965020484389
-23.14252769;-46.780733473;806.5;47880;Line 345;1;163.965020484389
-23.142788933;-46.780656006;811.5;47850;Line 345;1;163.965020484389
-23.143050175;-46.780578538;816.6;47820;Line 345;1;163.965020484389
-23.143311418;-46.780501071;821.6;47790;Line 345;1;163.965020484389
-23.14357266;-46.780423603;822.2;47760;Line 345;1;163.965020484389
-23.143833903;-46.780346135;822.0;47730;Line 345;1;163.965020484389
-23.144095146;-46.780268666;821.6;47700;Line 345;1;163.965020484389
-23.144356388;-46.780191198;817.8;47670;Line 345;1;163.965020484389
-23.14461763;-46.780113729;812.5;47640;Line 345;1;163.965020484389
-23.144878873;-46.78003626;806.8;47610;Line 345;1;163.965020484389
-23.145140115;-46.77995879;802.7;47580;Line 345;1;163.965020484389
-23.145401358;-46.779881321;800.1;47550;Line 345;1;163.965020484389
-23.1456626;-46.779803851;797.4;47520;Line 345;1;163.965020484389
-23.145923842;-46.77972638;796.5;47490;Line 345;1;163.965020484389
-23.146185085;-46.77964891;798.4;47460;Line 345;1;163.965020484389
-23.146446327;-46.779571439;799.6;47430;Line 345;1;163.965020484389
-23.146707569;-46.779493968;799.8;47400;Line 345;1;163.965020484389
-23.146968812;-46.779416497;797.6;47370;Line 345;1;163.965020484389
-23.147230054;-46.779339025;795.6;47340;Line 345;1;163.965020484389
-23.147491296;-46.779261553;793.8;47310;Line 345;1;163.965020484389
-23.147752538;-46.779184081;787.4;47280;Line 345;1;163.965020484389
-23.14801378;-46.779106609;781.5;47250;Line 345;1;163.965020484389
-23.148275022;-46.779029136;776.2;47220;Line 345;1;163.965020484389
-23.148536264;-46.778951663;773.5;47190;Line 345;1;163.965020484389
-23.148797506;-46.77887419;771.7;47160;Line 345;1;163.965020484389
-23.149058748;-46.778796716;770.1;47130;Line 345;1;163.965020484389
-23.14931999;-46.778719243;772.2;47100;Line 345;1;163.965020484389
-23.149581232;-46.778641769;777.0;47070;Line 345;1;163.965020484389
-23.149842474;-46.778564294;782.3;47040;Line 345;1;163.965020484389
-23.150103716;-46.77848682;786.1;47010;Line 345;1;163.965020484389
-23.150364958;-46.778409345;787.2;46980;Line 345;1;163.965020484389
-23.1506262;-46.77833187;788.5;46950;Line 345;1;163.965020484389
-23.150887442;-46.778254395;789.7;46920;Line 345;1;163.965020484389
-23.151148683;-46.778176919;789.8;46890;Line 345;1;163.965020484389
-23.151409925;-46.778099443;790.2;46860;Line 345;1;163.965020484389
-23.151671167;-46.778021967;790.9;46830;Line 345;1;163.965020484389
-23.151932409;-46.777944491;789.2;46800;Line 345;1;163.965020484389
-23.15219365;-46.777867014;787.0;46770;Line 345;1;163.965020484389
-23.152454892;-46.777789537;784.2;46740;Line 345;1;163.965020484389
-23.152716134;-46.77771206;783.6;46710;Line 345;1;163.965020484389
-23.152977375;-46.777634583;782.7;46680;Line 345;1;163.965020484389
-23.153238617;-46.777557105;781.1;46650;Line 345;1;163.965020484389
-23.153499858;-46.777479627;781.9;46620;Line 345;1;163.965020484389
-23.1537611;-46.777402149;784.5;46590;Line 345;1;163.965020484389
-23.154022341;-46.77732467;786.7;46560;Line 345;1;163.965020484389
-23.154283583;-46.777247191;788.3;46530;Line 345;1;163.965020484389
-23.154544824;-46.777169712;789.2;46500;Line 345;1;163.965020484389
-23.154806066;-46.777092233;789.7;46470;Line 345;1;163.965020484389
-23.155067307;-46.777014753;789.5;46440;Line 345;1;163.965020484389
-23.155328548;-46.776937273;788.9;46410;Line 345;1;163.965020484389
-23.15558979;-46.776859793;788.5;46380;Line 345;1;163.965020484389
-23.155851031;-46.776782313;788.2;46350;Line 345;1;163.965020484389
-23.156112272;-46.776704832;787.4;46320;Line 345;1;163.965020484389
-23.156373513;-46.776627351;787.6;46290;Line 345;1;163.965020484389
-23.156634755;-46.77654987;788.7;46260;Line 345;1;163.965020484389
-23.156895996;-46.776472389;792.2;46230;Line 345;1;163.965020484389
-23.157157237;-46.776394907;794.9;46200;Line 345;1;163.965020484389
-23.157418478;-46.776317425;796.6;46170;Line 345;1;163.965020484389
-23.157679719;-46.776239943;798.7;46140;Line 345;1;163.965020484389
-23.15794096;-46.77616246;800.9;46110;Line 345;1;163.965020484389
-23.158202201;-46.776084977;802.8;46080;Line 345;1;163.965020484389
-23.158463442;-46.776007494;805.5;46050;Line 345;1;163.965020484389
-23.158724683;-46.775930011;809.4;46020;Line 345;1;163.965020484389
-23.158985924;-46.775852527;813.6;45990;Line 345;1;163.965020484389
-23.159247165;-46.775775044;818.5;45960;Line 345;1;163.965020484389
-23.159508406;-46.77569756;823.3;45930;Line 345;1;163.965020484389
-23.159769647;-46.775620075;828.0;45900;Line 345;1;163.965020484389
-23.160030888;-46.77554259;831.8;45870;Line 345;1;163.965020484389
-23.160292128;-46.775465106;830.4;45840;Line 345;1;163.965020484389
-23.160553369;-46.77538762;829.1;45810;Line 345;1;163.965020484389
-23.16081461;-46.775310135;827.8;45780;Line 345;1;163.965020484389
-23.161075851;-46.775232649;822.3;45750;Line 345;1;163.965020484389
-23.161337091;-46.775155163;816.9;45720;Line 345;1;163.965020484389
-23.161598332;-46.775077677;811.9;45690;Line 345;1;163.965020484389
-23.161859573;-46.77500019;807.3;45660;Line 345;1;163.965020484389
-23.162120813;-46.774922704;802.8;45630;Line 345;1;163.965020484389
-23.162382054;-46.774845217;798.2;45600;Line 345;1;163.965020484389
-23.162643295;-46.774767729;798.9;45570;Line 345;1;163.965020484389
-23.162904535;-46.774690242;803.4;45540;Line 345;1;163.965020484389
-23.163165776;-46.774612754;806.9;45510;Line 345;1;163.965020484389
-23.163427016;-46.774535266;810.2;45480;Line 345;1;163.965020484389
-23.163688257;-46.774457777;814.0;45450;Line 345;1;163.965020484389
-23.163949497;-46.774380289;817.8;45420;Line 345;1;163.965020484389
-23.164210737;-46.7743028;821.5;45390;Line 345;1;163.965020484389
-23.164471978;-46.77422531;825.2;45360;Line 345;1;163.965020484389
-23.164733218;-46.774147821;829.8;45330;Line 345;1;163.965020484389
-23.164994458;-46.774070331;834.7;45300;Line 345;1;163.965020484389
-23.165255699;-46.773992841;830.1;45270;Line 345;1;163.965020484389
-23.165516939;-46.773915351;826.2;45240;Line 345;1;163.965020484389
-23.165778179;-46.77383786;823.3;45210;Line 345;1;163.965020484389
-23.166039419;-46.77376037;821.2;45180;Line 345;1;163.965020484389
-23.16630066;-46.773682879;819.4;45150;Line 345;1;163.965020484389
-23.1665619;-46.773605387;817.7;45120;Line 345;1;163.965020484389
-23.16682314;-46.773527896;820.5;45090;Line 345;1;163.965020484389
-23.16708438;-46.773450404;826.2;45060;Line 345;1;163.965020484389
-23.16734562;-46.773372912;831.8;45030;Line 345;1;163.965020484389
-23.16760686;-46.773295419;835.7;45000;Line 345;1;163.965020484389
-23.1678681;-46.773217927;836.6;44970;Line 345;1;163.965020484389
-23.16812934;-46.773140434;836.6;44940;Line 345;1;163.965020484389
-23.16839058;-46.77306294;835.0;44910;Line 345;1;163.965020484389
-23.16865182;-46.772985447;831.3;44880;Line 345;1;163.965020484389
-23.16891306;-46.772907953;827.4;44850;Line 345;1;163.965020484389
-23.1691743;-46.772830459;823.3;44820;Line 345;1;163.965020484389
-23.16943554;-46.772752965;814.3;44790;Line 345;1;163.965020484389
-23.169696779;-46.77267547;805.5;44760;Line 345;1;163.965020484389
-23.169958019;-46.772597976;796.9;44730;Line 345;1;163.965020484389
-23.170219259;-46.772520481;793.2;44700;Line 345;1;163.965020484389
-23.170480499;-46.772442985;791.8;44670;Line 345;1;163.965020484389
-23.170741738;-46.77236549;791.5;44640;Line 345;1;163.965020484389
-23.171002978;-46.772287994;794.2;44610;Line 345;1;163.965020484389
-23.171264218;-46.772210498;798.3;44580;Line 345;1;163.965020484389
-23.171525457;-46.772133001;802.3;44550;Line 345;1;163.965020484389
-23.171786697;-46.772055505;806.5;44520;Line 345;1;163.965020484389
-23.172047936;-46.771978008;811.3;44490;Line 345;1;163.965020484389
-23.172309176;-46.77190051;816.2;44460;Line 345;1;163.965020484389
-23.172570415;-46.771823013;820.8;44430;Line 345;1;163.965020484389
-23.172831655;-46.771745515;824.4;44400;Line 345;1;163.965020484389
-23.173092894;-46.771668017;828.4;44370;Line 345;1;163.965020484389
-23.173354134;-46.771590519;831.0;44340;Line 345;1;163.965020484389
-23.173615373;-46.77151302;826.8;44310;Line 345;1;163.965020484389
-23.173876613;-46.771435522;822.2;44280;Line 345;1;163.965020484389
-23.174137852;-46.771358023;817.1;44250;Line 345;1;163.965020484389
-23.174399091;-46.771280523;809.7;44220;Line 345;1;163.965020484389
-23.174660331;-46.771203024;802.4;44190;Line 345;1;163.965020484389
-23.17492157;-46.771125524;795.4;44160;Line 345;1;163.965020484389
-23.175182809;-46.771048024;791.7;44130;Line 345;1;163.965020484389
-23.175444048;-46.770970523;789.5;44100;Line 345;1;163.965020484389
-23.175705287;-46.770893022;787.6;44070;Line 345;1;163.965020484389
-23.175966527;-46.770815521;787.1;44040;Line 345;1;163.965020484389
-23.176227766;-46.77073802;787.5;44010;Line 345;1;163.965020484389
-23.176489005;-46.770660519;787.5;43980;Line 345;1;163.965020484389
-23.176750244;-46.770583017;787.8;43950;Line 345;1;163.965020484389
-23.177011483;-46.770505515;789.6;43920;Line 345;1;163.965020484389
-23.177272722;-46.770428013;791.5;43890;Line 345;1;163.965020484389
-23.177533961;-46.77035051;793.3;43860;Line 345;1;163.965020484389
-23.1777952;-46.770273007;794.9;43830;Line 345;1;163.965020484389
-23.178056439;-46.770195504;796.8;43800;Line 345;1;163.965020484389
-23.178317678;-46.770118001;798.9;43770;Line 345;1;163.965020484389
-23.178578916;-46.770040497;801.6;43740;Line 345;1;163.965020484389
-23.178840155;-46.769962993;804.6;43710;Line 345;1;163.965020484389
-23.179101394;-46.769885489;807.6;43680;Line 345;1;163.965020484389
-23.179362633;-46.769807985;807.7;43650;Line 345;1;163.965020484389
-23.179623872;-46.76973048;807.0;43620;Line 345;1;163.965020484389
-23.17988511;-46.769652975;806.5;43590;Line 345;1;163.965020484389
-23.180146349;-46.76957547;805.8;43560;Line 345;1;163.965020484389
-23.180407588;-46.769497965;804.6;43530;Line 345;1;163.965020484389
-23.180668826;-46.769420459;803.2;43500;Line 345;1;163.965020484389
-23.180930065;-46.769342953;802.4;43470;Line 345;1;163.965020484389
-23.181191304;-46.769265446;802.4;43440;Line 345;1;163.965020484389
-23.181452542;-46.76918794;801.9;43410;Line 345;1;163.965020484389
-23.181713781;-46.769110433;801.6;43380;Line 345;1;163.965020484389
-23.181975019;-46.769032926;801.9;43350;Line 345;1;163.965020484389
-23.182236258;-46.768955419;801.7;43320;Line 345;1;163.965020484389
-23.182497496;-46.768877911;801.0;43290;Line 345;1;163.965020484389
-23.182758735;-46.768800403;803.4;43260;Line 345;1;163.965020484389
-23.183019973;-46.768722895;805.1;43230;Line 345;1;163.965020484389
-23.183281211;-46.768645386;805.9;43200;Line 345;1;163.965020484389
-23.18354245;-46.768567878;807.7;43170;Line 345;1;163.965020484389
-23.183803688;-46.768490369;809.8;43140;Line 345;1;163.965020484389
-23.184064926;-46.76841286;812.0;43110;Line 345;1;163.965020484389
-23.184326165;-46.76833535;813.8;43080;Line 345;1;163.965020484389
-23.184587403;-46.76825784;815.5;43050;Line 345;1;163.965020484389
-23.184848641;-46.76818033;817.3;43020;Line 345;1;163.965020484389
-23.185109879;-46.76810282;819.1;42990;Line 345;1;163.965020484389
-23.185371117;-46.768025309;820.7;42960;Line 345;1;163.965020484389
-23.185632355;-46.767947799;822.1;42930;Line 345;1;163.965020484389
-23.185893593;-46.767870287;822.9;42900;Line 345;1;163.965020484389
-23.186154832;-46.767792776;822.7;42870;Line 345;1;163.965020484389
-23.18641607;-46.767715264;822.5;42840;Line 345;1;163.965020484389
-23.186677308;-46.767637753;822.3;42810;Line 345;1;163.965020484389
-23.186938546;-46.76756024;820.7;42780;Line 345;1;163.965020484389
-23.187199783;-46.767482728;819.1;42750;Line 345;1;163.965020484389
-23.187461021;-46.767405215;818.0;42720;Line 345;1;163.965020484389
-23.187722259;-46.767327702;818.4;42690;Line 345;1;163.965020484389
-23.187983497;-46.767250189;819.0;42660;Line 345;1;163.965020484389
-23.188244735;-46.767172675;819.6;42630;Line 345;1;163.965020484389
-23.188505973;-46.767095162;821.5;42600;Line 345;1;163.965020484389
-23.188767211;-46.767017648;824.3;42570;Line 345;1;163.965020484389
-23.189028448;-46.766940133;827.3;42540;Line 345;1;163.965020484389
-23.189289686;-46.766862619;829.4;42510;Line 345;1;163.965020484389
-23.189550924;-46.766785104;831.0;42480;Line 345;1;163.965020484389
-23.189812161;-46.766707589;833.1;42450;Line 345;1;163.965020484389
-23.190073399;-46.766630073;834.2;42420;Line 345;1;163.965020484389
-23.190334637;-46.766552558;831.6;42390;Line 345;1;163.965020484389
-23.190595874;-46.766475042;829.5;42360;Line 345;1;163.965020484389
-23.190857112;-46.766397526;827.7;42330;Line 345;1;163.965020484389
-23.191118349;-46.766320009;824.0;42300;Line 345;1;163.965020484389
-23.191379587;-46.766242492;820.8;42270;Line 345;1;163.965020484389
-23.191640824;-46.766164975;818.1;42240;Line 345;1;163.965020484389
-23.191902062;-46.766087458;822.2;42210;Line 345;1;163.965020484389
-23.192163299;-46.766009941;826.3;42180;Line 345;1;163.965020484389
-23.192424537;-46.765932423;829.6;42150;Line 345;1;163.965020484389
-23.192685774;-46.765854905;832.6;42120;Line 345;1;163.965020484389
-23.192947011;-46.765777386;835.7;42090;Line 345;1;163.965020484389
-23.193208249;-46.765699868;838.3;42060;Line 345;1;163.965020484389
-23.193469486;-46.765622349;839.7;42030;Line 345;1;163.965020484389
-23.193730723;-46.76554483;840.0;42000;Line 345;1;163.965020484389
-23.19399196;-46.76546731;839.8;41970;Line 345;1;163.965020484389
-23.194253197;-46.765389791;838.1;41940;Line 345;1;163.965020484389
-23.194514435;-46.765312271;833.4;41910;Line 345;1;163.965020484389
-23.194775672;-46.765234751;828.4;41880;Line 345;1;163.965020484389
-23.195036909;-46.76515723;823.1;41850;Line 345;1;163.965020484389
-23.195298146;-46.765079709;819.5;41820;Line 345;1;163.965020484389
-23.195559383;-46.765002188;815.7;41790;Line 345;1;163.965020484389
-23.19582062;-46.764924667;812.8;41760;Line 345;1;163.965020484389
-23.196081857;-46.764847146;809.3;41730;Line 345;1;163.965020484389
-23.196343094;-46.764769624;805.9;41700;Line 345;1;163.965020484389
-23.196604331;-46.764692102;802.6;41670;Line 345;1;163.965020484389
-23.196865568;-46.764614579;800.3;41640;Line 345;1;163.965020484389
-23.197126805;-46.764537057;797.7;41610;Line 345;1;163.965020484389
-23.197388042;-46.764459534;794.6;41580;Line 345;1;163.965020484389
-23.197649278;-46.764382011;792.7;41550;Line 345;1;163.965020484389
-23.197910515;-46.764304487;791.9;41520;Line 345;1;163.965020484389
-23.198171752;-46.764226964;790.9;41490;Line 345;1;163.965020484389
-23.198432989;-46.76414944;790.3;41460;Line 345;1;163.965020484389
-23.198694225;-46.764071915;790.7;41430;Line 345;1;163.965020484389
-23.198955462;-46.763994391;790.6;41400;Line 345;1;163.965020484389
-23.199216699;-46.763916866;789.7;41370;Line 345;1;163.965020484389
-23.199477935;-46.763839341;787.2;41340;Line 345;1;163.965020484389
-23.199739172;-46.763761816;784.7;41310;Line 345;1;163.965020484389
-23.200000409;-46.76368429;782.2;41280;Line 345;1;163.965020484389
-23.200261645;-46.763606765;779.8;41250;Line 345;1;163.965020484389
-23.200522882;-46.763529238;777.9;41220;Line 345;1;163.965020484389
-23.200784118;-46.763451712;776.5;41190;Line 345;1;163.965020484389
-23.201045355;-46.763374185;781.1;41160;Line 345;1;163.965020484389
-23.201306591;-46.763296659;787.0;41130;Line 345;1;163.965020484389
-23.201567828;-46.763219131;792.3;41100;Line 345;1;163.965020484389
-23.201829064;-46.763141604;796.1;41070;Line 345;1;163.965020484389
-23.2020903;-46.763064076;798.9;41040;Line 345;1;163.965020484389
-23.202351537;-46.762986548;801.5;41010;Line 345;1;163.965020484389
-23.202612773;-46.76290902;801.4;40980;Line 345;1;163.965020484389
-23.202874009;-46.762831492;797.5;40950;Line 345;1;163.965020484389
-23.203135245;-46.762753963;793.2;40920;Line 345;1;163.965020484389
-23.203396482;-46.762676434;788.7;40890;Line 345;1;163.965020484389
-23.203657718;-46.762598904;784.7;40860;Line 345;1;163.965020484389
-23.203918954;-46.762521375;780.6;40830;Line 345;1;163.965020484389
-23.20418019;-46.762443845;776.9;40800;Line 345;1;163.965020484389
-23.204441426;-46.762366315;777.7;40770;Line 345;1;163.965020484389
-23.204702662;-46.762288785;777.8;40740;Line 345;1;163.965020484389
-23.204963898;-46.762211254;777.0;40710;Line 345;1;163.965020484389
-23.205225134;-46.762133723;770.2;40680;Line 345;1;163.965020484389
-23.20548637;-46.762056192;763.4;40650;Line 345;1;163.965020484389
-23.205747606;-46.76197866;757.5;40620;Line 345;1;163.965020484389
-23.206008842;-46.761901129;753.7;40590;Line 345;1;163.965020484389
-23.206270078;-46.761823597;751.2;40560;Line 345;1;163.965020484389
-23.206531314;-46.761746064;749.5;40530;Line 345;1;163.965020484389
-23.20679255;-46.761668532;749.0;40500;Line 345;1;163.965020484389
-23.207053786;-46.761590999;749.4;40470;Line 345;1;163.965020484389
-23.207315021;-46.761513466;749.8;40440;Line 345;1;163.965020484389
-23.207576257;-46.761435933;750.5;40410;Line 345;1;163.965020484389
-23.207837493;-46.761358399;751.3;40380;Line 345;1;163.965020484389
-23.208098729;-46.761280865;751.8;40350;Line 345;1;163.965020484389
-23.208359964;-46.761203331;752.0;40320;Line 345;1;163.965020484389
-23.2086212;-46.761125797;751.9;40290;Line 345;1;163.965020484389
-23.208882436;-46.761048262;751.5;40260;Line 345;1;163.965020484389
-23.209143671;-46.760970727;750.9;40230;Line 345;1;163.965020484389
-23.209404907;-46.760893192;750.7;40200;Line 345;1;163.965020484389
-23.209666142;-46.760815656;750.6;40170;Line 345;1;163.965020484389
-23.209927378;-46.760738121;750.9;40140;Line 345;1;163.965020484389
-23.210188613;-46.760660585;751.0;40110;Line 345;1;163.965020484389
-23.210449849;-46.760583048;751.1;40080;Line 345;1;163.965020484389
-23.210711084;-46.760505512;751.1;40050;Line 345;1;163.965020484389
-23.21097232;-46.760427975;751.2;40020;Line 345;1;163.965020484389
-23.211233555;-46.760350438;751.3;39990;Line 345;1;163.965020484389
-23.21149479;-46.760272901;751.4;39960;Line 345;1;163.965020484389
-23.211756026;-46.760195363;751.8;39930;Line 345;1;163.965020484389
-23.212017261;-46.760117825;752.4;39900;Line 345;1;163.965020484389
-23.212278496;-46.760040287;752.7;39870;Line 345;1;163.965020484389
-23.212539731;-46.759962748;753.1;39840;Line 345;1;163.965020484389
-23.212800967;-46.75988521;753.8;39810;Line 345;1;163.965020484389
-23.213062202;-46.759807671;754.4;39780;Line 345;1;163.965020484389
-23.213323437;-46.759730132;755.0;39750;Line 345;1;163.965020484389
-23.213584672;-46.759652592;756.8;39720;Line 345;1;163.965020484389
-23.213845907;-46.759575052;758.4;39690;Line 345;1;163.965020484389
-23.214107142;-46.759497512;759.7;39660;Line 345;1;163.965020484389
-23.214368377;-46.759419972;763.1;39630;Line 345;1;163.965020484389
-23.214629612;-46.759342431;767.1;39600;Line 345;1;163.965020484389
-23.214890847;-46.759264891;771.1;39570;Line 345;1;163.965020484389
-23.215152082;-46.75918735;776.2;39540;Line 345;1;163.965020484389
-23.215413317;-46.759109808;783.0;39510;Line 345;1;163.965020484389
-23.215674552;-46.759032267;789.5;39480;Line 345;1;163.965020484389
-23.215935787;-46.758954725;794.6;39450;Line 345;1;163.965020484389
-23.216197022;-46.758877182;798.4;39420;Line 345;1;163.965020484389
-23.216458257;-46.75879964;802.1;39390;Line 345;1;163.965020484389
-23.216719491;-46.758722097;805.4;39360;Line 345;1;163.965020484389
-23.216980726;-46.758644554;807.9;39330;Line 345;1;163.965020484389
-23.217241961;-46.758567011;810.8;39300;Line 345;1;163.965020484389
-23.217503196;-46.758489468;814.0;39270;Line 345;1;163.965020484389
-23.21776443;-46.758411924;815.1;39240;Line 345;1;163.965020484389
-23.218025665;-46.75833438;816.5;39210;Line 345;1;163.965020484389
-23.218286899;-46.758256835;819.2;39180;Line 345;1;163.965020484389
-23.218548134;-46.758179291;824.4;39150;Line 345;1;163.965020484389
-23.218809369;-46.758101746;829.9;39120;Line 345;1;163.965020484389
-23.219070603;-46.758024201;835.2;39090;Line 345;1;163.965020484389
-23.219331838;-46.757946655;840.9;39060;Line 345;1;163.965020484389
-23.219593072;-46.75786911;847.6;39030;Line 345;1;163.965020484389
-23.219854307;-46.757791564;854.8;39000;Line 345;1;163.965020484389
-23.220115541;-46.757714018;859.3;38970;Line 345;1;163.965020484389
-23.220376775;-46.757636471;860.1;38940;Line 345;1;163.965020484389
-23.22063801;-46.757558924;861.1;38910;Line 345;1;163.965020484389
-23.220899244;-46.757481377;861.2;38880;Line 345;1;163.965020484389
-23.221160478;-46.75740383;858.2;38850;Line 345;1;163.965020484389
-23.221421713;-46.757326283;855.1;38820;Line 345;1;163.965020484389
-23.221682947;-46.757248735;852.3;38790;Line 345;1;163.965020484389
-23.221944181;-46.757171187;852.3;38760;Line 345;1;163.965020484389
-23.222205415;-46.757093638;852.4;38730;Line 345;1;163.965020484389
-23.222466649;-46.75701609;852.5;38700;Line 345;1;163.965020484389
-23.222727884;-46.756938541;855.5;38670;Line 345;1;163.965020484389
-23.222989118;-46.756860992;859.0;38640;Line 345;1;163.965020484389
-23.223250352;-46.756783442;862.5;38610;Line 345;1;163.965020484389
-23.223511586;-46.756705893;866.1;38580;Line 345;1;163.965020484389
-23.22377282;-46.756628343;869.6;38550;Line 345;1;163.965020484389
-23.224034054;-46.756550792;873.2;38520;Line 345;1;163.965020484389
-23.224295288;-46.756473242;875.4;38490;Line 345;1;163.965020484389
-23.224556522;-46.756395691;876.4;38460;Line 345;1;163.965020484389
-23.224817756;-46.75631814;877.9;38430;Line 345;1;163.965020484389
-23.22507899;-46.756240589;879.5;38400;Line 345;1;163.965020484389
-23.225340223;-46.756163037;880.5;38370;Line 345;1;163.965020484389
-23.225601457;-46.756085486;881.6;38340;Line 345;1;163.965020484389
-23.225862691;-46.756007933;883.0;38310;Line 345;1;163.965020484389
-23.226123925;-46.755930381;886.1;38280;Line 345;1;163.965020484389
-23.226385159;-46.755852828;889.2;38250;Line 345;1;163.965020484389
-23.226646392;-46.755775275;890.6;38220;Line 345;1;163.965020484389
-23.226907626;-46.755697722;888.8;38190;Line 345;1;163.965020484389
-23.22716886;-46.755620169;886.7;38160;Line 345;1;163.965020484389
-23.227430093;-46.755542615;884.3;38130;Line 345;1;163.965020484389
-23.227691327;-46.755465061;884.6;38100;Line 345;1;163.965020484389
-23.22795256;-46.755387507;886.1;38070;Line 345;1;163.965020484389
-23.228213794;-46.755309952;887.8;38040;Line 345;1;163.965020484389
-23.228475027;-46.755232398;889.2;38010;Line 345;1;163.965020484389
-23.228736261;-46.755154843;889.9;37980;Line 345;1;163.965020484389
-23.228997494;-46.755077287;890.3;37950;Line 345;1;163.965020484389
-23.229258728;-46.754999732;890.3;37920;Line 345;1;163.965020484389
-23.229519961;-46.754922176;889.6;37890;Line 345;1;163.965020484389
-23.229781195;-46.75484462;889.1;37860;Line 345;1;163.965020484389
-23.230042428;-46.754767063;889.7;37830;Line 345;1;163.965020484389
-23.230303661;-46.754689507;895.6;37800;Line 345;1;163.965020484389
-23.230564895;-46.75461195;902.2;37770;Line 345;1;163.965020484389
-23.230826128;-46.754534392;909.5;37740;Line 345;1;163.965020484389
-23.231087361;-46.754456835;915.3;37710;Line 345;1;163.965020484389
-23.231348594;-46.754379277;922.1;37680;Line 345;1;163.965020484389
-23.231609827;-46.754301719;930.0;37650;Line 345;1;163.965020484389
-23.231871061;-46.754224161;933.4;37620;Line 345;1;163.965020484389
-23.232132294;-46.754146602;935.3;37590;Line 345;1;163.965020484389
-23.232393527;-46.754069044;936.6;37560;Line 345;1;163.965020484389
-23.23265476;-46.753991485;935.8;37530;Line 345;1;163.965020484389
-23.232915993;-46.753913925;932.6;37500;Line 345;1;163.965020484389
-23.233177226;-46.753836366;928.3;37470;Line 345;1;163.965020484389
-23.233438459;-46.753758806;921.0;37440;Line 345;1;163.965020484389
-23.233699692;-46.753681246;910.4;37410;Line 345;1;163.965020484389
-23.233960925;-46.753603685;899.3;37380;Line 345;1;163.965020484389
-23.234222158;-46.753526124;887.2;37350;Line 345;1;163.965020484389
-23.234483391;-46.753448563;873.3;37320;Line 345;1;163.965020484389
-23.234744623;-46.753371002;860.4;37290;Line 345;1;163.965020484389
-23.235005856;-46.753293441;850.1;37260;Line 345;1;163.965020484389
-23.235267089;-46.753215879;857.9;37230;Line 345;1;163.965020484389
-23.235528322;-46.753138317;866.0;37200;Line 345;1;163.965020484389
-23.235789555;-46.753060755;874.5;37170;Line 345;1;163.965020484389
-23.236050787;-46.752983192;878.0;37140;Line 345;1;163.965020484389
-23.23631202;-46.752905629;880.0;37110;Line 345;1;163.965020484389
-23.236573253;-46.752828066;881.3;37080;Line 345;1;163.965020484389
-23.236834485;-46.752750503;880.1;37050;Line 345;1;163.965020484389
-23.237095718;-46.752672939;877.5;37020;Line 345;1;163.965020484389
-23.23735695;-46.752595375;874.8;36990;Line 345;1;163.965020484389
-23.237618183;-46.752517811;877.4;36960;Line 345;1;163.965020484389
-23.237879415;-46.752440246;887.3;36930;Line 345;1;163.965020484389
-23.238140648;-46.752362682;896.4;36900;Line 345;1;163.965020484389
-23.23840188;-46.752285117;902.6;36870;Line 345;1;163.965020484389
-23.238663113;-46.752207551;902.4;36840;Line 345;1;163.965020484389
-23.238924345;-46.752129986;901.9;36810;Line 345;1;163.965020484389
-23.239185577;-46.75205242;900.8;36780;Line 345;1;163.965020484389
-23.23944681;-46.751974854;895.4;36750;Line 345;1;163.965020484389
-23.239708042;-46.751897288;890.1;36720;Line 345;1;163.965020484389
-23.239969274;-46.751819721;885.0;36690;Line 345;1;163.965020484389
-23.240230507;-46.751742154;886.1;36660;Line 345;1;163.965020484389
-23.240491739;-46.751664587;889.0;36630;Line 345;1;163.965020484389
-23.240752971;-46.75158702;892.7;36600;Line 345;1;163.965020484389
-23.241014203;-46.751509452;893.7;36570;Line 345;1;163.965020484389
-23.241275435;-46.751431884;893.2;36540;Line 345;1;163.965020484389
-23.241536667;-46.751354316;892.2;36510;Line 345;1;163.965020484389
-23.241797899;-46.751276747;886.3;36480;Line 345;1;163.965020484389
-23.242059132;-46.751199179;875.8;36450;Line 345;1;163.965020484389
-23.242320364;-46.75112161;865.0;36420;Line 345;1;163.965020484389
-23.242581596;-46.75104404;855.5;36390;Line 345;1;163.965020484389
-23.242842828;-46.750966471;848.9;36360;Line 345;1;163.965020484389
-23.243104059;-46.750888901;841.7;36330;Line 345;1;163.965020484389
-23.243365291;-46.750811331;835.2;36300;Line 345;1;163.965020484389
-23.243626523;-46.75073376;837.2;36270;Line 345;1;163.965020484389
-23.243887755;-46.75065619;839.1;36240;Line 345;1;163.965020484389
-23.244148987;-46.750578619;840.9;36210;Line 345;1;163.965020484389
-23.244410219;-46.750501048;846.6;36180;Line 345;1;163.965020484389
-23.24467145;-46.750423476;852.6;36150;Line 345;1;163.965020484389
-23.244932682;-46.750345905;858.8;36120;Line 345;1;163.965020484389
-23.245193914;-46.750268333;864.2;36090;Line 345;1;163.965020484389
-23.245455146;-46.75019076;869.9;36060;Line 345;1;163.965020484389
-23.245716377;-46.750113188;876.2;36030;Line 345;1;163.965020484389
-23.245977609;-46.750035615;882.2;36000;Line 345;1;163.965020484389
-23.24623884;-46.749958042;886.2;35970;Line 345;1;163.965020484389
-23.246500072;-46.749880469;888.4;35940;Line 345;1;163.965020484389
-23.246761304;-46.749802895;888.7;35910;Line 345;1;163.965020484389
-23.247022535;-46.749725321;886.9;35880;Line 345;1;163.965020484389
-23.247283767;-46.749647747;885.3;35850;Line 345;1;163.965020484389
-23.247544998;-46.749570173;884.1;35820;Line 345;1;163.965020484389
-23.247806229;-46.749492598;884.6;35790;Line 345;1;163.965020484389
-23.248067461;-46.749415023;885.4;35760;Line 345;1;163.965020484389
-23.248328692;-46.749337448;886.5;35730;Line 345;1;163.965020484389
-23.248589924;-46.749259872;887.4;35700;Line 345;1;163.965020484389
-23.248851155;-46.749182297;888.6;35670;Line 345;1;163.965020484389
-23.249112386;-46.749104721;892.4;35640;Line 345;1;163.965020484389
-23.249373617;-46.749027144;898.2;35610;Line 345;1;163.965020484389
-23.249634849;-46.748949568;904.3;35580;Line 345;1;163.965020484389
-23.24989608;-46.748871991;910.4;35550;Line 345;1;163.965020484389
-23.250157311;-46.748794414;916.5;35520;Line 345;1;163.965020484389
-23.250418542;-46.748716836;922.2;35490;Line 345;1;163.965020484389
-23.250679773;-46.748639259;927.1;35460;Line 345;1;163.965020484389
-23.250941004;-46.748561681;929.7;35430;Line 345;1;163.965020484389
-23.251202236;-46.748484103;928.8;35400;Line 345;1;163.965020484389
-23.251463467;-46.748406524;927.1;35370;Line 345;1;163.965020484389
-23.251724698;-46.748328946;923.0;35340;Line 345;1;163.965020484389
-23.251985929;-46.748251367;913.5;35310;Line 345;1;163.965020484389
-23.252247159;-46.748173787;904.4;35280;Line 345;1;163.965020484389
-23.25250839;-46.748096208;895.5;35250;Line 345;1;163.965020484389
-23.252769621;-46.748018628;887.5;35220;Line 345;1;163.965020484389
-23.253030852;-46.747941048;879.8;35190;Line 345;1;163.965020484389
-23.253292083;-46.747863468;872.5;35160;Line 345;1;163.965020484389
-23.253553314;-46.747785887;868.2;35130;Line 345;1;163.965020484389
-23.253814545;-46.747708306;864.1;35100;Line 345;1;163.965020484389
-23.254075775;-46.747630725;859.4;35070;Line 345;1;163.965020484389
-23.254337006;-46.747553144;857.3;35040;Line 345;1;163.965020484389
-23.254598237;-46.747475562;856.4;35010;Line 345;1;163.965020484389
-23.254859467;-46.74739798;855.5;34980;Line 345;1;163.965020484389
-23.255120698;-46.747320398;854.2;34950;Line 345;1;163.965020484389
-23.255381929;-46.747242815;853.4;34920;Line 345;1;163.965020484389
-23.255643159;-46.747165233;853.2;34890;Line 345;1;163.965020484389
-23.25590439;-46.74708765;853.0;34860;Line 345;1;163.965020484389
-23.25616562;-46.747010066;851.7;34830;Line 345;1;163.965020484389
-23.256426851;-46.746932483;850.8;34800;Line 345;1;163.965020484389
-23.256688081;-46.746854899;849.8;34770;Line 345;1;163.965020484389
-23.256949312;-46.746777315;845.0;34740;Line 345;1;163.965020484389
-23.257210542;-46.746699731;840.0;34710;Line 345;1;163.965020484389
-23.257471772;-46.746622146;835.5;34680;Line 345;1;163.965020484389
-23.257733003;-46.746544561;831.6;34650;Line 345;1;163.965020484389
-23.257994233;-46.746466976;827.2;34620;Line 345;1;163.965020484389
-23.258255463;-46.74638939;822.1;34590;Line 345;1;163.965020484389
-23.258516694;-46.746311805;822.5;34560;Line 345;1;163.965020484389
-23.258777924;-46.746234219;825.7;34530;Line 345;1;163.965020484389
-23.259039154;-46.746156632;829.1;34500;Line 345;1;163.965020484389
-23.259300384;-46.746079046;832.5;34470;Line 345;1;163.965020484389
-23.259561615;-46.746001459;835.4;34440;Line 345;1;163.965020484389
-23.259822845;-46.745923872;838.1;34410;Line 345;1;163.965020484389
-23.260084075;-46.745846285;841.3;34380;Line 345;1;163.965020484389
-23.260345305;-46.745768697;846.3;34350;Line 345;1;163.965020484389
-23.260606535;-46.745691109;851.1;34320;Line 345;1;163.965020484389
-23.260867765;-46.745613521;855.2;34290;Line 345;1;163.965020484389
-23.261128995;-46.745535933;856.7;34260;Line 345;1;163.965020484389
-23.261390225;-46.745458344;858.6;34230;Line 345;1;163.965020484389
-23.261651455;-46.745380755;860.9;34200;Line 345;1;163.965020484389
-23.261912685;-46.745303166;860.0;34170;Line 345;1;163.965020484389
-23.262173915;-46.745225577;859.2;34140;Line 345;1;163.965020484389
-23.262435144;-46.745147987;858.6;34110;Line 345;1;163.965020484389
-23.262696374;-46.745070397;860.7;34080;Line 345;1;163.965020484389
-23.262957604;-46.744992807;862.7;34050;Line 345;1;163.965020484389
-23.263218834;-46.744915216;864.6;34020;Line 345;1;163.965020484389
-23.263480063;-46.744837625;867.9;33990;Line 345;1;163.965020484389
-23.263741293;-46.744760034;871.5;33960;Line 345;1;163.965020484389
-23.264002523;-46.744682443;873.9;33930;Line 345;1;163.965020484389
-23.264263752;-46.744604851;873.7;33900;Line 345;1;163.965020484389
-23.264524982;-46.744527259;870.1;33870;Line 345;1;163.965020484389
-23.264786212;-46.744449667;865.7;33840;Line 345;1;163.965020484389
-23.265047441;-46.744372075;860.0;33810;Line 345;1;163.965020484389
-23.265308671;-46.744294482;852.4;33780;Line 345;1;163.965020484389
-23.2655699;-46.744216889;845.2;33750;Line 345;1;163.965020484389
-23.26583113;-46.744139296;838.7;33720;Line 345;1;163.965020484389
-23.266092359;-46.744061702;836.6;33690;Line 345;1;163.965020484389
-23.266353589;-46.743984108;834.7;33660;Line 345;1;163.965020484389
-23.266614818;-46.743906514;833.0;33630;Line 345;1;163.965020484389
-23.266876047;-46.74382892;831.7;33600;Line 345;1;163.965020484389
-23.267137277;-46.743751325;830.9;33570;Line 345;1;163.965020484389
-23.267398506;-46.743673731;830.8;33540;Line 345;1;163.965020484389
-23.267659735;-46.743596135;831.8;33510;Line 345;1;163.965020484389
-23.267920965;-46.74351854;834.4;33480;Line 345;1;163.965020484389
-23.268182194;-46.743440944;838.3;33450;Line 345;1;163.965020484389
-23.268443423;-46.743363348;843.2;33420;Line 345;1;163.965020484389
-23.268704652;-46.743285752;847.8;33390;Line 345;1;163.965020484389
-23.268965881;-46.743208156;852.0;33360;Line 345;1;163.965020484389
-23.26922711;-46.743130559;855.0;33330;Line 345;1;163.965020484389
-23.269488339;-46.743052962;855.0;33300;Line 345;1;163.965020484389
-23.269749568;-46.742975365;854.5;33270;Line 345;1;163.965020484389
-23.270010797;-46.742897767;853.4;33240;Line 345;1;163.965020484389
-23.270272026;-46.742820169;845.1;33210;Line 345;1;163.965020484389
-23.270533255;-46.742742571;836.9;33180;Line 345;1;163.965020484389
-23.270794484;-46.742664973;828.8;33150;Line 345;1;163.965020484389
-23.271055713;-46.742587374;824.6;33120;Line 345;1;163.965020484389
-23.271316942;-46.742509775;821.1;33090;Line 345;1;163.965020484389
-23.271578171;-46.742432176;817.9;33060;Line 345;1;163.965020484389
-23.2718394;-46.742354577;815.7;33030;Line 345;1;163.965020484389
-23.272100629;-46.742276977;814.1;33000;Line 345;1;163.965020484389
-23.272361857;-46.742199377;812.8;32970;Line 345;1;163.965020484389
-23.272623086;-46.742121777;812.9;32940;Line 345;1;163.965020484389
-23.272884315;-46.742044176;814.0;32910;Line 345;1;163.965020484389
-23.273145544;-46.741966575;814.2;32880;Line 345;1;163.965020484389
-23.273406772;-46.741888974;813.3;32850;Line 345;1;163.965020484389
-23.273668001;-46.741811373;810.7;32820;Line 345;1;163.965020484389
-23.273929229;-46.741733771;807.5;32790;Line 345;1;163.965020484389
-23.274190458;-46.74165617;803.6;32760;Line 345;1;163.965020484389
-23.274451686;-46.741578567;799.2;32730;Line 345;1;163.965020484389
-23.274712915;-46.741500965;795.2;32700;Line 345;1;163.965020484389
-23.274974143;-46.741423362;791.6;32670;Line 345;1;163.965020484389
-23.275235372;-46.741345759;792.7;32640;Line 345;1;163.965020484389
-23.2754966;-46.741268156;794.7;32610;Line 345;1;163.965020484389
-23.275757829;-46.741190553;797.0;32580;Line 345;1;163.965020484389
-23.276019057;-46.741112949;798.3;32550;Line 345;1;163.965020484389
-23.276280285;-46.741035345;799.1;32520;Line 345;1;163.965020484389
-23.276541514;-46.740957741;799.8;32490;Line 345;1;163.965020484389
-23.276802742;-46.740880136;800.6;32460;Line 345;1;163.965020484389
-23.27706397;-46.740802531;801.4;32430;Line 345;1;163.965020484389
-23.277325199;-46.740724926;802.0;32400;Line 345;1;163.965020484389
-23.277586427;-46.740647321;804.0;32370;Line 345;1;163.965020484389
-23.277847655;-46.740569715;809.3;32340;Line 345;1;163.965020484389
-23.278108883;-46.740492109;814.4;32310;Line 345;1;163.965020484389
-23.278370111;-46.740414503;818.8;32280;Line 345;1;163.965020484389
-23.278631339;-46.740336897;821.2;32250;Line 345;1;163.965020484389
-23.278892567;-46.74025929;824.2;32220;Line 345;1;163.965020484389
-23.279153795;-46.740181683;827.7;32190;Line 345;1;163.965020484389
-23.279415023;-46.740104076;827.8;32160;Line 345;1;163.965020484389
-23.279676251;-46.740026468;828.3;32130;Line 345;1;163.965020484389
-23.279937479;-46.73994886;829.0;32100;Line 345;1;163.965020484389
-23.280198707;-46.739871252;828.9;32070;Line 345;1;163.965020484389
-23.280459935;-46.739793644;828.6;32040;Line 345;1;163.965020484389
-23.280721163;-46.739716035;828.1;32010;Line 345;1;163.965020484389
-23.280982391;-46.739638426;827.8;31980;Line 345;1;163.965020484389
-23.281243618;-46.739560817;828.5;31950;Line 345;1;163.965020484389
-23.281504846;-46.739483208;829.9;31920;Line 345;1;163.965020484389
-23.281766074;-46.739405598;832.7;31890;Line 345;1;163.965020484389
-23.282027302;-46.739327988;836.4;31860;Line 345;1;163.965020484389
-23.282288529;-46.739250378;839.9;31830;Line 345;1;163.965020484389
-23.282549757;-46.739172767;842.0;31800;Line 345;1;163.965020484389
-23.282810985;-46.739095157;837.9;31770;Line 345;1;163.965020484389
-23.283072212;-46.739017546;833.7;31740;Line 345;1;163.965020484389
-23.28333344;-46.738939934;829.5;31710;Line 345;1;163.965020484389
-23.283594667;-46.738862323;823.9;31680;Line 345;1;163.965020484389
-23.283855895;-46.738784711;819.2;31650;Line 345;1;163.965020484389
-23.284117122;-46.738707099;815.3;31620;Line 345;1;163.965020484389
-23.28437835;-46.738629486;815.9;31590;Line 345;1;163.965020484389
-23.284639577;-46.738551874;817.3;31560;Line 345;1;163.965020484389
-23.284900805;-46.738474261;818.5;31530;Line 345;1;163.965020484389
-23.285162032;-46.738396648;817.2;31500;Line 345;1;163.965020484389
-23.285423259;-46.738319034;814.1;31470;Line 345;1;163.965020484389
-23.285684487;-46.73824142;811.0;31440;Line 345;1;163.965020484389
-23.285945714;-46.738163806;812.3;31410;Line 345;1;163.965020484389
-23.286206941;-46.738086192;818.5;31380;Line 345;1;163.965020484389
-23.286468168;-46.738008577;824.1;31350;Line 345;1;163.965020484389
-23.286729396;-46.737930963;828.9;31320;Line 345;1;163.965020484389
-23.286990623;-46.737853348;833.5;31290;Line 345;1;163.965020484389
-23.28725185;-46.737775732;838.3;31260;Line 345;1;163.965020484389
-23.287513077;-46.737698117;843.0;31230;Line 345;1;163.965020484389
-23.287774304;-46.737620501;842.7;31200;Line 345;1;163.965020484389
-23.288035531;-46.737542885;842.6;31170;Line 345;1;163.965020484389
-23.288296758;-46.737465268;842.1;31140;Line 345;1;163.965020484389
-23.288557985;-46.737387651;836.4;31110;Line 345;1;163.965020484389
-23.288819212;-46.737310034;830.8;31080;Line 345;1;163.965020484389
-23.289080439;-46.737232417;826.3;31050;Line 345;1;163.965020484389
-23.289341666;-46.7371548;821.9;31020;Line 345;1;163.965020484389
-23.289602893;-46.737077182;817.7;30990;Line 345;1;163.965020484389
-23.28986412;-46.736999564;813.8;30960;Line 345;1;163.965020484389
-23.290125347;-46.736921945;811.2;30930;Line 345;1;163.965020484389
-23.290386573;-46.736844327;809.3;30900;Line 345;1;163.965020484389
-23.2906478;-46.736766708;807.0;30870;Line 345;1;163.965020484389
-23.290909027;-46.736689089;803.5;30840;Line 345;1;163.965020484389
-23.291170254;-46.736611469;797.9;30810;Line 345;1;163.965020484389
-23.29143148;-46.73653385;792.8;30780;Line 345;1;163.965020484389
-23.291692707;-46.73645623;788.3;30750;Line 345;1;163.965020484389
-23.291953934;-46.73637861;785.1;30720;Line 345;1;163.965020484389
-23.29221516;-46.736300989;781.9;30690;Line 345;1;163.965020484389
-23.292476387;-46.736223368;778.7;30660;Line 345;1;163.965020484389
-23.292737613;-46.736145747;779.3;30630;Line 345;1;163.965020484389
-23.29299884;-46.736068126;779.8;30600;Line 345;1;163.965020484389
-23.293260066;-46.735990504;779.8;30570;Line 345;1;163.965020484389
-23.293521293;-46.735912883;779.1;30540;Line 345;1;163.965020484389
-23.293782519;-46.735835261;778.2;30510;Line 345;1;163.965020484389
-23.294043746;-46.735757638;777.3;30480;Line 345;1;163.965020484389
-23.294304972;-46.735680016;777.8;30450;Line 345;1;163.965020484389
-23.294566198;-46.735602393;779.8;30420;Line 345;1;163.965020484389
-23.294827425;-46.735524769;781.9;30390;Line 345;1;163.965020484389
-23.295088651;-46.735447146;783.1;30360;Line 345;1;163.965020484389
-23.295349877;-46.735369522;782.4;30330;Line 345;1;163.965020484389
-23.295611103;-46.735291898;781.9;30300;Line 345;1;163.965020484389
-23.29587233;-46.735214274;781.7;30270;Line 345;1;163.965020484389
-23.296133556;-46.735136649;782.7;30240;Line 345;1;163.965020484389
-23.296394782;-46.735059025;784.0;30210;Line 345;1;163.965020484389
-23.296656008;-46.7349814;785.1;30180;Line 345;1;163.965020484389
-23.296917234;-46.734903774;779.5;30150;Line 345;1;163.965020484389
-23.29717846;-46.734826149;773.4;30120;Line 345;1;163.965020484389
-23.297439686;-46.734748523;767.1;30090;Line 345;1;163.965020484389
-23.297700912;-46.734670897;762.7;30060;Line 345;1;163.965020484389
-23.297962138;-46.73459327;758.8;30030;Line 345;1;163.965020484389
-23.298223364;-46.734515643;754.7;30000;Line 345;1;163.965020484389
-23.29848459;-46.734438016;753.2;29970;Line 345;1;163.965020484389
-23.298745816;-46.734360389;753.6;29940;Line 345;1;163.965020484389
-23.299007042;-46.734282762;754.3;29910;Line 345;1;163.965020484389
-23.299268268;-46.734205134;756.3;29880;Line 345;1;163.965020484389
-23.299529494;-46.734127506;760.0;29850;Line 345;1;163.965020484389
-23.299790719;-46.734049878;762.9;29820;Line 345;1;163.965020484389
-23.300051945;-46.733972249;765.2;29790;Line 345;1;163.965020484389
-23.300313171;-46.73389462;766.1;29760;Line 345;1;163.965020484389
-23.300574396;-46.733816991;766.8;29730;Line 345;1;163.965020484389
-23.300835622;-46.733739362;767.4;29700;Line 345;1;163.965020484389
-23.301096848;-46.733661732;770.3;29670;Line 345;1;163.965020484389
-23.301358073;-46.733584102;773.1;29640;Line 345;1;163.965020484389
-23.301619299;-46.733506472;775.8;29610;Line 345;1;163.965020484389
-23.301880524;-46.733428841;779.8;29580;Line 345;1;163.965020484389
-23.30214175;-46.733351211;784.4;29550;Line 345;1;163.965020484389
-23.302402975;-46.733273579;789.0;29520;Line 345;1;163.965020484389
-23.302664201;-46.733195948;791.9;29490;Line 345;1;163.965020484389
-23.302925426;-46.733118317;793.9;29460;Line 345;1;163.965020484389
-23.303186652;-46.733040685;796.0;29430;Line 345;1;163.965020484389
-23.303447877;-46.732963053;796.9;29400;Line 345;1;163.965020484389
-23.303709102;-46.73288542;796.1;29370;Line 345;1;163.965020484389
-23.303970328;-46.732807788;794.9;29340;Line 345;1;163.965020484389
-23.304231553;-46.732730155;793.9;29310;Line 345;1;163.965020484389
-23.304492778;-46.732652522;794.7;29280;Line 345;1;163.965020484389
-23.304754004;-46.732574888;795.8;29250;Line 345;1;163.965020484389
-23.305015229;-46.732497254;796.7;29220;Line 345;1;163.965020484389
-23.305276454;-46.73241962;791.3;29190;Line 345;1;163.965020484389
-23.305537679;-46.732341986;786.1;29160;Line 345;1;163.965020484389
-23.305798904;-46.732264352;781.2;29130;Line 345;1;163.965020484389
-23.306060129;-46.732186717;779.1;29100;Line 345;1;163.965020484389
-23.306321354;-46.732109082;776.7;29070;Line 345;1;163.965020484389
-23.306582579;-46.732031446;773.4;29040;Line 345;1;163.965020484389
-23.306843804;-46.731953811;770.6;29010;Line 345;1;163.965020484389
-23.307105029;-46.731876175;769.0;28980;Line 345;1;163.965020484389
-23.307366254;-46.731798539;768.1;28950;Line 345;1;163.965020484389
-23.307627479;-46.731720902;771.0;28920;Line 345;1;163.965020484389
-23.307888704;-46.731643266;777.7;28890;Line 345;1;163.965020484389
-23.308149929;-46.731565629;785.0;28860;Line 345;1;163.965020484389
-23.308411154;-46.731487991;792.2;28830;Line 345;1;163.965020484389
-23.308672379;-46.731410354;798.3;28800;Line 345;1;163.965020484389
-23.308933603;-46.731332716;803.6;28770;Line 345;1;163.965020484389
-23.309194828;-46.731255078;807.3;28740;Line 345;1;163.965020484389
-23.309456053;-46.73117744;803.5;28710;Line 345;1;163.965020484389
-23.309717277;-46.731099801;799.6;28680;Line 345;1;163.965020484389
-23.309978502;-46.731022162;795.6;28650;Line 345;1;163.965020484389
-23.310239727;-46.730944523;793.9;28620;Line 345;1;163.965020484389
-23.310500951;-46.730866884;793.0;28590;Line 345;1;163.965020484389
-23.310762176;-46.730789244;792.8;28560;Line 345;1;163.965020484389
-23.3110234;-46.730711604;793.6;28530;Line 345;1;163.965020484389
-23.311284625;-46.730633964;794.9;28500;Line 345;1;163.965020484389
-23.311545849;-46.730556323;796.7;28470;Line 345;1;163.965020484389
-23.311807074;-46.730478683;794.5;28440;Line 345;1;163.965020484389
-23.312068298;-46.730401042;789.7;28410;Line 345;1;163.965020484389
-23.312329523;-46.7303234;786.0;28380;Line 345;1;163.965020484389
-23.312590747;-46.730245759;784.9;28350;Line 345;1;163.965020484389
-23.312851971;-46.730168117;787.1;28320;Line 345;1;163.965020484389
-23.313113196;-46.730090475;789.7;28290;Line 345;1;163.965020484389
-23.31337442;-46.730012832;791.7;28260;Line 345;1;163.965020484389
-23.313635644;-46.72993519;788.2;28230;Line 345;1;163.965020484389
-23.313896869;-46.729857547;785.2;28200;Line 345;1;163.965020484389
-23.314158093;-46.729779904;783.0;28170;Line 345;1;163.965020484389
-23.314419317;-46.72970226;778.0;28140;Line 345;1;163.965020484389
-23.314680541;-46.729624616;772.1;28110;Line 345;1;163.965020484389
-23.314941765;-46.729546972;765.4;28080;Line 345;1;163.965020484389
-23.315202989;-46.729469328;762.8;28050;Line 345;1;163.965020484389
-23.315464213;-46.729391684;761.7;28020;Line 345;1;163.965020484389
-23.315725437;-46.729314039;760.6;27990;Line 345;1;163.965020484389
-23.315986661;-46.729236394;760.2;27960;Line 345;1;163.965020484389
-23.316247885;-46.729158748;760.1;27930;Line 345;1;163.965020484389
-23.316509109;-46.729081103;760.0;27900;Line 345;1;163.965020484389
-23.316770333;-46.729003457;758.3;27870;Line 345;1;163.965020484389
-23.317031557;-46.728925811;754.3;27840;Line 345;1;163.965020484389
-23.317292781;-46.728848164;750.3;27810;Line 345;1;163.965020484389
-23.317554005;-46.728770518;747.1;27780;Line 345;1;163.965020484389
-23.317815229;-46.728692871;747.3;27750;Line 345;1;163.965020484389
-23.318076452;-46.728615223;747.7;27720;Line 345;1;163.965020484389
-23.318337676;-46.728537576;748.0;27690;Line 345;1;163.965020484389
-23.3185989;-46.728459928;746.3;27660;Line 345;1;163.965020484389
-23.318860123;-46.72838228;743.8;27630;Line 345;1;163.965020484389
-23.319121347;-46.728304632;740.8;27600;Line 345;1;163.965020484389
-23.319382571;-46.728226983;740.4;27570;Line 345;1;163.965020484389
-23.319643794;-46.728149334;740.2;27540;Line 345;1;163.965020484389
-23.319905018;-46.728071685;739.6;27510;Line 345;1;163.965020484389
-23.320166241;-46.727994036;744.0;27480;Line 345;1;163.965020484389
-23.320427465;-46.727916386;751.1;27450;Line 345;1;163.965020484389
-23.320688688;-46.727838736;757.7;27420;Line 345;1;163.965020484389
-23.320949912;-46.727761086;762.4;27390;Line 345;1;163.965020484389
-23.321211135;-46.727683435;765.0;27360;Line 345;1;163.965020484389
-23.321472359;-46.727605784;767.3;27330;Line 345;1;163.965020484389
-23.321733582;-46.727528133;767.8;27300;Line 345;1;163.965020484389
-23.321994805;-46.727450482;764.1;27270;Line 345;1;163.965020484389
-23.322256029;-46.727372831;760.6;27240;Line 345;1;163.965020484389
-23.322517252;-46.727295179;757.7;27210;Line 345;1;163.965020484389
-23.322778475;-46.727217527;762.6;27180;Line 345;1;163.965020484389
-23.323039698;-46.727139874;766.9;27150;Line 345;1;163.965020484389
-23.323300922;-46.727062221;770.4;27120;Line 345;1;163.965020484389
-23.323562145;-46.726984569;771.4;27090;Line 345;1;163.965020484389
-23.323823368;-46.726906915;771.9;27060;Line 345;1;163.965020484389
-23.324084591;-46.726829262;772.4;27030;Line 345;1;163.965020484389
-23.324345814;-46.726751608;767.7;27000;Line 345;1;163.965020484389
-23.324607037;-46.726673954;760.7;26970;Line 345;1;163.965020484389
-23.32486826;-46.7265963;753.9;26940;Line 345;1;163.965020484389
-23.325129483;-46.726518645;750.6;26910;Line 345;1;163.965020484389
-23.325390706;-46.72644099;750.4;26880;Line 345;1;163.965020484389
-23.325651929;-46.726363335;750.2;26850;Line 345;1;163.965020484389
-23.325913152;-46.72628568;748.9;26820;Line 345;1;163.965020484389
-23.326174375;-46.726208024;745.3;26790;Line 345;1;163.965020484389
-23.326435598;-46.726130368;742.2;26760;Line 345;1;163.965020484389
-23.326696821;-46.726052712;739.6;26730;Line 345;1;163.965020484389
-23.326958043;-46.725975056;737.0;26700;Line 345;1;163.965020484389
-23.327219266;-46.725897399;734.8;26670;Line 345;1;163.965020484389
-23.327480489;-46.725819742;733.1;26640;Line 345;1;163.965020484389
-23.327741712;-46.725742085;732.3;26610;Line 345;1;163.965020484389
-23.328002934;-46.725664427;731.7;26580;Line 345;1;163.965020484389
-23.328264157;-46.725586769;731.3;26550;Line 345;1;163.965020484389
-23.328525379;-46.725509111;731.9;26520;Line 345;1;163.965020484389
-23.328786602;-46.725431453;732.7;26490;Line 345;1;163.965020484389
-23.329047825;-46.725353794;733.7;26460;Line 345;1;163.965020484389
-23.329309047;-46.725276135;736.7;26430;Line 345;1;163.965020484389
-23.32957027;-46.725198476;742.0;26400;Line 345;1;163.965020484389
-23.329831492;-46.725120817;747.8;26370;Line 345;1;163.965020484389
-23.330092715;-46.725043157;753.6;26340;Line 345;1;163.965020484389
-23.330353937;-46.724965497;758.0;26310;Line 345;1;163.965020484389
-23.330615159;-46.724887837;761.7;26280;Line 345;1;163.965020484389
-23.330876382;-46.724810176;764.9;26250;Line 345;1;163.965020484389
-23.331137604;-46.724732516;764.5;26220;Line 345;1;163.965020484389
-23.331398826;-46.724654855;764.9;26190;Line 345;1;163.965020484389
-23.331660049;-46.724577193;766.1;26160;Line 345;1;163.965020484389
-23.331921271;-46.724499532;763.1;26130;Line 345;1;163.965020484389
-23.332182493;-46.72442187;760.6;26100;Line 345;1;163.965020484389
-23.332443715;-46.724344208;758.7;26070;Line 345;1;163.965020484389
-23.332704938;-46.724266545;757.5;26040;Line 345;1;163.965020484389
-23.33296616;-46.724188882;756.3;26010;Line 345;1;163.965020484389
-23.333227382;-46.72411122;755.9;25980;Line 345;1;163.965020484389
-23.333488604;-46.724033556;758.5;25950;Line 345;1;163.965020484389
-23.333749826;-46.723955893;761.6;25920;Line 345;1;163.965020484389
-23.334011048;-46.723878229;763.8;25890;Line 345;1;163.965020484389
-23.33427227;-46.723800565;763.5;25860;Line 345;1;163.965020484389
-23.334533492;-46.723722901;759.8;25830;Line 345;1;163.965020484389
-23.334794714;-46.723645236;755.2;25800;Line 345;1;163.965020484389
-23.335055936;-46.723567571;750.6;25770;Line 345;1;163.965020484389
-23.335317158;-46.723489906;749.1;25740;Line 345;1;163.965020484389
-23.335578379;-46.723412241;747.2;25710;Line 345;1;163.965020484389
-23.335839601;-46.723334575;744.9;25680;Line 345;1;163.965020484389
-23.336100823;-46.723256909;742.5;25650;Line 345;1;163.965020484389
-23.336362045;-46.723179243;740.0;25620;Line 345;1;163.965020484389
-23.336623266;-46.723101576;737.5;25590;Line 345;1;163.965020484389
-23.336884488;-46.72302391;735.8;25560;Line 345;1;163.965020484389
-23.33714571;-46.722946243;734.3;25530;Line 345;1;163.965020484389
-23.337406931;-46.722868575;732.9;25500;Line 345;1;163.965020484389
-23.337668153;-46.722790908;733.5;25470;Line 345;1;163.965020484389
-23.337929375;-46.72271324;735.6;25440;Line 345;1;163.965020484389
-23.338190596;-46.722635572;738.0;25410;Line 345;1;163.965020484389
-23.338451818;-46.722557903;742.2;25380;Line 345;1;163.965020484389
-23.338713039;-46.722480235;748.9;25350;Line 345;1;163.965020484389
-23.338974261;-46.722402566;755.6;25320;Line 345;1;163.965020484389
-23.339235482;-46.722324897;761.4;25290;Line 345;1;163.965020484389
-23.339496704;-46.722247227;765.1;25260;Line 345;1;163.965020484389
-23.339757925;-46.722169557;769.0;25230;Line 345;1;163.965020484389
-23.340019146;-46.722091887;773.0;25200;Line 345;1;163.965020484389
-23.340280368;-46.722014217;775.6;25170;Line 345;1;163.965020484389
-23.340541589;-46.721936547;778.1;25140;Line 345;1;163.965020484389
-23.34080281;-46.721858876;780.5;25110;Line 345;1;163.965020484389
-23.341064031;-46.721781205;777.5;25080;Line 345;1;163.965020484389
-23.341325253;-46.721703533;773.8;25050;Line 345;1;163.965020484389
-23.341586474;-46.721625862;770.2;25020;Line 345;1;163.965020484389
-23.341847695;-46.72154819;768.1;24990;Line 345;1;163.965020484389
-23.342108916;-46.721470518;766.5;24960;Line 345;1;163.965020484389
-23.342370137;-46.721392845;765.1;24930;Line 345;1;163.965020484389
-23.342631358;-46.721315172;769.0;24900;Line 345;1;163.965020484389
-23.342892579;-46.721237499;777.3;24870;Line 345;1;163.965020484389
-23.3431538;-46.721159826;784.8;24840;Line 345;1;163.965020484389
-23.343415021;-46.721082153;790.2;24810;Line 345;1;163.965020484389
-23.343676242;-46.721004479;793.3;24780;Line 345;1;163.965020484389
-23.343937463;-46.720926805;796.6;24750;Line 345;1;163.965020484389
-23.344198684;-46.72084913;799.8;24720;Line 345;1;163.965020484389
-23.344459905;-46.720771456;801.1;24690;Line 345;1;163.965020484389
-23.344721126;-46.720693781;802.6;24660;Line 345;1;163.965020484389
-23.344982347;-46.720616106;804.1;24630;Line 345;1;163.965020484389
-23.345243567;-46.72053843;802.8;24600;Line 345;1;163.965020484389
-23.345504788;-46.720460755;801.2;24570;Line 345;1;163.965020484389
-23.345766009;-46.720383079;799.6;24540;Line 345;1;163.965020484389
-23.346027229;-46.720305402;797.1;24510;Line 345;1;163.965020484389
-23.34628845;-46.720227726;793.8;24480;Line 345;1;163.965020484389
-23.346549671;-46.720150049;790.2;24450;Line 345;1;163.965020484389
-23.346810891;-46.720072372;787.4;24420;Line 345;1;163.965020484389
-23.347072112;-46.719994695;785.6;24390;Line 345;1;163.965020484389
-23.347333333;-46.719917017;783.7;24360;Line 345;1;163.965020484389
-23.347594553;-46.719839339;782.0;24330;Line 345;1;163.965020484389
-23.347855774;-46.719761661;780.0;24300;Line 345;1;163.965020484389
-23.348116994;-46.719683983;778.1;24270;Line 345;1;163.965020484389
-23.348378214;-46.719606304;776.5;24240;Line 345;1;163.965020484389
-23.348639435;-46.719528625;777.6;24210;Line 345;1;163.965020484389
-23.348900655;-46.719450946;779.2;24180;Line 345;1;163.965020484389
-23.349161876;-46.719373266;781.2;24150;Line 345;1;163.965020484389
-23.349423096;-46.719295587;783.2;24120;Line 345;1;163.965020484389
-23.349684316;-46.719217906;785.1;24090;Line 345;1;163.965020484389
-23.349945536;-46.719140226;787.4;24060;Line 345;1;163.965020484389
-23.350206757;-46.719062546;788.2;24030;Line 345;1;163.965020484389
-23.350467977;-46.718984865;788.3;24000;Line 345;1;163.965020484389
-23.350729197;-46.718907184;788.3;23970;Line 345;1;163.965020484389
-23.350990417;-46.718829502;788.3;23940;Line 345;1;163.965020484389
-23.351251637;-46.718751821;788.2;23910;Line 345;1;163.965020484389
-23.351512857;-46.718674139;787.7;23880;Line 345;1;163.965020484389
-23.351774077;-46.718596456;787.4;23850;Line 345;1;163.965020484389
-23.352035297;-46.718518774;787.7;23820;Line 345;1;163.965020484389
-23.352296517;-46.718441091;787.5;23790;Line 345;1;163.965020484389
-23.352557737;-46.718363408;787.7;23760;Line 345;1;163.965020484389
-23.352818957;-46.718285725;791.3;23730;Line 345;1;163.965020484389
-23.353080177;-46.718208041;795.4;23700;Line 345;1;163.965020484389
-23.353341397;-46.718130357;799.5;23670;Line 345;1;163.965020484389
-23.353602617;-46.718052673;803.0;23640;Line 345;1;163.965020484389
-23.353863837;-46.717974989;806.6;23610;Line 345;1;163.965020484389
-23.354125057;-46.717897304;810.4;23580;Line 345;1;163.965020484389
-23.354386276;-46.717819619;812.0;23550;Line 345;1;163.965020484389
-23.354647496;-46.717741934;812.9;23520;Line 345;1;163.965020484389
-23.354908716;-46.717664249;813.5;23490;Line 345;1;163.965020484389
-23.355169935;-46.717586563;813.6;23460;Line 345;1;163.965020484389
-23.355431155;-46.717508877;812.9;23430;Line 345;1;163.965020484389
-23.355692375;-46.717431191;812.1;23400;Line 345;1;163.965020484389
-23.355953594;-46.717353504;810.9;23370;Line 345;1;163.965020484389
-23.356214814;-46.717275817;808.9;23340;Line 345;1;163.965020484389
-23.356476033;-46.71719813;806.5;23310;Line 345;1;163.965020484389
-23.356737253;-46.717120443;804.0;23280;Line 345;1;163.965020484389
-23.356998472;-46.717042755;801.7;23250;Line 345;1;163.965020484389
-23.357259692;-46.716965067;799.0;23220;Line 345;1;163.965020484389
-23.357520911;-46.716887379;796.0;23190;Line 345;1;163.965020484389
-23.357782131;-46.71680969;793.9;23160;Line 345;1;163.965020484389
-23.35804335;-46.716732002;791.9;23130;Line 345;1;163.965020484389
-23.358304569;-46.716654313;790.4;23100;Line 345;1;163.965020484389
-23.358565789;-46.716576623;792.7;23070;Line 345;1;163.965020484389
-23.358827008;-46.716498934;795.4;23040;Line 345;1;163.965020484389
-23.359088227;-46.716421244;798.2;23010;Line 345;1;163.965020484389
-23.359349446;-46.716343554;798.6;22980;Line 345;1;163.965020484389
-23.359610666;-46.716265864;798.0;22950;Line 345;1;163.965020484389
-23.359871885;-46.716188173;797.6;22920;Line 345;1;163.965020484389
-23.360133104;-46.716110482;796.3;22890;Line 345;1;163.965020484389
-23.360394323;-46.716032791;793.4;22860;Line 345;1;163.965020484389
-23.360655542;-46.715955099;789.8;22830;Line 345;1;163.965020484389
-23.360916761;-46.715877408;784.8;22800;Line 345;1;163.965020484389
-23.36117798;-46.715799716;777.7;22770;Line 345;1;163.965020484389
-23.361439199;-46.715722023;770.7;22740;Line 345;1;163.965020484389
-23.361700418;-46.715644331;765.5;22710;Line 345;1;163.965020484389
-23.361961637;-46.715566638;767.2;22680;Line 345;1;163.965020484389
-23.362222856;-46.715488945;769.4;22650;Line 345;1;163.965020484389
-23.362484075;-46.715411252;772.1;22620;Line 345;1;163.965020484389
-23.362745294;-46.715333558;774.2;22590;Line 345;1;163.965020484389
-23.363006512;-46.715255864;776.6;22560;Line 345;1;163.965020484389
-23.363267731;-46.71517817;779.3;22530;Line 345;1;163.965020484389
-23.36352895;-46.715100476;778.8;22500;Line 345;1;163.965020484389
-23.363790169;-46.715022781;776.7;22470;Line 345;1;163.965020484389
-23.364051387;-46.714945086;774.4;22440;Line 345;1;163.965020484389
-23.364312606;-46.714867391;772.2;22410;Line 345;1;163.965020484389
-23.364573825;-46.714789695;769.3;22380;Line 345;1;163.965020484389
-23.364835043;-46.714711999;765.6;22350;Line 345;1;163.965020484389
-23.365096262;-46.714634303;762.7;22320;Line 345;1;163.965020484389
-23.36535748;-46.714556607;762.1;22290;Line 345;1;163.965020484389
-23.365618699;-46.71447891;760.8;22260;Line 345;1;163.965020484389
-23.365879917;-46.714401213;759.4;22230;Line 345;1;163.965020484389
-23.366141136;-46.714323516;760.4;22200;Line 345;1;163.965020484389
-23.366402354;-46.714245819;761.2;22170;Line 345;1;163.965020484389
-23.366663573;-46.714168121;762.0;22140;Line 345;1;163.965020484389
-23.366924791;-46.714090423;766.2;22110;Line 345;1;163.965020484389
-23.36718601;-46.714012725;770.1;22080;Line 345;1;163.965020484389
-23.367447228;-46.713935026;773.8;22050;Line 345;1;163.965020484389
-23.367708446;-46.713857328;776.7;22020;Line 345;1;163.965020484389
-23.367969664;-46.713779628;779.0;21990;Line 345;1;163.965020484389
-23.368230883;-46.713701929;780.6;21960;Line 345;1;163.965020484389
-23.368492101;-46.71362423;781.5;21930;Line 345;1;163.965020484389
-23.368753319;-46.71354653;781.7;21900;Line 345;1;163.965020484389
-23.369014537;-46.713468829;780.9;21870;Line 345;1;163.965020484389
-23.369275755;-46.713391129;778.9;21840;Line 345;1;163.965020484389
-23.369536973;-46.713313428;776.5;21810;Line 345;1;163.965020484389
-23.369798191;-46.713235727;776.4;21780;Line 345;1;163.965020484389
-23.370059409;-46.713158026;777.6;21750;Line 345;1;163.965020484389
-23.370320627;-46.713080325;781.8;21720;Line 345;1;163.965020484389
-23.370581845;-46.713002623;786.6;21690;Line 345;1;163.965020484389
-23.370843063;-46.712924921;792.0;21660;Line 345;1;163.965020484389
-23.371104281;-46.712847219;797.6;21630;Line 345;1;163.965020484389
-23.371365499;-46.712769516;803.2;21600;Line 345;1;163.965020484389
-23.371626717;-46.712691813;808.9;21570;Line 345;1;163.965020484389
-23.371887935;-46.71261411;811.9;21540;Line 345;1;163.965020484389
-23.372149153;-46.712536407;814.2;21510;Line 345;1;163.965020484389
-23.37241037;-46.712458703;816.1;21480;Line 345;1;163.965020484389
-23.372671588;-46.712380999;815.3;21450;Line 345;1;163.965020484389
-23.372932806;-46.712303295;813.4;21420;Line 345;1;163.965020484389
-23.373194024;-46.71222559;812.0;21390;Line 345;1;163.965020484389
-23.373455241;-46.712147885;810.6;21360;Line 345;1;163.965020484389
-23.373716459;-46.71207018;808.4;21330;Line 345;1;163.965020484389
-23.373977676;-46.711992475;805.9;21300;Line 345;1;163.965020484389
-23.374238894;-46.711914769;801.3;21270;Line 345;1;163.965020484389
-23.374500112;-46.711837064;792.2;21240;Line 345;1;163.965020484389
-23.374761329;-46.711759357;782.4;21210;Line 345;1;163.965020484389
-23.375022547;-46.711681651;773.0;21180;Line 345;1;163.965020484389
-23.375283764;-46.711603944;773.3;21150;Line 345;1;163.965020484389
-23.375544981;-46.711526237;773.8;21120;Line 345;1;163.965020484389
-23.375806199;-46.71144853;774.5;21090;Line 345;1;163.965020484389
-23.376067416;-46.711370823;780.3;21060;Line 345;1;163.965020484389
-23.376328633;-46.711293115;786.5;21030;Line 345;1;163.965020484389
-23.376589851;-46.711215407;792.4;21000;Line 345;1;163.965020484389
-23.376851068;-46.711137699;795.5;20970;Line 345;1;163.965020484389
-23.377112285;-46.71105999;797.2;20940;Line 345;1;163.965020484389
-23.377373503;-46.710982281;798.6;20910;Line 345;1;163.965020484389
-23.37763472;-46.710904572;799.2;20880;Line 345;1;163.965020484389
-23.377895937;-46.710826863;799.0;20850;Line 345;1;163.965020484389
-23.378157154;-46.710749153;798.3;20820;Line 345;1;163.965020484389
-23.378418371;-46.710671443;796.1;20790;Line 345;1;163.965020484389
-23.378679588;-46.710593733;791.3;20760;Line 345;1;163.965020484389
-23.378940805;-46.710516022;786.5;20730;Line 345;1;163.965020484389
-23.379202022;-46.710438312;782.5;20700;Line 345;1;163.965020484389
-23.379463239;-46.710360601;784.4;20670;Line 345;1;163.965020484389
-23.379724456;-46.710282889;786.3;20640;Line 345;1;163.965020484389
-23.379985673;-46.710205178;788.3;20610;Line 345;1;163.965020484389
-23.38024689;-46.710127466;788.2;20580;Line 345;1;163.965020484389
-23.380508107;-46.710049754;787.6;20550;Line 345;1;163.965020484389
-23.380769324;-46.709972041;786.8;20520;Line 345;1;163.965020484389
-23.381030541;-46.709894329;787.8;20490;Line 345;1;163.965020484389
-23.381291757;-46.709816616;788.9;20460;Line 345;1;163.965020484389
-23.381552974;-46.709738903;789.3;20430;Line 345;1;163.965020484389
-23.381814191;-46.709661189;789.5;20400;Line 345;1;163.965020484389
-23.382075408;-46.709583475;789.7;20370;Line 345;1;163.965020484389
-23.382336624;-46.709505761;790.0;20340;Line 345;1;163.965020484389
-23.382597841;-46.709428047;790.8;20310;Line 345;1;163.965020484389
-23.382859057;-46.709350332;792.5;20280;Line 345;1;163.965020484389
-23.383120274;-46.709272618;794.5;20250;Line 345;1;163.965020484389
-23.383381491;-46.709194902;796.3;20220;Line 345;1;163.965020484389
-23.383642707;-46.709117187;795.4;20190;Line 345;1;163.965020484389
-23.383903924;-46.709039471;794.5;20160;Line 345;1;163.965020484389
-23.38416514;-46.708961756;793.5;20130;Line 345;1;163.965020484389
-23.384426356;-46.708884039;792.5;20100;Line 345;1;163.965020484389
-23.384687573;-46.708806323;791.4;20070;Line 345;1;163.965020484389
-23.384948789;-46.708728606;790.2;20040;Line 345;1;163.965020484389
-23.385210006;-46.708650889;789.4;20010;Line 345;1;163.965020484389
-23.385471222;-46.708573172;788.5;19980;Line 345;1;163.965020484389
-23.385732438;-46.708495454;787.5;19950;Line 345;1;163.965020484389
-23.385993654;-46.708417736;787.8;19920;Line 345;1;163.965020484389
-23.386254871;-46.708340018;789.1;19890;Line 345;1;163.965020484389
-23.386516087;-46.7082623;790.2;19860;Line 345;1;163.965020484389
-23.386777303;-46.708184581;790.5;19830;Line 345;1;163.965020484389
-23.387038519;-46.708106862;790.4;19800;Line 345;1;163.965020484389
-23.387299735;-46.708029143;790.4;19770;Line 345;1;163.965020484389
-23.387560951;-46.707951424;790.3;19740;Line 345;1;163.965020484389
-23.387822167;-46.707873704;789.7;19710;Line 345;1;163.965020484389
-23.388083383;-46.707795984;789.0;19680;Line 345;1;163.965020484389
-23.388344599;-46.707718264;788.1;19650;Line 345;1;163.965020484389
-23.388605815;-46.707640543;785.7;19620;Line 345;1;163.965020484389
-23.388867031;-46.707562822;783.2;19590;Line 345;1;163.965020484389
-23.389128247;-46.707485101;781.3;19560;Line 345;1;163.965020484389
-23.389389463;-46.70740738;783.4;19530;Line 345;1;163.965020484389
-23.389650679;-46.707329658;785.8;19500;Line 345;1;163.965020484389
-23.389911895;-46.707251936;788.4;19470;Line 345;1;163.965020484389
-23.390173111;-46.707174214;790.7;19440;Line 345;1;163.965020484389
-23.390434326;-46.707096492;793.1;19410;Line 345;1;163.965020484389
-23.390695542;-46.707018769;795.8;19380;Line 345;1;163.965020484389
-23.390956758;-46.706941046;798.4;19350;Line 345;1;163.965020484389
-23.391217974;-46.706863323;800.8;19320;Line 345;1;163.965020484389
-23.391479189;-46.706785599;803.1;19290;Line 345;1;163.965020484389
-23.391740405;-46.706707875;805.4;19260;Line 345;1;163.965020484389
-23.39200162;-46.706630151;807.5;19230;Line 345;1;163.965020484389
-23.392262836;-46.706552427;809.3;19200;Line 345;1;163.965020484389
-23.392524051;-46.706474702;811.3;19170;Line 345;1;163.965020484389
-23.392785267;-46.706396977;815.4;19140;Line 345;1;163.965020484389
-23.393046482;-46.706319252;819.6;19110;Line 345;1;163.965020484389
-23.393307698;-46.706241526;823.9;19080;Line 345;1;163.965020484389
-23.393568913;-46.706163801;832.6;19050;Line 345;1;163.965020484389
-23.393830129;-46.706086075;841.9;19020;Line 345;1;163.965020484389
-23.394091344;-46.706008348;851.3;18990;Line 345;1;163.965020484389
-23.394352559;-46.705930622;863.3;18960;Line 345;1;163.965020484389
-23.394613775;-46.705852895;876.0;18930;Line 345;1;163.965020484389
-23.39487499;-46.705775168;888.8;18900;Line 345;1;163.965020484389
-23.395136205;-46.705697441;902.8;18870;Line 345;1;163.965020484389
-23.39539742;-46.705619713;917.7;18840;Line 345;1;163.965020484389
-23.395658636;-46.705541985;932.7;18810;Line 345;1;163.965020484389
-23.395919851;-46.705464257;947.7;18780;Line 345;1;163.965020484389
-23.396181066;-46.705386528;963.5;18750;Line 345;1;163.965020484389
-23.396442281;-46.7053088;979.7;18720;Line 345;1;163.965020484389
-23.396703496;-46.705231071;995.9;18690;Line 345;1;163.965020484389
-23.396964711;-46.705153341;1008.5;18660;Line 345;1;163.965020484389
-23.397225926;-46.705075612;1020.4;18630;Line 345;1;163.965020484389
-23.397487141;-46.704997882;1031.5;18600;Line 345;1;163.965020484389
-23.397748356;-46.704920152;1040.9;18570;Line 345;1;163.965020484389
-23.398009571;-46.704842422;1050.9;18540;Line 345;1;163.965020484389
-23.398270786;-46.704764691;1061.7;18510;Line 345;1;163.965020484389
-23.398532001;-46.70468696;1067.4;18480;Line 345;1;163.965020484389
-23.398793216;-46.704609229;1070.8;18450;Line 345;1;163.965020484389
-23.39905443;-46.704531497;1073.6;18420;Line 345;1;163.965020484389
-23.399315645;-46.704453766;1076.3;18390;Line 345;1;163.965020484389
-23.39957686;-46.704376034;1078.5;18360;Line 345;1;163.965020484389
-23.399838075;-46.704298301;1079.8;18330;Line 345;1;163.965020484389
-23.400099289;-46.704220569;1083.0;18300;Line 345;1;163.965020484389
-23.400360504;-46.704142836;1089.8;18270;Line 345;1;163.965020484389
-23.400621719;-46.704065103;1095.2;18240;Line 345;1;163.965020484389
-23.400882933;-46.70398737;1098.7;18210;Line 345;1;163.965020484389
-23.401144148;-46.703909636;1100.8;18180;Line 345;1;163.965020484389
-23.401405362;-46.703831902;1102.8;18150;Line 345;1;163.965020484389
-23.401666577;-46.703754168;1104.6;18120;Line 345;1;163.965020484389
-23.401927791;-46.703676433;1106.2;18090;Line 345;1;163.965020484389
-23.402189006;-46.703598699;1108.2;18060;Line 345;1;163.965020484389
-23.40245022;-46.703520964;1110.6;18030;Line 345;1;163.965020484389
-23.402711435;-46.703443228;1106.7;18000;Line 345;1;163.965020484389
-23.402972649;-46.703365493;1101.0;17970;Line 345;1;163.965020484389
-23.403233863;-46.703287757;1095.5;17940;Line 345;1;163.965020484389
-23.403495078;-46.703210021;1088.2;17910;Line 345;1;163.965020484389
-23.403756292;-46.703132285;1079.5;17880;Line 345;1;163.965020484389
-23.404017506;-46.703054548;1070.8;17850;Line 345;1;163.965020484389
-23.40427872;-46.702976811;1061.2;17820;Line 345;1;163.965020484389
-23.404539934;-46.702899074;1051.0;17790;Line 345;1;163.965020484389
-23.404801149;-46.702821336;1041.3;17760;Line 345;1;163.965020484389
-23.405062363;-46.702743599;1032.7;17730;Line 345;1;163.965020484389
-23.405323577;-46.702665861;1026.5;17700;Line 345;1;163.965020484389
-23.405584791;-46.702588122;1020.5;17670;Line 345;1;163.965020484389
-23.405846005;-46.702510384;1015.0;17640;Line 345;1;163.965020484389
-23.406107219;-46.702432645;1014.0;17610;Line 345;1;163.965020484389
-23.406368433;-46.702354906;1012.5;17580;Line 345;1;163.965020484389
-23.406629647;-46.702277166;1010.6;17550;Line 345;1;163.965020484389
-23.406890861;-46.702199427;1015.1;17520;Line 345;1;163.965020484389
-23.407152075;-46.702121687;1020.2;17490;Line 345;1;163.965020484389
-23.407413289;-46.702043947;1025.0;17460;Line 345;1;163.965020484389
-23.407674502;-46.701966206;1024.2;17430;Line 345;1;163.965020484389
-23.407935716;-46.701888466;1020.6;17400;Line 345;1;163.965020484389
-23.40819693;-46.701810725;1016.6;17370;Line 345;1;163.965020484389
-23.408458144;-46.701732983;1014.8;17340;Line 345;1;163.965020484389
-23.408719358;-46.701655242;1016.6;17310;Line 345;1;163.965020484389
-23.408980571;-46.7015775;1019.8;17280;Line 345;1;163.965020484389
-23.409241785;-46.701499758;1024.3;17250;Line 345;1;163.965020484389
-23.409502999;-46.701422015;1030.2;17220;Line 345;1;163.965020484389
-23.409764212;-46.701344273;1036.9;17190;Line 345;1;163.965020484389
-23.410025426;-46.70126653;1044.2;17160;Line 345;1;163.965020484389
-23.410286639;-46.701188787;1051.1;17130;Line 345;1;163.965020484389
-23.410547853;-46.701111043;1058.3;17100;Line 345;1;163.965020484389
-23.410809066;-46.7010333;1065.7;17070;Line 345;1;163.965020484389
-23.41107028;-46.700955556;1073.1;17040;Line 345;1;163.965020484389
-23.411331493;-46.700877811;1080.6;17010;Line 345;1;163.965020484389
-23.411592707;-46.700800067;1087.3;16980;Line 345;1;163.965020484389
-23.41185392;-46.700722322;1095.1;16950;Line 345;1;163.965020484389
-23.412115133;-46.700644577;1104.0;16920;Line 345;1;163.965020484389
-23.412376347;-46.700566831;1113.3;16890;Line 345;1;163.965020484389
-23.41263756;-46.700489086;1120.8;16860;Line 345;1;163.965020484389
-23.412898773;-46.70041134;1126.4;16830;Line 345;1;163.965020484389
-23.413159986;-46.700333594;1132.0;16800;Line 345;1;163.965020484389
-23.4134212;-46.700255847;1136.0;16770;Line 345;1;163.965020484389
-23.413682413;-46.7001781;1137.7;16740;Line 345;1;163.965020484389
-23.413943626;-46.700100353;1139.9;16710;Line 345;1;163.965020484389
-23.414204839;-46.700022606;1143.0;16680;Line 345;1;163.965020484389
-23.414466052;-46.699944859;1146.9;16650;Line 345;1;163.965020484389
-23.414727265;-46.699867111;1151.1;16620;Line 345;1;163.965020484389
-23.414988478;-46.699789363;1155.9;16590;Line 345;1;163.965020484389
-23.415249691;-46.699711614;1163.9;16560;Line 345;1;163.965020484389
-23.415510904;-46.699633866;1172.2;16530;Line 345;1;163.965020484389
-23.415772117;-46.699556117;1180.8;16500;Line 345;1;163.965020484389
-23.41603333;-46.699478368;1185.4;16470;Line 345;0;163.965020484389
-23.416294543;-46.699400618;1187.8;16440;Line 345;0;163.965020484389
-23.416555756;-46.699322868;1189.4;16410;Line 345;0;163.965020484389
-23.416816968;-46.699245118;1189.6;16380;Line 345;0;163.965020484389
-23.417078181;-46.699167368;1189.5;16350;Line 345;0;163.965020484389
-23.417339394;-46.699089618;1189.5;16320;Line 345;0;163.965020484389
-23.417600607;-46.699011867;1187.9;16290;Line 345;0;163.965020484389
-23.417861819;-46.698934116;1184.1;16260;Line 345;0;163.965020484389
-23.418123032;-46.698856364;1180.6;16230;Line 345;0;163.965020484389
-23.418384245;-46.698778613;1176.7;16200;Line 345;0;163.965020484389
-23.418645457;-46.698700861;1170.1;16170;Line 345;0;163.965020484389
-23.41890667;-46.698623108;1163.8;16140;Line 345;1;163.965020484389
-23.419167883;-46.698545356;1157.7;16110;Line 345;1;163.965020484389
-23.419429095;-46.698467603;1152.6;16080;Line 345;1;163.965020484389
-23.419690308;-46.69838985;1147.2;16050;Line 345;1;163.965020484389
-23.41995152;-46.698312097;1141.5;16020;Line 345;1;163.965020484389
-23.420212732;-46.698234343;1138.8;15990;Line 345;1;163.965020484389
-23.420473945;-46.69815659;1135.7;15960;Line 345;1;163.965020484389
-23.420735157;-46.698078835;1131.5;15930;Line 345;1;163.965020484389
-23.42099637;-46.698001081;1129.8;15900;Line 345;1;163.965020484389
-23.421257582;-46.697923326;1129.8;15870;Line 345;1;163.965020484389
-23.421518794;-46.697845572;1129.6;15840;Line 345;1;163.965020484389
-23.421780006;-46.697767816;1129.2;15810;Line 345;1;163.965020484389
-23.422041219;-46.697690061;1129.0;15780;Line 345;1;163.965020484389
-23.422302431;-46.697612305;1129.2;15750;Line 345;1;163.965020484389
-23.422563643;-46.697534549;1130.7;15720;Line 345;1;163.965020484389
-23.422824855;-46.697456793;1136.2;15690;Line 345;1;163.965020484389
-23.423086067;-46.697379036;1142.0;15660;Line 345;1;163.965020484389
-23.423347279;-46.697301279;1147.9;15630;Line 345;1;163.965020484389
-23.423608491;-46.697223522;1154.4;15600;Line 345;1;163.965020484389
-23.423869703;-46.697145765;1161.3;15570;Line 345;0;163.965020484389
-23.424130915;-46.697068007;1168.6;15540;Line 345;0;163.965020484389
-23.424392127;-46.696990249;1165.4;15510;Line 345;0;163.965020484389
-23.424653339;-46.696912491;1161.0;15480;Line 345;0;163.965020484389
-23.424914551;-46.696834733;1157.0;15450;Line 345;0;163.965020484389
-23.425175763;-46.696756974;1148.8;15420;Line 345;0;163.965020484389
-23.425436975;-46.696679215;1138.4;15390;Line 345;0;163.965020484389
-23.425698187;-46.696601456;1127.8;15360;Line 345;0;163.965020484389
-23.425959399;-46.696523696;1119.9;15330;Line 345;0;163.965020484389
-23.42622061;-46.696445936;1114.7;15300;Line 345;0;163.965020484389
-23.426481822;-46.696368176;1109.9;15270;Line 345;0;163.965020484389
-23.426743034;-46.696290416;1105.9;15240;Line 345;0;163.965020484389
-23.427004246;-46.696212655;1102.9;15210;Line 345;0;163.965020484389
-23.427265457;-46.696134894;1099.0;15180;Line 345;0;163.965020484389
-23.427526669;-46.696057133;1094.5;15150;Line 345;0;163.965020484389
-23.42778788;-46.695979371;1090.6;15120;Line 345;0;163.965020484389
-23.428049092;-46.69590161;1086.2;15090;Line 345;0;163.965020484389
-23.428310303;-46.695823848;1081.2;15060;Line 345;0;163.965020484389
-23.428571515;-46.695746085;1072.8;15030;Line 345;1;163.965020484389
-23.428832726;-46.695668323;1065.5;15000;Line 345;1;163.965020484389
-23.429093938;-46.69559056;1059.8;14970;Line 345;1;163.965020484389
-23.429355149;-46.695512797;1056.2;14940;Line 345;1;163.965020484389
-23.429616361;-46.695435033;1053.9;14910;Line 345;1;163.965020484389
-23.429877572;-46.69535727;1052.4;14880;Line 345;1;163.965020484389
-23.430138783;-46.695279506;1055.3;14850;Line 345;1;163.965020484389
-23.430399995;-46.695201741;1061.8;14820;Line 345;1;163.965020484389
-23.430661206;-46.695123977;1068.7;14790;Line 345;1;163.965020484389
-23.430922417;-46.695046212;1074.8;14760;Line 345;0;163.965020484389
-23.431183628;-46.694968447;1078.9;14730;Line 345;0;163.965020484389
-23.43144484;-46.694890682;1081.4;14700;Line 345;0;163.965020484389
-23.431706051;-46.694812916;1083.0;14670;Line 345;0;163.965020484389
-23.431967262;-46.69473515;1081.1;14640;Line 345;0;163.965020484389
-23.432228473;-46.694657384;1079.5;14610;Line 345;0;163.965020484389
-23.432489684;-46.694579618;1078.1;14580;Line 345;0;163.965020484389
-23.432750895;-46.694501851;1075.3;14550;Line 345;0;163.965020484389
-23.433012106;-46.694424084;1072.6;14520;Line 345;0;163.965020484389
-23.433273317;-46.694346317;1070.0;14490;Line 345;0;163.965020484389
-23.433534528;-46.69426855;1064.5;14460;Line 345;0;163.965020484389
-23.433795739;-46.694190782;1057.4;14430;Line 345;0;163.965020484389
-23.43405695;-46.694113014;1048.7;14400;Line 345;0;163.965020484389
-23.434318161;-46.694035245;1041.7;14370;Line 345;0;163.965020484389
-23.434579371;-46.693957477;1035.9;14340;Line 345;0;163.965020484389
-23.434840582;-46.693879708;1029.8;14310;Line 345;0;163.965020484389
-23.435101793;-46.693801939;1027.1;14280;Line 345;1;163.965020484389
-23.435363004;-46.693724169;1030.7;14250;Line 345;0;163.965020484389
-23.435624214;-46.6936464;1034.6;14220;Line 345;0;163.965020484389
-23.435885425;-46.69356863;1037.4;14190;Line 345;0;163.965020484389
-23.436146636;-46.69349086;1035.3;14160;Line 345;0;163.965020484389
-23.436407846;-46.693413089;1033.5;14130;Line 345;0;163.965020484389
-23.436669057;-46.693335318;1031.9;14100;Line 345;0;163.965020484389
-23.436930267;-46.693257547;1020.2;14070;Line 345;0;163.965020484389
-23.437191478;-46.693179776;1008.9;14040;Line 345;0;163.965020484389
-23.437452688;-46.693102004;998.2;14010;Line 345;0;163.965020484389
-23.437713899;-46.693024232;986.4;13980;Line 345;0;163.965020484389
-23.437975109;-46.69294646;975.3;13950;Line 345;0;163.965020484389
-23.43823632;-46.692868688;965.1;13920;Line 345;0;163.965020484389
-23.43849753;-46.692790915;954.8;13890;Line 345;0;163.965020484389
-23.438758741;-46.692713142;944.7;13860;Line 345;0;163.965020484389
-23.439019951;-46.692635369;935.4;13830;Line 345;0;163.965020484389
-23.439281161;-46.692557595;927.1;13800;Line 345;0;163.965020484389
-23.439542371;-46.692479822;920.1;13770;Line 345;0;163.965020484389
-23.439803582;-46.692402048;913.8;13740;Line 345;0;163.965020484389
-23.440064792;-46.692324273;907.2;13710;Line 345;0;163.965020484389
-23.440326002;-46.692246499;901.4;13680;Line 345;0;163.965020484389
-23.440587212;-46.692168724;895.8;13650;Line 345;0;163.965020484389
-23.440848422;-46.692090949;890.4;13620;Line 345;0;163.965020484389
-23.441109632;-46.692013173;886.6;13590;Line 345;0;163.965020484389
-23.441370842;-46.691935397;882.9;13560;Line 345;0;163.965020484389
-23.441632052;-46.691857621;879.2;13530;Line 345;0;163.965020484389
-23.441893262;-46.691779845;876.1;13500;Line 345;0;163.965020484389
-23.442154472;-46.691702069;873.2;13470;Line 345;0;163.965020484389
-23.442415682;-46.691624292;870.1;13440;Line 345;0;163.965020484389
-23.442676892;-46.691546515;864.7;13410;Line 345;0;163.965020484389
-23.442938102;-46.691468737;858.3;13380;Line 345;0;163.965020484389
-23.443199312;-46.69139096;852.1;13350;Line 345;0;163.965020484389
-23.443460522;-46.691313182;846.7;13320;Line 345;0;163.965020484389
-23.443721732;-46.691235404;841.8;13290;Line 345;0;163.965020484389
-23.443982941;-46.691157625;836.3;13260;Line 345;0;163.965020484389
-23.444244151;-46.691079847;830.7;13230;Line 345;0;163.965020484389
-23.444505361;-46.691002068;825.2;13200;Line 345;0;163.965020484389
-23.444766571;-46.690924288;818.9;13170;Line 345;0;163.965020484389
-23.44502778;-46.690846509;812.7;13140;Line 345;0;163.965020484389
-23.44528899;-46.690768729;810.7;13110;Line 345;0;163.965020484389
-23.445550199;-46.690690949;809.0;13080;Line 345;0;163.965020484389
-23.445811409;-46.690613169;807.6;13050;Line 345;0;163.965020484389
-23.446072619;-46.690535388;806.9;13020;Line 345;0;163.965020484389
-23.446333828;-46.690457607;806.9;12990;Line 345;0;163.965020484389
-23.446595037;-46.690379826;807.7;12960;Line 345;0;163.965020484389
-23.446856247;-46.690302044;805.8;12930;Line 345;0;163.965020484389
-23.447117456;-46.690224263;803.0;12900;Line 345;0;163.965020484389
-23.447378666;-46.690146481;800.5;12870;Line 345;0;163.965020484389
-23.447639875;-46.690068698;800.1;12840;Line 345;0;163.965020484389
-23.447901084;-46.689990916;801.2;12810;Line 345;0;163.965020484389
-23.448162294;-46.689913133;801.6;12780;Line 345;0;163.965020484389
-23.448423503;-46.68983535;799.7;12750;Line 345;0;163.965020484389
-23.448684712;-46.689757567;793.9;12720;Line 345;0;163.965020484389
-23.448945921;-46.689679783;788.1;12690;Line 345;0;163.965020484389
-23.449207131;-46.689601999;782.3;12660;Line 345;0;163.965020484389
-23.44946834;-46.689524215;776.1;12630;Line 345;0;163.965020484389
-23.449729549;-46.68944643;769.5;12600;Line 345;0;163.965020484389
-23.449990758;-46.689368646;762.3;12570;Line 345;0;163.965020484389
-23.450251967;-46.689290861;763.0;12540;Line 345;0;163.965020484389
-23.450513176;-46.689213075;764.0;12510;Line 345;0;163.965020484389
-23.450774385;-46.68913529;764.6;12480;Line 345;0;163.965020484389
-23.451035594;-46.689057504;767.7;12450;Line 345;0;163.965020484389
-23.451296803;-46.688979718;771.2;12420;Line 345;0;163.965020484389
-23.451558012;-46.688901931;774.5;12390;Line 345;0;163.965020484389
-23.451819221;-46.688824145;776.6;12360;Line 345;0;163.965020484389
-23.45208043;-46.688746358;777.9;12330;Line 345;0;163.965020484389
-23.452341638;-46.688668571;779.1;12300;Line 345;0;163.965020484389
-23.452602847;-46.688590783;780.5;12270;Line 345;0;163.965020484389
-23.452864056;-46.688512995;782.1;12240;Line 345;0;163.965020484389
-23.453125265;-46.688435207;783.6;12210;Line 345;0;163.965020484389
-23.453386473;-46.688357419;785.1;12180;Line 345;0;163.965020484389
-23.453647682;-46.688279631;789.1;12150;Line 345;0;163.965020484389
-23.453908891;-46.688201842;793.7;12120;Line 345;0;163.965020484389
-23.454170099;-46.688124053;798.0;12090;Line 345;0;163.965020484389
-23.454431308;-46.688046263;797.7;12060;Line 345;0;163.965020484389
-23.454692517;-46.687968474;797.8;12030;Line 345;0;163.965020484389
-23.454953725;-46.687890684;798.3;12000;Line 345;0;163.965020484389
-23.455214934;-46.687812893;801.8;11970;Line 345;0;163.965020484389
-23.455476142;-46.687735103;805.4;11940;Line 345;0;163.965020484389
-23.45573735;-46.687657312;808.5;11910;Line 345;0;163.965020484389
-23.455998559;-46.687579521;811.6;11880;Line 345;0;163.965020484389
-23.456259767;-46.68750173;815.1;11850;Line 345;0;163.965020484389
-23.456520976;-46.687423938;816.0;11820;Line 345;0;163.965020484389
-23.456782184;-46.687346146;817.5;11790;Line 345;0;163.965020484389
-23.457043392;-46.687268354;820.3;11760;Line 345;0;163.965020484389
-23.4573046;-46.687190562;823.5;11730;Line 345;0;163.965020484389
-23.457565809;-46.687112769;827.2;11700;Line 345;0;163.965020484389
-23.457827017;-46.687034976;831.4;11670;Line 345;0;163.965020484389
-23.458088225;-46.686957183;835.8;11640;Line 345;0;163.965020484389
-23.458349433;-46.686879389;840.2;11610;Line 345;0;163.965020484389
-23.458610641;-46.686801596;841.7;11580;Line 345;0;163.965020484389
-23.458871849;-46.686723802;843.9;11550;Line 345;0;163.965020484389
-23.459133057;-46.686646007;846.5;11520;Line 345;0;163.965020484389
-23.459394266;-46.686568213;843.3;11490;Line 345;0;163.965020484389
-23.459655474;-46.686490418;839.6;11460;Line 345;0;163.965020484389
-23.459916681;-46.686412623;836.3;11430;Line 345;0;163.965020484389
-23.460177889;-46.686334827;832.2;11400;Line 345;0;163.965020484389
-23.460439097;-46.686257031;826.9;11370;Line 345;0;163.965020484389
-23.460700305;-46.686179236;820.6;11340;Line 345;0;163.965020484389
-23.460961513;-46.686101439;815.0;11310;Line 345;0;163.965020484389
-23.461222721;-46.686023643;810.0;11280;Line 345;0;163.965020484389
-23.461483929;-46.685945846;804.3;11250;Line 345;0;163.965020484389
-23.461745136;-46.685868049;799.5;11220;Line 345;0;163.965020484389
-23.462006344;-46.685790252;799.5;11190;Line 345;0;163.965020484389
-23.462267552;-46.685712454;800.0;11160;Line 345;0;163.965020484389
-23.46252876;-46.685634656;799.6;11130;Line 345;0;163.965020484389
-23.462789967;-46.685556858;798.5;11100;Line 345;0;163.965020484389
-23.463051175;-46.685479059;796.8;11070;Line 345;0;163.965020484389
-23.463312382;-46.685401261;794.7;11040;Line 345;0;163.965020484389
-23.46357359;-46.685323462;792.7;11010;Line 345;0;163.965020484389
-23.463834797;-46.685245662;791.1;10980;Line 345;0;163.965020484389
-23.464096005;-46.685167863;790.0;10950;Line 345;0;163.965020484389
-23.464357212;-46.685090063;789.7;10920;Line 345;0;163.965020484389
-23.46461842;-46.685012263;790.2;10890;Line 345;0;163.965020484389
-23.464879627;-46.684934463;790.6;10860;Line 345;0;163.965020484389
-23.465140835;-46.684856662;789.6;10830;Line 345;0;163.965020484389
-23.465402042;-46.684778861;788.0;10800;Line 345;0;163.965020484389
-23.465663249;-46.68470106;786.9;10770;Line 345;0;163.965020484389
-23.465924457;-46.684623259;786.0;10740;Line 345;0;163.965020484389
-23.466185664;-46.684545457;785.5;10710;Line 345;0;163.965020484389
-23.466446871;-46.684467655;785.5;10680;Line 345;0;163.965020484389
-23.466708078;-46.684389853;785.6;10650;Line 345;0;163.965020484389
-23.466969285;-46.68431205;784.1;10620;Line 345;0;163.965020484389
-23.467230493;-46.684234247;783.0;10590;Line 345;0;163.965020484389
-23.4674917;-46.684156444;782.0;10560;Line 345;0;163.965020484389
-23.467752907;-46.684078641;779.5;10530;Line 345;0;163.965020484389
-23.468014114;-46.684000837;777.6;10500;Line 345;0;163.965020484389
-23.468275321;-46.683923033;776.3;10470;Line 345;0;163.965020484389
-23.468536528;-46.683845229;775.8;10440;Line 345;0;163.965020484389
-23.468797735;-46.683767424;775.1;10410;Line 345;0;163.965020484389
-23.469058942;-46.68368962;774.1;10380;Line 345;0;163.965020484389
-23.469320149;-46.683611815;772.6;10350;Line 345;0;163.965020484389
-23.469581356;-46.683534009;771.0;10320;Line 345;0;163.965020484389
-23.469842562;-46.683456204;769.3;10290;Line 345;0;163.965020484389
-23.470103769;-46.683378398;768.0;10260;Line 345;0;163.965020484389
-23.470364976;-46.683300592;767.0;10230;Line 345;0;163.965020484389
-23.470626183;-46.683222785;765.6;10200;Line 345;0;163.965020484389
-23.47088739;-46.683144979;763.5;10170;Line 345;0;163.965020484389
-23.471148596;-46.683067172;760.0;10140;Line 345;0;163.965020484389
-23.471409803;-46.682989365;756.5;10110;Line 345;0;163.965020484389
-23.47167101;-46.682911557;753.0;10080;Line 345;0;163.965020484389
-23.471932216;-46.682833749;752.4;10050;Line 345;0;163.965020484389
-23.472193423;-46.682755941;752.0;10020;Line 345;0;163.965020484389
-23.472454629;-46.682678133;751.6;9990;Line 345;0;163.965020484389
-23.472715836;-46.682600324;753.2;9960;Line 345;0;163.965020484389
-23.472977042;-46.682522516;755.3;9930;Line 345;0;163.965020484389
-23.473238249;-46.682444706;757.7;9900;Line 345;0;163.965020484389
-23.473499455;-46.682366897;760.3;9870;Line 345;0;163.965020484389
-23.473760662;-46.682289087;763.1;9840;Line 345;0;163.965020484389
-23.474021868;-46.682211277;766.2;9810;Line 345;0;163.965020484389
-23.474283074;-46.682133467;769.2;9780;Line 345;0;163.965020484389
-23.474544281;-46.682055657;771.8;9750;Line 345;0;163.965020484389
-23.474805487;-46.681977846;774.2;9720;Line 345;0;163.965020484389
-23.475066693;-46.681900035;775.4;9690;Line 345;0;163.965020484389
-23.475327899;-46.681822223;773.4;9660;Line 345;0;163.965020484389
-23.475589106;-46.681744412;771.2;9630;Line 345;0;163.965020484389
-23.475850312;-46.6816666;769.0;9600;Line 345;0;163.965020484389
-23.476111518;-46.681588788;769.5;9570;Line 345;0;163.965020484389
-23.476372724;-46.681510975;770.2;9540;Line 345;0;163.965020484389
-23.47663393;-46.681433163;771.2;9510;Line 345;0;163.965020484389
-23.476895136;-46.68135535;773.0;9480;Line 345;0;163.965020484389
-23.477156342;-46.681277536;774.6;9450;Line 345;0;163.965020484389
-23.477417548;-46.681199723;775.6;9420;Line 345;0;163.965020484389
-23.477678754;-46.681121909;773.7;9390;Line 345;0;163.965020484389
-23.47793996;-46.681044095;770.3;9360;Line 345;0;163.965020484389
-23.478201166;-46.680966281;766.5;9330;Line 345;0;163.965020484389
-23.478462372;-46.680888466;762.8;9300;Line 345;0;163.965020484389
-23.478723578;-46.680810651;759.4;9270;Line 345;0;163.965020484389
-23.478984783;-46.680732836;756.1;9240;Line 345;0;163.965020484389
-23.479245989;-46.680655021;753.5;9210;Line 345;0;163.965020484389
-23.479507195;-46.680577205;753.6;9180;Line 345;0;163.965020484389
-23.479768401;-46.680499389;754.0;9150;Line 345;0;163.965020484389
-23.480029606;-46.680421573;755.2;9120;Line 345;0;163.965020484389
-23.480290812;-46.680343756;760.2;9090;Line 345;0;163.965020484389
-23.480552018;-46.680265939;765.2;9060;Line 345;0;163.965020484389
-23.480813223;-46.680188122;770.1;9030;Line 345;0;163.965020484389
-23.481074429;-46.680110305;772.6;9000;Line 345;0;163.965020484389
-23.481335634;-46.680032487;775.2;8970;Line 345;0;163.965020484389
-23.48159684;-46.679954669;777.2;8940;Line 345;0;163.965020484389
-23.481858045;-46.679876851;773.0;8910;Line 345;0;163.965020484389
-23.482119251;-46.679799032;766.8;8880;Line 345;0;163.965020484389
-23.482380456;-46.679721214;760.7;8850;Line 345;0;163.965020484389
-23.482641662;-46.679643395;753.6;8820;Line 345;0;163.965020484389
-23.482902867;-46.679565575;746.1;8790;Line 345;0;163.965020484389
-23.483164072;-46.679487756;739.5;8760;Line 345;0;163.965020484389
-23.483425278;-46.679409936;735.2;8730;Line 345;0;163.965020484389
-23.483686483;-46.679332116;734.1;8700;Line 345;0;163.965020484389
-23.483947688;-46.679254295;733.3;8670;Line 345;0;163.965020484389
-23.484208893;-46.679176475;733.1;8640;Line 345;0;163.965020484389
-23.484470099;-46.679098654;733.8;8610;Line 345;0;163.965020484389
-23.484731304;-46.679020833;734.6;8580;Line 345;0;163.965020484389
-23.484992509;-46.678943011;735.5;8550;Line 345;0;163.965020484389
-23.485253714;-46.678865189;737.4;8520;Line 345;0;163.965020484389
-23.485514919;-46.678787367;739.5;8490;Line 345;0;163.965020484389
-23.485776124;-46.678709545;741.9;8460;Line 345;0;163.965020484389
-23.486037329;-46.678631722;745.5;8430;Line 345;0;163.965020484389
-23.486298534;-46.6785539;749.4;8400;Line 345;0;163.965020484389
-23.486559739;-46.678476076;753.4;8370;Line 345;0;163.965020484389
-23.486820944;-46.678398253;755.8;8340;Line 345;0;163.965020484389
-23.487082149;-46.678320429;757.1;8310;Line 345;0;163.965020484389
-23.487343354;-46.678242605;758.1;8280;Line 345;0;163.965020484389
-23.487604558;-46.678164781;758.6;8250;Line 345;0;163.965020484389
-23.487865763;-46.678086957;758.1;8220;Line 345;0;163.965020484389
-23.488126968;-46.678009132;757.8;8190;Line 345;0;163.965020484389
-23.488388173;-46.677931307;757.5;8160;Line 345;0;163.965020484389
-23.488649378;-46.677853481;756.7;8130;Line 345;0;163.965020484389
-23.488910582;-46.677775656;755.9;8100;Line 345;0;163.965020484389
-23.489171787;-46.67769783;755.1;8070;Line 345;0;163.965020484389
-23.489432991;-46.677620004;757.3;8040;Line 345;0;163.965020484389
-23.489694196;-46.677542177;759.2;8010;Line 345;0;163.965020484389
-23.489955401;-46.677464351;761.1;7980;Line 345;0;163.965020484389
-23.490216605;-46.677386524;762.5;7950;Line 345;0;163.965020484389
-23.49047781;-46.677308696;764.2;7920;Line 345;0;163.965020484389
-23.490739014;-46.677230869;766.1;7890;Line 345;0;163.965020484389
-23.491000219;-46.677153041;768.0;7860;Line 345;0;163.965020484389
-23.491261423;-46.677075213;769.6;7830;Line 345;0;163.965020484389
-23.491522627;-46.676997385;771.1;7800;Line 345;0;163.965020484389
-23.491783832;-46.676919556;772.7;7770;Line 345;0;163.965020484389
-23.492045036;-46.676841727;773.9;7740;Line 345;0;163.965020484389
-23.49230624;-46.676763898;774.3;7710;Line 345;0;163.965020484389
-23.492567445;-46.676686068;773.9;7680;Line 345;0;163.965020484389
-23.492828649;-46.676608239;772.3;7650;Line 345;0;163.965020484389
-23.493089853;-46.676530409;770.8;7620;Line 345;0;163.965020484389
-23.493351057;-46.676452578;769.5;7590;Line 345;0;163.965020484389
-23.493612261;-46.676374748;770.5;7560;Line 345;0;163.965020484389
-23.493873466;-46.676296917;771.7;7530;Line 345;0;163.965020484389
-23.49413467;-46.676219086;773.2;7500;Line 345;0;163.965020484389
-23.494395874;-46.676141254;772.8;7470;Line 345;0;163.965020484389
-23.494657078;-46.676063423;772.1;7440;Line 345;0;163.965020484389
-23.494918282;-46.675985591;771.4;7410;Line 345;0;163.965020484389
-23.495179486;-46.675907759;768.7;7380;Line 345;0;163.965020484389
-23.49544069;-46.675829926;764.7;7350;Line 345;0;163.965020484389
-23.495701894;-46.675752093;761.0;7320;Line 345;0;163.965020484389
-23.495963097;-46.67567426;759.5;7290;Line 345;0;163.965020484389
-23.496224301;-46.675596427;759.8;7260;Line 345;0;163.965020484389
-23.496485505;-46.675518593;759.6;7230;Line 345;0;163.965020484389
-23.496746709;-46.67544076;759.5;7200;Line 345;0;163.965020484389
-23.497007913;-46.675362925;760.9;7170;Line 345;0;163.965020484389
-23.497269116;-46.675285091;762.2;7140;Line 345;0;163.965020484389
-23.49753032;-46.675207256;763.3;7110;Line 345;0;163.965020484389
-23.497791524;-46.675129421;764.7;7080;Line 345;0;163.965020484389
-23.498052727;-46.675051586;766.5;7050;Line 345;0;163.965020484389
-23.498313931;-46.674973751;768.6;7020;Line 345;0;163.965020484389
-23.498575135;-46.674895915;768.4;6990;Line 345;0;163.965020484389
-23.498836338;-46.674818079;767.7;6960;Line 345;0;163.965020484389
-23.499097542;-46.674740243;766.6;6930;Line 345;0;163.965020484389
-23.499358745;-46.674662406;766.5;6900;Line 345;0;163.965020484389
-23.499619949;-46.674584569;767.0;6870;Line 345;0;163.965020484389
-23.499881152;-46.674506732;767.6;6840;Line 345;0;163.965020484389
-23.500142355;-46.674428894;766.7;6810;Line 345;0;163.965020484389
-23.500403559;-46.674351057;764.9;6780;Line 345;0;163.965020484389
-23.500664762;-46.674273219;763.6;6750;Line 345;0;163.965020484389
-23.500925966;-46.67419538;761.9;6720;Line 345;0;163.965020484389
-23.501187169;-46.674117542;758.6;6690;Line 345;0;163.965020484389
-23.501448372;-46.674039703;755.3;6660;Line 345;0;163.965020484389
-23.501709575;-46.673961864;752.1;6630;Line 345;0;163.965020484389
-23.501970778;-46.673884025;747.9;6600;Line 345;0;163.965020484389
-23.502231982;-46.673806185;744.0;6570;Line 345;0;163.965020484389
-23.502493185;-46.673728345;740.2;6540;Line 345;0;163.965020484389
-23.502754388;-46.673650505;737.4;6510;Line 345;0;163.965020484389
-23.503015591;-46.673572664;734.6;6480;Line 345;0;163.965020484389
-23.503276794;-46.673494824;731.7;6450;Line 345;0;163.965020484389
-23.503537997;-46.673416983;730.6;6420;Line 345;0;163.965020484389
-23.5037992;-46.673339141;729.9;6390;Line 345;0;163.965020484389
-23.504060403;-46.6732613;729.4;6360;Line 345;0;163.965020484389
-23.504321606;-46.673183458;729.5;6330;Line 345;0;163.965020484389
-23.504582809;-46.673105616;730.1;6300;Line 345;0;163.965020484389
-23.504844012;-46.673027774;730.7;6270;Line 345;0;163.965020484389
-23.505105215;-46.672949931;730.9;6240;Line 345;0;163.965020484389
-23.505366417;-46.672872088;730.9;6210;Line 345;0;163.965020484389
-23.50562762;-46.672794245;731.0;6180;Line 345;0;163.965020484389
-23.505888823;-46.672716401;731.3;6150;Line 345;0;163.965020484389
-23.506150026;-46.672638557;731.6;6120;Line 345;0;163.965020484389
-23.506411228;-46.672560713;731.9;6090;Line 345;0;163.965020484389
-23.506672431;-46.672482869;732.0;6060;Line 345;0;163.965020484389
-23.506933634;-46.672405025;731.4;6030;Line 345;0;163.965020484389
-23.507194836;-46.67232718;730.8;6000;Line 345;0;163.965020484389
-23.507456039;-46.672249335;730.1;5970;Line 345;0;163.965020484389
-23.507717241;-46.672171489;729.5;5940;Line 345;0;163.965020484389
-23.507978444;-46.672093643;728.9;5910;Line 345;0;163.965020484389
-23.508239646;-46.672015797;728.2;5880;Line 345;0;163.965020484389
-23.508500849;-46.671937951;728.0;5850;Line 345;0;163.965020484389
-23.508762051;-46.671860105;728.0;5820;Line 345;0;163.965020484389
-23.509023254;-46.671782258;728.0;5790;Line 345;0;163.965020484389
-23.509284456;-46.671704411;728.4;5760;Line 345;0;163.965020484389
-23.509545658;-46.671626563;729.3;5730;Line 345;0;163.965020484389
-23.509806861;-46.671548716;729.9;5700;Line 345;0;163.965020484389
-23.510068063;-46.671470868;730.1;5670;Line 345;0;163.965020484389
-23.510329265;-46.67139302;729.1;5640;Line 345;0;163.965020484389
-23.510590467;-46.671315171;728.2;5610;Line 345;0;163.965020484389
-23.510851669;-46.671237323;727.6;5580;Line 345;0;163.965020484389
-23.511112872;-46.671159474;728.7;5550;Line 345;0;163.965020484389
-23.511374074;-46.671081624;730.0;5520;Line 345;0;163.965020484389
-23.511635276;-46.671003775;731.4;5490;Line 345;0;163.965020484389
-23.511896478;-46.670925925;732.1;5460;Line 345;0;163.965020484389
-23.51215768;-46.670848075;732.1;5430;Line 345;0;163.965020484389
-23.512418882;-46.670770225;731.7;5400;Line 345;0;163.965020484389
-23.512680084;-46.670692374;730.8;5370;Line 345;0;163.965020484389
-23.512941286;-46.670614523;729.9;5340;Line 345;0;163.965020484389
-23.513202488;-46.670536672;729.2;5310;Line 345;0;163.965020484389
-23.51346369;-46.67045882;728.8;5280;Line 345;0;163.965020484389
-23.513724892;-46.670380969;728.3;5250;Line 345;0;163.965020484389
-23.513986093;-46.670303117;727.9;5220;Line 345;0;163.965020484389
-23.514247295;-46.670225264;728.1;5190;Line 345;0;163.965020484389
-23.514508497;-46.670147412;728.9;5160;Line 345;0;163.965020484389
-23.514769699;-46.670069559;729.2;5130;Line 345;0;163.965020484389
-23.5150309;-46.669991706;729.0;5100;Line 345;0;163.965020484389
-23.515292102;-46.669913852;728.7;5070;Line 345;0;163.965020484389
-23.515553304;-46.669835999;728.5;5040;Line 345;0;163.965020484389
-23.515814505;-46.669758145;728.4;5010;Line 345;0;163.965020484389
-23.516075707;-46.66968029;727.7;4980;Line 345;0;163.965020484389
-23.516336908;-46.669602436;726.8;4950;Line 345;0;163.965020484389
-23.51659811;-46.669524581;726.0;4920;Line 345;0;163.965020484389
-23.516859311;-46.669446726;726.4;4890;Line 345;0;163.965020484389
-23.517120513;-46.669368871;727.1;4860;Line 345;0;163.965020484389
-23.517381714;-46.669291015;727.9;4830;Line 345;0;163.965020484389
-23.517642916;-46.669213159;727.9;4800;Line 345;0;163.965020484389
-23.517904117;-46.669135303;727.5;4770;Line 345;0;163.965020484389
-23.518165319;-46.669057447;727.4;4740;Line 345;0;163.965020484389
-23.51842652;-46.66897959;728.0;4710;Line 345;0;163.965020484389
-23.518687721;-46.668901733;729.0;4680;Line 345;0;163.965020484389
-23.518948922;-46.668823876;729.7;4650;Line 345;0;163.965020484389
-23.519210124;-46.668746018;729.9;4620;Line 345;0;163.965020484389
-23.519471325;-46.66866816;729.0;4590;Line 345;0;163.965020484389
-23.519732526;-46.668590302;728.0;4560;Line 345;0;163.965020484389
-23.519993727;-46.668512444;726.9;4530;Line 345;0;163.965020484389
-23.520254928;-46.668434585;726.1;4500;Line 345;0;163.965020484389
-23.520516129;-46.668356726;725.5;4470;Line 345;0;163.965020484389
-23.52077733;-46.668278867;725.4;4440;Line 345;0;163.965020484389
-23.521038531;-46.668201008;725.8;4410;Line 345;0;163.965020484389
-23.521299732;-46.668123148;726.1;4380;Line 345;0;163.965020484389
-23.521560933;-46.668045288;726.2;4350;Line 345;0;163.965020484389
-23.521822134;-46.667967428;726.4;4320;Line 345;0;163.965020484389
-23.522083335;-46.667889567;726.8;4290;Line 345;0;163.965020484389
-23.522344536;-46.667811706;727.2;4260;Line 345;0;163.965020484389
-23.522605737;-46.667733845;727.4;4230;Line 345;0;163.965020484389
-23.522866938;-46.667655984;727.4;4200;Line 345;0;163.965020484389
-23.523128138;-46.667578122;727.2;4170;Line 345;0;163.965020484389
-23.523389339;-46.66750026;727.1;4140;Line 345;0;163.965020484389
-23.52365054;-46.667422398;727.8;4110;Line 345;0;163.965020484389
-23.523911741;-46.667344536;728.6;4080;Line 345;0;163.965020484389
-23.524172941;-46.667266673;729.6;4050;Line 345;0;163.965020484389
-23.524434142;-46.66718881;731.5;4020;Line 345;0;163.965020484389
-23.524695343;-46.667110946;733.2;3990;Line 345;0;163.965020484389
-23.524956543;-46.667033083;734.6;3960;Line 345;0;163.965020484389
-23.525217744;-46.666955219;734.6;3930;Line 345;0;163.965020484389
-23.525478944;-46.666877355;734.2;3900;Line 345;0;163.965020484389
-23.525740145;-46.66679949;733.7;3870;Line 345;0;163.965020484389
-23.526001345;-46.666721626;733.0;3840;Line 345;0;163.965020484389
-23.526262546;-46.666643761;732.3;3810;Line 345;0;163.965020484389
-23.526523746;-46.666565895;731.4;3780;Line 345;0;163.965020484389
-23.526784946;-46.66648803;730.1;3750;Line 345;0;163.965020484389
-23.527046147;-46.666410164;728.6;3720;Line 345;0;163.965020484389
-23.527307347;-46.666332298;727.4;3690;Line 345;0;163.965020484389
-23.527568547;-46.666254432;726.8;3660;Line 345;0;163.965020484389
-23.527829747;-46.666176565;727.8;3630;Line 345;0;163.965020484389
-23.528090948;-46.666098698;728.8;3600;Line 345;0;163.965020484389
-23.528352148;-46.666020831;729.8;3570;Line 345;0;163.965020484389
-23.528613348;-46.665942964;731.8;3540;Line 345;0;163.965020484389
-23.528874548;-46.665865096;734.2;3510;Line 345;0;163.965020484389
-23.529135748;-46.665787228;736.8;3480;Line 345;0;163.965020484389
-23.529396948;-46.665709359;738.9;3450;Line 345;0;163.965020484389
-23.529658148;-46.665631491;741.5;3420;Line 345;0;163.965020484389
-23.529919348;-46.665553622;744.6;3390;Line 345;0;163.965020484389
-23.530180548;-46.665475753;747.0;3360;Line 345;0;163.965020484389
-23.530441748;-46.665397884;748.8;3330;Line 345;0;163.965020484389
-23.530702948;-46.665320014;750.3;3300;Line 345;0;163.965020484389
-23.530964148;-46.665242144;750.9;3270;Line 345;0;163.965020484389
-23.531225348;-46.665164274;750.6;3240;Line 345;0;163.965020484389
-23.531486548;-46.665086403;749.8;3210;Line 345;0;163.965020484389
-23.531747748;-46.665008533;749.0;3180;Line 345;0;163.965020484389
-23.532008947;-46.664930661;749.5;3150;Line 345;0;163.965020484389
-23.532270147;-46.66485279;749.9;3120;Line 345;0;163.965020484389
-23.532531347;-46.664774919;750.5;3090;Line 345;0;163.965020484389
-23.532792546;-46.664697047;752.4;3060;Line 345;0;163.965020484389
-23.533053746;-46.664619175;754.2;3030;Line 345;0;163.965020484389
-23.533314946;-46.664541302;756.2;3000;Line 345;0;163.965020484389
-23.533576145;-46.664463429;757.0;2970;Line 345;0;163.965020484389
-23.533837345;-46.664385556;757.6;2940;Line 345;0;163.965020484389
-23.534098544;-46.664307683;758.1;2910;Line 345;0;163.965020484389
-23.534359744;-46.66422981;759.3;2880;Line 345;0;163.965020484389
-23.534620943;-46.664151936;760.0;2850;Line 345;0;163.965020484389
-23.534882143;-46.664074062;759.6;2820;Line 345;0;163.965020484389
-23.535143342;-46.663996187;759.2;2790;Line 345;0;163.965020484389
-23.535404541;-46.663918313;758.8;2760;Line 345;0;163.965020484389
-23.535665741;-46.663840438;758.0;2730;Line 345;0;163.965020484389
-23.53592694;-46.663762563;756.2;2700;Line 345;0;163.965020484389
-23.536188139;-46.663684687;753.1;2670;Line 345;0;163.965020484389
-23.536449339;-46.663606812;750.1;2640;Line 345;0;163.965020484389
-23.536710538;-46.663528936;747.6;2610;Line 345;0;163.965020484389
-23.536971737;-46.663451059;746.6;2580;Line 345;0;163.965020484389
-23.537232936;-46.663373183;745.9;2550;Line 345;0;163.965020484389
-23.537494135;-46.663295306;746.8;2520;Line 345;0;163.965020484389
-23.537755335;-46.663217429;751.2;2490;Line 345;0;163.965020484389
-23.538016534;-46.663139551;755.6;2460;Line 345;0;163.965020484389
-23.538277733;-46.663061674;760.0;2430;Line 345;0;163.965020484389
-23.538538932;-46.662983796;763.8;2400;Line 345;0;163.965020484389
-23.538800131;-46.662905918;767.7;2370;Line 345;0;163.965020484389
-23.53906133;-46.662828039;771.8;2340;Line 345;0;163.965020484389
-23.539322529;-46.66275016;776.1;2310;Line 345;0;163.965020484389
-23.539583727;-46.662672281;780.6;2280;Line 345;0;163.965020484389
-23.539844926;-46.662594402;785.5;2250;Line 345;0;163.965020484389
-23.540106125;-46.662516522;789.5;2220;Line 345;0;163.965020484389
-23.540367324;-46.662438642;790.7;2190;Line 345;0;163.965020484389
-23.540628523;-46.662360762;791.5;2160;Line 345;0;163.965020484389
-23.540889721;-46.662282882;792.9;2130;Line 345;0;163.965020484389
-23.54115092;-46.662205001;796.1;2100;Line 345;0;163.965020484389
-23.541412119;-46.66212712;799.5;2070;Line 345;0;163.965020484389
-23.541673318;-46.662049239;803.0;2040;Line 345;0;163.965020484389
-23.541934516;-46.661971357;804.1;2010;Line 345;0;163.965020484389
-23.542195715;-46.661893476;805.1;1980;Line 345;0;163.965020484389
-23.542456913;-46.661815594;805.8;1950;Line 345;0;163.965020484389
-23.542718112;-46.661737711;805.4;1920;Line 345;0;163.965020484389
-23.54297931;-46.661659829;804.8;1890;Line 345;0;163.965020484389
-23.543240509;-46.661581946;804.5;1860;Line 345;0;163.965020484389
-23.543501707;-46.661504062;804.6;1830;Line 345;0;163.965020484389
-23.543762906;-46.661426179;804.2;1800;Line 345;0;163.965020484389
-23.544024104;-46.661348295;803.1;1770;Line 345;0;163.965020484389
-23.544285302;-46.661270411;799.9;1740;Line 345;0;163.965020484389
-23.544546501;-46.661192527;795.2;1710;Line 345;0;163.965020484389
-23.544807699;-46.661114642;790.9;1680;Line 345;0;163.965020484389
-23.545068897;-46.661036758;788.9;1650;Line 345;0;163.965020484389
-23.545330096;-46.660958872;793.0;1620;Line 345;0;163.965020484389
-23.545591294;-46.660880987;797.6;1590;Line 345;0;163.965020484389
-23.545852492;-46.660803101;802.0;1560;Line 345;0;163.965020484389
-23.54611369;-46.660725215;803.0;1530;Line 345;0;163.965020484389
-23.546374888;-46.660647329;804.7;1500;Line 345;0;163.965020484389
-23.546636086;-46.660569443;807.3;1470;Line 345;0;163.965020484389
-23.546897284;-46.660491556;810.3;1440;Line 345;0;163.965020484389
-23.547158482;-46.660413669;812.8;1410;Line 345;0;163.965020484389
-23.54741968;-46.660335782;814.7;1380;Line 345;0;163.965020484389
-23.547680878;-46.660257894;816.3;1350;Line 345;0;163.965020484389
-23.547942076;-46.660180006;817.2;1320;Line 345;0;163.965020484389
-23.548203274;-46.660102118;817.6;1290;Line 345;0;163.965020484389
-23.548464472;-46.660024229;816.5;1260;Line 345;0;163.965020484389
-23.54872567;-46.659946341;814.5;1230;Line 345;0;163.965020484389
-23.548986868;-46.659868452;813.0;1200;Line 345;0;163.965020484389
-23.549248065;-46.659790562;812.3;1170;Line 345;0;163.965020484389
-23.549509263;-46.659712673;812.6;1140;Line 345;0;163.965020484389
-23.549770461;-46.659634783;813.3;1110;Line 345;0;163.965020484389
-23.550031659;-46.659556893;814.2;1080;Line 345;0;163.965020484389
-23.550292856;-46.659479003;814.4;1050;Line 345;0;163.965020484389
-23.550554054;-46.659401112;813.8;1020;Line 345;0;163.965020484389
-23.550815252;-46.659323221;812.4;990;Line 345;0;163.965020484389
-23.551076449;-46.65924533;812.4;960;Line 345;0;163.965020484389
-23.551337647;-46.659167438;812.8;930;Line 345;0;163.965020484389
-23.551598844;-46.659089547;813.8;900;Line 345;0;163.965020484389
-23.551860042;-46.659011655;815.5;870;Line 345;0;163.965020484389
-23.552121239;-46.658933762;817.2;840;Line 345;0;163.965020484389
-23.552382437;-46.65885587;818.9;810;Line 345;0;163.965020484389
-23.552643634;-46.658777977;820.2;780;Line 345;0;163.965020484389
-23.552904831;-46.658700084;821.4;750;Line 345;0;163.965020484389
-23.553166029;-46.65862219;822.5;720;Line 345;0;163.965020484389
-23.553427226;-46.658544297;823.1;690;Line 345;0;163.965020484389
-23.553688423;-46.658466403;822.3;660;Line 345;0;163.965020484389
-23.55394962;-46.658388509;821.1;630;Line 345;0;163.965020484389
-23.554210818;-46.658310614;820.0;600;Line 345;0;163.965020484389
-23.554472015;-46.658232719;819.8;570;Line 345;0;163.965020484389
-23.554733212;-46.658154824;819.0;540;Line 345;0;163.965020484389
-23.554994409;-46.658076929;817.6;510;Line 345;0;163.965020484389
-23.555255606;-46.657999033;818.3;480;Line 345;0;163.965020484389
-23.555516803;-46.657921137;819.1;450;Line 345;0;163.965020484389
-23.555778;-46.657843241;820.0;420;Line 345;0;163.965020484389
-23.556039197;-46.657765345;819.6;390;Line 345;0;163.965020484389
-23.556300394;-46.657687448;819.2;360;Line 345;0;163.965020484389
-23.556561591;-46.657609551;819.1;330;Line 345;0;163.965020484389
-23.556822788;-46.657531654;820.4;300;Line 345;0;163.965020484389
-23.557083985;-46.657453756;822.8;270;Line 345;0;163.965020484389
-23.557345182;-46.657375858;825.2;240;Line 345;0;163.965020484389
-23.557606379;-46.65729796;826.6;210;Line 345;0;163.965020484389
-23.557867576;-46.657220062;826.8;180;Line 345;0;163.965020484389
-23.558128772;-46.657142163;826.7;150;Line 345;0;163.965020484389
-23.558389969;-46.657064264;826.2;120;Line 345;0;163.965020484389
-23.558651166;-46.656986365;824.7;90;Line 345;0;163.965020484389
-23.558912362;-46.656908466;823.0;60;Line 345;0;163.965020484389
-23.559173559;-46.656830566;821.3;30;Line 345;0;163.965020484389
-23.559434756;-46.656752666;824.8;0;Line 345;0;163.965020484389
