latitude;longitude;altitude (m);distance_m;name;obstrucao;angle 
-23.781639258;-46.014338669;13.6;69960;Line 111;0;290.025220394317
-23.781544664;-46.014614561;13.0;69930;Line 111;0;290.025220394317
-23.781450069;-46.014890453;12.7;69900;Line 111;0;290.025220394317
-23.781355473;-46.015166345;13.1;69870;Line 111;0;290.025220394317
-23.781260877;-46.015442236;14.0;69840;Line 111;0;290.025220394317
-23.781166281;-46.015718127;14.9;69810;Line 111;0;290.025220394317
-23.781071684;-46.015994017;15.4;69780;Line 111;0;290.025220394317
-23.780977086;-46.016269907;15.7;69750;Line 111;0;290.025220394317
-23.780882489;-46.016545797;15.9;69720;Line 111;0;290.025220394317
-23.78078789;-46.016821686;16.2;69690;Line 111;0;290.025220394317
-23.780693291;-46.017097575;16.6;69660;Line 111;0;290.025220394317
-23.780598692;-46.017373463;16.9;69630;Line 111;0;290.025220394317
-23.780504092;-46.017649351;17.1;69600;Line 111;0;290.025220394317
-23.780409492;-46.017925239;17.3;69570;Line 111;0;290.025220394317
-23.780314891;-46.018201126;17.3;69540;Line 111;0;290.025220394317
-23.78022029;-46.018477012;17.0;69510;Line 111;0;290.025220394317
-23.780125688;-46.018752898;16.6;69480;Line 111;0;290.025220394317
-23.780031086;-46.019028784;16.2;69450;Line 111;0;290.025220394317
-23.779936483;-46.01930467;15.9;69420;Line 111;0;290.025220394317
-23.77984188;-46.019580555;15.8;69390;Line 111;0;290.025220394317
-23.779747276;-46.019856439;15.7;69360;Line 111;0;290.025220394317
-23.779652672;-46.020132323;15.6;69330;Line 111;0;290.025220394317
-23.779558068;-46.020408207;15.7;69300;Line 111;0;290.025220394317
-23.779463463;-46.02068409;15.9;69270;Line 111;0;290.025220394317
-23.779368857;-46.020959973;16.0;69240;Line 111;0;290.025220394317
-23.779274251;-46.021235856;16.0;69210;Line 111;0;290.025220394317
-23.779179644;-46.021511738;16.0;69180;Line 111;0;290.025220394317
-23.779085037;-46.021787619;16.1;69150;Line 111;0;290.025220394317
-23.77899043;-46.022063501;16.5;69120;Line 111;0;290.025220394317
-23.778895822;-46.022339382;16.8;69090;Line 111;0;290.025220394317
-23.778801214;-46.022615262;16.7;69060;Line 111;0;290.025220394317
-23.778706605;-46.022891142;16.1;69030;Line 111;0;290.025220394317
-23.778611995;-46.023167021;15.4;69000;Line 111;0;290.025220394317
-23.778517385;-46.023442901;14.9;68970;Line 111;0;290.025220394317
-23.778422775;-46.023718779;14.9;68940;Line 111;0;290.025220394317
-23.778328164;-46.023994658;15.0;68910;Line 111;0;290.025220394317
-23.778233553;-46.024270536;15.1;68880;Line 111;0;290.025220394317
-23.778138941;-46.024546413;15.3;68850;Line 111;0;290.025220394317
-23.778044329;-46.02482229;15.5;68820;Line 111;0;290.025220394317
-23.777949716;-46.025098167;15.5;68790;Line 111;0;290.025220394317
-23.777855103;-46.025374043;15.4;68760;Line 111;0;290.025220394317
-23.777760489;-46.025649919;15.0;68730;Line 111;0;290.025220394317
-23.777665875;-46.025925794;14.6;68700;Line 111;0;290.025220394317
-23.77757126;-46.026201669;14.2;68670;Line 111;0;290.025220394317
-23.777476645;-46.026477544;14.0;68640;Line 111;0;290.025220394317
-23.777382029;-46.026753418;14.0;68610;Line 111;0;290.025220394317
-23.777287413;-46.027029292;14.0;68580;Line 111;0;290.025220394317
-23.777192796;-46.027305165;14.0;68550;Line 111;0;290.025220394317
-23.777098179;-46.027581038;14.1;68520;Line 111;0;290.025220394317
-23.777003562;-46.02785691;14.7;68490;Line 111;0;290.025220394317
-23.776908943;-46.028132782;15.3;68460;Line 111;0;290.025220394317
-23.776814325;-46.028408654;15.9;68430;Line 111;0;290.025220394317
-23.776719706;-46.028684525;16.3;68400;Line 111;0;290.025220394317
-23.776625086;-46.028960396;16.8;68370;Line 111;0;290.025220394317
-23.776530466;-46.029236267;16.9;68340;Line 111;0;290.025220394317
-23.776435846;-46.029512137;16.6;68310;Line 111;0;290.025220394317
-23.776341225;-46.029788006;16.3;68280;Line 111;0;290.025220394317
-23.776246604;-46.030063875;15.9;68250;Line 111;0;290.025220394317
-23.776151982;-46.030339744;15.6;68220;Line 111;0;290.025220394317
-23.776057359;-46.030615612;15.3;68190;Line 111;0;290.025220394317
-23.775962736;-46.03089148;15.0;68160;Line 111;0;290.025220394317
-23.775868113;-46.031167348;15.4;68130;Line 111;0;290.025220394317
-23.775773489;-46.031443215;15.5;68100;Line 111;0;290.025220394317
-23.775678865;-46.031719081;15.1;68070;Line 111;0;290.025220394317
-23.77558424;-46.031994948;13.7;68040;Line 111;0;290.025220394317
-23.775489615;-46.032270813;12.5;68010;Line 111;0;290.025220394317
-23.775394989;-46.032546679;11.4;67980;Line 111;0;290.025220394317
-23.775300363;-46.032822544;10.9;67950;Line 111;0;290.025220394317
-23.775205736;-46.033098408;10.6;67920;Line 111;0;290.025220394317
-23.775111109;-46.033374273;10.2;67890;Line 111;0;290.025220394317
-23.775016481;-46.033650136;9.7;67860;Line 111;0;290.025220394317
-23.774921853;-46.033926;9.4;67830;Line 111;0;290.025220394317
-23.774827225;-46.034201863;9.5;67800;Line 111;0;290.025220394317
-23.774732595;-46.034477725;10.0;67770;Line 111;0;290.025220394317
-23.774637966;-46.034753587;10.4;67740;Line 111;0;290.025220394317
-23.774543336;-46.035029449;10.5;67710;Line 111;0;290.025220394317
-23.774448705;-46.03530531;10.7;67680;Line 111;0;290.025220394317
-23.774354074;-46.035581171;10.9;67650;Line 111;0;290.025220394317
-23.774259443;-46.035857031;11.1;67620;Line 111;0;290.025220394317
-23.774164811;-46.036132891;11.0;67590;Line 111;0;290.025220394317
-23.774070178;-46.036408751;11.2;67560;Line 111;0;290.025220394317
-23.773975545;-46.03668461;11.5;67530;Line 111;0;290.025220394317
-23.773880912;-46.036960469;12.3;67500;Line 111;0;290.025220394317
-23.773786278;-46.037236327;13.0;67470;Line 111;0;290.025220394317
-23.773691643;-46.037512185;13.6;67440;Line 111;0;290.025220394317
-23.773597009;-46.037788042;14.2;67410;Line 111;0;290.025220394317
-23.773502373;-46.038063899;14.9;67380;Line 111;0;290.025220394317
-23.773407737;-46.038339756;15.7;67350;Line 111;0;290.025220394317
-23.773313101;-46.038615612;15.3;67320;Line 111;0;290.025220394317
-23.773218464;-46.038891468;14.6;67290;Line 111;0;290.025220394317
-23.773123827;-46.039167324;14.0;67260;Line 111;0;290.025220394317
-23.773029189;-46.039443179;14.2;67230;Line 111;0;290.025220394317
-23.772934551;-46.039719033;14.3;67200;Line 111;0;290.025220394317
-23.772839912;-46.039994887;14.4;67170;Line 111;0;290.025220394317
-23.772745273;-46.040270741;14.8;67140;Line 111;0;290.025220394317
-23.772650633;-46.040546594;15.4;67110;Line 111;0;290.025220394317
-23.772555993;-46.040822447;16.0;67080;Line 111;0;290.025220394317
-23.772461353;-46.0410983;16.4;67050;Line 111;0;290.025220394317
-23.772366712;-46.041374152;16.7;67020;Line 111;0;290.025220394317
-23.77227207;-46.041650003;17.0;66990;Line 111;0;290.025220394317
-23.772177428;-46.041925855;17.2;66960;Line 111;0;290.025220394317
-23.772082785;-46.042201705;17.3;66930;Line 111;0;290.025220394317
-23.771988142;-46.042477556;17.4;66900;Line 111;0;290.025220394317
-23.771893499;-46.042753406;17.1;66870;Line 111;0;290.025220394317
-23.771798855;-46.043029255;16.6;66840;Line 111;0;290.025220394317
-23.77170421;-46.043305105;16.1;66810;Line 111;0;290.025220394317
-23.771609565;-46.043580953;15.5;66780;Line 111;0;290.025220394317
-23.77151492;-46.043856802;15.0;66750;Line 111;0;290.025220394317
-23.771420274;-46.04413265;14.7;66720;Line 111;0;290.025220394317
-23.771325628;-46.044408497;14.7;66690;Line 111;0;290.025220394317
-23.771230981;-46.044684344;14.8;66660;Line 111;0;290.025220394317
-23.771136333;-46.044960191;15.0;66630;Line 111;0;290.025220394317
-23.771041686;-46.045236037;15.1;66600;Line 111;0;290.025220394317
-23.770947037;-46.045511883;14.9;66570;Line 111;0;290.025220394317
-23.770852388;-46.045787728;14.2;66540;Line 111;0;290.025220394317
-23.770757739;-46.046063573;13.0;66510;Line 111;0;290.025220394317
-23.770663089;-46.046339418;11.9;66480;Line 111;0;290.025220394317
-23.770568439;-46.046615262;10.8;66450;Line 111;0;290.025220394317
-23.770473788;-46.046891106;10.8;66420;Line 111;0;290.025220394317
-23.770379137;-46.047166949;10.7;66390;Line 111;0;290.025220394317
-23.770284486;-46.047442792;10.4;66360;Line 111;0;290.025220394317
-23.770189833;-46.047718634;10.2;66330;Line 111;0;290.025220394317
-23.770095181;-46.047994476;10.4;66300;Line 111;0;290.025220394317
-23.770000528;-46.048270318;10.8;66270;Line 111;0;290.025220394317
-23.769905874;-46.048546159;12.5;66240;Line 111;0;290.025220394317
-23.76981122;-46.048822;14.3;66210;Line 111;0;290.025220394317
-23.769716565;-46.04909784;16.0;66180;Line 111;0;290.025220394317
-23.76962191;-46.04937368;16.8;66150;Line 111;0;290.025220394317
-23.769527255;-46.04964952;17.4;66120;Line 111;0;290.025220394317
-23.769432599;-46.049925359;17.9;66090;Line 111;0;290.025220394317
-23.769337942;-46.050201198;17.7;66060;Line 111;0;290.025220394317
-23.769243286;-46.050477036;17.4;66030;Line 111;0;290.025220394317
-23.769148628;-46.050752874;17.1;66000;Line 111;0;290.025220394317
-23.76905397;-46.051028712;17.1;65970;Line 111;0;290.025220394317
-23.768959312;-46.051304549;17.1;65940;Line 111;0;290.025220394317
-23.768864653;-46.051580385;17.0;65910;Line 111;0;290.025220394317
-23.768769994;-46.051856222;16.9;65880;Line 111;0;290.025220394317
-23.768675334;-46.052132057;16.8;65850;Line 111;0;290.025220394317
-23.768580673;-46.052407893;16.7;65820;Line 111;0;290.025220394317
-23.768486013;-46.052683728;16.8;65790;Line 111;0;290.025220394317
-23.768391351;-46.052959562;16.9;65760;Line 111;0;290.025220394317
-23.76829669;-46.053235396;17.1;65730;Line 111;0;290.025220394317
-23.768202027;-46.05351123;17.1;65700;Line 111;0;290.025220394317
-23.768107365;-46.053787063;17.0;65670;Line 111;0;290.025220394317
-23.768012701;-46.054062896;16.9;65640;Line 111;0;290.025220394317
-23.767918038;-46.054338729;16.8;65610;Line 111;0;290.025220394317
-23.767823374;-46.054614561;16.7;65580;Line 111;0;290.025220394317
-23.767728709;-46.054890393;16.6;65550;Line 111;0;290.025220394317
-23.767634044;-46.055166224;17.9;65520;Line 111;0;290.025220394317
-23.767539378;-46.055442055;20.5;65490;Line 111;0;290.025220394317
-23.767444712;-46.055717885;24.9;65460;Line 111;0;290.025220394317
-23.767350046;-46.055993715;33.6;65430;Line 111;0;290.025220394317
-23.767255379;-46.056269544;45.2;65400;Line 111;0;290.025220394317
-23.767160711;-46.056545374;58.5;65370;Line 111;0;290.025220394317
-23.767066043;-46.056821202;68.9;65340;Line 111;0;290.025220394317
-23.766971375;-46.057097031;76.4;65310;Line 111;0;290.025220394317
-23.766876706;-46.057372859;83.9;65280;Line 111;0;290.025220394317
-23.766782036;-46.057648686;86.8;65250;Line 111;0;290.025220394317
-23.766687366;-46.057924513;83.4;65220;Line 111;0;290.025220394317
-23.766592696;-46.05820034;76.3;65190;Line 111;0;290.025220394317
-23.766498025;-46.058476166;68.4;65160;Line 111;0;290.025220394317
-23.766403354;-46.058751992;60.1;65130;Line 111;0;290.025220394317
-23.766308682;-46.059027817;50.7;65100;Line 111;0;290.025220394317
-23.76621401;-46.059303642;44.8;65070;Line 111;0;290.025220394317
-23.766119337;-46.059579467;43.7;65040;Line 111;0;290.025220394317
-23.766024664;-46.059855291;43.0;65010;Line 111;0;290.025220394317
-23.76592999;-46.060131114;43.8;64980;Line 111;0;290.025220394317
-23.765835316;-46.060406938;46.4;64950;Line 111;0;290.025220394317
-23.765740641;-46.060682761;50.1;64920;Line 111;0;290.025220394317
-23.765645966;-46.060958583;56.5;64890;Line 111;0;290.025220394317
-23.76555129;-46.061234405;66.3;64860;Line 111;0;290.025220394317
-23.765456614;-46.061510227;76.4;64830;Line 111;0;290.025220394317
-23.765361937;-46.061786048;88.4;64800;Line 111;0;290.025220394317
-23.76526726;-46.062061869;103.0;64770;Line 111;0;290.025220394317
-23.765172583;-46.062337689;118.5;64740;Line 111;0;290.025220394317
-23.765077905;-46.062613509;135.3;64710;Line 111;0;290.025220394317
-23.764983226;-46.062889329;153.2;64680;Line 111;0;290.025220394317
-23.764888547;-46.063165148;169.2;64650;Line 111;0;290.025220394317
-23.764793868;-46.063440967;182.4;64620;Line 111;0;290.025220394317
-23.764699188;-46.063716785;192.3;64590;Line 111;0;290.025220394317
-23.764604507;-46.063992603;203.8;64560;Line 111;0;290.025220394317
-23.764509826;-46.06426842;215.3;64530;Line 111;0;290.025220394317
-23.764415145;-46.064544237;224.9;64500;Line 111;0;290.025220394317
-23.764320463;-46.064820054;235.1;64470;Line 111;0;290.025220394317
-23.764225781;-46.06509587;245.7;64440;Line 111;0;290.025220394317
-23.764131098;-46.065371686;255.4;64410;Line 111;0;290.025220394317
-23.764036414;-46.065647501;265.3;64380;Line 111;0;290.025220394317
-23.763941731;-46.065923316;275.9;64350;Line 111;0;290.025220394317
-23.763847046;-46.066199131;286.2;64320;Line 111;0;290.025220394317
-23.763752362;-46.066474945;296.3;64290;Line 111;0;290.025220394317
-23.763657676;-46.066750759;306.4;64260;Line 111;0;290.025220394317
-23.763562991;-46.067026572;317.2;64230;Line 111;0;290.025220394317
-23.763468304;-46.067302385;328.2;64200;Line 111;0;290.025220394317
-23.763373618;-46.067578197;338.5;64170;Line 111;0;290.025220394317
-23.76327893;-46.067854009;346.3;64140;Line 111;0;290.025220394317
-23.763184243;-46.068129821;354.6;64110;Line 111;0;290.025220394317
-23.763089555;-46.068405632;360.9;64080;Line 111;0;290.025220394317
-23.762994866;-46.068681443;359.6;64050;Line 111;0;290.025220394317
-23.762900177;-46.068957253;358.9;64020;Line 111;0;290.025220394317
-23.762805487;-46.069233063;357.8;63990;Line 111;0;290.025220394317
-23.762710797;-46.069508873;352.7;63960;Line 111;0;290.025220394317
-23.762616107;-46.069784682;347.0;63930;Line 111;0;290.025220394317
-23.762521416;-46.070060491;341.1;63900;Line 111;0;290.025220394317
-23.762426724;-46.070336299;332.7;63870;Line 111;0;290.025220394317
-23.762332032;-46.070612107;322.4;63840;Line 111;0;290.025220394317
-23.76223734;-46.070887914;310.3;63810;Line 111;0;290.025220394317
-23.762142647;-46.071163721;295.1;63780;Line 111;0;290.025220394317
-23.762047954;-46.071439528;278.8;63750;Line 111;0;290.025220394317
-23.76195326;-46.071715334;262.6;63720;Line 111;0;290.025220394317
-23.761858565;-46.07199114;252.6;63690;Line 111;0;290.025220394317
-23.761763871;-46.072266945;243.3;63660;Line 111;0;290.025220394317
-23.761669175;-46.07254275;235.2;63630;Line 111;0;290.025220394317
-23.761574479;-46.072818555;229.8;63600;Line 111;0;290.025220394317
-23.761479783;-46.073094359;223.8;63570;Line 111;0;290.025220394317
-23.761385086;-46.073370162;216.9;63540;Line 111;0;290.025220394317
-23.761290389;-46.073645966;207.5;63510;Line 111;0;290.025220394317
-23.761195692;-46.073921769;197.6;63480;Line 111;0;290.025220394317
-23.761100993;-46.074197571;187.0;63450;Line 111;0;290.025220394317
-23.761006295;-46.074473373;175.9;63420;Line 111;0;290.025220394317
-23.760911595;-46.074749175;165.6;63390;Line 111;0;290.025220394317
-23.760816896;-46.075024976;156.4;63360;Line 111;0;290.025220394317
-23.760722196;-46.075300777;149.6;63330;Line 111;0;290.025220394317
-23.760627495;-46.075576577;143.7;63300;Line 111;0;290.025220394317
-23.760532794;-46.075852377;138.8;63270;Line 111;0;290.025220394317
-23.760438093;-46.076128176;136.6;63240;Line 111;0;290.025220394317
-23.760343391;-46.076403975;134.4;63210;Line 111;0;290.025220394317
-23.760248688;-46.076679774;132.2;63180;Line 111;0;290.025220394317
-23.760153985;-46.076955572;127.1;63150;Line 111;0;290.025220394317
-23.760059282;-46.07723137;121.8;63120;Line 111;0;290.025220394317
-23.759964578;-46.077507168;116.6;63090;Line 111;0;290.025220394317
-23.759869873;-46.077782965;115.6;63060;Line 111;0;290.025220394317
-23.759775168;-46.078058761;113.8;63030;Line 111;0;290.025220394317
-23.759680463;-46.078334558;111.3;63000;Line 111;0;290.025220394317
-23.759585757;-46.078610353;108.5;62970;Line 111;0;290.025220394317
-23.759491051;-46.078886149;106.1;62940;Line 111;0;290.025220394317
-23.759396344;-46.079161944;104.0;62910;Line 111;0;290.025220394317
-23.759301637;-46.079437738;110.8;62880;Line 111;0;290.025220394317
-23.759206929;-46.079713532;118.6;62850;Line 111;0;290.025220394317
-23.759112221;-46.079989326;127.3;62820;Line 111;0;290.025220394317
-23.759017512;-46.080265119;128.6;62790;Line 111;0;290.025220394317
-23.758922803;-46.080540912;129.1;62760;Line 111;0;290.025220394317
-23.758828093;-46.080816704;129.0;62730;Line 111;0;290.025220394317
-23.758733383;-46.081092496;123.2;62700;Line 111;0;290.025220394317
-23.758638672;-46.081368288;116.3;62670;Line 111;0;290.025220394317
-23.758543961;-46.081644079;108.7;62640;Line 111;0;290.025220394317
-23.758449249;-46.08191987;100.5;62610;Line 111;0;290.025220394317
-23.758354537;-46.08219566;92.1;62580;Line 111;0;290.025220394317
-23.758259825;-46.08247145;84.0;62550;Line 111;0;290.025220394317
-23.758165112;-46.08274724;78.0;62520;Line 111;0;290.025220394317
-23.758070398;-46.083023029;72.0;62490;Line 111;0;290.025220394317
-23.757975684;-46.083298817;65.8;62460;Line 111;0;290.025220394317
-23.75788097;-46.083574606;61.5;62430;Line 111;0;290.025220394317
-23.757786255;-46.083850394;57.0;62400;Line 111;0;290.025220394317
-23.757691539;-46.084126181;52.1;62370;Line 111;0;290.025220394317
-23.757596823;-46.084401968;50.8;62340;Line 111;0;290.025220394317
-23.757502107;-46.084677755;50.2;62310;Line 111;0;290.025220394317
-23.75740739;-46.084953541;49.6;62280;Line 111;0;290.025220394317
-23.757312673;-46.085229326;49.9;62250;Line 111;0;290.025220394317
-23.757217955;-46.085505112;50.8;62220;Line 111;0;290.025220394317
-23.757123237;-46.085780897;52.0;62190;Line 111;0;290.025220394317
-23.757028518;-46.086056681;53.4;62160;Line 111;0;290.025220394317
-23.756933799;-46.086332465;54.7;62130;Line 111;0;290.025220394317
-23.756839079;-46.086608249;56.1;62100;Line 111;0;290.025220394317
-23.756744359;-46.086884032;58.6;62070;Line 111;0;290.025220394317
-23.756649638;-46.087159815;61.9;62040;Line 111;0;290.025220394317
-23.756554917;-46.087435597;65.9;62010;Line 111;0;290.025220394317
-23.756460195;-46.087711379;69.7;61980;Line 111;0;290.025220394317
-23.756365473;-46.087987161;73.5;61950;Line 111;0;290.025220394317
-23.75627075;-46.088262942;77.5;61920;Line 111;0;290.025220394317
-23.756176027;-46.088538723;83.8;61890;Line 111;0;290.025220394317
-23.756081304;-46.088814503;90.5;61860;Line 111;0;290.025220394317
-23.755986579;-46.089090283;96.9;61830;Line 111;0;290.025220394317
-23.755891855;-46.089366063;102.8;61800;Line 111;0;290.025220394317
-23.75579713;-46.089641842;108.8;61770;Line 111;0;290.025220394317
-23.755702404;-46.08991762;115.3;61740;Line 111;0;290.025220394317
-23.755607678;-46.090193399;121.1;61710;Line 111;0;290.025220394317
-23.755512952;-46.090469176;126.4;61680;Line 111;0;290.025220394317
-23.755418225;-46.090744954;131.1;61650;Line 111;0;290.025220394317
-23.755323498;-46.091020731;136.3;61620;Line 111;0;290.025220394317
-23.75522877;-46.091296507;141.5;61590;Line 111;0;290.025220394317
-23.755134041;-46.091572283;146.3;61560;Line 111;0;290.025220394317
-23.755039313;-46.091848059;151.8;61530;Line 111;0;290.025220394317
-23.754944583;-46.092123834;158.4;61500;Line 111;0;290.025220394317
-23.754849853;-46.092399609;164.9;61470;Line 111;0;290.025220394317
-23.754755123;-46.092675384;170.8;61440;Line 111;0;290.025220394317
-23.754660392;-46.092951158;176.6;61410;Line 111;0;290.025220394317
-23.754565661;-46.093226932;182.7;61380;Line 111;0;290.025220394317
-23.754470929;-46.093502705;190.2;61350;Line 111;0;290.025220394317
-23.754376197;-46.093778478;198.8;61320;Line 111;0;290.025220394317
-23.754281464;-46.09405425;207.6;61290;Line 111;0;290.025220394317
-23.754186731;-46.094330022;217.0;61260;Line 111;0;290.025220394317
-23.754091998;-46.094605793;227.4;61230;Line 111;0;290.025220394317
-23.753997264;-46.094881565;238.7;61200;Line 111;0;290.025220394317
-23.753902529;-46.095157335;248.7;61170;Line 111;0;290.025220394317
-23.753807794;-46.095433106;257.8;61140;Line 111;0;290.025220394317
-23.753713058;-46.095708876;267.7;61110;Line 111;0;290.025220394317
-23.753618322;-46.095984645;277.2;61080;Line 111;0;290.025220394317
-23.753523586;-46.096260414;285.7;61050;Line 111;0;290.025220394317
-23.753428849;-46.096536183;294.0;61020;Line 111;0;290.025220394317
-23.753334111;-46.096811951;302.2;60990;Line 111;0;290.025220394317
-23.753239373;-46.097087719;310.2;60960;Line 111;0;290.025220394317
-23.753144635;-46.097363486;317.8;60930;Line 111;0;290.025220394317
-23.753049896;-46.097639253;329.6;60900;Line 111;0;290.025220394317
-23.752955157;-46.09791502;345.5;60870;Line 111;0;290.025220394317
-23.752860417;-46.098190786;361.5;60840;Line 111;0;290.025220394317
-23.752765677;-46.098466551;378.3;60810;Line 111;0;290.025220394317
-23.752670936;-46.098742317;396.6;60780;Line 111;0;290.025220394317
-23.752576194;-46.099018082;415.9;60750;Line 111;0;290.025220394317
-23.752481453;-46.099293846;436.8;60720;Line 111;0;290.025220394317
-23.75238671;-46.09956961;458.6;60690;Line 111;0;290.025220394317
-23.752291968;-46.099845374;479.7;60660;Line 111;0;290.025220394317
-23.752197224;-46.100121137;499.2;60630;Line 111;0;290.025220394317
-23.752102481;-46.1003969;516.2;60600;Line 111;0;290.025220394317
-23.752007737;-46.100672662;531.4;60570;Line 111;0;290.025220394317
-23.751912992;-46.100948424;545.0;60540;Line 111;0;290.025220394317
-23.751818247;-46.101224185;558.5;60510;Line 111;0;290.025220394317
-23.751723501;-46.101499947;572.4;60480;Line 111;0;290.025220394317
-23.751628755;-46.101775707;583.8;60450;Line 111;0;290.025220394317
-23.751534009;-46.102051468;591.9;60420;Line 111;0;290.025220394317
-23.751439261;-46.102327227;601.6;60390;Line 111;0;290.025220394317
-23.751344514;-46.102602987;611.1;60360;Line 111;0;290.025220394317
-23.751249766;-46.102878746;620.3;60330;Line 111;0;290.025220394317
-23.751155018;-46.103154504;632.8;60300;Line 111;0;290.025220394317
-23.751060269;-46.103430263;645.6;60270;Line 111;0;290.025220394317
-23.750965519;-46.10370602;655.5;60240;Line 111;0;290.025220394317
-23.750870769;-46.103981778;667.5;60210;Line 111;0;290.025220394317
-23.750776019;-46.104257535;670.3;60180;Line 111;0;290.025220394317
-23.750681268;-46.104533291;657.3;60150;Line 111;0;290.025220394317
-23.750586517;-46.104809047;646.9;60120;Line 111;0;290.025220394317
-23.750491765;-46.105084803;637.3;60090;Line 111;0;290.025220394317
-23.750397012;-46.105360558;624.3;60060;Line 111;0;290.025220394317
-23.75030226;-46.105636313;610.2;60030;Line 111;0;290.025220394317
-23.750207506;-46.105912068;598.1;60000;Line 111;0;290.025220394317
-23.750112753;-46.106187822;593.6;59970;Line 111;0;290.025220394317
-23.750017998;-46.106463575;589.4;59940;Line 111;0;290.025220394317
-23.749923244;-46.106739328;586.3;59910;Line 111;0;290.025220394317
-23.749828489;-46.107015081;587.7;59880;Line 111;0;290.025220394317
-23.749733733;-46.107290833;589.3;59850;Line 111;0;290.025220394317
-23.749638977;-46.107566585;591.8;59820;Line 111;0;290.025220394317
-23.74954422;-46.107842337;595.5;59790;Line 111;0;290.025220394317
-23.749449463;-46.108118088;597.8;59760;Line 111;0;290.025220394317
-23.749354706;-46.108393839;600.3;59730;Line 111;0;290.025220394317
-23.749259948;-46.108669589;606.9;59700;Line 111;0;290.025220394317
-23.749165189;-46.108945339;613.0;59670;Line 111;0;290.025220394317
-23.74907043;-46.109221088;620.6;59640;Line 111;0;290.025220394317
-23.748975671;-46.109496837;626.5;59610;Line 111;0;290.025220394317
-23.748880911;-46.109772586;634.4;59580;Line 111;0;290.025220394317
-23.74878615;-46.110048334;643.6;59550;Line 111;0;290.025220394317
-23.748691389;-46.110324082;649.1;59520;Line 111;0;290.025220394317
-23.748596628;-46.110599829;653.4;59490;Line 111;0;290.025220394317
-23.748501866;-46.110875576;656.8;59460;Line 111;0;290.025220394317
-23.748407104;-46.111151322;660.4;59430;Line 111;0;290.025220394317
-23.748312341;-46.111427068;662.6;59400;Line 111;0;290.025220394317
-23.748217577;-46.111702814;663.6;59370;Line 111;0;290.025220394317
-23.748122814;-46.111978559;664.7;59340;Line 111;0;290.025220394317
-23.748028049;-46.112254304;664.4;59310;Line 111;0;290.025220394317
-23.747933285;-46.112530048;660.7;59280;Line 111;0;290.025220394317
-23.747838519;-46.112805792;640.6;59250;Line 111;0;290.025220394317
-23.747743754;-46.113081536;618.7;59220;Line 111;0;290.025220394317
-23.747648988;-46.113357279;595.6;59190;Line 111;0;290.025220394317
-23.747554221;-46.113633022;578.2;59160;Line 111;0;290.025220394317
-23.747459454;-46.113908764;564.9;59130;Line 111;0;290.025220394317
-23.747364686;-46.114184506;557.5;59100;Line 111;0;290.025220394317
-23.747269918;-46.114460248;563.7;59070;Line 111;0;290.025220394317
-23.74717515;-46.114735989;571.5;59040;Line 111;0;290.025220394317
-23.74708038;-46.115011729;580.2;59010;Line 111;0;290.025220394317
-23.746985611;-46.115287469;575.1;58980;Line 111;0;290.025220394317
-23.746890841;-46.115563209;568.3;58950;Line 111;0;290.025220394317
-23.74679607;-46.115838949;559.7;58920;Line 111;0;290.025220394317
-23.746701299;-46.116114688;544.2;58890;Line 111;0;290.025220394317
-23.746606528;-46.116390426;526.1;58860;Line 111;0;290.025220394317
-23.746511756;-46.116666164;507.8;58830;Line 111;0;290.025220394317
-23.746416984;-46.116941902;502.8;58800;Line 111;0;290.025220394317
-23.746322211;-46.117217639;498.1;58770;Line 111;0;290.025220394317
-23.746227438;-46.117493376;493.6;58740;Line 111;0;290.025220394317
-23.746132664;-46.117769113;495.2;58710;Line 111;0;290.025220394317
-23.746037889;-46.118044849;497.9;58680;Line 111;0;290.025220394317
-23.745943115;-46.118320584;501.7;58650;Line 111;0;290.025220394317
-23.745848339;-46.118596319;511.0;58620;Line 111;0;290.025220394317
-23.745753564;-46.118872054;522.0;58590;Line 111;0;290.025220394317
-23.745658787;-46.119147789;533.2;58560;Line 111;0;290.025220394317
-23.745564011;-46.119423523;544.0;58530;Line 111;0;290.025220394317
-23.745469234;-46.119699256;553.0;58500;Line 111;0;290.025220394317
-23.745374456;-46.119974989;560.2;58470;Line 111;0;290.025220394317
-23.745279678;-46.120250722;565.0;58440;Line 111;0;290.025220394317
-23.745184899;-46.120526454;569.9;58410;Line 111;0;290.025220394317
-23.74509012;-46.120802186;575.1;58380;Line 111;0;290.025220394317
-23.74499534;-46.121077918;586.7;58350;Line 111;0;290.025220394317
-23.74490056;-46.121353649;601.0;58320;Line 111;0;290.025220394317
-23.74480578;-46.121629379;614.8;58290;Line 111;0;290.025220394317
-23.744710999;-46.121905109;623.9;58260;Line 111;0;290.025220394317
-23.744616217;-46.122180839;631.6;58230;Line 111;0;290.025220394317
-23.744521435;-46.122456568;638.7;58200;Line 111;0;290.025220394317
-23.744426653;-46.122732297;646.2;58170;Line 111;0;290.025220394317
-23.74433187;-46.123008026;655.3;58140;Line 111;0;290.025220394317
-23.744237087;-46.123283754;665.8;58110;Line 111;0;290.025220394317
-23.744142303;-46.123559482;676.1;58080;Line 111;0;290.025220394317
-23.744047519;-46.123835209;683.4;58050;Line 111;0;290.025220394317
-23.743952734;-46.124110936;690.0;58020;Line 111;0;290.025220394317
-23.743857948;-46.124386662;693.8;57990;Line 111;0;290.025220394317
-23.743763163;-46.124662388;698.3;57960;Line 111;0;290.025220394317
-23.743668376;-46.124938114;704.5;57930;Line 111;0;290.025220394317
-23.74357359;-46.125213839;712.5;57900;Line 111;0;290.025220394317
-23.743478802;-46.125489564;720.4;57870;Line 111;0;290.025220394317
-23.743384015;-46.125765288;728.1;57840;Line 111;0;290.025220394317
-23.743289227;-46.126041012;734.5;57810;Line 111;0;290.025220394317
-23.743194438;-46.126316736;737.8;57780;Line 111;0;290.025220394317
-23.743099649;-46.126592459;740.1;57750;Line 111;0;290.025220394317
-23.743004859;-46.126868181;738.4;57720;Line 111;0;290.025220394317
-23.742910069;-46.127143904;735.5;57690;Line 111;0;290.025220394317
-23.742815278;-46.127419625;733.0;57660;Line 111;0;290.025220394317
-23.742720487;-46.127695347;729.8;57630;Line 111;0;290.025220394317
-23.742625696;-46.127971068;726.6;57600;Line 111;0;290.025220394317
-23.742530904;-46.128246788;723.8;57570;Line 111;0;290.025220394317
-23.742436111;-46.128522508;716.5;57540;Line 111;0;290.025220394317
-23.742341319;-46.128798228;707.5;57510;Line 111;0;290.025220394317
-23.742246525;-46.129073948;699.1;57480;Line 111;0;290.025220394317
-23.742151731;-46.129349666;695.9;57450;Line 111;0;290.025220394317
-23.742056937;-46.129625385;694.5;57420;Line 111;0;290.025220394317
-23.741962142;-46.129901103;692.2;57390;Line 111;0;290.025220394317
-23.741867347;-46.130176821;695.6;57360;Line 111;0;290.025220394317
-23.741772551;-46.130452538;702.4;57330;Line 111;0;290.025220394317
-23.741677754;-46.130728255;709.2;57300;Line 111;0;290.025220394317
-23.741582958;-46.131003971;715.5;57270;Line 111;0;290.025220394317
-23.74148816;-46.131279687;721.6;57240;Line 111;0;290.025220394317
-23.741393363;-46.131555403;727.2;57210;Line 111;0;290.025220394317
-23.741298565;-46.131831118;731.2;57180;Line 111;0;290.025220394317
-23.741203766;-46.132106832;734.8;57150;Line 111;0;290.025220394317
-23.741108967;-46.132382547;739.1;57120;Line 111;0;290.025220394317
-23.741014167;-46.132658261;739.9;57090;Line 111;0;290.025220394317
-23.740919367;-46.132933974;737.9;57060;Line 111;0;290.025220394317
-23.740824566;-46.133209687;735.8;57030;Line 111;0;290.025220394317
-23.740729765;-46.1334854;735.4;57000;Line 111;0;290.025220394317
-23.740634964;-46.133761112;736.0;56970;Line 111;0;290.025220394317
-23.740540162;-46.134036824;736.3;56940;Line 111;0;290.025220394317
-23.740445359;-46.134312535;738.8;56910;Line 111;0;290.025220394317
-23.740350556;-46.134588246;743.5;56880;Line 111;0;290.025220394317
-23.740255753;-46.134863957;748.4;56850;Line 111;0;290.025220394317
-23.740160949;-46.135139667;751.5;56820;Line 111;0;290.025220394317
-23.740066144;-46.135415376;752.8;56790;Line 111;0;290.025220394317
-23.739971339;-46.135691086;754.1;56760;Line 111;0;290.025220394317
-23.739876534;-46.135966795;753.3;56730;Line 111;0;290.025220394317
-23.739781728;-46.136242503;751.0;56700;Line 111;0;290.025220394317
-23.739686922;-46.136518211;749.3;56670;Line 111;0;290.025220394317
-23.739592115;-46.136793919;748.1;56640;Line 111;0;290.025220394317
-23.739497308;-46.137069626;747.2;56610;Line 111;0;290.025220394317
-23.7394025;-46.137345333;746.3;56580;Line 111;0;290.025220394317
-23.739307692;-46.137621039;744.7;56550;Line 111;0;290.025220394317
-23.739212883;-46.137896745;742.1;56520;Line 111;0;290.025220394317
-23.739118074;-46.138172451;741.3;56490;Line 111;0;290.025220394317
-23.739023264;-46.138448156;742.7;56460;Line 111;0;290.025220394317
-23.738928454;-46.13872386;744.5;56430;Line 111;0;290.025220394317
-23.738833643;-46.138999565;746.6;56400;Line 111;0;290.025220394317
-23.738738832;-46.139275268;748.9;56370;Line 111;0;290.025220394317
-23.738644021;-46.139550972;751.1;56340;Line 111;0;290.025220394317
-23.738549209;-46.139826675;753.1;56310;Line 111;0;290.025220394317
-23.738454396;-46.140102377;754.4;56280;Line 111;0;290.025220394317
-23.738359583;-46.14037808;754.4;56250;Line 111;0;290.025220394317
-23.73826477;-46.140653781;753.6;56220;Line 111;0;290.025220394317
-23.738169956;-46.140929483;751.5;56190;Line 111;0;290.025220394317
-23.738075141;-46.141205184;748.0;56160;Line 111;0;290.025220394317
-23.737980326;-46.141480884;743.7;56130;Line 111;0;290.025220394317
-23.737885511;-46.141756584;740.7;56100;Line 111;0;290.025220394317
-23.737790695;-46.142032284;741.1;56070;Line 111;0;290.025220394317
-23.737695879;-46.142307983;741.3;56040;Line 111;0;290.025220394317
-23.737601062;-46.142583682;743.1;56010;Line 111;0;290.025220394317
-23.737506244;-46.14285938;749.1;55980;Line 111;0;290.025220394317
-23.737411427;-46.143135078;754.3;55950;Line 111;0;290.025220394317
-23.737316608;-46.143410776;758.2;55920;Line 111;0;290.025220394317
-23.73722179;-46.143686473;759.9;55890;Line 111;0;290.025220394317
-23.73712697;-46.14396217;761.4;55860;Line 111;0;290.025220394317
-23.737032151;-46.144237866;761.5;55830;Line 111;0;290.025220394317
-23.736937331;-46.144513562;758.8;55800;Line 111;0;290.025220394317
-23.73684251;-46.144789257;757.0;55770;Line 111;0;290.025220394317
-23.736747689;-46.145064953;755.5;55740;Line 111;0;290.025220394317
-23.736652867;-46.145340647;752.7;55710;Line 111;0;290.025220394317
-23.736558045;-46.145616341;749.2;55680;Line 111;0;290.025220394317
-23.736463222;-46.145892035;746.3;55650;Line 111;0;290.025220394317
-23.736368399;-46.146167729;744.9;55620;Line 111;0;290.025220394317
-23.736273576;-46.146443422;744.5;55590;Line 111;0;290.025220394317
-23.736178752;-46.146719114;744.6;55560;Line 111;0;290.025220394317
-23.736083927;-46.146994806;743.8;55530;Line 111;0;290.025220394317
-23.735989102;-46.147270498;744.2;55500;Line 111;0;290.025220394317
-23.735894277;-46.147546189;744.9;55470;Line 111;0;290.025220394317
-23.735799451;-46.14782188;739.9;55440;Line 111;0;290.025220394317
-23.735704625;-46.148097571;734.5;55410;Line 111;0;290.025220394317
-23.735609798;-46.148373261;730.3;55380;Line 111;0;290.025220394317
-23.735514971;-46.14864895;726.8;55350;Line 111;0;290.025220394317
-23.735420143;-46.148924639;723.3;55320;Line 111;0;290.025220394317
-23.735325314;-46.149200328;720.0;55290;Line 111;0;290.025220394317
-23.735230486;-46.149476017;720.3;55260;Line 111;0;290.025220394317
-23.735135656;-46.149751705;720.2;55230;Line 111;0;290.025220394317
-23.735040827;-46.150027392;720.3;55200;Line 111;0;290.025220394317
-23.734945996;-46.150303079;724.5;55170;Line 111;0;290.025220394317
-23.734851166;-46.150578766;729.0;55140;Line 111;0;290.025220394317
-23.734756335;-46.150854452;733.5;55110;Line 111;0;290.025220394317
-23.734661503;-46.151130138;736.5;55080;Line 111;0;290.025220394317
-23.734566671;-46.151405823;739.2;55050;Line 111;0;290.025220394317
-23.734471838;-46.151681508;741.6;55020;Line 111;0;290.025220394317
-23.734377005;-46.151957193;743.9;54990;Line 111;0;290.025220394317
-23.734282172;-46.152232877;746.0;54960;Line 111;0;290.025220394317
-23.734187338;-46.152508561;747.9;54930;Line 111;0;290.025220394317
-23.734092503;-46.152784244;747.2;54900;Line 111;0;290.025220394317
-23.733997668;-46.153059927;746.4;54870;Line 111;0;290.025220394317
-23.733902833;-46.15333561;745.7;54840;Line 111;0;290.025220394317
-23.733807997;-46.153611292;744.2;54810;Line 111;0;290.025220394317
-23.73371316;-46.153886974;742.4;54780;Line 111;0;290.025220394317
-23.733618323;-46.154162655;740.1;54750;Line 111;0;290.025220394317
-23.733523486;-46.154438336;739.7;54720;Line 111;0;290.025220394317
-23.733428648;-46.154714016;739.7;54690;Line 111;0;290.025220394317
-23.73333381;-46.154989696;740.0;54660;Line 111;0;290.025220394317
-23.733238971;-46.155265376;739.0;54630;Line 111;0;290.025220394317
-23.733144132;-46.155541055;737.9;54600;Line 111;0;290.025220394317
-23.733049292;-46.155816734;736.9;54570;Line 111;0;290.025220394317
-23.732954452;-46.156092412;736.9;54540;Line 111;0;290.025220394317
-23.732859611;-46.15636809;737.3;54510;Line 111;0;290.025220394317
-23.73276477;-46.156643767;738.1;54480;Line 111;0;290.025220394317
-23.732669928;-46.156919444;738.1;54450;Line 111;0;290.025220394317
-23.732575086;-46.157195121;738.3;54420;Line 111;0;290.025220394317
-23.732480244;-46.157470797;738.9;54390;Line 111;0;290.025220394317
-23.7323854;-46.157746473;738.0;54360;Line 111;0;290.025220394317
-23.732290557;-46.158022148;736.6;54330;Line 111;0;290.025220394317
-23.732195713;-46.158297823;735.1;54300;Line 111;0;290.025220394317
-23.732100868;-46.158573498;735.4;54270;Line 111;0;290.025220394317
-23.732006023;-46.158849172;736.4;54240;Line 111;0;290.025220394317
-23.731911178;-46.159124846;737.9;54210;Line 111;0;290.025220394317
-23.731816332;-46.159400519;739.6;54180;Line 111;0;290.025220394317
-23.731721485;-46.159676192;741.7;54150;Line 111;0;290.025220394317
-23.731626638;-46.159951864;744.6;54120;Line 111;0;290.025220394317
-23.731531791;-46.160227536;746.9;54090;Line 111;0;290.025220394317
-23.731436943;-46.160503208;749.0;54060;Line 111;0;290.025220394317
-23.731342095;-46.160778879;751.4;54030;Line 111;0;290.025220394317
-23.731247246;-46.16105455;754.9;54000;Line 111;0;290.025220394317
-23.731152397;-46.16133022;758.3;53970;Line 111;0;290.025220394317
-23.731057547;-46.16160589;761.5;53940;Line 111;0;290.025220394317
-23.730962697;-46.16188156;761.5;53910;Line 111;0;290.025220394317
-23.730867846;-46.162157229;760.0;53880;Line 111;0;290.025220394317
-23.730772995;-46.162432898;756.7;53850;Line 111;0;290.025220394317
-23.730678143;-46.162708566;752.3;53820;Line 111;0;290.025220394317
-23.730583291;-46.162984234;747.5;53790;Line 111;0;290.025220394317
-23.730488438;-46.163259901;742.6;53760;Line 111;0;290.025220394317
-23.730393585;-46.163535568;741.3;53730;Line 111;0;290.025220394317
-23.730298732;-46.163811235;741.1;53700;Line 111;0;290.025220394317
-23.730203878;-46.164086901;740.4;53670;Line 111;0;290.025220394317
-23.730109023;-46.164362567;741.1;53640;Line 111;0;290.025220394317
-23.730014168;-46.164638232;742.7;53610;Line 111;0;290.025220394317
-23.729919312;-46.164913897;745.1;53580;Line 111;0;290.025220394317
-23.729824456;-46.165189562;750.5;53550;Line 111;0;290.025220394317
-23.7297296;-46.165465226;756.9;53520;Line 111;0;290.025220394317
-23.729634743;-46.165740889;762.8;53490;Line 111;0;290.025220394317
-23.729539886;-46.166016553;767.5;53460;Line 111;0;290.025220394317
-23.729445028;-46.166292216;772.3;53430;Line 111;0;290.025220394317
-23.729350169;-46.166567878;777.7;53400;Line 111;0;290.025220394317
-23.729255311;-46.16684354;779.2;53370;Line 111;0;290.025220394317
-23.729160451;-46.167119202;777.7;53340;Line 111;0;290.025220394317
-23.729065591;-46.167394863;774.2;53310;Line 111;0;290.025220394317
-23.728970731;-46.167670523;771.9;53280;Line 111;0;290.025220394317
-23.72887587;-46.167946184;770.4;53250;Line 111;0;290.025220394317
-23.728781009;-46.168221844;768.9;53220;Line 111;0;290.025220394317
-23.728686148;-46.168497503;768.7;53190;Line 111;0;290.025220394317
-23.728591285;-46.168773162;769.0;53160;Line 111;0;290.025220394317
-23.728496423;-46.169048821;768.9;53130;Line 111;0;290.025220394317
-23.72840156;-46.169324479;766.5;53100;Line 111;0;290.025220394317
-23.728306696;-46.169600137;762.8;53070;Line 111;0;290.025220394317
-23.728211832;-46.169875794;760.1;53040;Line 111;0;290.025220394317
-23.728116967;-46.170151451;759.0;53010;Line 111;0;290.025220394317
-23.728022102;-46.170427108;760.0;52980;Line 111;0;290.025220394317
-23.727927237;-46.170702764;762.5;52950;Line 111;0;290.025220394317
-23.727832371;-46.17097842;766.7;52920;Line 111;0;290.025220394317
-23.727737504;-46.171254075;771.9;52890;Line 111;0;290.025220394317
-23.727642637;-46.17152973;777.7;52860;Line 111;0;290.025220394317
-23.72754777;-46.171805384;782.0;52830;Line 111;0;290.025220394317
-23.727452902;-46.172081038;784.4;52800;Line 111;0;290.025220394317
-23.727358034;-46.172356692;786.6;52770;Line 111;0;290.025220394317
-23.727263165;-46.172632345;789.8;52740;Line 111;0;290.025220394317
-23.727168295;-46.172907998;794.5;52710;Line 111;0;290.025220394317
-23.727073426;-46.17318365;800.1;52680;Line 111;0;290.025220394317
-23.726978555;-46.173459302;805.7;52650;Line 111;0;290.025220394317
-23.726883685;-46.173734954;810.5;52620;Line 111;0;290.025220394317
-23.726788813;-46.174010605;815.5;52590;Line 111;0;290.025220394317
-23.726693942;-46.174286256;818.7;52560;Line 111;0;290.025220394317
-23.726599069;-46.174561906;816.6;52530;Line 111;0;290.025220394317
-23.726504197;-46.174837556;814.5;52500;Line 111;0;290.025220394317
-23.726409324;-46.175113205;817.3;52470;Line 111;0;290.025220394317
-23.72631445;-46.175388854;826.0;52440;Line 111;0;290.025220394317
-23.726219576;-46.175664503;834.6;52410;Line 111;0;290.025220394317
-23.726124701;-46.175940151;840.9;52380;Line 111;0;290.025220394317
-23.726029826;-46.176215799;842.9;52350;Line 111;0;290.025220394317
-23.725934951;-46.176491446;843.1;52320;Line 111;0;290.025220394317
-23.725840075;-46.176767093;841.5;52290;Line 111;0;290.025220394317
-23.725745198;-46.177042739;838.7;52260;Line 111;0;290.025220394317
-23.725650321;-46.177318386;834.9;52230;Line 111;0;290.025220394317
-23.725555444;-46.177594031;831.6;52200;Line 111;0;290.025220394317
-23.725460566;-46.177869676;831.2;52170;Line 111;0;290.025220394317
-23.725365688;-46.178145321;831.2;52140;Line 111;0;290.025220394317
-23.725270809;-46.178420966;829.6;52110;Line 111;0;290.025220394317
-23.725175929;-46.17869661;824.9;52080;Line 111;0;290.025220394317
-23.72508105;-46.178972253;820.9;52050;Line 111;0;290.025220394317
-23.724986169;-46.179247896;815.8;52020;Line 111;0;290.025220394317
-23.724891288;-46.179523539;807.8;51990;Line 111;0;290.025220394317
-23.724796407;-46.179799181;801.0;51960;Line 111;0;290.025220394317
-23.724701525;-46.180074823;795.8;51930;Line 111;0;290.025220394317
-23.724606643;-46.180350465;792.7;51900;Line 111;0;290.025220394317
-23.724511761;-46.180626106;789.8;51870;Line 111;0;290.025220394317
-23.724416877;-46.180901747;787.6;51840;Line 111;0;290.025220394317
-23.724321994;-46.181177387;787.5;51810;Line 111;0;290.025220394317
-23.72422711;-46.181453027;787.6;51780;Line 111;0;290.025220394317
-23.724132225;-46.181728666;787.9;51750;Line 111;0;290.025220394317
-23.72403734;-46.182004305;787.4;51720;Line 111;0;290.025220394317
-23.723942454;-46.182279943;786.8;51690;Line 111;0;290.025220394317
-23.723847568;-46.182555582;786.3;51660;Line 111;0;290.025220394317
-23.723752682;-46.182831219;787.0;51630;Line 111;0;290.025220394317
-23.723657795;-46.183106857;788.3;51600;Line 111;0;290.025220394317
-23.723562908;-46.183382493;791.1;51570;Line 111;0;290.025220394317
-23.72346802;-46.18365813;798.4;51540;Line 111;0;290.025220394317
-23.723373131;-46.183933766;807.0;51510;Line 111;0;290.025220394317
-23.723278242;-46.184209401;816.8;51480;Line 111;0;290.025220394317
-23.723183353;-46.184485037;829.0;51450;Line 111;0;290.025220394317
-23.723088463;-46.184760671;841.2;51420;Line 111;0;290.025220394317
-23.722993573;-46.185036306;853.0;51390;Line 111;1;290.025220394317
-23.722898682;-46.18531194;862.6;51360;Line 111;1;290.025220394317
-23.722803791;-46.185587573;872.1;51330;Line 111;1;290.025220394317
-23.722708899;-46.185863206;880.9;51300;Line 111;1;290.025220394317
-23.722614007;-46.186138839;886.0;51270;Line 111;1;290.025220394317
-23.722519114;-46.186414471;890.7;51240;Line 111;1;290.025220394317
-23.722424221;-46.186690103;893.3;51210;Line 111;1;290.025220394317
-23.722329327;-46.186965735;890.1;51180;Line 111;1;290.025220394317
-23.722234433;-46.187241366;885.6;51150;Line 111;1;290.025220394317
-23.722139539;-46.187516996;879.7;51120;Line 111;1;290.025220394317
-23.722044644;-46.187792626;871.4;51090;Line 111;1;290.025220394317
-23.721949748;-46.188068256;862.1;51060;Line 111;1;290.025220394317
-23.721854852;-46.188343885;852.1;51030;Line 111;0;290.025220394317
-23.721759956;-46.188619514;848.0;51000;Line 111;0;290.025220394317
-23.721665059;-46.188895143;844.6;50970;Line 111;0;290.025220394317
-23.721570161;-46.189170771;840.3;50940;Line 111;0;290.025220394317
-23.721475263;-46.189446398;837.7;50910;Line 111;0;290.025220394317
-23.721380365;-46.189722026;835.9;50880;Line 111;0;290.025220394317
-23.721285466;-46.189997652;834.8;50850;Line 111;0;290.025220394317
-23.721190567;-46.190273279;837.5;50820;Line 111;0;290.025220394317
-23.721095667;-46.190548905;840.8;50790;Line 111;0;290.025220394317
-23.721000766;-46.19082453;844.6;50760;Line 111;0;290.025220394317
-23.720905866;-46.191100156;846.4;50730;Line 111;0;290.025220394317
-23.720810964;-46.19137578;847.8;50700;Line 111;0;290.025220394317
-23.720716063;-46.191651405;848.4;50670;Line 111;0;290.025220394317
-23.72062116;-46.191927028;842.0;50640;Line 111;0;290.025220394317
-23.720526258;-46.192202652;835.1;50610;Line 111;0;290.025220394317
-23.720431354;-46.192478275;828.3;50580;Line 111;0;290.025220394317
-23.720336451;-46.192753898;832.0;50550;Line 111;0;290.025220394317
-23.720241547;-46.19302952;837.4;50520;Line 111;0;290.025220394317
-23.720146642;-46.193305142;843.6;50490;Line 111;0;290.025220394317
-23.720051737;-46.193580763;845.7;50460;Line 111;0;290.025220394317
-23.719956831;-46.193856384;846.9;50430;Line 111;0;290.025220394317
-23.719861925;-46.194132004;848.7;50400;Line 111;0;290.025220394317
-23.719767019;-46.194407624;843.0;50370;Line 111;0;290.025220394317
-23.719672112;-46.194683244;835.9;50340;Line 111;0;290.025220394317
-23.719577204;-46.194958863;828.6;50310;Line 111;0;290.025220394317
-23.719482297;-46.195234482;823.7;50280;Line 111;0;290.025220394317
-23.719387388;-46.195510101;818.8;50250;Line 111;0;290.025220394317
-23.719292479;-46.195785719;813.4;50220;Line 111;0;290.025220394317
-23.71919757;-46.196061336;809.9;50190;Line 111;0;290.025220394317
-23.71910266;-46.196336953;808.4;50160;Line 111;0;290.025220394317
-23.71900775;-46.19661257;808.0;50130;Line 111;0;290.025220394317
-23.718912839;-46.196888187;806.2;50100;Line 111;0;290.025220394317
-23.718817928;-46.197163802;804.9;50070;Line 111;0;290.025220394317
-23.718723016;-46.197439418;804.4;50040;Line 111;0;290.025220394317
-23.718628104;-46.197715033;805.6;50010;Line 111;0;290.025220394317
-23.718533191;-46.197990648;807.7;49980;Line 111;0;290.025220394317
-23.718438278;-46.198266262;810.1;49950;Line 111;0;290.025220394317
-23.718343364;-46.198541876;815.6;49920;Line 111;0;290.025220394317
-23.71824845;-46.198817489;822.9;49890;Line 111;0;290.025220394317
-23.718153535;-46.199093102;829.9;49860;Line 111;0;290.025220394317
-23.71805862;-46.199368715;835.1;49830;Line 111;0;290.025220394317
-23.717963705;-46.199644327;839.6;49800;Line 111;0;290.025220394317
-23.717868789;-46.199919939;843.7;49770;Line 111;0;290.025220394317
-23.717773872;-46.20019555;847.0;49740;Line 111;0;290.025220394317
-23.717678955;-46.200471161;849.8;49710;Line 111;0;290.025220394317
-23.717584038;-46.200746771;852.4;49680;Line 111;0;290.025220394317
-23.71748912;-46.201022381;854.0;49650;Line 111;0;290.025220394317
-23.717394201;-46.201297991;853.1;49620;Line 111;0;290.025220394317
-23.717299283;-46.2015736;853.3;49590;Line 111;0;290.025220394317
-23.717204363;-46.201849209;853.0;49560;Line 111;0;290.025220394317
-23.717109443;-46.202124817;851.4;49530;Line 111;0;290.025220394317
-23.717014523;-46.202400425;849.2;49500;Line 111;0;290.025220394317
-23.716919602;-46.202676033;843.0;49470;Line 111;0;290.025220394317
-23.716824681;-46.20295164;834.7;49440;Line 111;0;290.025220394317
-23.716729759;-46.203227247;826.5;49410;Line 111;0;290.025220394317
-23.716634837;-46.203502853;817.2;49380;Line 111;0;290.025220394317
-23.716539914;-46.203778459;807.4;49350;Line 111;0;290.025220394317
-23.716444991;-46.204054064;797.7;49320;Line 111;0;290.025220394317
-23.716350068;-46.204329669;792.9;49290;Line 111;0;290.025220394317
-23.716255143;-46.204605274;791.5;49260;Line 111;0;290.025220394317
-23.716160219;-46.204880878;790.2;49230;Line 111;0;290.025220394317
-23.716065294;-46.205156482;789.5;49200;Line 111;0;290.025220394317
-23.715970368;-46.205432085;789.0;49170;Line 111;0;290.025220394317
-23.715875442;-46.205707688;788.3;49140;Line 111;0;290.025220394317
-23.715780516;-46.20598329;787.2;49110;Line 111;0;290.025220394317
-23.715685589;-46.206258892;785.9;49080;Line 111;0;290.025220394317
-23.715590661;-46.206534494;784.8;49050;Line 111;0;290.025220394317
-23.715495733;-46.206810095;784.3;49020;Line 111;0;290.025220394317
-23.715400805;-46.207085696;784.3;48990;Line 111;0;290.025220394317
-23.715305876;-46.207361297;784.3;48960;Line 111;0;290.025220394317
-23.715210947;-46.207636897;786.2;48930;Line 111;0;290.025220394317
-23.715116017;-46.207912496;790.0;48900;Line 111;0;290.025220394317
-23.715021086;-46.208188095;794.0;48870;Line 111;0;290.025220394317
-23.714926156;-46.208463694;800.3;48840;Line 111;0;290.025220394317
-23.714831224;-46.208739292;808.3;48810;Line 111;0;290.025220394317
-23.714736293;-46.20901489;816.9;48780;Line 111;0;290.025220394317
-23.71464136;-46.209290488;825.9;48750;Line 111;0;290.025220394317
-23.714546428;-46.209566085;835.2;48720;Line 111;0;290.025220394317
-23.714451495;-46.209841681;845.0;48690;Line 111;0;290.025220394317
-23.714356561;-46.210117278;856.3;48660;Line 111;0;290.025220394317
-23.714261627;-46.210392873;869.2;48630;Line 111;1;290.025220394317
-23.714166692;-46.210668469;882.5;48600;Line 111;1;290.025220394317
-23.714071757;-46.210944064;896.4;48570;Line 111;1;290.025220394317
-23.713976822;-46.211219658;910.3;48540;Line 111;1;290.025220394317
-23.713881886;-46.211495252;923.5;48510;Line 111;1;290.025220394317
-23.713786949;-46.211770846;936.8;48480;Line 111;1;290.025220394317
-23.713692012;-46.212046439;950.5;48450;Line 111;1;290.025220394317
-23.713597075;-46.212322032;963.2;48420;Line 111;1;290.025220394317
-23.713502137;-46.212597625;975.4;48390;Line 111;1;290.025220394317
-23.713407198;-46.212873217;988.0;48360;Line 111;1;290.025220394317
-23.713312259;-46.213148808;1000.3;48330;Line 111;1;290.025220394317
-23.71321732;-46.213424399;1011.7;48300;Line 111;1;290.025220394317
-23.71312238;-46.21369999;1021.6;48270;Line 111;1;290.025220394317
-23.71302744;-46.21397558;1030.3;48240;Line 111;1;290.025220394317
-23.712932499;-46.21425117;1038.4;48210;Line 111;1;290.025220394317
-23.712837558;-46.21452676;1047.6;48180;Line 111;1;290.025220394317
-23.712742616;-46.214802349;1056.8;48150;Line 111;1;290.025220394317
-23.712647674;-46.215077938;1066.0;48120;Line 111;1;290.025220394317
-23.712552731;-46.215353526;1075.6;48090;Line 111;1;290.025220394317
-23.712457788;-46.215629114;1086.4;48060;Line 111;0;290.025220394317
-23.712362844;-46.215904701;1094.1;48030;Line 111;0;290.025220394317
-23.7122679;-46.216180288;1092.3;48000;Line 111;0;290.025220394317
-23.712172956;-46.216455875;1090.2;47970;Line 111;0;290.025220394317
-23.712078011;-46.216731461;1085.9;47940;Line 111;0;290.025220394317
-23.711983065;-46.217007046;1075.4;47910;Line 111;0;290.025220394317
-23.711888119;-46.217282632;1064.7;47880;Line 111;0;290.025220394317
-23.711793173;-46.217558217;1054.0;47850;Line 111;0;290.025220394317
-23.711698226;-46.217833801;1043.7;47820;Line 111;0;290.025220394317
-23.711603278;-46.218109385;1032.4;47790;Line 111;0;290.025220394317
-23.71150833;-46.218384969;1021.5;47760;Line 111;0;290.025220394317
-23.711413382;-46.218660552;1012.8;47730;Line 111;0;290.025220394317
-23.711318433;-46.218936135;1003.9;47700;Line 111;0;290.025220394317
-23.711223484;-46.219211717;995.5;47670;Line 111;0;290.025220394317
-23.711128534;-46.219487299;990.1;47640;Line 111;1;290.025220394317
-23.711033584;-46.219762881;984.5;47610;Line 111;1;290.025220394317
-23.710938633;-46.220038462;979.4;47580;Line 111;1;290.025220394317
-23.710843682;-46.220314042;979.3;47550;Line 111;1;290.025220394317
-23.71074873;-46.220589623;980.0;47520;Line 111;1;290.025220394317
-23.710653778;-46.220865202;981.1;47490;Line 111;1;290.025220394317
-23.710558825;-46.221140782;988.7;47460;Line 111;1;290.025220394317
-23.710463872;-46.221416361;995.9;47430;Line 111;0;290.025220394317
-23.710368918;-46.221691939;1001.4;47400;Line 111;0;290.025220394317
-23.710273964;-46.221967518;994.5;47370;Line 111;0;290.025220394317
-23.710179009;-46.222243095;988.0;47340;Line 111;0;290.025220394317
-23.710084054;-46.222518673;981.2;47310;Line 111;0;290.025220394317
-23.709989099;-46.22279425;965.0;47280;Line 111;0;290.025220394317
-23.709894143;-46.223069826;949.3;47250;Line 111;0;290.025220394317
-23.709799186;-46.223345402;934.9;47220;Line 111;0;290.025220394317
-23.709704229;-46.223620978;922.4;47190;Line 111;0;290.025220394317
-23.709609272;-46.223896553;910.3;47160;Line 111;0;290.025220394317
-23.709514314;-46.224172128;898.8;47130;Line 111;0;290.025220394317
-23.709419356;-46.224447702;890.3;47100;Line 111;0;290.025220394317
-23.709324397;-46.224723276;881.5;47070;Line 111;0;290.025220394317
-23.709229437;-46.22499885;872.4;47040;Line 111;0;290.025220394317
-23.709134478;-46.225274423;864.4;47010;Line 111;0;290.025220394317
-23.709039517;-46.225549996;856.1;46980;Line 111;0;290.025220394317
-23.708944557;-46.225825568;847.6;46950;Line 111;0;290.025220394317
-23.708849595;-46.22610114;843.6;46920;Line 111;0;290.025220394317
-23.708754634;-46.226376711;839.4;46890;Line 111;0;290.025220394317
-23.708659671;-46.226652282;834.9;46860;Line 111;0;290.025220394317
-23.708564709;-46.226927853;830.4;46830;Line 111;0;290.025220394317
-23.708469746;-46.227203423;825.6;46800;Line 111;0;290.025220394317
-23.708374782;-46.227478993;820.5;46770;Line 111;0;290.025220394317
-23.708279818;-46.227754562;820.3;46740;Line 111;0;290.025220394317
-23.708184853;-46.228030131;820.8;46710;Line 111;0;290.025220394317
-23.708089888;-46.2283057;821.2;46680;Line 111;0;290.025220394317
-23.707994923;-46.228581268;826.9;46650;Line 111;0;290.025220394317
-23.707899957;-46.228856836;832.4;46620;Line 111;0;290.025220394317
-23.70780499;-46.229132403;837.0;46590;Line 111;0;290.025220394317
-23.707710023;-46.22940797;842.6;46560;Line 111;0;290.025220394317
-23.707615056;-46.229683536;848.7;46530;Line 111;0;290.025220394317
-23.707520088;-46.229959102;855.1;46500;Line 111;0;290.025220394317
-23.70742512;-46.230234668;858.2;46470;Line 111;0;290.025220394317
-23.707330151;-46.230510233;861.2;46440;Line 111;0;290.025220394317
-23.707235182;-46.230785798;864.9;46410;Line 111;0;290.025220394317
-23.707140212;-46.231061362;861.6;46380;Line 111;0;290.025220394317
-23.707045241;-46.231336926;857.1;46350;Line 111;0;290.025220394317
-23.706950271;-46.231612489;853.1;46320;Line 111;0;290.025220394317
-23.7068553;-46.231888052;847.2;46290;Line 111;0;290.025220394317
-23.706760328;-46.232163615;841.4;46260;Line 111;0;290.025220394317
-23.706665356;-46.232439177;836.3;46230;Line 111;0;290.025220394317
-23.706570383;-46.232714739;834.1;46200;Line 111;0;290.025220394317
-23.70647541;-46.2329903;833.1;46170;Line 111;0;290.025220394317
-23.706380436;-46.233265861;832.7;46140;Line 111;0;290.025220394317
-23.706285462;-46.233541422;830.2;46110;Line 111;0;290.025220394317
-23.706190488;-46.233816982;826.7;46080;Line 111;0;290.025220394317
-23.706095513;-46.234092542;822.8;46050;Line 111;0;290.025220394317
-23.706000537;-46.234368101;817.0;46020;Line 111;0;290.025220394317
-23.705905561;-46.23464366;809.6;45990;Line 111;0;290.025220394317
-23.705810585;-46.234919218;800.7;45960;Line 111;0;290.025220394317
-23.705715608;-46.235194776;792.8;45930;Line 111;0;290.025220394317
-23.70562063;-46.235470334;786.4;45900;Line 111;0;290.025220394317
-23.705525652;-46.235745891;780.4;45870;Line 111;0;290.025220394317
-23.705430674;-46.236021448;778.5;45840;Line 111;0;290.025220394317
-23.705335695;-46.236297004;778.5;45810;Line 111;0;290.025220394317
-23.705240716;-46.23657256;778.7;45780;Line 111;0;290.025220394317
-23.705145736;-46.236848116;778.4;45750;Line 111;0;290.025220394317
-23.705050756;-46.237123671;777.8;45720;Line 111;0;290.025220394317
-23.704955775;-46.237399226;777.4;45690;Line 111;0;290.025220394317
-23.704860794;-46.23767478;780.4;45660;Line 111;0;290.025220394317
-23.704765812;-46.237950334;785.0;45630;Line 111;0;290.025220394317
-23.70467083;-46.238225887;789.6;45600;Line 111;0;290.025220394317
-23.704575848;-46.23850144;793.9;45570;Line 111;0;290.025220394317
-23.704480864;-46.238776993;797.2;45540;Line 111;0;290.025220394317
-23.704385881;-46.239052545;799.3;45510;Line 111;0;290.025220394317
-23.704290897;-46.239328096;802.1;45480;Line 111;0;290.025220394317
-23.704195912;-46.239603648;805.5;45450;Line 111;0;290.025220394317
-23.704100927;-46.239879199;809.1;45420;Line 111;0;290.025220394317
-23.704005942;-46.240154749;812.3;45390;Line 111;0;290.025220394317
-23.703910956;-46.240430299;815.5;45360;Line 111;0;290.025220394317
-23.703815969;-46.240705849;818.3;45330;Line 111;0;290.025220394317
-23.703720982;-46.240981398;817.7;45300;Line 111;0;290.025220394317
-23.703625995;-46.241256947;815.2;45270;Line 111;0;290.025220394317
-23.703531007;-46.241532495;813.8;45240;Line 111;0;290.025220394317
-23.703436019;-46.241808043;811.6;45210;Line 111;0;290.025220394317
-23.70334103;-46.242083591;808.0;45180;Line 111;0;290.025220394317
-23.703246041;-46.242359138;805.8;45150;Line 111;0;290.025220394317
-23.703151051;-46.242634684;805.6;45120;Line 111;0;290.025220394317
-23.703056061;-46.242910231;806.5;45090;Line 111;0;290.025220394317
-23.70296107;-46.243185777;807.0;45060;Line 111;0;290.025220394317
-23.702866079;-46.243461322;805.7;45030;Line 111;0;290.025220394317
-23.702771087;-46.243736867;802.9;45000;Line 111;0;290.025220394317
-23.702676095;-46.244012412;800.2;44970;Line 111;0;290.025220394317
-23.702581102;-46.244287956;798.1;44940;Line 111;0;290.025220394317
-23.702486109;-46.2445635;796.4;44910;Line 111;0;290.025220394317
-23.702391116;-46.244839043;795.0;44880;Line 111;0;290.025220394317
-23.702296122;-46.245114586;793.3;44850;Line 111;0;290.025220394317
-23.702201127;-46.245390128;791.3;44820;Line 111;0;290.025220394317
-23.702106132;-46.24566567;787.9;44790;Line 111;0;290.025220394317
-23.702011137;-46.245941212;785.2;44760;Line 111;0;290.025220394317
-23.701916141;-46.246216753;785.3;44730;Line 111;0;290.025220394317
-23.701821144;-46.246492294;785.0;44700;Line 111;0;290.025220394317
-23.701726148;-46.246767834;785.0;44670;Line 111;0;290.025220394317
-23.70163115;-46.247043374;786.9;44640;Line 111;0;290.025220394317
-23.701536152;-46.247318914;789.6;44610;Line 111;0;290.025220394317
-23.701441154;-46.247594453;793.0;44580;Line 111;0;290.025220394317
-23.701346155;-46.247869992;797.1;44550;Line 111;0;290.025220394317
-23.701251156;-46.24814553;801.1;44520;Line 111;0;290.025220394317
-23.701156156;-46.248421068;803.9;44490;Line 111;0;290.025220394317
-23.701061156;-46.248696605;804.4;44460;Line 111;0;290.025220394317
-23.700966155;-46.248972143;804.9;44430;Line 111;0;290.025220394317
-23.700871154;-46.249247679;805.6;44400;Line 111;0;290.025220394317
-23.700776153;-46.249523215;806.1;44370;Line 111;0;290.025220394317
-23.70068115;-46.249798751;806.8;44340;Line 111;0;290.025220394317
-23.700586148;-46.250074286;807.8;44310;Line 111;0;290.025220394317
-23.700491145;-46.250349821;809.4;44280;Line 111;0;290.025220394317
-23.700396141;-46.250625356;811.6;44250;Line 111;0;290.025220394317
-23.700301137;-46.25090089;813.0;44220;Line 111;0;290.025220394317
-23.700206133;-46.251176424;810.7;44190;Line 111;0;290.025220394317
-23.700111128;-46.251451957;808.1;44160;Line 111;0;290.025220394317
-23.700016122;-46.25172749;805.1;44130;Line 111;0;290.025220394317
-23.699921116;-46.252003022;800.2;44100;Line 111;0;290.025220394317
-23.69982611;-46.252278554;795.5;44070;Line 111;0;290.025220394317
-23.699731103;-46.252554086;790.9;44040;Line 111;0;290.025220394317
-23.699636096;-46.252829617;786.5;44010;Line 111;0;290.025220394317
-23.699541088;-46.253105148;782.7;43980;Line 111;0;290.025220394317
-23.69944608;-46.253380678;779.7;43950;Line 111;0;290.025220394317
-23.699351071;-46.253656208;778.1;43920;Line 111;0;290.025220394317
-23.699256062;-46.253931737;776.1;43890;Line 111;0;290.025220394317
-23.699161052;-46.254207266;774.4;43860;Line 111;0;290.025220394317
-23.699066042;-46.254482795;776.5;43830;Line 111;0;290.025220394317
-23.698971031;-46.254758323;777.8;43800;Line 111;0;290.025220394317
-23.69887602;-46.255033851;778.4;43770;Line 111;0;290.025220394317
-23.698781008;-46.255309378;778.6;43740;Line 111;0;290.025220394317
-23.698685996;-46.255584905;778.8;43710;Line 111;0;290.025220394317
-23.698590984;-46.255860432;779.0;43680;Line 111;0;290.025220394317
-23.698495971;-46.256135958;780.1;43650;Line 111;0;290.025220394317
-23.698400957;-46.256411484;781.8;43620;Line 111;0;290.025220394317
-23.698305943;-46.256687009;784.4;43590;Line 111;0;290.025220394317
-23.698210929;-46.256962534;789.0;43560;Line 111;0;290.025220394317
-23.698115914;-46.257238058;793.0;43530;Line 111;0;290.025220394317
-23.698020898;-46.257513582;796.5;43500;Line 111;0;290.025220394317
-23.697925883;-46.257789106;798.2;43470;Line 111;0;290.025220394317
-23.697830866;-46.258064629;799.5;43440;Line 111;0;290.025220394317
-23.697735849;-46.258340152;800.4;43410;Line 111;0;290.025220394317
-23.697640832;-46.258615674;800.1;43380;Line 111;0;290.025220394317
-23.697545814;-46.258891196;800.2;43350;Line 111;0;290.025220394317
-23.697450796;-46.259166718;800.3;43320;Line 111;0;290.025220394317
-23.697355777;-46.259442239;795.9;43290;Line 111;0;290.025220394317
-23.697260758;-46.259717759;791.4;43260;Line 111;0;290.025220394317
-23.697165738;-46.25999328;786.9;43230;Line 111;0;290.025220394317
-23.697070718;-46.260268799;781.5;43200;Line 111;0;290.025220394317
-23.696975698;-46.260544319;776.3;43170;Line 111;0;290.025220394317
-23.696880677;-46.260819838;771.5;43140;Line 111;0;290.025220394317
-23.696785655;-46.261095356;772.6;43110;Line 111;0;290.025220394317
-23.696690633;-46.261370874;774.9;43080;Line 111;0;290.025220394317
-23.69659561;-46.261646392;777.7;43050;Line 111;0;290.025220394317
-23.696500587;-46.261921909;782.0;43020;Line 111;0;290.025220394317
-23.696405564;-46.262197426;786.4;42990;Line 111;0;290.025220394317
-23.69631054;-46.262472943;790.7;42960;Line 111;0;290.025220394317
-23.696215516;-46.262748459;792.7;42930;Line 111;0;290.025220394317
-23.696120491;-46.263023974;794.3;42900;Line 111;0;290.025220394317
-23.696025465;-46.26329949;795.7;42870;Line 111;0;290.025220394317
-23.695930439;-46.263575004;796.0;42840;Line 111;0;290.025220394317
-23.695835413;-46.263850519;796.2;42810;Line 111;0;290.025220394317
-23.695740386;-46.264126033;796.4;42780;Line 111;0;290.025220394317
-23.695645359;-46.264401546;796.3;42750;Line 111;0;290.025220394317
-23.695550331;-46.264677059;796.3;42720;Line 111;0;290.025220394317
-23.695455303;-46.264952572;796.5;42690;Line 111;0;290.025220394317
-23.695360274;-46.265228084;796.2;42660;Line 111;0;290.025220394317
-23.695265245;-46.265503596;795.7;42630;Line 111;0;290.025220394317
-23.695170215;-46.265779107;795.3;42600;Line 111;0;290.025220394317
-23.695075185;-46.266054618;794.0;42570;Line 111;0;290.025220394317
-23.694980155;-46.266330129;792.6;42540;Line 111;0;290.025220394317
-23.694885124;-46.266605639;790.9;42510;Line 111;0;290.025220394317
-23.694790092;-46.266881149;787.7;42480;Line 111;0;290.025220394317
-23.69469506;-46.267156658;784.0;42450;Line 111;0;290.025220394317
-23.694600028;-46.267432167;780.4;42420;Line 111;0;290.025220394317
-23.694504995;-46.267707675;776.9;42390;Line 111;0;290.025220394317
-23.694409961;-46.267983184;773.5;42360;Line 111;0;290.025220394317
-23.694314927;-46.268258691;770.2;42330;Line 111;0;290.025220394317
-23.694219893;-46.268534198;769.8;42300;Line 111;0;290.025220394317
-23.694124858;-46.268809705;770.5;42270;Line 111;0;290.025220394317
-23.694029823;-46.269085211;771.0;42240;Line 111;0;290.025220394317
-23.693934787;-46.269360717;771.9;42210;Line 111;0;290.025220394317
-23.693839751;-46.269636223;773.6;42180;Line 111;0;290.025220394317
-23.693744714;-46.269911728;775.8;42150;Line 111;0;290.025220394317
-23.693649677;-46.270187233;776.8;42120;Line 111;0;290.025220394317
-23.693554639;-46.270462737;777.1;42090;Line 111;0;290.025220394317
-23.693459601;-46.270738241;777.6;42060;Line 111;0;290.025220394317
-23.693364562;-46.271013744;777.3;42030;Line 111;0;290.025220394317
-23.693269523;-46.271289247;776.1;42000;Line 111;0;290.025220394317
-23.693174483;-46.27156475;774.9;41970;Line 111;0;290.025220394317
-23.693079443;-46.271840252;774.5;41940;Line 111;0;290.025220394317
-23.692984403;-46.272115754;774.4;41910;Line 111;0;290.025220394317
-23.692889361;-46.272391255;774.4;41880;Line 111;0;290.025220394317
-23.69279432;-46.272666756;773.4;41850;Line 111;0;290.025220394317
-23.692699278;-46.272942256;771.7;41820;Line 111;0;290.025220394317
-23.692604236;-46.273217757;769.9;41790;Line 111;0;290.025220394317
-23.692509193;-46.273493256;768.3;41760;Line 111;0;290.025220394317
-23.692414149;-46.273768755;766.6;41730;Line 111;0;290.025220394317
-23.692319105;-46.274044254;765.2;41700;Line 111;0;290.025220394317
-23.692224061;-46.274319753;764.9;41670;Line 111;0;290.025220394317
-23.692129016;-46.274595251;765.3;41640;Line 111;0;290.025220394317
-23.692033971;-46.274870748;765.8;41610;Line 111;0;290.025220394317
-23.691938925;-46.275146245;765.6;41580;Line 111;0;290.025220394317
-23.691843879;-46.275421742;764.9;41550;Line 111;0;290.025220394317
-23.691748832;-46.275697238;764.2;41520;Line 111;0;290.025220394317
-23.691653785;-46.275972734;764.0;41490;Line 111;0;290.025220394317
-23.691558737;-46.276248229;763.7;41460;Line 111;0;290.025220394317
-23.691463689;-46.276523725;763.5;41430;Line 111;0;290.025220394317
-23.69136864;-46.276799219;763.2;41400;Line 111;0;290.025220394317
-23.691273591;-46.277074713;763.0;41370;Line 111;0;290.025220394317
-23.691178542;-46.277350207;763.0;41340;Line 111;0;290.025220394317
-23.691083492;-46.2776257;763.2;41310;Line 111;0;290.025220394317
-23.690988441;-46.277901193;763.5;41280;Line 111;0;290.025220394317
-23.69089339;-46.278176686;763.8;41250;Line 111;0;290.025220394317
-23.690798339;-46.278452178;764.2;41220;Line 111;0;290.025220394317
-23.690703287;-46.27872767;765.4;41190;Line 111;0;290.025220394317
-23.690608234;-46.279003161;767.6;41160;Line 111;0;290.025220394317
-23.690513181;-46.279278652;772.0;41130;Line 111;0;290.025220394317
-23.690418128;-46.279554142;778.0;41100;Line 111;0;290.025220394317
-23.690323074;-46.279829632;783.8;41070;Line 111;0;290.025220394317
-23.69022802;-46.280105121;789.3;41040;Line 111;0;290.025220394317
-23.690132965;-46.280380611;794.2;41010;Line 111;0;290.025220394317
-23.69003791;-46.280656099;798.7;40980;Line 111;0;290.025220394317
-23.689942854;-46.280931588;800.4;40950;Line 111;0;290.025220394317
-23.689847798;-46.281207075;799.9;40920;Line 111;0;290.025220394317
-23.689752741;-46.281482563;800.4;40890;Line 111;0;290.025220394317
-23.689657684;-46.28175805;801.8;40860;Line 111;0;290.025220394317
-23.689562626;-46.282033537;803.5;40830;Line 111;0;290.025220394317
-23.689467568;-46.282309023;805.9;40800;Line 111;0;290.025220394317
-23.68937251;-46.282584509;808.3;40770;Line 111;0;290.025220394317
-23.689277451;-46.282859994;809.4;40740;Line 111;0;290.025220394317
-23.689182391;-46.283135479;810.4;40710;Line 111;0;290.025220394317
-23.689087331;-46.283410963;809.4;40680;Line 111;0;290.025220394317
-23.68899227;-46.283686447;809.1;40650;Line 111;0;290.025220394317
-23.68889721;-46.283961931;809.0;40620;Line 111;0;290.025220394317
-23.688802148;-46.284237414;809.4;40590;Line 111;0;290.025220394317
-23.688707086;-46.284512897;811.4;40560;Line 111;0;290.025220394317
-23.688612024;-46.28478838;813.6;40530;Line 111;0;290.025220394317
-23.688516961;-46.285063862;816.4;40500;Line 111;0;290.025220394317
-23.688421898;-46.285339343;821.5;40470;Line 111;0;290.025220394317
-23.688326834;-46.285614824;828.3;40440;Line 111;0;290.025220394317
-23.68823177;-46.285890305;835.0;40410;Line 111;0;290.025220394317
-23.688136705;-46.286165785;840.7;40380;Line 111;0;290.025220394317
-23.68804164;-46.286441265;846.2;40350;Line 111;0;290.025220394317
-23.687946574;-46.286716745;850.3;40320;Line 111;0;290.025220394317
-23.687851508;-46.286992224;848.2;40290;Line 111;0;290.025220394317
-23.687756441;-46.287267702;846.4;40260;Line 111;0;290.025220394317
-23.687661374;-46.28754318;844.9;40230;Line 111;0;290.025220394317
-23.687566306;-46.287818658;844.6;40200;Line 111;0;290.025220394317
-23.687471238;-46.288094136;844.9;40170;Line 111;0;290.025220394317
-23.68737617;-46.288369613;844.4;40140;Line 111;0;290.025220394317
-23.687281101;-46.288645089;841.9;40110;Line 111;0;290.025220394317
-23.687186031;-46.288920565;840.6;40080;Line 111;0;290.025220394317
-23.687090961;-46.289196041;840.3;40050;Line 111;0;290.025220394317
-23.686995891;-46.289471516;838.0;40020;Line 111;0;290.025220394317
-23.68690082;-46.289746991;835.9;39990;Line 111;0;290.025220394317
-23.686805748;-46.290022465;834.0;39960;Line 111;0;290.025220394317
-23.686710677;-46.290297939;834.1;39930;Line 111;0;290.025220394317
-23.686615604;-46.290573413;831.7;39900;Line 111;0;290.025220394317
-23.686520531;-46.290848886;828.5;39870;Line 111;0;290.025220394317
-23.686425458;-46.291124359;830.1;39840;Line 111;0;290.025220394317
-23.686330384;-46.291399831;830.5;39810;Line 111;0;290.025220394317
-23.68623531;-46.291675303;829.7;39780;Line 111;0;290.025220394317
-23.686140236;-46.291950774;830.3;39750;Line 111;0;290.025220394317
-23.68604516;-46.292226246;831.9;39720;Line 111;0;290.025220394317
-23.685950085;-46.292501716;834.7;39690;Line 111;0;290.025220394317
-23.685855009;-46.292777186;840.7;39660;Line 111;0;290.025220394317
-23.685759932;-46.293052656;847.4;39630;Line 111;0;290.025220394317
-23.685664855;-46.293328125;853.5;39600;Line 111;0;290.025220394317
-23.685569777;-46.293603594;849.4;39570;Line 111;0;290.025220394317
-23.685474699;-46.293879063;844.6;39540;Line 111;0;290.025220394317
-23.685379621;-46.294154531;839.3;39510;Line 111;0;290.025220394317
-23.685284542;-46.294429999;830.2;39480;Line 111;0;290.025220394317
-23.685189462;-46.294705466;821.1;39450;Line 111;0;290.025220394317
-23.685094382;-46.294980933;812.2;39420;Line 111;0;290.025220394317
-23.684999302;-46.295256399;807.3;39390;Line 111;0;290.025220394317
-23.684904221;-46.295531865;803.5;39360;Line 111;0;290.025220394317
-23.68480914;-46.295807331;800.5;39330;Line 111;0;290.025220394317
-23.684714058;-46.296082796;799.6;39300;Line 111;0;290.025220394317
-23.684618976;-46.296358261;798.8;39270;Line 111;0;290.025220394317
-23.684523893;-46.296633725;797.9;39240;Line 111;0;290.025220394317
-23.68442881;-46.296909189;798.4;39210;Line 111;0;290.025220394317
-23.684333726;-46.297184652;799.5;39180;Line 111;0;290.025220394317
-23.684238642;-46.297460116;801.1;39150;Line 111;0;290.025220394317
-23.684143557;-46.297735578;799.9;39120;Line 111;0;290.025220394317
-23.684048472;-46.29801104;797.4;39090;Line 111;0;290.025220394317
-23.683953386;-46.298286502;794.9;39060;Line 111;0;290.025220394317
-23.6838583;-46.298561964;790.4;39030;Line 111;0;290.025220394317
-23.683763214;-46.298837424;785.8;39000;Line 111;0;290.025220394317
-23.683668127;-46.299112885;781.5;38970;Line 111;0;290.025220394317
-23.683573039;-46.299388345;779.2;38940;Line 111;0;290.025220394317
-23.683477951;-46.299663805;777.1;38910;Line 111;0;290.025220394317
-23.683382863;-46.299939264;774.7;38880;Line 111;0;290.025220394317
-23.683287774;-46.300214723;774.6;38850;Line 111;0;290.025220394317
-23.683192685;-46.300490181;775.0;38820;Line 111;0;290.025220394317
-23.683097595;-46.300765639;774.9;38790;Line 111;0;290.025220394317
-23.683002504;-46.301041097;774.6;38760;Line 111;0;290.025220394317
-23.682907414;-46.301316554;774.3;38730;Line 111;0;290.025220394317
-23.682812322;-46.301592011;774.1;38700;Line 111;0;290.025220394317
-23.68271723;-46.301867467;777.3;38670;Line 111;0;290.025220394317
-23.682622138;-46.302142923;783.1;38640;Line 111;0;290.025220394317
-23.682527046;-46.302418379;790.5;38610;Line 111;0;290.025220394317
-23.682431952;-46.302693834;797.6;38580;Line 111;0;290.025220394317
-23.682336859;-46.302969288;803.4;38550;Line 111;0;290.025220394317
-23.682241765;-46.303244743;808.6;38520;Line 111;0;290.025220394317
-23.68214667;-46.303520196;809.4;38490;Line 111;0;290.025220394317
-23.682051575;-46.30379565;808.7;38460;Line 111;0;290.025220394317
-23.681956479;-46.304071103;808.4;38430;Line 111;0;290.025220394317
-23.681861383;-46.304346555;808.4;38400;Line 111;0;290.025220394317
-23.681766287;-46.304622007;808.7;38370;Line 111;0;290.025220394317
-23.68167119;-46.304897459;809.5;38340;Line 111;0;290.025220394317
-23.681576092;-46.30517291;806.7;38310;Line 111;0;290.025220394317
-23.681480994;-46.305448361;803.0;38280;Line 111;0;290.025220394317
-23.681385896;-46.305723812;800.1;38250;Line 111;0;290.025220394317
-23.681290797;-46.305999262;799.6;38220;Line 111;0;290.025220394317
-23.681195698;-46.306274711;800.4;38190;Line 111;0;290.025220394317
-23.681100598;-46.30655016;801.1;38160;Line 111;0;290.025220394317
-23.681005498;-46.306825609;800.3;38130;Line 111;0;290.025220394317
-23.680910397;-46.307101057;797.2;38100;Line 111;0;290.025220394317
-23.680815296;-46.307376505;792.9;38070;Line 111;0;290.025220394317
-23.680720194;-46.307651953;789.5;38040;Line 111;0;290.025220394317
-23.680625092;-46.3079274;787.0;38010;Line 111;0;290.025220394317
-23.680529989;-46.308202847;784.1;37980;Line 111;0;290.025220394317
-23.680434886;-46.308478293;783.5;37950;Line 111;0;290.025220394317
-23.680339782;-46.308753739;784.8;37920;Line 111;0;290.025220394317
-23.680244678;-46.309029184;785.5;37890;Line 111;0;290.025220394317
-23.680149574;-46.309304629;785.9;37860;Line 111;0;290.025220394317
-23.680054469;-46.309580073;785.9;37830;Line 111;0;290.025220394317
-23.679959363;-46.309855518;786.7;37800;Line 111;0;290.025220394317
-23.679864257;-46.310130961;788.9;37770;Line 111;0;290.025220394317
-23.679769151;-46.310406405;791.2;37740;Line 111;0;290.025220394317
-23.679674044;-46.310681847;793.5;37710;Line 111;0;290.025220394317
-23.679578937;-46.31095729;795.5;37680;Line 111;0;290.025220394317
-23.679483829;-46.311232732;796.7;37650;Line 111;0;290.025220394317
-23.67938872;-46.311508173;797.0;37620;Line 111;0;290.025220394317
-23.679293611;-46.311783615;795.8;37590;Line 111;0;290.025220394317
-23.679198502;-46.312059055;792.8;37560;Line 111;0;290.025220394317
-23.679103392;-46.312334496;789.7;37530;Line 111;0;290.025220394317
-23.679008282;-46.312609936;789.4;37500;Line 111;0;290.025220394317
-23.678913172;-46.312885375;793.2;37470;Line 111;0;290.025220394317
-23.67881806;-46.313160814;797.5;37440;Line 111;0;290.025220394317
-23.678722949;-46.313436253;802.4;37410;Line 111;0;290.025220394317
-23.678627837;-46.313711691;808.3;37380;Line 111;0;290.025220394317
-23.678532724;-46.313987129;814.5;37350;Line 111;0;290.025220394317
-23.678437611;-46.314262566;819.3;37320;Line 111;0;290.025220394317
-23.678342497;-46.314538003;820.9;37290;Line 111;0;290.025220394317
-23.678247383;-46.31481344;822.0;37260;Line 111;0;290.025220394317
-23.678152269;-46.315088876;822.5;37230;Line 111;0;290.025220394317
-23.678057154;-46.315364312;821.0;37200;Line 111;0;290.025220394317
-23.677962038;-46.315639747;819.5;37170;Line 111;0;290.025220394317
-23.677866922;-46.315915182;818.0;37140;Line 111;0;290.025220394317
-23.677771806;-46.316190616;816.0;37110;Line 111;0;290.025220394317
-23.677676689;-46.31646605;813.5;37080;Line 111;0;290.025220394317
-23.677581572;-46.316741484;812.7;37050;Line 111;0;290.025220394317
-23.677486454;-46.317016917;817.4;37020;Line 111;0;290.025220394317
-23.677391336;-46.31729235;821.9;36990;Line 111;0;290.025220394317
-23.677296217;-46.317567782;825.5;36960;Line 111;0;290.025220394317
-23.677201098;-46.317843214;828.9;36930;Line 111;0;290.025220394317
-23.677105978;-46.318118645;831.1;36900;Line 111;0;290.025220394317
-23.677010858;-46.318394077;831.8;36870;Line 111;0;290.025220394317
-23.676915737;-46.318669507;830.7;36840;Line 111;0;290.025220394317
-23.676820616;-46.318944937;829.1;36810;Line 111;0;290.025220394317
-23.676725495;-46.319220367;827.1;36780;Line 111;0;290.025220394317
-23.676630372;-46.319495797;826.0;36750;Line 111;0;290.025220394317
-23.67653525;-46.319771226;825.8;36720;Line 111;0;290.025220394317
-23.676440127;-46.320046654;825.9;36690;Line 111;0;290.025220394317
-23.676345003;-46.320322082;822.5;36660;Line 111;0;290.025220394317
-23.676249879;-46.32059751;819.5;36630;Line 111;0;290.025220394317
-23.676154755;-46.320872937;817.0;36600;Line 111;0;290.025220394317
-23.67605963;-46.321148364;813.5;36570;Line 111;0;290.025220394317
-23.675964505;-46.321423791;809.5;36540;Line 111;0;290.025220394317
-23.675869379;-46.321699217;805.0;36510;Line 111;0;290.025220394317
-23.675774253;-46.321974642;802.8;36480;Line 111;0;290.025220394317
-23.675679126;-46.322250067;800.4;36450;Line 111;0;290.025220394317
-23.675583998;-46.322525492;797.7;36420;Line 111;0;290.025220394317
-23.675488871;-46.322800916;796.5;36390;Line 111;0;290.025220394317
-23.675393743;-46.32307634;795.6;36360;Line 111;0;290.025220394317
-23.675298614;-46.323351764;795.2;36330;Line 111;0;290.025220394317
-23.675203485;-46.323627187;798.5;36300;Line 111;0;290.025220394317
-23.675108355;-46.32390261;802.4;36270;Line 111;0;290.025220394317
-23.675013225;-46.324178032;807.1;36240;Line 111;0;290.025220394317
-23.674918094;-46.324453454;813.6;36210;Line 111;0;290.025220394317
-23.674822963;-46.324728875;820.4;36180;Line 111;0;290.025220394317
-23.674727832;-46.325004296;827.6;36150;Line 111;0;290.025220394317
-23.6746327;-46.325279716;833.3;36120;Line 111;0;290.025220394317
-23.674537567;-46.325555137;839.2;36090;Line 111;0;290.025220394317
-23.674442434;-46.325830556;845.3;36060;Line 111;0;290.025220394317
-23.674347301;-46.326105976;848.7;36030;Line 111;0;290.025220394317
-23.674252167;-46.326381394;851.6;36000;Line 111;0;290.025220394317
-23.674157033;-46.326656813;853.9;35970;Line 111;0;290.025220394317
-23.674061898;-46.326932231;852.3;35940;Line 111;0;290.025220394317
-23.673966762;-46.327207648;851.1;35910;Line 111;0;290.025220394317
-23.673871627;-46.327483066;850.2;35880;Line 111;0;290.025220394317
-23.67377649;-46.327758482;845.3;35850;Line 111;0;290.025220394317
-23.673681354;-46.328033899;840.3;35820;Line 111;0;290.025220394317
-23.673586216;-46.328309315;835.7;35790;Line 111;0;290.025220394317
-23.673491079;-46.32858473;829.2;35760;Line 111;0;290.025220394317
-23.673395941;-46.328860145;821.7;35730;Line 111;0;290.025220394317
-23.673300802;-46.32913556;814.3;35700;Line 111;0;290.025220394317
-23.673205663;-46.329410974;810.7;35670;Line 111;0;290.025220394317
-23.673110523;-46.329686388;807.3;35640;Line 111;0;290.025220394317
-23.673015383;-46.329961801;803.9;35610;Line 111;0;290.025220394317
-23.672920243;-46.330237214;802.0;35580;Line 111;0;290.025220394317
-23.672825102;-46.330512627;799.6;35550;Line 111;0;290.025220394317
-23.67272996;-46.330788039;796.2;35520;Line 111;0;290.025220394317
-23.672634818;-46.331063451;795.0;35490;Line 111;0;290.025220394317
-23.672539676;-46.331338862;794.0;35460;Line 111;0;290.025220394317
-23.672444533;-46.331614273;792.8;35430;Line 111;0;290.025220394317
-23.67234939;-46.331889683;796.9;35400;Line 111;0;290.025220394317
-23.672254246;-46.332165093;802.0;35370;Line 111;0;290.025220394317
-23.672159101;-46.332440503;806.7;35340;Line 111;0;290.025220394317
-23.672063957;-46.332715912;805.7;35310;Line 111;0;290.025220394317
-23.671968811;-46.332991321;803.1;35280;Line 111;0;290.025220394317
-23.671873666;-46.333266729;800.3;35250;Line 111;0;290.025220394317
-23.67177852;-46.333542137;798.6;35220;Line 111;0;290.025220394317
-23.671683373;-46.333817544;797.2;35190;Line 111;0;290.025220394317
-23.671588226;-46.334092952;796.4;35160;Line 111;0;290.025220394317
-23.671493078;-46.334368358;796.0;35130;Line 111;0;290.025220394317
-23.67139793;-46.334643764;795.1;35100;Line 111;0;290.025220394317
-23.671302781;-46.33491917;793.5;35070;Line 111;0;290.025220394317
-23.671207632;-46.335194576;792.2;35040;Line 111;0;290.025220394317
-23.671112483;-46.335469981;791.9;35010;Line 111;0;290.025220394317
-23.671017333;-46.335745385;792.4;34980;Line 111;0;290.025220394317
-23.670922182;-46.336020789;794.4;34950;Line 111;0;290.025220394317
-23.670827032;-46.336296193;797.1;34920;Line 111;0;290.025220394317
-23.67073188;-46.336571596;801.0;34890;Line 111;0;290.025220394317
-23.670636728;-46.336846999;807.1;34860;Line 111;0;290.025220394317
-23.670541576;-46.337122401;814.4;34830;Line 111;0;290.025220394317
-23.670446423;-46.337397803;822.1;34800;Line 111;0;290.025220394317
-23.67035127;-46.337673205;826.3;34770;Line 111;0;290.025220394317
-23.670256116;-46.337948606;828.0;34740;Line 111;0;290.025220394317
-23.670160962;-46.338224007;829.3;34710;Line 111;0;290.025220394317
-23.670065807;-46.338499407;826.7;34680;Line 111;0;290.025220394317
-23.669970652;-46.338774807;820.7;34650;Line 111;0;290.025220394317
-23.669875496;-46.339050207;813.8;34620;Line 111;0;290.025220394317
-23.66978034;-46.339325606;808.7;34590;Line 111;0;290.025220394317
-23.669685184;-46.339601004;805.0;34560;Line 111;0;290.025220394317
-23.669590026;-46.339876403;801.4;34530;Line 111;0;290.025220394317
-23.669494869;-46.3401518;799.0;34500;Line 111;0;290.025220394317
-23.669399711;-46.340427198;796.7;34470;Line 111;0;290.025220394317
-23.669304552;-46.340702595;793.8;34440;Line 111;0;290.025220394317
-23.669209393;-46.340977991;792.4;34410;Line 111;0;290.025220394317
-23.669114234;-46.341253387;793.6;34380;Line 111;0;290.025220394317
-23.669019074;-46.341528783;795.5;34350;Line 111;0;290.025220394317
-23.668923914;-46.341804178;796.4;34320;Line 111;0;290.025220394317
-23.668828753;-46.342079573;796.3;34290;Line 111;0;290.025220394317
-23.668733592;-46.342354968;796.2;34260;Line 111;0;290.025220394317
-23.66863843;-46.342630362;794.7;34230;Line 111;0;290.025220394317
-23.668543267;-46.342905755;791.5;34200;Line 111;0;290.025220394317
-23.668448105;-46.343181148;788.1;34170;Line 111;0;290.025220394317
-23.668352941;-46.343456541;784.6;34140;Line 111;0;290.025220394317
-23.668257778;-46.343731933;781.0;34110;Line 111;0;290.025220394317
-23.668162614;-46.344007325;777.8;34080;Line 111;0;290.025220394317
-23.668067449;-46.344282717;776.1;34050;Line 111;0;290.025220394317
-23.667972284;-46.344558108;776.0;34020;Line 111;0;290.025220394317
-23.667877118;-46.344833498;775.3;33990;Line 111;0;290.025220394317
-23.667781952;-46.345108889;774.5;33960;Line 111;0;290.025220394317
-23.667686786;-46.345384278;774.2;33930;Line 111;0;290.025220394317
-23.667591619;-46.345659668;774.5;33900;Line 111;0;290.025220394317
-23.667496451;-46.345935057;774.5;33870;Line 111;0;290.025220394317
-23.667401283;-46.346210445;772.8;33840;Line 111;0;290.025220394317
-23.667306115;-46.346485833;771.3;33810;Line 111;0;290.025220394317
-23.667210946;-46.346761221;770.0;33780;Line 111;0;290.025220394317
-23.667115777;-46.347036608;768.7;33750;Line 111;0;290.025220394317
-23.667020607;-46.347311995;767.5;33720;Line 111;0;290.025220394317
-23.666925436;-46.347587382;766.6;33690;Line 111;0;290.025220394317
-23.666830266;-46.347862768;766.3;33660;Line 111;0;290.025220394317
-23.666735094;-46.348138153;766.1;33630;Line 111;0;290.025220394317
-23.666639923;-46.348413538;767.3;33600;Line 111;0;290.025220394317
-23.666544751;-46.348688923;771.4;33570;Line 111;0;290.025220394317
-23.666449578;-46.348964307;775.1;33540;Line 111;0;290.025220394317
-23.666354405;-46.349239691;779.0;33510;Line 111;0;290.025220394317
-23.666259231;-46.349515075;784.1;33480;Line 111;0;290.025220394317
-23.666164057;-46.349790458;788.6;33450;Line 111;0;290.025220394317
-23.666068882;-46.35006584;791.6;33420;Line 111;0;290.025220394317
-23.665973707;-46.350341223;791.7;33390;Line 111;0;290.025220394317
-23.665878532;-46.350616604;792.6;33360;Line 111;0;290.025220394317
-23.665783356;-46.350891986;793.4;33330;Line 111;0;290.025220394317
-23.665688179;-46.351167367;793.4;33300;Line 111;0;290.025220394317
-23.665593003;-46.351442747;793.6;33270;Line 111;0;290.025220394317
-23.665497825;-46.351718127;794.2;33240;Line 111;0;290.025220394317
-23.665402647;-46.351993507;796.5;33210;Line 111;0;290.025220394317
-23.665307469;-46.352268886;799.9;33180;Line 111;0;290.025220394317
-23.66521229;-46.352544265;804.0;33150;Line 111;0;290.025220394317
-23.665117111;-46.352819644;807.3;33120;Line 111;0;290.025220394317
-23.665021931;-46.353095022;812.0;33090;Line 111;0;290.025220394317
-23.664926751;-46.353370399;815.4;33060;Line 111;0;290.025220394317
-23.66483157;-46.353645776;815.3;33030;Line 111;0;290.025220394317
-23.664736389;-46.353921153;816.9;33000;Line 111;0;290.025220394317
-23.664641207;-46.354196529;820.6;32970;Line 111;0;290.025220394317
-23.664546025;-46.354471905;828.8;32940;Line 111;0;290.025220394317
-23.664450843;-46.354747281;836.8;32910;Line 111;0;290.025220394317
-23.664355659;-46.355022656;844.6;32880;Line 111;0;290.025220394317
-23.664260476;-46.35529803;853.4;32850;Line 111;0;290.025220394317
-23.664165292;-46.355573404;862.8;32820;Line 111;0;290.025220394317
-23.664070107;-46.355848778;871.3;32790;Line 111;0;290.025220394317
-23.663974923;-46.356124152;877.6;32760;Line 111;0;290.025220394317
-23.663879737;-46.356399524;883.5;32730;Line 111;0;290.025220394317
-23.663784551;-46.356674897;888.6;32700;Line 111;0;290.025220394317
-23.663689365;-46.356950269;882.3;32670;Line 111;0;290.025220394317
-23.663594178;-46.357225641;875.0;32640;Line 111;0;290.025220394317
-23.663498991;-46.357501012;866.8;32610;Line 111;0;290.025220394317
-23.663403803;-46.357776383;859.2;32580;Line 111;0;290.025220394317
-23.663308615;-46.358051753;853.0;32550;Line 111;0;290.025220394317
-23.663213426;-46.358327123;849.7;32520;Line 111;0;290.025220394317
-23.663118237;-46.358602493;855.8;32490;Line 111;0;290.025220394317
-23.663023047;-46.358877862;862.1;32460;Line 111;0;290.025220394317
-23.662927857;-46.359153231;868.5;32430;Line 111;0;290.025220394317
-23.662832666;-46.359428599;878.7;32400;Line 111;0;290.025220394317
-23.662737475;-46.359703967;888.5;32370;Line 111;0;290.025220394317
-23.662642284;-46.359979334;897.6;32340;Line 111;0;290.025220394317
-23.662547091;-46.360254701;905.5;32310;Line 111;0;290.025220394317
-23.662451899;-46.360530068;912.5;32280;Line 111;0;290.025220394317
-23.662356706;-46.360805434;918.6;32250;Line 111;0;290.025220394317
-23.662261513;-46.3610808;913.7;32220;Line 111;0;290.025220394317
-23.662166319;-46.361356165;907.5;32190;Line 111;0;290.025220394317
-23.662071124;-46.36163153;900.9;32160;Line 111;0;290.025220394317
-23.661975929;-46.361906895;894.1;32130;Line 111;0;290.025220394317
-23.661880734;-46.362182259;886.0;32100;Line 111;0;290.025220394317
-23.661785538;-46.362457622;876.6;32070;Line 111;0;290.025220394317
-23.661690342;-46.362732986;871.3;32040;Line 111;0;290.025220394317
-23.661595145;-46.363008348;868.2;32010;Line 111;0;290.025220394317
-23.661499948;-46.363283711;864.7;31980;Line 111;0;290.025220394317
-23.66140475;-46.363559073;862.2;31950;Line 111;0;290.025220394317
-23.661309552;-46.363834434;860.9;31920;Line 111;0;290.025220394317
-23.661214353;-46.364109795;860.4;31890;Line 111;0;290.025220394317
-23.661119154;-46.364385156;863.8;31860;Line 111;0;290.025220394317
-23.661023955;-46.364660516;868.9;31830;Line 111;0;290.025220394317
-23.660928754;-46.364935876;874.9;31800;Line 111;0;290.025220394317
-23.660833554;-46.365211236;877.7;31770;Line 111;0;290.025220394317
-23.660738353;-46.365486595;875.6;31740;Line 111;0;290.025220394317
-23.660643151;-46.365761953;872.2;31710;Line 111;0;290.025220394317
-23.660547949;-46.366037311;866.7;31680;Line 111;0;290.025220394317
-23.660452747;-46.366312669;861.4;31650;Line 111;0;290.025220394317
-23.660357544;-46.366588027;856.7;31620;Line 111;0;290.025220394317
-23.660262341;-46.366863383;850.4;31590;Line 111;0;290.025220394317
-23.660167137;-46.36713874;843.9;31560;Line 111;0;290.025220394317
-23.660071933;-46.367414096;838.0;31530;Line 111;0;290.025220394317
-23.659976728;-46.367689452;832.4;31500;Line 111;0;290.025220394317
-23.659881523;-46.367964807;826.5;31470;Line 111;0;290.025220394317
-23.659786317;-46.368240162;821.1;31440;Line 111;0;290.025220394317
-23.659691111;-46.368515516;817.3;31410;Line 111;0;290.025220394317
-23.659595904;-46.36879087;814.3;31380;Line 111;0;290.025220394317
-23.659500697;-46.369066223;811.5;31350;Line 111;0;290.025220394317
-23.659405489;-46.369341577;810.0;31320;Line 111;0;290.025220394317
-23.659310281;-46.369616929;809.6;31290;Line 111;0;290.025220394317
-23.659215072;-46.369892282;809.8;31260;Line 111;0;290.025220394317
-23.659119863;-46.370167633;814.8;31230;Line 111;0;290.025220394317
-23.659024654;-46.370442985;823.0;31200;Line 111;0;290.025220394317
-23.658929444;-46.370718336;831.4;31170;Line 111;0;290.025220394317
-23.658834233;-46.370993686;837.8;31140;Line 111;0;290.025220394317
-23.658739023;-46.371269037;841.7;31110;Line 111;0;290.025220394317
-23.658643811;-46.371544386;844.6;31080;Line 111;0;290.025220394317
-23.658548599;-46.371819736;844.2;31050;Line 111;0;290.025220394317
-23.658453387;-46.372095085;841.4;31020;Line 111;0;290.025220394317
-23.658358174;-46.372370433;838.3;30990;Line 111;0;290.025220394317
-23.658262961;-46.372645781;834.5;30960;Line 111;0;290.025220394317
-23.658167747;-46.372921129;831.0;30930;Line 111;0;290.025220394317
-23.658072533;-46.373196476;828.2;30900;Line 111;0;290.025220394317
-23.657977318;-46.373471823;824.8;30870;Line 111;0;290.025220394317
-23.657882103;-46.373747169;820.8;30840;Line 111;0;290.025220394317
-23.657786887;-46.374022515;817.3;30810;Line 111;0;290.025220394317
-23.657691671;-46.37429786;814.1;30780;Line 111;0;290.025220394317
-23.657596455;-46.374573206;811.2;30750;Line 111;0;290.025220394317
-23.657501238;-46.37484855;808.5;30720;Line 111;0;290.025220394317
-23.65740602;-46.375123894;808.8;30690;Line 111;0;290.025220394317
-23.657310802;-46.375399238;811.9;30660;Line 111;0;290.025220394317
-23.657215584;-46.375674582;815.8;30630;Line 111;0;290.025220394317
-23.657120365;-46.375949925;821.1;30600;Line 111;0;290.025220394317
-23.657025145;-46.376225267;827.5;30570;Line 111;0;290.025220394317
-23.656929925;-46.376500609;833.7;30540;Line 111;0;290.025220394317
-23.656834705;-46.376775951;839.1;30510;Line 111;0;290.025220394317
-23.656739484;-46.377051292;843.5;30480;Line 111;0;290.025220394317
-23.656644263;-46.377326633;847.5;30450;Line 111;0;290.025220394317
-23.656549041;-46.377601974;848.4;30420;Line 111;0;290.025220394317
-23.656453819;-46.377877314;845.2;30390;Line 111;0;290.025220394317
-23.656358596;-46.378152653;841.2;30360;Line 111;0;290.025220394317
-23.656263373;-46.378427993;836.6;30330;Line 111;0;290.025220394317
-23.656168149;-46.378703331;831.2;30300;Line 111;0;290.025220394317
-23.656072925;-46.37897867;824.8;30270;Line 111;0;290.025220394317
-23.6559777;-46.379254008;819.9;30240;Line 111;0;290.025220394317
-23.655882475;-46.379529345;819.5;30210;Line 111;0;290.025220394317
-23.65578725;-46.379804682;819.3;30180;Line 111;0;290.025220394317
-23.655692024;-46.380080019;819.6;30150;Line 111;0;290.025220394317
-23.655596797;-46.380355355;820.4;30120;Line 111;0;290.025220394317
-23.65550157;-46.380630691;820.8;30090;Line 111;0;290.025220394317
-23.655406343;-46.380906026;820.9;30060;Line 111;0;290.025220394317
-23.655311115;-46.381181361;821.4;30030;Line 111;0;290.025220394317
-23.655215886;-46.381456696;822.6;30000;Line 111;0;290.025220394317
-23.655120658;-46.38173203;824.6;29970;Line 111;0;290.025220394317
-23.655025428;-46.382007364;827.9;29940;Line 111;0;290.025220394317
-23.654930198;-46.382282697;833.7;29910;Line 111;0;290.025220394317
-23.654834968;-46.38255803;840.1;29880;Line 111;0;290.025220394317
-23.654739737;-46.382833362;845.5;29850;Line 111;0;290.025220394317
-23.654644506;-46.383108694;849.8;29820;Line 111;0;290.025220394317
-23.654549274;-46.383384026;852.2;29790;Line 111;0;290.025220394317
-23.654454042;-46.383659357;849.9;29760;Line 111;0;290.025220394317
-23.65435881;-46.383934688;846.0;29730;Line 111;0;290.025220394317
-23.654263577;-46.384210018;841.0;29700;Line 111;0;290.025220394317
-23.654168343;-46.384485348;837.9;29670;Line 111;0;290.025220394317
-23.654073109;-46.384760678;835.3;29640;Line 111;0;290.025220394317
-23.653977874;-46.385036007;833.0;29610;Line 111;0;290.025220394317
-23.653882639;-46.385311335;834.8;29580;Line 111;0;290.025220394317
-23.653787404;-46.385586663;837.3;29550;Line 111;0;290.025220394317
-23.653692168;-46.385861991;840.6;29520;Line 111;0;290.025220394317
-23.653596932;-46.386137319;844.8;29490;Line 111;0;290.025220394317
-23.653501695;-46.386412646;848.9;29460;Line 111;0;290.025220394317
-23.653406457;-46.386687972;852.6;29430;Line 111;0;290.025220394317
-23.65331122;-46.386963298;852.9;29400;Line 111;0;290.025220394317
-23.653215981;-46.387238624;851.6;29370;Line 111;0;290.025220394317
-23.653120743;-46.387513949;850.3;29340;Line 111;0;290.025220394317
-23.653025503;-46.387789274;850.3;29310;Line 111;0;290.025220394317
-23.652930264;-46.388064598;850.6;29280;Line 111;0;290.025220394317
-23.652835023;-46.388339922;851.1;29250;Line 111;0;290.025220394317
-23.652739783;-46.388615246;850.1;29220;Line 111;0;290.025220394317
-23.652644542;-46.388890569;849.1;29190;Line 111;0;290.025220394317
-23.6525493;-46.389165892;848.2;29160;Line 111;0;290.025220394317
-23.652454058;-46.389441214;848.1;29130;Line 111;0;290.025220394317
-23.652358815;-46.389716536;848.5;29100;Line 111;0;290.025220394317
-23.652263572;-46.389991858;849.1;29070;Line 111;0;290.025220394317
-23.652168329;-46.390267179;843.1;29040;Line 111;0;290.025220394317
-23.652073085;-46.390542499;837.1;29010;Line 111;0;290.025220394317
-23.651977841;-46.390817819;831.3;28980;Line 111;0;290.025220394317
-23.651882596;-46.391093139;826.7;28950;Line 111;0;290.025220394317
-23.65178735;-46.391368459;822.2;28920;Line 111;0;290.025220394317
-23.651692104;-46.391643777;817.6;28890;Line 111;0;290.025220394317
-23.651596858;-46.391919096;816.8;28860;Line 111;0;290.025220394317
-23.651501611;-46.392194414;817.2;28830;Line 111;0;290.025220394317
-23.651406364;-46.392469732;817.7;28800;Line 111;0;290.025220394317
-23.651311116;-46.392745049;818.2;28770;Line 111;0;290.025220394317
-23.651215868;-46.393020366;818.5;28740;Line 111;0;290.025220394317
-23.651120619;-46.393295682;818.5;28710;Line 111;0;290.025220394317
-23.65102537;-46.393570998;816.4;28680;Line 111;0;290.025220394317
-23.650930121;-46.393846314;812.8;28650;Line 111;0;290.025220394317
-23.650834871;-46.394121629;808.1;28620;Line 111;0;290.025220394317
-23.65073962;-46.394396944;801.8;28590;Line 111;0;290.025220394317
-23.650644369;-46.394672258;795.9;28560;Line 111;0;290.025220394317
-23.650549118;-46.394947572;790.5;28530;Line 111;0;290.025220394317
-23.650453866;-46.395222885;787.7;28500;Line 111;0;290.025220394317
-23.650358613;-46.395498198;785.0;28470;Line 111;0;290.025220394317
-23.65026336;-46.395773511;781.8;28440;Line 111;0;290.025220394317
-23.650168107;-46.396048823;780.4;28410;Line 111;0;290.025220394317
-23.650072853;-46.396324135;779.1;28380;Line 111;0;290.025220394317
-23.649977599;-46.396599446;777.7;28350;Line 111;0;290.025220394317
-23.649882344;-46.396874757;778.9;28320;Line 111;0;290.025220394317
-23.649787089;-46.397150067;780.4;28290;Line 111;0;290.025220394317
-23.649691833;-46.397425377;781.8;28260;Line 111;0;290.025220394317
-23.649596577;-46.397700687;781.6;28230;Line 111;0;290.025220394317
-23.64950132;-46.397975996;780.6;28200;Line 111;0;290.025220394317
-23.649406063;-46.398251305;779.2;28170;Line 111;0;290.025220394317
-23.649310805;-46.398526614;777.9;28140;Line 111;0;290.025220394317
-23.649215547;-46.398801921;776.3;28110;Line 111;0;290.025220394317
-23.649120289;-46.399077229;774.2;28080;Line 111;0;290.025220394317
-23.649025029;-46.399352536;775.6;28050;Line 111;0;290.025220394317
-23.64892977;-46.399627843;778.1;28020;Line 111;0;290.025220394317
-23.64883451;-46.399903149;780.1;27990;Line 111;0;290.025220394317
-23.64873925;-46.400178455;782.3;27960;Line 111;0;290.025220394317
-23.648643989;-46.40045376;784.3;27930;Line 111;0;290.025220394317
-23.648548727;-46.400729065;785.7;27900;Line 111;0;290.025220394317
-23.648453465;-46.40100437;784.7;27870;Line 111;0;290.025220394317
-23.648358203;-46.401279674;782.2;27840;Line 111;0;290.025220394317
-23.64826294;-46.401554978;780.2;27810;Line 111;0;290.025220394317
-23.648167677;-46.401830281;779.8;27780;Line 111;0;290.025220394317
-23.648072413;-46.402105584;780.9;27750;Line 111;0;290.025220394317
-23.647977149;-46.402380886;782.7;27720;Line 111;0;290.025220394317
-23.647881884;-46.402656189;783.8;27690;Line 111;0;290.025220394317
-23.647786619;-46.40293149;784.0;27660;Line 111;0;290.025220394317
-23.647691353;-46.403206791;784.5;27630;Line 111;0;290.025220394317
-23.647596087;-46.403482092;785.5;27600;Line 111;0;290.025220394317
-23.647500821;-46.403757392;786.5;27570;Line 111;0;290.025220394317
-23.647405554;-46.404032692;787.6;27540;Line 111;0;290.025220394317
-23.647310286;-46.404307992;788.2;27510;Line 111;0;290.025220394317
-23.647215018;-46.404583291;789.1;27480;Line 111;0;290.025220394317
-23.64711975;-46.40485859;790.4;27450;Line 111;0;290.025220394317
-23.647024481;-46.405133888;792.3;27420;Line 111;0;290.025220394317
-23.646929211;-46.405409186;794.4;27390;Line 111;0;290.025220394317
-23.646833941;-46.405684483;796.3;27360;Line 111;0;290.025220394317
-23.646738671;-46.40595978;796.0;27330;Line 111;0;290.025220394317
-23.6466434;-46.406235077;792.9;27300;Line 111;0;290.025220394317
-23.646548129;-46.406510373;789.3;27270;Line 111;0;290.025220394317
-23.646452857;-46.406785669;787.2;27240;Line 111;0;290.025220394317
-23.646357585;-46.407060964;787.7;27210;Line 111;0;290.025220394317
-23.646262312;-46.407336259;788.0;27180;Line 111;0;290.025220394317
-23.646167039;-46.407611553;790.2;27150;Line 111;0;290.025220394317
-23.646071765;-46.407886847;795.2;27120;Line 111;0;290.025220394317
-23.645976491;-46.408162141;800.3;27090;Line 111;0;290.025220394317
-23.645881217;-46.408437434;804.6;27060;Line 111;0;290.025220394317
-23.645785942;-46.408712727;807.7;27030;Line 111;0;290.025220394317
-23.645690666;-46.408988019;810.9;27000;Line 111;0;290.025220394317
-23.64559539;-46.409263311;814.2;26970;Line 111;0;290.025220394317
-23.645500114;-46.409538602;817.5;26940;Line 111;0;290.025220394317
-23.645404837;-46.409813893;821.7;26910;Line 111;0;290.025220394317
-23.645309559;-46.410089184;825.6;26880;Line 111;0;290.025220394317
-23.645214281;-46.410364474;828.1;26850;Line 111;0;290.025220394317
-23.645119003;-46.410639764;831.8;26820;Line 111;0;290.025220394317
-23.645023724;-46.410915053;834.3;26790;Line 111;0;290.025220394317
-23.644928445;-46.411190342;830.7;26760;Line 111;0;290.025220394317
-23.644833165;-46.411465631;827.2;26730;Line 111;0;290.025220394317
-23.644737885;-46.411740919;823.7;26700;Line 111;0;290.025220394317
-23.644642604;-46.412016207;818.8;26670;Line 111;0;290.025220394317
-23.644547323;-46.412291494;813.3;26640;Line 111;0;290.025220394317
-23.644452041;-46.412566781;809.4;26610;Line 111;0;290.025220394317
-23.644356759;-46.412842067;812.2;26580;Line 111;0;290.025220394317
-23.644261477;-46.413117353;815.1;26550;Line 111;0;290.025220394317
-23.644166194;-46.413392639;818.2;26520;Line 111;0;290.025220394317
-23.64407091;-46.413667924;820.7;26490;Line 111;0;290.025220394317
-23.643975626;-46.413943209;823.1;26460;Line 111;0;290.025220394317
-23.643880342;-46.414218493;824.2;26430;Line 111;0;290.025220394317
-23.643785057;-46.414493777;820.6;26400;Line 111;0;290.025220394317
-23.643689771;-46.41476906;816.2;26370;Line 111;0;290.025220394317
-23.643594485;-46.415044343;813.0;26340;Line 111;0;290.025220394317
-23.643499199;-46.415319626;818.9;26310;Line 111;0;290.025220394317
-23.643403912;-46.415594908;824.9;26280;Line 111;0;290.025220394317
-23.643308625;-46.41587019;831.3;26250;Line 111;0;290.025220394317
-23.643213337;-46.416145471;839.9;26220;Line 111;0;290.025220394317
-23.643118049;-46.416420752;848.6;26190;Line 111;0;290.025220394317
-23.64302276;-46.416696033;856.9;26160;Line 111;0;290.025220394317
-23.642927471;-46.416971313;860.5;26130;Line 111;0;290.025220394317
-23.642832181;-46.417246592;865.7;26100;Line 111;0;290.025220394317
-23.642736891;-46.417521872;872.0;26070;Line 111;0;290.025220394317
-23.6426416;-46.41779715;873.4;26040;Line 111;0;290.025220394317
-23.642546309;-46.418072429;875.5;26010;Line 111;0;290.025220394317
-23.642451018;-46.418347707;878.4;25980;Line 111;0;290.025220394317
-23.642355726;-46.418622984;879.6;25950;Line 111;0;290.025220394317
-23.642260433;-46.418898261;880.4;25920;Line 111;0;290.025220394317
-23.64216514;-46.419173538;881.1;25890;Line 111;0;290.025220394317
-23.642069847;-46.419448814;884.9;25860;Line 111;0;290.025220394317
-23.641974553;-46.41972409;887.0;25830;Line 111;0;290.025220394317
-23.641879259;-46.419999366;887.4;25800;Line 111;0;290.025220394317
-23.641783964;-46.420274641;890.4;25770;Line 111;0;290.025220394317
-23.641688668;-46.420549915;891.4;25740;Line 111;0;290.025220394317
-23.641593373;-46.42082519;891.0;25710;Line 111;0;290.025220394317
-23.641498076;-46.421100463;887.1;25680;Line 111;0;290.025220394317
-23.64140278;-46.421375737;882.6;25650;Line 111;0;290.025220394317
-23.641307482;-46.421651009;877.7;25620;Line 111;0;290.025220394317
-23.641212185;-46.421926282;873.9;25590;Line 111;0;290.025220394317
-23.641116887;-46.422201554;870.1;25560;Line 111;0;290.025220394317
-23.641021588;-46.422476826;866.1;25530;Line 111;0;290.025220394317
-23.640926289;-46.422752097;876.0;25500;Line 111;0;290.025220394317
-23.640830989;-46.423027368;887.4;25470;Line 111;0;290.025220394317
-23.640735689;-46.423302638;898.8;25440;Line 111;0;290.025220394317
-23.640640389;-46.423577908;908.8;25410;Line 111;0;290.025220394317
-23.640545088;-46.423853177;917.6;25380;Line 111;0;290.025220394317
-23.640449786;-46.424128447;925.5;25350;Line 111;0;290.025220394317
-23.640354485;-46.424403715;924.8;25320;Line 111;0;290.025220394317
-23.640259182;-46.424678983;924.6;25290;Line 111;0;290.025220394317
-23.640163879;-46.424954251;926.4;25260;Line 111;0;290.025220394317
-23.640068576;-46.425229519;925.1;25230;Line 111;0;290.025220394317
-23.639973272;-46.425504786;924.1;25200;Line 111;0;290.025220394317
-23.639877968;-46.425780052;924.1;25170;Line 111;0;290.025220394317
-23.639782663;-46.426055318;922.7;25140;Line 111;0;290.025220394317
-23.639687358;-46.426330584;920.7;25110;Line 111;0;290.025220394317
-23.639592052;-46.426605849;918.7;25080;Line 111;0;290.025220394317
-23.639496746;-46.426881114;913.4;25050;Line 111;0;290.025220394317
-23.63940144;-46.427156379;907.6;25020;Line 111;0;290.025220394317
-23.639306133;-46.427431643;902.1;24990;Line 111;0;290.025220394317
-23.639210825;-46.427706906;897.8;24960;Line 111;0;290.025220394317
-23.639115517;-46.427982169;895.2;24930;Line 111;0;290.025220394317
-23.639020208;-46.428257432;893.9;24900;Line 111;0;290.025220394317
-23.6389249;-46.428532694;893.4;24870;Line 111;0;290.025220394317
-23.63882959;-46.428807956;891.4;24840;Line 111;0;290.025220394317
-23.63873428;-46.429083218;887.1;24810;Line 111;0;290.025220394317
-23.63863897;-46.429358479;890.7;24780;Line 111;0;290.025220394317
-23.638543659;-46.42963374;896.5;24750;Line 111;0;290.025220394317
-23.638448348;-46.429909;900.2;24720;Line 111;0;290.025220394317
-23.638353036;-46.43018426;909.5;24690;Line 111;0;290.025220394317
-23.638257724;-46.430459519;924.4;24660;Line 111;0;290.025220394317
-23.638162411;-46.430734778;939.0;24630;Line 111;0;290.025220394317
-23.638067098;-46.431010036;951.7;24600;Line 111;0;290.025220394317
-23.637971784;-46.431285295;962.8;24570;Line 111;0;290.025220394317
-23.63787647;-46.431560552;972.8;24540;Line 111;0;290.025220394317
-23.637781155;-46.431835809;973.7;24510;Line 111;0;290.025220394317
-23.63768584;-46.432111066;968.5;24480;Line 111;0;290.025220394317
-23.637590525;-46.432386323;962.1;24450;Line 111;0;290.025220394317
-23.637495209;-46.432661579;952.0;24420;Line 111;0;290.025220394317
-23.637399892;-46.432936834;941.7;24390;Line 111;0;290.025220394317
-23.637304575;-46.433212089;932.1;24360;Line 111;0;290.025220394317
-23.637209258;-46.433487344;923.5;24330;Line 111;0;290.025220394317
-23.63711394;-46.433762598;914.4;24300;Line 111;0;290.025220394317
-23.637018621;-46.434037852;904.4;24270;Line 111;0;290.025220394317
-23.636923303;-46.434313106;894.9;24240;Line 111;0;290.025220394317
-23.636827983;-46.434588359;886.1;24210;Line 111;0;290.025220394317
-23.636732663;-46.434863611;876.5;24180;Line 111;0;290.025220394317
-23.636637343;-46.435138864;869.1;24150;Line 111;0;290.025220394317
-23.636542022;-46.435414115;865.5;24120;Line 111;0;290.025220394317
-23.636446701;-46.435689367;861.4;24090;Line 111;0;290.025220394317
-23.63635138;-46.435964618;857.4;24060;Line 111;0;290.025220394317
-23.636256057;-46.436239868;853.9;24030;Line 111;0;290.025220394317
-23.636160735;-46.436515118;850.0;24000;Line 111;0;290.025220394317
-23.636065412;-46.436790368;846.3;23970;Line 111;0;290.025220394317
-23.635970088;-46.437065617;843.4;23940;Line 111;0;290.025220394317
-23.635874764;-46.437340866;840.6;23910;Line 111;0;290.025220394317
-23.63577944;-46.437616114;837.9;23880;Line 111;0;290.025220394317
-23.635684115;-46.437891362;835.2;23850;Line 111;0;290.025220394317
-23.635588789;-46.43816661;832.6;23820;Line 111;0;290.025220394317
-23.635493463;-46.438441857;830.2;23790;Line 111;0;290.025220394317
-23.635398137;-46.438717103;827.9;23760;Line 111;0;290.025220394317
-23.63530281;-46.43899235;825.6;23730;Line 111;0;290.025220394317
-23.635207483;-46.439267596;823.2;23700;Line 111;0;290.025220394317
-23.635112155;-46.439542841;820.3;23670;Line 111;0;290.025220394317
-23.635016827;-46.439818086;817.2;23640;Line 111;0;290.025220394317
-23.634921498;-46.440093331;814.6;23610;Line 111;0;290.025220394317
-23.634826169;-46.440368575;813.9;23580;Line 111;0;290.025220394317
-23.634730839;-46.440643818;813.3;23550;Line 111;0;290.025220394317
-23.634635509;-46.440919062;814.1;23520;Line 111;0;290.025220394317
-23.634540178;-46.441194305;818.3;23490;Line 111;0;290.025220394317
-23.634444847;-46.441469547;822.7;23460;Line 111;0;290.025220394317
-23.634349516;-46.441744789;827.7;23430;Line 111;0;290.025220394317
-23.634254184;-46.442020031;833.9;23400;Line 111;0;290.025220394317
-23.634158851;-46.442295272;840.3;23370;Line 111;0;290.025220394317
-23.634063518;-46.442570513;844.3;23340;Line 111;0;290.025220394317
-23.633968185;-46.442845753;845.0;23310;Line 111;0;290.025220394317
-23.633872851;-46.443120993;845.7;23280;Line 111;0;290.025220394317
-23.633777517;-46.443396232;845.2;23250;Line 111;0;290.025220394317
-23.633682182;-46.443671472;841.2;23220;Line 111;0;290.025220394317
-23.633586847;-46.44394671;837.2;23190;Line 111;0;290.025220394317
-23.633491511;-46.444221948;834.6;23160;Line 111;0;290.025220394317
-23.633396174;-46.444497186;837.2;23130;Line 111;0;290.025220394317
-23.633300838;-46.444772424;840.3;23100;Line 111;0;290.025220394317
-23.633205501;-46.445047661;842.4;23070;Line 111;0;290.025220394317
-23.633110163;-46.445322897;843.9;23040;Line 111;0;290.025220394317
-23.633014825;-46.445598133;845.7;23010;Line 111;0;290.025220394317
-23.632919486;-46.445873369;847.1;22980;Line 111;0;290.025220394317
-23.632824147;-46.446148604;846.3;22950;Line 111;0;290.025220394317
-23.632728808;-46.446423839;846.0;22920;Line 111;0;290.025220394317
-23.632633468;-46.446699073;845.9;22890;Line 111;0;290.025220394317
-23.632538127;-46.446974307;844.7;22860;Line 111;0;290.025220394317
-23.632442786;-46.447249541;843.2;22830;Line 111;0;290.025220394317
-23.632347445;-46.447524774;841.1;22800;Line 111;0;290.025220394317
-23.632252103;-46.447800007;836.4;22770;Line 111;0;290.025220394317
-23.63215676;-46.448075239;832.2;22740;Line 111;0;290.025220394317
-23.632061418;-46.448350471;828.6;22710;Line 111;0;290.025220394317
-23.631966074;-46.448625703;823.9;22680;Line 111;0;290.025220394317
-23.631870731;-46.448900934;819.5;22650;Line 111;0;290.025220394317
-23.631775386;-46.449176164;815.2;22620;Line 111;0;290.025220394317
-23.631680042;-46.449451394;810.9;22590;Line 111;0;290.025220394317
-23.631584696;-46.449726624;806.6;22560;Line 111;0;290.025220394317
-23.631489351;-46.450001854;802.4;22530;Line 111;0;290.025220394317
-23.631394005;-46.450277082;800.5;22500;Line 111;0;290.025220394317
-23.631298658;-46.450552311;798.7;22470;Line 111;0;290.025220394317
-23.631203311;-46.450827539;796.9;22440;Line 111;0;290.025220394317
-23.631107963;-46.451102767;800.2;22410;Line 111;0;290.025220394317
-23.631012615;-46.451377994;802.9;22380;Line 111;0;290.025220394317
-23.630917267;-46.451653221;805.0;22350;Line 111;0;290.025220394317
-23.630821918;-46.451928447;805.5;22320;Line 111;0;290.025220394317
-23.630726569;-46.452203673;806.3;22290;Line 111;0;290.025220394317
-23.630631219;-46.452478899;806.9;22260;Line 111;0;290.025220394317
-23.630535868;-46.452754124;806.3;22230;Line 111;0;290.025220394317
-23.630440518;-46.453029348;806.5;22200;Line 111;0;290.025220394317
-23.630345166;-46.453304573;808.0;22170;Line 111;0;290.025220394317
-23.630249814;-46.453579797;811.6;22140;Line 111;0;290.025220394317
-23.630154462;-46.45385502;815.6;22110;Line 111;0;290.025220394317
-23.63005911;-46.454130243;819.9;22080;Line 111;0;290.025220394317
-23.629963756;-46.454405466;823.6;22050;Line 111;0;290.025220394317
-23.629868403;-46.454680688;827.0;22020;Line 111;0;290.025220394317
-23.629773049;-46.454955909;830.5;21990;Line 111;0;290.025220394317
-23.629677694;-46.455231131;831.9;21960;Line 111;0;290.025220394317
-23.629582339;-46.455506352;832.8;21930;Line 111;0;290.025220394317
-23.629486983;-46.455781572;833.7;21900;Line 111;0;290.025220394317
-23.629391627;-46.456056792;834.9;21870;Line 111;0;290.025220394317
-23.629296271;-46.456332012;835.9;21840;Line 111;0;290.025220394317
-23.629200914;-46.456607231;836.8;21810;Line 111;0;290.025220394317
-23.629105557;-46.45688245;838.5;21780;Line 111;0;290.025220394317
-23.629010199;-46.457157668;840.1;21750;Line 111;0;290.025220394317
-23.62891484;-46.457432886;841.4;21720;Line 111;0;290.025220394317
-23.628819482;-46.457708104;841.3;21690;Line 111;0;290.025220394317
-23.628724122;-46.457983321;840.9;21660;Line 111;0;290.025220394317
-23.628628763;-46.458258537;840.7;21630;Line 111;0;290.025220394317
-23.628533402;-46.458533753;842.0;21600;Line 111;0;290.025220394317
-23.628438042;-46.458808969;844.0;21570;Line 111;0;290.025220394317
-23.62834268;-46.459084185;846.3;21540;Line 111;0;290.025220394317
-23.628247319;-46.4593594;848.0;21510;Line 111;0;290.025220394317
-23.628151957;-46.459634614;849.1;21480;Line 111;0;290.025220394317
-23.628056594;-46.459909828;850.1;21450;Line 111;0;290.025220394317
-23.627961231;-46.460185042;849.7;21420;Line 111;0;290.025220394317
-23.627865868;-46.460460255;848.7;21390;Line 111;0;290.025220394317
-23.627770504;-46.460735468;847.7;21360;Line 111;0;290.025220394317
-23.627675139;-46.461010681;846.3;21330;Line 111;0;290.025220394317
-23.627579774;-46.461285893;844.5;21300;Line 111;0;290.025220394317
-23.627484409;-46.461561104;842.7;21270;Line 111;0;290.025220394317
-23.627389043;-46.461836315;841.3;21240;Line 111;0;290.025220394317
-23.627293677;-46.462111526;840.3;21210;Line 111;0;290.025220394317
-23.62719831;-46.462386736;839.4;21180;Line 111;0;290.025220394317
-23.627102943;-46.462661946;837.6;21150;Line 111;0;290.025220394317
-23.627007575;-46.462937156;835.3;21120;Line 111;0;290.025220394317
-23.626912207;-46.463212365;833.0;21090;Line 111;0;290.025220394317
-23.626816838;-46.463487573;830.8;21060;Line 111;0;290.025220394317
-23.626721469;-46.463762781;828.8;21030;Line 111;0;290.025220394317
-23.626626099;-46.464037989;827.1;21000;Line 111;0;290.025220394317
-23.626530729;-46.464313197;826.4;20970;Line 111;0;290.025220394317
-23.626435359;-46.464588404;826.1;20940;Line 111;0;290.025220394317
-23.626339987;-46.46486361;825.6;20910;Line 111;0;290.025220394317
-23.626244616;-46.465138816;824.4;20880;Line 111;0;290.025220394317
-23.626149244;-46.465414022;822.7;20850;Line 111;0;290.025220394317
-23.626053872;-46.465689227;821.0;20820;Line 111;0;290.025220394317
-23.625958499;-46.465964432;819.4;20790;Line 111;0;290.025220394317
-23.625863125;-46.466239636;817.9;20760;Line 111;0;290.025220394317
-23.625767751;-46.46651484;816.4;20730;Line 111;0;290.025220394317
-23.625672377;-46.466790044;814.4;20700;Line 111;0;290.025220394317
-23.625577002;-46.467065247;811.8;20670;Line 111;0;290.025220394317
-23.625481627;-46.467340449;809.1;20640;Line 111;0;290.025220394317
-23.625386251;-46.467615652;807.0;20610;Line 111;0;290.025220394317
-23.625290875;-46.467890854;805.7;20580;Line 111;0;290.025220394317
-23.625195498;-46.468166055;803.8;20550;Line 111;0;290.025220394317
-23.625100121;-46.468441256;803.4;20520;Line 111;0;290.025220394317
-23.625004744;-46.468716457;805.7;20490;Line 111;0;290.025220394317
-23.624909366;-46.468991657;807.7;20460;Line 111;0;290.025220394317
-23.624813987;-46.469266856;809.4;20430;Line 111;0;290.025220394317
-23.624718608;-46.469542056;812.0;20400;Line 111;0;290.025220394317
-23.624623229;-46.469817255;815.1;20370;Line 111;0;290.025220394317
-23.624527849;-46.470092453;817.7;20340;Line 111;0;290.025220394317
-23.624432468;-46.470367651;818.5;20310;Line 111;0;290.025220394317
-23.624337087;-46.470642849;819.7;20280;Line 111;0;290.025220394317
-23.624241706;-46.470918046;820.4;20250;Line 111;0;290.025220394317
-23.624146324;-46.471193243;819.5;20220;Line 111;0;290.025220394317
-23.624050942;-46.471468439;817.8;20190;Line 111;0;290.025220394317
-23.623955559;-46.471743635;816.5;20160;Line 111;0;290.025220394317
-23.623860176;-46.47201883;815.6;20130;Line 111;0;290.025220394317
-23.623764792;-46.472294025;815.1;20100;Line 111;0;290.025220394317
-23.623669408;-46.47256922;815.2;20070;Line 111;0;290.025220394317
-23.623574023;-46.472844414;815.3;20040;Line 111;0;290.025220394317
-23.623478638;-46.473119608;815.5;20010;Line 111;0;290.025220394317
-23.623383253;-46.473394802;815.7;19980;Line 111;0;290.025220394317
-23.623287867;-46.473669994;814.6;19950;Line 111;0;290.025220394317
-23.62319248;-46.473945187;812.5;19920;Line 111;0;290.025220394317
-23.623097093;-46.474220379;810.4;19890;Line 111;0;290.025220394317
-23.623001706;-46.474495571;808.1;19860;Line 111;0;290.025220394317
-23.622906318;-46.474770762;806.1;19830;Line 111;0;290.025220394317
-23.622810929;-46.475045953;804.1;19800;Line 111;0;290.025220394317
-23.62271554;-46.475321143;801.7;19770;Line 111;0;290.025220394317
-23.622620151;-46.475596333;799.3;19740;Line 111;0;290.025220394317
-23.622524761;-46.475871523;797.2;19710;Line 111;0;290.025220394317
-23.622429371;-46.476146712;795.7;19680;Line 111;0;290.025220394317
-23.62233398;-46.476421901;794.0;19650;Line 111;0;290.025220394317
-23.622238589;-46.476697089;792.2;19620;Line 111;0;290.025220394317
-23.622143197;-46.476972277;790.1;19590;Line 111;0;290.025220394317
-23.622047805;-46.477247464;788.1;19560;Line 111;0;290.025220394317
-23.621952412;-46.477522651;786.0;19530;Line 111;0;290.025220394317
-23.621857019;-46.477797838;783.8;19500;Line 111;0;290.025220394317
-23.621761626;-46.478073024;782.1;19470;Line 111;0;290.025220394317
-23.621666232;-46.47834821;781.0;19440;Line 111;0;290.025220394317
-23.621570837;-46.478623395;781.2;19410;Line 111;0;290.025220394317
-23.621475442;-46.47889858;781.7;19380;Line 111;0;290.025220394317
-23.621380047;-46.479173765;782.4;19350;Line 111;0;290.025220394317
-23.621284651;-46.479448949;785.1;19320;Line 111;0;290.025220394317
-23.621189254;-46.479724132;787.3;19290;Line 111;0;290.025220394317
-23.621093858;-46.479999316;788.9;19260;Line 111;0;290.025220394317
-23.62099846;-46.480274498;789.5;19230;Line 111;0;290.025220394317
-23.620903062;-46.480549681;789.8;19200;Line 111;0;290.025220394317
-23.620807664;-46.480824863;789.9;19170;Line 111;0;290.025220394317
-23.620712265;-46.481100044;790.3;19140;Line 111;0;290.025220394317
-23.620616866;-46.481375225;790.4;19110;Line 111;0;290.025220394317
-23.620521467;-46.481650406;790.1;19080;Line 111;0;290.025220394317
-23.620426066;-46.481925586;789.5;19050;Line 111;0;290.025220394317
-23.620330666;-46.482200766;789.1;19020;Line 111;0;290.025220394317
-23.620235265;-46.482475945;788.8;18990;Line 111;0;290.025220394317
-23.620139863;-46.482751124;788.1;18960;Line 111;0;290.025220394317
-23.620044461;-46.483026303;787.5;18930;Line 111;0;290.025220394317
-23.619949059;-46.483301481;787.4;18900;Line 111;0;290.025220394317
-23.619853656;-46.483576659;788.1;18870;Line 111;0;290.025220394317
-23.619758252;-46.483851836;788.9;18840;Line 111;0;290.025220394317
-23.619662848;-46.484127013;789.8;18810;Line 111;0;290.025220394317
-23.619567444;-46.484402189;791.1;18780;Line 111;0;290.025220394317
-23.619472039;-46.484677365;792.4;18750;Line 111;0;290.025220394317
-23.619376634;-46.484952541;793.9;18720;Line 111;0;290.025220394317
-23.619281228;-46.485227716;795.1;18690;Line 111;0;290.025220394317
-23.619185822;-46.485502891;796.4;18660;Line 111;0;290.025220394317
-23.619090415;-46.485778065;797.3;18630;Line 111;0;290.025220394317
-23.618995008;-46.486053239;795.8;18600;Line 111;0;290.025220394317
-23.6188996;-46.486328413;793.6;18570;Line 111;0;290.025220394317
-23.618804192;-46.486603586;791.1;18540;Line 111;0;290.025220394317
-23.618708784;-46.486878758;792.1;18510;Line 111;0;290.025220394317
-23.618613375;-46.48715393;794.4;18480;Line 111;0;290.025220394317
-23.618517965;-46.487429102;796.8;18450;Line 111;0;290.025220394317
-23.618422555;-46.487704274;797.6;18420;Line 111;0;290.025220394317
-23.618327145;-46.487979445;798.1;18390;Line 111;0;290.025220394317
-23.618231734;-46.488254615;799.5;18360;Line 111;0;290.025220394317
-23.618136322;-46.488529785;800.6;18330;Line 111;0;290.025220394317
-23.61804091;-46.488804955;801.2;18300;Line 111;0;290.025220394317
-23.617945498;-46.489080124;801.5;18270;Line 111;0;290.025220394317
-23.617850085;-46.489355293;804.8;18240;Line 111;0;290.025220394317
-23.617754672;-46.489630461;809.5;18210;Line 111;0;290.025220394317
-23.617659258;-46.489905629;814.2;18180;Line 111;0;290.025220394317
-23.617563844;-46.490180797;818.7;18150;Line 111;0;290.025220394317
-23.617468429;-46.490455964;823.3;18120;Line 111;0;290.025220394317
-23.617373014;-46.490731131;827.7;18090;Line 111;0;290.025220394317
-23.617277599;-46.491006297;830.4;18060;Line 111;0;290.025220394317
-23.617182182;-46.491281463;832.4;18030;Line 111;0;290.025220394317
-23.617086766;-46.491556628;834.5;18000;Line 111;0;290.025220394317
-23.616991349;-46.491831793;837.4;17970;Line 111;0;290.025220394317
-23.616895931;-46.492106958;840.6;17940;Line 111;0;290.025220394317
-23.616800513;-46.492382122;843.7;17910;Line 111;0;290.025220394317
-23.616705095;-46.492657286;846.2;17880;Line 111;0;290.025220394317
-23.616609676;-46.492932449;847.9;17850;Line 111;0;290.025220394317
-23.616514257;-46.493207612;849.5;17820;Line 111;0;290.025220394317
-23.616418837;-46.493482774;851.6;17790;Line 111;0;290.025220394317
-23.616323416;-46.493757936;854.2;17760;Line 111;0;290.025220394317
-23.616227996;-46.494033098;856.6;17730;Line 111;0;290.025220394317
-23.616132574;-46.494308259;858.8;17700;Line 111;0;290.025220394317
-23.616037153;-46.49458342;860.9;17670;Line 111;0;290.025220394317
-23.61594173;-46.49485858;862.9;17640;Line 111;0;290.025220394317
-23.615846308;-46.49513374;864.3;17610;Line 111;0;290.025220394317
-23.615750885;-46.4954089;864.4;17580;Line 111;0;290.025220394317
-23.615655461;-46.495684059;864.1;17550;Line 111;0;290.025220394317
-23.615560037;-46.495959217;863.3;17520;Line 111;0;290.025220394317
-23.615464612;-46.496234376;862.4;17490;Line 111;0;290.025220394317
-23.615369187;-46.496509533;861.6;17460;Line 111;0;290.025220394317
-23.615273762;-46.496784691;860.9;17430;Line 111;0;290.025220394317
-23.615178336;-46.497059848;860.2;17400;Line 111;0;290.025220394317
-23.61508291;-46.497335004;859.5;17370;Line 111;0;290.025220394317
-23.614987483;-46.49761016;858.9;17340;Line 111;0;290.025220394317
-23.614892055;-46.497885316;858.2;17310;Line 111;0;290.025220394317
-23.614796628;-46.498160471;857.3;17280;Line 111;0;290.025220394317
-23.614701199;-46.498435626;856.0;17250;Line 111;0;290.025220394317
-23.614605771;-46.49871078;853.7;17220;Line 111;0;290.025220394317
-23.614510341;-46.498985934;851.2;17190;Line 111;0;290.025220394317
-23.614414912;-46.499261088;848.7;17160;Line 111;0;290.025220394317
-23.614319481;-46.499536241;846.5;17130;Line 111;0;290.025220394317
-23.614224051;-46.499811394;843.9;17100;Line 111;0;290.025220394317
-23.61412862;-46.500086546;841.8;17070;Line 111;0;290.025220394317
-23.614033188;-46.500361698;841.6;17040;Line 111;0;290.025220394317
-23.613937756;-46.500636849;841.7;17010;Line 111;0;290.025220394317
-23.613842324;-46.500912;841.7;16980;Line 111;0;290.025220394317
-23.613746891;-46.501187151;841.2;16950;Line 111;0;290.025220394317
-23.613651457;-46.501462301;840.6;16920;Line 111;0;290.025220394317
-23.613556023;-46.501737451;839.5;16890;Line 111;0;290.025220394317
-23.613460589;-46.5020126;837.3;16860;Line 111;0;290.025220394317
-23.613365154;-46.502287749;835.3;16830;Line 111;0;290.025220394317
-23.613269719;-46.502562898;833.5;16800;Line 111;0;290.025220394317
-23.613174283;-46.502838046;833.3;16770;Line 111;0;290.025220394317
-23.613078847;-46.503113193;832.8;16740;Line 111;0;290.025220394317
-23.61298341;-46.503388341;832.4;16710;Line 111;0;290.025220394317
-23.612887973;-46.503663487;833.7;16680;Line 111;0;290.025220394317
-23.612792535;-46.503938634;835.4;16650;Line 111;0;290.025220394317
-23.612697097;-46.50421378;837.3;16620;Line 111;0;290.025220394317
-23.612601658;-46.504488925;837.9;16590;Line 111;0;290.025220394317
-23.612506219;-46.50476407;838.9;16560;Line 111;0;290.025220394317
-23.61241078;-46.505039215;839.7;16530;Line 111;0;290.025220394317
-23.61231534;-46.505314359;838.0;16500;Line 111;0;290.025220394317
-23.612219899;-46.505589503;836.4;16470;Line 111;0;290.025220394317
-23.612124458;-46.505864646;834.7;16440;Line 111;0;290.025220394317
-23.612029017;-46.506139789;831.6;16410;Line 111;0;290.025220394317
-23.611933575;-46.506414932;828.5;16380;Line 111;0;290.025220394317
-23.611838133;-46.506690074;825.4;16350;Line 111;0;290.025220394317
-23.61174269;-46.506965216;825.2;16320;Line 111;0;290.025220394317
-23.611647246;-46.507240357;825.0;16290;Line 111;0;290.025220394317
-23.611551803;-46.507515498;825.0;16260;Line 111;0;290.025220394317
-23.611456358;-46.507790638;827.1;16230;Line 111;0;290.025220394317
-23.611360914;-46.508065778;829.1;16200;Line 111;0;290.025220394317
-23.611265469;-46.508340918;831.0;16170;Line 111;0;290.025220394317
-23.611170023;-46.508616057;830.9;16140;Line 111;0;290.025220394317
-23.611074577;-46.508891196;830.5;16110;Line 111;0;290.025220394317
-23.61097913;-46.509166334;829.9;16080;Line 111;0;290.025220394317
-23.610883683;-46.509441472;826.5;16050;Line 111;0;290.025220394317
-23.610788236;-46.509716609;823.1;16020;Line 111;0;290.025220394317
-23.610692788;-46.509991746;820.4;15990;Line 111;0;290.025220394317
-23.610597339;-46.510266883;818.8;15960;Line 111;0;290.025220394317
-23.61050189;-46.510542019;816.9;15930;Line 111;0;290.025220394317
-23.610406441;-46.510817155;814.6;15900;Line 111;0;290.025220394317
-23.610310991;-46.51109229;811.4;15870;Line 111;0;290.025220394317
-23.610215541;-46.511367425;807.7;15840;Line 111;0;290.025220394317
-23.61012009;-46.51164256;803.6;15810;Line 111;0;290.025220394317
-23.610024639;-46.511917694;800.5;15780;Line 111;0;290.025220394317
-23.609929187;-46.512192827;798.9;15750;Line 111;0;290.025220394317
-23.609833735;-46.512467961;797.8;15720;Line 111;0;290.025220394317
-23.609738282;-46.512743093;796.8;15690;Line 111;0;290.025220394317
-23.609642829;-46.513018226;795.2;15660;Line 111;0;290.025220394317
-23.609547375;-46.513293358;792.8;15630;Line 111;0;290.025220394317
-23.609451921;-46.513568489;789.6;15600;Line 111;0;290.025220394317
-23.609356467;-46.51384362;785.9;15570;Line 111;0;290.025220394317
-23.609261012;-46.514118751;781.5;15540;Line 111;0;290.025220394317
-23.609165556;-46.514393881;779.2;15510;Line 111;0;290.025220394317
-23.6090701;-46.514669011;778.5;15480;Line 111;0;290.025220394317
-23.608974644;-46.51494414;777.9;15450;Line 111;0;290.025220394317
-23.608879187;-46.515219269;777.0;15420;Line 111;0;290.025220394317
-23.60878373;-46.515494398;776.0;15390;Line 111;0;290.025220394317
-23.608688272;-46.515769526;775.0;15360;Line 111;0;290.025220394317
-23.608592814;-46.516044654;774.0;15330;Line 111;0;290.025220394317
-23.608497355;-46.516319781;773.0;15300;Line 111;0;290.025220394317
-23.608401896;-46.516594908;772.0;15270;Line 111;0;290.025220394317
-23.608306436;-46.516870034;772.3;15240;Line 111;0;290.025220394317
-23.608210976;-46.51714516;773.3;15210;Line 111;0;290.025220394317
-23.608115515;-46.517420286;774.1;15180;Line 111;0;290.025220394317
-23.608020054;-46.517695411;773.2;15150;Line 111;0;290.025220394317
-23.607924593;-46.517970536;771.4;15120;Line 111;0;290.025220394317
-23.607829131;-46.51824566;769.3;15090;Line 111;0;290.025220394317
-23.607733668;-46.518520784;770.2;15060;Line 111;0;290.025220394317
-23.607638205;-46.518795908;772.7;15030;Line 111;0;290.025220394317
-23.607542742;-46.519071031;775.1;15000;Line 111;0;290.025220394317
-23.607447278;-46.519346153;778.2;14970;Line 111;0;290.025220394317
-23.607351813;-46.519621275;781.6;14940;Line 111;0;290.025220394317
-23.607256349;-46.519896397;785.1;14910;Line 111;0;290.025220394317
-23.607160883;-46.520171518;788.6;14880;Line 111;0;290.025220394317
-23.607065417;-46.520446639;791.9;14850;Line 111;0;290.025220394317
-23.606969951;-46.52072176;794.7;14820;Line 111;0;290.025220394317
-23.606874484;-46.52099688;795.3;14790;Line 111;0;290.025220394317
-23.606779017;-46.521272;794.5;14760;Line 111;0;290.025220394317
-23.60668355;-46.521547119;793.5;14730;Line 111;0;290.025220394317
-23.606588081;-46.521822238;792.8;14700;Line 111;0;290.025220394317
-23.606492613;-46.522097356;792.3;14670;Line 111;0;290.025220394317
-23.606397144;-46.522372474;791.3;14640;Line 111;0;290.025220394317
-23.606301674;-46.522647592;788.7;14610;Line 111;0;290.025220394317
-23.606206204;-46.522922709;785.3;14580;Line 111;0;290.025220394317
-23.606110734;-46.523197825;782.6;14550;Line 111;0;290.025220394317
-23.606015263;-46.523472942;780.8;14520;Line 111;0;290.025220394317
-23.605919791;-46.523748057;779.7;14490;Line 111;0;290.025220394317
-23.60582432;-46.524023173;778.8;14460;Line 111;0;290.025220394317
-23.605728847;-46.524298288;779.4;14430;Line 111;0;290.025220394317
-23.605633374;-46.524573402;781.1;14400;Line 111;0;290.025220394317
-23.605537901;-46.524848516;782.7;14370;Line 111;0;290.025220394317
-23.605442427;-46.52512363;783.2;14340;Line 111;0;290.025220394317
-23.605346953;-46.525398743;782.5;14310;Line 111;0;290.025220394317
-23.605251479;-46.525673856;781.6;14280;Line 111;0;290.025220394317
-23.605156003;-46.525948969;781.3;14250;Line 111;0;290.025220394317
-23.605060528;-46.526224081;782.1;14220;Line 111;0;290.025220394317
-23.604965052;-46.526499192;783.2;14190;Line 111;0;290.025220394317
-23.604869575;-46.526774304;785.2;14160;Line 111;0;290.025220394317
-23.604774098;-46.527049414;788.0;14130;Line 111;0;290.025220394317
-23.604678621;-46.527324525;790.8;14100;Line 111;0;290.025220394317
-23.604583143;-46.527599634;793.8;14070;Line 111;0;290.025220394317
-23.604487664;-46.527874744;797.2;14040;Line 111;0;290.025220394317
-23.604392185;-46.528149853;800.4;14010;Line 111;0;290.025220394317
-23.604296706;-46.528424962;803.1;13980;Line 111;0;290.025220394317
-23.604201226;-46.52870007;804.6;13950;Line 111;0;290.025220394317
-23.604105746;-46.528975178;805.3;13920;Line 111;0;290.025220394317
-23.604010265;-46.529250285;804.8;13890;Line 111;0;290.025220394317
-23.603914784;-46.529525392;802.9;13860;Line 111;0;290.025220394317
-23.603819302;-46.529800498;801.0;13830;Line 111;0;290.025220394317
-23.60372382;-46.530075604;797.7;13800;Line 111;0;290.025220394317
-23.603628337;-46.53035071;791.4;13770;Line 111;0;290.025220394317
-23.603532854;-46.530625815;785.5;13740;Line 111;0;290.025220394317
-23.603437371;-46.53090092;780.7;13710;Line 111;0;290.025220394317
-23.603341887;-46.531176024;779.3;13680;Line 111;0;290.025220394317
-23.603246402;-46.531451128;779.4;13650;Line 111;0;290.025220394317
-23.603150917;-46.531726232;780.2;13620;Line 111;0;290.025220394317
-23.603055432;-46.532001335;782.1;13590;Line 111;0;290.025220394317
-23.602959946;-46.532276438;783.8;13560;Line 111;0;290.025220394317
-23.602864459;-46.53255154;785.6;13530;Line 111;0;290.025220394317
-23.602768973;-46.532826642;788.7;13500;Line 111;0;290.025220394317
-23.602673485;-46.533101743;791.6;13470;Line 111;0;290.025220394317
-23.602577997;-46.533376844;794.5;13440;Line 111;0;290.025220394317
-23.602482509;-46.533651945;797.4;13410;Line 111;0;290.025220394317
-23.60238702;-46.533927045;799.7;13380;Line 111;0;290.025220394317
-23.602291531;-46.534202145;801.4;13350;Line 111;0;290.025220394317
-23.602196042;-46.534477244;800.6;13320;Line 111;0;290.025220394317
-23.602100551;-46.534752343;799.5;13290;Line 111;0;290.025220394317
-23.602005061;-46.535027441;798.3;13260;Line 111;0;290.025220394317
-23.60190957;-46.535302539;797.5;13230;Line 111;0;290.025220394317
-23.601814078;-46.535577637;797.0;13200;Line 111;0;290.025220394317
-23.601718586;-46.535852734;796.8;13170;Line 111;0;290.025220394317
-23.601623094;-46.536127831;796.6;13140;Line 111;0;290.025220394317
-23.601527601;-46.536402927;795.9;13110;Line 111;0;290.025220394317
-23.601432107;-46.536678023;795.6;13080;Line 111;0;290.025220394317
-23.601336614;-46.536953118;794.6;13050;Line 111;0;290.025220394317
-23.601241119;-46.537228213;794.2;13020;Line 111;0;290.025220394317
-23.601145624;-46.537503308;794.2;12990;Line 111;0;290.025220394317
-23.601050129;-46.537778402;791.0;12960;Line 111;0;290.025220394317
-23.600954633;-46.538053496;788.2;12930;Line 111;0;290.025220394317
-23.600859137;-46.538328589;785.8;12900;Line 111;0;290.025220394317
-23.600763641;-46.538603682;783.9;12870;Line 111;0;290.025220394317
-23.600668143;-46.538878775;781.7;12840;Line 111;0;290.025220394317
-23.600572646;-46.539153867;779.4;12810;Line 111;0;290.025220394317
-23.600477148;-46.539428959;774.7;12780;Line 111;0;290.025220394317
-23.600381649;-46.53970405;769.8;12750;Line 111;0;290.025220394317
-23.60028615;-46.539979141;764.7;12720;Line 111;0;290.025220394317
-23.600190651;-46.540254231;762.0;12690;Line 111;0;290.025220394317
-23.600095151;-46.540529321;759.6;12660;Line 111;0;290.025220394317
-23.59999965;-46.54080441;757.3;12630;Line 111;0;290.025220394317
-23.599904149;-46.5410795;759.7;12600;Line 111;0;290.025220394317
-23.599808648;-46.541354588;762.3;12570;Line 111;0;290.025220394317
-23.599713146;-46.541629677;764.7;12540;Line 111;0;290.025220394317
-23.599617644;-46.541904764;765.2;12510;Line 111;0;290.025220394317
-23.599522141;-46.542179852;765.0;12480;Line 111;0;290.025220394317
-23.599426638;-46.542454939;764.5;12450;Line 111;0;290.025220394317
-23.599331134;-46.542730025;764.0;12420;Line 111;0;290.025220394317
-23.59923563;-46.543005111;763.3;12390;Line 111;0;290.025220394317
-23.599140125;-46.543280197;762.5;12360;Line 111;0;290.025220394317
-23.59904462;-46.543555282;766.0;12330;Line 111;0;290.025220394317
-23.598949115;-46.543830367;770.2;12300;Line 111;0;290.025220394317
-23.598853609;-46.544105452;774.0;12270;Line 111;0;290.025220394317
-23.598758102;-46.544380536;775.2;12240;Line 111;0;290.025220394317
-23.598662595;-46.544655619;776.3;12210;Line 111;0;290.025220394317
-23.598567088;-46.544930702;778.0;12180;Line 111;0;290.025220394317
-23.59847158;-46.545205785;777.8;12150;Line 111;0;290.025220394317
-23.598376071;-46.545480868;776.6;12120;Line 111;0;290.025220394317
-23.598280563;-46.545755949;774.9;12090;Line 111;0;290.025220394317
-23.598185053;-46.546031031;772.9;12060;Line 111;0;290.025220394317
-23.598089543;-46.546306112;771.1;12030;Line 111;0;290.025220394317
-23.597994033;-46.546581193;769.3;12000;Line 111;0;290.025220394317
-23.597898523;-46.546856273;768.7;11970;Line 111;0;290.025220394317
-23.597803011;-46.547131352;768.7;11940;Line 111;0;290.025220394317
-23.5977075;-46.547406432;769.1;11910;Line 111;0;290.025220394317
-23.597611988;-46.547681511;770.5;11880;Line 111;0;290.025220394317
-23.597516475;-46.547956589;772.5;11850;Line 111;0;290.025220394317
-23.597420962;-46.548231667;774.4;11820;Line 111;0;290.025220394317
-23.597325448;-46.548506745;775.4;11790;Line 111;0;290.025220394317
-23.597229934;-46.548781822;775.5;11760;Line 111;0;290.025220394317
-23.59713442;-46.549056899;775.2;11730;Line 111;0;290.025220394317
-23.597038905;-46.549331975;773.3;11700;Line 111;0;290.025220394317
-23.59694339;-46.549607051;770.2;11670;Line 111;0;290.025220394317
-23.596847874;-46.549882127;766.9;11640;Line 111;0;290.025220394317
-23.596752357;-46.550157202;763.5;11610;Line 111;0;290.025220394317
-23.596656841;-46.550432277;760.4;11580;Line 111;0;290.025220394317
-23.596561323;-46.550707351;757.8;11550;Line 111;0;290.025220394317
-23.596465806;-46.550982425;757.2;11520;Line 111;0;290.025220394317
-23.596370287;-46.551257498;758.4;11490;Line 111;0;290.025220394317
-23.596274769;-46.551532571;759.5;11460;Line 111;0;290.025220394317
-23.59617925;-46.551807644;761.6;11430;Line 111;0;290.025220394317
-23.59608373;-46.552082716;764.8;11400;Line 111;0;290.025220394317
-23.59598821;-46.552357787;768.3;11370;Line 111;0;290.025220394317
-23.595892689;-46.552632859;771.0;11340;Line 111;0;290.025220394317
-23.595797168;-46.55290793;772.7;11310;Line 111;0;290.025220394317
-23.595701647;-46.553183;774.5;11280;Line 111;0;290.025220394317
-23.595606125;-46.55345807;775.8;11250;Line 111;0;290.025220394317
-23.595510603;-46.55373314;776.4;11220;Line 111;0;290.025220394317
-23.59541508;-46.554008209;777.1;11190;Line 111;0;290.025220394317
-23.595319556;-46.554283277;778.7;11160;Line 111;0;290.025220394317
-23.595224033;-46.554558346;781.1;11130;Line 111;0;290.025220394317
-23.595128508;-46.554833414;783.3;11100;Line 111;0;290.025220394317
-23.595032984;-46.555108481;784.7;11070;Line 111;0;290.025220394317
-23.594937458;-46.555383548;784.6;11040;Line 111;0;290.025220394317
-23.594841933;-46.555658615;784.2;11010;Line 111;0;290.025220394317
-23.594746407;-46.555933681;783.2;10980;Line 111;0;290.025220394317
-23.59465088;-46.556208747;780.9;10950;Line 111;0;290.025220394317
-23.594555353;-46.556483812;778.5;10920;Line 111;0;290.025220394317
-23.594459825;-46.556758877;776.2;10890;Line 111;0;290.025220394317
-23.594364297;-46.557033941;774.4;10860;Line 111;0;290.025220394317
-23.594268769;-46.557309005;772.1;10830;Line 111;0;290.025220394317
-23.59417324;-46.557584069;770.3;10800;Line 111;0;290.025220394317
-23.59407771;-46.557859132;771.1;10770;Line 111;0;290.025220394317
-23.59398218;-46.558134195;771.6;10740;Line 111;0;290.025220394317
-23.59388665;-46.558409257;771.3;10710;Line 111;0;290.025220394317
-23.593791119;-46.558684319;769.9;10680;Line 111;0;290.025220394317
-23.593695588;-46.558959381;768.3;10650;Line 111;0;290.025220394317
-23.593600056;-46.559234442;767.0;10620;Line 111;0;290.025220394317
-23.593504524;-46.559509503;766.6;10590;Line 111;0;290.025220394317
-23.593408991;-46.559784563;765.9;10560;Line 111;0;290.025220394317
-23.593313458;-46.560059623;765.2;10530;Line 111;0;290.025220394317
-23.593217925;-46.560334682;766.1;10500;Line 111;0;290.025220394317
-23.59312239;-46.560609741;766.9;10470;Line 111;0;290.025220394317
-23.593026856;-46.5608848;767.8;10440;Line 111;0;290.025220394317
-23.592931321;-46.561159858;768.6;10410;Line 111;0;290.025220394317
-23.592835785;-46.561434915;769.5;10380;Line 111;0;290.025220394317
-23.592740249;-46.561709973;770.3;10350;Line 111;0;290.025220394317
-23.592644713;-46.561985029;770.8;10320;Line 111;0;290.025220394317
-23.592549176;-46.562260086;771.3;10290;Line 111;0;290.025220394317
-23.592453639;-46.562535142;771.8;10260;Line 111;0;290.025220394317
-23.592358101;-46.562810197;772.6;10230;Line 111;0;290.025220394317
-23.592262563;-46.563085253;773.5;10200;Line 111;0;290.025220394317
-23.592167024;-46.563360307;774.5;10170;Line 111;0;290.025220394317
-23.592071485;-46.563635362;774.7;10140;Line 111;0;290.025220394317
-23.591975945;-46.563910415;775.0;10110;Line 111;0;290.025220394317
-23.591880405;-46.564185469;775.6;10080;Line 111;0;290.025220394317
-23.591784864;-46.564460522;776.7;10050;Line 111;0;290.025220394317
-23.591689323;-46.564735574;777.8;10020;Line 111;0;290.025220394317
-23.591593781;-46.565010627;778.9;9990;Line 111;0;290.025220394317
-23.591498239;-46.565285678;780.1;9960;Line 111;0;290.025220394317
-23.591402697;-46.56556073;781.5;9930;Line 111;0;290.025220394317
-23.591307154;-46.565835781;783.0;9900;Line 111;0;290.025220394317
-23.59121161;-46.566110831;783.4;9870;Line 111;0;290.025220394317
-23.591116066;-46.566385881;784.1;9840;Line 111;0;290.025220394317
-23.591020522;-46.566660931;785.1;9810;Line 111;0;290.025220394317
-23.590924977;-46.56693598;783.8;9780;Line 111;0;290.025220394317
-23.590829432;-46.567211029;782.1;9750;Line 111;0;290.025220394317
-23.590733886;-46.567486077;780.3;9720;Line 111;0;290.025220394317
-23.59063834;-46.567761125;777.9;9690;Line 111;0;290.025220394317
-23.590542793;-46.568036172;775.3;9660;Line 111;0;290.025220394317
-23.590447246;-46.56831122;772.7;9630;Line 111;0;290.025220394317
-23.590351698;-46.568586266;770.8;9600;Line 111;0;290.025220394317
-23.59025615;-46.568861312;768.9;9570;Line 111;0;290.025220394317
-23.590160602;-46.569136358;767.0;9540;Line 111;0;290.025220394317
-23.590065053;-46.569411404;765.5;9510;Line 111;0;290.025220394317
-23.589969503;-46.569686448;764.1;9480;Line 111;0;290.025220394317
-23.589873953;-46.569961493;763.1;9450;Line 111;0;290.025220394317
-23.589778403;-46.570236537;763.8;9420;Line 111;0;290.025220394317
-23.589682852;-46.570511581;764.0;9390;Line 111;0;290.025220394317
-23.5895873;-46.570786624;763.6;9360;Line 111;0;290.025220394317
-23.589491749;-46.571061667;762.8;9330;Line 111;0;290.025220394317
-23.589396196;-46.571336709;762.0;9300;Line 111;0;290.025220394317
-23.589300643;-46.571611751;760.9;9270;Line 111;0;290.025220394317
-23.58920509;-46.571886793;761.3;9240;Line 111;0;290.025220394317
-23.589109536;-46.572161834;762.2;9210;Line 111;0;290.025220394317
-23.589013982;-46.572436875;762.6;9180;Line 111;0;290.025220394317
-23.588918428;-46.572711915;763.9;9150;Line 111;0;290.025220394317
-23.588822873;-46.572986955;765.5;9120;Line 111;0;290.025220394317
-23.588727317;-46.573261994;767.1;9090;Line 111;0;290.025220394317
-23.588631761;-46.573537033;768.1;9060;Line 111;0;290.025220394317
-23.588536204;-46.573812072;769.3;9030;Line 111;0;290.025220394317
-23.588440647;-46.57408711;770.8;9000;Line 111;0;290.025220394317
-23.58834509;-46.574362148;771.7;8970;Line 111;0;290.025220394317
-23.588249532;-46.574637185;772.1;8940;Line 111;0;290.025220394317
-23.588153974;-46.574912222;772.4;8910;Line 111;0;290.025220394317
-23.588058415;-46.575187258;771.9;8880;Line 111;0;290.025220394317
-23.587962855;-46.575462294;771.3;8850;Line 111;0;290.025220394317
-23.587867296;-46.57573733;770.7;8820;Line 111;0;290.025220394317
-23.587771735;-46.576012365;769.9;8790;Line 111;0;290.025220394317
-23.587676175;-46.5762874;769.0;8760;Line 111;0;290.025220394317
-23.587580613;-46.576562434;768.3;8730;Line 111;0;290.025220394317
-23.587485052;-46.576837468;767.2;8700;Line 111;0;290.025220394317
-23.58738949;-46.577112501;765.5;8670;Line 111;0;290.025220394317
-23.587293927;-46.577387535;763.9;8640;Line 111;0;290.025220394317
-23.587198364;-46.577662567;761.4;8610;Line 111;0;290.025220394317
-23.5871028;-46.577937599;758.4;8580;Line 111;0;290.025220394317
-23.587007236;-46.578212631;755.6;8550;Line 111;0;290.025220394317
-23.586911672;-46.578487662;754.0;8520;Line 111;0;290.025220394317
-23.586816107;-46.578762693;753.3;8490;Line 111;0;290.025220394317
-23.586720542;-46.579037724;752.5;8460;Line 111;0;290.025220394317
-23.586624976;-46.579312754;751.6;8430;Line 111;0;290.025220394317
-23.586529409;-46.579587784;750.8;8400;Line 111;0;290.025220394317
-23.586433843;-46.579862813;750.0;8370;Line 111;0;290.025220394317
-23.586338275;-46.580137842;748.7;8340;Line 111;0;290.025220394317
-23.586242708;-46.58041287;746.7;8310;Line 111;0;290.025220394317
-23.586147139;-46.580687898;744.9;8280;Line 111;0;290.025220394317
-23.586051571;-46.580962925;743.9;8250;Line 111;0;290.025220394317
-23.585956002;-46.581237953;743.6;8220;Line 111;0;290.025220394317
-23.585860432;-46.581512979;743.2;8190;Line 111;0;290.025220394317
-23.585764862;-46.581788006;742.7;8160;Line 111;0;290.025220394317
-23.585669291;-46.582063031;742.2;8130;Line 111;0;290.025220394317
-23.58557372;-46.582338057;741.8;8100;Line 111;0;290.025220394317
-23.585478149;-46.582613082;741.5;8070;Line 111;0;290.025220394317
-23.585382577;-46.582888106;741.2;8040;Line 111;0;290.025220394317
-23.585287005;-46.58316313;740.8;8010;Line 111;0;290.025220394317
-23.585191432;-46.583438154;740.6;7980;Line 111;0;290.025220394317
-23.585095858;-46.583713177;741.0;7950;Line 111;0;290.025220394317
-23.585000285;-46.5839882;741.6;7920;Line 111;0;290.025220394317
-23.58490471;-46.584263223;741.9;7890;Line 111;0;290.025220394317
-23.584809136;-46.584538245;741.4;7860;Line 111;0;290.025220394317
-23.58471356;-46.584813266;740.7;7830;Line 111;0;290.025220394317
-23.584617985;-46.585088287;740.1;7800;Line 111;0;290.025220394317
-23.584522409;-46.585363308;739.9;7770;Line 111;0;290.025220394317
-23.584426832;-46.585638328;739.6;7740;Line 111;0;290.025220394317
-23.584331255;-46.585913348;739.5;7710;Line 111;0;290.025220394317
-23.584235677;-46.586188368;739.9;7680;Line 111;0;290.025220394317
-23.584140099;-46.586463387;740.5;7650;Line 111;0;290.025220394317
-23.584044521;-46.586738405;741.0;7620;Line 111;0;290.025220394317
-23.583948942;-46.587013424;741.5;7590;Line 111;0;290.025220394317
-23.583853363;-46.587288441;742.2;7560;Line 111;0;290.025220394317
-23.583757783;-46.587563459;743.0;7530;Line 111;0;290.025220394317
-23.583662202;-46.587838476;743.3;7500;Line 111;0;290.025220394317
-23.583566622;-46.588113492;743.8;7470;Line 111;0;290.025220394317
-23.58347104;-46.588388508;744.3;7440;Line 111;0;290.025220394317
-23.583375459;-46.588663524;744.4;7410;Line 111;0;290.025220394317
-23.583279876;-46.588938539;744.6;7380;Line 111;0;290.025220394317
-23.583184294;-46.589213554;744.8;7350;Line 111;0;290.025220394317
-23.583088711;-46.589488568;744.8;7320;Line 111;0;290.025220394317
-23.582993127;-46.589763582;744.9;7290;Line 111;0;290.025220394317
-23.582897543;-46.590038595;745.0;7260;Line 111;0;290.025220394317
-23.582801958;-46.590313608;744.8;7230;Line 111;0;290.025220394317
-23.582706373;-46.590588621;744.6;7200;Line 111;0;290.025220394317
-23.582610788;-46.590863633;744.2;7170;Line 111;0;290.025220394317
-23.582515202;-46.591138645;743.1;7140;Line 111;0;290.025220394317
-23.582419616;-46.591413657;742.0;7110;Line 111;0;290.025220394317
-23.582324029;-46.591688667;740.8;7080;Line 111;0;290.025220394317
-23.582228441;-46.591963678;740.2;7050;Line 111;0;290.025220394317
-23.582132854;-46.592238688;739.5;7020;Line 111;0;290.025220394317
-23.582037265;-46.592513698;738.6;6990;Line 111;0;290.025220394317
-23.581941677;-46.592788707;738.8;6960;Line 111;0;290.025220394317
-23.581846087;-46.593063716;738.7;6930;Line 111;0;290.025220394317
-23.581750498;-46.593338724;738.3;6900;Line 111;0;290.025220394317
-23.581654908;-46.593613732;738.4;6870;Line 111;0;290.025220394317
-23.581559317;-46.59388874;738.7;6840;Line 111;0;290.025220394317
-23.581463726;-46.594163747;738.8;6810;Line 111;0;290.025220394317
-23.581368134;-46.594438754;737.9;6780;Line 111;0;290.025220394317
-23.581272542;-46.59471376;737.2;6750;Line 111;0;290.025220394317
-23.58117695;-46.594988766;736.6;6720;Line 111;0;290.025220394317
-23.581081357;-46.595263771;736.7;6690;Line 111;0;290.025220394317
-23.580985764;-46.595538776;736.8;6660;Line 111;0;290.025220394317
-23.58089017;-46.595813781;736.9;6630;Line 111;0;290.025220394317
-23.580794575;-46.596088785;737.1;6600;Line 111;0;290.025220394317
-23.580698981;-46.596363789;737.3;6570;Line 111;0;290.025220394317
-23.580603385;-46.596638792;737.6;6540;Line 111;0;290.025220394317
-23.58050779;-46.596913795;737.0;6510;Line 111;0;290.025220394317
-23.580412193;-46.597188797;736.1;6480;Line 111;0;290.025220394317
-23.580316597;-46.597463799;734.9;6450;Line 111;0;290.025220394317
-23.580221;-46.597738801;734.4;6420;Line 111;0;290.025220394317
-23.580125402;-46.598013802;734.1;6390;Line 111;0;290.025220394317
-23.580029804;-46.598288803;734.0;6360;Line 111;0;290.025220394317
-23.579934205;-46.598563803;733.7;6330;Line 111;0;290.025220394317
-23.579838606;-46.598838803;733.5;6300;Line 111;0;290.025220394317
-23.579743007;-46.599113802;733.4;6270;Line 111;0;290.025220394317
-23.579647407;-46.599388801;733.8;6240;Line 111;0;290.025220394317
-23.579551807;-46.5996638;734.0;6210;Line 111;0;290.025220394317
-23.579456206;-46.599938798;734.0;6180;Line 111;0;290.025220394317
-23.579360604;-46.600213796;735.1;6150;Line 111;0;290.025220394317
-23.579265003;-46.600488793;736.7;6120;Line 111;0;290.025220394317
-23.5791694;-46.60076379;738.5;6090;Line 111;0;290.025220394317
-23.579073798;-46.601038787;739.1;6060;Line 111;0;290.025220394317
-23.578978194;-46.601313783;739.5;6030;Line 111;0;290.025220394317
-23.578882591;-46.601588778;740.2;6000;Line 111;0;290.025220394317
-23.578786987;-46.601863774;741.0;5970;Line 111;0;290.025220394317
-23.578691382;-46.602138768;741.6;5940;Line 111;0;290.025220394317
-23.578595777;-46.602413763;742.1;5910;Line 111;0;290.025220394317
-23.578500171;-46.602688757;741.7;5880;Line 111;0;290.025220394317
-23.578404565;-46.60296375;741.0;5850;Line 111;0;290.025220394317
-23.578308959;-46.603238743;740.3;5820;Line 111;0;290.025220394317
-23.578213352;-46.603513736;740.3;5790;Line 111;0;290.025220394317
-23.578117745;-46.603788728;740.5;5760;Line 111;0;290.025220394317
-23.578022137;-46.60406372;740.7;5730;Line 111;0;290.025220394317
-23.577926528;-46.604338711;741.3;5700;Line 111;0;290.025220394317
-23.57783092;-46.604613702;741.8;5670;Line 111;0;290.025220394317
-23.57773531;-46.604888693;742.2;5640;Line 111;0;290.025220394317
-23.577639701;-46.605163683;742.4;5610;Line 111;0;290.025220394317
-23.57754409;-46.605438673;742.6;5580;Line 111;0;290.025220394317
-23.57744848;-46.605713662;742.8;5550;Line 111;0;290.025220394317
-23.577352869;-46.605988651;742.7;5520;Line 111;0;290.025220394317
-23.577257257;-46.606263639;742.6;5490;Line 111;0;290.025220394317
-23.577161645;-46.606538627;742.5;5460;Line 111;0;290.025220394317
-23.577066033;-46.606813615;742.5;5430;Line 111;0;290.025220394317
-23.57697042;-46.607088602;742.2;5400;Line 111;0;290.025220394317
-23.576874806;-46.607363589;741.8;5370;Line 111;0;290.025220394317
-23.576779192;-46.607638575;740.9;5340;Line 111;0;290.025220394317
-23.576683578;-46.607913561;739.6;5310;Line 111;0;290.025220394317
-23.576587963;-46.608188546;738.3;5280;Line 111;0;290.025220394317
-23.576492348;-46.608463531;736.8;5250;Line 111;0;290.025220394317
-23.576396732;-46.608738516;735.4;5220;Line 111;0;290.025220394317
-23.576301116;-46.6090135;734.4;5190;Line 111;0;290.025220394317
-23.576205499;-46.609288484;734.5;5160;Line 111;0;290.025220394317
-23.576109882;-46.609563467;735.6;5130;Line 111;0;290.025220394317
-23.576014264;-46.60983845;736.5;5100;Line 111;0;290.025220394317
-23.575918646;-46.610113432;737.7;5070;Line 111;0;290.025220394317
-23.575823027;-46.610388414;739.3;5040;Line 111;0;290.025220394317
-23.575727408;-46.610663396;741.0;5010;Line 111;0;290.025220394317
-23.575631789;-46.610938377;742.8;4980;Line 111;0;290.025220394317
-23.575536169;-46.611213358;745.1;4950;Line 111;0;290.025220394317
-23.575440548;-46.611488338;747.5;4920;Line 111;0;290.025220394317
-23.575344927;-46.611763318;750.2;4890;Line 111;0;290.025220394317
-23.575249306;-46.612038298;753.4;4860;Line 111;0;290.025220394317
-23.575153684;-46.612313277;756.6;4830;Line 111;0;290.025220394317
-23.575058062;-46.612588255;759.9;4800;Line 111;0;290.025220394317
-23.574962439;-46.612863234;763.2;4770;Line 111;0;290.025220394317
-23.574866816;-46.613138211;766.0;4740;Line 111;0;290.025220394317
-23.574771192;-46.613413189;768.2;4710;Line 111;0;290.025220394317
-23.574675568;-46.613688166;769.8;4680;Line 111;0;290.025220394317
-23.574579943;-46.613963142;771.4;4650;Line 111;0;290.025220394317
-23.574484318;-46.614238118;773.0;4620;Line 111;0;290.025220394317
-23.574388693;-46.614513094;774.4;4590;Line 111;0;290.025220394317
-23.574293066;-46.614788069;775.6;4560;Line 111;0;290.025220394317
-23.57419744;-46.615063044;776.6;4530;Line 111;0;290.025220394317
-23.574101813;-46.615338018;778.0;4500;Line 111;0;290.025220394317
-23.574006186;-46.615612992;779.5;4470;Line 111;0;290.025220394317
-23.573910558;-46.615887966;780.7;4440;Line 111;0;290.025220394317
-23.573814929;-46.616162939;780.5;4410;Line 111;0;290.025220394317
-23.5737193;-46.616437911;780.0;4380;Line 111;0;290.025220394317
-23.573623671;-46.616712884;778.6;4350;Line 111;0;290.025220394317
-23.573528041;-46.616987855;775.0;4320;Line 111;0;290.025220394317
-23.573432411;-46.617262827;771.0;4290;Line 111;0;290.025220394317
-23.57333678;-46.617537798;766.9;4260;Line 111;0;290.025220394317
-23.573241149;-46.617812768;764.9;4230;Line 111;0;290.025220394317
-23.573145518;-46.618087739;763.3;4200;Line 111;0;290.025220394317
-23.573049886;-46.618362708;762.5;4170;Line 111;0;290.025220394317
-23.572954253;-46.618637677;764.4;4140;Line 111;0;290.025220394317
-23.57285862;-46.618912646;766.6;4110;Line 111;0;290.025220394317
-23.572762986;-46.619187615;769.5;4080;Line 111;0;290.025220394317
-23.572667352;-46.619462583;775.2;4050;Line 111;0;290.025220394317
-23.572571718;-46.61973755;781.2;4020;Line 111;0;290.025220394317
-23.572476083;-46.620012517;787.1;3990;Line 111;0;290.025220394317
-23.572380448;-46.620287484;788.2;3960;Line 111;0;290.025220394317
-23.572284812;-46.62056245;789.0;3930;Line 111;0;290.025220394317
-23.572189176;-46.620837416;789.6;3900;Line 111;0;290.025220394317
-23.572093539;-46.621112382;787.0;3870;Line 111;0;290.025220394317
-23.571997902;-46.621387347;784.2;3840;Line 111;0;290.025220394317
-23.571902264;-46.621662311;781.2;3810;Line 111;0;290.025220394317
-23.571806626;-46.621937275;780.8;3780;Line 111;0;290.025220394317
-23.571710987;-46.622212239;780.8;3750;Line 111;0;290.025220394317
-23.571615348;-46.622487202;781.0;3720;Line 111;0;290.025220394317
-23.571519709;-46.622762165;780.1;3690;Line 111;0;290.025220394317
-23.571424068;-46.623037128;779.0;3660;Line 111;0;290.025220394317
-23.571328428;-46.62331209;777.7;3630;Line 111;0;290.025220394317
-23.571232787;-46.623587051;776.6;3600;Line 111;0;290.025220394317
-23.571137146;-46.623862013;775.8;3570;Line 111;0;290.025220394317
-23.571041504;-46.624136973;775.3;3540;Line 111;0;290.025220394317
-23.570945861;-46.624411934;773.9;3510;Line 111;0;290.025220394317
-23.570850219;-46.624686894;772.7;3480;Line 111;0;290.025220394317
-23.570754575;-46.624961853;770.9;3450;Line 111;0;290.025220394317
-23.570658932;-46.625236812;764.6;3420;Line 111;0;290.025220394317
-23.570563287;-46.625511771;757.4;3390;Line 111;0;290.025220394317
-23.570467643;-46.625786729;750.1;3360;Line 111;0;290.025220394317
-23.570371997;-46.626061687;747.2;3330;Line 111;0;290.025220394317
-23.570276352;-46.626336644;745.7;3300;Line 111;0;290.025220394317
-23.570180706;-46.626611601;744.6;3270;Line 111;0;290.025220394317
-23.570085059;-46.626886558;746.2;3240;Line 111;0;290.025220394317
-23.569989412;-46.627161514;748.8;3210;Line 111;0;290.025220394317
-23.569893765;-46.627436469;751.9;3180;Line 111;0;290.025220394317
-23.569798117;-46.627711424;755.5;3150;Line 111;0;290.025220394317
-23.569702468;-46.627986379;758.8;3120;Line 111;0;290.025220394317
-23.56960682;-46.628261334;761.8;3090;Line 111;0;290.025220394317
-23.56951117;-46.628536288;761.8;3060;Line 111;0;290.025220394317
-23.56941552;-46.628811241;760.5;3030;Line 111;0;290.025220394317
-23.56931987;-46.629086194;758.7;3000;Line 111;0;290.025220394317
-23.569224219;-46.629361147;757.2;2970;Line 111;0;290.025220394317
-23.569128568;-46.629636099;756.8;2940;Line 111;0;290.025220394317
-23.569032917;-46.629911051;757.8;2910;Line 111;0;290.025220394317
-23.568937264;-46.630186002;760.5;2880;Line 111;0;290.025220394317
-23.568841612;-46.630460953;763.6;2850;Line 111;0;290.025220394317
-23.568745959;-46.630735904;766.4;2820;Line 111;0;290.025220394317
-23.568650305;-46.631010854;768.1;2790;Line 111;0;290.025220394317
-23.568554651;-46.631285804;768.5;2760;Line 111;0;290.025220394317
-23.568458997;-46.631560753;768.1;2730;Line 111;0;290.025220394317
-23.568363342;-46.631835702;766.8;2700;Line 111;0;290.025220394317
-23.568267686;-46.63211065;765.5;2670;Line 111;0;290.025220394317
-23.568172031;-46.632385598;764.8;2640;Line 111;0;290.025220394317
-23.568076374;-46.632660546;766.4;2610;Line 111;0;290.025220394317
-23.567980717;-46.632935493;769.1;2580;Line 111;0;290.025220394317
-23.56788506;-46.63321044;771.7;2550;Line 111;0;290.025220394317
-23.567789402;-46.633485386;774.9;2520;Line 111;0;290.025220394317
-23.567693744;-46.633760332;778.3;2490;Line 111;0;290.025220394317
-23.567598086;-46.634035277;781.3;2460;Line 111;0;290.025220394317
-23.567502426;-46.634310222;782.0;2430;Line 111;0;290.025220394317
-23.567406767;-46.634585167;781.2;2400;Line 111;0;290.025220394317
-23.567311107;-46.634860111;779.9;2370;Line 111;0;290.025220394317
-23.567215446;-46.635135055;779.1;2340;Line 111;0;290.025220394317
-23.567119785;-46.635409998;779.3;2310;Line 111;0;290.025220394317
-23.567024124;-46.635684941;779.8;2280;Line 111;0;290.025220394317
-23.566928462;-46.635959883;781.0;2250;Line 111;0;290.025220394317
-23.5668328;-46.636234825;782.7;2220;Line 111;0;290.025220394317
-23.566737137;-46.636509767;784.3;2190;Line 111;0;290.025220394317
-23.566641473;-46.636784708;785.1;2160;Line 111;0;290.025220394317
-23.56654581;-46.637059649;785.4;2130;Line 111;0;290.025220394317
-23.566450145;-46.637334589;785.7;2100;Line 111;0;290.025220394317
-23.566354481;-46.637609529;786.6;2070;Line 111;0;290.025220394317
-23.566258816;-46.637884468;787.8;2040;Line 111;0;290.025220394317
-23.56616315;-46.638159407;789.0;2010;Line 111;0;290.025220394317
-23.566067484;-46.638434346;791.0;1980;Line 111;0;290.025220394317
-23.565971817;-46.638709284;794.8;1950;Line 111;0;290.025220394317
-23.56587615;-46.638984222;799.0;1920;Line 111;0;290.025220394317
-23.565780483;-46.639259159;799.8;1890;Line 111;0;290.025220394317
-23.565684815;-46.639534096;794.8;1860;Line 111;0;290.025220394317
-23.565589146;-46.639809033;790.5;1830;Line 111;0;290.025220394317
-23.565493477;-46.640083969;787.2;1800;Line 111;0;290.025220394317
-23.565397808;-46.640358904;785.9;1770;Line 111;0;290.025220394317
-23.565302138;-46.64063384;785.2;1740;Line 111;0;290.025220394317
-23.565206468;-46.640908774;787.1;1710;Line 111;0;290.025220394317
-23.565110797;-46.641183709;793.8;1680;Line 111;0;290.025220394317
-23.565015126;-46.641458643;800.3;1650;Line 111;0;290.025220394317
-23.564919454;-46.641733576;805.7;1620;Line 111;0;290.025220394317
-23.564823782;-46.642008509;808.6;1590;Line 111;0;290.025220394317
-23.56472811;-46.642283442;811.5;1560;Line 111;0;290.025220394317
-23.564632436;-46.642558374;814.6;1530;Line 111;0;290.025220394317
-23.564536763;-46.642833306;818.2;1500;Line 111;0;290.025220394317
-23.564441089;-46.643108237;821.1;1470;Line 111;0;290.025220394317
-23.564345414;-46.643383168;823.0;1440;Line 111;0;290.025220394317
-23.564249739;-46.643658099;821.8;1410;Line 111;0;290.025220394317
-23.564154064;-46.643933029;820.5;1380;Line 111;0;290.025220394317
-23.564058388;-46.644207959;819.7;1350;Line 111;0;290.025220394317
-23.563962712;-46.644482888;821.2;1320;Line 111;0;290.025220394317
-23.563867035;-46.644757817;821.8;1290;Line 111;0;290.025220394317
-23.563771358;-46.645032745;821.5;1260;Line 111;0;290.025220394317
-23.56367568;-46.645307673;820.4;1230;Line 111;0;290.025220394317
-23.563580002;-46.645582601;819.1;1200;Line 111;0;290.025220394317
-23.563484323;-46.645857528;817.6;1170;Line 111;0;290.025220394317
-23.563388644;-46.646132454;817.9;1140;Line 111;0;290.025220394317
-23.563292964;-46.646407381;819.3;1110;Line 111;0;290.025220394317
-23.563197284;-46.646682306;821.7;1080;Line 111;0;290.025220394317
-23.563101604;-46.646957232;825.1;1050;Line 111;0;290.025220394317
-23.563005923;-46.647232157;828.0;1020;Line 111;0;290.025220394317
-23.562910241;-46.647507081;830.4;990;Line 111;0;290.025220394317
-23.562814559;-46.647782006;826.9;960;Line 111;0;290.025220394317
-23.562718877;-46.648056929;824.1;930;Line 111;0;290.025220394317
-23.562623194;-46.648331853;822.0;900;Line 111;0;290.025220394317
-23.562527511;-46.648606775;818.1;870;Line 111;0;290.025220394317
-23.562431827;-46.648881698;813.3;840;Line 111;0;290.025220394317
-23.562336143;-46.64915662;807.6;810;Line 111;0;290.025220394317
-23.562240458;-46.649431541;804.3;780;Line 111;0;290.025220394317
-23.562144773;-46.649706463;800.8;750;Line 111;0;290.025220394317
-23.562049087;-46.649981383;796.9;720;Line 111;0;290.025220394317
-23.561953401;-46.650256304;798.1;690;Line 111;0;290.025220394317
-23.561857715;-46.650531224;800.6;660;Line 111;0;290.025220394317
-23.561762028;-46.650806143;804.0;630;Line 111;0;290.025220394317
-23.56166634;-46.651081062;808.8;600;Line 111;0;290.025220394317
-23.561570652;-46.651355981;815.0;570;Line 111;0;290.025220394317
-23.561474964;-46.651630899;821.0;540;Line 111;0;290.025220394317
-23.561379275;-46.651905817;824.8;510;Line 111;0;290.025220394317
-23.561283585;-46.652180734;827.3;480;Line 111;0;290.025220394317
-23.561187896;-46.652455651;828.7;450;Line 111;0;290.025220394317
-23.561092205;-46.652730567;828.0;420;Line 111;0;290.025220394317
-23.560996514;-46.653005483;827.6;390;Line 111;0;290.025220394317
-23.560900823;-46.653280399;827.8;360;Line 111;0;290.025220394317
-23.560805132;-46.653555314;825.8;330;Line 111;0;290.025220394317
-23.560709439;-46.653830229;822.0;300;Line 111;0;290.025220394317
-23.560613747;-46.654105143;817.5;270;Line 111;0;290.025220394317
-23.560518054;-46.654380057;812.5;240;Line 111;0;290.025220394317
-23.56042236;-46.654654971;807.8;210;Line 111;0;290.025220394317
-23.560326666;-46.654929884;803.6;180;Line 111;0;290.025220394317
-23.560230972;-46.655204796;806.1;150;Line 111;0;290.025220394317
-23.560135277;-46.655479708;811.3;120;Line 111;0;290.025220394317
-23.560039581;-46.65575462;817.2;90;Line 111;0;290.025220394317
-23.559943885;-46.656029532;821.9;60;Line 111;0;290.025220394317
-23.559848189;-46.656304443;825.2;30;Line 111;0;290.025220394317
-23.559752492;-46.656579353;827.5;0;Line 111;0;290.025220394317
