latitude;longitude;altitude (m);distance_m;name;obstrucao;angle 
-24.140048756;-46.384284009;0.0;69960;Line 157;0;336.035435286826
-24.139800135;-46.38440124;0.0;69930;Line 157;0;336.035435286826
-24.139551515;-46.38451847;0.0;69900;Line 157;0;336.035435286826
-24.139302894;-46.3846357;0.0;69870;Line 157;0;336.035435286826
-24.139054273;-46.384752929;0.0;69840;Line 157;0;336.035435286826
-24.138805652;-46.384870158;0.0;69810;Line 157;0;336.035435286826
-24.138557031;-46.384987386;0.0;69780;Line 157;0;336.035435286826
-24.13830841;-46.385104614;0.0;69750;Line 157;0;336.035435286826
-24.138059789;-46.385221842;0.0;69720;Line 157;0;336.035435286826
-24.137811168;-46.385339069;0.0;69690;Line 157;0;336.035435286826
-24.137562547;-46.385456295;0.0;69660;Line 157;0;336.035435286826
-24.137313925;-46.385573522;0.0;69630;Line 157;0;336.035435286826
-24.137065304;-46.385690748;0.0;69600;Line 157;0;336.035435286826
-24.136816683;-46.385807973;0.0;69570;Line 157;0;336.035435286826
-24.136568061;-46.385925198;0.0;69540;Line 157;0;336.035435286826
-24.136319439;-46.386042422;0.0;69510;Line 157;0;336.035435286826
-24.136070818;-46.386159646;0.0;69480;Line 157;0;336.035435286826
-24.135822196;-46.38627687;0.0;69450;Line 157;0;336.035435286826
-24.135573574;-46.386394093;0.0;69420;Line 157;0;336.035435286826
-24.135324952;-46.386511316;0.0;69390;Line 157;0;336.035435286826
-24.13507633;-46.386628538;0.0;69360;Line 157;0;336.035435286826
-24.134827708;-46.38674576;0.0;69330;Line 157;0;336.035435286826
-24.134579086;-46.386862982;0.0;69300;Line 157;0;336.035435286826
-24.134330464;-46.386980203;0.0;69270;Line 157;0;336.035435286826
-24.134081841;-46.387097423;0.0;69240;Line 157;0;336.035435286826
-24.133833219;-46.387214644;0.0;69210;Line 157;0;336.035435286826
-24.133584596;-46.387331863;0.0;69180;Line 157;0;336.035435286826
-24.133335974;-46.387449083;0.0;69150;Line 157;0;336.035435286826
-24.133087351;-46.387566302;0.0;69120;Line 157;0;336.035435286826
-24.132838728;-46.38768352;0.0;69090;Line 157;0;336.035435286826
-24.132590106;-46.387800738;0.0;69060;Line 157;0;336.035435286826
-24.132341483;-46.387917956;0.0;69030;Line 157;0;336.035435286826
-24.13209286;-46.388035173;0.0;69000;Line 157;0;336.035435286826
-24.131844237;-46.388152389;0.0;68970;Line 157;0;336.035435286826
-24.131595614;-46.388269606;0.0;68940;Line 157;0;336.035435286826
-24.13134699;-46.388386822;0.0;68910;Line 157;0;336.035435286826
-24.131098367;-46.388504037;0.0;68880;Line 157;0;336.035435286826
-24.130849744;-46.388621252;0.0;68850;Line 157;0;336.035435286826
-24.13060112;-46.388738467;0.0;68820;Line 157;0;336.035435286826
-24.130352497;-46.388855681;0.0;68790;Line 157;0;336.035435286826
-24.130103873;-46.388972894;0.0;68760;Line 157;0;336.035435286826
-24.12985525;-46.389090108;0.0;68730;Line 157;0;336.035435286826
-24.129606626;-46.389207321;0.0;68700;Line 157;0;336.035435286826
-24.129358002;-46.389324533;0.0;68670;Line 157;0;336.035435286826
-24.129109378;-46.389441745;0.0;68640;Line 157;0;336.035435286826
-24.128860754;-46.389558956;0.0;68610;Line 157;0;336.035435286826
-24.12861213;-46.389676168;0.0;68580;Line 157;0;336.035435286826
-24.128363506;-46.389793378;0.0;68550;Line 157;0;336.035435286826
-24.128114882;-46.389910588;0.0;68520;Line 157;0;336.035435286826
-24.127866258;-46.390027798;0.0;68490;Line 157;0;336.035435286826
-24.127617633;-46.390145008;0.0;68460;Line 157;0;336.035435286826
-24.127369009;-46.390262217;0.0;68430;Line 157;0;336.035435286826
-24.127120385;-46.390379425;0.0;68400;Line 157;0;336.035435286826
-24.12687176;-46.390496633;0.0;68370;Line 157;0;336.035435286826
-24.126623135;-46.390613841;0.0;68340;Line 157;0;336.035435286826
-24.126374511;-46.390731048;0.0;68310;Line 157;0;336.035435286826
-24.126125886;-46.390848255;0.0;68280;Line 157;0;336.035435286826
-24.125877261;-46.390965461;0.0;68250;Line 157;0;336.035435286826
-24.125628636;-46.391082667;0.0;68220;Line 157;0;336.035435286826
-24.125380011;-46.391199873;0.0;68190;Line 157;0;336.035435286826
-24.125131386;-46.391317078;0.0;68160;Line 157;0;336.035435286826
-24.124882761;-46.391434282;0.0;68130;Line 157;0;336.035435286826
-24.124634135;-46.391551486;0.0;68100;Line 157;0;336.035435286826
-24.12438551;-46.39166869;0.0;68070;Line 157;0;336.035435286826
-24.124136885;-46.391785893;0.0;68040;Line 157;0;336.035435286826
-24.123888259;-46.391903096;0.0;68010;Line 157;0;336.035435286826
-24.123639634;-46.392020299;0.0;67980;Line 157;0;336.035435286826
-24.123391008;-46.392137501;0.0;67950;Line 157;0;336.035435286826
-24.123142382;-46.392254702;0.0;67920;Line 157;0;336.035435286826
-24.122893756;-46.392371904;0.0;67890;Line 157;0;336.035435286826
-24.12264513;-46.392489104;0.0;67860;Line 157;0;336.035435286826
-24.122396505;-46.392606305;0.0;67830;Line 157;0;336.035435286826
-24.122147878;-46.392723505;0.0;67800;Line 157;0;336.035435286826
-24.121899252;-46.392840704;0.0;67770;Line 157;0;336.035435286826
-24.121650626;-46.392957903;0.0;67740;Line 157;0;336.035435286826
-24.121402;-46.393075102;0.0;67710;Line 157;0;336.035435286826
-24.121153374;-46.3931923;0.0;67680;Line 157;0;336.035435286826
-24.120904747;-46.393309497;0.0;67650;Line 157;0;336.035435286826
-24.120656121;-46.393426695;0.0;67620;Line 157;0;336.035435286826
-24.120407494;-46.393543892;0.0;67590;Line 157;0;336.035435286826
-24.120158867;-46.393661088;0.0;67560;Line 157;0;336.035435286826
-24.119910241;-46.393778284;0.0;67530;Line 157;0;336.035435286826
-24.119661614;-46.393895479;0.0;67500;Line 157;0;336.035435286826
-24.119412987;-46.394012675;0.0;67470;Line 157;0;336.035435286826
-24.11916436;-46.394129869;0.0;67440;Line 157;0;336.035435286826
-24.118915733;-46.394247064;0.0;67410;Line 157;0;336.035435286826
-24.118667106;-46.394364257;0.0;67380;Line 157;0;336.035435286826
-24.118418479;-46.394481451;0.0;67350;Line 157;0;336.035435286826
-24.118169851;-46.394598644;0.0;67320;Line 157;0;336.035435286826
-24.117921224;-46.394715836;0.0;67290;Line 157;0;336.035435286826
-24.117672597;-46.394833028;0.0;67260;Line 157;0;336.035435286826
-24.117423969;-46.39495022;0.0;67230;Line 157;0;336.035435286826
-24.117175342;-46.395067411;0.0;67200;Line 157;0;336.035435286826
-24.116926714;-46.395184602;0.0;67170;Line 157;0;336.035435286826
-24.116678086;-46.395301792;0.0;67140;Line 157;0;336.035435286826
-24.116429458;-46.395418982;0.0;67110;Line 157;0;336.035435286826
-24.11618083;-46.395536172;0.0;67080;Line 157;0;336.035435286826
-24.115932203;-46.395653361;0.0;67050;Line 157;0;336.035435286826
-24.115683574;-46.39577055;0.0;67020;Line 157;0;336.035435286826
-24.115434946;-46.395887738;0.0;66990;Line 157;0;336.035435286826
-24.115186318;-46.396004926;0.0;66960;Line 157;0;336.035435286826
-24.11493769;-46.396122113;0.0;66930;Line 157;0;336.035435286826
-24.114689062;-46.3962393;0.0;66900;Line 157;0;336.035435286826
-24.114440433;-46.396356486;0.0;66870;Line 157;0;336.035435286826
-24.114191805;-46.396473672;0.0;66840;Line 157;0;336.035435286826
-24.113943176;-46.396590858;0.0;66810;Line 157;0;336.035435286826
-24.113694547;-46.396708043;0.0;66780;Line 157;0;336.035435286826
-24.113445919;-46.396825228;0.0;66750;Line 157;0;336.035435286826
-24.11319729;-46.396942412;0.0;66720;Line 157;0;336.035435286826
-24.112948661;-46.397059596;0.0;66690;Line 157;0;336.035435286826
-24.112700032;-46.39717678;0.0;66660;Line 157;0;336.035435286826
-24.112451403;-46.397293963;0.0;66630;Line 157;0;336.035435286826
-24.112202774;-46.397411145;0.0;66600;Line 157;0;336.035435286826
-24.111954145;-46.397528327;0.0;66570;Line 157;0;336.035435286826
-24.111705515;-46.397645509;0.0;66540;Line 157;0;336.035435286826
-24.111456886;-46.39776269;0.0;66510;Line 157;0;336.035435286826
-24.111208257;-46.397879871;0.0;66480;Line 157;0;336.035435286826
-24.110959627;-46.397997052;0.0;66450;Line 157;0;336.035435286826
-24.110710998;-46.398114232;0.0;66420;Line 157;0;336.035435286826
-24.110462368;-46.398231411;0.0;66390;Line 157;0;336.035435286826
-24.110213738;-46.39834859;0.0;66360;Line 157;0;336.035435286826
-24.109965108;-46.398465769;0.0;66330;Line 157;0;336.035435286826
-24.109716478;-46.398582947;0.0;66300;Line 157;0;336.035435286826
-24.109467848;-46.398700125;0.0;66270;Line 157;0;336.035435286826
-24.109219218;-46.398817303;0.0;66240;Line 157;0;336.035435286826
-24.108970588;-46.39893448;0.0;66210;Line 157;0;336.035435286826
-24.108721958;-46.399051656;0.0;66180;Line 157;0;336.035435286826
-24.108473328;-46.399168832;0.0;66150;Line 157;0;336.035435286826
-24.108224697;-46.399286008;0.0;66120;Line 157;0;336.035435286826
-24.107976067;-46.399403183;0.0;66090;Line 157;0;336.035435286826
-24.107727437;-46.399520358;0.0;66060;Line 157;0;336.035435286826
-24.107478806;-46.399637533;0.0;66030;Line 157;0;336.035435286826
-24.107230175;-46.399754706;0.0;66000;Line 157;0;336.035435286826
-24.106981545;-46.39987188;0.0;65970;Line 157;0;336.035435286826
-24.106732914;-46.399989053;0.0;65940;Line 157;0;336.035435286826
-24.106484283;-46.400106226;0.0;65910;Line 157;0;336.035435286826
-24.106235652;-46.400223398;0.0;65880;Line 157;0;336.035435286826
-24.105987021;-46.40034057;0.0;65850;Line 157;0;336.035435286826
-24.10573839;-46.400457741;0.0;65820;Line 157;0;336.035435286826
-24.105489759;-46.400574912;0.0;65790;Line 157;0;336.035435286826
-24.105241127;-46.400692083;0.0;65760;Line 157;0;336.035435286826
-24.104992496;-46.400809253;0.0;65730;Line 157;0;336.035435286826
-24.104743865;-46.400926422;0.0;65700;Line 157;0;336.035435286826
-24.104495233;-46.401043592;0.0;65670;Line 157;0;336.035435286826
-24.104246601;-46.40116076;0.0;65640;Line 157;0;336.035435286826
-24.10399797;-46.401277929;0.0;65610;Line 157;0;336.035435286826
-24.103749338;-46.401395097;0.0;65580;Line 157;0;336.035435286826
-24.103500706;-46.401512264;0.0;65550;Line 157;0;336.035435286826
-24.103252074;-46.401629431;0.0;65520;Line 157;0;336.035435286826
-24.103003442;-46.401746598;0.0;65490;Line 157;0;336.035435286826
-24.10275481;-46.401863764;0.0;65460;Line 157;0;336.035435286826
-24.102506178;-46.40198093;0.0;65430;Line 157;0;336.035435286826
-24.102257546;-46.402098095;0.0;65400;Line 157;0;336.035435286826
-24.102008914;-46.40221526;0.0;65370;Line 157;0;336.035435286826
-24.101760281;-46.402332425;0.0;65340;Line 157;0;336.035435286826
-24.101511649;-46.402449589;0.0;65310;Line 157;0;336.035435286826
-24.101263016;-46.402566752;0.0;65280;Line 157;0;336.035435286826
-24.101014384;-46.402683915;0.0;65250;Line 157;0;336.035435286826
-24.100765751;-46.402801078;0.0;65220;Line 157;0;336.035435286826
-24.100517119;-46.402918241;0.0;65190;Line 157;0;336.035435286826
-24.100268486;-46.403035402;0.0;65160;Line 157;0;336.035435286826
-24.100019853;-46.403152564;0.0;65130;Line 157;0;336.035435286826
-24.09977122;-46.403269725;0.0;65100;Line 157;0;336.035435286826
-24.099522587;-46.403386886;0.0;65070;Line 157;0;336.035435286826
-24.099273954;-46.403504046;0.0;65040;Line 157;0;336.035435286826
-24.099025321;-46.403621205;0.0;65010;Line 157;0;336.035435286826
-24.098776687;-46.403738365;0.0;64980;Line 157;0;336.035435286826
-24.098528054;-46.403855524;0.0;64950;Line 157;0;336.035435286826
-24.09827942;-46.403972682;0.0;64920;Line 157;0;336.035435286826
-24.098030787;-46.40408984;0.0;64890;Line 157;0;336.035435286826
-24.097782153;-46.404206998;0.0;64860;Line 157;0;336.035435286826
-24.09753352;-46.404324155;0.0;64830;Line 157;0;336.035435286826
-24.097284886;-46.404441312;0.0;64800;Line 157;0;336.035435286826
-24.097036252;-46.404558468;0.0;64770;Line 157;0;336.035435286826
-24.096787618;-46.404675624;0.0;64740;Line 157;0;336.035435286826
-24.096538984;-46.404792779;0.0;64710;Line 157;0;336.035435286826
-24.09629035;-46.404909934;0.0;64680;Line 157;0;336.035435286826
-24.096041716;-46.405027089;0.0;64650;Line 157;0;336.035435286826
-24.095793082;-46.405144243;0.0;64620;Line 157;0;336.035435286826
-24.095544448;-46.405261396;0.0;64590;Line 157;0;336.035435286826
-24.095295813;-46.40537855;0.0;64560;Line 157;0;336.035435286826
-24.095047179;-46.405495703;0.0;64530;Line 157;0;336.035435286826
-24.094798544;-46.405612855;0.0;64500;Line 157;0;336.035435286826
-24.09454991;-46.405730007;0.0;64470;Line 157;0;336.035435286826
-24.094301275;-46.405847158;0.0;64440;Line 157;0;336.035435286826
-24.094052641;-46.40596431;0.0;64410;Line 157;0;336.035435286826
-24.093804006;-46.40608146;0.0;64380;Line 157;0;336.035435286826
-24.093555371;-46.406198611;0.0;64350;Line 157;0;336.035435286826
-24.093306736;-46.40631576;0.0;64320;Line 157;0;336.035435286826
-24.093058101;-46.40643291;0.0;64290;Line 157;0;336.035435286826
-24.092809466;-46.406550059;0.0;64260;Line 157;0;336.035435286826
-24.092560831;-46.406667207;0.0;64230;Line 157;0;336.035435286826
-24.092312195;-46.406784355;0.0;64200;Line 157;0;336.035435286826
-24.09206356;-46.406901503;0.0;64170;Line 157;0;336.035435286826
-24.091814925;-46.40701865;0.0;64140;Line 157;0;336.035435286826
-24.091566289;-46.407135797;0.0;64110;Line 157;0;336.035435286826
-24.091317653;-46.407252943;0.0;64080;Line 157;0;336.035435286826
-24.091069018;-46.407370089;0.0;64050;Line 157;0;336.035435286826
-24.090820382;-46.407487235;0.0;64020;Line 157;0;336.035435286826
-24.090571746;-46.40760438;0.0;63990;Line 157;0;336.035435286826
-24.09032311;-46.407721525;0.0;63960;Line 157;0;336.035435286826
-24.090074474;-46.407838669;0.0;63930;Line 157;0;336.035435286826
-24.089825838;-46.407955813;0.0;63900;Line 157;0;336.035435286826
-24.089577202;-46.408072956;0.0;63870;Line 157;0;336.035435286826
-24.089328566;-46.408190099;0.0;63840;Line 157;0;336.035435286826
-24.08907993;-46.408307241;0.0;63810;Line 157;0;336.035435286826
-24.088831293;-46.408424383;0.0;63780;Line 157;0;336.035435286826
-24.088582657;-46.408541525;0.0;63750;Line 157;0;336.035435286826
-24.088334021;-46.408658666;0.0;63720;Line 157;0;336.035435286826
-24.088085384;-46.408775807;0.0;63690;Line 157;0;336.035435286826
-24.087836747;-46.408892947;0.0;63660;Line 157;0;336.035435286826
-24.087588111;-46.409010087;0.0;63630;Line 157;0;336.035435286826
-24.087339474;-46.409127227;0.0;63600;Line 157;0;336.035435286826
-24.087090837;-46.409244366;0.0;63570;Line 157;0;336.035435286826
-24.0868422;-46.409361504;0.0;63540;Line 157;0;336.035435286826
-24.086593563;-46.409478643;0.0;63510;Line 157;0;336.035435286826
-24.086344926;-46.40959578;0.0;63480;Line 157;0;336.035435286826
-24.086096289;-46.409712918;0.0;63450;Line 157;0;336.035435286826
-24.085847651;-46.409830055;0.0;63420;Line 157;0;336.035435286826
-24.085599014;-46.409947191;0.0;63390;Line 157;0;336.035435286826
-24.085350377;-46.410064327;0.0;63360;Line 157;0;336.035435286826
-24.085101739;-46.410181463;0.0;63330;Line 157;0;336.035435286826
-24.084853102;-46.410298598;0.0;63300;Line 157;0;336.035435286826
-24.084604464;-46.410415733;0.0;63270;Line 157;0;336.035435286826
-24.084355826;-46.410532867;0.0;63240;Line 157;0;336.035435286826
-24.084107188;-46.410650001;0.0;63210;Line 157;0;336.035435286826
-24.083858551;-46.410767134;0.0;63180;Line 157;0;336.035435286826
-24.083609913;-46.410884267;0.0;63150;Line 157;0;336.035435286826
-24.083361275;-46.4110014;0.0;63120;Line 157;0;336.035435286826
-24.083112637;-46.411118532;0.0;63090;Line 157;0;336.035435286826
-24.082863998;-46.411235664;0.0;63060;Line 157;0;336.035435286826
-24.08261536;-46.411352795;0.0;63030;Line 157;0;336.035435286826
-24.082366722;-46.411469926;0.0;63000;Line 157;0;336.035435286826
-24.082118083;-46.411587056;0.0;62970;Line 157;0;336.035435286826
-24.081869445;-46.411704186;0.0;62940;Line 157;0;336.035435286826
-24.081620806;-46.411821316;0.0;62910;Line 157;0;336.035435286826
-24.081372168;-46.411938445;0.0;62880;Line 157;0;336.035435286826
-24.081123529;-46.412055574;0.0;62850;Line 157;0;336.035435286826
-24.08087489;-46.412172702;0.0;62820;Line 157;0;336.035435286826
-24.080626251;-46.41228983;0.0;62790;Line 157;0;336.035435286826
-24.080377612;-46.412406957;0.0;62760;Line 157;0;336.035435286826
-24.080128973;-46.412524084;0.0;62730;Line 157;0;336.035435286826
-24.079880334;-46.412641211;0.0;62700;Line 157;0;336.035435286826
-24.079631695;-46.412758337;0.0;62670;Line 157;0;336.035435286826
-24.079383056;-46.412875463;0.0;62640;Line 157;0;336.035435286826
-24.079134416;-46.412992588;0.0;62610;Line 157;0;336.035435286826
-24.078885777;-46.413109713;0.0;62580;Line 157;0;336.035435286826
-24.078637138;-46.413226837;0.0;62550;Line 157;0;336.035435286826
-24.078388498;-46.413343961;0.0;62520;Line 157;0;336.035435286826
-24.078139858;-46.413461085;0.0;62490;Line 157;0;336.035435286826
-24.077891219;-46.413578208;0.0;62460;Line 157;0;336.035435286826
-24.077642579;-46.413695331;0.0;62430;Line 157;0;336.035435286826
-24.077393939;-46.413812453;0.0;62400;Line 157;0;336.035435286826
-24.077145299;-46.413929575;0.0;62370;Line 157;0;336.035435286826
-24.076896659;-46.414046696;0.0;62340;Line 157;0;336.035435286826
-24.076648019;-46.414163817;0.0;62310;Line 157;0;336.035435286826
-24.076399379;-46.414280938;0.0;62280;Line 157;0;336.035435286826
-24.076150739;-46.414398058;0.0;62250;Line 157;0;336.035435286826
-24.075902098;-46.414515177;0.0;62220;Line 157;0;336.035435286826
-24.075653458;-46.414632297;0.0;62190;Line 157;0;336.035435286826
-24.075404817;-46.414749415;0.0;62160;Line 157;0;336.035435286826
-24.075156177;-46.414866534;0.0;62130;Line 157;0;336.035435286826
-24.074907536;-46.414983652;0.0;62100;Line 157;0;336.035435286826
-24.074658895;-46.415100769;0.0;62070;Line 157;0;336.035435286826
-24.074410255;-46.415217886;0.0;62040;Line 157;0;336.035435286826
-24.074161614;-46.415335003;0.0;62010;Line 157;0;336.035435286826
-24.073912973;-46.415452119;0.0;61980;Line 157;0;336.035435286826
-24.073664332;-46.415569235;0.0;61950;Line 157;0;336.035435286826
-24.073415691;-46.41568635;0.0;61920;Line 157;0;336.035435286826
-24.07316705;-46.415803465;0.0;61890;Line 157;0;336.035435286826
-24.072918408;-46.41592058;0.0;61860;Line 157;0;336.035435286826
-24.072669767;-46.416037694;0.0;61830;Line 157;0;336.035435286826
-24.072421126;-46.416154808;0.0;61800;Line 157;0;336.035435286826
-24.072172484;-46.416271921;0.0;61770;Line 157;0;336.035435286826
-24.071923843;-46.416389034;0.0;61740;Line 157;0;336.035435286826
-24.071675201;-46.416506146;0.0;61710;Line 157;0;336.035435286826
-24.071426559;-46.416623258;0.0;61680;Line 157;0;336.035435286826
-24.071177918;-46.416740369;0.0;61650;Line 157;0;336.035435286826
-24.070929276;-46.416857481;0.0;61620;Line 157;0;336.035435286826
-24.070680634;-46.416974591;0.0;61590;Line 157;0;336.035435286826
-24.070431992;-46.417091701;0.0;61560;Line 157;0;336.035435286826
-24.07018335;-46.417208811;0.0;61530;Line 157;0;336.035435286826
-24.069934708;-46.41732592;0.0;61500;Line 157;0;336.035435286826
-24.069686065;-46.417443029;0.0;61470;Line 157;0;336.035435286826
-24.069437423;-46.417560138;0.0;61440;Line 157;0;336.035435286826
-24.069188781;-46.417677246;0.0;61410;Line 157;0;336.035435286826
-24.068940138;-46.417794354;0.0;61380;Line 157;0;336.035435286826
-24.068691496;-46.417911461;0.0;61350;Line 157;0;336.035435286826
-24.068442853;-46.418028568;0.0;61320;Line 157;0;336.035435286826
-24.06819421;-46.418145674;0.0;61290;Line 157;0;336.035435286826
-24.067945568;-46.41826278;0.0;61260;Line 157;0;336.035435286826
-24.067696925;-46.418379885;0.0;61230;Line 157;0;336.035435286826
-24.067448282;-46.41849699;0.0;61200;Line 157;0;336.035435286826
-24.067199639;-46.418614095;0.0;61170;Line 157;0;336.035435286826
-24.066950996;-46.418731199;0.0;61140;Line 157;0;336.035435286826
-24.066702353;-46.418848303;0.0;61110;Line 157;0;336.035435286826
-24.066453709;-46.418965406;0.0;61080;Line 157;0;336.035435286826
-24.066205066;-46.419082509;0.0;61050;Line 157;0;336.035435286826
-24.065956423;-46.419199612;0.0;61020;Line 157;0;336.035435286826
-24.065707779;-46.419316714;0.0;60990;Line 157;0;336.035435286826
-24.065459136;-46.419433815;0.0;60960;Line 157;0;336.035435286826
-24.065210492;-46.419550916;0.0;60930;Line 157;0;336.035435286826
-24.064961848;-46.419668017;0.0;60900;Line 157;0;336.035435286826
-24.064713205;-46.419785117;0.0;60870;Line 157;0;336.035435286826
-24.064464561;-46.419902217;0.0;60840;Line 157;0;336.035435286826
-24.064215917;-46.420019317;0.0;60810;Line 157;0;336.035435286826
-24.063967273;-46.420136416;0.0;60780;Line 157;0;336.035435286826
-24.063718629;-46.420253514;0.0;60750;Line 157;0;336.035435286826
-24.063469985;-46.420370613;0.0;60720;Line 157;0;336.035435286826
-24.06322134;-46.42048771;0.0;60690;Line 157;0;336.035435286826
-24.062972696;-46.420604808;0.0;60660;Line 157;0;336.035435286826
-24.062724052;-46.420721905;0.0;60630;Line 157;0;336.035435286826
-24.062475407;-46.420839001;0.0;60600;Line 157;0;336.035435286826
-24.062226763;-46.420956097;0.0;60570;Line 157;0;336.035435286826
-24.061978118;-46.421073193;0.0;60540;Line 157;0;336.035435286826
-24.061729473;-46.421190288;0.0;60510;Line 157;0;336.035435286826
-24.061480829;-46.421307382;0.0;60480;Line 157;0;336.035435286826
-24.061232184;-46.421424477;0.0;60450;Line 157;0;336.035435286826
-24.060983539;-46.421541571;0.0;60420;Line 157;0;336.035435286826
-24.060734894;-46.421658664;0.0;60390;Line 157;0;336.035435286826
-24.060486249;-46.421775757;0.0;60360;Line 157;0;336.035435286826
-24.060237604;-46.42189285;0.0;60330;Line 157;0;336.035435286826
-24.059988959;-46.422009942;0.0;60300;Line 157;0;336.035435286826
-24.059740313;-46.422127034;0.0;60270;Line 157;0;336.035435286826
-24.059491668;-46.422244125;0.0;60240;Line 157;0;336.035435286826
-24.059243022;-46.422361216;0.0;60210;Line 157;0;336.035435286826
-24.058994377;-46.422478306;0.0;60180;Line 157;0;336.035435286826
-24.058745731;-46.422595396;0.0;60150;Line 157;0;336.035435286826
-24.058497086;-46.422712486;0.0;60120;Line 157;0;336.035435286826
-24.05824844;-46.422829575;0.0;60090;Line 157;0;336.035435286826
-24.057999794;-46.422946664;0.0;60060;Line 157;0;336.035435286826
-24.057751148;-46.423063752;0.0;60030;Line 157;0;336.035435286826
-24.057502502;-46.42318084;0.0;60000;Line 157;0;336.035435286826
-24.057253856;-46.423297927;0.0;59970;Line 157;0;336.035435286826
-24.05700521;-46.423415014;0.0;59940;Line 157;0;336.035435286826
-24.056756564;-46.423532101;0.0;59910;Line 157;0;336.035435286826
-24.056507918;-46.423649187;0.0;59880;Line 157;0;336.035435286826
-24.056259271;-46.423766272;0.0;59850;Line 157;0;336.035435286826
-24.056010625;-46.423883358;0.0;59820;Line 157;0;336.035435286826
-24.055761978;-46.424000443;0.0;59790;Line 157;0;336.035435286826
-24.055513332;-46.424117527;0.0;59760;Line 157;0;336.035435286826
-24.055264685;-46.424234611;0.0;59730;Line 157;0;336.035435286826
-24.055016038;-46.424351695;0.0;59700;Line 157;0;336.035435286826
-24.054767391;-46.424468778;0.0;59670;Line 157;0;336.035435286826
-24.054518745;-46.42458586;0.0;59640;Line 157;0;336.035435286826
-24.054270098;-46.424702943;0.0;59610;Line 157;0;336.035435286826
-24.054021451;-46.424820024;0.0;59580;Line 157;0;336.035435286826
-24.053772803;-46.424937106;0.0;59550;Line 157;0;336.035435286826
-24.053524156;-46.425054187;0.0;59520;Line 157;0;336.035435286826
-24.053275509;-46.425171267;0.0;59490;Line 157;0;336.035435286826
-24.053026862;-46.425288348;0.0;59460;Line 157;0;336.035435286826
-24.052778214;-46.425405427;0.0;59430;Line 157;0;336.035435286826
-24.052529567;-46.425522506;0.0;59400;Line 157;0;336.035435286826
-24.052280919;-46.425639585;0.0;59370;Line 157;0;336.035435286826
-24.052032272;-46.425756664;0.0;59340;Line 157;0;336.035435286826
-24.051783624;-46.425873742;0.0;59310;Line 157;0;336.035435286826
-24.051534976;-46.425990819;0.0;59280;Line 157;0;336.035435286826
-24.051286328;-46.426107896;0.0;59250;Line 157;0;336.035435286826
-24.05103768;-46.426224973;0.0;59220;Line 157;0;336.035435286826
-24.050789032;-46.426342049;0.0;59190;Line 157;0;336.035435286826
-24.050540384;-46.426459125;0.0;59160;Line 157;0;336.035435286826
-24.050291736;-46.4265762;0.0;59130;Line 157;0;336.035435286826
-24.050043088;-46.426693275;0.0;59100;Line 157;0;336.035435286826
-24.049794439;-46.42681035;0.0;59070;Line 157;0;336.035435286826
-24.049545791;-46.426927424;0.0;59040;Line 157;0;336.035435286826
-24.049297142;-46.427044498;0.0;59010;Line 157;0;336.035435286826
-24.049048494;-46.427161571;0.0;58980;Line 157;0;336.035435286826
-24.048799845;-46.427278644;0.0;58950;Line 157;0;336.035435286826
-24.048551196;-46.427395716;0.0;58920;Line 157;0;336.035435286826
-24.048302548;-46.427512788;0.0;58890;Line 157;0;336.035435286826
-24.048053899;-46.42762986;0.0;58860;Line 157;0;336.035435286826
-24.04780525;-46.427746931;0.0;58830;Line 157;0;336.035435286826
-24.047556601;-46.427864001;0.0;58800;Line 157;0;336.035435286826
-24.047307952;-46.427981072;0.0;58770;Line 157;0;336.035435286826
-24.047059302;-46.428098142;0.0;58740;Line 157;0;336.035435286826
-24.046810653;-46.428215211;0.0;58710;Line 157;0;336.035435286826
-24.046562004;-46.42833228;0.0;58680;Line 157;0;336.035435286826
-24.046313354;-46.428449348;0.0;58650;Line 157;0;336.035435286826
-24.046064705;-46.428566416;0.0;58620;Line 157;0;336.035435286826
-24.045816055;-46.428683484;0.0;58590;Line 157;0;336.035435286826
-24.045567406;-46.428800551;0.0;58560;Line 157;0;336.035435286826
-24.045318756;-46.428917618;0.0;58530;Line 157;0;336.035435286826
-24.045070106;-46.429034685;0.0;58500;Line 157;0;336.035435286826
-24.044821456;-46.429151751;0.0;58470;Line 157;0;336.035435286826
-24.044572806;-46.429268816;0.0;58440;Line 157;0;336.035435286826
-24.044324156;-46.429385881;0.0;58410;Line 157;0;336.035435286826
-24.044075506;-46.429502946;0.0;58380;Line 157;0;336.035435286826
-24.043826856;-46.42962001;0.0;58350;Line 157;0;336.035435286826
-24.043578206;-46.429737074;0.0;58320;Line 157;0;336.035435286826
-24.043329556;-46.429854137;0.0;58290;Line 157;0;336.035435286826
-24.043080905;-46.4299712;0.0;58260;Line 157;0;336.035435286826
-24.042832255;-46.430088263;0.0;58230;Line 157;0;336.035435286826
-24.042583604;-46.430205325;0.0;58200;Line 157;0;336.035435286826
-24.042334954;-46.430322386;0.0;58170;Line 157;0;336.035435286826
-24.042086303;-46.430439448;0.0;58140;Line 157;0;336.035435286826
-24.041837652;-46.430556508;0.0;58110;Line 157;0;336.035435286826
-24.041589001;-46.430673569;0.0;58080;Line 157;0;336.035435286826
-24.04134035;-46.430790629;0.0;58050;Line 157;0;336.035435286826
-24.041091699;-46.430907688;0.0;58020;Line 157;0;336.035435286826
-24.040843048;-46.431024747;0.0;57990;Line 157;0;336.035435286826
-24.040594397;-46.431141806;0.0;57960;Line 157;0;336.035435286826
-24.040345746;-46.431258864;0.0;57930;Line 157;0;336.035435286826
-24.040097095;-46.431375922;0.0;57900;Line 157;0;336.035435286826
-24.039848443;-46.431492979;0.0;57870;Line 157;0;336.035435286826
-24.039599792;-46.431610036;0.0;57840;Line 157;0;336.035435286826
-24.03935114;-46.431727093;0.0;57810;Line 157;0;336.035435286826
-24.039102489;-46.431844149;0.0;57780;Line 157;0;336.035435286826
-24.038853837;-46.431961204;0.0;57750;Line 157;0;336.035435286826
-24.038605185;-46.43207826;0.0;57720;Line 157;0;336.035435286826
-24.038356533;-46.432195314;0.0;57690;Line 157;0;336.035435286826
-24.038107881;-46.432312369;0.0;57660;Line 157;0;336.035435286826
-24.037859229;-46.432429423;0.0;57630;Line 157;0;336.035435286826
-24.037610577;-46.432546476;0.0;57600;Line 157;0;336.035435286826
-24.037361925;-46.432663529;0.0;57570;Line 157;0;336.035435286826
-24.037113273;-46.432780582;0.0;57540;Line 157;0;336.035435286826
-24.036864621;-46.432897634;0.0;57510;Line 157;0;336.035435286826
-24.036615968;-46.433014686;0.0;57480;Line 157;0;336.035435286826
-24.036367316;-46.433131737;0.0;57450;Line 157;0;336.035435286826
-24.036118663;-46.433248788;0.0;57420;Line 157;0;336.035435286826
-24.035870011;-46.433365839;0.0;57390;Line 157;0;336.035435286826
-24.035621358;-46.433482889;0.0;57360;Line 157;0;336.035435286826
-24.035372705;-46.433599938;0.0;57330;Line 157;0;336.035435286826
-24.035124052;-46.433716988;0.0;57300;Line 157;0;336.035435286826
-24.0348754;-46.433834036;0.0;57270;Line 157;0;336.035435286826
-24.034626747;-46.433951085;0.0;57240;Line 157;0;336.035435286826
-24.034378094;-46.434068133;0.0;57210;Line 157;0;336.035435286826
-24.03412944;-46.43418518;0.0;57180;Line 157;0;336.035435286826
-24.033880787;-46.434302227;0.0;57150;Line 157;0;336.035435286826
-24.033632134;-46.434419274;0.0;57120;Line 157;0;336.035435286826
-24.033383481;-46.43453632;0.0;57090;Line 157;0;336.035435286826
-24.033134827;-46.434653366;0.0;57060;Line 157;0;336.035435286826
-24.032886174;-46.434770411;0.0;57030;Line 157;0;336.035435286826
-24.03263752;-46.434887456;0.0;57000;Line 157;0;336.035435286826
-24.032388866;-46.435004501;0.0;56970;Line 157;0;336.035435286826
-24.032140213;-46.435121545;0.0;56940;Line 157;0;336.035435286826
-24.031891559;-46.435238588;0.0;56910;Line 157;0;336.035435286826
-24.031642905;-46.435355632;0.0;56880;Line 157;0;336.035435286826
-24.031394251;-46.435472674;0.0;56850;Line 157;0;336.035435286826
-24.031145597;-46.435589717;0.0;56820;Line 157;0;336.035435286826
-24.030896943;-46.435706759;0.0;56790;Line 157;0;336.035435286826
-24.030648289;-46.4358238;0.0;56760;Line 157;0;336.035435286826
-24.030399634;-46.435940841;0.0;56730;Line 157;0;336.035435286826
-24.03015098;-46.436057882;0.0;56700;Line 157;0;336.035435286826
-24.029902326;-46.436174922;0.0;56670;Line 157;0;336.035435286826
-24.029653671;-46.436291962;0.0;56640;Line 157;0;336.035435286826
-24.029405016;-46.436409001;0.0;56610;Line 157;0;336.035435286826
-24.029156362;-46.43652604;0.0;56580;Line 157;0;336.035435286826
-24.028907707;-46.436643079;0.0;56550;Line 157;0;336.035435286826
-24.028659052;-46.436760117;0.0;56520;Line 157;0;336.035435286826
-24.028410397;-46.436877154;0.0;56490;Line 157;0;336.035435286826
-24.028161742;-46.436994192;0.0;56460;Line 157;0;336.035435286826
-24.027913087;-46.437111228;0.0;56430;Line 157;0;336.035435286826
-24.027664432;-46.437228265;0.0;56400;Line 157;0;336.035435286826
-24.027415777;-46.437345301;0.0;56370;Line 157;0;336.035435286826
-24.027167122;-46.437462336;0.0;56340;Line 157;0;336.035435286826
-24.026918467;-46.437579371;0.0;56310;Line 157;0;336.035435286826
-24.026669811;-46.437696406;0.0;56280;Line 157;0;336.035435286826
-24.026421156;-46.43781344;0.0;56250;Line 157;0;336.035435286826
-24.0261725;-46.437930474;0.0;56220;Line 157;0;336.035435286826
-24.025923844;-46.438047507;0.0;56190;Line 157;0;336.035435286826
-24.025675189;-46.43816454;0.0;56160;Line 157;0;336.035435286826
-24.025426533;-46.438281572;0.0;56130;Line 157;0;336.035435286826
-24.025177877;-46.438398605;0.0;56100;Line 157;0;336.035435286826
-24.024929221;-46.438515636;0.0;56070;Line 157;0;336.035435286826
-24.024680565;-46.438632667;0.0;56040;Line 157;0;336.035435286826
-24.024431909;-46.438749698;0.0;56010;Line 157;0;336.035435286826
-24.024183253;-46.438866729;0.0;55980;Line 157;0;336.035435286826
-24.023934597;-46.438983758;0.0;55950;Line 157;0;336.035435286826
-24.02368594;-46.439100788;0.0;55920;Line 157;0;336.035435286826
-24.023437284;-46.439217817;0.0;55890;Line 157;0;336.035435286826
-24.023188627;-46.439334846;0.0;55860;Line 157;0;336.035435286826
-24.022939971;-46.439451874;0.0;55830;Line 157;0;336.035435286826
-24.022691314;-46.439568902;0.0;55800;Line 157;0;336.035435286826
-24.022442658;-46.439685929;0.0;55770;Line 157;0;336.035435286826
-24.022194001;-46.439802956;0.0;55740;Line 157;0;336.035435286826
-24.021945344;-46.439919982;0.0;55710;Line 157;0;336.035435286826
-24.021696687;-46.440037008;0.0;55680;Line 157;0;336.035435286826
-24.02144803;-46.440154034;0.0;55650;Line 157;0;336.035435286826
-24.021199373;-46.440271059;0.0;55620;Line 157;0;336.035435286826
-24.020950716;-46.440388084;0.0;55590;Line 157;0;336.035435286826
-24.020702059;-46.440505108;0.0;55560;Line 157;0;336.035435286826
-24.020453401;-46.440622132;0.0;55530;Line 157;0;336.035435286826
-24.020204744;-46.440739156;0.0;55500;Line 157;0;336.035435286826
-24.019956086;-46.440856179;0.1;55470;Line 157;0;336.035435286826
-24.019707429;-46.440973201;0.9;55440;Line 157;0;336.035435286826
-24.019458771;-46.441090224;2.1;55410;Line 157;0;336.035435286826
-24.019210114;-46.441207245;3.6;55380;Line 157;0;336.035435286826
-24.018961456;-46.441324267;9.2;55350;Line 157;0;336.035435286826
-24.018712798;-46.441441288;15.9;55320;Line 157;0;336.035435286826
-24.01846414;-46.441558308;22.9;55290;Line 157;0;336.035435286826
-24.018215482;-46.441675328;25.2;55260;Line 157;0;336.035435286826
-24.017966824;-46.441792348;21.0;55230;Line 157;0;336.035435286826
-24.017718166;-46.441909367;17.0;55200;Line 157;0;336.035435286826
-24.017469508;-46.442026386;13.6;55170;Line 157;0;336.035435286826
-24.017220849;-46.442143404;12.5;55140;Line 157;0;336.035435286826
-24.016972191;-46.442260422;11.7;55110;Line 157;0;336.035435286826
-24.016723533;-46.44237744;11.1;55080;Line 157;0;336.035435286826
-24.016474874;-46.442494457;13.3;55050;Line 157;0;336.035435286826
-24.016226216;-46.442611473;15.5;55020;Line 157;0;336.035435286826
-24.015977557;-46.44272849;17.1;54990;Line 157;0;336.035435286826
-24.015728898;-46.442845505;16.5;54960;Line 157;0;336.035435286826
-24.015480239;-46.442962521;13.8;54930;Line 157;0;336.035435286826
-24.01523158;-46.443079536;11.5;54900;Line 157;0;336.035435286826
-24.014982921;-46.44319655;9.7;54870;Line 157;0;336.035435286826
-24.014734262;-46.443313564;9.4;54840;Line 157;0;336.035435286826
-24.014485603;-46.443430578;9.6;54810;Line 157;0;336.035435286826
-24.014236944;-46.443547591;9.9;54780;Line 157;0;336.035435286826
-24.013988285;-46.443664604;9.7;54750;Line 157;0;336.035435286826
-24.013739625;-46.443781616;9.2;54720;Line 157;0;336.035435286826
-24.013490966;-46.443898628;8.6;54690;Line 157;0;336.035435286826
-24.013242306;-46.44401564;8.1;54660;Line 157;0;336.035435286826
-24.012993647;-46.444132651;7.7;54630;Line 157;0;336.035435286826
-24.012744987;-46.444249661;7.3;54600;Line 157;0;336.035435286826
-24.012496328;-46.444366672;7.0;54570;Line 157;0;336.035435286826
-24.012247668;-46.444483681;7.3;54540;Line 157;0;336.035435286826
-24.011999008;-46.444600691;7.6;54510;Line 157;0;336.035435286826
-24.011750348;-46.4447177;7.9;54480;Line 157;0;336.035435286826
-24.011501688;-46.444834708;8.0;54450;Line 157;0;336.035435286826
-24.011253028;-46.444951716;8.0;54420;Line 157;0;336.035435286826
-24.011004368;-46.445068724;8.1;54390;Line 157;0;336.035435286826
-24.010755707;-46.445185731;8.3;54360;Line 157;0;336.035435286826
-24.010507047;-46.445302738;8.8;54330;Line 157;0;336.035435286826
-24.010258387;-46.445419744;9.2;54300;Line 157;0;336.035435286826
-24.010009726;-46.44553675;9.6;54270;Line 157;0;336.035435286826
-24.009761065;-46.445653756;9.8;54240;Line 157;0;336.035435286826
-24.009512405;-46.445770761;9.9;54210;Line 157;0;336.035435286826
-24.009263744;-46.445887765;9.9;54180;Line 157;0;336.035435286826
-24.009015083;-46.44600477;9.6;54150;Line 157;0;336.035435286826
-24.008766422;-46.446121773;9.5;54120;Line 157;0;336.035435286826
-24.008517762;-46.446238777;9.4;54090;Line 157;0;336.035435286826
-24.008269101;-46.44635578;9.3;54060;Line 157;0;336.035435286826
-24.008020439;-46.446472782;8.9;54030;Line 157;0;336.035435286826
-24.007771778;-46.446589784;8.5;54000;Line 157;0;336.035435286826
-24.007523117;-46.446706786;8.0;53970;Line 157;0;336.035435286826
-24.007274456;-46.446823787;7.8;53940;Line 157;0;336.035435286826
-24.007025794;-46.446940788;7.6;53910;Line 157;0;336.035435286826
-24.006777133;-46.447057788;7.5;53880;Line 157;0;336.035435286826
-24.006528471;-46.447174788;7.7;53850;Line 157;0;336.035435286826
-24.00627981;-46.447291788;8.0;53820;Line 157;0;336.035435286826
-24.006031148;-46.447408787;8.1;53790;Line 157;0;336.035435286826
-24.005782486;-46.447525785;8.0;53760;Line 157;0;336.035435286826
-24.005533824;-46.447642784;7.8;53730;Line 157;0;336.035435286826
-24.005285162;-46.447759781;7.7;53700;Line 157;0;336.035435286826
-24.0050365;-46.447876779;7.5;53670;Line 157;0;336.035435286826
-24.004787838;-46.447993776;6.9;53640;Line 157;0;336.035435286826
-24.004539176;-46.448110772;6.2;53610;Line 157;0;336.035435286826
-24.004290514;-46.448227768;5.4;53580;Line 157;0;336.035435286826
-24.004041852;-46.448344764;5.2;53550;Line 157;0;336.035435286826
-24.003793189;-46.448461759;5.7;53520;Line 157;0;336.035435286826
-24.003544527;-46.448578754;6.3;53490;Line 157;0;336.035435286826
-24.003295864;-46.448695748;6.8;53460;Line 157;0;336.035435286826
-24.003047202;-46.448812742;7.0;53430;Line 157;0;336.035435286826
-24.002798539;-46.448929736;7.0;53400;Line 157;0;336.035435286826
-24.002549876;-46.449046729;6.9;53370;Line 157;0;336.035435286826
-24.002301213;-46.449163722;6.8;53340;Line 157;0;336.035435286826
-24.002052551;-46.449280714;6.5;53310;Line 157;0;336.035435286826
-24.001803888;-46.449397706;6.4;53280;Line 157;0;336.035435286826
-24.001555225;-46.449514697;6.4;53250;Line 157;0;336.035435286826
-24.001306561;-46.449631688;6.6;53220;Line 157;0;336.035435286826
-24.001057898;-46.449748679;6.7;53190;Line 157;0;336.035435286826
-24.000809235;-46.449865669;6.8;53160;Line 157;0;336.035435286826
-24.000560572;-46.449982658;7.0;53130;Line 157;0;336.035435286826
-24.000311908;-46.450099648;7.0;53100;Line 157;0;336.035435286826
-24.000063245;-46.450216636;7.0;53070;Line 157;0;336.035435286826
-23.999814581;-46.450333625;7.1;53040;Line 157;0;336.035435286826
-23.999565917;-46.450450613;7.2;53010;Line 157;0;336.035435286826
-23.999317254;-46.4505676;7.3;52980;Line 157;0;336.035435286826
-23.99906859;-46.450684587;6.8;52950;Line 157;0;336.035435286826
-23.998819926;-46.450801574;5.8;52920;Line 157;0;336.035435286826
-23.998571262;-46.45091856;5.1;52890;Line 157;0;336.035435286826
-23.998322598;-46.451035546;4.7;52860;Line 157;0;336.035435286826
-23.998073934;-46.451152532;5.3;52830;Line 157;0;336.035435286826
-23.99782527;-46.451269517;5.9;52800;Line 157;0;336.035435286826
-23.997576605;-46.451386501;6.3;52770;Line 157;0;336.035435286826
-23.997327941;-46.451503485;6.7;52740;Line 157;0;336.035435286826
-23.997079277;-46.451620469;6.9;52710;Line 157;0;336.035435286826
-23.996830612;-46.451737452;7.1;52680;Line 157;0;336.035435286826
-23.996581948;-46.451854435;7.1;52650;Line 157;0;336.035435286826
-23.996333283;-46.451971417;6.8;52620;Line 157;0;336.035435286826
-23.996084618;-46.452088399;6.5;52590;Line 157;0;336.035435286826
-23.995835953;-46.452205381;6.0;52560;Line 157;0;336.035435286826
-23.995587289;-46.452322362;5.7;52530;Line 157;0;336.035435286826
-23.995338624;-46.452439343;5.4;52500;Line 157;0;336.035435286826
-23.995089959;-46.452556323;5.2;52470;Line 157;0;336.035435286826
-23.994841293;-46.452673303;5.4;52440;Line 157;0;336.035435286826
-23.994592628;-46.452790282;5.7;52410;Line 157;0;336.035435286826
-23.994343963;-46.452907261;5.9;52380;Line 157;0;336.035435286826
-23.994095298;-46.45302424;6.0;52350;Line 157;0;336.035435286826
-23.993846632;-46.453141218;6.2;52320;Line 157;0;336.035435286826
-23.993597967;-46.453258196;6.6;52290;Line 157;0;336.035435286826
-23.993349301;-46.453375173;6.9;52260;Line 157;0;336.035435286826
-23.993100636;-46.45349215;6.0;52230;Line 157;0;336.035435286826
-23.99285197;-46.453609126;5.1;52200;Line 157;0;336.035435286826
-23.992603304;-46.453726102;4.3;52170;Line 157;0;336.035435286826
-23.992354638;-46.453843078;3.9;52140;Line 157;0;336.035435286826
-23.992105972;-46.453960053;3.6;52110;Line 157;0;336.035435286826
-23.991857306;-46.454077027;3.3;52080;Line 157;0;336.035435286826
-23.99160864;-46.454194002;3.2;52050;Line 157;0;336.035435286826
-23.991359974;-46.454310976;3.9;52020;Line 157;0;336.035435286826
-23.991111308;-46.454427949;4.5;51990;Line 157;0;336.035435286826
-23.990862642;-46.454544922;5.0;51960;Line 157;0;336.035435286826
-23.990613975;-46.454661895;4.6;51930;Line 157;0;336.035435286826
-23.990365309;-46.454778867;4.5;51900;Line 157;0;336.035435286826
-23.990116642;-46.454895838;4.7;51870;Line 157;0;336.035435286826
-23.989867976;-46.45501281;5.0;51840;Line 157;0;336.035435286826
-23.989619309;-46.455129781;5.4;51810;Line 157;0;336.035435286826
-23.989370642;-46.455246751;5.8;51780;Line 157;0;336.035435286826
-23.989121975;-46.455363721;6.4;51750;Line 157;0;336.035435286826
-23.988873309;-46.455480691;7.0;51720;Line 157;0;336.035435286826
-23.988624642;-46.45559766;7.5;51690;Line 157;0;336.035435286826
-23.988375974;-46.455714628;7.8;51660;Line 157;0;336.035435286826
-23.988127307;-46.455831597;7.8;51630;Line 157;0;336.035435286826
-23.98787864;-46.455948565;7.5;51600;Line 157;0;336.035435286826
-23.987629973;-46.456065532;7.2;51570;Line 157;0;336.035435286826
-23.987381306;-46.456182499;7.0;51540;Line 157;0;336.035435286826
-23.987132638;-46.456299466;7.1;51510;Line 157;0;336.035435286826
-23.986883971;-46.456416432;7.3;51480;Line 157;0;336.035435286826
-23.986635303;-46.456533397;7.7;51450;Line 157;0;336.035435286826
-23.986386635;-46.456650363;8.0;51420;Line 157;0;336.035435286826
-23.986137968;-46.456767328;8.3;51390;Line 157;0;336.035435286826
-23.9858893;-46.456884292;8.8;51360;Line 157;0;336.035435286826
-23.985640632;-46.457001256;8.9;51330;Line 157;0;336.035435286826
-23.985391964;-46.45711822;8.8;51300;Line 157;0;336.035435286826
-23.985143296;-46.457235183;8.4;51270;Line 157;0;336.035435286826
-23.984894628;-46.457352146;7.7;51240;Line 157;0;336.035435286826
-23.98464596;-46.457469108;7.2;51210;Line 157;0;336.035435286826
-23.984397291;-46.45758607;6.6;51180;Line 157;0;336.035435286826
-23.984148623;-46.457703031;6.5;51150;Line 157;0;336.035435286826
-23.983899955;-46.457819992;7.5;51120;Line 157;0;336.035435286826
-23.983651286;-46.457936953;8.6;51090;Line 157;0;336.035435286826
-23.983402618;-46.458053913;9.8;51060;Line 157;0;336.035435286826
-23.983153949;-46.458170873;10.5;51030;Line 157;0;336.035435286826
-23.98290528;-46.458287832;10.9;51000;Line 157;0;336.035435286826
-23.982656611;-46.458404791;10.9;50970;Line 157;0;336.035435286826
-23.982407943;-46.45852175;10.4;50940;Line 157;0;336.035435286826
-23.982159274;-46.458638708;9.1;50910;Line 157;0;336.035435286826
-23.981910605;-46.458755665;8.0;50880;Line 157;0;336.035435286826
-23.981661935;-46.458872622;7.0;50850;Line 157;0;336.035435286826
-23.981413266;-46.458989579;6.7;50820;Line 157;0;336.035435286826
-23.981164597;-46.459106535;6.4;50790;Line 157;0;336.035435286826
-23.980915928;-46.459223491;6.1;50760;Line 157;0;336.035435286826
-23.980667258;-46.459340447;6.1;50730;Line 157;0;336.035435286826
-23.980418589;-46.459457402;6.3;50700;Line 157;0;336.035435286826
-23.980169919;-46.459574357;6.8;50670;Line 157;0;336.035435286826
-23.97992125;-46.459691311;7.2;50640;Line 157;0;336.035435286826
-23.97967258;-46.459808264;7.2;50610;Line 157;0;336.035435286826
-23.97942391;-46.459925218;7.2;50580;Line 157;0;336.035435286826
-23.97917524;-46.460042171;7.0;50550;Line 157;0;336.035435286826
-23.978926571;-46.460159123;6.6;50520;Line 157;0;336.035435286826
-23.978677901;-46.460276075;6.0;50490;Line 157;0;336.035435286826
-23.97842923;-46.460393027;5.3;50460;Line 157;0;336.035435286826
-23.97818056;-46.460509978;5.0;50430;Line 157;0;336.035435286826
-23.97793189;-46.460626929;5.2;50400;Line 157;0;336.035435286826
-23.97768322;-46.460743879;5.6;50370;Line 157;0;336.035435286826
-23.977434549;-46.460860829;6.0;50340;Line 157;0;336.035435286826
-23.977185879;-46.460977779;6.0;50310;Line 157;0;336.035435286826
-23.976937208;-46.461094728;6.1;50280;Line 157;0;336.035435286826
-23.976688538;-46.461211676;6.4;50250;Line 157;0;336.035435286826
-23.976439867;-46.461328625;6.9;50220;Line 157;0;336.035435286826
-23.976191196;-46.461445572;7.2;50190;Line 157;0;336.035435286826
-23.975942526;-46.46156252;7.2;50160;Line 157;0;336.035435286826
-23.975693855;-46.461679467;7.3;50130;Line 157;0;336.035435286826
-23.975445184;-46.461796413;7.9;50100;Line 157;0;336.035435286826
-23.975196513;-46.461913359;8.5;50070;Line 157;0;336.035435286826
-23.974947842;-46.462030305;9.1;50040;Line 157;0;336.035435286826
-23.97469917;-46.46214725;9.7;50010;Line 157;0;336.035435286826
-23.974450499;-46.462264195;10.3;49980;Line 157;0;336.035435286826
-23.974201828;-46.462381139;10.9;49950;Line 157;0;336.035435286826
-23.973953156;-46.462498083;10.7;49920;Line 157;0;336.035435286826
-23.973704485;-46.462615027;10.5;49890;Line 157;0;336.035435286826
-23.973455813;-46.46273197;10.3;49860;Line 157;0;336.035435286826
-23.973207142;-46.462848913;9.9;49830;Line 157;0;336.035435286826
-23.97295847;-46.462965855;9.0;49800;Line 157;0;336.035435286826
-23.972709798;-46.463082797;7.9;49770;Line 157;0;336.035435286826
-23.972461126;-46.463199738;7.1;49740;Line 157;0;336.035435286826
-23.972212454;-46.463316679;7.4;49710;Line 157;0;336.035435286826
-23.971963782;-46.46343362;7.6;49680;Line 157;0;336.035435286826
-23.97171511;-46.46355056;7.7;49650;Line 157;0;336.035435286826
-23.971466438;-46.463667499;7.3;49620;Line 157;0;336.035435286826
-23.971217766;-46.463784439;6.6;49590;Line 157;0;336.035435286826
-23.970969093;-46.463901377;5.9;49560;Line 157;0;336.035435286826
-23.970720421;-46.464018316;5.4;49530;Line 157;0;336.035435286826
-23.970471749;-46.464135254;5.5;49500;Line 157;0;336.035435286826
-23.970223076;-46.464252191;5.8;49470;Line 157;0;336.035435286826
-23.969974403;-46.464369128;6.0;49440;Line 157;0;336.035435286826
-23.969725731;-46.464486065;6.1;49410;Line 157;0;336.035435286826
-23.969477058;-46.464603001;6.0;49380;Line 157;0;336.035435286826
-23.969228385;-46.464719937;5.7;49350;Line 157;0;336.035435286826
-23.968979712;-46.464836873;5.3;49320;Line 157;0;336.035435286826
-23.968731039;-46.464953808;5.1;49290;Line 157;0;336.035435286826
-23.968482366;-46.465070742;5.1;49260;Line 157;0;336.035435286826
-23.968233693;-46.465187676;5.3;49230;Line 157;0;336.035435286826
-23.96798502;-46.46530461;5.5;49200;Line 157;0;336.035435286826
-23.967736346;-46.465421543;5.5;49170;Line 157;0;336.035435286826
-23.967487673;-46.465538476;5.4;49140;Line 157;0;336.035435286826
-23.967238999;-46.465655409;6.8;49110;Line 157;0;336.035435286826
-23.966990326;-46.465772341;8.6;49080;Line 157;0;336.035435286826
-23.966741652;-46.465889272;10.5;49050;Line 157;0;336.035435286826
-23.966492979;-46.466006203;10.5;49020;Line 157;0;336.035435286826
-23.966244305;-46.466123134;9.8;48990;Line 157;0;336.035435286826
-23.965995631;-46.466240064;9.4;48960;Line 157;0;336.035435286826
-23.965746957;-46.466356994;9.2;48930;Line 157;0;336.035435286826
-23.965498283;-46.466473924;9.2;48900;Line 157;0;336.035435286826
-23.965249609;-46.466590853;9.2;48870;Line 157;0;336.035435286826
-23.965000935;-46.466707781;9.1;48840;Line 157;0;336.035435286826
-23.964752261;-46.466824709;9.7;48810;Line 157;0;336.035435286826
-23.964503587;-46.466941637;10.1;48780;Line 157;0;336.035435286826
-23.964254912;-46.467058565;10.4;48750;Line 157;0;336.035435286826
-23.964006238;-46.467175491;10.1;48720;Line 157;0;336.035435286826
-23.963757563;-46.467292418;9.6;48690;Line 157;0;336.035435286826
-23.963508889;-46.467409344;9.2;48660;Line 157;0;336.035435286826
-23.963260214;-46.467526269;8.8;48630;Line 157;0;336.035435286826
-23.963011539;-46.467643195;8.1;48600;Line 157;0;336.035435286826
-23.962762864;-46.467760119;7.5;48570;Line 157;0;336.035435286826
-23.96251419;-46.467877044;6.9;48540;Line 157;0;336.035435286826
-23.962265515;-46.467993968;7.0;48510;Line 157;0;336.035435286826
-23.96201684;-46.468110891;7.0;48480;Line 157;0;336.035435286826
-23.961768165;-46.468227814;7.0;48450;Line 157;0;336.035435286826
-23.961519489;-46.468344737;6.7;48420;Line 157;0;336.035435286826
-23.961270814;-46.468461659;6.3;48390;Line 157;0;336.035435286826
-23.961022139;-46.468578581;6.0;48360;Line 157;0;336.035435286826
-23.960773463;-46.468695502;5.9;48330;Line 157;0;336.035435286826
-23.960524788;-46.468812423;6.3;48300;Line 157;0;336.035435286826
-23.960276112;-46.468929343;6.6;48270;Line 157;0;336.035435286826
-23.960027437;-46.469046264;6.9;48240;Line 157;0;336.035435286826
-23.959778761;-46.469163183;7.0;48210;Line 157;0;336.035435286826
-23.959530085;-46.469280102;6.9;48180;Line 157;0;336.035435286826
-23.959281409;-46.469397021;7.0;48150;Line 157;0;336.035435286826
-23.959032733;-46.469513939;7.3;48120;Line 157;0;336.035435286826
-23.958784057;-46.469630857;7.9;48090;Line 157;0;336.035435286826
-23.958535381;-46.469747775;8.2;48060;Line 157;0;336.035435286826
-23.958286705;-46.469864692;8.3;48030;Line 157;0;336.035435286826
-23.958038029;-46.469981609;7.7;48000;Line 157;0;336.035435286826
-23.957789353;-46.470098525;7.0;47970;Line 157;0;336.035435286826
-23.957540676;-46.470215441;6.5;47940;Line 157;0;336.035435286826
-23.957292;-46.470332356;5.9;47910;Line 157;0;336.035435286826
-23.957043323;-46.470449271;5.4;47880;Line 157;0;336.035435286826
-23.956794647;-46.470566185;5.1;47850;Line 157;0;336.035435286826
-23.95654597;-46.4706831;5.0;47820;Line 157;0;336.035435286826
-23.956297293;-46.470800013;5.0;47790;Line 157;0;336.035435286826
-23.956048616;-46.470916926;5.0;47760;Line 157;0;336.035435286826
-23.955799939;-46.471033839;5.0;47730;Line 157;0;336.035435286826
-23.955551263;-46.471150752;5.1;47700;Line 157;0;336.035435286826
-23.955302585;-46.471267664;5.3;47670;Line 157;0;336.035435286826
-23.955053908;-46.471384575;5.6;47640;Line 157;0;336.035435286826
-23.954805231;-46.471501486;5.6;47610;Line 157;0;336.035435286826
-23.954556554;-46.471618397;5.4;47580;Line 157;0;336.035435286826
-23.954307876;-46.471735307;5.3;47550;Line 157;0;336.035435286826
-23.954059199;-46.471852217;5.2;47520;Line 157;0;336.035435286826
-23.953810522;-46.471969126;5.4;47490;Line 157;0;336.035435286826
-23.953561844;-46.472086035;5.5;47460;Line 157;0;336.035435286826
-23.953313166;-46.472202944;5.7;47430;Line 157;0;336.035435286826
-23.953064489;-46.472319852;6.7;47400;Line 157;0;336.035435286826
-23.952815811;-46.47243676;7.7;47370;Line 157;0;336.035435286826
-23.952567133;-46.472553667;8.7;47340;Line 157;0;336.035435286826
-23.952318455;-46.472670574;8.6;47310;Line 157;0;336.035435286826
-23.952069777;-46.47278748;8.1;47280;Line 157;0;336.035435286826
-23.951821099;-46.472904386;7.7;47250;Line 157;0;336.035435286826
-23.951572421;-46.473021292;7.2;47220;Line 157;0;336.035435286826
-23.951323742;-46.473138197;6.3;47190;Line 157;0;336.035435286826
-23.951075064;-46.473255102;5.2;47160;Line 157;0;336.035435286826
-23.950826386;-46.473372006;4.1;47130;Line 157;0;336.035435286826
-23.950577707;-46.47348891;4.3;47100;Line 157;0;336.035435286826
-23.950329029;-46.473605813;4.6;47070;Line 157;0;336.035435286826
-23.95008035;-46.473722716;4.9;47040;Line 157;0;336.035435286826
-23.949831671;-46.473839619;5.5;47010;Line 157;0;336.035435286826
-23.949582993;-46.473956521;6.0;46980;Line 157;0;336.035435286826
-23.949334314;-46.474073423;6.1;46950;Line 157;0;336.035435286826
-23.949085635;-46.474190324;6.3;46920;Line 157;0;336.035435286826
-23.948836956;-46.474307225;7.3;46890;Line 157;0;336.035435286826
-23.948588277;-46.474424125;8.2;46860;Line 157;0;336.035435286826
-23.948339597;-46.474541026;9.0;46830;Line 157;0;336.035435286826
-23.948090918;-46.474657925;12.2;46800;Line 157;0;336.035435286826
-23.947842239;-46.474774824;16.6;46770;Line 157;0;336.035435286826
-23.94759356;-46.474891723;22.4;46740;Line 157;0;336.035435286826
-23.94734488;-46.475008621;30.6;46710;Line 157;0;336.035435286826
-23.947096201;-46.475125519;38.4;46680;Line 157;0;336.035435286826
-23.946847521;-46.475242417;44.6;46650;Line 157;0;336.035435286826
-23.946598841;-46.475359314;46.9;46620;Line 157;0;336.035435286826
-23.946350162;-46.47547621;42.1;46590;Line 157;0;336.035435286826
-23.946101482;-46.475593107;36.4;46560;Line 157;0;336.035435286826
-23.945852802;-46.475710002;29.8;46530;Line 157;0;336.035435286826
-23.945604122;-46.475826898;21.9;46500;Line 157;0;336.035435286826
-23.945355442;-46.475943793;15.2;46470;Line 157;0;336.035435286826
-23.945106762;-46.476060687;9.9;46440;Line 157;0;336.035435286826
-23.944858082;-46.476177581;8.3;46410;Line 157;0;336.035435286826
-23.944609401;-46.476294475;9.0;46380;Line 157;0;336.035435286826
-23.944360721;-46.476411368;9.8;46350;Line 157;0;336.035435286826
-23.94411204;-46.476528261;10.6;46320;Line 157;0;336.035435286826
-23.94386336;-46.476645153;10.6;46290;Line 157;0;336.035435286826
-23.943614679;-46.476762045;10.2;46260;Line 157;0;336.035435286826
-23.943365999;-46.476878937;9.6;46230;Line 157;0;336.035435286826
-23.943117318;-46.476995828;8.7;46200;Line 157;0;336.035435286826
-23.942868637;-46.477112718;7.8;46170;Line 157;0;336.035435286826
-23.942619956;-46.477229609;6.9;46140;Line 157;0;336.035435286826
-23.942371275;-46.477346498;6.5;46110;Line 157;0;336.035435286826
-23.942122594;-46.477463388;6.5;46080;Line 157;0;336.035435286826
-23.941873913;-46.477580277;6.7;46050;Line 157;0;336.035435286826
-23.941625232;-46.477697165;7.0;46020;Line 157;0;336.035435286826
-23.941376551;-46.477814053;7.0;45990;Line 157;0;336.035435286826
-23.94112787;-46.477930941;7.0;45960;Line 157;0;336.035435286826
-23.940879188;-46.478047828;7.0;45930;Line 157;0;336.035435286826
-23.940630507;-46.478164715;7.0;45900;Line 157;0;336.035435286826
-23.940381825;-46.478281602;7.0;45870;Line 157;0;336.035435286826
-23.940133143;-46.478398488;7.1;45840;Line 157;0;336.035435286826
-23.939884462;-46.478515373;7.4;45810;Line 157;0;336.035435286826
-23.93963578;-46.478632258;8.6;45780;Line 157;0;336.035435286826
-23.939387098;-46.478749143;10.8;45750;Line 157;0;336.035435286826
-23.939138416;-46.478866027;14.5;45720;Line 157;0;336.035435286826
-23.938889734;-46.478982911;24.5;45690;Line 157;0;336.035435286826
-23.938641052;-46.479099795;36.2;45660;Line 157;0;336.035435286826
-23.93839237;-46.479216678;48.4;45630;Line 157;0;336.035435286826
-23.938143688;-46.47933356;59.6;45600;Line 157;0;336.035435286826
-23.937895006;-46.479450442;70.6;45570;Line 157;0;336.035435286826
-23.937646323;-46.479567324;81.3;45540;Line 157;0;336.035435286826
-23.937397641;-46.479684205;92.2;45510;Line 157;0;336.035435286826
-23.937148958;-46.479801086;103.2;45480;Line 157;0;336.035435286826
-23.936900276;-46.479917967;113.7;45450;Line 157;0;336.035435286826
-23.936651593;-46.480034847;122.4;45420;Line 157;0;336.035435286826
-23.93640291;-46.480151726;127.5;45390;Line 157;0;336.035435286826
-23.936154227;-46.480268605;133.0;45360;Line 157;0;336.035435286826
-23.935905544;-46.480385484;139.1;45330;Line 157;0;336.035435286826
-23.935656862;-46.480502362;142.0;45300;Line 157;0;336.035435286826
-23.935408178;-46.48061924;142.7;45270;Line 157;0;336.035435286826
-23.935159495;-46.480736118;142.5;45240;Line 157;0;336.035435286826
-23.934910812;-46.480852995;138.5;45210;Line 157;0;336.035435286826
-23.934662129;-46.480969871;129.6;45180;Line 157;0;336.035435286826
-23.934413446;-46.481086748;122.5;45150;Line 157;0;336.035435286826
-23.934164762;-46.481203623;117.1;45120;Line 157;0;336.035435286826
-23.933916079;-46.481320499;116.2;45090;Line 157;0;336.035435286826
-23.933667395;-46.481437374;116.3;45060;Line 157;0;336.035435286826
-23.933418711;-46.481554248;117.2;45030;Line 157;0;336.035435286826
-23.933170028;-46.481671122;118.7;45000;Line 157;0;336.035435286826
-23.932921344;-46.481787996;120.9;44970;Line 157;0;336.035435286826
-23.93267266;-46.481904869;123.2;44940;Line 157;0;336.035435286826
-23.932423976;-46.482021742;125.9;44910;Line 157;0;336.035435286826
-23.932175292;-46.482138614;129.1;44880;Line 157;0;336.035435286826
-23.931926608;-46.482255486;132.1;44850;Line 157;0;336.035435286826
-23.931677924;-46.482372358;134.8;44820;Line 157;0;336.035435286826
-23.93142924;-46.482489229;138.1;44790;Line 157;0;336.035435286826
-23.931180555;-46.482606099;142.1;44760;Line 157;0;336.035435286826
-23.930931871;-46.48272297;146.3;44730;Line 157;0;336.035435286826
-23.930683186;-46.482839839;151.3;44700;Line 157;0;336.035435286826
-23.930434502;-46.482956709;156.5;44670;Line 157;0;336.035435286826
-23.930185817;-46.483073578;161.1;44640;Line 157;0;336.035435286826
-23.929937133;-46.483190446;166.3;44610;Line 157;0;336.035435286826
-23.929688448;-46.483307314;174.1;44580;Line 157;0;336.035435286826
-23.929439763;-46.483424182;183.2;44550;Line 157;0;336.035435286826
-23.929191078;-46.483541049;193.1;44520;Line 157;0;336.035435286826
-23.928942393;-46.483657916;204.7;44490;Line 157;0;336.035435286826
-23.928693708;-46.483774783;217.1;44460;Line 157;0;336.035435286826
-23.928445023;-46.483891648;230.0;44430;Line 157;0;336.035435286826
-23.928196338;-46.484008514;244.5;44400;Line 157;0;336.035435286826
-23.927947652;-46.484125379;260.0;44370;Line 157;0;336.035435286826
-23.927698967;-46.484242244;277.2;44340;Line 157;0;336.035435286826
-23.927450282;-46.484359108;294.6;44310;Line 157;0;336.035435286826
-23.927201596;-46.484475972;308.4;44280;Line 157;0;336.035435286826
-23.926952911;-46.484592835;321.1;44250;Line 157;0;336.035435286826
-23.926704225;-46.484709698;332.8;44220;Line 157;0;336.035435286826
-23.926455539;-46.484826561;345.3;44190;Line 157;0;336.035435286826
-23.926206853;-46.484943423;357.9;44160;Line 157;0;336.035435286826
-23.925958168;-46.485060285;370.3;44130;Line 157;0;336.035435286826
-23.925709482;-46.485177146;381.0;44100;Line 157;0;336.035435286826
-23.925460796;-46.485294007;390.4;44070;Line 157;0;336.035435286826
-23.925212109;-46.485410868;399.7;44040;Line 157;0;336.035435286826
-23.924963423;-46.485527728;408.4;44010;Line 157;0;336.035435286826
-23.924714737;-46.485644587;415.8;43980;Line 157;0;336.035435286826
-23.924466051;-46.485761446;423.1;43950;Line 157;0;336.035435286826
-23.924217364;-46.485878305;430.5;43920;Line 157;0;336.035435286826
-23.923968678;-46.485995163;435.5;43890;Line 157;0;336.035435286826
-23.923719991;-46.486112021;438.6;43860;Line 157;0;336.035435286826
-23.923471305;-46.486228879;440.0;43830;Line 157;0;336.035435286826
-23.923222618;-46.486345736;437.3;43800;Line 157;0;336.035435286826
-23.922973931;-46.486462592;429.2;43770;Line 157;0;336.035435286826
-23.922725244;-46.486579449;418.7;43740;Line 157;0;336.035435286826
-23.922476557;-46.486696304;404.8;43710;Line 157;0;336.035435286826
-23.92222787;-46.48681316;385.2;43680;Line 157;0;336.035435286826
-23.921979183;-46.486930015;365.9;43650;Line 157;0;336.035435286826
-23.921730496;-46.487046869;346.8;43620;Line 157;0;336.035435286826
-23.921481809;-46.487163723;327.8;43590;Line 157;0;336.035435286826
-23.921233122;-46.487280577;312.0;43560;Line 157;0;336.035435286826
-23.920984434;-46.48739743;299.9;43530;Line 157;0;336.035435286826
-23.920735747;-46.487514283;290.3;43500;Line 157;0;336.035435286826
-23.920487059;-46.487631135;279.8;43470;Line 157;0;336.035435286826
-23.920238372;-46.487747987;269.3;43440;Line 157;0;336.035435286826
-23.919989684;-46.487864839;258.8;43410;Line 157;0;336.035435286826
-23.919740996;-46.48798169;247.1;43380;Line 157;0;336.035435286826
-23.919492309;-46.488098541;235.0;43350;Line 157;0;336.035435286826
-23.919243621;-46.488215391;222.5;43320;Line 157;0;336.035435286826
-23.918994933;-46.488332241;211.5;43290;Line 157;0;336.035435286826
-23.918746245;-46.48844909;202.3;43260;Line 157;0;336.035435286826
-23.918497557;-46.488565939;193.0;43230;Line 157;0;336.035435286826
-23.918248868;-46.488682788;184.5;43200;Line 157;0;336.035435286826
-23.91800018;-46.488799636;178.2;43170;Line 157;0;336.035435286826
-23.917751492;-46.488916483;172.1;43140;Line 157;0;336.035435286826
-23.917502803;-46.489033331;166.2;43110;Line 157;0;336.035435286826
-23.917254115;-46.489150178;157.4;43080;Line 157;0;336.035435286826
-23.917005426;-46.489267024;147.2;43050;Line 157;0;336.035435286826
-23.916756738;-46.48938387;137.0;43020;Line 157;0;336.035435286826
-23.916508049;-46.489500716;129.0;42990;Line 157;0;336.035435286826
-23.91625936;-46.489617561;122.5;42960;Line 157;0;336.035435286826
-23.916010671;-46.489734405;116.6;42930;Line 157;0;336.035435286826
-23.915761982;-46.48985125;110.7;42900;Line 157;0;336.035435286826
-23.915513293;-46.489968094;104.2;42870;Line 157;0;336.035435286826
-23.915264604;-46.490084937;96.8;42840;Line 157;0;336.035435286826
-23.915015915;-46.49020178;89.0;42810;Line 157;0;336.035435286826
-23.914767226;-46.490318623;78.3;42780;Line 157;0;336.035435286826
-23.914518537;-46.490435465;67.5;42750;Line 157;0;336.035435286826
-23.914269847;-46.490552307;56.9;42720;Line 157;0;336.035435286826
-23.914021158;-46.490669148;49.0;42690;Line 157;0;336.035435286826
-23.913772468;-46.490785989;43.6;42660;Line 157;0;336.035435286826
-23.913523779;-46.490902829;39.5;42630;Line 157;0;336.035435286826
-23.913275089;-46.491019669;36.6;42600;Line 157;0;336.035435286826
-23.913026399;-46.491136509;35.0;42570;Line 157;0;336.035435286826
-23.912777709;-46.491253348;34.2;42540;Line 157;0;336.035435286826
-23.912529019;-46.491370187;34.0;42510;Line 157;0;336.035435286826
-23.912280329;-46.491487025;34.4;42480;Line 157;0;336.035435286826
-23.912031639;-46.491603863;35.2;42450;Line 157;0;336.035435286826
-23.911782949;-46.491720701;36.0;42420;Line 157;0;336.035435286826
-23.911534259;-46.491837538;36.8;42390;Line 157;0;336.035435286826
-23.911285569;-46.491954375;37.7;42360;Line 157;0;336.035435286826
-23.911036878;-46.492071211;38.5;42330;Line 157;0;336.035435286826
-23.910788188;-46.492188047;39.2;42300;Line 157;0;336.035435286826
-23.910539498;-46.492304882;40.0;42270;Line 157;0;336.035435286826
-23.910290807;-46.492421717;40.5;42240;Line 157;0;336.035435286826
-23.910042116;-46.492538551;40.8;42210;Line 157;0;336.035435286826
-23.909793426;-46.492655386;41.1;42180;Line 157;0;336.035435286826
-23.909544735;-46.492772219;41.4;42150;Line 157;0;336.035435286826
-23.909296044;-46.492889052;41.8;42120;Line 157;0;336.035435286826
-23.909047353;-46.493005885;42.9;42090;Line 157;0;336.035435286826
-23.908798662;-46.493122718;45.1;42060;Line 157;0;336.035435286826
-23.908549971;-46.49323955;47.6;42030;Line 157;0;336.035435286826
-23.90830128;-46.493356381;51.5;42000;Line 157;0;336.035435286826
-23.908052589;-46.493473212;60.4;41970;Line 157;0;336.035435286826
-23.907803897;-46.493590043;69.8;41940;Line 157;0;336.035435286826
-23.907555206;-46.493706873;79.7;41910;Line 157;0;336.035435286826
-23.907306514;-46.493823703;89.5;41880;Line 157;0;336.035435286826
-23.907057823;-46.493940533;99.5;41850;Line 157;0;336.035435286826
-23.906809131;-46.494057362;110.0;41820;Line 157;0;336.035435286826
-23.90656044;-46.49417419;120.0;41790;Line 157;0;336.035435286826
-23.906311748;-46.494291018;127.1;41760;Line 157;0;336.035435286826
-23.906063056;-46.494407846;133.0;41730;Line 157;0;336.035435286826
-23.905814364;-46.494524673;137.4;41700;Line 157;0;336.035435286826
-23.905565672;-46.4946415;137.6;41670;Line 157;0;336.035435286826
-23.90531698;-46.494758327;138.2;41640;Line 157;0;336.035435286826
-23.905068288;-46.494875153;139.4;41610;Line 157;0;336.035435286826
-23.904819596;-46.494991978;140.0;41580;Line 157;0;336.035435286826
-23.904570903;-46.495108804;139.8;41550;Line 157;0;336.035435286826
-23.904322211;-46.495225628;138.5;41520;Line 157;0;336.035435286826
-23.904073519;-46.495342453;136.7;41490;Line 157;0;336.035435286826
-23.903824826;-46.495459277;135.7;41460;Line 157;0;336.035435286826
-23.903576133;-46.4955761;134.8;41430;Line 157;0;336.035435286826
-23.903327441;-46.495692923;134.2;41400;Line 157;0;336.035435286826
-23.903078748;-46.495809746;140.6;41370;Line 157;0;336.035435286826
-23.902830055;-46.495926568;147.0;41340;Line 157;0;336.035435286826
-23.902581362;-46.49604339;152.7;41310;Line 157;0;336.035435286826
-23.902332669;-46.496160211;157.1;41280;Line 157;0;336.035435286826
-23.902083976;-46.496277032;161.4;41250;Line 157;0;336.035435286826
-23.901835283;-46.496393853;166.0;41220;Line 157;0;336.035435286826
-23.90158659;-46.496510673;170.0;41190;Line 157;0;336.035435286826
-23.901337897;-46.496627493;172.3;41160;Line 157;0;336.035435286826
-23.901089204;-46.496744312;173.2;41130;Line 157;0;336.035435286826
-23.90084051;-46.496861131;171.5;41100;Line 157;0;336.035435286826
-23.900591817;-46.496977949;159.0;41070;Line 157;0;336.035435286826
-23.900343123;-46.497094767;145.7;41040;Line 157;0;336.035435286826
-23.90009443;-46.497211585;131.7;41010;Line 157;0;336.035435286826
-23.899845736;-46.497328402;120.6;40980;Line 157;0;336.035435286826
-23.899597042;-46.497445218;112.5;40950;Line 157;0;336.035435286826
-23.899348348;-46.497562035;105.7;40920;Line 157;0;336.035435286826
-23.899099654;-46.497678851;101.3;40890;Line 157;0;336.035435286826
-23.89885096;-46.497795666;101.6;40860;Line 157;0;336.035435286826
-23.898602266;-46.497912481;101.6;40830;Line 157;0;336.035435286826
-23.898353572;-46.498029296;101.2;40800;Line 157;0;336.035435286826
-23.898104878;-46.49814611;104.1;40770;Line 157;0;336.035435286826
-23.897856184;-46.498262923;108.0;40740;Line 157;0;336.035435286826
-23.897607489;-46.498379737;112.9;40710;Line 157;0;336.035435286826
-23.897358795;-46.49849655;119.4;40680;Line 157;0;336.035435286826
-23.8971101;-46.498613362;127.8;40650;Line 157;0;336.035435286826
-23.896861406;-46.498730174;137.8;40620;Line 157;0;336.035435286826
-23.896612711;-46.498846986;147.2;40590;Line 157;0;336.035435286826
-23.896364016;-46.498963797;149.4;40560;Line 157;0;336.035435286826
-23.896115322;-46.499080608;151.2;40530;Line 157;0;336.035435286826
-23.895866627;-46.499197418;152.4;40500;Line 157;0;336.035435286826
-23.895617932;-46.499314228;152.6;40470;Line 157;0;336.035435286826
-23.895369237;-46.499431037;153.2;40440;Line 157;0;336.035435286826
-23.895120542;-46.499547847;154.5;40410;Line 157;0;336.035435286826
-23.894871846;-46.499664655;156.7;40380;Line 157;0;336.035435286826
-23.894623151;-46.499781463;159.8;40350;Line 157;0;336.035435286826
-23.894374456;-46.499898271;163.4;40320;Line 157;0;336.035435286826
-23.89412576;-46.500015079;169.0;40290;Line 157;0;336.035435286826
-23.893877065;-46.500131885;182.6;40260;Line 157;0;336.035435286826
-23.893628369;-46.500248692;196.1;40230;Line 157;0;336.035435286826
-23.893379674;-46.500365498;209.7;40200;Line 157;0;336.035435286826
-23.893130978;-46.500482304;227.4;40170;Line 157;0;336.035435286826
-23.892882282;-46.500599109;247.0;40140;Line 157;0;336.035435286826
-23.892633587;-46.500715914;267.5;40110;Line 157;0;336.035435286826
-23.892384891;-46.500832718;287.6;40080;Line 157;0;336.035435286826
-23.892136195;-46.500949522;304.3;40050;Line 157;0;336.035435286826
-23.891887499;-46.501066326;319.1;40020;Line 157;0;336.035435286826
-23.891638802;-46.501183129;330.6;39990;Line 157;0;336.035435286826
-23.891390106;-46.501299932;328.9;39960;Line 157;0;336.035435286826
-23.89114141;-46.501416734;326.4;39930;Line 157;0;336.035435286826
-23.890892714;-46.501533536;323.0;39900;Line 157;0;336.035435286826
-23.890644017;-46.501650337;318.9;39870;Line 157;0;336.035435286826
-23.890395321;-46.501767138;318.8;39840;Line 157;0;336.035435286826
-23.890146624;-46.501883939;318.2;39810;Line 157;0;336.035435286826
-23.889897927;-46.502000739;320.7;39780;Line 157;0;336.035435286826
-23.889649231;-46.502117539;329.2;39750;Line 157;0;336.035435286826
-23.889400534;-46.502234338;337.9;39720;Line 157;0;336.035435286826
-23.889151837;-46.502351137;347.0;39690;Line 157;0;336.035435286826
-23.88890314;-46.502467935;360.6;39660;Line 157;0;336.035435286826
-23.888654443;-46.502584733;374.6;39630;Line 157;0;336.035435286826
-23.888405746;-46.502701531;387.7;39600;Line 157;0;336.035435286826
-23.888157049;-46.502818328;400.3;39570;Line 157;0;336.035435286826
-23.887908351;-46.502935125;412.7;39540;Line 157;0;336.035435286826
-23.887659654;-46.503051921;424.6;39510;Line 157;0;336.035435286826
-23.887410957;-46.503168717;436.9;39480;Line 157;0;336.035435286826
-23.887162259;-46.503285513;450.9;39450;Line 157;0;336.035435286826
-23.886913562;-46.503402308;464.8;39420;Line 157;0;336.035435286826
-23.886664864;-46.503519103;477.2;39390;Line 157;0;336.035435286826
-23.886416166;-46.503635897;479.8;39360;Line 157;0;336.035435286826
-23.886167469;-46.503752691;483.5;39330;Line 157;0;336.035435286826
-23.885918771;-46.503869484;488.2;39300;Line 157;0;336.035435286826
-23.885670073;-46.503986277;495.7;39270;Line 157;0;336.035435286826
-23.885421375;-46.504103069;505.7;39240;Line 157;0;336.035435286826
-23.885172677;-46.504219862;516.9;39210;Line 157;0;336.035435286826
-23.884923979;-46.504336653;527.7;39180;Line 157;0;336.035435286826
-23.88467528;-46.504453444;536.6;39150;Line 157;0;336.035435286826
-23.884426582;-46.504570235;545.4;39120;Line 157;0;336.035435286826
-23.884177884;-46.504687026;554.1;39090;Line 157;0;336.035435286826
-23.883929185;-46.504803816;567.7;39060;Line 157;0;336.035435286826
-23.883680487;-46.504920605;582.7;39030;Line 157;0;336.035435286826
-23.883431788;-46.505037394;598.6;39000;Line 157;0;336.035435286826
-23.88318309;-46.505154183;615.8;38970;Line 157;0;336.035435286826
-23.882934391;-46.505270971;633.1;38940;Line 157;0;336.035435286826
-23.882685692;-46.505387759;649.1;38910;Line 157;0;336.035435286826
-23.882436993;-46.505504547;658.6;38880;Line 157;0;336.035435286826
-23.882188294;-46.505621334;651.4;38850;Line 157;0;336.035435286826
-23.881939595;-46.50573812;643.9;38820;Line 157;0;336.035435286826
-23.881690896;-46.505854907;636.1;38790;Line 157;0;336.035435286826
-23.881442197;-46.505971692;637.3;38760;Line 157;0;336.035435286826
-23.881193498;-46.506088478;640.2;38730;Line 157;0;336.035435286826
-23.880944798;-46.506205263;644.0;38700;Line 157;0;336.035435286826
-23.880696099;-46.506322047;655.2;38670;Line 157;0;336.035435286826
-23.880447399;-46.506438831;671.7;38640;Line 157;0;336.035435286826
-23.8801987;-46.506555615;687.7;38610;Line 157;0;336.035435286826
-23.87995;-46.506672398;703.4;38580;Line 157;0;336.035435286826
-23.879701301;-46.506789181;716.6;38550;Line 157;0;336.035435286826
-23.879452601;-46.506905963;728.3;38520;Line 157;0;336.035435286826
-23.879203901;-46.507022745;738.5;38490;Line 157;0;336.035435286826
-23.878955201;-46.507139527;740.5;38460;Line 157;0;336.035435286826
-23.878706501;-46.507256308;740.3;38430;Line 157;0;336.035435286826
-23.878457801;-46.507373088;739.0;38400;Line 157;0;336.035435286826
-23.878209101;-46.507489869;735.9;38370;Line 157;0;336.035435286826
-23.877960401;-46.507606648;731.7;38340;Line 157;0;336.035435286826
-23.8777117;-46.507723428;728.3;38310;Line 157;0;336.035435286826
-23.877463;-46.507840207;725.9;38280;Line 157;0;336.035435286826
-23.877214299;-46.507956985;723.9;38250;Line 157;0;336.035435286826
-23.876965599;-46.508073763;722.6;38220;Line 157;0;336.035435286826
-23.876716898;-46.508190541;721.9;38190;Line 157;0;336.035435286826
-23.876468198;-46.508307318;725.2;38160;Line 157;0;336.035435286826
-23.876219497;-46.508424095;729.3;38130;Line 157;0;336.035435286826
-23.875970796;-46.508540872;732.9;38100;Line 157;0;336.035435286826
-23.875722095;-46.508657648;735.1;38070;Line 157;0;336.035435286826
-23.875473394;-46.508774423;735.8;38040;Line 157;0;336.035435286826
-23.875224693;-46.508891198;736.5;38010;Line 157;0;336.035435286826
-23.874975992;-46.509007973;737.0;37980;Line 157;0;336.035435286826
-23.874727291;-46.509124748;737.2;37950;Line 157;0;336.035435286826
-23.87447859;-46.509241521;738.4;37920;Line 157;0;336.035435286826
-23.874229888;-46.509358295;740.3;37890;Line 157;0;336.035435286826
-23.873981187;-46.509475068;741.2;37860;Line 157;0;336.035435286826
-23.873732486;-46.509591841;741.5;37830;Line 157;0;336.035435286826
-23.873483784;-46.509708613;741.7;37800;Line 157;0;336.035435286826
-23.873235082;-46.509825385;740.9;37770;Line 157;0;336.035435286826
-23.872986381;-46.509942156;738.6;37740;Line 157;0;336.035435286826
-23.872737679;-46.510058927;735.9;37710;Line 157;0;336.035435286826
-23.872488977;-46.510175697;733.9;37680;Line 157;0;336.035435286826
-23.872240275;-46.510292467;734.5;37650;Line 157;0;336.035435286826
-23.871991573;-46.510409237;734.4;37620;Line 157;0;336.035435286826
-23.871742871;-46.510526006;733.7;37590;Line 157;0;336.035435286826
-23.871494169;-46.510642775;733.8;37560;Line 157;0;336.035435286826
-23.871245467;-46.510759544;734.5;37530;Line 157;0;336.035435286826
-23.870996765;-46.510876311;735.1;37500;Line 157;0;336.035435286826
-23.870748062;-46.510993079;736.3;37470;Line 157;0;336.035435286826
-23.87049936;-46.511109846;738.1;37440;Line 157;0;336.035435286826
-23.870250657;-46.511226613;740.0;37410;Line 157;0;336.035435286826
-23.870001955;-46.511343379;741.8;37380;Line 157;0;336.035435286826
-23.869753252;-46.511460145;743.1;37350;Line 157;0;336.035435286826
-23.869504549;-46.51157691;745.0;37320;Line 157;0;336.035435286826
-23.869255846;-46.511693675;746.9;37290;Line 157;0;336.035435286826
-23.869007144;-46.51181044;748.0;37260;Line 157;0;336.035435286826
-23.868758441;-46.511927204;749.2;37230;Line 157;0;336.035435286826
-23.868509738;-46.512043968;749.9;37200;Line 157;0;336.035435286826
-23.868261035;-46.512160731;748.8;37170;Line 157;0;336.035435286826
-23.868012331;-46.512277494;744.4;37140;Line 157;0;336.035435286826
-23.867763628;-46.512394257;739.8;37110;Line 157;0;336.035435286826
-23.867514925;-46.512511019;735.1;37080;Line 157;0;336.035435286826
-23.867266221;-46.51262778;735.0;37050;Line 157;0;336.035435286826
-23.867017518;-46.512744541;735.0;37020;Line 157;0;336.035435286826
-23.866768814;-46.512861302;735.0;36990;Line 157;0;336.035435286826
-23.866520111;-46.512978062;735.1;36960;Line 157;0;336.035435286826
-23.866271407;-46.513094822;735.3;36930;Line 157;0;336.035435286826
-23.866022703;-46.513211582;735.2;36900;Line 157;0;336.035435286826
-23.865774;-46.513328341;734.8;36870;Line 157;0;336.035435286826
-23.865525296;-46.5134451;733.6;36840;Line 157;0;336.035435286826
-23.865276592;-46.513561858;732.4;36810;Line 157;0;336.035435286826
-23.865027888;-46.513678616;731.3;36780;Line 157;0;336.035435286826
-23.864779183;-46.513795373;731.7;36750;Line 157;0;336.035435286826
-23.864530479;-46.51391213;732.1;36720;Line 157;0;336.035435286826
-23.864281775;-46.514028887;732.3;36690;Line 157;0;336.035435286826
-23.864033071;-46.514145643;732.1;36660;Line 157;0;336.035435286826
-23.863784366;-46.514262398;732.4;36630;Line 157;0;336.035435286826
-23.863535662;-46.514379154;732.6;36600;Line 157;0;336.035435286826
-23.863286957;-46.514495909;733.1;36570;Line 157;0;336.035435286826
-23.863038252;-46.514612663;734.1;36540;Line 157;0;336.035435286826
-23.862789548;-46.514729417;733.9;36510;Line 157;0;336.035435286826
-23.862540843;-46.514846171;732.5;36480;Line 157;0;336.035435286826
-23.862292138;-46.514962924;730.7;36450;Line 157;0;336.035435286826
-23.862043433;-46.515079676;730.9;36420;Line 157;0;336.035435286826
-23.861794728;-46.515196429;731.9;36390;Line 157;0;336.035435286826
-23.861546023;-46.515313181;733.4;36360;Line 157;0;336.035435286826
-23.861297318;-46.515429932;735.9;36330;Line 157;0;336.035435286826
-23.861048613;-46.515546683;739.1;36300;Line 157;0;336.035435286826
-23.860799907;-46.515663434;742.9;36270;Line 157;0;336.035435286826
-23.860551202;-46.515780184;744.1;36240;Line 157;0;336.035435286826
-23.860302496;-46.515896934;744.6;36210;Line 157;0;336.035435286826
-23.860053791;-46.516013683;744.9;36180;Line 157;0;336.035435286826
-23.859805085;-46.516130432;744.6;36150;Line 157;0;336.035435286826
-23.85955638;-46.51624718;743.8;36120;Line 157;0;336.035435286826
-23.859307674;-46.516363929;742.7;36090;Line 157;0;336.035435286826
-23.859058968;-46.516480676;742.5;36060;Line 157;0;336.035435286826
-23.858810262;-46.516597423;743.9;36030;Line 157;0;336.035435286826
-23.858561556;-46.51671417;745.4;36000;Line 157;0;336.035435286826
-23.85831285;-46.516830917;747.0;35970;Line 157;0;336.035435286826
-23.858064144;-46.516947663;747.9;35940;Line 157;0;336.035435286826
-23.857815438;-46.517064408;748.7;35910;Line 157;0;336.035435286826
-23.857566732;-46.517181153;749.4;35880;Line 157;0;336.035435286826
-23.857318025;-46.517297898;749.7;35850;Line 157;0;336.035435286826
-23.857069319;-46.517414642;749.7;35820;Line 157;0;336.035435286826
-23.856820612;-46.517531386;749.7;35790;Line 157;0;336.035435286826
-23.856571906;-46.517648129;751.4;35760;Line 157;0;336.035435286826
-23.856323199;-46.517764873;754.0;35730;Line 157;0;336.035435286826
-23.856074492;-46.517881615;756.2;35700;Line 157;0;336.035435286826
-23.855825786;-46.517998357;758.1;35670;Line 157;0;336.035435286826
-23.855577079;-46.518115099;762.3;35640;Line 157;0;336.035435286826
-23.855328372;-46.51823184;766.6;35610;Line 157;0;336.035435286826
-23.855079665;-46.518348581;770.9;35580;Line 157;0;336.035435286826
-23.854830958;-46.518465322;771.3;35550;Line 157;0;336.035435286826
-23.854582251;-46.518582062;770.0;35520;Line 157;0;336.035435286826
-23.854333543;-46.518698801;768.5;35490;Line 157;0;336.035435286826
-23.854084836;-46.518815541;766.6;35460;Line 157;0;336.035435286826
-23.853836129;-46.518932279;764.2;35430;Line 157;0;336.035435286826
-23.853587421;-46.519049018;762.0;35400;Line 157;0;336.035435286826
-23.853338714;-46.519165756;760.0;35370;Line 157;0;336.035435286826
-23.853090006;-46.519282493;763.1;35340;Line 157;0;336.035435286826
-23.852841298;-46.51939923;766.3;35310;Line 157;0;336.035435286826
-23.852592591;-46.519515967;769.7;35280;Line 157;0;336.035435286826
-23.852343883;-46.519632703;770.4;35250;Line 157;0;336.035435286826
-23.852095175;-46.519749439;769.2;35220;Line 157;0;336.035435286826
-23.851846467;-46.519866174;767.6;35190;Line 157;0;336.035435286826
-23.851597759;-46.519982909;765.6;35160;Line 157;0;336.035435286826
-23.851349051;-46.520099644;764.2;35130;Line 157;0;336.035435286826
-23.851100343;-46.520216378;763.9;35100;Line 157;0;336.035435286826
-23.850851634;-46.520333112;764.4;35070;Line 157;0;336.035435286826
-23.850602926;-46.520449845;765.3;35040;Line 157;0;336.035435286826
-23.850354218;-46.520566578;765.5;35010;Line 157;0;336.035435286826
-23.850105509;-46.52068331;765.0;34980;Line 157;0;336.035435286826
-23.849856801;-46.520800042;762.9;34950;Line 157;0;336.035435286826
-23.849608092;-46.520916774;759.2;34920;Line 157;0;336.035435286826
-23.849359383;-46.521033505;755.3;34890;Line 157;0;336.035435286826
-23.849110675;-46.521150236;752.0;34860;Line 157;0;336.035435286826
-23.848861966;-46.521266966;751.1;34830;Line 157;0;336.035435286826
-23.848613257;-46.521383696;750.3;34800;Line 157;0;336.035435286826
-23.848364548;-46.521500425;749.9;34770;Line 157;0;336.035435286826
-23.848115839;-46.521617155;751.7;34740;Line 157;0;336.035435286826
-23.84786713;-46.521733883;754.6;34710;Line 157;0;336.035435286826
-23.84761842;-46.521850611;758.0;34680;Line 157;0;336.035435286826
-23.847369711;-46.521967339;760.5;34650;Line 157;0;336.035435286826
-23.847121002;-46.522084067;762.0;34620;Line 157;0;336.035435286826
-23.846872292;-46.522200793;763.1;34590;Line 157;0;336.035435286826
-23.846623583;-46.52231752;763.5;34560;Line 157;0;336.035435286826
-23.846374873;-46.522434246;761.8;34530;Line 157;0;336.035435286826
-23.846126164;-46.522550972;760.1;34500;Line 157;0;336.035435286826
-23.845877454;-46.522667697;758.4;34470;Line 157;0;336.035435286826
-23.845628744;-46.522784422;758.8;34440;Line 157;0;336.035435286826
-23.845380034;-46.522901146;760.2;34410;Line 157;0;336.035435286826
-23.845131324;-46.52301787;762.1;34380;Line 157;0;336.035435286826
-23.844882614;-46.523134594;763.7;34350;Line 157;0;336.035435286826
-23.844633904;-46.523251317;764.3;34320;Line 157;0;336.035435286826
-23.844385194;-46.52336804;764.2;34290;Line 157;0;336.035435286826
-23.844136484;-46.523484762;763.1;34260;Line 157;0;336.035435286826
-23.843887773;-46.523601484;761.3;34230;Line 157;0;336.035435286826
-23.843639063;-46.523718205;759.5;34200;Line 157;0;336.035435286826
-23.843390352;-46.523834926;757.7;34170;Line 157;0;336.035435286826
-23.843141642;-46.523951647;758.5;34140;Line 157;0;336.035435286826
-23.842892931;-46.524068367;759.7;34110;Line 157;0;336.035435286826
-23.842644221;-46.524185087;760.5;34080;Line 157;0;336.035435286826
-23.84239551;-46.524301806;760.3;34050;Line 157;0;336.035435286826
-23.842146799;-46.524418525;759.1;34020;Line 157;0;336.035435286826
-23.841898088;-46.524535244;758.2;33990;Line 157;0;336.035435286826
-23.841649377;-46.524651962;757.8;33960;Line 157;0;336.035435286826
-23.841400666;-46.524768679;759.7;33930;Line 157;0;336.035435286826
-23.841151955;-46.524885397;761.6;33900;Line 157;0;336.035435286826
-23.840903244;-46.525002113;763.6;33870;Line 157;0;336.035435286826
-23.840654533;-46.52511883;765.6;33840;Line 157;0;336.035435286826
-23.840405821;-46.525235546;767.3;33810;Line 157;0;336.035435286826
-23.84015711;-46.525352261;768.8;33780;Line 157;0;336.035435286826
-23.839908398;-46.525468976;768.3;33750;Line 157;0;336.035435286826
-23.839659687;-46.525585691;765.4;33720;Line 157;0;336.035435286826
-23.839410975;-46.525702405;762.9;33690;Line 157;0;336.035435286826
-23.839162263;-46.525819119;760.9;33660;Line 157;0;336.035435286826
-23.838913552;-46.525935833;760.8;33630;Line 157;0;336.035435286826
-23.83866484;-46.526052546;761.4;33600;Line 157;0;336.035435286826
-23.838416128;-46.526169258;762.8;33570;Line 157;0;336.035435286826
-23.838167416;-46.52628597;764.5;33540;Line 157;0;336.035435286826
-23.837918704;-46.526402682;765.3;33510;Line 157;0;336.035435286826
-23.837669991;-46.526519393;765.3;33480;Line 157;0;336.035435286826
-23.837421279;-46.526636104;764.5;33450;Line 157;0;336.035435286826
-23.837172567;-46.526752815;763.3;33420;Line 157;0;336.035435286826
-23.836923855;-46.526869525;761.8;33390;Line 157;0;336.035435286826
-23.836675142;-46.526986235;760.1;33360;Line 157;0;336.035435286826
-23.83642643;-46.527102944;758.4;33330;Line 157;0;336.035435286826
-23.836177717;-46.527219653;756.3;33300;Line 157;0;336.035435286826
-23.835929004;-46.527336361;753.8;33270;Line 157;0;336.035435286826
-23.835680292;-46.527453069;752.0;33240;Line 157;0;336.035435286826
-23.835431579;-46.527569776;751.5;33210;Line 157;0;336.035435286826
-23.835182866;-46.527686483;751.2;33180;Line 157;0;336.035435286826
-23.834934153;-46.52780319;751.0;33150;Line 157;0;336.035435286826
-23.83468544;-46.527919896;751.0;33120;Line 157;0;336.035435286826
-23.834436727;-46.528036602;751.0;33090;Line 157;0;336.035435286826
-23.834188014;-46.528153308;751.0;33060;Line 157;0;336.035435286826
-23.8339393;-46.528270013;751.0;33030;Line 157;0;336.035435286826
-23.833690587;-46.528386717;751.0;33000;Line 157;0;336.035435286826
-23.833441874;-46.528503421;751.0;32970;Line 157;0;336.035435286826
-23.83319316;-46.528620125;751.0;32940;Line 157;0;336.035435286826
-23.832944447;-46.528736828;751.0;32910;Line 157;0;336.035435286826
-23.832695733;-46.528853531;751.0;32880;Line 157;0;336.035435286826
-23.832447019;-46.528970234;751.0;32850;Line 157;0;336.035435286826
-23.832198305;-46.529086936;751.0;32820;Line 157;0;336.035435286826
-23.831949592;-46.529203637;751.0;32790;Line 157;0;336.035435286826
-23.831700878;-46.529320338;751.0;32760;Line 157;0;336.035435286826
-23.831452164;-46.529437039;751.0;32730;Line 157;0;336.035435286826
-23.83120345;-46.52955374;751.0;32700;Line 157;0;336.035435286826
-23.830954736;-46.529670439;751.0;32670;Line 157;0;336.035435286826
-23.830706021;-46.529787139;751.0;32640;Line 157;0;336.035435286826
-23.830457307;-46.529903838;751.0;32610;Line 157;0;336.035435286826
-23.830208593;-46.530020537;751.0;32580;Line 157;0;336.035435286826
-23.829959878;-46.530137235;751.5;32550;Line 157;0;336.035435286826
-23.829711164;-46.530253933;755.0;32520;Line 157;0;336.035435286826
-23.829462449;-46.53037063;758.7;32490;Line 157;0;336.035435286826
-23.829213735;-46.530487327;762.5;32460;Line 157;0;336.035435286826
-23.82896502;-46.530604024;765.5;32430;Line 157;0;336.035435286826
-23.828716305;-46.53072072;768.7;32400;Line 157;0;336.035435286826
-23.82846759;-46.530837416;772.3;32370;Line 157;0;336.035435286826
-23.828218875;-46.530954111;772.1;32340;Line 157;0;336.035435286826
-23.82797016;-46.531070806;769.9;32310;Line 157;0;336.035435286826
-23.827721445;-46.5311875;768.1;32280;Line 157;0;336.035435286826
-23.82747273;-46.531304194;766.4;32250;Line 157;0;336.035435286826
-23.827224015;-46.531420888;764.9;32220;Line 157;0;336.035435286826
-23.826975299;-46.531537581;763.2;32190;Line 157;0;336.035435286826
-23.826726584;-46.531654274;761.3;32160;Line 157;0;336.035435286826
-23.826477868;-46.531770966;759.5;32130;Line 157;0;336.035435286826
-23.826229153;-46.531887658;757.4;32100;Line 157;0;336.035435286826
-23.825980437;-46.532004349;755.1;32070;Line 157;0;336.035435286826
-23.825731722;-46.53212104;753.3;32040;Line 157;0;336.035435286826
-23.825483006;-46.532237731;752.7;32010;Line 157;0;336.035435286826
-23.82523429;-46.532354421;752.0;31980;Line 157;0;336.035435286826
-23.824985574;-46.532471111;751.2;31950;Line 157;0;336.035435286826
-23.824736858;-46.5325878;751.6;31920;Line 157;0;336.035435286826
-23.824488142;-46.532704489;751.9;31890;Line 157;0;336.035435286826
-23.824239426;-46.532821178;752.1;31860;Line 157;0;336.035435286826
-23.82399071;-46.532937866;752.4;31830;Line 157;0;336.035435286826
-23.823741994;-46.533054554;752.4;31800;Line 157;0;336.035435286826
-23.823493277;-46.533171241;752.0;31770;Line 157;0;336.035435286826
-23.823244561;-46.533287928;751.3;31740;Line 157;0;336.035435286826
-23.822995844;-46.533404614;751.0;31710;Line 157;0;336.035435286826
-23.822747128;-46.5335213;751.0;31680;Line 157;0;336.035435286826
-23.822498411;-46.533637986;751.0;31650;Line 157;0;336.035435286826
-23.822249694;-46.533754671;751.0;31620;Line 157;0;336.035435286826
-23.822000978;-46.533871356;751.0;31590;Line 157;0;336.035435286826
-23.821752261;-46.53398804;751.0;31560;Line 157;0;336.035435286826
-23.821503544;-46.534104724;751.0;31530;Line 157;0;336.035435286826
-23.821254827;-46.534221407;751.0;31500;Line 157;0;336.035435286826
-23.82100611;-46.53433809;751.0;31470;Line 157;0;336.035435286826
-23.820757393;-46.534454773;751.0;31440;Line 157;0;336.035435286826
-23.820508676;-46.534571455;751.0;31410;Line 157;0;336.035435286826
-23.820259958;-46.534688137;751.0;31380;Line 157;0;336.035435286826
-23.820011241;-46.534804818;751.0;31350;Line 157;0;336.035435286826
-23.819762523;-46.534921499;751.0;31320;Line 157;0;336.035435286826
-23.819513806;-46.53503818;751.0;31290;Line 157;0;336.035435286826
-23.819265088;-46.53515486;751.0;31260;Line 157;0;336.035435286826
-23.819016371;-46.53527154;751.0;31230;Line 157;0;336.035435286826
-23.818767653;-46.535388219;751.0;31200;Line 157;0;336.035435286826
-23.818518935;-46.535504898;751.0;31170;Line 157;0;336.035435286826
-23.818270217;-46.535621576;751.0;31140;Line 157;0;336.035435286826
-23.818021499;-46.535738254;751.0;31110;Line 157;0;336.035435286826
-23.817772781;-46.535854932;751.0;31080;Line 157;0;336.035435286826
-23.817524063;-46.535971609;751.0;31050;Line 157;0;336.035435286826
-23.817275345;-46.536088286;751.0;31020;Line 157;0;336.035435286826
-23.817026627;-46.536204962;751.0;30990;Line 157;0;336.035435286826
-23.816777908;-46.536321638;751.0;30960;Line 157;0;336.035435286826
-23.81652919;-46.536438313;751.0;30930;Line 157;0;336.035435286826
-23.816280472;-46.536554988;751.0;30900;Line 157;0;336.035435286826
-23.816031753;-46.536671663;751.0;30870;Line 157;0;336.035435286826
-23.815783034;-46.536788337;751.0;30840;Line 157;0;336.035435286826
-23.815534316;-46.536905011;751.0;30810;Line 157;0;336.035435286826
-23.815285597;-46.537021684;751.0;30780;Line 157;0;336.035435286826
-23.815036878;-46.537138357;751.0;30750;Line 157;0;336.035435286826
-23.814788159;-46.53725503;751.0;30720;Line 157;0;336.035435286826
-23.81453944;-46.537371702;751.0;30690;Line 157;0;336.035435286826
-23.814290721;-46.537488374;751.0;30660;Line 157;0;336.035435286826
-23.814042002;-46.537605045;751.0;30630;Line 157;0;336.035435286826
-23.813793283;-46.537721716;751.0;30600;Line 157;0;336.035435286826
-23.813544564;-46.537838386;751.0;30570;Line 157;0;336.035435286826
-23.813295844;-46.537955056;751.0;30540;Line 157;0;336.035435286826
-23.813047125;-46.538071726;751.0;30510;Line 157;0;336.035435286826
-23.812798405;-46.538188395;751.0;30480;Line 157;0;336.035435286826
-23.812549686;-46.538305063;751.0;30450;Line 157;0;336.035435286826
-23.812300966;-46.538421732;751.0;30420;Line 157;0;336.035435286826
-23.812052247;-46.5385384;751.0;30390;Line 157;0;336.035435286826
-23.811803527;-46.538655067;751.0;30360;Line 157;0;336.035435286826
-23.811554807;-46.538771734;751.0;30330;Line 157;0;336.035435286826
-23.811306087;-46.538888401;751.0;30300;Line 157;0;336.035435286826
-23.811057367;-46.539005067;751.0;30270;Line 157;0;336.035435286826
-23.810808647;-46.539121733;751.0;30240;Line 157;0;336.035435286826
-23.810559927;-46.539238398;751.0;30210;Line 157;0;336.035435286826
-23.810311207;-46.539355063;751.0;30180;Line 157;0;336.035435286826
-23.810062486;-46.539471727;751.0;30150;Line 157;0;336.035435286826
-23.809813766;-46.539588392;751.0;30120;Line 157;0;336.035435286826
-23.809565046;-46.539705055;751.0;30090;Line 157;0;336.035435286826
-23.809316325;-46.539821718;751.0;30060;Line 157;0;336.035435286826
-23.809067604;-46.539938381;751.0;30030;Line 157;0;336.035435286826
-23.808818884;-46.540055044;751.0;30000;Line 157;0;336.035435286826
-23.808570163;-46.540171706;751.0;29970;Line 157;0;336.035435286826
-23.808321442;-46.540288367;751.0;29940;Line 157;0;336.035435286826
-23.808072721;-46.540405028;751.0;29910;Line 157;0;336.035435286826
-23.807824;-46.540521689;751.0;29880;Line 157;0;336.035435286826
-23.807575279;-46.540638349;751.0;29850;Line 157;0;336.035435286826
-23.807326558;-46.540755009;751.0;29820;Line 157;0;336.035435286826
-23.807077837;-46.540871669;751.0;29790;Line 157;0;336.035435286826
-23.806829116;-46.540988328;751.0;29760;Line 157;0;336.035435286826
-23.806580395;-46.541104986;751.0;29730;Line 157;0;336.035435286826
-23.806331673;-46.541221645;751.0;29700;Line 157;0;336.035435286826
-23.806082952;-46.541338302;751.0;29670;Line 157;0;336.035435286826
-23.80583423;-46.54145496;751.0;29640;Line 157;0;336.035435286826
-23.805585509;-46.541571617;753.6;29610;Line 157;0;336.035435286826
-23.805336787;-46.541688273;756.9;29580;Line 157;0;336.035435286826
-23.805088065;-46.541804929;759.4;29550;Line 157;0;336.035435286826
-23.804839343;-46.541921585;763.0;29520;Line 157;0;336.035435286826
-23.804590621;-46.54203824;767.0;29490;Line 157;0;336.035435286826
-23.804341899;-46.542154895;770.6;29460;Line 157;0;336.035435286826
-23.804093177;-46.542271549;773.0;29430;Line 157;0;336.035435286826
-23.803844455;-46.542388203;773.5;29400;Line 157;0;336.035435286826
-23.803595733;-46.542504857;774.0;29370;Line 157;0;336.035435286826
-23.803347011;-46.54262151;773.6;29340;Line 157;0;336.035435286826
-23.803098289;-46.542738163;771.0;29310;Line 157;0;336.035435286826
-23.802849566;-46.542854815;769.3;29280;Line 157;0;336.035435286826
-23.802600844;-46.542971467;768.5;29250;Line 157;0;336.035435286826
-23.802352121;-46.543088118;771.2;29220;Line 157;0;336.035435286826
-23.802103398;-46.543204769;775.5;29190;Line 157;0;336.035435286826
-23.801854676;-46.54332142;779.5;29160;Line 157;0;336.035435286826
-23.801605953;-46.54343807;782.9;29130;Line 157;0;336.035435286826
-23.80135723;-46.54355472;785.1;29100;Line 157;0;336.035435286826
-23.801108507;-46.543671369;787.2;29070;Line 157;0;336.035435286826
-23.800859784;-46.543788018;789.2;29040;Line 157;0;336.035435286826
-23.800611061;-46.543904667;789.9;29010;Line 157;0;336.035435286826
-23.800362338;-46.544021315;790.9;28980;Line 157;0;336.035435286826
-23.800113615;-46.544137962;792.1;28950;Line 157;0;336.035435286826
-23.799864892;-46.54425461;792.1;28920;Line 157;0;336.035435286826
-23.799616168;-46.544371257;791.5;28890;Line 157;0;336.035435286826
-23.799367445;-46.544487903;791.1;28860;Line 157;0;336.035435286826
-23.799118721;-46.544604549;791.1;28830;Line 157;0;336.035435286826
-23.798869998;-46.544721194;791.9;28800;Line 157;0;336.035435286826
-23.798621274;-46.54483784;793.1;28770;Line 157;0;336.035435286826
-23.79837255;-46.544954484;794.9;28740;Line 157;0;336.035435286826
-23.798123826;-46.545071129;793.5;28710;Line 157;0;336.035435286826
-23.797875103;-46.545187773;792.1;28680;Line 157;0;336.035435286826
-23.797626379;-46.545304416;791.8;28650;Line 157;0;336.035435286826
-23.797377655;-46.545421059;791.0;28620;Line 157;0;336.035435286826
-23.797128931;-46.545537702;789.3;28590;Line 157;0;336.035435286826
-23.796880206;-46.545654344;787.8;28560;Line 157;0;336.035435286826
-23.796631482;-46.545770986;786.3;28530;Line 157;0;336.035435286826
-23.796382758;-46.545887627;783.1;28500;Line 157;0;336.035435286826
-23.796134033;-46.546004268;780.0;28470;Line 157;0;336.035435286826
-23.795885309;-46.546120908;777.1;28440;Line 157;0;336.035435286826
-23.795636585;-46.546237548;774.8;28410;Line 157;0;336.035435286826
-23.79538786;-46.546354188;773.0;28380;Line 157;0;336.035435286826
-23.795139135;-46.546470827;771.4;28350;Line 157;0;336.035435286826
-23.79489041;-46.546587466;771.0;28320;Line 157;0;336.035435286826
-23.794641686;-46.546704105;771.7;28290;Line 157;0;336.035435286826
-23.794392961;-46.546820743;772.8;28260;Line 157;0;336.035435286826
-23.794144236;-46.54693738;774.1;28230;Line 157;0;336.035435286826
-23.793895511;-46.547054017;777.4;28200;Line 157;0;336.035435286826
-23.793646786;-46.547170654;780.4;28170;Line 157;0;336.035435286826
-23.793398061;-46.54728729;782.9;28140;Line 157;0;336.035435286826
-23.793149335;-46.547403926;785.0;28110;Line 157;0;336.035435286826
-23.79290061;-46.547520562;786.7;28080;Line 157;0;336.035435286826
-23.792651885;-46.547637197;788.0;28050;Line 157;0;336.035435286826
-23.792403159;-46.547753831;788.1;28020;Line 157;0;336.035435286826
-23.792154434;-46.547870466;787.2;27990;Line 157;0;336.035435286826
-23.791905708;-46.547987099;786.4;27960;Line 157;0;336.035435286826
-23.791656982;-46.548103733;785.8;27930;Line 157;0;336.035435286826
-23.791408256;-46.548220366;784.1;27900;Line 157;0;336.035435286826
-23.791159531;-46.548336998;782.1;27870;Line 157;0;336.035435286826
-23.790910805;-46.54845363;779.7;27840;Line 157;0;336.035435286826
-23.790662079;-46.548570262;778.3;27810;Line 157;0;336.035435286826
-23.790413353;-46.548686893;777.7;27780;Line 157;0;336.035435286826
-23.790164627;-46.548803524;777.4;27750;Line 157;0;336.035435286826
-23.7899159;-46.548920154;777.5;27720;Line 157;0;336.035435286826
-23.789667174;-46.549036784;777.8;27690;Line 157;0;336.035435286826
-23.789418448;-46.549153414;778.0;27660;Line 157;0;336.035435286826
-23.789169721;-46.549270043;775.9;27630;Line 157;0;336.035435286826
-23.788920995;-46.549386672;773.7;27600;Line 157;0;336.035435286826
-23.788672268;-46.5495033;772.0;27570;Line 157;0;336.035435286826
-23.788423542;-46.549619928;770.8;27540;Line 157;0;336.035435286826
-23.788174815;-46.549736556;768.5;27510;Line 157;0;336.035435286826
-23.787926088;-46.549853183;765.5;27480;Line 157;0;336.035435286826
-23.787677361;-46.549969809;762.5;27450;Line 157;0;336.035435286826
-23.787428634;-46.550086435;760.4;27420;Line 157;0;336.035435286826
-23.787179907;-46.550203061;758.6;27390;Line 157;0;336.035435286826
-23.78693118;-46.550319687;756.4;27360;Line 157;0;336.035435286826
-23.786682453;-46.550436312;754.0;27330;Line 157;0;336.035435286826
-23.786433726;-46.550552936;752.8;27300;Line 157;0;336.035435286826
-23.786184999;-46.55066956;751.9;27270;Line 157;0;336.035435286826
-23.785936271;-46.550786184;751.2;27240;Line 157;0;336.035435286826
-23.785687544;-46.550902807;751.3;27210;Line 157;0;336.035435286826
-23.785438816;-46.55101943;751.5;27180;Line 157;0;336.035435286826
-23.785190089;-46.551136052;751.3;27150;Line 157;0;336.035435286826
-23.784941361;-46.551252674;751.0;27120;Line 157;0;336.035435286826
-23.784692633;-46.551369296;751.0;27090;Line 157;0;336.035435286826
-23.784443905;-46.551485917;751.0;27060;Line 157;0;336.035435286826
-23.784195178;-46.551602538;751.0;27030;Line 157;0;336.035435286826
-23.78394645;-46.551719158;751.0;27000;Line 157;0;336.035435286826
-23.783697722;-46.551835778;751.0;26970;Line 157;0;336.035435286826
-23.783448994;-46.551952398;751.0;26940;Line 157;0;336.035435286826
-23.783200265;-46.552069017;751.0;26910;Line 157;0;336.035435286826
-23.782951537;-46.552185635;751.0;26880;Line 157;0;336.035435286826
-23.782702809;-46.552302254;751.0;26850;Line 157;0;336.035435286826
-23.78245408;-46.552418871;751.0;26820;Line 157;0;336.035435286826
-23.782205352;-46.552535489;751.0;26790;Line 157;0;336.035435286826
-23.781956623;-46.552652106;751.0;26760;Line 157;0;336.035435286826
-23.781707895;-46.552768722;751.0;26730;Line 157;0;336.035435286826
-23.781459166;-46.552885338;751.0;26700;Line 157;0;336.035435286826
-23.781210437;-46.553001954;751.0;26670;Line 157;0;336.035435286826
-23.780961709;-46.553118569;751.0;26640;Line 157;0;336.035435286826
-23.78071298;-46.553235184;753.2;26610;Line 157;0;336.035435286826
-23.780464251;-46.553351799;757.6;26580;Line 157;0;336.035435286826
-23.780215522;-46.553468413;762.0;26550;Line 157;0;336.035435286826
-23.779966793;-46.553585026;767.1;26520;Line 157;0;336.035435286826
-23.779718063;-46.55370164;777.8;26490;Line 157;0;336.035435286826
-23.779469334;-46.553818252;788.2;26460;Line 157;0;336.035435286826
-23.779220605;-46.553934865;798.5;26430;Line 157;0;336.035435286826
-23.778971875;-46.554051477;800.5;26400;Line 157;0;336.035435286826
-23.778723146;-46.554168088;799.4;26370;Line 157;0;336.035435286826
-23.778474416;-46.554284699;797.0;26340;Line 157;0;336.035435286826
-23.778225687;-46.55440131;792.6;26310;Line 157;0;336.035435286826
-23.777976957;-46.55451792;786.1;26280;Line 157;0;336.035435286826
-23.777728227;-46.55463453;779.4;26250;Line 157;0;336.035435286826
-23.777479497;-46.554751139;773.0;26220;Line 157;0;336.035435286826
-23.777230768;-46.554867748;769.9;26190;Line 157;0;336.035435286826
-23.776982038;-46.554984357;767.1;26160;Line 157;0;336.035435286826
-23.776733308;-46.555100965;764.7;26130;Line 157;0;336.035435286826
-23.776484577;-46.555217573;763.1;26100;Line 157;0;336.035435286826
-23.776235847;-46.55533418;761.9;26070;Line 157;0;336.035435286826
-23.775987117;-46.555450787;760.5;26040;Line 157;0;336.035435286826
-23.775738387;-46.555567393;758.0;26010;Line 157;0;336.035435286826
-23.775489656;-46.555683999;754.5;25980;Line 157;0;336.035435286826
-23.775240926;-46.555800605;752.1;25950;Line 157;0;336.035435286826
-23.774992195;-46.55591721;751.1;25920;Line 157;0;336.035435286826
-23.774743464;-46.556033815;753.5;25890;Line 157;0;336.035435286826
-23.774494734;-46.556150419;756.4;25860;Line 157;0;336.035435286826
-23.774246003;-46.556267023;759.7;25830;Line 157;0;336.035435286826
-23.773997272;-46.556383627;766.4;25800;Line 157;0;336.035435286826
-23.773748541;-46.55650023;775.2;25770;Line 157;0;336.035435286826
-23.77349981;-46.556616832;784.7;25740;Line 157;0;336.035435286826
-23.773251079;-46.556733435;793.2;25710;Line 157;0;336.035435286826
-23.773002348;-46.556850037;799.9;25680;Line 157;0;336.035435286826
-23.772753617;-46.556966638;806.1;25650;Line 157;0;336.035435286826
-23.772504885;-46.557083239;811.9;25620;Line 157;0;336.035435286826
-23.772256154;-46.55719984;816.6;25590;Line 157;0;336.035435286826
-23.772007423;-46.55731644;821.9;25560;Line 157;0;336.035435286826
-23.771758691;-46.557433039;827.8;25530;Line 157;0;336.035435286826
-23.77150996;-46.557549639;828.7;25500;Line 157;0;336.035435286826
-23.771261228;-46.557666238;825.7;25470;Line 157;0;336.035435286826
-23.771012496;-46.557782836;823.8;25440;Line 157;0;336.035435286826
-23.770763764;-46.557899434;823.0;25410;Line 157;0;336.035435286826
-23.770515032;-46.558016032;823.7;25380;Line 157;0;336.035435286826
-23.770266301;-46.558132629;825.7;25350;Line 157;0;336.035435286826
-23.770017568;-46.558249226;828.7;25320;Line 157;0;336.035435286826
-23.769768836;-46.558365822;825.6;25290;Line 157;0;336.035435286826
-23.769520104;-46.558482418;821.2;25260;Line 157;0;336.035435286826
-23.769271372;-46.558599014;817.8;25230;Line 157;0;336.035435286826
-23.76902264;-46.558715609;813.5;25200;Line 157;0;336.035435286826
-23.768773907;-46.558832204;808.8;25170;Line 157;0;336.035435286826
-23.768525175;-46.558948798;804.8;25140;Line 157;0;336.035435286826
-23.768276442;-46.559065392;801.5;25110;Line 157;0;336.035435286826
-23.76802771;-46.559181985;798.3;25080;Line 157;0;336.035435286826
-23.767778977;-46.559298578;795.0;25050;Line 157;0;336.035435286826
-23.767530244;-46.559415171;791.0;25020;Line 157;0;336.035435286826
-23.767281511;-46.559531763;791.4;24990;Line 157;0;336.035435286826
-23.767032779;-46.559648355;791.7;24960;Line 157;0;336.035435286826
-23.766784046;-46.559764946;791.1;24930;Line 157;0;336.035435286826
-23.766535313;-46.559881537;790.2;24900;Line 157;0;336.035435286826
-23.76628658;-46.559998127;790.6;24870;Line 157;0;336.035435286826
-23.766037846;-46.560114718;791.3;24840;Line 157;0;336.035435286826
-23.765789113;-46.560231307;791.2;24810;Line 157;0;336.035435286826
-23.76554038;-46.560347896;785.8;24780;Line 157;0;336.035435286826
-23.765291646;-46.560464485;780.6;24750;Line 157;0;336.035435286826
-23.765042913;-46.560581074;775.5;24720;Line 157;0;336.035435286826
-23.764794179;-46.560697662;768.7;24690;Line 157;0;336.035435286826
-23.764545446;-46.560814249;762.0;24660;Line 157;0;336.035435286826
-23.764296712;-46.560930836;756.0;24630;Line 157;0;336.035435286826
-23.764047978;-46.561047423;753.2;24600;Line 157;0;336.035435286826
-23.763799244;-46.561164009;752.8;24570;Line 157;0;336.035435286826
-23.763550511;-46.561280595;752.4;24540;Line 157;0;336.035435286826
-23.763301777;-46.561397181;752.0;24510;Line 157;0;336.035435286826
-23.763053043;-46.561513766;751.9;24480;Line 157;0;336.035435286826
-23.762804308;-46.56163035;751.3;24450;Line 157;0;336.035435286826
-23.762555574;-46.561746935;751.7;24420;Line 157;0;336.035435286826
-23.76230684;-46.561863518;753.1;24390;Line 157;0;336.035435286826
-23.762058106;-46.561980102;755.2;24360;Line 157;0;336.035435286826
-23.761809371;-46.562096685;758.0;24330;Line 157;0;336.035435286826
-23.761560637;-46.562213267;760.9;24300;Line 157;0;336.035435286826
-23.761311902;-46.562329849;762.9;24270;Line 157;0;336.035435286826
-23.761063168;-46.562446431;764.5;24240;Line 157;0;336.035435286826
-23.760814433;-46.562563012;766.2;24210;Line 157;0;336.035435286826
-23.760565698;-46.562679593;769.9;24180;Line 157;0;336.035435286826
-23.760316963;-46.562796174;773.6;24150;Line 157;0;336.035435286826
-23.760068228;-46.562912754;777.5;24120;Line 157;0;336.035435286826
-23.759819493;-46.563029333;777.7;24090;Line 157;0;336.035435286826
-23.759570758;-46.563145912;776.5;24060;Line 157;0;336.035435286826
-23.759322023;-46.563262491;775.0;24030;Line 157;0;336.035435286826
-23.759073288;-46.563379069;773.2;24000;Line 157;0;336.035435286826
-23.758824553;-46.563495647;770.0;23970;Line 157;0;336.035435286826
-23.758575817;-46.563612225;765.7;23940;Line 157;0;336.035435286826
-23.758327082;-46.563728802;760.6;23910;Line 157;0;336.035435286826
-23.758078346;-46.563845379;766.5;23880;Line 157;0;336.035435286826
-23.757829611;-46.563961955;771.7;23850;Line 157;0;336.035435286826
-23.757580875;-46.564078531;776.1;23820;Line 157;0;336.035435286826
-23.757332139;-46.564195106;780.3;23790;Line 157;0;336.035435286826
-23.757083404;-46.564311681;782.5;23760;Line 157;0;336.035435286826
-23.756834668;-46.564428256;782.9;23730;Line 157;0;336.035435286826
-23.756585932;-46.56454483;780.8;23700;Line 157;0;336.035435286826
-23.756337196;-46.564661403;776.5;23670;Line 157;0;336.035435286826
-23.75608846;-46.564777977;772.3;23640;Line 157;0;336.035435286826
-23.755839724;-46.56489455;768.3;23610;Line 157;0;336.035435286826
-23.755590987;-46.565011122;767.2;23580;Line 157;0;336.035435286826
-23.755342251;-46.565127694;769.7;23550;Line 157;0;336.035435286826
-23.755093515;-46.565244266;771.4;23520;Line 157;0;336.035435286826
-23.754844778;-46.565360837;774.2;23490;Line 157;0;336.035435286826
-23.754596042;-46.565477408;776.3;23460;Line 157;0;336.035435286826
-23.754347305;-46.565593978;776.7;23430;Line 157;0;336.035435286826
-23.754098568;-46.565710548;775.7;23400;Line 157;0;336.035435286826
-23.753849832;-46.565827118;775.2;23370;Line 157;0;336.035435286826
-23.753601095;-46.565943687;779.1;23340;Line 157;0;336.035435286826
-23.753352358;-46.566060255;781.7;23310;Line 157;0;336.035435286826
-23.753103621;-46.566176824;784.5;23280;Line 157;0;336.035435286826
-23.752854884;-46.566293391;785.2;23250;Line 157;0;336.035435286826
-23.752606147;-46.566409959;783.7;23220;Line 157;0;336.035435286826
-23.75235741;-46.566526526;781.0;23190;Line 157;0;336.035435286826
-23.752108673;-46.566643093;778.2;23160;Line 157;0;336.035435286826
-23.751859935;-46.566759659;779.9;23130;Line 157;0;336.035435286826
-23.751611198;-46.566876224;782.3;23100;Line 157;0;336.035435286826
-23.75136246;-46.56699279;783.7;23070;Line 157;0;336.035435286826
-23.751113723;-46.567109355;785.1;23040;Line 157;0;336.035435286826
-23.750864985;-46.567225919;786.4;23010;Line 157;0;336.035435286826
-23.750616248;-46.567342483;793.1;22980;Line 157;0;336.035435286826
-23.75036751;-46.567459047;801.6;22950;Line 157;0;336.035435286826
-23.750118772;-46.56757561;810.2;22920;Line 157;0;336.035435286826
-23.749870034;-46.567692173;817.9;22890;Line 157;0;336.035435286826
-23.749621296;-46.567808735;825.2;22860;Line 157;0;336.035435286826
-23.749372558;-46.567925297;832.2;22830;Line 157;0;336.035435286826
-23.74912382;-46.568041859;837.7;22800;Line 157;0;336.035435286826
-23.748875082;-46.56815842;835.8;22770;Line 157;0;336.035435286826
-23.748626344;-46.568274981;832.9;22740;Line 157;0;336.035435286826
-23.748377605;-46.568391541;829.2;22710;Line 157;0;336.035435286826
-23.748128867;-46.568508101;826.7;22680;Line 157;0;336.035435286826
-23.747880128;-46.56862466;824.5;22650;Line 157;0;336.035435286826
-23.74763139;-46.568741219;822.3;22620;Line 157;0;336.035435286826
-23.747382651;-46.568857778;819.1;22590;Line 157;0;336.035435286826
-23.747133913;-46.568974336;814.9;22560;Line 157;0;336.035435286826
-23.746885174;-46.569090894;811.1;22530;Line 157;0;336.035435286826
-23.746636435;-46.569207451;807.8;22500;Line 157;0;336.035435286826
-23.746387696;-46.569324008;804.9;22470;Line 157;0;336.035435286826
-23.746138957;-46.569440565;801.7;22440;Line 157;0;336.035435286826
-23.745890218;-46.569557121;798.3;22410;Line 157;0;336.035435286826
-23.745641479;-46.569673677;796.9;22380;Line 157;0;336.035435286826
-23.74539274;-46.569790232;795.2;22350;Line 157;0;336.035435286826
-23.745144001;-46.569906787;792.5;22320;Line 157;0;336.035435286826
-23.744895261;-46.570023341;790.0;22290;Line 157;0;336.035435286826
-23.744646522;-46.570139895;789.7;22260;Line 157;0;336.035435286826
-23.744397782;-46.570256449;789.1;22230;Line 157;0;336.035435286826
-23.744149043;-46.570373002;788.3;22200;Line 157;0;336.035435286826
-23.743900303;-46.570489555;787.3;22170;Line 157;0;336.035435286826
-23.743651563;-46.570606107;786.5;22140;Line 157;0;336.035435286826
-23.743402824;-46.570722659;785.7;22110;Line 157;0;336.035435286826
-23.743154084;-46.570839211;786.5;22080;Line 157;0;336.035435286826
-23.742905344;-46.570955762;788.9;22050;Line 157;0;336.035435286826
-23.742656604;-46.571072312;791.3;22020;Line 157;0;336.035435286826
-23.742407864;-46.571188863;793.6;21990;Line 157;0;336.035435286826
-23.742159124;-46.571305412;795.8;21960;Line 157;0;336.035435286826
-23.741910384;-46.571421962;798.2;21930;Line 157;0;336.035435286826
-23.741661643;-46.571538511;800.5;21900;Line 157;0;336.035435286826
-23.741412903;-46.571655059;800.1;21870;Line 157;0;336.035435286826
-23.741164163;-46.571771608;799.1;21840;Line 157;0;336.035435286826
-23.740915422;-46.571888155;798.0;21810;Line 157;0;336.035435286826
-23.740666681;-46.572004703;796.2;21780;Line 157;0;336.035435286826
-23.740417941;-46.572121249;793.6;21750;Line 157;0;336.035435286826
-23.7401692;-46.572237796;790.9;21720;Line 157;0;336.035435286826
-23.739920459;-46.572354342;788.5;21690;Line 157;0;336.035435286826
-23.739671719;-46.572470888;787.0;21660;Line 157;0;336.035435286826
-23.739422978;-46.572587433;786.0;21630;Line 157;0;336.035435286826
-23.739174237;-46.572703978;785.5;21600;Line 157;0;336.035435286826
-23.738925496;-46.572820522;787.6;21570;Line 157;0;336.035435286826
-23.738676754;-46.572937066;789.5;21540;Line 157;0;336.035435286826
-23.738428013;-46.57305361;791.4;21510;Line 157;0;336.035435286826
-23.738179272;-46.573170153;792.0;21480;Line 157;0;336.035435286826
-23.737930531;-46.573286695;791.7;21450;Line 157;0;336.035435286826
-23.737681789;-46.573403238;790.8;21420;Line 157;0;336.035435286826
-23.737433048;-46.57351978;790.2;21390;Line 157;0;336.035435286826
-23.737184306;-46.573636321;789.9;21360;Line 157;0;336.035435286826
-23.736935564;-46.573752862;789.7;21330;Line 157;0;336.035435286826
-23.736686823;-46.573869403;789.4;21300;Line 157;0;336.035435286826
-23.736438081;-46.573985943;787.0;21270;Line 157;0;336.035435286826
-23.736189339;-46.574102483;784.3;21240;Line 157;0;336.035435286826
-23.735940597;-46.574219022;781.7;21210;Line 157;0;336.035435286826
-23.735691855;-46.574335561;781.9;21180;Line 157;0;336.035435286826
-23.735443113;-46.574452099;783.9;21150;Line 157;0;336.035435286826
-23.735194371;-46.574568637;785.8;21120;Line 157;0;336.035435286826
-23.734945629;-46.574685175;787.1;21090;Line 157;0;336.035435286826
-23.734696886;-46.574801712;786.7;21060;Line 157;0;336.035435286826
-23.734448144;-46.574918249;786.7;21030;Line 157;0;336.035435286826
-23.734199402;-46.575034786;786.8;21000;Line 157;0;336.035435286826
-23.733950659;-46.575151322;785.7;20970;Line 157;0;336.035435286826
-23.733701916;-46.575267857;784.6;20940;Line 157;0;336.035435286826
-23.733453174;-46.575384392;783.8;20910;Line 157;0;336.035435286826
-23.733204431;-46.575500927;783.3;20880;Line 157;0;336.035435286826
-23.732955688;-46.575617462;782.7;20850;Line 157;0;336.035435286826
-23.732706945;-46.575733995;781.5;20820;Line 157;0;336.035435286826
-23.732458202;-46.575850529;780.1;20790;Line 157;0;336.035435286826
-23.732209459;-46.575967062;780.4;20760;Line 157;0;336.035435286826
-23.731960716;-46.576083595;780.5;20730;Line 157;0;336.035435286826
-23.731711973;-46.576200127;780.5;20700;Line 157;0;336.035435286826
-23.73146323;-46.576316659;782.0;20670;Line 157;0;336.035435286826
-23.731214487;-46.57643319;783.7;20640;Line 157;0;336.035435286826
-23.730965743;-46.576549721;785.3;20610;Line 157;0;336.035435286826
-23.730717;-46.576666252;786.8;20580;Line 157;0;336.035435286826
-23.730468256;-46.576782782;789.6;20550;Line 157;0;336.035435286826
-23.730219513;-46.576899312;792.4;20520;Line 157;0;336.035435286826
-23.729970769;-46.577015841;795.0;20490;Line 157;0;336.035435286826
-23.729722025;-46.57713237;796.6;20460;Line 157;0;336.035435286826
-23.729473281;-46.577248898;797.6;20430;Line 157;0;336.035435286826
-23.729224538;-46.577365426;798.0;20400;Line 157;0;336.035435286826
-23.728975794;-46.577481954;799.4;20370;Line 157;0;336.035435286826
-23.72872705;-46.577598481;801.2;20340;Line 157;0;336.035435286826
-23.728478306;-46.577715008;802.6;20310;Line 157;0;336.035435286826
-23.728229561;-46.577831534;803.2;20280;Line 157;0;336.035435286826
-23.727980817;-46.57794806;803.0;20250;Line 157;0;336.035435286826
-23.727732073;-46.578064586;803.2;20220;Line 157;0;336.035435286826
-23.727483328;-46.578181111;803.6;20190;Line 157;0;336.035435286826
-23.727234584;-46.578297636;803.3;20160;Line 157;0;336.035435286826
-23.726985839;-46.57841416;802.8;20130;Line 157;0;336.035435286826
-23.726737095;-46.578530684;802.4;20100;Line 157;0;336.035435286826
-23.72648835;-46.578647207;801.7;20070;Line 157;0;336.035435286826
-23.726239605;-46.57876373;801.0;20040;Line 157;0;336.035435286826
-23.725990861;-46.578880253;800.5;20010;Line 157;0;336.035435286826
-23.725742116;-46.578996775;800.0;19980;Line 157;0;336.035435286826
-23.725493371;-46.579113297;798.9;19950;Line 157;0;336.035435286826
-23.725244626;-46.579229818;797.8;19920;Line 157;0;336.035435286826
-23.724995881;-46.579346339;797.1;19890;Line 157;0;336.035435286826
-23.724747135;-46.57946286;796.5;19860;Line 157;0;336.035435286826
-23.72449839;-46.57957938;796.1;19830;Line 157;0;336.035435286826
-23.724249645;-46.5796959;795.8;19800;Line 157;0;336.035435286826
-23.724000899;-46.579812419;796.2;19770;Line 157;0;336.035435286826
-23.723752154;-46.579928938;796.9;19740;Line 157;0;336.035435286826
-23.723503408;-46.580045456;797.7;19710;Line 157;0;336.035435286826
-23.723254663;-46.580161974;798.6;19680;Line 157;0;336.035435286826
-23.723005917;-46.580278492;798.4;19650;Line 157;0;336.035435286826
-23.722757171;-46.580395009;798.1;19620;Line 157;0;336.035435286826
-23.722508426;-46.580511526;797.6;19590;Line 157;0;336.035435286826
-23.72225968;-46.580628042;796.6;19560;Line 157;0;336.035435286826
-23.722010934;-46.580744558;795.1;19530;Line 157;0;336.035435286826
-23.721762188;-46.580861073;793.1;19500;Line 157;0;336.035435286826
-23.721513442;-46.580977588;791.7;19470;Line 157;0;336.035435286826
-23.721264695;-46.581094103;791.0;19440;Line 157;0;336.035435286826
-23.721015949;-46.581210617;790.5;19410;Line 157;0;336.035435286826
-23.720767203;-46.581327131;790.3;19380;Line 157;0;336.035435286826
-23.720518456;-46.581443645;790.8;19350;Line 157;0;336.035435286826
-23.72026971;-46.581560158;791.4;19320;Line 157;0;336.035435286826
-23.720020963;-46.58167667;792.0;19290;Line 157;0;336.035435286826
-23.719772217;-46.581793182;790.7;19260;Line 157;0;336.035435286826
-23.71952347;-46.581909694;789.5;19230;Line 157;0;336.035435286826
-23.719274723;-46.582026205;788.4;19200;Line 157;0;336.035435286826
-23.719025976;-46.582142716;787.9;19170;Line 157;0;336.035435286826
-23.71877723;-46.582259227;787.7;19140;Line 157;0;336.035435286826
-23.718528483;-46.582375737;787.3;19110;Line 157;0;336.035435286826
-23.718279736;-46.582492246;786.9;19080;Line 157;0;336.035435286826
-23.718030988;-46.582608756;787.1;19050;Line 157;0;336.035435286826
-23.717782241;-46.582725265;787.1;19020;Line 157;0;336.035435286826
-23.717533494;-46.582841773;786.8;18990;Line 157;0;336.035435286826
-23.717284747;-46.582958281;786.2;18960;Line 157;0;336.035435286826
-23.717035999;-46.583074788;785.5;18930;Line 157;0;336.035435286826
-23.716787252;-46.583191296;784.9;18900;Line 157;0;336.035435286826
-23.716538504;-46.583307802;784.3;18870;Line 157;0;336.035435286826
-23.716289757;-46.583424309;783.7;18840;Line 157;0;336.035435286826
-23.716041009;-46.583540815;783.1;18810;Line 157;0;336.035435286826
-23.715792261;-46.58365732;782.5;18780;Line 157;0;336.035435286826
-23.715543513;-46.583773825;782.5;18750;Line 157;0;336.035435286826
-23.715294765;-46.58389033;781.9;18720;Line 157;0;336.035435286826
-23.715046017;-46.584006834;780.8;18690;Line 157;0;336.035435286826
-23.714797269;-46.584123338;780.9;18660;Line 157;0;336.035435286826
-23.714548521;-46.584239841;781.8;18630;Line 157;0;336.035435286826
-23.714299773;-46.584356344;782.2;18600;Line 157;0;336.035435286826
-23.714051025;-46.584472847;781.8;18570;Line 157;0;336.035435286826
-23.713802276;-46.584589349;781.0;18540;Line 157;0;336.035435286826
-23.713553528;-46.58470585;780.1;18510;Line 157;0;336.035435286826
-23.713304779;-46.584822352;779.2;18480;Line 157;0;336.035435286826
-23.713056031;-46.584938853;779.7;18450;Line 157;0;336.035435286826
-23.712807282;-46.585055353;780.3;18420;Line 157;0;336.035435286826
-23.712558534;-46.585171853;780.8;18390;Line 157;0;336.035435286826
-23.712309785;-46.585288353;781.2;18360;Line 157;0;336.035435286826
-23.712061036;-46.585404852;781.5;18330;Line 157;0;336.035435286826
-23.711812287;-46.585521351;781.2;18300;Line 157;0;336.035435286826
-23.711563538;-46.585637849;780.8;18270;Line 157;0;336.035435286826
-23.711314789;-46.585754347;780.5;18240;Line 157;0;336.035435286826
-23.71106604;-46.585870844;780.7;18210;Line 157;0;336.035435286826
-23.710817291;-46.585987342;781.1;18180;Line 157;0;336.035435286826
-23.710568541;-46.586103838;781.4;18150;Line 157;0;336.035435286826
-23.710319792;-46.586220335;781.8;18120;Line 157;0;336.035435286826
-23.710071043;-46.58633683;782.3;18090;Line 157;0;336.035435286826
-23.709822293;-46.586453326;781.3;18060;Line 157;0;336.035435286826
-23.709573544;-46.586569821;779.5;18030;Line 157;0;336.035435286826
-23.709324794;-46.586686315;777.7;18000;Line 157;0;336.035435286826
-23.709076044;-46.58680281;776.9;17970;Line 157;0;336.035435286826
-23.708827294;-46.586919303;777.3;17940;Line 157;0;336.035435286826
-23.708578545;-46.587035797;777.6;17910;Line 157;0;336.035435286826
-23.708329795;-46.58715229;777.5;17880;Line 157;0;336.035435286826
-23.708081045;-46.587268782;777.1;17850;Line 157;0;336.035435286826
-23.707832295;-46.587385274;776.5;17820;Line 157;0;336.035435286826
-23.707583544;-46.587501766;775.9;17790;Line 157;0;336.035435286826
-23.707334794;-46.587618257;776.4;17760;Line 157;0;336.035435286826
-23.707086044;-46.587734748;777.3;17730;Line 157;0;336.035435286826
-23.706837294;-46.587851238;778.0;17700;Line 157;0;336.035435286826
-23.706588543;-46.587967728;778.3;17670;Line 157;0;336.035435286826
-23.706339793;-46.588084218;777.8;17640;Line 157;0;336.035435286826
-23.706091042;-46.588200707;777.1;17610;Line 157;0;336.035435286826
-23.705842291;-46.588317196;776.2;17580;Line 157;0;336.035435286826
-23.705593541;-46.588433684;774.9;17550;Line 157;0;336.035435286826
-23.70534479;-46.588550172;773.7;17520;Line 157;0;336.035435286826
-23.705096039;-46.58866666;772.7;17490;Line 157;0;336.035435286826
-23.704847288;-46.588783147;771.4;17460;Line 157;0;336.035435286826
-23.704598537;-46.588899634;769.6;17430;Line 157;0;336.035435286826
-23.704349786;-46.58901612;767.5;17400;Line 157;0;336.035435286826
-23.704101035;-46.589132606;765.6;17370;Line 157;0;336.035435286826
-23.703852284;-46.589249091;765.7;17340;Line 157;0;336.035435286826
-23.703603532;-46.589365576;766.2;17310;Line 157;0;336.035435286826
-23.703354781;-46.589482061;766.6;17280;Line 157;0;336.035435286826
-23.70310603;-46.589598545;765.9;17250;Line 157;0;336.035435286826
-23.702857278;-46.589715028;765.2;17220;Line 157;0;336.035435286826
-23.702608527;-46.589831512;764.5;17190;Line 157;0;336.035435286826
-23.702359775;-46.589947995;764.3;17160;Line 157;0;336.035435286826
-23.702111023;-46.590064477;765.2;17130;Line 157;0;336.035435286826
-23.701862271;-46.590180959;766.8;17100;Line 157;0;336.035435286826
-23.70161352;-46.590297441;768.5;17070;Line 157;0;336.035435286826
-23.701364768;-46.590413922;769.4;17040;Line 157;0;336.035435286826
-23.701116016;-46.590530403;770.3;17010;Line 157;0;336.035435286826
-23.700867264;-46.590646883;771.1;16980;Line 157;0;336.035435286826
-23.700618511;-46.590763363;772.0;16950;Line 157;0;336.035435286826
-23.700369759;-46.590879843;772.9;16920;Line 157;0;336.035435286826
-23.700121007;-46.590996322;773.5;16890;Line 157;0;336.035435286826
-23.699872254;-46.591112801;774.0;16860;Line 157;0;336.035435286826
-23.699623502;-46.591229279;774.7;16830;Line 157;0;336.035435286826
-23.69937475;-46.591345757;775.1;16800;Line 157;0;336.035435286826
-23.699125997;-46.591462235;775.9;16770;Line 157;0;336.035435286826
-23.698877244;-46.591578712;780.7;16740;Line 157;0;336.035435286826
-23.698628492;-46.591695188;785.6;16710;Line 157;0;336.035435286826
-23.698379739;-46.591811664;789.5;16680;Line 157;0;336.035435286826
-23.698130986;-46.59192814;790.2;16650;Line 157;0;336.035435286826
-23.697882233;-46.592044616;790.9;16620;Line 157;0;336.035435286826
-23.69763348;-46.592161091;792.3;16590;Line 157;0;336.035435286826
-23.697384727;-46.592277565;792.2;16560;Line 157;0;336.035435286826
-23.697135974;-46.592394039;789.7;16530;Line 157;0;336.035435286826
-23.696887221;-46.592510513;787.0;16500;Line 157;0;336.035435286826
-23.696638467;-46.592626986;785.0;16470;Line 157;0;336.035435286826
-23.696389714;-46.592743459;783.1;16440;Line 157;0;336.035435286826
-23.69614096;-46.592859932;781.0;16410;Line 157;0;336.035435286826
-23.695892207;-46.592976404;778.8;16380;Line 157;0;336.035435286826
-23.695643453;-46.593092875;781.2;16350;Line 157;0;336.035435286826
-23.6953947;-46.593209347;784.9;16320;Line 157;0;336.035435286826
-23.695145946;-46.593325817;788.4;16290;Line 157;0;336.035435286826
-23.694897192;-46.593442288;792.2;16260;Line 157;0;336.035435286826
-23.694648438;-46.593558758;795.8;16230;Line 157;0;336.035435286826
-23.694399684;-46.593675227;799.4;16200;Line 157;0;336.035435286826
-23.69415093;-46.593791696;803.0;16170;Line 157;0;336.035435286826
-23.693902176;-46.593908165;804.3;16140;Line 157;0;336.035435286826
-23.693653422;-46.594024633;805.3;16110;Line 157;0;336.035435286826
-23.693404668;-46.594141101;805.9;16080;Line 157;0;336.035435286826
-23.693155914;-46.594257569;809.5;16050;Line 157;0;336.035435286826
-23.692907159;-46.594374036;813.2;16020;Line 157;0;336.035435286826
-23.692658405;-46.594490502;815.9;15990;Line 157;0;336.035435286826
-23.69240965;-46.594606969;816.3;15960;Line 157;0;336.035435286826
-23.692160896;-46.594723434;814.6;15930;Line 157;0;336.035435286826
-23.691912141;-46.5948399;812.8;15900;Line 157;0;336.035435286826
-23.691663386;-46.594956365;811.0;15870;Line 157;0;336.035435286826
-23.691414631;-46.595072829;809.5;15840;Line 157;0;336.035435286826
-23.691165877;-46.595189293;808.1;15810;Line 157;0;336.035435286826
-23.690917122;-46.595305757;807.0;15780;Line 157;0;336.035435286826
-23.690668367;-46.59542222;805.7;15750;Line 157;0;336.035435286826
-23.690419612;-46.595538683;804.4;15720;Line 157;0;336.035435286826
-23.690170856;-46.595655146;803.4;15690;Line 157;0;336.035435286826
-23.689922101;-46.595771608;802.7;15660;Line 157;0;336.035435286826
-23.689673346;-46.595888069;802.1;15630;Line 157;0;336.035435286826
-23.689424591;-46.596004531;801.2;15600;Line 157;0;336.035435286826
-23.689175835;-46.596120991;800.3;15570;Line 157;0;336.035435286826
-23.68892708;-46.596237452;797.3;15540;Line 157;0;336.035435286826
-23.688678324;-46.596353912;794.4;15510;Line 157;0;336.035435286826
-23.688429568;-46.596470371;791.8;15480;Line 157;0;336.035435286826
-23.688180813;-46.59658683;789.1;15450;Line 157;0;336.035435286826
-23.687932057;-46.596703289;786.0;15420;Line 157;0;336.035435286826
-23.687683301;-46.596819747;782.4;15390;Line 157;0;336.035435286826
-23.687434545;-46.596936205;778.9;15360;Line 157;0;336.035435286826
-23.687185789;-46.597052663;776.2;15330;Line 157;0;336.035435286826
-23.686937033;-46.59716912;773.7;15300;Line 157;0;336.035435286826
-23.686688277;-46.597285576;771.2;15270;Line 157;0;336.035435286826
-23.68643952;-46.597402033;768.9;15240;Line 157;0;336.035435286826
-23.686190764;-46.597518488;766.5;15210;Line 157;0;336.035435286826
-23.685942008;-46.597634944;764.3;15180;Line 157;0;336.035435286826
-23.685693251;-46.597751399;763.0;15150;Line 157;0;336.035435286826
-23.685444495;-46.597867853;762.4;15120;Line 157;0;336.035435286826
-23.685195738;-46.597984307;761.9;15090;Line 157;0;336.035435286826
-23.684946982;-46.598100761;761.8;15060;Line 157;0;336.035435286826
-23.684698225;-46.598217214;762.8;15030;Line 157;0;336.035435286826
-23.684449468;-46.598333667;764.3;15000;Line 157;0;336.035435286826
-23.684200711;-46.59845012;766.7;14970;Line 157;0;336.035435286826
-23.683951954;-46.598566572;768.4;14940;Line 157;0;336.035435286826
-23.683703197;-46.598683023;770.2;14910;Line 157;0;336.035435286826
-23.68345444;-46.598799474;772.2;14880;Line 157;0;336.035435286826
-23.683205683;-46.598915925;773.2;14850;Line 157;0;336.035435286826
-23.682956926;-46.599032376;772.5;14820;Line 157;0;336.035435286826
-23.682708168;-46.599148826;770.9;14790;Line 157;0;336.035435286826
-23.682459411;-46.599265275;769.1;14760;Line 157;0;336.035435286826
-23.682210654;-46.599381724;768.7;14730;Line 157;0;336.035435286826
-23.681961896;-46.599498173;768.2;14700;Line 157;0;336.035435286826
-23.681713138;-46.599614621;767.7;14670;Line 157;0;336.035435286826
-23.681464381;-46.599731069;767.3;14640;Line 157;0;336.035435286826
-23.681215623;-46.599847516;767.1;14610;Line 157;0;336.035435286826
-23.680966865;-46.599963963;767.0;14580;Line 157;0;336.035435286826
-23.680718107;-46.60008041;768.4;14550;Line 157;0;336.035435286826
-23.680469349;-46.600196856;771.1;14520;Line 157;0;336.035435286826
-23.680220591;-46.600313302;774.1;14490;Line 157;0;336.035435286826
-23.679971833;-46.600429747;777.1;14460;Line 157;0;336.035435286826
-23.679723075;-46.600546192;777.9;14430;Line 157;0;336.035435286826
-23.679474317;-46.600662637;778.5;14400;Line 157;0;336.035435286826
-23.679225559;-46.600779081;778.8;14370;Line 157;0;336.035435286826
-23.6789768;-46.600895525;780.9;14340;Line 157;0;336.035435286826
-23.678728042;-46.601011968;783.5;14310;Line 157;0;336.035435286826
-23.678479283;-46.601128411;786.1;14280;Line 157;0;336.035435286826
-23.678230525;-46.601244853;789.3;14250;Line 157;0;336.035435286826
-23.677981766;-46.601361295;793.1;14220;Line 157;0;336.035435286826
-23.677733007;-46.601477737;796.6;14190;Line 157;0;336.035435286826
-23.677484249;-46.601594178;799.9;14160;Line 157;0;336.035435286826
-23.67723549;-46.601710619;802.3;14130;Line 157;0;336.035435286826
-23.676986731;-46.601827059;804.3;14100;Line 157;0;336.035435286826
-23.676737972;-46.601943499;806.2;14070;Line 157;0;336.035435286826
-23.676489213;-46.602059939;805.5;14040;Line 157;0;336.035435286826
-23.676240453;-46.602176378;803.5;14010;Line 157;0;336.035435286826
-23.675991694;-46.602292816;801.0;13980;Line 157;0;336.035435286826
-23.675742935;-46.602409255;797.7;13950;Line 157;0;336.035435286826
-23.675494176;-46.602525693;793.7;13920;Line 157;0;336.035435286826
-23.675245416;-46.60264213;790.3;13890;Line 157;0;336.035435286826
-23.674996657;-46.602758567;787.4;13860;Line 157;0;336.035435286826
-23.674747897;-46.602875004;786.1;13830;Line 157;0;336.035435286826
-23.674499137;-46.60299144;785.4;13800;Line 157;0;336.035435286826
-23.674250378;-46.603107876;785.5;13770;Line 157;0;336.035435286826
-23.674001618;-46.603224311;787.3;13740;Line 157;0;336.035435286826
-23.673752858;-46.603340746;790.0;13710;Line 157;0;336.035435286826
-23.673504098;-46.60345718;792.6;13680;Line 157;0;336.035435286826
-23.673255338;-46.603573615;794.9;13650;Line 157;0;336.035435286826
-23.673006578;-46.603690048;797.2;13620;Line 157;0;336.035435286826
-23.672757818;-46.603806482;799.8;13590;Line 157;0;336.035435286826
-23.672509057;-46.603922914;802.6;13560;Line 157;0;336.035435286826
-23.672260297;-46.604039347;803.8;13530;Line 157;0;336.035435286826
-23.672011537;-46.604155779;805.4;13500;Line 157;0;336.035435286826
-23.671762776;-46.60427221;805.5;13470;Line 157;0;336.035435286826
-23.671514016;-46.604388642;804.1;13440;Line 157;0;336.035435286826
-23.671265255;-46.604505072;802.0;13410;Line 157;0;336.035435286826
-23.671016495;-46.604621503;800.2;13380;Line 157;0;336.035435286826
-23.670767734;-46.604737933;799.0;13350;Line 157;0;336.035435286826
-23.670518973;-46.604854362;798.9;13320;Line 157;0;336.035435286826
-23.670270212;-46.604970791;798.4;13290;Line 157;0;336.035435286826
-23.670021451;-46.60508722;796.7;13260;Line 157;0;336.035435286826
-23.66977269;-46.605203648;793.6;13230;Line 157;0;336.035435286826
-23.669523929;-46.605320076;790.3;13200;Line 157;0;336.035435286826
-23.669275168;-46.605436504;786.8;13170;Line 157;0;336.035435286826
-23.669026407;-46.605552931;782.0;13140;Line 157;0;336.035435286826
-23.668777645;-46.605669357;776.5;13110;Line 157;0;336.035435286826
-23.668528884;-46.605785784;771.3;13080;Line 157;0;336.035435286826
-23.668280123;-46.605902209;767.0;13050;Line 157;0;336.035435286826
-23.668031361;-46.606018635;764.3;13020;Line 157;0;336.035435286826
-23.6677826;-46.60613506;762.0;12990;Line 157;0;336.035435286826
-23.667533838;-46.606251484;760.2;12960;Line 157;0;336.035435286826
-23.667285076;-46.606367908;759.3;12930;Line 157;0;336.035435286826
-23.667036314;-46.606484332;759.0;12900;Line 157;0;336.035435286826
-23.666787552;-46.606600755;758.9;12870;Line 157;0;336.035435286826
-23.666538791;-46.606717178;759.7;12840;Line 157;0;336.035435286826
-23.666290029;-46.606833601;761.6;12810;Line 157;0;336.035435286826
-23.666041266;-46.606950023;763.9;12780;Line 157;0;336.035435286826
-23.665792504;-46.607066444;766.6;12750;Line 157;0;336.035435286826
-23.665543742;-46.607182865;769.6;12720;Line 157;0;336.035435286826
-23.66529498;-46.607299286;772.9;12690;Line 157;0;336.035435286826
-23.665046217;-46.607415707;776.4;12660;Line 157;0;336.035435286826
-23.664797455;-46.607532126;778.9;12630;Line 157;0;336.035435286826
-23.664548692;-46.607648546;781.0;12600;Line 157;0;336.035435286826
-23.66429993;-46.607764965;783.1;12570;Line 157;0;336.035435286826
-23.664051167;-46.607881384;785.5;12540;Line 157;0;336.035435286826
-23.663802404;-46.607997802;788.2;12510;Line 157;0;336.035435286826
-23.663553642;-46.60811422;791.2;12480;Line 157;0;336.035435286826
-23.663304879;-46.608230637;794.4;12450;Line 157;0;336.035435286826
-23.663056116;-46.608347054;797.6;12420;Line 157;0;336.035435286826
-23.662807353;-46.608463471;800.9;12390;Line 157;0;336.035435286826
-23.66255859;-46.608579887;804.7;12360;Line 157;0;336.035435286826
-23.662309827;-46.608696303;806.6;12330;Line 157;0;336.035435286826
-23.662061063;-46.608812718;807.4;12300;Line 157;0;336.035435286826
-23.6618123;-46.608929133;807.8;12270;Line 157;0;336.035435286826
-23.661563537;-46.609045548;807.9;12240;Line 157;0;336.035435286826
-23.661314773;-46.609161962;807.8;12210;Line 157;0;336.035435286826
-23.66106601;-46.609278376;806.0;12180;Line 157;0;336.035435286826
-23.660817246;-46.609394789;804.0;12150;Line 157;0;336.035435286826
-23.660568483;-46.609511202;800.8;12120;Line 157;0;336.035435286826
-23.660319719;-46.609627614;797.9;12090;Line 157;0;336.035435286826
-23.660070955;-46.609744026;795.0;12060;Line 157;0;336.035435286826
-23.659822191;-46.609860438;792.2;12030;Line 157;0;336.035435286826
-23.659573427;-46.609976849;789.4;12000;Line 157;0;336.035435286826
-23.659324663;-46.61009326;786.6;11970;Line 157;0;336.035435286826
-23.659075899;-46.61020967;784.5;11940;Line 157;0;336.035435286826
-23.658827135;-46.61032608;784.0;11910;Line 157;0;336.035435286826
-23.658578371;-46.61044249;783.9;11880;Line 157;0;336.035435286826
-23.658329606;-46.610558899;784.0;11850;Line 157;0;336.035435286826
-23.658080842;-46.610675308;786.5;11820;Line 157;0;336.035435286826
-23.657832078;-46.610791716;789.5;11790;Line 157;0;336.035435286826
-23.657583313;-46.610908124;792.8;11760;Line 157;0;336.035435286826
-23.657334549;-46.611024531;794.8;11730;Line 157;0;336.035435286826
-23.657085784;-46.611140938;796.1;11700;Line 157;0;336.035435286826
-23.656837019;-46.611257345;797.4;11670;Line 157;0;336.035435286826
-23.656588254;-46.611373751;799.2;11640;Line 157;0;336.035435286826
-23.65633949;-46.611490157;802.0;11610;Line 157;0;336.035435286826
-23.656090725;-46.611606562;804.7;11580;Line 157;0;336.035435286826
-23.65584196;-46.611722967;807.4;11550;Line 157;0;336.035435286826
-23.655593195;-46.611839372;807.8;11520;Line 157;0;336.035435286826
-23.655344429;-46.611955776;808.1;11490;Line 157;0;336.035435286826
-23.655095664;-46.61207218;808.2;11460;Line 157;0;336.035435286826
-23.654846899;-46.612188583;807.8;11430;Line 157;0;336.035435286826
-23.654598133;-46.612304986;806.9;11400;Line 157;0;336.035435286826
-23.654349368;-46.612421389;805.9;11370;Line 157;0;336.035435286826
-23.654100603;-46.612537791;804.9;11340;Line 157;0;336.035435286826
-23.653851837;-46.612654192;804.1;11310;Line 157;0;336.035435286826
-23.653603071;-46.612770593;802.8;11280;Line 157;0;336.035435286826
-23.653354306;-46.612886994;801.2;11250;Line 157;0;336.035435286826
-23.65310554;-46.613003395;799.9;11220;Line 157;0;336.035435286826
-23.652856774;-46.613119795;799.3;11190;Line 157;0;336.035435286826
-23.652608008;-46.613236194;799.3;11160;Line 157;0;336.035435286826
-23.652359242;-46.613352593;799.6;11130;Line 157;0;336.035435286826
-23.652110476;-46.613468992;800.1;11100;Line 157;0;336.035435286826
-23.65186171;-46.61358539;800.7;11070;Line 157;0;336.035435286826
-23.651612944;-46.613701788;802.3;11040;Line 157;0;336.035435286826
-23.651364177;-46.613818186;806.4;11010;Line 157;0;336.035435286826
-23.651115411;-46.613934583;810.4;10980;Line 157;0;336.035435286826
-23.650866645;-46.614050979;814.2;10950;Line 157;0;336.035435286826
-23.650617878;-46.614167376;816.3;10920;Line 157;0;336.035435286826
-23.650369111;-46.614283772;816.2;10890;Line 157;0;336.035435286826
-23.650120345;-46.614400167;815.5;10860;Line 157;0;336.035435286826
-23.649871578;-46.614516562;813.9;10830;Line 157;0;336.035435286826
-23.649622811;-46.614632956;812.4;10800;Line 157;0;336.035435286826
-23.649374045;-46.614749351;811.4;10770;Line 157;0;336.035435286826
-23.649125278;-46.614865744;811.6;10740;Line 157;0;336.035435286826
-23.648876511;-46.614982138;815.2;10710;Line 157;0;336.035435286826
-23.648627744;-46.615098531;818.6;10680;Line 157;0;336.035435286826
-23.648378976;-46.615214923;822.3;10650;Line 157;0;336.035435286826
-23.648130209;-46.615331315;824.4;10620;Line 157;0;336.035435286826
-23.647881442;-46.615447707;825.5;10590;Line 157;0;336.035435286826
-23.647632675;-46.615564098;826.0;10560;Line 157;0;336.035435286826
-23.647383907;-46.615680489;824.3;10530;Line 157;0;336.035435286826
-23.64713514;-46.615796879;820.5;10500;Line 157;0;336.035435286826
-23.646886372;-46.615913269;817.4;10470;Line 157;0;336.035435286826
-23.646637604;-46.616029659;815.0;10440;Line 157;0;336.035435286826
-23.646388837;-46.616146048;813.2;10410;Line 157;0;336.035435286826
-23.646140069;-46.616262437;810.7;10380;Line 157;0;336.035435286826
-23.645891301;-46.616378825;807.7;10350;Line 157;0;336.035435286826
-23.645642533;-46.616495213;804.7;10320;Line 157;0;336.035435286826
-23.645393765;-46.616611601;801.7;10290;Line 157;0;336.035435286826
-23.645144997;-46.616727988;799.3;10260;Line 157;0;336.035435286826
-23.644896229;-46.616844374;800.1;10230;Line 157;0;336.035435286826
-23.644647461;-46.616960761;804.0;10200;Line 157;0;336.035435286826
-23.644398693;-46.617077146;807.8;10170;Line 157;0;336.035435286826
-23.644149924;-46.617193532;811.2;10140;Line 157;0;336.035435286826
-23.643901156;-46.617309917;810.3;10110;Line 157;0;336.035435286826
-23.643652387;-46.617426301;809.0;10080;Line 157;0;336.035435286826
-23.643403619;-46.617542686;807.1;10050;Line 157;0;336.035435286826
-23.64315485;-46.617659069;807.9;10020;Line 157;0;336.035435286826
-23.642906081;-46.617775453;809.6;9990;Line 157;0;336.035435286826
-23.642657313;-46.617891836;811.1;9960;Line 157;0;336.035435286826
-23.642408544;-46.618008218;812.4;9930;Line 157;0;336.035435286826
-23.642159775;-46.6181246;813.6;9900;Line 157;0;336.035435286826
-23.641911006;-46.618240982;815.1;9870;Line 157;0;336.035435286826
-23.641662237;-46.618357363;817.2;9840;Line 157;0;336.035435286826
-23.641413468;-46.618473744;818.5;9810;Line 157;0;336.035435286826
-23.641164699;-46.618590125;819.7;9780;Line 157;0;336.035435286826
-23.640915929;-46.618706505;820.7;9750;Line 157;0;336.035435286826
-23.64066716;-46.618822884;818.3;9720;Line 157;0;336.035435286826
-23.64041839;-46.618939263;814.0;9690;Line 157;0;336.035435286826
-23.640169621;-46.619055642;809.4;9660;Line 157;0;336.035435286826
-23.639920851;-46.619172021;804.6;9630;Line 157;0;336.035435286826
-23.639672082;-46.619288398;800.0;9600;Line 157;0;336.035435286826
-23.639423312;-46.619404776;795.0;9570;Line 157;0;336.035435286826
-23.639174542;-46.619521153;789.5;9540;Line 157;0;336.035435286826
-23.638925773;-46.61963753;791.8;9510;Line 157;0;336.035435286826
-23.638677003;-46.619753906;794.5;9480;Line 157;0;336.035435286826
-23.638428233;-46.619870282;797.2;9450;Line 157;0;336.035435286826
-23.638179463;-46.619986657;799.2;9420;Line 157;0;336.035435286826
-23.637930692;-46.620103032;800.6;9390;Line 157;0;336.035435286826
-23.637681922;-46.620219407;802.5;9360;Line 157;0;336.035435286826
-23.637433152;-46.620335781;804.4;9330;Line 157;0;336.035435286826
-23.637184382;-46.620452155;805.9;9300;Line 157;0;336.035435286826
-23.636935611;-46.620568528;807.6;9270;Line 157;0;336.035435286826
-23.636686841;-46.620684901;809.5;9240;Line 157;0;336.035435286826
-23.63643807;-46.620801274;810.5;9210;Line 157;0;336.035435286826
-23.6361893;-46.620917646;810.8;9180;Line 157;0;336.035435286826
-23.635940529;-46.621034018;810.6;9150;Line 157;0;336.035435286826
-23.635691758;-46.621150389;809.9;9120;Line 157;0;336.035435286826
-23.635442987;-46.62126676;808.7;9090;Line 157;0;336.035435286826
-23.635194217;-46.621383131;807.4;9060;Line 157;0;336.035435286826
-23.634945446;-46.621499501;806.0;9030;Line 157;0;336.035435286826
-23.634696675;-46.62161587;804.5;9000;Line 157;0;336.035435286826
-23.634447903;-46.621732239;803.3;8970;Line 157;0;336.035435286826
-23.634199132;-46.621848608;802.0;8940;Line 157;0;336.035435286826
-23.633950361;-46.621964977;801.2;8910;Line 157;0;336.035435286826
-23.63370159;-46.622081345;800.5;8880;Line 157;0;336.035435286826
-23.633452818;-46.622197712;799.8;8850;Line 157;0;336.035435286826
-23.633204047;-46.622314079;799.1;8820;Line 157;0;336.035435286826
-23.632955275;-46.622430446;798.4;8790;Line 157;0;336.035435286826
-23.632706504;-46.622546812;797.8;8760;Line 157;0;336.035435286826
-23.632457732;-46.622663178;797.3;8730;Line 157;0;336.035435286826
-23.63220896;-46.622779544;796.6;8700;Line 157;0;336.035435286826
-23.631960188;-46.622895909;796.2;8670;Line 157;0;336.035435286826
-23.631711416;-46.623012273;796.0;8640;Line 157;0;336.035435286826
-23.631462645;-46.623128638;794.0;8610;Line 157;0;336.035435286826
-23.631213872;-46.623245002;791.7;8580;Line 157;0;336.035435286826
-23.6309651;-46.623361365;789.2;8550;Line 157;0;336.035435286826
-23.630716328;-46.623477728;786.8;8520;Line 157;0;336.035435286826
-23.630467556;-46.623594091;784.5;8490;Line 157;0;336.035435286826
-23.630218784;-46.623710453;782.4;8460;Line 157;0;336.035435286826
-23.629970011;-46.623826814;780.3;8430;Line 157;0;336.035435286826
-23.629721239;-46.623943176;776.2;8400;Line 157;0;336.035435286826
-23.629472466;-46.624059537;771.8;8370;Line 157;0;336.035435286826
-23.629223694;-46.624175897;767.1;8340;Line 157;0;336.035435286826
-23.628974921;-46.624292257;766.2;8310;Line 157;0;336.035435286826
-23.628726148;-46.624408617;766.4;8280;Line 157;0;336.035435286826
-23.628477375;-46.624524976;766.5;8250;Line 157;0;336.035435286826
-23.628228603;-46.624641335;768.2;8220;Line 157;0;336.035435286826
-23.62797983;-46.624757694;772.6;8190;Line 157;0;336.035435286826
-23.627731057;-46.624874052;777.3;8160;Line 157;0;336.035435286826
-23.627482284;-46.624990409;782.0;8130;Line 157;0;336.035435286826
-23.62723351;-46.625106766;782.4;8100;Line 157;0;336.035435286826
-23.626984737;-46.625223123;782.7;8070;Line 157;0;336.035435286826
-23.626735964;-46.625339479;783.1;8040;Line 157;0;336.035435286826
-23.62648719;-46.625455835;783.0;8010;Line 157;0;336.035435286826
-23.626238417;-46.625572191;782.4;7980;Line 157;0;336.035435286826
-23.625989643;-46.625688546;781.4;7950;Line 157;0;336.035435286826
-23.62574087;-46.625804901;779.8;7920;Line 157;0;336.035435286826
-23.625492096;-46.625921255;777.6;7890;Line 157;0;336.035435286826
-23.625243322;-46.626037609;775.5;7860;Line 157;0;336.035435286826
-23.624994549;-46.626153962;773.2;7830;Line 157;0;336.035435286826
-23.624745775;-46.626270315;769.7;7800;Line 157;0;336.035435286826
-23.624497001;-46.626386668;766.3;7770;Line 157;0;336.035435286826
-23.624248227;-46.62650302;763.0;7740;Line 157;0;336.035435286826
-23.623999453;-46.626619372;760.5;7710;Line 157;0;336.035435286826
-23.623750679;-46.626735723;758.8;7680;Line 157;0;336.035435286826
-23.623501904;-46.626852074;757.3;7650;Line 157;0;336.035435286826
-23.62325313;-46.626968425;756.4;7620;Line 157;0;336.035435286826
-23.623004356;-46.627084775;756.4;7590;Line 157;0;336.035435286826
-23.622755581;-46.627201125;756.2;7560;Line 157;0;336.035435286826
-23.622506807;-46.627317474;755.9;7530;Line 157;0;336.035435286826
-23.622258032;-46.627433823;755.6;7500;Line 157;0;336.035435286826
-23.622009258;-46.627550171;755.6;7470;Line 157;0;336.035435286826
-23.621760483;-46.627666519;756.1;7440;Line 157;0;336.035435286826
-23.621511708;-46.627782867;756.6;7410;Line 157;0;336.035435286826
-23.621262933;-46.627899214;757.0;7380;Line 157;0;336.035435286826
-23.621014158;-46.628015561;757.0;7350;Line 157;0;336.035435286826
-23.620765383;-46.628131907;756.6;7320;Line 157;0;336.035435286826
-23.620516608;-46.628248253;755.4;7290;Line 157;0;336.035435286826
-23.620267833;-46.628364599;754.4;7260;Line 157;0;336.035435286826
-23.620019058;-46.628480944;755.2;7230;Line 157;0;336.035435286826
-23.619770283;-46.628597289;756.4;7200;Line 157;0;336.035435286826
-23.619521507;-46.628713633;757.0;7170;Line 157;0;336.035435286826
-23.619272732;-46.628829977;756.9;7140;Line 157;0;336.035435286826
-23.619023956;-46.628946321;757.6;7110;Line 157;0;336.035435286826
-23.618775181;-46.629062664;759.4;7080;Line 157;0;336.035435286826
-23.618526405;-46.629179006;761.1;7050;Line 157;0;336.035435286826
-23.618277629;-46.629295349;762.5;7020;Line 157;0;336.035435286826
-23.618028854;-46.62941169;764.6;6990;Line 157;0;336.035435286826
-23.617780078;-46.629528032;766.9;6960;Line 157;0;336.035435286826
-23.617531302;-46.629644373;769.6;6930;Line 157;0;336.035435286826
-23.617282526;-46.629760713;770.5;6900;Line 157;0;336.035435286826
-23.61703375;-46.629877054;771.4;6870;Line 157;0;336.035435286826
-23.616784974;-46.629993393;772.8;6840;Line 157;0;336.035435286826
-23.616536197;-46.630109733;774.7;6810;Line 157;0;336.035435286826
-23.616287421;-46.630226072;776.3;6780;Line 157;0;336.035435286826
-23.616038645;-46.63034241;777.3;6750;Line 157;0;336.035435286826
-23.615789868;-46.630458748;777.2;6720;Line 157;0;336.035435286826
-23.615541092;-46.630575086;774.4;6690;Line 157;0;336.035435286826
-23.615292315;-46.630691423;771.3;6660;Line 157;0;336.035435286826
-23.615043539;-46.63080776;767.7;6630;Line 157;0;336.035435286826
-23.614794762;-46.630924097;767.0;6600;Line 157;0;336.035435286826
-23.614545985;-46.631040433;767.2;6570;Line 157;0;336.035435286826
-23.614297208;-46.631156768;767.9;6540;Line 157;0;336.035435286826
-23.614048431;-46.631273103;769.6;6510;Line 157;0;336.035435286826
-23.613799654;-46.631389438;772.4;6480;Line 157;0;336.035435286826
-23.613550877;-46.631505773;775.2;6450;Line 157;0;336.035435286826
-23.6133021;-46.631622107;778.1;6420;Line 157;0;336.035435286826
-23.613053323;-46.63173844;781.7;6390;Line 157;0;336.035435286826
-23.612804546;-46.631854773;785.1;6360;Line 157;0;336.035435286826
-23.612555768;-46.631971106;788.5;6330;Line 157;0;336.035435286826
-23.612306991;-46.632087438;789.3;6300;Line 157;0;336.035435286826
-23.612058214;-46.63220377;789.4;6270;Line 157;0;336.035435286826
-23.611809436;-46.632320102;789.5;6240;Line 157;0;336.035435286826
-23.611560658;-46.632436433;789.5;6210;Line 157;0;336.035435286826
-23.611311881;-46.632552763;789.5;6180;Line 157;0;336.035435286826
-23.611063103;-46.632669093;789.9;6150;Line 157;0;336.035435286826
-23.610814325;-46.632785423;790.2;6120;Line 157;0;336.035435286826
-23.610565547;-46.632901753;789.0;6090;Line 157;0;336.035435286826
-23.610316769;-46.633018082;787.3;6060;Line 157;0;336.035435286826
-23.610067991;-46.63313441;785.2;6030;Line 157;0;336.035435286826
-23.609819213;-46.633250738;783.0;6000;Line 157;0;336.035435286826
-23.609570435;-46.633367066;780.6;5970;Line 157;0;336.035435286826
-23.609321657;-46.633483393;779.3;5940;Line 157;0;336.035435286826
-23.609072878;-46.63359972;778.6;5910;Line 157;0;336.035435286826
-23.6088241;-46.633716047;778.1;5880;Line 157;0;336.035435286826
-23.608575322;-46.633832373;776.7;5850;Line 157;0;336.035435286826
-23.608326543;-46.633948699;774.9;5820;Line 157;0;336.035435286826
-23.608077764;-46.634065024;779.9;5790;Line 157;0;336.035435286826
-23.607828986;-46.634181349;785.5;5760;Line 157;0;336.035435286826
-23.607580207;-46.634297673;791.7;5730;Line 157;0;336.035435286826
-23.607331428;-46.634413997;794.7;5700;Line 157;0;336.035435286826
-23.607082649;-46.634530321;796.1;5670;Line 157;0;336.035435286826
-23.60683387;-46.634646644;797.2;5640;Line 157;0;336.035435286826
-23.606585091;-46.634762967;798.0;5610;Line 157;0;336.035435286826
-23.606336312;-46.634879289;799.1;5580;Line 157;0;336.035435286826
-23.606087533;-46.634995611;800.4;5550;Line 157;0;336.035435286826
-23.605838754;-46.635111933;801.1;5520;Line 157;0;336.035435286826
-23.605589974;-46.635228254;801.4;5490;Line 157;0;336.035435286826
-23.605341195;-46.635344574;801.7;5460;Line 157;0;336.035435286826
-23.605092416;-46.635460895;802.0;5430;Line 157;0;336.035435286826
-23.604843636;-46.635577214;802.3;5400;Line 157;0;336.035435286826
-23.604594857;-46.635693534;802.3;5370;Line 157;0;336.035435286826
-23.604346077;-46.635809853;802.2;5340;Line 157;0;336.035435286826
-23.604097297;-46.635926172;802.3;5310;Line 157;0;336.035435286826
-23.603848517;-46.63604249;802.8;5280;Line 157;0;336.035435286826
-23.603599737;-46.636158808;803.2;5250;Line 157;0;336.035435286826
-23.603350957;-46.636275125;803.5;5220;Line 157;0;336.035435286826
-23.603102177;-46.636391442;803.1;5190;Line 157;0;336.035435286826
-23.602853397;-46.636507758;802.5;5160;Line 157;0;336.035435286826
-23.602604617;-46.636624075;801.5;5130;Line 157;0;336.035435286826
-23.602355837;-46.63674039;801.3;5100;Line 157;0;336.035435286826
-23.602107057;-46.636856706;801.7;5070;Line 157;0;336.035435286826
-23.601858276;-46.636973021;802.2;5040;Line 157;0;336.035435286826
-23.601609496;-46.637089335;802.7;5010;Line 157;0;336.035435286826
-23.601360715;-46.637205649;803.3;4980;Line 157;0;336.035435286826
-23.601111935;-46.637321963;804.0;4950;Line 157;0;336.035435286826
-23.600863154;-46.637438276;804.9;4920;Line 157;0;336.035435286826
-23.600614373;-46.637554589;803.8;4890;Line 157;0;336.035435286826
-23.600365593;-46.637670901;802.5;4860;Line 157;0;336.035435286826
-23.600116812;-46.637787213;801.7;4830;Line 157;0;336.035435286826
-23.599868031;-46.637903525;802.3;4800;Line 157;0;336.035435286826
-23.59961925;-46.638019836;804.0;4770;Line 157;0;336.035435286826
-23.599370469;-46.638136147;805.9;4740;Line 157;0;336.035435286826
-23.599121688;-46.638252457;807.6;4710;Line 157;0;336.035435286826
-23.598872906;-46.638368767;806.8;4680;Line 157;0;336.035435286826
-23.598624125;-46.638485077;804.8;4650;Line 157;0;336.035435286826
-23.598375344;-46.638601386;802.9;4620;Line 157;0;336.035435286826
-23.598126562;-46.638717694;799.9;4590;Line 157;0;336.035435286826
-23.597877781;-46.638834003;796.9;4560;Line 157;0;336.035435286826
-23.597628999;-46.63895031;794.3;4530;Line 157;0;336.035435286826
-23.597380218;-46.639066618;792.3;4500;Line 157;0;336.035435286826
-23.597131436;-46.639182925;790.6;4470;Line 157;0;336.035435286826
-23.596882654;-46.639299232;789.1;4440;Line 157;0;336.035435286826
-23.596633872;-46.639415538;788.2;4410;Line 157;0;336.035435286826
-23.59638509;-46.639531844;789.0;4380;Line 157;0;336.035435286826
-23.596136308;-46.639648149;789.9;4350;Line 157;0;336.035435286826
-23.595887526;-46.639764454;791.0;4320;Line 157;0;336.035435286826
-23.595638744;-46.639880758;790.1;4290;Line 157;0;336.035435286826
-23.595389962;-46.639997063;788.3;4260;Line 157;0;336.035435286826
-23.59514118;-46.640113366;786.5;4230;Line 157;0;336.035435286826
-23.594892397;-46.64022967;785.4;4200;Line 157;0;336.035435286826
-23.594643615;-46.640345972;784.9;4170;Line 157;0;336.035435286826
-23.594394833;-46.640462275;784.6;4140;Line 157;0;336.035435286826
-23.59414605;-46.640578577;784.6;4110;Line 157;0;336.035435286826
-23.593897267;-46.640694879;787.6;4080;Line 157;0;336.035435286826
-23.593648485;-46.64081118;790.8;4050;Line 157;0;336.035435286826
-23.593399702;-46.640927481;793.9;4020;Line 157;0;336.035435286826
-23.593150919;-46.641043781;793.8;3990;Line 157;0;336.035435286826
-23.592902136;-46.641160081;792.8;3960;Line 157;0;336.035435286826
-23.592653353;-46.641276381;792.0;3930;Line 157;0;336.035435286826
-23.59240457;-46.64139268;791.4;3900;Line 157;0;336.035435286826
-23.592155787;-46.641508979;790.7;3870;Line 157;0;336.035435286826
-23.591907004;-46.641625277;789.9;3840;Line 157;0;336.035435286826
-23.591658221;-46.641741575;789.2;3810;Line 157;0;336.035435286826
-23.591409437;-46.641857872;788.7;3780;Line 157;0;336.035435286826
-23.591160654;-46.641974169;787.8;3750;Line 157;0;336.035435286826
-23.59091187;-46.642090466;786.3;3720;Line 157;0;336.035435286826
-23.590663087;-46.642206762;786.2;3690;Line 157;0;336.035435286826
-23.590414303;-46.642323058;786.7;3660;Line 157;0;336.035435286826
-23.59016552;-46.642439354;786.9;3630;Line 157;0;336.035435286826
-23.589916736;-46.642555649;787.6;3600;Line 157;0;336.035435286826
-23.589667952;-46.642671943;789.3;3570;Line 157;0;336.035435286826
-23.589419168;-46.642788237;790.9;3540;Line 157;0;336.035435286826
-23.589170384;-46.642904531;792.5;3510;Line 157;0;336.035435286826
-23.5889216;-46.643020825;793.7;3480;Line 157;0;336.035435286826
-23.588672816;-46.643137118;795.1;3450;Line 157;0;336.035435286826
-23.588424032;-46.64325341;796.5;3420;Line 157;0;336.035435286826
-23.588175248;-46.643369702;798.5;3390;Line 157;0;336.035435286826
-23.587926463;-46.643485994;801.1;3360;Line 157;0;336.035435286826
-23.587677679;-46.643602285;803.5;3330;Line 157;0;336.035435286826
-23.587428895;-46.643718576;804.9;3300;Line 157;0;336.035435286826
-23.58718011;-46.643834867;803.6;3270;Line 157;0;336.035435286826
-23.586931325;-46.643951157;801.8;3240;Line 157;0;336.035435286826
-23.586682541;-46.644067446;799.4;3210;Line 157;0;336.035435286826
-23.586433756;-46.644183736;800.3;3180;Line 157;0;336.035435286826
-23.586184971;-46.644300024;801.5;3150;Line 157;0;336.035435286826
-23.585936186;-46.644416313;802.7;3120;Line 157;0;336.035435286826
-23.585687401;-46.644532601;802.5;3090;Line 157;0;336.035435286826
-23.585438616;-46.644648888;800.7;3060;Line 157;0;336.035435286826
-23.585189831;-46.644765176;798.5;3030;Line 157;0;336.035435286826
-23.584941046;-46.644881462;795.9;3000;Line 157;0;336.035435286826
-23.584692261;-46.644997749;794.3;2970;Line 157;0;336.035435286826
-23.584443476;-46.645114035;794.3;2940;Line 157;0;336.035435286826
-23.58419469;-46.64523032;794.2;2910;Line 157;0;336.035435286826
-23.583945905;-46.645346605;792.7;2880;Line 157;0;336.035435286826
-23.583697119;-46.64546289;791.0;2850;Line 157;0;336.035435286826
-23.583448334;-46.645579174;789.1;2820;Line 157;0;336.035435286826
-23.583199548;-46.645695458;788.7;2790;Line 157;0;336.035435286826
-23.582950763;-46.645811741;789.4;2760;Line 157;0;336.035435286826
-23.582701977;-46.645928024;789.3;2730;Line 157;0;336.035435286826
-23.582453191;-46.646044307;789.2;2700;Line 157;0;336.035435286826
-23.582204405;-46.646160589;789.9;2670;Line 157;0;336.035435286826
-23.581955619;-46.646276871;790.4;2640;Line 157;0;336.035435286826
-23.581706833;-46.646393152;790.8;2610;Line 157;0;336.035435286826
-23.581458047;-46.646509433;790.3;2580;Line 157;0;336.035435286826
-23.581209261;-46.646625714;789.8;2550;Line 157;0;336.035435286826
-23.580960474;-46.646741994;790.2;2520;Line 157;0;336.035435286826
-23.580711688;-46.646858274;790.3;2490;Line 157;0;336.035435286826
-23.580462902;-46.646974553;788.7;2460;Line 157;0;336.035435286826
-23.580214115;-46.647090832;786.2;2430;Line 157;0;336.035435286826
-23.579965328;-46.647207111;783.1;2400;Line 157;0;336.035435286826
-23.579716542;-46.647323389;782.1;2370;Line 157;0;336.035435286826
-23.579467755;-46.647439666;781.3;2340;Line 157;0;336.035435286826
-23.579218968;-46.647555943;781.1;2310;Line 157;0;336.035435286826
-23.578970182;-46.64767222;783.5;2280;Line 157;0;336.035435286826
-23.578721395;-46.647788497;786.7;2250;Line 157;0;336.035435286826
-23.578472608;-46.647904773;790.3;2220;Line 157;0;336.035435286826
-23.578223821;-46.648021048;794.1;2190;Line 157;0;336.035435286826
-23.577975034;-46.648137323;797.8;2160;Line 157;0;336.035435286826
-23.577726246;-46.648253598;801.2;2130;Line 157;0;336.035435286826
-23.577477459;-46.648369873;803.2;2100;Line 157;0;336.035435286826
-23.577228672;-46.648486147;799.8;2070;Line 157;0;336.035435286826
-23.576979884;-46.64860242;797.7;2040;Line 157;0;336.035435286826
-23.576731097;-46.648718693;797.0;2010;Line 157;0;336.035435286826
-23.576482309;-46.648834966;797.4;1980;Line 157;0;336.035435286826
-23.576233522;-46.648951238;797.3;1950;Line 157;0;336.035435286826
-23.575984734;-46.64906751;796.3;1920;Line 157;0;336.035435286826
-23.575735946;-46.649183781;795.8;1890;Line 157;0;336.035435286826
-23.575487159;-46.649300053;797.3;1860;Line 157;0;336.035435286826
-23.575238371;-46.649416323;798.7;1830;Line 157;0;336.035435286826
-23.574989583;-46.649532593;799.9;1800;Line 157;0;336.035435286826
-23.574740795;-46.649648863;798.9;1770;Line 157;0;336.035435286826
-23.574492007;-46.649765133;797.1;1740;Line 157;0;336.035435286826
-23.574243218;-46.649881402;794.5;1710;Line 157;0;336.035435286826
-23.57399443;-46.64999767;793.5;1680;Line 157;0;336.035435286826
-23.573745642;-46.650113938;795.1;1650;Line 157;0;336.035435286826
-23.573496853;-46.650230206;796.8;1620;Line 157;0;336.035435286826
-23.573248065;-46.650346473;798.5;1590;Line 157;0;336.035435286826
-23.572999276;-46.65046274;800.8;1560;Line 157;0;336.035435286826
-23.572750488;-46.650579007;803.9;1530;Line 157;0;336.035435286826
-23.572501699;-46.650695273;807.8;1500;Line 157;0;336.035435286826
-23.57225291;-46.650811538;811.8;1470;Line 157;0;336.035435286826
-23.572004122;-46.650927804;814.5;1440;Line 157;0;336.035435286826
-23.571755333;-46.651044069;817.1;1410;Line 157;0;336.035435286826
-23.571506544;-46.651160333;818.3;1380;Line 157;0;336.035435286826
-23.571257755;-46.651276597;818.0;1350;Line 157;0;336.035435286826
-23.571008966;-46.651392861;816.7;1320;Line 157;0;336.035435286826
-23.570760177;-46.651509124;814.4;1290;Line 157;0;336.035435286826
-23.570511387;-46.651625387;811.9;1260;Line 157;0;336.035435286826
-23.570262598;-46.651741649;810.2;1230;Line 157;0;336.035435286826
-23.570013809;-46.651857911;808.9;1200;Line 157;0;336.035435286826
-23.569765019;-46.651974172;810.6;1170;Line 157;0;336.035435286826
-23.56951623;-46.652090434;812.4;1140;Line 157;0;336.035435286826
-23.56926744;-46.652206694;814.1;1110;Line 157;0;336.035435286826
-23.569018651;-46.652322955;816.1;1080;Line 157;0;336.035435286826
-23.568769861;-46.652439214;818.2;1050;Line 157;0;336.035435286826
-23.568521071;-46.652555474;820.8;1020;Line 157;0;336.035435286826
-23.568272281;-46.652671733;823.2;990;Line 157;0;336.035435286826
-23.568023491;-46.652787992;823.6;960;Line 157;0;336.035435286826
-23.567774701;-46.65290425;823.7;930;Line 157;0;336.035435286826
-23.567525911;-46.653020508;823.5;900;Line 157;0;336.035435286826
-23.567277121;-46.653136765;822.2;870;Line 157;0;336.035435286826
-23.567028331;-46.653253022;820.0;840;Line 157;0;336.035435286826
-23.566779541;-46.653369279;817.6;810;Line 157;0;336.035435286826
-23.56653075;-46.653485535;819.0;780;Line 157;0;336.035435286826
-23.56628196;-46.653601791;822.3;750;Line 157;0;336.035435286826
-23.56603317;-46.653718046;824.8;720;Line 157;0;336.035435286826
-23.565784379;-46.653834301;826.3;690;Line 157;0;336.035435286826
-23.565535588;-46.653950555;825.9;660;Line 157;0;336.035435286826
-23.565286798;-46.654066809;826.1;630;Line 157;0;336.035435286826
-23.565038007;-46.654183063;826.7;600;Line 157;0;336.035435286826
-23.564789216;-46.654299316;828.1;570;Line 157;0;336.035435286826
-23.564540425;-46.654415569;831.2;540;Line 157;0;336.035435286826
-23.564291634;-46.654531822;835.7;510;Line 157;0;336.035435286826
-23.564042843;-46.654648074;838.7;480;Line 157;0;336.035435286826
-23.563794052;-46.654764325;838.5;450;Line 157;0;336.035435286826
-23.563545261;-46.654880577;837.8;420;Line 157;0;336.035435286826
-23.56329647;-46.654996827;836.8;390;Line 157;0;336.035435286826
-23.563047678;-46.655113078;835.8;360;Line 157;0;336.035435286826
-23.562798887;-46.655229328;835.2;330;Line 157;0;336.035435286826
-23.562550095;-46.655345577;835.2;300;Line 157;0;336.035435286826
-23.562301304;-46.655461827;834.6;270;Line 157;0;336.035435286826
-23.562052512;-46.655578075;833.8;240;Line 157;0;336.035435286826
-23.561803721;-46.655694324;833.0;210;Line 157;0;336.035435286826
-23.561554929;-46.655810572;831.1;180;Line 157;0;336.035435286826
-23.561306137;-46.655926819;828.3;150;Line 157;0;336.035435286826
-23.561057345;-46.656043066;826.8;120;Line 157;0;336.035435286826
-23.560808553;-46.656159313;826.6;90;Line 157;0;336.035435286826
-23.560559761;-46.656275559;828.0;60;Line 157;0;336.035435286826
-23.560310969;-46.656391805;829.1;30;Line 157;0;336.035435286826
-23.560062177;-46.65650805;829.8;0;Line 157;0;336.035435286826
