latitude;longitude;altitude (m);distance_m;name;obstrucao;angle
-23.305014278;-47.283793988;597.5;69960;Line 294;0;112.973531929371
-23.305123897;-47.28352588;599.4;69930;Line 294;0;112.973531929371
-23.305233516;-47.283257772;601.6;69900;Line 294;0;112.973531929371
-23.305343134;-47.282989664;603.7;69870;Line 294;0;112.973531929371
-23.305452751;-47.282721555;605.4;69840;Line 294;0;112.973531929371
-23.305562369;-47.282453446;606.9;69810;Line 294;0;112.973531929371
-23.305671986;-47.282185336;608.6;69780;Line 294;0;112.973531929371
-23.305781602;-47.281917226;610.0;69750;Line 294;0;112.973531929371
-23.305891218;-47.281649115;611.3;69720;Line 294;0;112.973531929371
-23.306000833;-47.281381004;614.8;69690;Line 294;0;112.973531929371
-23.306110449;-47.281112892;618.0;69660;Line 294;0;112.973531929371
-23.306220063;-47.28084478;620.9;69630;Line 294;0;112.973531929371
-23.306329678;-47.280576667;623.9;69600;Line 294;0;112.973531929371
-23.306439291;-47.280308554;627.2;69570;Line 294;0;112.973531929371
-23.306548905;-47.28004044;631.0;69540;Line 294;0;112.973531929371
-23.306658518;-47.279772326;635.0;69510;Line 294;0;112.973531929371
-23.30676813;-47.279504212;638.7;69480;Line 294;0;112.973531929371
-23.306877743;-47.279236097;642.3;69450;Line 294;0;112.973531929371
-23.306987354;-47.278967981;644.3;69420;Line 294;0;112.973531929371
-23.307096966;-47.278699865;645.8;69390;Line 294;0;112.973531929371
-23.307206576;-47.278431749;647.2;69360;Line 294;0;112.973531929371
-23.307316187;-47.278163632;647.6;69330;Line 294;0;112.973531929371
-23.307425797;-47.277895514;647.0;69300;Line 294;0;112.973531929371
-23.307535406;-47.277627396;646.4;69270;Line 294;0;112.973531929371
-23.307645016;-47.277359278;645.5;69240;Line 294;0;112.973531929371
-23.307754624;-47.277091159;644.2;69210;Line 294;0;112.973531929371
-23.307864233;-47.27682304;642.8;69180;Line 294;0;112.973531929371
-23.307973841;-47.27655492;641.6;69150;Line 294;0;112.973531929371
-23.308083448;-47.2762868;640.3;69120;Line 294;0;112.973531929371
-23.308193055;-47.276018679;638.6;69090;Line 294;0;112.973531929371
-23.308302662;-47.275750558;636.4;69060;Line 294;0;112.973531929371
-23.308412268;-47.275482436;633.5;69030;Line 294;0;112.973531929371
-23.308521874;-47.275214314;630.9;69000;Line 294;0;112.973531929371
-23.308631479;-47.274946192;628.6;68970;Line 294;0;112.973531929371
-23.308741084;-47.274678068;626.5;68940;Line 294;0;112.973531929371
-23.308850688;-47.274409945;624.3;68910;Line 294;0;112.973531929371
-23.308960292;-47.274141821;622.0;68880;Line 294;0;112.973531929371
-23.309069896;-47.273873696;619.7;68850;Line 294;0;112.973531929371
-23.309179499;-47.273605571;617.3;68820;Line 294;0;112.973531929371
-23.309289102;-47.273337446;615.8;68790;Line 294;0;112.973531929371
-23.309398704;-47.27306932;617.4;68760;Line 294;0;112.973531929371
-23.309508306;-47.272801194;619.2;68730;Line 294;0;112.973531929371
-23.309617908;-47.272533067;621.1;68700;Line 294;0;112.973531929371
-23.309727509;-47.272264939;622.5;68670;Line 294;0;112.973531929371
-23.30983711;-47.271996811;623.7;68640;Line 294;0;112.973531929371
-23.30994671;-47.271728683;624.7;68610;Line 294;0;112.973531929371
-23.31005631;-47.271460554;624.8;68580;Line 294;0;112.973531929371
-23.310165909;-47.271192425;624.7;68550;Line 294;0;112.973531929371
-23.310275508;-47.270924295;624.6;68520;Line 294;0;112.973531929371
-23.310385106;-47.270656165;623.9;68490;Line 294;0;112.973531929371
-23.310494704;-47.270388034;623.0;68460;Line 294;0;112.973531929371
-23.310604302;-47.270119903;622.2;68430;Line 294;0;112.973531929371
-23.310713899;-47.269851772;620.8;68400;Line 294;0;112.973531929371
-23.310823496;-47.26958364;618.9;68370;Line 294;0;112.973531929371
-23.310933093;-47.269315507;616.9;68340;Line 294;0;112.973531929371
-23.311042688;-47.269047374;614.3;68310;Line 294;0;112.973531929371
-23.311152284;-47.26877924;611.0;68280;Line 294;0;112.973531929371
-23.311261879;-47.268511106;607.6;68250;Line 294;0;112.973531929371
-23.311371474;-47.268242972;606.0;68220;Line 294;0;112.973531929371
-23.311481068;-47.267974837;607.2;68190;Line 294;0;112.973531929371
-23.311590662;-47.267706702;607.9;68160;Line 294;0;112.973531929371
-23.311700255;-47.267438566;609.0;68130;Line 294;0;112.973531929371
-23.311809848;-47.267170429;613.2;68100;Line 294;0;112.973531929371
-23.311919441;-47.266902293;617.1;68070;Line 294;0;112.973531929371
-23.312029033;-47.266634155;620.6;68040;Line 294;0;112.973531929371
-23.312138625;-47.266366017;623.6;68010;Line 294;0;112.973531929371
-23.312248216;-47.266097879;626.2;67980;Line 294;0;112.973531929371
-23.312357807;-47.26582974;628.4;67950;Line 294;0;112.973531929371
-23.312467397;-47.265561601;632.0;67920;Line 294;0;112.973531929371
-23.312576987;-47.265293462;636.2;67890;Line 294;0;112.973531929371
-23.312686577;-47.265025321;640.3;67860;Line 294;0;112.973531929371
-23.312796166;-47.264757181;641.2;67830;Line 294;0;112.973531929371
-23.312905755;-47.26448904;641.8;67800;Line 294;0;112.973531929371
-23.313015343;-47.264220898;642.4;67770;Line 294;0;112.973531929371
-23.313124931;-47.263952756;641.1;67740;Line 294;0;112.973531929371
-23.313234518;-47.263684613;639.4;67710;Line 294;0;112.973531929371
-23.313344105;-47.26341647;637.9;67680;Line 294;0;112.973531929371
-23.313453692;-47.263148327;638.1;67650;Line 294;0;112.973531929371
-23.313563278;-47.262880183;638.4;67620;Line 294;0;112.973531929371
-23.313672864;-47.262612039;638.5;67590;Line 294;0;112.973531929371
-23.313782449;-47.262343894;638.0;67560;Line 294;0;112.973531929371
-23.313892034;-47.262075748;636.8;67530;Line 294;0;112.973531929371
-23.314001618;-47.261807602;635.1;67500;Line 294;0;112.973531929371
-23.314111202;-47.261539456;633.8;67470;Line 294;0;112.973531929371
-23.314220786;-47.261271309;632.5;67440;Line 294;0;112.973531929371
-23.314330369;-47.261003162;630.4;67410;Line 294;0;112.973531929371
-23.314439952;-47.260735014;627.9;67380;Line 294;0;112.973531929371
-23.314549534;-47.260466866;625.2;67350;Line 294;0;112.973531929371
-23.314659116;-47.260198717;622.0;67320;Line 294;0;112.973531929371
-23.314768697;-47.259930568;618.7;67290;Line 294;0;112.973531929371
-23.314878278;-47.259662419;616.0;67260;Line 294;0;112.973531929371
-23.314987859;-47.259394269;613.5;67230;Line 294;0;112.973531929371
-23.315097439;-47.259126118;610.8;67200;Line 294;0;112.973531929371
-23.315207019;-47.258857967;607.9;67170;Line 294;0;112.973531929371
-23.315316598;-47.258589815;605.6;67140;Line 294;0;112.973531929371
-23.315426177;-47.258321663;604.1;67110;Line 294;0;112.973531929371
-23.315535756;-47.258053511;606.1;67080;Line 294;0;112.973531929371
-23.315645334;-47.257785358;608.3;67050;Line 294;0;112.973531929371
-23.315754911;-47.257517205;610.7;67020;Line 294;0;112.973531929371
-23.315864489;-47.257249051;616.4;66990;Line 294;0;112.973531929371
-23.315974065;-47.256980896;621.4;66960;Line 294;0;112.973531929371
-23.316083642;-47.256712741;625.8;66930;Line 294;0;112.973531929371
-23.316193218;-47.256444586;628.2;66900;Line 294;0;112.973531929371
-23.316302793;-47.25617643;630.4;66870;Line 294;0;112.973531929371
-23.316412368;-47.255908274;632.5;66840;Line 294;0;112.973531929371
-23.316521943;-47.255640117;634.3;66810;Line 294;0;112.973531929371
-23.316631517;-47.25537196;636.2;66780;Line 294;0;112.973531929371
-23.316741091;-47.255103802;637.9;66750;Line 294;0;112.973531929371
-23.316850664;-47.254835644;639.8;66720;Line 294;0;112.973531929371
-23.316960237;-47.254567486;642.2;66690;Line 294;0;112.973531929371
-23.31706981;-47.254299326;644.7;66660;Line 294;0;112.973531929371
-23.317179382;-47.254031167;646.9;66630;Line 294;0;112.973531929371
-23.317288953;-47.253763007;649.1;66600;Line 294;0;112.973531929371
-23.317398525;-47.253494846;652.0;66570;Line 294;0;112.973531929371
-23.317508095;-47.253226685;653.9;66540;Line 294;0;112.973531929371
-23.317617666;-47.252958524;652.4;66510;Line 294;0;112.973531929371
-23.317727236;-47.252690362;651.8;66480;Line 294;0;112.973531929371
-23.317836805;-47.252422199;651.8;66450;Line 294;0;112.973531929371
-23.317946374;-47.252154036;651.7;66420;Line 294;0;112.973531929371
-23.318055943;-47.251885873;652.6;66390;Line 294;0;112.973531929371
-23.318165511;-47.251617709;654.2;66360;Line 294;0;112.973531929371
-23.318275079;-47.251349545;655.3;66330;Line 294;0;112.973531929371
-23.318384646;-47.25108138;656.2;66300;Line 294;0;112.973531929371
-23.318494213;-47.250813215;656.9;66270;Line 294;0;112.973531929371
-23.31860378;-47.250545049;657.8;66240;Line 294;0;112.973531929371
-23.318713346;-47.250276883;658.9;66210;Line 294;0;112.973531929371
-23.318822912;-47.250008716;660.0;66180;Line 294;0;112.973531929371
-23.318932477;-47.249740549;661.7;66150;Line 294;0;112.973531929371
-23.319042042;-47.249472381;664.2;66120;Line 294;0;112.973531929371
-23.319151606;-47.249204213;667.5;66090;Line 294;0;112.973531929371
-23.31926117;-47.248936045;667.5;66060;Line 294;0;112.973531929371
-23.319370734;-47.248667876;667.3;66030;Line 294;0;112.973531929371
-23.319480297;-47.248399706;667.5;66000;Line 294;0;112.973531929371
-23.31958986;-47.248131536;667.8;65970;Line 294;0;112.973531929371
-23.319699422;-47.247863365;668.3;65940;Line 294;0;112.973531929371
-23.319808984;-47.247595195;669.2;65910;Line 294;0;112.973531929371
-23.319918545;-47.247327023;669.9;65880;Line 294;0;112.973531929371
-23.320028106;-47.247058851;669.7;65850;Line 294;0;112.973531929371
-23.320137667;-47.246790679;668.1;65820;Line 294;0;112.973531929371
-23.320247227;-47.246522506;668.2;65790;Line 294;0;112.973531929371
-23.320356786;-47.246254333;670.2;65760;Line 294;0;112.973531929371
-23.320466346;-47.245986159;672.8;65730;Line 294;0;112.973531929371
-23.320575905;-47.245717985;675.4;65700;Line 294;0;112.973531929371
-23.320685463;-47.24544981;676.9;65670;Line 294;0;112.973531929371
-23.320795021;-47.245181635;678.2;65640;Line 294;0;112.973531929371
-23.320904579;-47.244913459;677.4;65610;Line 294;0;112.973531929371
-23.321014136;-47.244645283;673.1;65580;Line 294;0;112.973531929371
-23.321123692;-47.244377106;668.8;65550;Line 294;0;112.973531929371
-23.321233249;-47.244108929;664.5;65520;Line 294;0;112.973531929371
-23.321342805;-47.243840751;660.7;65490;Line 294;0;112.973531929371
-23.32145236;-47.243572573;656.9;65460;Line 294;0;112.973531929371
-23.321561915;-47.243304395;653.9;65430;Line 294;0;112.973531929371
-23.32167147;-47.243036216;655.1;65400;Line 294;0;112.973531929371
-23.321781024;-47.242768036;655.6;65370;Line 294;0;112.973531929371
-23.321890577;-47.242499856;654.7;65340;Line 294;0;112.973531929371
-23.322000131;-47.242231676;655.3;65310;Line 294;0;112.973531929371
-23.322109684;-47.241963495;655.6;65280;Line 294;0;112.973531929371
-23.322219236;-47.241695314;655.5;65250;Line 294;0;112.973531929371
-23.322328788;-47.241427132;653.2;65220;Line 294;0;112.973531929371
-23.32243834;-47.241158949;651.3;65190;Line 294;0;112.973531929371
-23.322547891;-47.240890767;650.8;65160;Line 294;0;112.973531929371
-23.322657442;-47.240622583;652.8;65130;Line 294;0;112.973531929371
-23.322766992;-47.2403544;655.6;65100;Line 294;0;112.973531929371
-23.322876542;-47.240086215;658.8;65070;Line 294;0;112.973531929371
-23.322986091;-47.239818031;662.0;65040;Line 294;0;112.973531929371
-23.32309564;-47.239549845;664.8;65010;Line 294;0;112.973531929371
-23.323205189;-47.23928166;667.5;64980;Line 294;0;112.973531929371
-23.323314737;-47.239013474;669.5;64950;Line 294;0;112.973531929371
-23.323424285;-47.238745287;668.8;64920;Line 294;0;112.973531929371
-23.323533832;-47.2384771;667.6;64890;Line 294;0;112.973531929371
-23.323643379;-47.238208912;667.7;64860;Line 294;0;112.973531929371
-23.323752926;-47.237940724;668.6;64830;Line 294;0;112.973531929371
-23.323862472;-47.237672536;669.1;64800;Line 294;0;112.973531929371
-23.323972017;-47.237404347;670.0;64770;Line 294;0;112.973531929371
-23.324081562;-47.237136158;672.5;64740;Line 294;0;112.973531929371
-23.324191107;-47.236867968;675.8;64710;Line 294;0;112.973531929371
-23.324300652;-47.236599777;680.7;64680;Line 294;0;112.973531929371
-23.324410195;-47.236331586;685.2;64650;Line 294;0;112.973531929371
-23.324519739;-47.236063395;689.4;64620;Line 294;0;112.973531929371
-23.324629282;-47.235795203;693.0;64590;Line 294;0;112.973531929371
-23.324738825;-47.235527011;695.4;64560;Line 294;0;112.973531929371
-23.324848367;-47.235258818;697.9;64530;Line 294;0;112.973531929371
-23.324957909;-47.234990625;700.4;64500;Line 294;0;112.973531929371
-23.32506745;-47.234722431;700.7;64470;Line 294;0;112.973531929371
-23.325176991;-47.234454237;700.1;64440;Line 294;0;112.973531929371
-23.325286531;-47.234186042;699.0;64410;Line 294;0;112.973531929371
-23.325396071;-47.233917847;699.4;64380;Line 294;0;112.973531929371
-23.325505611;-47.233649652;700.7;64350;Line 294;0;112.973531929371
-23.32561515;-47.233381456;702.9;64320;Line 294;0;112.973531929371
-23.325724689;-47.233113259;703.8;64290;Line 294;0;112.973531929371
-23.325834227;-47.232845062;704.5;64260;Line 294;0;112.973531929371
-23.325943765;-47.232576865;704.8;64230;Line 294;0;112.973531929371
-23.326053303;-47.232308667;702.2;64200;Line 294;0;112.973531929371
-23.32616284;-47.232040468;699.1;64170;Line 294;0;112.973531929371
-23.326272377;-47.231772269;697.0;64140;Line 294;0;112.973531929371
-23.326381913;-47.23150407;693.9;64110;Line 294;0;112.973531929371
-23.326491449;-47.23123587;689.6;64080;Line 294;0;112.973531929371
-23.326600984;-47.23096767;685.2;64050;Line 294;0;112.973531929371
-23.326710519;-47.230699469;680.4;64020;Line 294;0;112.973531929371
-23.326820053;-47.230431268;675.3;63990;Line 294;0;112.973531929371
-23.326929587;-47.230163066;670.5;63960;Line 294;0;112.973531929371
-23.327039121;-47.229894864;668.4;63930;Line 294;0;112.973531929371
-23.327148654;-47.229626661;670.0;63900;Line 294;0;112.973531929371
-23.327258187;-47.229358458;671.8;63870;Line 294;0;112.973531929371
-23.32736772;-47.229090254;674.4;63840;Line 294;0;112.973531929371
-23.327477251;-47.22882205;679.2;63810;Line 294;0;112.973531929371
-23.327586783;-47.228553845;683.8;63780;Line 294;0;112.973531929371
-23.327696314;-47.22828564;686.9;63750;Line 294;0;112.973531929371
-23.327805845;-47.228017435;686.6;63720;Line 294;0;112.973531929371
-23.327915375;-47.227749229;687.0;63690;Line 294;0;112.973531929371
-23.328024905;-47.227481022;688.0;63660;Line 294;0;112.973531929371
-23.328134434;-47.227212815;688.3;63630;Line 294;0;112.973531929371
-23.328243963;-47.226944608;687.2;63600;Line 294;0;112.973531929371
-23.328353492;-47.2266764;685.3;63570;Line 294;0;112.973531929371
-23.32846302;-47.226408192;692.0;63540;Line 294;0;112.973531929371
-23.328572547;-47.226139983;697.8;63510;Line 294;0;112.973531929371
-23.328682075;-47.225871774;702.4;63480;Line 294;0;112.973531929371
-23.328791602;-47.225603564;704.7;63450;Line 294;0;112.973531929371
-23.328901128;-47.225335353;707.9;63420;Line 294;0;112.973531929371
-23.329010654;-47.225067143;712.4;63390;Line 294;0;112.973531929371
-23.329120179;-47.224798931;715.6;63360;Line 294;0;112.973531929371
-23.329229705;-47.22453072;718.1;63330;Line 294;0;112.973531929371
-23.329339229;-47.224262508;721.0;63300;Line 294;0;112.973531929371
-23.329448753;-47.223994295;725.9;63270;Line 294;0;112.973531929371
-23.329558277;-47.223726082;732.2;63240;Line 294;0;112.973531929371
-23.329667801;-47.223457868;739.5;63210;Line 294;0;112.973531929371
-23.329777324;-47.223189654;743.6;63180;Line 294;0;112.973531929371
-23.329886846;-47.22292144;744.1;63150;Line 294;0;112.973531929371
-23.329996368;-47.222653225;744.2;63120;Line 294;0;112.973531929371
-23.33010589;-47.222385009;740.4;63090;Line 294;0;112.973531929371
-23.330215411;-47.222116793;735.4;63060;Line 294;0;112.973531929371
-23.330324932;-47.221848577;731.2;63030;Line 294;0;112.973531929371
-23.330434453;-47.22158036;728.6;63000;Line 294;0;112.973531929371
-23.330543973;-47.221312142;727.6;62970;Line 294;0;112.973531929371
-23.330653492;-47.221043925;726.1;62940;Line 294;0;112.973531929371
-23.330763011;-47.220775706;723.7;62910;Line 294;0;112.973531929371
-23.33087253;-47.220507487;718.9;62880;Line 294;0;112.973531929371
-23.330982048;-47.220239268;713.9;62850;Line 294;0;112.973531929371
-23.331091566;-47.219971048;710.2;62820;Line 294;0;112.973531929371
-23.331201083;-47.219702828;709.4;62790;Line 294;0;112.973531929371
-23.3313106;-47.219434608;709.3;62760;Line 294;0;112.973531929371
-23.331420117;-47.219166386;710.0;62730;Line 294;0;112.973531929371
-23.331529633;-47.218898165;711.9;62700;Line 294;0;112.973531929371
-23.331639149;-47.218629943;713.9;62670;Line 294;0;112.973531929371
-23.331748664;-47.21836172;716.4;62640;Line 294;0;112.973531929371
-23.331858179;-47.218093497;719.0;62610;Line 294;0;112.973531929371
-23.331967693;-47.217825273;721.1;62580;Line 294;0;112.973531929371
-23.332077207;-47.217557049;722.9;62550;Line 294;0;112.973531929371
-23.332186721;-47.217288825;722.8;62520;Line 294;0;112.973531929371
-23.332296234;-47.2170206;722.5;62490;Line 294;0;112.973531929371
-23.332405747;-47.216752375;722.8;62460;Line 294;0;112.973531929371
-23.332515259;-47.216484149;724.7;62430;Line 294;0;112.973531929371
-23.332624771;-47.216215922;725.9;62400;Line 294;0;112.973531929371
-23.332734282;-47.215947695;726.9;62370;Line 294;0;112.973531929371
-23.332843793;-47.215679468;727.8;62340;Line 294;0;112.973531929371
-23.332953304;-47.21541124;728.1;62310;Line 294;0;112.973531929371
-23.333062814;-47.215143012;727.9;62280;Line 294;0;112.973531929371
-23.333172324;-47.214874783;727.5;62250;Line 294;0;112.973531929371
-23.333281833;-47.214606554;728.0;62220;Line 294;0;112.973531929371
-23.333391342;-47.214338324;729.0;62190;Line 294;0;112.973531929371
-23.33350085;-47.214070094;730.7;62160;Line 294;0;112.973531929371
-23.333610358;-47.213801864;733.7;62130;Line 294;0;112.973531929371
-23.333719866;-47.213533632;737.6;62100;Line 294;0;112.973531929371
-23.333829373;-47.213265401;741.5;62070;Line 294;0;112.973531929371
-23.33393888;-47.212997169;744.0;62040;Line 294;0;112.973531929371
-23.334048386;-47.212728936;747.6;62010;Line 294;0;112.973531929371
-23.334157892;-47.212460703;751.8;61980;Line 294;0;112.973531929371
-23.334267398;-47.21219247;752.5;61950;Line 294;0;112.973531929371
-23.334376903;-47.211924236;753.1;61920;Line 294;0;112.973531929371
-23.334486407;-47.211656001;753.8;61890;Line 294;0;112.973531929371
-23.334595911;-47.211387767;750.7;61860;Line 294;0;112.973531929371
-23.334705415;-47.211119531;747.2;61830;Line 294;0;112.973531929371
-23.334814918;-47.210851295;743.3;61800;Line 294;0;112.973531929371
-23.334924421;-47.210583059;738.7;61770;Line 294;0;112.973531929371
-23.335033924;-47.210314822;734.3;61740;Line 294;0;112.973531929371
-23.335143426;-47.210046585;730.5;61710;Line 294;0;112.973531929371
-23.335252927;-47.209778347;733.1;61680;Line 294;0;112.973531929371
-23.335362428;-47.209510109;737.4;61650;Line 294;0;112.973531929371
-23.335471929;-47.20924187;742.2;61620;Line 294;0;112.973531929371
-23.335581429;-47.208973631;746.5;61590;Line 294;0;112.973531929371
-23.335690929;-47.208705392;750.3;61560;Line 294;0;112.973531929371
-23.335800429;-47.208437151;753.8;61530;Line 294;0;112.973531929371
-23.335909928;-47.208168911;753.9;61500;Line 294;0;112.973531929371
-23.336019426;-47.20790067;751.8;61470;Line 294;0;112.973531929371
-23.336128925;-47.207632428;749.7;61440;Line 294;0;112.973531929371
-23.336238422;-47.207364186;749.3;61410;Line 294;0;112.973531929371
-23.33634792;-47.207095944;750.7;61380;Line 294;0;112.973531929371
-23.336457417;-47.206827701;752.4;61350;Line 294;0;112.973531929371
-23.336566913;-47.206559457;755.8;61320;Line 294;0;112.973531929371
-23.336676409;-47.206291214;761.2;61290;Line 294;0;112.973531929371
-23.336785905;-47.206022969;764.3;61260;Line 294;0;112.973531929371
-23.3368954;-47.205754724;766.2;61230;Line 294;0;112.973531929371
-23.337004895;-47.205486479;765.5;61200;Line 294;0;112.973531929371
-23.337114389;-47.205218233;765.8;61170;Line 294;0;112.973531929371
-23.337223883;-47.204949987;766.8;61140;Line 294;0;112.973531929371
-23.337333376;-47.20468174;766.4;61110;Line 294;0;112.973531929371
-23.337442869;-47.204413493;766.2;61080;Line 294;0;112.973531929371
-23.337552362;-47.204145245;764.8;61050;Line 294;0;112.973531929371
-23.337661854;-47.203876997;764.6;61020;Line 294;0;112.973531929371
-23.337771346;-47.203608749;765.1;60990;Line 294;0;112.973531929371
-23.337880837;-47.203340499;766.4;60960;Line 294;0;112.973531929371
-23.337990328;-47.20307225;768.4;60930;Line 294;0;112.973531929371
-23.338099818;-47.202804;770.4;60900;Line 294;0;112.973531929371
-23.338209309;-47.202535749;772.3;60870;Line 294;0;112.973531929371
-23.338318798;-47.202267498;770.9;60840;Line 294;0;112.973531929371
-23.338428287;-47.201999247;767.7;60810;Line 294;0;112.973531929371
-23.338537776;-47.201730995;765.2;60780;Line 294;0;112.973531929371
-23.338647264;-47.201462743;762.9;60750;Line 294;0;112.973531929371
-23.338756752;-47.20119449;762.4;60720;Line 294;0;112.973531929371
-23.33886624;-47.200926236;764.1;60690;Line 294;0;112.973531929371
-23.338975727;-47.200657982;763.8;60660;Line 294;0;112.973531929371
-23.339085213;-47.200389728;762.3;60630;Line 294;0;112.973531929371
-23.3391947;-47.200121473;761.0;60600;Line 294;0;112.973531929371
-23.339304185;-47.199853218;759.9;60570;Line 294;0;112.973531929371
-23.339413671;-47.199584962;760.5;60540;Line 294;0;112.973531929371
-23.339523156;-47.199316706;762.4;60510;Line 294;0;112.973531929371
-23.33963264;-47.199048449;763.7;60480;Line 294;0;112.973531929371
-23.339742124;-47.198780192;763.3;60450;Line 294;0;112.973531929371
-23.339851608;-47.198511935;763.5;60420;Line 294;0;112.973531929371
-23.339961091;-47.198243677;762.1;60390;Line 294;0;112.973531929371
-23.340070574;-47.197975418;753.1;60360;Line 294;0;112.973531929371
-23.340180056;-47.197707159;742.6;60330;Line 294;0;112.973531929371
-23.340289538;-47.1974389;732.5;60300;Line 294;0;112.973531929371
-23.340399019;-47.19717064;724.4;60270;Line 294;0;112.973531929371
-23.3405085;-47.196902379;717.8;60240;Line 294;0;112.973531929371
-23.340617981;-47.196634118;713.1;60210;Line 294;0;112.973531929371
-23.340727461;-47.196365857;712.9;60180;Line 294;0;112.973531929371
-23.340836941;-47.196097595;714.1;60150;Line 294;0;112.973531929371
-23.34094642;-47.195829332;716.1;60120;Line 294;0;112.973531929371
-23.341055899;-47.19556107;714.7;60090;Line 294;0;112.973531929371
-23.341165378;-47.195292806;712.3;60060;Line 294;0;112.973531929371
-23.341274856;-47.195024543;709.1;60030;Line 294;0;112.973531929371
-23.341384333;-47.194756278;708.3;60000;Line 294;0;112.973531929371
-23.341493811;-47.194488014;708.9;59970;Line 294;0;112.973531929371
-23.341603287;-47.194219748;710.6;59940;Line 294;0;112.973531929371
-23.341712764;-47.193951483;714.8;59910;Line 294;0;112.973531929371
-23.34182224;-47.193683217;719.3;59880;Line 294;0;112.973531929371
-23.341931715;-47.19341495;723.5;59850;Line 294;0;112.973531929371
-23.34204119;-47.193146683;727.3;59820;Line 294;0;112.973531929371
-23.342150665;-47.192878415;730.4;59790;Line 294;0;112.973531929371
-23.342260139;-47.192610147;732.6;59760;Line 294;0;112.973531929371
-23.342369613;-47.192341879;731.9;59730;Line 294;0;112.973531929371
-23.342479086;-47.19207361;729.7;59700;Line 294;0;112.973531929371
-23.342588559;-47.19180534;727.1;59670;Line 294;0;112.973531929371
-23.342698032;-47.19153707;725.2;59640;Line 294;0;112.973531929371
-23.342807504;-47.1912688;723.1;59610;Line 294;0;112.973531929371
-23.342916975;-47.191000529;720.4;59580;Line 294;0;112.973531929371
-23.343026446;-47.190732258;718.3;59550;Line 294;0;112.973531929371
-23.343135917;-47.190463986;718.6;59520;Line 294;0;112.973531929371
-23.343245388;-47.190195714;719.7;59490;Line 294;0;112.973531929371
-23.343354857;-47.189927441;721.7;59460;Line 294;0;112.973531929371
-23.343464327;-47.189659168;723.7;59430;Line 294;0;112.973531929371
-23.343573796;-47.189390894;725.9;59400;Line 294;0;112.973531929371
-23.343683265;-47.18912262;727.6;59370;Line 294;0;112.973531929371
-23.343792733;-47.188854345;726.4;59340;Line 294;0;112.973531929371
-23.343902201;-47.18858607;725.0;59310;Line 294;0;112.973531929371
-23.344011668;-47.188317794;723.4;59280;Line 294;0;112.973531929371
-23.344121135;-47.188049518;719.5;59250;Line 294;0;112.973531929371
-23.344230601;-47.187781242;714.4;59220;Line 294;0;112.973531929371
-23.344340067;-47.187512965;708.7;59190;Line 294;0;112.973531929371
-23.344449533;-47.187244687;702.3;59160;Line 294;0;112.973531929371
-23.344558998;-47.186976409;696.5;59130;Line 294;0;112.973531929371
-23.344668463;-47.186708131;691.5;59100;Line 294;0;112.973531929371
-23.344777927;-47.186439852;688.6;59070;Line 294;0;112.973531929371
-23.344887391;-47.186171573;687.0;59040;Line 294;0;112.973531929371
-23.344996855;-47.185903293;686.5;59010;Line 294;0;112.973531929371
-23.345106318;-47.185635012;682.8;58980;Line 294;0;112.973531929371
-23.345215781;-47.185366732;678.5;58950;Line 294;0;112.973531929371
-23.345325243;-47.18509845;674.0;58920;Line 294;0;112.973531929371
-23.345434704;-47.184830169;668.8;58890;Line 294;0;112.973531929371
-23.345544166;-47.184561886;662.8;58860;Line 294;0;112.973531929371
-23.345653627;-47.184293604;656.5;58830;Line 294;0;112.973531929371
-23.345763087;-47.18402532;650.2;58800;Line 294;0;112.973531929371
-23.345872547;-47.183757037;646.1;58770;Line 294;0;112.973531929371
-23.345982007;-47.183488753;645.4;58740;Line 294;0;112.973531929371
-23.346091466;-47.183220468;644.3;58710;Line 294;0;112.973531929371
-23.346200925;-47.182952183;643.2;58680;Line 294;0;112.973531929371
-23.346310383;-47.182683897;642.7;58650;Line 294;0;112.973531929371
-23.346419841;-47.182415611;643.3;58620;Line 294;0;112.973531929371
-23.346529299;-47.182147325;646.3;58590;Line 294;0;112.973531929371
-23.346638756;-47.181879038;650.4;58560;Line 294;0;112.973531929371
-23.346748212;-47.181610751;655.5;58530;Line 294;0;112.973531929371
-23.346857669;-47.181342463;659.0;58500;Line 294;0;112.973531929371
-23.346967124;-47.181074174;661.8;58470;Line 294;0;112.973531929371
-23.34707658;-47.180805885;663.4;58440;Line 294;0;112.973531929371
-23.347186035;-47.180537596;660.0;58410;Line 294;0;112.973531929371
-23.347295489;-47.180269306;656.2;58380;Line 294;0;112.973531929371
-23.347404943;-47.180001016;652.0;58350;Line 294;0;112.973531929371
-23.347514397;-47.179732725;647.8;58320;Line 294;0;112.973531929371
-23.34762385;-47.179464434;643.8;58290;Line 294;0;112.973531929371
-23.347733303;-47.179196142;639.4;58260;Line 294;0;112.973531929371
-23.347842755;-47.17892785;637.2;58230;Line 294;0;112.973531929371
-23.347952207;-47.178659558;634.5;58200;Line 294;0;112.973531929371
-23.348061659;-47.178391264;630.9;58170;Line 294;0;112.973531929371
-23.34817111;-47.178122971;629.2;58140;Line 294;0;112.973531929371
-23.34828056;-47.177854677;627.9;58110;Line 294;0;112.973531929371
-23.34839001;-47.177586382;626.7;58080;Line 294;0;112.973531929371
-23.34849946;-47.177318087;627.3;58050;Line 294;0;112.973531929371
-23.34860891;-47.177049792;628.8;58020;Line 294;0;112.973531929371
-23.348718358;-47.176781496;630.4;57990;Line 294;0;112.973531929371
-23.348827807;-47.176513199;634.2;57960;Line 294;0;112.973531929371
-23.348937255;-47.176244903;640.0;57930;Line 294;0;112.973531929371
-23.349046703;-47.175976605;646.4;57900;Line 294;0;112.973531929371
-23.34915615;-47.175708307;654.9;57870;Line 294;0;112.973531929371
-23.349265597;-47.175440009;663.1;57840;Line 294;0;112.973531929371
-23.349375043;-47.17517171;670.3;57810;Line 294;0;112.973531929371
-23.349484489;-47.174903411;674.8;57780;Line 294;0;112.973531929371
-23.349593934;-47.174635111;675.1;57750;Line 294;0;112.973531929371
-23.349703379;-47.174366811;675.4;57720;Line 294;0;112.973531929371
-23.349812824;-47.17409851;675.9;57690;Line 294;0;112.973531929371
-23.349922268;-47.173830209;676.9;57660;Line 294;0;112.973531929371
-23.350031712;-47.173561908;677.7;57630;Line 294;0;112.973531929371
-23.350141155;-47.173293605;679.3;57600;Line 294;0;112.973531929371
-23.350250598;-47.173025303;682.1;57570;Line 294;0;112.973531929371
-23.350360041;-47.172757;685.6;57540;Line 294;0;112.973531929371
-23.350469483;-47.172488696;689.9;57510;Line 294;0;112.973531929371
-23.350578924;-47.172220392;697.1;57480;Line 294;0;112.973531929371
-23.350688366;-47.171952088;704.6;57450;Line 294;0;112.973531929371
-23.350797806;-47.171683783;712.4;57420;Line 294;0;112.973531929371
-23.350907247;-47.171415478;720.6;57390;Line 294;0;112.973531929371
-23.351016687;-47.171147172;728.7;57360;Line 294;0;112.973531929371
-23.351126126;-47.170878865;736.8;57330;Line 294;0;112.973531929371
-23.351235565;-47.170610558;735.2;57300;Line 294;0;112.973531929371
-23.351345004;-47.170342251;732.2;57270;Line 294;0;112.973531929371
-23.351454442;-47.170073943;729.6;57240;Line 294;0;112.973531929371
-23.35156388;-47.169805635;723.8;57210;Line 294;0;112.973531929371
-23.351673317;-47.169537326;717.2;57180;Line 294;0;112.973531929371
-23.351782754;-47.169269017;711.1;57150;Line 294;0;112.973531929371
-23.351892191;-47.169000708;709.4;57120;Line 294;0;112.973531929371
-23.352001627;-47.168732397;709.2;57090;Line 294;0;112.973531929371
-23.352111062;-47.168464087;707.8;57060;Line 294;0;112.973531929371
-23.352220497;-47.168195776;705.8;57030;Line 294;0;112.973531929371
-23.352329932;-47.167927464;703.1;57000;Line 294;0;112.973531929371
-23.352439367;-47.167659152;699.5;56970;Line 294;0;112.973531929371
-23.3525488;-47.16739084;694.6;56940;Line 294;0;112.973531929371
-23.352658234;-47.167122527;689.1;56910;Line 294;0;112.973531929371
-23.352767667;-47.166854213;683.7;56880;Line 294;0;112.973531929371
-23.3528771;-47.166585899;677.9;56850;Line 294;0;112.973531929371
-23.352986532;-47.166317585;671.4;56820;Line 294;0;112.973531929371
-23.353095964;-47.16604927;665.4;56790;Line 294;0;112.973531929371
-23.353205395;-47.165780955;660.4;56760;Line 294;0;112.973531929371
-23.353314826;-47.165512639;658.3;56730;Line 294;0;112.973531929371
-23.353424256;-47.165244323;658.1;56700;Line 294;0;112.973531929371
-23.353533686;-47.164976006;658.6;56670;Line 294;0;112.973531929371
-23.353643116;-47.164707689;663.6;56640;Line 294;0;112.973531929371
-23.353752545;-47.164439371;668.9;56610;Line 294;0;112.973531929371
-23.353861974;-47.164171053;674.6;56580;Line 294;0;112.973531929371
-23.353971402;-47.163902734;677.8;56550;Line 294;0;112.973531929371
-23.35408083;-47.163634415;682.0;56520;Line 294;0;112.973531929371
-23.354190258;-47.163366095;687.0;56490;Line 294;0;112.973531929371
-23.354299685;-47.163097775;686.1;56460;Line 294;0;112.973531929371
-23.354409111;-47.162829455;684.7;56430;Line 294;0;112.973531929371
-23.354518537;-47.162561134;683.7;56400;Line 294;0;112.973531929371
-23.354627963;-47.162292812;682.6;56370;Line 294;0;112.973531929371
-23.354737389;-47.16202449;680.7;56340;Line 294;0;112.973531929371
-23.354846813;-47.161756168;678.3;56310;Line 294;0;112.973531929371
-23.354956238;-47.161487845;679.3;56280;Line 294;0;112.973531929371
-23.355065662;-47.161219521;682.9;56250;Line 294;0;112.973531929371
-23.355175086;-47.160951198;686.2;56220;Line 294;0;112.973531929371
-23.355284509;-47.160682873;689.9;56190;Line 294;0;112.973531929371
-23.355393932;-47.160414548;694.4;56160;Line 294;0;112.973531929371
-23.355503354;-47.160146223;698.6;56130;Line 294;0;112.973531929371
-23.355612776;-47.159877897;700.7;56100;Line 294;0;112.973531929371
-23.355722197;-47.159609571;699.9;56070;Line 294;0;112.973531929371
-23.355831618;-47.159341244;697.9;56040;Line 294;0;112.973531929371
-23.355941039;-47.159072917;696.0;56010;Line 294;0;112.973531929371
-23.356050459;-47.15880459;691.6;55980;Line 294;0;112.973531929371
-23.356159879;-47.158536262;686.4;55950;Line 294;0;112.973531929371
-23.356269298;-47.158267933;680.5;55920;Line 294;0;112.973531929371
-23.356378717;-47.157999604;674.0;55890;Line 294;0;112.973531929371
-23.356488135;-47.157731274;666.9;55860;Line 294;0;112.973531929371
-23.356597553;-47.157462944;659.3;55830;Line 294;0;112.973531929371
-23.356706971;-47.157194614;653.0;55800;Line 294;0;112.973531929371
-23.356816388;-47.156926283;647.5;55770;Line 294;0;112.973531929371
-23.356925805;-47.156657951;643.5;55740;Line 294;0;112.973531929371
-23.357035221;-47.15638962;644.2;55710;Line 294;0;112.973531929371
-23.357144637;-47.156121287;644.3;55680;Line 294;0;112.973531929371
-23.357254053;-47.155852954;643.8;55650;Line 294;0;112.973531929371
-23.357363468;-47.155584621;649.3;55620;Line 294;0;112.973531929371
-23.357472882;-47.155316287;655.7;55590;Line 294;0;112.973531929371
-23.357582296;-47.155047953;660.9;55560;Line 294;0;112.973531929371
-23.35769171;-47.154779618;666.0;55530;Line 294;0;112.973531929371
-23.357801123;-47.154511283;672.3;55500;Line 294;0;112.973531929371
-23.357910536;-47.154242947;679.8;55470;Line 294;0;112.973531929371
-23.358019949;-47.153974611;684.6;55440;Line 294;0;112.973531929371
-23.358129361;-47.153706275;689.4;55410;Line 294;0;112.973531929371
-23.358238772;-47.153437938;695.8;55380;Line 294;0;112.973531929371
-23.358348184;-47.1531696;700.7;55350;Line 294;0;112.973531929371
-23.358457594;-47.152901262;702.0;55320;Line 294;0;112.973531929371
-23.358567005;-47.152632923;704.6;55290;Line 294;0;112.973531929371
-23.358676415;-47.152364584;708.9;55260;Line 294;0;112.973531929371
-23.358785824;-47.152096245;714.3;55230;Line 294;0;112.973531929371
-23.358895233;-47.151827905;720.6;55200;Line 294;0;112.973531929371
-23.359004642;-47.151559565;727.4;55170;Line 294;0;112.973531929371
-23.35911405;-47.151291224;733.2;55140;Line 294;0;112.973531929371
-23.359223457;-47.151022882;737.3;55110;Line 294;0;112.973531929371
-23.359332865;-47.150754541;739.1;55080;Line 294;0;112.973531929371
-23.359442272;-47.150486198;736.8;55050;Line 294;0;112.973531929371
-23.359551678;-47.150217855;733.2;55020;Line 294;0;112.973531929371
-23.359661084;-47.149949512;727.8;54990;Line 294;0;112.973531929371
-23.35977049;-47.149681168;721.1;54960;Line 294;0;112.973531929371
-23.359879895;-47.149412824;715.5;54930;Line 294;0;112.973531929371
-23.3599893;-47.14914448;711.1;54900;Line 294;0;112.973531929371
-23.360098704;-47.148876134;708.9;54870;Line 294;0;112.973531929371
-23.360208108;-47.148607789;706.4;54840;Line 294;0;112.973531929371
-23.360317511;-47.148339443;703.8;54810;Line 294;0;112.973531929371
-23.360426914;-47.148071096;703.9;54780;Line 294;0;112.973531929371
-23.360536317;-47.147802749;705.7;54750;Line 294;0;112.973531929371
-23.360645719;-47.147534402;709.2;54720;Line 294;0;112.973531929371
-23.360755121;-47.147266054;709.2;54690;Line 294;0;112.973531929371
-23.360864522;-47.146997705;708.5;54660;Line 294;0;112.973531929371
-23.360973923;-47.146729356;705.5;54630;Line 294;0;112.973531929371
-23.361083323;-47.146461007;697.7;54600;Line 294;0;112.973531929371
-23.361192723;-47.146192657;689.3;54570;Line 294;0;112.973531929371
-23.361302123;-47.145924307;682.1;54540;Line 294;0;112.973531929371
-23.361411522;-47.145655956;674.6;54510;Line 294;0;112.973531929371
-23.361520921;-47.145387605;666.2;54480;Line 294;0;112.973531929371
-23.361630319;-47.145119253;657.7;54450;Line 294;0;112.973531929371
-23.361739717;-47.144850901;651.4;54420;Line 294;0;112.973531929371
-23.361849114;-47.144582548;647.8;54390;Line 294;0;112.973531929371
-23.361958511;-47.144314195;645.4;54360;Line 294;0;112.973531929371
-23.362067908;-47.144045841;647.1;54330;Line 294;0;112.973531929371
-23.362177304;-47.143777487;653.4;54300;Line 294;0;112.973531929371
-23.362286699;-47.143509132;660.8;54270;Line 294;0;112.973531929371
-23.362396095;-47.143240777;668.2;54240;Line 294;0;112.973531929371
-23.36250549;-47.142972422;674.4;54210;Line 294;0;112.973531929371
-23.362614884;-47.142704066;679.6;54180;Line 294;0;112.973531929371
-23.362724278;-47.142435709;684.0;54150;Line 294;0;112.973531929371
-23.362833672;-47.142167352;684.7;54120;Line 294;0;112.973531929371
-23.362943065;-47.141898995;685.7;54090;Line 294;0;112.973531929371
-23.363052457;-47.141630637;686.5;54060;Line 294;0;112.973531929371
-23.36316185;-47.141362279;684.4;54030;Line 294;0;112.973531929371
-23.363271241;-47.14109392;680.9;54000;Line 294;0;112.973531929371
-23.363380633;-47.140825561;675.0;53970;Line 294;0;112.973531929371
-23.363490024;-47.140557201;665.0;53940;Line 294;0;112.973531929371
-23.363599414;-47.14028884;655.4;53910;Line 294;0;112.973531929371
-23.363708805;-47.14002048;646.1;53880;Line 294;0;112.973531929371
-23.363818194;-47.139752119;638.9;53850;Line 294;0;112.973531929371
-23.363927583;-47.139483757;632.2;53820;Line 294;0;112.973531929371
-23.364036972;-47.139215395;625.9;53790;Line 294;0;112.973531929371
-23.364146361;-47.138947032;622.8;53760;Line 294;0;112.973531929371
-23.364255749;-47.138678669;621.0;53730;Line 294;0;112.973531929371
-23.364365136;-47.138410305;619.4;53700;Line 294;0;112.973531929371
-23.364474523;-47.138141941;618.3;53670;Line 294;0;112.973531929371
-23.36458391;-47.137873577;617.3;53640;Line 294;0;112.973531929371
-23.364693296;-47.137605212;616.4;53610;Line 294;0;112.973531929371
-23.364802682;-47.137336846;616.2;53580;Line 294;0;112.973531929371
-23.364912067;-47.13706848;616.5;53550;Line 294;0;112.973531929371
-23.365021452;-47.136800114;616.8;53520;Line 294;0;112.973531929371
-23.365130837;-47.136531747;617.3;53490;Line 294;0;112.973531929371
-23.365240221;-47.13626338;618.4;53460;Line 294;0;112.973531929371
-23.365349605;-47.135995012;620.4;53430;Line 294;0;112.973531929371
-23.365458988;-47.135726644;624.1;53400;Line 294;0;112.973531929371
-23.365568371;-47.135458275;630.1;53370;Line 294;0;112.973531929371
-23.365677753;-47.135189906;637.2;53340;Line 294;0;112.973531929371
-23.365787135;-47.134921536;642.9;53310;Line 294;0;112.973531929371
-23.365896517;-47.134653166;642.0;53280;Line 294;0;112.973531929371
-23.366005898;-47.134384795;640.1;53250;Line 294;0;112.973531929371
-23.366115278;-47.134116424;637.9;53220;Line 294;0;112.973531929371
-23.366224659;-47.133848052;636.6;53190;Line 294;0;112.973531929371
-23.366334038;-47.13357968;635.4;53160;Line 294;0;112.973531929371
-23.366443418;-47.133311308;634.5;53130;Line 294;0;112.973531929371
-23.366552797;-47.133042935;634.8;53100;Line 294;0;112.973531929371
-23.366662175;-47.132774561;634.9;53070;Line 294;0;112.973531929371
-23.366771553;-47.132506187;634.3;53040;Line 294;0;112.973531929371
-23.366880931;-47.132237813;633.3;53010;Line 294;0;112.973531929371
-23.366990308;-47.131969438;632.6;52980;Line 294;0;112.973531929371
-23.367099685;-47.131701062;632.2;52950;Line 294;0;112.973531929371
-23.367209061;-47.131432686;634.4;52920;Line 294;0;112.973531929371
-23.367318437;-47.13116431;637.3;52890;Line 294;0;112.973531929371
-23.367427813;-47.130895933;640.6;52860;Line 294;0;112.973531929371
-23.367537188;-47.130627556;643.9;52830;Line 294;0;112.973531929371
-23.367646562;-47.130359178;648.0;52800;Line 294;0;112.973531929371
-23.367755937;-47.1300908;652.9;52770;Line 294;0;112.973531929371
-23.36786531;-47.129822421;656.1;52740;Line 294;0;112.973531929371
-23.367974684;-47.129554042;658.3;52710;Line 294;0;112.973531929371
-23.368084057;-47.129285663;660.8;52680;Line 294;0;112.973531929371
-23.368193429;-47.129017282;660.5;52650;Line 294;0;112.973531929371
-23.368302801;-47.128748902;656.8;52620;Line 294;0;112.973531929371
-23.368412173;-47.128480521;651.6;52590;Line 294;0;112.973531929371
-23.368521544;-47.128212139;647.3;52560;Line 294;0;112.973531929371
-23.368630915;-47.127943757;644.8;52530;Line 294;0;112.973531929371
-23.368740285;-47.127675375;642.2;52500;Line 294;0;112.973531929371
-23.368849655;-47.127406992;641.4;52470;Line 294;0;112.973531929371
-23.368959025;-47.127138608;644.1;52440;Line 294;0;112.973531929371
-23.369068394;-47.126870224;646.8;52410;Line 294;0;112.973531929371
-23.369177762;-47.12660184;650.0;52380;Line 294;0;112.973531929371
-23.36928713;-47.126333455;654.5;52350;Line 294;0;112.973531929371
-23.369396498;-47.12606507;657.8;52320;Line 294;0;112.973531929371
-23.369505866;-47.125796684;660.7;52290;Line 294;0;112.973531929371
-23.369615232;-47.125528298;666.9;52260;Line 294;0;112.973531929371
-23.369724599;-47.125259911;672.2;52230;Line 294;0;112.973531929371
-23.369833965;-47.124991524;676.9;52200;Line 294;0;112.973531929371
-23.369943331;-47.124723136;687.3;52170;Line 294;0;112.973531929371
-23.370052696;-47.124454748;698.4;52140;Line 294;0;112.973531929371
-23.370162061;-47.124186359;709.6;52110;Line 294;0;112.973531929371
-23.370271425;-47.12391797;718.3;52080;Line 294;0;112.973531929371
-23.370380789;-47.123649581;726.5;52050;Line 294;0;112.973531929371
-23.370490152;-47.123381191;734.4;52020;Line 294;0;112.973531929371
-23.370599515;-47.1231128;734.7;51990;Line 294;0;112.973531929371
-23.370708878;-47.122844409;733.2;51960;Line 294;0;112.973531929371
-23.37081824;-47.122576018;731.4;51930;Line 294;0;112.973531929371
-23.370927602;-47.122307626;726.7;51900;Line 294;0;112.973531929371
-23.371036963;-47.122039233;721.1;51870;Line 294;0;112.973531929371
-23.371146324;-47.121770841;716.1;51840;Line 294;0;112.973531929371
-23.371255684;-47.121502447;711.2;51810;Line 294;0;112.973531929371
-23.371365044;-47.121234053;706.5;51780;Line 294;0;112.973531929371
-23.371474404;-47.120965659;702.4;51750;Line 294;0;112.973531929371
-23.371583763;-47.120697264;698.3;51720;Line 294;0;112.973531929371
-23.371693122;-47.120428869;694.1;51690;Line 294;0;112.973531929371
-23.37180248;-47.120160473;690.3;51660;Line 294;0;112.973531929371
-23.371911838;-47.119892077;685.7;51630;Line 294;0;112.973531929371
-23.372021195;-47.119623681;680.0;51600;Line 294;0;112.973531929371
-23.372130552;-47.119355283;674.6;51570;Line 294;0;112.973531929371
-23.372239909;-47.119086886;669.7;51540;Line 294;0;112.973531929371
-23.372349265;-47.118818488;664.9;51510;Line 294;0;112.973531929371
-23.372458621;-47.118550089;659.4;51480;Line 294;0;112.973531929371
-23.372567976;-47.11828169;654.4;51450;Line 294;0;112.973531929371
-23.372677331;-47.118013291;657.5;51420;Line 294;0;112.973531929371
-23.372786685;-47.117744891;659.2;51390;Line 294;0;112.973531929371
-23.372896039;-47.11747649;660.0;51360;Line 294;0;112.973531929371
-23.373005393;-47.117208089;662.1;51330;Line 294;0;112.973531929371
-23.373114746;-47.116939688;663.4;51300;Line 294;0;112.973531929371
-23.373224099;-47.116671286;663.9;51270;Line 294;0;112.973531929371
-23.373333451;-47.116402884;666.0;51240;Line 294;0;112.973531929371
-23.373442803;-47.116134481;673.8;51210;Line 294;0;112.973531929371
-23.373552154;-47.115866078;682.6;51180;Line 294;0;112.973531929371
-23.373661505;-47.115597674;690.7;51150;Line 294;0;112.973531929371
-23.373770856;-47.11532927;697.4;51120;Line 294;0;112.973531929371
-23.373880206;-47.115060865;702.7;51090;Line 294;0;112.973531929371
-23.373989556;-47.11479246;699.8;51060;Line 294;0;112.973531929371
-23.374098905;-47.114524054;693.4;51030;Line 294;0;112.973531929371
-23.374208254;-47.114255648;685.0;51000;Line 294;0;112.973531929371
-23.374317602;-47.113987242;675.0;50970;Line 294;0;112.973531929371
-23.37442695;-47.113718834;666.8;50940;Line 294;0;112.973531929371
-23.374536298;-47.113450427;661.2;50910;Line 294;0;112.973531929371
-23.374645645;-47.113182019;662.7;50880;Line 294;0;112.973531929371
-23.374754992;-47.11291361;669.5;50850;Line 294;0;112.973531929371
-23.374864338;-47.112645202;677.7;50820;Line 294;0;112.973531929371
-23.374973684;-47.112376792;685.2;50790;Line 294;0;112.973531929371
-23.375083029;-47.112108382;690.9;50760;Line 294;0;112.973531929371
-23.375192374;-47.111839972;697.4;50730;Line 294;0;112.973531929371
-23.375301718;-47.111571561;703.5;50700;Line 294;0;112.973531929371
-23.375411063;-47.11130315;706.8;50670;Line 294;0;112.973531929371
-23.375520406;-47.111034738;709.0;50640;Line 294;0;112.973531929371
-23.375629749;-47.110766326;711.5;50610;Line 294;0;112.973531929371
-23.375739092;-47.110497913;717.0;50580;Line 294;0;112.973531929371
-23.375848435;-47.1102295;721.4;50550;Line 294;0;112.973531929371
-23.375957777;-47.109961086;727.3;50520;Line 294;0;112.973531929371
-23.376067118;-47.109692672;739.8;50490;Line 294;0;112.973531929371
-23.376176459;-47.109424257;750.4;50460;Line 294;0;112.973531929371
-23.3762858;-47.109155842;759.0;50430;Line 294;0;112.973531929371
-23.37639514;-47.108887427;763.2;50400;Line 294;0;112.973531929371
-23.37650448;-47.108619011;767.2;50370;Line 294;0;112.973531929371
-23.376613819;-47.108350594;771.1;50340;Line 294;0;112.973531929371
-23.376723158;-47.108082177;763.8;50310;Line 294;0;112.973531929371
-23.376832497;-47.10781376;757.0;50280;Line 294;0;112.973531929371
-23.376941835;-47.107545342;751.8;50250;Line 294;0;112.973531929371
-23.377051172;-47.107276923;744.5;50220;Line 294;0;112.973531929371
-23.37716051;-47.107008505;737.0;50190;Line 294;0;112.973531929371
-23.377269846;-47.106740085;729.9;50160;Line 294;0;112.973531929371
-23.377379183;-47.106471665;726.5;50130;Line 294;0;112.973531929371
-23.377488519;-47.106203245;724.2;50100;Line 294;0;112.973531929371
-23.377597854;-47.105934824;719.8;50070;Line 294;0;112.973531929371
-23.377707189;-47.105666403;711.8;50040;Line 294;0;112.973531929371
-23.377816524;-47.105397981;701.9;50010;Line 294;0;112.973531929371
-23.377925858;-47.105129559;691.6;49980;Line 294;0;112.973531929371
-23.378035192;-47.104861137;680.7;49950;Line 294;0;112.973531929371
-23.378144525;-47.104592714;670.0;49920;Line 294;0;112.973531929371
-23.378253858;-47.10432429;660.3;49890;Line 294;0;112.973531929371
-23.37836319;-47.104055866;653.7;49860;Line 294;0;112.973531929371
-23.378472522;-47.103787441;650.4;49830;Line 294;0;112.973531929371
-23.378581854;-47.103519016;645.8;49800;Line 294;0;112.973531929371
-23.378691185;-47.103250591;641.1;49770;Line 294;0;112.973531929371
-23.378800516;-47.102982165;638.8;49740;Line 294;0;112.973531929371
-23.378909846;-47.102713739;636.7;49710;Line 294;0;112.973531929371
-23.379019176;-47.102445312;635.9;49680;Line 294;0;112.973531929371
-23.379128506;-47.102176884;639.4;49650;Line 294;0;112.973531929371
-23.379237835;-47.101908456;642.0;49620;Line 294;0;112.973531929371
-23.379347163;-47.101640028;644.8;49590;Line 294;0;112.973531929371
-23.379456491;-47.101371599;652.7;49560;Line 294;0;112.973531929371
-23.379565819;-47.10110317;660.5;49530;Line 294;0;112.973531929371
-23.379675146;-47.10083474;668.3;49500;Line 294;0;112.973531929371
-23.379784473;-47.10056631;676.5;49470;Line 294;0;112.973531929371
-23.3798938;-47.100297879;685.1;49440;Line 294;0;112.973531929371
-23.380003126;-47.100029448;693.9;49410;Line 294;0;112.973531929371
-23.380112451;-47.099761017;700.1;49380;Line 294;0;112.973531929371
-23.380221776;-47.099492585;706.1;49350;Line 294;0;112.973531929371
-23.380331101;-47.099224152;712.1;49320;Line 294;0;112.973531929371
-23.380440425;-47.098955719;719.2;49290;Line 294;0;112.973531929371
-23.380549749;-47.098687285;726.9;49260;Line 294;0;112.973531929371
-23.380659073;-47.098418852;734.9;49230;Line 294;0;112.973531929371
-23.380768396;-47.098150417;746.0;49200;Line 294;0;112.973531929371
-23.380877718;-47.097881982;759.6;49170;Line 294;0;112.973531929371
-23.38098704;-47.097613547;771.8;49140;Line 294;0;112.973531929371
-23.381096362;-47.097345111;778.2;49110;Line 294;0;112.973531929371
-23.381205683;-47.097076675;781.4;49080;Line 294;0;112.973531929371
-23.381315004;-47.096808238;784.0;49050;Line 294;0;112.973531929371
-23.381424325;-47.0965398;783.0;49020;Line 294;0;112.973531929371
-23.381533645;-47.096271363;778.7;48990;Line 294;0;112.973531929371
-23.381642964;-47.096002924;775.0;48960;Line 294;0;112.973531929371
-23.381752283;-47.095734486;768.1;48930;Line 294;0;112.973531929371
-23.381861602;-47.095466047;759.5;48900;Line 294;0;112.973531929371
-23.38197092;-47.095197607;752.9;48870;Line 294;0;112.973531929371
-23.382080238;-47.094929167;746.8;48840;Line 294;0;112.973531929371
-23.382189555;-47.094660726;739.0;48810;Line 294;0;112.973531929371
-23.382298872;-47.094392285;733.4;48780;Line 294;0;112.973531929371
-23.382408189;-47.094123844;729.4;48750;Line 294;0;112.973531929371
-23.382517505;-47.093855402;724.3;48720;Line 294;0;112.973531929371
-23.382626821;-47.093586959;719.5;48690;Line 294;0;112.973531929371
-23.382736136;-47.093318516;716.3;48660;Line 294;0;112.973531929371
-23.382845451;-47.093050073;710.8;48630;Line 294;0;112.973531929371
-23.382954765;-47.092781629;705.2;48600;Line 294;0;112.973531929371
-23.383064079;-47.092513184;699.5;48570;Line 294;0;112.973531929371
-23.383173393;-47.09224474;694.9;48540;Line 294;0;112.973531929371
-23.383282706;-47.091976294;690.4;48510;Line 294;0;112.973531929371
-23.383392018;-47.091707848;684.9;48480;Line 294;0;112.973531929371
-23.38350133;-47.091439402;679.5;48450;Line 294;0;112.973531929371
-23.383610642;-47.091170956;673.8;48420;Line 294;0;112.973531929371
-23.383719954;-47.090902508;667.3;48390;Line 294;0;112.973531929371
-23.383829265;-47.090634061;661.7;48360;Line 294;0;112.973531929371
-23.383938575;-47.090365612;656.6;48330;Line 294;0;112.973531929371
-23.384047885;-47.090097164;651.6;48300;Line 294;0;112.973531929371
-23.384157195;-47.089828715;647.0;48270;Line 294;0;112.973531929371
-23.384266504;-47.089560265;642.7;48240;Line 294;0;112.973531929371
-23.384375813;-47.089291815;639.2;48210;Line 294;0;112.973531929371
-23.384485121;-47.089023365;636.9;48180;Line 294;0;112.973531929371
-23.384594429;-47.088754914;635.8;48150;Line 294;0;112.973531929371
-23.384703736;-47.088486462;635.2;48120;Line 294;0;112.973531929371
-23.384813043;-47.08821801;638.0;48090;Line 294;0;112.973531929371
-23.38492235;-47.087949558;645.3;48060;Line 294;0;112.973531929371
-23.385031656;-47.087681105;654.1;48030;Line 294;0;112.973531929371
-23.385140962;-47.087412652;663.8;48000;Line 294;0;112.973531929371
-23.385250267;-47.087144198;672.6;47970;Line 294;0;112.973531929371
-23.385359572;-47.086875744;681.6;47940;Line 294;0;112.973531929371
-23.385468877;-47.086607289;690.2;47910;Line 294;0;112.973531929371
-23.385578181;-47.086338834;696.2;47880;Line 294;0;112.973531929371
-23.385687484;-47.086070378;702.4;47850;Line 294;0;112.973531929371
-23.385796787;-47.085801922;709.0;47820;Line 294;0;112.973531929371
-23.38590609;-47.085533465;713.8;47790;Line 294;0;112.973531929371
-23.386015392;-47.085265008;716.6;47760;Line 294;0;112.973531929371
-23.386124694;-47.08499655;718.3;47730;Line 294;0;112.973531929371
-23.386233996;-47.084728092;719.8;47700;Line 294;0;112.973531929371
-23.386343297;-47.084459634;719.9;47670;Line 294;0;112.973531929371
-23.386452597;-47.084191175;718.6;47640;Line 294;0;112.973531929371
-23.386561898;-47.083922715;709.8;47610;Line 294;0;112.973531929371
-23.386671197;-47.083654255;699.7;47580;Line 294;0;112.973531929371
-23.386780497;-47.083385795;688.8;47550;Line 294;0;112.973531929371
-23.386889795;-47.083117334;679.1;47520;Line 294;0;112.973531929371
-23.386999094;-47.082848873;669.2;47490;Line 294;0;112.973531929371
-23.387108392;-47.082580411;659.0;47460;Line 294;0;112.973531929371
-23.387217689;-47.082311948;650.1;47430;Line 294;0;112.973531929371
-23.387326986;-47.082043486;642.5;47400;Line 294;0;112.973531929371
-23.387436283;-47.081775022;635.9;47370;Line 294;0;112.973531929371
-23.387545579;-47.081506559;631.4;47340;Line 294;0;112.973531929371
-23.387654875;-47.081238094;629.1;47310;Line 294;0;112.973531929371
-23.387764171;-47.08096963;627.6;47280;Line 294;0;112.973531929371
-23.387873466;-47.080701165;628.9;47250;Line 294;0;112.973531929371
-23.38798276;-47.080432699;633.1;47220;Line 294;0;112.973531929371
-23.388092054;-47.080164233;638.1;47190;Line 294;0;112.973531929371
-23.388201348;-47.079895766;646.3;47160;Line 294;0;112.973531929371
-23.388310641;-47.079627299;658.9;47130;Line 294;0;112.973531929371
-23.388419934;-47.079358832;672.7;47100;Line 294;0;112.973531929371
-23.388529226;-47.079090364;686.3;47070;Line 294;0;112.973531929371
-23.388638518;-47.078821895;697.2;47040;Line 294;0;112.973531929371
-23.38874781;-47.078553426;707.0;47010;Line 294;0;112.973531929371
-23.388857101;-47.078284957;714.6;46980;Line 294;0;112.973531929371
-23.388966392;-47.078016487;714.5;46950;Line 294;0;112.973531929371
-23.389075682;-47.077748017;711.3;46920;Line 294;0;112.973531929371
-23.389184972;-47.077479546;704.8;46890;Line 294;0;112.973531929371
-23.389294261;-47.077211075;695.1;46860;Line 294;0;112.973531929371
-23.38940355;-47.076942603;685.7;46830;Line 294;0;112.973531929371
-23.389512838;-47.076674131;676.8;46800;Line 294;0;112.973531929371
-23.389622126;-47.076405658;670.8;46770;Line 294;0;112.973531929371
-23.389731414;-47.076137185;665.6;46740;Line 294;0;112.973531929371
-23.389840701;-47.075868711;661.3;46710;Line 294;0;112.973531929371
-23.389949988;-47.075600237;658.6;46680;Line 294;0;112.973531929371
-23.390059274;-47.075331763;659.7;46650;Line 294;0;112.973531929371
-23.39016856;-47.075063287;663.4;46620;Line 294;0;112.973531929371
-23.390277846;-47.074794812;667.5;46590;Line 294;0;112.973531929371
-23.390387131;-47.074526336;671.2;46560;Line 294;0;112.973531929371
-23.390496416;-47.074257859;674.5;46530;Line 294;0;112.973531929371
-23.3906057;-47.073989382;678.5;46500;Line 294;0;112.973531929371
-23.390714983;-47.073720905;683.1;46470;Line 294;0;112.973531929371
-23.390824267;-47.073452427;687.8;46440;Line 294;0;112.973531929371
-23.39093355;-47.073183949;689.5;46410;Line 294;0;112.973531929371
-23.391042832;-47.07291547;689.4;46380;Line 294;0;112.973531929371
-23.391152114;-47.072646991;689.2;46350;Line 294;0;112.973531929371
-23.391261396;-47.072378511;687.6;46320;Line 294;0;112.973531929371
-23.391370677;-47.072110031;685.2;46290;Line 294;0;112.973531929371
-23.391479958;-47.07184155;684.0;46260;Line 294;0;112.973531929371
-23.391589238;-47.071573069;684.5;46230;Line 294;0;112.973531929371
-23.391698518;-47.071304587;685.9;46200;Line 294;0;112.973531929371
-23.391807797;-47.071036105;687.5;46170;Line 294;0;112.973531929371
-23.391917076;-47.070767622;690.4;46140;Line 294;0;112.973531929371
-23.392026355;-47.070499139;694.9;46110;Line 294;0;112.973531929371
-23.392135633;-47.070230656;700.3;46080;Line 294;0;112.973531929371
-23.392244911;-47.069962172;706.4;46050;Line 294;0;112.973531929371
-23.392354188;-47.069693687;711.2;46020;Line 294;0;112.973531929371
-23.392463465;-47.069425202;714.6;45990;Line 294;0;112.973531929371
-23.392572741;-47.069156717;716.9;45960;Line 294;0;112.973531929371
-23.392682017;-47.068888231;719.9;45930;Line 294;0;112.973531929371
-23.392791293;-47.068619744;721.9;45900;Line 294;0;112.973531929371
-23.392900568;-47.068351257;722.9;45870;Line 294;0;112.973531929371
-23.393009843;-47.06808277;721.6;45840;Line 294;0;112.973531929371
-23.393119117;-47.067814282;719.4;45810;Line 294;0;112.973531929371
-23.393228391;-47.067545794;716.5;45780;Line 294;0;112.973531929371
-23.393337664;-47.067277305;717.4;45750;Line 294;0;112.973531929371
-23.393446937;-47.067008816;719.6;45720;Line 294;0;112.973531929371
-23.39355621;-47.066740326;721.3;45690;Line 294;0;112.973531929371
-23.393665482;-47.066471836;724.0;45660;Line 294;0;112.973531929371
-23.393774753;-47.066203346;727.3;45630;Line 294;0;112.973531929371
-23.393884025;-47.065934854;730.5;45600;Line 294;0;112.973531929371
-23.393993295;-47.065666363;732.3;45570;Line 294;0;112.973531929371
-23.394102566;-47.065397871;733.0;45540;Line 294;0;112.973531929371
-23.394211836;-47.065129378;733.7;45510;Line 294;0;112.973531929371
-23.394321105;-47.064860885;733.5;45480;Line 294;0;112.973531929371
-23.394430374;-47.064592392;732.7;45450;Line 294;0;112.973531929371
-23.394539643;-47.064323898;731.9;45420;Line 294;0;112.973531929371
-23.394648911;-47.064055403;730.6;45390;Line 294;0;112.973531929371
-23.394758179;-47.063786909;727.9;45360;Line 294;0;112.973531929371
-23.394867446;-47.063518413;724.4;45330;Line 294;0;112.973531929371
-23.394976713;-47.063249917;721.2;45300;Line 294;0;112.973531929371
-23.39508598;-47.062981421;722.2;45270;Line 294;0;112.973531929371
-23.395195246;-47.062712924;723.8;45240;Line 294;0;112.973531929371
-23.395304511;-47.062444427;726.4;45210;Line 294;0;112.973531929371
-23.395413777;-47.062175929;732.4;45180;Line 294;0;112.973531929371
-23.395523041;-47.061907431;737.8;45150;Line 294;0;112.973531929371
-23.395632306;-47.061638932;742.7;45120;Line 294;0;112.973531929371
-23.395741569;-47.061370433;749.6;45090;Line 294;0;112.973531929371
-23.395850833;-47.061101934;756.8;45060;Line 294;0;112.973531929371
-23.395960096;-47.060833434;763.9;45030;Line 294;0;112.973531929371
-23.396069359;-47.060564933;768.2;45000;Line 294;0;112.973531929371
-23.396178621;-47.060296432;772.1;44970;Line 294;0;112.973531929371
-23.396287882;-47.060027931;775.8;44940;Line 294;0;112.973531929371
-23.396397144;-47.059759429;776.7;44910;Line 294;0;112.973531929371
-23.396506405;-47.059490926;777.1;44880;Line 294;0;112.973531929371
-23.396615665;-47.059222423;777.1;44850;Line 294;0;112.973531929371
-23.396724925;-47.05895392;774.5;44820;Line 294;0;112.973531929371
-23.396834185;-47.058685416;770.8;44790;Line 294;0;112.973531929371
-23.396943444;-47.058416912;766.7;44760;Line 294;0;112.973531929371
-23.397052703;-47.058148407;763.8;44730;Line 294;0;112.973531929371
-23.397161961;-47.057879902;761.0;44700;Line 294;0;112.973531929371
-23.397271219;-47.057611396;757.7;44670;Line 294;0;112.973531929371
-23.397380476;-47.05734289;756.2;44640;Line 294;0;112.973531929371
-23.397489733;-47.057074383;757.7;44610;Line 294;0;112.973531929371
-23.39759899;-47.056805876;760.0;44580;Line 294;0;112.973531929371
-23.397708246;-47.056537368;762.4;44550;Line 294;0;112.973531929371
-23.397817501;-47.05626886;764.9;44520;Line 294;0;112.973531929371
-23.397926757;-47.056000352;768.3;44490;Line 294;0;112.973531929371
-23.398036012;-47.055731842;771.8;44460;Line 294;0;112.973531929371
-23.398145266;-47.055463333;774.4;44430;Line 294;0;112.973531929371
-23.39825452;-47.055194823;777.5;44400;Line 294;0;112.973531929371
-23.398363773;-47.054926313;779.4;44370;Line 294;0;112.973531929371
-23.398473026;-47.054657802;776.7;44340;Line 294;0;112.973531929371
-23.398582279;-47.05438929;773.4;44310;Line 294;0;112.973531929371
-23.398691531;-47.054120778;770.0;44280;Line 294;0;112.973531929371
-23.398800783;-47.053852266;769.0;44250;Line 294;0;112.973531929371
-23.398910035;-47.053583753;769.0;44220;Line 294;0;112.973531929371
-23.399019285;-47.05331524;770.0;44190;Line 294;0;112.973531929371
-23.399128536;-47.053046726;769.7;44160;Line 294;0;112.973531929371
-23.399237786;-47.052778212;770.8;44130;Line 294;0;112.973531929371
-23.399347036;-47.052509697;772.5;44100;Line 294;0;112.973531929371
-23.399456285;-47.052241182;772.7;44070;Line 294;0;112.973531929371
-23.399565534;-47.051972666;772.8;44040;Line 294;0;112.973531929371
-23.399674782;-47.05170415;772.8;44010;Line 294;0;112.973531929371
-23.39978403;-47.051435634;775.7;43980;Line 294;0;112.973531929371
-23.399893277;-47.051167117;779.4;43950;Line 294;0;112.973531929371
-23.400002524;-47.050898599;783.3;43920;Line 294;0;112.973531929371
-23.400111771;-47.050630081;784.8;43890;Line 294;0;112.973531929371
-23.400221017;-47.050361562;786.5;43860;Line 294;0;112.973531929371
-23.400330263;-47.050093044;788.9;43830;Line 294;0;112.973531929371
-23.400439508;-47.049824524;791.5;43800;Line 294;0;112.973531929371
-23.400548753;-47.049556004;793.2;43770;Line 294;0;112.973531929371
-23.400657998;-47.049287484;794.0;43740;Line 294;0;112.973531929371
-23.400767242;-47.049018963;791.4;43710;Line 294;0;112.973531929371
-23.400876485;-47.048750442;785.3;43680;Line 294;0;112.973531929371
-23.400985728;-47.04848192;778.1;43650;Line 294;0;112.973531929371
-23.401094971;-47.048213398;772.1;43620;Line 294;0;112.973531929371
-23.401204213;-47.047944875;767.9;43590;Line 294;0;112.973531929371
-23.401313455;-47.047676352;763.5;43560;Line 294;0;112.973531929371
-23.401422697;-47.047407828;757.5;43530;Line 294;0;112.973531929371
-23.401531938;-47.047139304;749.1;43500;Line 294;0;112.973531929371
-23.401641178;-47.046870779;740.9;43470;Line 294;0;112.973531929371
-23.401750418;-47.046602254;731.0;43440;Line 294;0;112.973531929371
-23.401859658;-47.046333729;720.1;43410;Line 294;0;112.973531929371
-23.401968897;-47.046065203;710.2;43380;Line 294;0;112.973531929371
-23.402078136;-47.045796676;702.0;43350;Line 294;0;112.973531929371
-23.402187375;-47.045528149;698.2;43320;Line 294;0;112.973531929371
-23.402296613;-47.045259622;694.3;43290;Line 294;0;112.973531929371
-23.40240585;-47.044991094;690.4;43260;Line 294;0;112.973531929371
-23.402515087;-47.044722565;688.3;43230;Line 294;0;112.973531929371
-23.402624324;-47.044454036;687.8;43200;Line 294;0;112.973531929371
-23.40273356;-47.044185507;686.8;43170;Line 294;0;112.973531929371
-23.402842796;-47.043916977;688.1;43140;Line 294;0;112.973531929371
-23.402952031;-47.043648447;691.1;43110;Line 294;0;112.973531929371
-23.403061266;-47.043379916;695.7;43080;Line 294;0;112.973531929371
-23.403170501;-47.043111385;703.1;43050;Line 294;0;112.973531929371
-23.403279735;-47.042842853;710.2;43020;Line 294;0;112.973531929371
-23.403388969;-47.042574321;715.1;42990;Line 294;0;112.973531929371
-23.403498202;-47.042305789;712.8;42960;Line 294;0;112.973531929371
-23.403607435;-47.042037255;708.7;42930;Line 294;0;112.973531929371
-23.403716667;-47.041768722;704.8;42900;Line 294;0;112.973531929371
-23.403825899;-47.041500188;698.9;42870;Line 294;0;112.973531929371
-23.40393513;-47.041231653;692.5;42840;Line 294;0;112.973531929371
-23.404044361;-47.040963118;687.0;42810;Line 294;0;112.973531929371
-23.404153592;-47.040694583;683.4;42780;Line 294;0;112.973531929371
-23.404262822;-47.040426047;684.2;42750;Line 294;0;112.973531929371
-23.404372052;-47.040157511;685.5;42720;Line 294;0;112.973531929371
-23.404481281;-47.039888974;684.9;42690;Line 294;0;112.973531929371
-23.40459051;-47.039620436;680.6;42660;Line 294;0;112.973531929371
-23.404699739;-47.039351898;675.4;42630;Line 294;0;112.973531929371
-23.404808967;-47.03908336;671.7;42600;Line 294;0;112.973531929371
-23.404918194;-47.038814821;672.5;42570;Line 294;0;112.973531929371
-23.405027421;-47.038546282;672.8;42540;Line 294;0;112.973531929371
-23.405136648;-47.038277742;673.3;42510;Line 294;0;112.973531929371
-23.405245874;-47.038009202;675.9;42480;Line 294;0;112.973531929371
-23.4053551;-47.037740662;677.1;42450;Line 294;0;112.973531929371
-23.405464326;-47.03747212;676.8;42420;Line 294;0;112.973531929371
-23.405573551;-47.037203579;675.4;42390;Line 294;0;112.973531929371
-23.405682775;-47.036935037;673.7;42360;Line 294;0;112.973531929371
-23.405791999;-47.036666494;671.8;42330;Line 294;0;112.973531929371
-23.405901223;-47.036397951;675.7;42300;Line 294;0;112.973531929371
-23.406010446;-47.036129408;680.5;42270;Line 294;0;112.973531929371
-23.406119669;-47.035860864;685.2;42240;Line 294;0;112.973531929371
-23.406228892;-47.035592319;693.5;42210;Line 294;0;112.973531929371
-23.406338114;-47.035323774;701.6;42180;Line 294;0;112.973531929371
-23.406447335;-47.035055229;709.0;42150;Line 294;0;112.973531929371
-23.406556556;-47.034786683;712.2;42120;Line 294;0;112.973531929371
-23.406665777;-47.034518137;713.6;42090;Line 294;0;112.973531929371
-23.406774997;-47.03424959;712.8;42060;Line 294;0;112.973531929371
-23.406884217;-47.033981043;711.7;42030;Line 294;0;112.973531929371
-23.406993436;-47.033712495;711.1;42000;Line 294;0;112.973531929371
-23.407102655;-47.033443947;711.4;41970;Line 294;0;112.973531929371
-23.407211874;-47.033175398;713.4;41940;Line 294;0;112.973531929371
-23.407321092;-47.032906849;716.7;41910;Line 294;0;112.973531929371
-23.407430309;-47.032638299;720.7;41880;Line 294;0;112.973531929371
-23.407539527;-47.032369749;721.6;41850;Line 294;0;112.973531929371
-23.407648743;-47.032101199;718.4;41820;Line 294;0;112.973531929371
-23.40775796;-47.031832648;715.5;41790;Line 294;0;112.973531929371
-23.407867176;-47.031564096;714.6;41760;Line 294;0;112.973531929371
-23.407976391;-47.031295544;717.7;41730;Line 294;0;112.973531929371
-23.408085606;-47.031026992;722.4;41700;Line 294;0;112.973531929371
-23.408194821;-47.030758439;728.1;41670;Line 294;0;112.973531929371
-23.408304035;-47.030489886;733.5;41640;Line 294;0;112.973531929371
-23.408413249;-47.030221332;736.9;41610;Line 294;0;112.973531929371
-23.408522462;-47.029952777;739.0;41580;Line 294;0;112.973531929371
-23.408631675;-47.029684223;739.5;41550;Line 294;0;112.973531929371
-23.408740887;-47.029415667;740.6;41520;Line 294;0;112.973531929371
-23.408850099;-47.029147112;742.4;41490;Line 294;0;112.973531929371
-23.408959311;-47.028878555;745.9;41460;Line 294;0;112.973531929371
-23.409068522;-47.028609999;749.4;41430;Line 294;0;112.973531929371
-23.409177733;-47.028341441;753.1;41400;Line 294;0;112.973531929371
-23.409286943;-47.028072884;758.8;41370;Line 294;0;112.973531929371
-23.409396153;-47.027804326;764.1;41340;Line 294;0;112.973531929371
-23.409505362;-47.027535767;769.2;41310;Line 294;0;112.973531929371
-23.409614571;-47.027267208;771.3;41280;Line 294;0;112.973531929371
-23.40972378;-47.026998649;773.4;41250;Line 294;0;112.973531929371
-23.409832988;-47.026730089;776.0;41220;Line 294;0;112.973531929371
-23.409942196;-47.026461528;776.3;41190;Line 294;0;112.973531929371
-23.410051403;-47.026192967;775.6;41160;Line 294;0;112.973531929371
-23.41016061;-47.025924406;774.5;41130;Line 294;0;112.973531929371
-23.410269816;-47.025655844;772.7;41100;Line 294;0;112.973531929371
-23.410379022;-47.025387282;770.9;41070;Line 294;0;112.973531929371
-23.410488228;-47.025118719;769.5;41040;Line 294;0;112.973531929371
-23.410597433;-47.024850155;767.8;41010;Line 294;0;112.973531929371
-23.410706638;-47.024581592;765.5;40980;Line 294;0;112.973531929371
-23.410815842;-47.024313027;763.0;40950;Line 294;0;112.973531929371
-23.410925046;-47.024044463;761.3;40920;Line 294;0;112.973531929371
-23.411034249;-47.023775897;760.9;40890;Line 294;0;112.973531929371
-23.411143452;-47.023507332;761.1;40860;Line 294;0;112.973531929371
-23.411252654;-47.023238766;762.6;40830;Line 294;0;112.973531929371
-23.411361856;-47.022970199;764.4;40800;Line 294;0;112.973531929371
-23.411471058;-47.022701632;764.9;40770;Line 294;0;112.973531929371
-23.411580259;-47.022433065;764.3;40740;Line 294;0;112.973531929371
-23.41168946;-47.022164497;763.3;40710;Line 294;0;112.973531929371
-23.41179866;-47.021895928;761.0;40680;Line 294;0;112.973531929371
-23.41190786;-47.021627359;758.3;40650;Line 294;0;112.973531929371
-23.41201706;-47.02135879;757.9;40620;Line 294;0;112.973531929371
-23.412126259;-47.02109022;757.0;40590;Line 294;0;112.973531929371
-23.412235457;-47.020821649;755.4;40560;Line 294;0;112.973531929371
-23.412344655;-47.020553079;753.8;40530;Line 294;0;112.973531929371
-23.412453853;-47.020284507;752.3;40500;Line 294;0;112.973531929371
-23.41256305;-47.020015935;750.1;40470;Line 294;0;112.973531929371
-23.412672247;-47.019747363;743.6;40440;Line 294;0;112.973531929371
-23.412781444;-47.01947879;736.9;40410;Line 294;0;112.973531929371
-23.41289064;-47.019210217;730.3;40380;Line 294;0;112.973531929371
-23.412999835;-47.018941644;723.7;40350;Line 294;0;112.973531929371
-23.413109031;-47.018673069;718.4;40320;Line 294;0;112.973531929371
-23.413218225;-47.018404495;714.5;40290;Line 294;0;112.973531929371
-23.413327419;-47.01813592;711.4;40260;Line 294;0;112.973531929371
-23.413436613;-47.017867344;710.9;40230;Line 294;0;112.973531929371
-23.413545807;-47.017598768;711.5;40200;Line 294;0;112.973531929371
-23.413655;-47.017330192;716.3;40170;Line 294;0;112.973531929371
-23.413764192;-47.017061615;723.2;40140;Line 294;0;112.973531929371
-23.413873384;-47.016793037;730.2;40110;Line 294;0;112.973531929371
-23.413982576;-47.016524459;735.8;40080;Line 294;0;112.973531929371
-23.414091767;-47.016255881;739.7;40050;Line 294;0;112.973531929371
-23.414200958;-47.015987302;742.9;40020;Line 294;0;112.973531929371
-23.414310148;-47.015718723;742.9;39990;Line 294;0;112.973531929371
-23.414419338;-47.015450143;739.3;39960;Line 294;0;112.973531929371
-23.414528528;-47.015181563;735.5;39930;Line 294;0;112.973531929371
-23.414637717;-47.014912982;731.5;39900;Line 294;0;112.973531929371
-23.414746906;-47.014644401;727.6;39870;Line 294;0;112.973531929371
-23.414856094;-47.014375819;723.6;39840;Line 294;0;112.973531929371
-23.414965282;-47.014107237;721.9;39810;Line 294;0;112.973531929371
-23.415074469;-47.013838654;728.6;39780;Line 294;0;112.973531929371
-23.415183656;-47.013570071;734.7;39750;Line 294;0;112.973531929371
-23.415292842;-47.013301488;740.3;39720;Line 294;0;112.973531929371
-23.415402028;-47.013032904;745.5;39690;Line 294;0;112.973531929371
-23.415511214;-47.012764319;751.2;39660;Line 294;0;112.973531929371
-23.415620399;-47.012495734;757.2;39630;Line 294;0;112.973531929371
-23.415729584;-47.012227149;756.4;39600;Line 294;0;112.973531929371
-23.415838768;-47.011958563;756.5;39570;Line 294;0;112.973531929371
-23.415947952;-47.011689976;757.3;39540;Line 294;0;112.973531929371
-23.416057135;-47.011421389;757.6;39510;Line 294;0;112.973531929371
-23.416166318;-47.011152802;758.4;39480;Line 294;0;112.973531929371
-23.416275501;-47.010884214;760.0;39450;Line 294;0;112.973531929371
-23.416384683;-47.010615626;763.9;39420;Line 294;0;112.973531929371
-23.416493865;-47.010347037;768.4;39390;Line 294;0;112.973531929371
-23.416603046;-47.010078448;772.8;39360;Line 294;0;112.973531929371
-23.416712227;-47.009809858;777.1;39330;Line 294;0;112.973531929371
-23.416821407;-47.009541268;781.0;39300;Line 294;0;112.973531929371
-23.416930587;-47.009272677;784.4;39270;Line 294;0;112.973531929371
-23.417039767;-47.009004086;785.5;39240;Line 294;0;112.973531929371
-23.417148946;-47.008735495;784.8;39210;Line 294;0;112.973531929371
-23.417258125;-47.008466903;783.8;39180;Line 294;0;112.973531929371
-23.417367303;-47.00819831;782.2;39150;Line 294;0;112.973531929371
-23.417476481;-47.007929717;780.3;39120;Line 294;0;112.973531929371
-23.417585658;-47.007661124;778.5;39090;Line 294;0;112.973531929371
-23.417694835;-47.00739253;777.6;39060;Line 294;0;112.973531929371
-23.417804012;-47.007123935;778.4;39030;Line 294;0;112.973531929371
-23.417913188;-47.00685534;779.5;39000;Line 294;0;112.973531929371
-23.418022363;-47.006586745;782.1;38970;Line 294;0;112.973531929371
-23.418131539;-47.006318149;787.5;38940;Line 294;0;112.973531929371
-23.418240713;-47.006049553;792.8;38910;Line 294;0;112.973531929371
-23.418349888;-47.005780956;798.2;38880;Line 294;0;112.973531929371
-23.418459062;-47.005512359;805.2;38850;Line 294;0;112.973531929371
-23.418568235;-47.005243761;813.1;38820;Line 294;0;112.973531929371
-23.418677408;-47.004975163;820.9;38790;Line 294;0;112.973531929371
-23.418786581;-47.004706564;821.5;38760;Line 294;0;112.973531929371
-23.418895753;-47.004437965;821.7;38730;Line 294;0;112.973531929371
-23.419004925;-47.004169366;821.6;38700;Line 294;0;112.973531929371
-23.419114096;-47.003900766;813.6;38670;Line 294;0;112.973531929371
-23.419223267;-47.003632165;804.8;38640;Line 294;0;112.973531929371
-23.419332437;-47.003363564;796.4;38610;Line 294;0;112.973531929371
-23.419441607;-47.003094963;797.3;38580;Line 294;0;112.973531929371
-23.419550777;-47.002826361;798.0;38550;Line 294;0;112.973531929371
-23.419659946;-47.002557758;797.4;38520;Line 294;0;112.973531929371
-23.419769115;-47.002289155;803.1;38490;Line 294;0;112.973531929371
-23.419878283;-47.002020552;811.1;38460;Line 294;0;112.973531929371
-23.419987451;-47.001751948;819.5;38430;Line 294;0;112.973531929371
-23.420096618;-47.001483344;826.4;38400;Line 294;0;112.973531929371
-23.420205785;-47.001214739;832.3;38370;Line 294;0;112.973531929371
-23.420314952;-47.000946134;838.0;38340;Line 294;0;112.973531929371
-23.420424118;-47.000677528;840.8;38310;Line 294;0;112.973531929371
-23.420533283;-47.000408922;842.1;38280;Line 294;0;112.973531929371
-23.420642449;-47.000140315;844.0;38250;Line 294;0;112.973531929371
-23.420751613;-46.999871708;848.6;38220;Line 294;0;112.973531929371
-23.420860778;-46.9996031;855.8;38190;Line 294;0;112.973531929371
-23.420969942;-46.999334492;863.7;38160;Line 294;0;112.973531929371
-23.421079105;-46.999065884;871.4;38130;Line 294;0;112.973531929371
-23.421188268;-46.998797275;877.9;38100;Line 294;0;112.973531929371
-23.421297431;-46.998528665;883.8;38070;Line 294;0;112.973531929371
-23.421406593;-46.998260055;888.2;38040;Line 294;0;112.973531929371
-23.421515755;-46.997991445;889.2;38010;Line 294;0;112.973531929371
-23.421624916;-46.997722834;889.2;37980;Line 294;0;112.973531929371
-23.421734077;-46.997454222;889.2;37950;Line 294;0;112.973531929371
-23.421843238;-46.997185611;887.7;37920;Line 294;0;112.973531929371
-23.421952398;-46.996916998;885.6;37890;Line 294;0;112.973531929371
-23.422061557;-46.996648386;882.7;37860;Line 294;0;112.973531929371
-23.422170716;-46.996379772;878.5;37830;Line 294;0;112.973531929371
-23.422279875;-46.996111158;873.9;37800;Line 294;0;112.973531929371
-23.422389034;-46.995842544;868.9;37770;Line 294;0;112.973531929371
-23.422498191;-46.99557393;867.5;37740;Line 294;0;112.973531929371
-23.422607349;-46.995305314;867.7;37710;Line 294;0;112.973531929371
-23.422716506;-46.995036699;868.5;37680;Line 294;0;112.973531929371
-23.422825662;-46.994768083;873.9;37650;Line 294;0;112.973531929371
-23.422934819;-46.994499466;880.3;37620;Line 294;0;112.973531929371
-23.423043974;-46.994230849;886.9;37590;Line 294;0;112.973531929371
-23.423153129;-46.993962232;896.9;37560;Line 294;0;112.973531929371
-23.423262284;-46.993693614;908.6;37530;Line 294;0;112.973531929371
-23.423371439;-46.993424995;921.3;37500;Line 294;0;112.973531929371
-23.423480593;-46.993156376;935.5;37470;Line 294;1;112.973531929371
-23.423589746;-46.992887757;948.3;37440;Line 294;1;112.973531929371
-23.423698899;-46.992619137;959.2;37410;Line 294;1;112.973531929371
-23.423808052;-46.992350517;962.1;37380;Line 294;1;112.973531929371
-23.423917204;-46.992081896;959.9;37350;Line 294;1;112.973531929371
-23.424026356;-46.991813275;957.8;37320;Line 294;1;112.973531929371
-23.424135507;-46.991544653;952.0;37290;Line 294;1;112.973531929371
-23.424244658;-46.991276031;936.2;37260;Line 294;1;112.973531929371
-23.424353809;-46.991007408;918.9;37230;Line 294;0;112.973531929371
-23.424462959;-46.990738785;903.1;37200;Line 294;0;112.973531929371
-23.424572108;-46.990470161;890.1;37170;Line 294;0;112.973531929371
-23.424681258;-46.990201537;878.9;37140;Line 294;0;112.973531929371
-23.424790406;-46.989932912;869.9;37110;Line 294;0;112.973531929371
-23.424899555;-46.989664287;864.0;37080;Line 294;0;112.973531929371
-23.425008703;-46.989395662;859.6;37050;Line 294;0;112.973531929371
-23.42511785;-46.989127036;855.4;37020;Line 294;0;112.973531929371
-23.425226997;-46.988858409;851.8;36990;Line 294;0;112.973531929371
-23.425336144;-46.988589782;848.3;36960;Line 294;0;112.973531929371
-23.42544529;-46.988321155;845.0;36930;Line 294;0;112.973531929371
-23.425554436;-46.988052527;844.1;36900;Line 294;0;112.973531929371
-23.425663581;-46.987783899;843.3;36870;Line 294;0;112.973531929371
-23.425772726;-46.98751527;842.8;36840;Line 294;0;112.973531929371
-23.42588187;-46.987246641;844.1;36810;Line 294;0;112.973531929371
-23.425991014;-46.986978011;845.9;36780;Line 294;0;112.973531929371
-23.426100158;-46.986709381;847.2;36750;Line 294;0;112.973531929371
-23.426209301;-46.98644075;848.7;36720;Line 294;0;112.973531929371
-23.426318443;-46.986172119;850.0;36690;Line 294;0;112.973531929371
-23.426427586;-46.985903487;851.0;36660;Line 294;0;112.973531929371
-23.426536728;-46.985634855;854.0;36630;Line 294;0;112.973531929371
-23.426645869;-46.985366222;857.8;36600;Line 294;0;112.973531929371
-23.42675501;-46.985097589;863.4;36570;Line 294;0;112.973531929371
-23.42686415;-46.984828956;870.6;36540;Line 294;0;112.973531929371
-23.42697329;-46.984560322;877.9;36510;Line 294;0;112.973531929371
-23.42708243;-46.984291687;884.6;36480;Line 294;0;112.973531929371
-23.427191569;-46.984023052;890.3;36450;Line 294;0;112.973531929371
-23.427300708;-46.983754417;895.1;36420;Line 294;0;112.973531929371
-23.427409846;-46.983485781;899.4;36390;Line 294;0;112.973531929371
-23.427518984;-46.983217145;906.2;36360;Line 294;0;112.973531929371
-23.427628122;-46.982948508;918.3;36330;Line 294;0;112.973531929371
-23.427737259;-46.982679871;930.0;36300;Line 294;0;112.973531929371
-23.427846396;-46.982411233;941.6;36270;Line 294;1;112.973531929371
-23.427955532;-46.982142595;953.9;36240;Line 294;1;112.973531929371
-23.428064667;-46.981873956;967.3;36210;Line 294;1;112.973531929371
-23.428173803;-46.981605317;979.4;36180;Line 294;1;112.973531929371
-23.428282938;-46.981336677;984.3;36150;Line 294;1;112.973531929371
-23.428392072;-46.981068037;989.8;36120;Line 294;1;112.973531929371
-23.428501206;-46.980799396;994.9;36090;Line 294;1;112.973531929371
-23.42861034;-46.980530755;996.7;36060;Line 294;1;112.973531929371
-23.428719473;-46.980262114;999.0;36030;Line 294;1;112.973531929371
-23.428828605;-46.979993472;1002.1;36000;Line 294;1;112.973531929371
-23.428937738;-46.979724829;1009.2;35970;Line 294;1;112.973531929371
-23.42904687;-46.979456186;1016.0;35940;Line 294;0;112.973531929371
-23.429156001;-46.979187543;1022.4;35910;Line 294;0;112.973531929371
-23.429265132;-46.978918899;1016.1;35880;Line 294;0;112.973531929371
-23.429374262;-46.978650255;1007.0;35850;Line 294;0;112.973531929371
-23.429483393;-46.97838161;996.2;35820;Line 294;0;112.973531929371
-23.429592522;-46.978112964;983.3;35790;Line 294;0;112.973531929371
-23.429701651;-46.977844319;970.2;35760;Line 294;0;112.973531929371
-23.42981078;-46.977575672;957.0;35730;Line 294;0;112.973531929371
-23.429919909;-46.977307026;943.3;35700;Line 294;0;112.973531929371
-23.430029037;-46.977038378;930.5;35670;Line 294;0;112.973531929371
-23.430138164;-46.976769731;919.1;35640;Line 294;0;112.973531929371
-23.430247291;-46.976501083;910.0;35610;Line 294;0;112.973531929371
-23.430356418;-46.976232434;903.7;35580;Line 294;0;112.973531929371
-23.430465544;-46.975963785;899.6;35550;Line 294;0;112.973531929371
-23.43057467;-46.975695135;895.9;35520;Line 294;0;112.973531929371
-23.430683795;-46.975426485;891.3;35490;Line 294;0;112.973531929371
-23.43079292;-46.975157835;887.3;35460;Line 294;0;112.973531929371
-23.430902044;-46.974889184;881.2;35430;Line 294;0;112.973531929371
-23.431011168;-46.974620533;872.7;35400;Line 294;0;112.973531929371
-23.431120292;-46.974351881;865.3;35370;Line 294;0;112.973531929371
-23.431229415;-46.974083228;858.7;35340;Line 294;0;112.973531929371
-23.431338538;-46.973814575;851.9;35310;Line 294;0;112.973531929371
-23.43144766;-46.973545922;844.9;35280;Line 294;0;112.973531929371
-23.431556782;-46.973277268;837.5;35250;Line 294;0;112.973531929371
-23.431665903;-46.973008614;827.7;35220;Line 294;0;112.973531929371
-23.431775024;-46.972739959;817.5;35190;Line 294;0;112.973531929371
-23.431884145;-46.972471304;808.8;35160;Line 294;0;112.973531929371
-23.431993265;-46.972202648;805.0;35130;Line 294;0;112.973531929371
-23.432102385;-46.971933992;801.2;35100;Line 294;0;112.973531929371
-23.432211504;-46.971665336;797.5;35070;Line 294;0;112.973531929371
-23.432320623;-46.971396679;791.8;35040;Line 294;0;112.973531929371
-23.432429741;-46.971128021;785.2;35010;Line 294;0;112.973531929371
-23.432538859;-46.970859363;777.4;34980;Line 294;0;112.973531929371
-23.432647977;-46.970590704;771.0;34950;Line 294;0;112.973531929371
-23.432757094;-46.970322046;765.1;34920;Line 294;0;112.973531929371
-23.43286621;-46.970053386;759.3;34890;Line 294;0;112.973531929371
-23.432975326;-46.969784726;756.7;34860;Line 294;0;112.973531929371
-23.433084442;-46.969516066;754.6;34830;Line 294;0;112.973531929371
-23.433193558;-46.969247405;752.5;34800;Line 294;0;112.973531929371
-23.433302672;-46.968978744;749.2;34770;Line 294;0;112.973531929371
-23.433411787;-46.968710082;746.1;34740;Line 294;0;112.973531929371
-23.433520901;-46.96844142;743.5;34710;Line 294;0;112.973531929371
-23.433630015;-46.968172757;741.9;34680;Line 294;0;112.973531929371
-23.433739128;-46.967904094;740.7;34650;Line 294;0;112.973531929371
-23.43384824;-46.96763543;739.4;34620;Line 294;0;112.973531929371
-23.433957353;-46.967366766;737.7;34590;Line 294;0;112.973531929371
-23.434066465;-46.967098101;735.6;34560;Line 294;0;112.973531929371
-23.434175576;-46.966829436;733.4;34530;Line 294;0;112.973531929371
-23.434284687;-46.96656077;732.3;34500;Line 294;0;112.973531929371
-23.434393798;-46.966292104;731.7;34470;Line 294;0;112.973531929371
-23.434502908;-46.966023438;731.0;34440;Line 294;0;112.973531929371
-23.434612017;-46.965754771;731.9;34410;Line 294;0;112.973531929371
-23.434721127;-46.965486103;737.2;34380;Line 294;0;112.973531929371
-23.434830235;-46.965217436;742.9;34350;Line 294;0;112.973531929371
-23.434939344;-46.964948767;749.3;34320;Line 294;0;112.973531929371
-23.435048452;-46.964680098;755.4;34290;Line 294;0;112.973531929371
-23.435157559;-46.964411429;759.4;34260;Line 294;0;112.973531929371
-23.435266666;-46.964142759;762.0;34230;Line 294;0;112.973531929371
-23.435375773;-46.963874089;758.4;34200;Line 294;0;112.973531929371
-23.435484879;-46.963605418;755.0;34170;Line 294;0;112.973531929371
-23.435593985;-46.963336747;751.8;34140;Line 294;0;112.973531929371
-23.43570309;-46.963068075;746.5;34110;Line 294;0;112.973531929371
-23.435812195;-46.962799403;742.3;34080;Line 294;0;112.973531929371
-23.4359213;-46.96253073;736.9;34050;Line 294;0;112.973531929371
-23.436030404;-46.962262057;728.8;34020;Line 294;0;112.973531929371
-23.436139507;-46.961993384;721.2;33990;Line 294;0;112.973531929371
-23.43624861;-46.96172471;714.5;33960;Line 294;0;112.973531929371
-23.436357713;-46.961456035;710.6;33930;Line 294;0;112.973531929371
-23.436466815;-46.96118736;708.5;33900;Line 294;0;112.973531929371
-23.436575917;-46.960918685;707.7;33870;Line 294;0;112.973531929371
-23.436685019;-46.960650009;709.0;33840;Line 294;0;112.973531929371
-23.43679412;-46.960381332;711.3;33810;Line 294;0;112.973531929371
-23.43690322;-46.960112656;713.9;33780;Line 294;0;112.973531929371
-23.43701232;-46.959843978;718.1;33750;Line 294;0;112.973531929371
-23.43712142;-46.9595753;723.6;33720;Line 294;0;112.973531929371
-23.437230519;-46.959306622;729.2;33690;Line 294;0;112.973531929371
-23.437339618;-46.959037943;734.0;33660;Line 294;0;112.973531929371
-23.437448717;-46.958769264;737.4;33630;Line 294;0;112.973531929371
-23.437557815;-46.958500584;739.7;33600;Line 294;0;112.973531929371
-23.437666912;-46.958231904;739.1;33570;Line 294;0;112.973531929371
-23.437776009;-46.957963224;734.7;33540;Line 294;0;112.973531929371
-23.437885106;-46.957694543;729.9;33510;Line 294;0;112.973531929371
-23.437994202;-46.957425861;724.5;33480;Line 294;0;112.973531929371
-23.438103298;-46.957157179;719.1;33450;Line 294;0;112.973531929371
-23.438212393;-46.956888496;714.4;33420;Line 294;0;112.973531929371
-23.438321488;-46.956619813;711.2;33390;Line 294;0;112.973531929371
-23.438430583;-46.95635113;713.7;33360;Line 294;0;112.973531929371
-23.438539677;-46.956082446;716.7;33330;Line 294;0;112.973531929371
-23.43864877;-46.955813762;719.9;33300;Line 294;0;112.973531929371
-23.438757863;-46.955545077;720.6;33270;Line 294;0;112.973531929371
-23.438866956;-46.955276391;721.1;33240;Line 294;0;112.973531929371
-23.438976048;-46.955007706;721.5;33210;Line 294;0;112.973531929371
-23.43908514;-46.954739019;723.9;33180;Line 294;0;112.973531929371
-23.439194232;-46.954470333;725.6;33150;Line 294;0;112.973531929371
-23.439303323;-46.954201645;726.8;33120;Line 294;0;112.973531929371
-23.439412413;-46.953932958;731.1;33090;Line 294;0;112.973531929371
-23.439521503;-46.953664269;734.8;33060;Line 294;0;112.973531929371
-23.439630593;-46.953395581;737.3;33030;Line 294;0;112.973531929371
-23.439739682;-46.953126892;740.5;33000;Line 294;0;112.973531929371
-23.439848771;-46.952858202;744.1;32970;Line 294;0;112.973531929371
-23.43995786;-46.952589512;747.8;32940;Line 294;0;112.973531929371
-23.440066947;-46.952320822;751.7;32910;Line 294;0;112.973531929371
-23.440176035;-46.952052131;756.2;32880;Line 294;0;112.973531929371
-23.440285122;-46.951783439;761.2;32850;Line 294;0;112.973531929371
-23.440394209;-46.951514747;765.7;32820;Line 294;0;112.973531929371
-23.440503295;-46.951246055;769.6;32790;Line 294;0;112.973531929371
-23.440612381;-46.950977362;773.6;32760;Line 294;0;112.973531929371
-23.440721466;-46.950708668;777.1;32730;Line 294;0;112.973531929371
-23.440830551;-46.950439975;779.8;32700;Line 294;0;112.973531929371
-23.440939635;-46.95017128;781.7;32670;Line 294;0;112.973531929371
-23.441048719;-46.949902586;782.2;32640;Line 294;0;112.973531929371
-23.441157803;-46.94963389;780.6;32610;Line 294;0;112.973531929371
-23.441266886;-46.949365195;779.8;32580;Line 294;0;112.973531929371
-23.441375969;-46.949096498;780.6;32550;Line 294;0;112.973531929371
-23.441485051;-46.948827802;783.0;32520;Line 294;0;112.973531929371
-23.441594133;-46.948559105;784.9;32490;Line 294;0;112.973531929371
-23.441703215;-46.948290407;786.0;32460;Line 294;0;112.973531929371
-23.441812296;-46.948021709;783.8;32430;Line 294;0;112.973531929371
-23.441921376;-46.947753011;781.0;32400;Line 294;0;112.973531929371
-23.442030456;-46.947484312;777.9;32370;Line 294;0;112.973531929371
-23.442139536;-46.947215612;775.6;32340;Line 294;0;112.973531929371
-23.442248615;-46.946946912;773.3;32310;Line 294;0;112.973531929371
-23.442357694;-46.946678212;770.9;32280;Line 294;0;112.973531929371
-23.442466772;-46.946409511;770.8;32250;Line 294;0;112.973531929371
-23.44257585;-46.946140809;770.8;32220;Line 294;0;112.973531929371
-23.442684928;-46.945872108;771.5;32190;Line 294;0;112.973531929371
-23.442794005;-46.945603405;777.8;32160;Line 294;0;112.973531929371
-23.442903082;-46.945334703;784.6;32130;Line 294;0;112.973531929371
-23.443012158;-46.945065999;790.8;32100;Line 294;0;112.973531929371
-23.443121234;-46.944797296;790.1;32070;Line 294;0;112.973531929371
-23.443230309;-46.944528591;786.0;32040;Line 294;0;112.973531929371
-23.443339384;-46.944259887;780.5;32010;Line 294;0;112.973531929371
-23.443448458;-46.943991182;771.9;31980;Line 294;0;112.973531929371
-23.443557532;-46.943722476;763.7;31950;Line 294;0;112.973531929371
-23.443666606;-46.94345377;756.1;31920;Line 294;0;112.973531929371
-23.443775679;-46.943185064;750.5;31890;Line 294;0;112.973531929371
-23.443884752;-46.942916356;747.1;31860;Line 294;0;112.973531929371
-23.443993824;-46.942647649;744.4;31830;Line 294;0;112.973531929371
-23.444102896;-46.942378941;741.3;31800;Line 294;0;112.973531929371
-23.444211967;-46.942110233;738.2;31770;Line 294;0;112.973531929371
-23.444321038;-46.941841524;737.1;31740;Line 294;0;112.973531929371
-23.444430109;-46.941572814;737.1;31710;Line 294;0;112.973531929371
-23.444539179;-46.941304105;739.5;31680;Line 294;0;112.973531929371
-23.444648249;-46.941035394;742.1;31650;Line 294;0;112.973531929371
-23.444757318;-46.940766684;745.6;31620;Line 294;0;112.973531929371
-23.444866387;-46.940497972;751.5;31590;Line 294;0;112.973531929371
-23.444975455;-46.940229261;757.4;31560;Line 294;0;112.973531929371
-23.445084523;-46.939960548;762.2;31530;Line 294;0;112.973531929371
-23.445193591;-46.939691836;761.4;31500;Line 294;0;112.973531929371
-23.445302658;-46.939423123;760.1;31470;Line 294;0;112.973531929371
-23.445411724;-46.939154409;758.1;31440;Line 294;0;112.973531929371
-23.445520791;-46.938885695;750.4;31410;Line 294;0;112.973531929371
-23.445629856;-46.93861698;742.1;31380;Line 294;0;112.973531929371
-23.445738922;-46.938348265;733.3;31350;Line 294;0;112.973531929371
-23.445847986;-46.93807955;727.5;31320;Line 294;0;112.973531929371
-23.445957051;-46.937810834;721.8;31290;Line 294;0;112.973531929371
-23.446066115;-46.937542118;716.2;31260;Line 294;0;112.973531929371
-23.446175179;-46.937273401;716.7;31230;Line 294;0;112.973531929371
-23.446284242;-46.937004683;718.6;31200;Line 294;0;112.973531929371
-23.446393304;-46.936735965;720.9;31170;Line 294;0;112.973531929371
-23.446502367;-46.936467247;727.1;31140;Line 294;0;112.973531929371
-23.446611429;-46.936198528;734.9;31110;Line 294;0;112.973531929371
-23.44672049;-46.935929809;743.5;31080;Line 294;0;112.973531929371
-23.446829551;-46.935661089;751.8;31050;Line 294;0;112.973531929371
-23.446938612;-46.935392369;759.6;31020;Line 294;0;112.973531929371
-23.447047672;-46.935123649;767.3;30990;Line 294;0;112.973531929371
-23.447156731;-46.934854927;773.3;30960;Line 294;0;112.973531929371
-23.447265791;-46.934586206;777.5;30930;Line 294;0;112.973531929371
-23.447374849;-46.934317484;780.9;30900;Line 294;0;112.973531929371
-23.447483908;-46.934048761;782.8;30870;Line 294;0;112.973531929371
-23.447592966;-46.933780038;782.2;30840;Line 294;0;112.973531929371
-23.447702023;-46.933511315;782.2;30810;Line 294;0;112.973531929371
-23.44781108;-46.933242591;781.2;30780;Line 294;0;112.973531929371
-23.447920137;-46.932973866;777.6;30750;Line 294;0;112.973531929371
-23.448029193;-46.932705142;775.2;30720;Line 294;0;112.973531929371
-23.448138249;-46.932436416;772.7;30690;Line 294;0;112.973531929371
-23.448247304;-46.93216769;767.0;30660;Line 294;0;112.973531929371
-23.448356359;-46.931898964;760.7;30630;Line 294;0;112.973531929371
-23.448465413;-46.931630237;753.5;30600;Line 294;0;112.973531929371
-23.448574467;-46.93136151;747.9;30570;Line 294;0;112.973531929371
-23.448683521;-46.931092782;742.6;30540;Line 294;0;112.973531929371
-23.448792574;-46.930824054;737.8;30510;Line 294;0;112.973531929371
-23.448901627;-46.930555325;740.3;30480;Line 294;0;112.973531929371
-23.449010679;-46.930286596;744.2;30450;Line 294;0;112.973531929371
-23.449119731;-46.930017867;749.5;30420;Line 294;0;112.973531929371
-23.449228782;-46.929749137;752.4;30390;Line 294;0;112.973531929371
-23.449337833;-46.929480406;755.4;30360;Line 294;0;112.973531929371
-23.449446884;-46.929211675;759.2;30330;Line 294;0;112.973531929371
-23.449555934;-46.928942944;759.8;30300;Line 294;0;112.973531929371
-23.449664984;-46.928674212;760.0;30270;Line 294;0;112.973531929371
-23.449774033;-46.928405479;760.2;30240;Line 294;0;112.973531929371
-23.449883082;-46.928136746;761.2;30210;Line 294;0;112.973531929371
-23.44999213;-46.927868013;761.4;30180;Line 294;0;112.973531929371
-23.450101178;-46.927599279;762.1;30150;Line 294;0;112.973531929371
-23.450210225;-46.927330545;765.8;30120;Line 294;0;112.973531929371
-23.450319272;-46.92706181;770.2;30090;Line 294;0;112.973531929371
-23.450428319;-46.926793075;773.9;30060;Line 294;0;112.973531929371
-23.450537365;-46.926524339;777.7;30030;Line 294;0;112.973531929371
-23.450646411;-46.926255603;781.3;30000;Line 294;0;112.973531929371
-23.450755456;-46.925986866;783.9;29970;Line 294;0;112.973531929371
-23.450864501;-46.925718129;783.8;29940;Line 294;0;112.973531929371
-23.450973545;-46.925449392;780.2;29910;Line 294;0;112.973531929371
-23.451082589;-46.925180654;776.4;29880;Line 294;0;112.973531929371
-23.451191633;-46.924911915;772.3;29850;Line 294;0;112.973531929371
-23.451300676;-46.924643176;767.7;29820;Line 294;0;112.973531929371
-23.451409719;-46.924374437;763.2;29790;Line 294;0;112.973531929371
-23.451518761;-46.924105697;758.6;29760;Line 294;0;112.973531929371
-23.451627803;-46.923836956;753.5;29730;Line 294;0;112.973531929371
-23.451736844;-46.923568215;750.1;29700;Line 294;0;112.973531929371
-23.451845885;-46.923299474;748.0;29670;Line 294;0;112.973531929371
-23.451954926;-46.923030732;749.6;29640;Line 294;0;112.973531929371
-23.452063966;-46.92276199;751.6;29610;Line 294;0;112.973531929371
-23.452173005;-46.922493247;754.0;29580;Line 294;0;112.973531929371
-23.452282045;-46.922224504;760.0;29550;Line 294;0;112.973531929371
-23.452391083;-46.92195576;765.8;29520;Line 294;0;112.973531929371
-23.452500122;-46.921687016;771.6;29490;Line 294;0;112.973531929371
-23.45260916;-46.921418271;776.2;29460;Line 294;0;112.973531929371
-23.452718197;-46.921149526;780.9;29430;Line 294;0;112.973531929371
-23.452827234;-46.92088078;785.8;29400;Line 294;0;112.973531929371
-23.452936271;-46.920612034;789.2;29370;Line 294;0;112.973531929371
-23.453045307;-46.920343288;792.3;29340;Line 294;0;112.973531929371
-23.453154343;-46.920074541;795.4;29310;Line 294;0;112.973531929371
-23.453263378;-46.919805793;794.4;29280;Line 294;0;112.973531929371
-23.453372413;-46.919537045;790.8;29250;Line 294;0;112.973531929371
-23.453481447;-46.919268297;785.8;29220;Line 294;0;112.973531929371
-23.453590481;-46.918999548;779.5;29190;Line 294;0;112.973531929371
-23.453699515;-46.918730799;772.7;29160;Line 294;0;112.973531929371
-23.453808548;-46.918462049;766.0;29130;Line 294;0;112.973531929371
-23.45391758;-46.918193299;759.7;29100;Line 294;0;112.973531929371
-23.454026613;-46.917924548;753.8;29070;Line 294;0;112.973531929371
-23.454135644;-46.917655797;747.9;29040;Line 294;0;112.973531929371
-23.454244676;-46.917387045;744.8;29010;Line 294;0;112.973531929371
-23.454353707;-46.917118293;744.7;28980;Line 294;0;112.973531929371
-23.454462737;-46.91684954;745.1;28950;Line 294;0;112.973531929371
-23.454571767;-46.916580787;746.7;28920;Line 294;0;112.973531929371
-23.454680797;-46.916312033;750.2;28890;Line 294;0;112.973531929371
-23.454789826;-46.916043279;754.4;28860;Line 294;0;112.973531929371
-23.454898855;-46.915774525;759.0;28830;Line 294;0;112.973531929371
-23.455007883;-46.91550577;763.2;28800;Line 294;0;112.973531929371
-23.455116911;-46.915237014;766.7;28770;Line 294;0;112.973531929371
-23.455225938;-46.914968258;769.8;28740;Line 294;0;112.973531929371
-23.455334965;-46.914699502;770.1;28710;Line 294;0;112.973531929371
-23.455443992;-46.914430745;769.9;28680;Line 294;0;112.973531929371
-23.455553018;-46.914161988;769.3;28650;Line 294;0;112.973531929371
-23.455662044;-46.91389323;765.3;28620;Line 294;0;112.973531929371
-23.455771069;-46.913624471;760.1;28590;Line 294;0;112.973531929371
-23.455880094;-46.913355713;754.2;28560;Line 294;0;112.973531929371
-23.455989118;-46.913086953;748.0;28530;Line 294;0;112.973531929371
-23.456098142;-46.912818194;742.0;28500;Line 294;0;112.973531929371
-23.456207166;-46.912549434;736.1;28470;Line 294;0;112.973531929371
-23.456316189;-46.912280673;733.8;28440;Line 294;0;112.973531929371
-23.456425211;-46.912011912;732.6;28410;Line 294;0;112.973531929371
-23.456534234;-46.91174315;731.8;28380;Line 294;0;112.973531929371
-23.456643255;-46.911474388;734.6;28350;Line 294;0;112.973531929371
-23.456752277;-46.911205626;739.7;28320;Line 294;0;112.973531929371
-23.456861298;-46.910936863;744.9;28290;Line 294;0;112.973531929371
-23.456970318;-46.910668099;746.6;28260;Line 294;0;112.973531929371
-23.457079338;-46.910399335;746.1;28230;Line 294;0;112.973531929371
-23.457188358;-46.910130571;745.3;28200;Line 294;0;112.973531929371
-23.457297377;-46.909861806;742.9;28170;Line 294;0;112.973531929371
-23.457406396;-46.909593041;739.3;28140;Line 294;0;112.973531929371
-23.457515414;-46.909324275;735.8;28110;Line 294;0;112.973531929371
-23.457624432;-46.909055508;732.6;28080;Line 294;0;112.973531929371
-23.457733449;-46.908786742;729.7;28050;Line 294;0;112.973531929371
-23.457842466;-46.908517974;726.4;28020;Line 294;0;112.973531929371
-23.457951483;-46.908249207;723.6;27990;Line 294;0;112.973531929371
-23.458060499;-46.907980439;722.3;27960;Line 294;0;112.973531929371
-23.458169514;-46.90771167;720.9;27930;Line 294;0;112.973531929371
-23.45827853;-46.907442901;719.6;27900;Line 294;0;112.973531929371
-23.458387545;-46.907174131;719.7;27870;Line 294;0;112.973531929371
-23.458496559;-46.906905361;720.3;27840;Line 294;0;112.973531929371
-23.458605573;-46.906636591;721.0;27810;Line 294;0;112.973531929371
-23.458714586;-46.90636782;722.6;27780;Line 294;0;112.973531929371
-23.458823599;-46.906099048;722.6;27750;Line 294;0;112.973531929371
-23.458932612;-46.905830276;721.0;27720;Line 294;0;112.973531929371
-23.459041624;-46.905561504;722.9;27690;Line 294;0;112.973531929371
-23.459150636;-46.905292731;725.0;27660;Line 294;0;112.973531929371
-23.459259647;-46.905023957;727.9;27630;Line 294;0;112.973531929371
-23.459368658;-46.904755184;729.6;27600;Line 294;0;112.973531929371
-23.459477668;-46.904486409;731.5;27570;Line 294;0;112.973531929371
-23.459586678;-46.904217635;733.7;27540;Line 294;0;112.973531929371
-23.459695688;-46.903948859;738.4;27510;Line 294;0;112.973531929371
-23.459804697;-46.903680084;743.3;27480;Line 294;0;112.973531929371
-23.459913706;-46.903411307;747.8;27450;Line 294;0;112.973531929371
-23.460022714;-46.903142531;748.9;27420;Line 294;0;112.973531929371
-23.460131722;-46.902873754;746.4;27390;Line 294;0;112.973531929371
-23.460240729;-46.902604976;744.3;27360;Line 294;0;112.973531929371
-23.460349736;-46.902336198;740.3;27330;Line 294;0;112.973531929371
-23.460458743;-46.90206742;735.5;27300;Line 294;0;112.973531929371
-23.460567749;-46.901798641;731.1;27270;Line 294;0;112.973531929371
-23.460676754;-46.901529861;730.3;27240;Line 294;0;112.973531929371
-23.46078576;-46.901261081;732.5;27210;Line 294;0;112.973531929371
-23.460894764;-46.900992301;735.9;27180;Line 294;0;112.973531929371
-23.461003769;-46.90072352;740.4;27150;Line 294;0;112.973531929371
-23.461112773;-46.900454739;744.9;27120;Line 294;0;112.973531929371
-23.461221776;-46.900185957;748.9;27090;Line 294;0;112.973531929371
-23.461330779;-46.899917174;752.1;27060;Line 294;0;112.973531929371
-23.461439782;-46.899648392;754.2;27030;Line 294;0;112.973531929371
-23.461548784;-46.899379608;756.1;27000;Line 294;0;112.973531929371
-23.461657786;-46.899110825;757.1;26970;Line 294;0;112.973531929371
-23.461766787;-46.898842041;756.3;26940;Line 294;0;112.973531929371
-23.461875788;-46.898573256;756.2;26910;Line 294;0;112.973531929371
-23.461984788;-46.898304471;757.2;26880;Line 294;0;112.973531929371
-23.462093788;-46.898035685;761.1;26850;Line 294;0;112.973531929371
-23.462202788;-46.897766899;765.0;26820;Line 294;0;112.973531929371
-23.462311787;-46.897498113;768.8;26790;Line 294;0;112.973531929371
-23.462420785;-46.897229326;771.7;26760;Line 294;0;112.973531929371
-23.462529783;-46.896960538;774.5;26730;Line 294;0;112.973531929371
-23.462638781;-46.89669175;776.4;26700;Line 294;0;112.973531929371
-23.462747779;-46.896422962;775.8;26670;Line 294;0;112.973531929371
-23.462856776;-46.896154173;776.1;26640;Line 294;0;112.973531929371
-23.462965772;-46.895885384;777.6;26610;Line 294;0;112.973531929371
-23.463074768;-46.895616594;776.7;26580;Line 294;0;112.973531929371
-23.463183764;-46.895347803;775.1;26550;Line 294;0;112.973531929371
-23.463292759;-46.895079013;773.4;26520;Line 294;0;112.973531929371
-23.463401754;-46.894810222;770.5;26490;Line 294;0;112.973531929371
-23.463510748;-46.89454143;767.2;26460;Line 294;0;112.973531929371
-23.463619742;-46.894272638;764.5;26430;Line 294;0;112.973531929371
-23.463728735;-46.894003845;760.5;26400;Line 294;0;112.973531929371
-23.463837728;-46.893735052;755.0;26370;Line 294;0;112.973531929371
-23.463946721;-46.893466258;749.4;26340;Line 294;0;112.973531929371
-23.464055713;-46.893197464;742.1;26310;Line 294;0;112.973531929371
-23.464164704;-46.89292867;733.8;26280;Line 294;0;112.973531929371
-23.464273696;-46.892659875;727.1;26250;Line 294;0;112.973531929371
-23.464382686;-46.892391079;723.7;26220;Line 294;0;112.973531929371
-23.464491677;-46.892122283;723.7;26190;Line 294;0;112.973531929371
-23.464600667;-46.891853487;723.9;26160;Line 294;0;112.973531929371
-23.464709656;-46.89158469;725.2;26130;Line 294;0;112.973531929371
-23.464818645;-46.891315893;727.8;26100;Line 294;0;112.973531929371
-23.464927634;-46.891047095;729.8;26070;Line 294;0;112.973531929371
-23.465036622;-46.890778297;730.8;26040;Line 294;0;112.973531929371
-23.46514561;-46.890509498;730.5;26010;Line 294;0;112.973531929371
-23.465254597;-46.890240699;729.8;25980;Line 294;0;112.973531929371
-23.465363584;-46.889971899;728.7;25950;Line 294;0;112.973531929371
-23.46547257;-46.889703099;726.2;25920;Line 294;0;112.973531929371
-23.465581556;-46.889434298;724.1;25890;Line 294;0;112.973531929371
-23.465690542;-46.889165497;722.4;25860;Line 294;0;112.973531929371
-23.465799527;-46.888896696;723.8;25830;Line 294;0;112.973531929371
-23.465908512;-46.888627894;725.7;25800;Line 294;0;112.973531929371
-23.466017496;-46.888359091;726.6;25770;Line 294;0;112.973531929371
-23.46612648;-46.888090288;726.7;25740;Line 294;0;112.973531929371
-23.466235463;-46.887821485;726.4;25710;Line 294;0;112.973531929371
-23.466344446;-46.887552681;725.6;25680;Line 294;0;112.973531929371
-23.466453429;-46.887283876;725.0;25650;Line 294;0;112.973531929371
-23.466562411;-46.887015071;724.4;25620;Line 294;0;112.973531929371
-23.466671392;-46.886746266;723.6;25590;Line 294;0;112.973531929371
-23.466780374;-46.88647746;723.7;25560;Line 294;0;112.973531929371
-23.466889354;-46.886208654;723.6;25530;Line 294;0;112.973531929371
-23.466998335;-46.885939847;723.3;25500;Line 294;0;112.973531929371
-23.467107315;-46.88567104;722.7;25470;Line 294;0;112.973531929371
-23.467216294;-46.885402232;722.0;25440;Line 294;0;112.973531929371
-23.467325273;-46.885133424;721.2;25410;Line 294;0;112.973531929371
-23.467434252;-46.884864616;720.3;25380;Line 294;0;112.973531929371
-23.46754323;-46.884595806;719.4;25350;Line 294;0;112.973531929371
-23.467652207;-46.884326997;719.6;25320;Line 294;0;112.973531929371
-23.467761185;-46.884058187;719.9;25290;Line 294;0;112.973531929371
-23.467870161;-46.883789376;720.0;25260;Line 294;0;112.973531929371
-23.467979138;-46.883520565;719.4;25230;Line 294;0;112.973531929371
-23.468088114;-46.883251754;718.4;25200;Line 294;0;112.973531929371
-23.468197089;-46.882982942;717.6;25170;Line 294;0;112.973531929371
-23.468306064;-46.88271413;717.0;25140;Line 294;0;112.973531929371
-23.468415039;-46.882445317;717.5;25110;Line 294;0;112.973531929371
-23.468524013;-46.882176503;719.3;25080;Line 294;0;112.973531929371
-23.468632987;-46.88190769;721.0;25050;Line 294;0;112.973531929371
-23.46874196;-46.881638875;722.5;25020;Line 294;0;112.973531929371
-23.468850933;-46.881370061;722.6;24990;Line 294;0;112.973531929371
-23.468959906;-46.881101245;722.1;24960;Line 294;0;112.973531929371
-23.469068878;-46.88083243;720.8;24930;Line 294;0;112.973531929371
-23.469177849;-46.880563614;721.2;24900;Line 294;0;112.973531929371
-23.469286821;-46.880294797;722.0;24870;Line 294;0;112.973531929371
-23.469395791;-46.88002598;722.5;24840;Line 294;0;112.973531929371
-23.469504761;-46.879757162;724.9;24810;Line 294;0;112.973531929371
-23.469613731;-46.879488344;727.0;24780;Line 294;0;112.973531929371
-23.469722701;-46.879219526;728.5;24750;Line 294;0;112.973531929371
-23.46983167;-46.878950707;728.4;24720;Line 294;0;112.973531929371
-23.469940638;-46.878681887;728.1;24690;Line 294;0;112.973531929371
-23.470049606;-46.878413068;728.3;24660;Line 294;0;112.973531929371
-23.470158574;-46.878144247;727.9;24630;Line 294;0;112.973531929371
-23.470267541;-46.877875426;727.2;24600;Line 294;0;112.973531929371
-23.470376508;-46.877606605;726.7;24570;Line 294;0;112.973531929371
-23.470485474;-46.877337783;727.2;24540;Line 294;0;112.973531929371
-23.47059444;-46.877068961;728.7;24510;Line 294;0;112.973531929371
-23.470703406;-46.876800138;730.7;24480;Line 294;0;112.973531929371
-23.470812371;-46.876531315;731.5;24450;Line 294;0;112.973531929371
-23.470921335;-46.876262491;729.9;24420;Line 294;0;112.973531929371
-23.471030299;-46.875993667;728.0;24390;Line 294;0;112.973531929371
-23.471139263;-46.875724843;727.5;24360;Line 294;0;112.973531929371
-23.471248226;-46.875456018;728.7;24330;Line 294;0;112.973531929371
-23.471357189;-46.875187192;729.0;24300;Line 294;0;112.973531929371
-23.471466152;-46.874918366;727.9;24270;Line 294;0;112.973531929371
-23.471575114;-46.874649539;725.7;24240;Line 294;0;112.973531929371
-23.471684075;-46.874380713;724.9;24210;Line 294;0;112.973531929371
-23.471793036;-46.874111885;726.5;24180;Line 294;0;112.973531929371
-23.471901997;-46.873843057;729.7;24150;Line 294;0;112.973531929371
-23.472010957;-46.873574229;732.9;24120;Line 294;0;112.973531929371
-23.472119917;-46.8733054;735.9;24090;Line 294;0;112.973531929371
-23.472228876;-46.873036571;738.2;24060;Line 294;0;112.973531929371
-23.472337835;-46.872767741;740.6;24030;Line 294;0;112.973531929371
-23.472446794;-46.872498911;743.4;24000;Line 294;0;112.973531929371
-23.472555752;-46.87223008;745.4;23970;Line 294;0;112.973531929371
-23.472664709;-46.871961249;747.4;23940;Line 294;0;112.973531929371
-23.472773667;-46.871692417;749.5;23910;Line 294;0;112.973531929371
-23.472882623;-46.871423585;750.6;23880;Line 294;0;112.973531929371
-23.47299158;-46.871154752;751.8;23850;Line 294;0;112.973531929371
-23.473100535;-46.870885919;753.2;23820;Line 294;0;112.973531929371
-23.473209491;-46.870617086;753.5;23790;Line 294;0;112.973531929371
-23.473318446;-46.870348252;753.5;23760;Line 294;0;112.973531929371
-23.4734274;-46.870079417;752.6;23730;Line 294;0;112.973531929371
-23.473536355;-46.869810582;751.7;23700;Line 294;0;112.973531929371
-23.473645308;-46.869541747;751.0;23670;Line 294;0;112.973531929371
-23.473754261;-46.869272911;750.4;23640;Line 294;0;112.973531929371
-23.473863214;-46.869004075;750.4;23610;Line 294;0;112.973531929371
-23.473972167;-46.868735238;751.1;23580;Line 294;0;112.973531929371
-23.474081119;-46.8684664;752.6;23550;Line 294;0;112.973531929371
-23.47419007;-46.868197563;754.0;23520;Line 294;0;112.973531929371
-23.474299021;-46.867928724;754.7;23490;Line 294;0;112.973531929371
-23.474407972;-46.867659886;755.6;23460;Line 294;0;112.973531929371
-23.474516922;-46.867391047;755.8;23430;Line 294;0;112.973531929371
-23.474625872;-46.867122207;754.6;23400;Line 294;0;112.973531929371
-23.474734821;-46.866853367;753.5;23370;Line 294;0;112.973531929371
-23.47484377;-46.866584526;752.7;23340;Line 294;0;112.973531929371
-23.474952718;-46.866315685;752.7;23310;Line 294;0;112.973531929371
-23.475061666;-46.866046844;752.4;23280;Line 294;0;112.973531929371
-23.475170614;-46.865778002;751.8;23250;Line 294;0;112.973531929371
-23.475279561;-46.865509159;751.3;23220;Line 294;0;112.973531929371
-23.475388508;-46.865240316;750.8;23190;Line 294;0;112.973531929371
-23.475497454;-46.864971473;750.6;23160;Line 294;0;112.973531929371
-23.4756064;-46.864702629;751.3;23130;Line 294;0;112.973531929371
-23.475715345;-46.864433785;752.1;23100;Line 294;0;112.973531929371
-23.47582429;-46.86416494;752.9;23070;Line 294;0;112.973531929371
-23.475933234;-46.863896094;754.2;23040;Line 294;0;112.973531929371
-23.476042178;-46.863627249;755.1;23010;Line 294;0;112.973531929371
-23.476151122;-46.863358402;755.6;22980;Line 294;0;112.973531929371
-23.476260065;-46.863089556;755.0;22950;Line 294;0;112.973531929371
-23.476369008;-46.862820709;754.3;22920;Line 294;0;112.973531929371
-23.47647795;-46.862551861;753.6;22890;Line 294;0;112.973531929371
-23.476586892;-46.862283013;753.2;22860;Line 294;0;112.973531929371
-23.476695834;-46.862014164;753.0;22830;Line 294;0;112.973531929371
-23.476804775;-46.861745315;753.0;22800;Line 294;0;112.973531929371
-23.476913715;-46.861476466;753.9;22770;Line 294;0;112.973531929371
-23.477022655;-46.861207616;755.0;22740;Line 294;0;112.973531929371
-23.477131595;-46.860938765;756.0;22710;Line 294;0;112.973531929371
-23.477240534;-46.860669914;757.8;22680;Line 294;0;112.973531929371
-23.477349473;-46.860401063;760.0;22650;Line 294;0;112.973531929371
-23.477458411;-46.860132211;762.0;22620;Line 294;0;112.973531929371
-23.477567349;-46.859863359;764.4;22590;Line 294;0;112.973531929371
-23.477676287;-46.859594506;766.8;22560;Line 294;0;112.973531929371
-23.477785224;-46.859325653;768.8;22530;Line 294;0;112.973531929371
-23.47789416;-46.859056799;770.2;22500;Line 294;0;112.973531929371
-23.478003097;-46.858787945;771.1;22470;Line 294;0;112.973531929371
-23.478112032;-46.85851909;772.0;22440;Line 294;0;112.973531929371
-23.478220968;-46.858250235;771.9;22410;Line 294;0;112.973531929371
-23.478329902;-46.857981379;769.6;22380;Line 294;0;112.973531929371
-23.478438837;-46.857712523;767.5;22350;Line 294;0;112.973531929371
-23.478547771;-46.857443667;765.4;22320;Line 294;0;112.973531929371
-23.478656704;-46.85717481;763.3;22290;Line 294;0;112.973531929371
-23.478765638;-46.856905952;761.4;22260;Line 294;0;112.973531929371
-23.47887457;-46.856637094;760.4;22230;Line 294;0;112.973531929371
-23.478983503;-46.856368236;763.0;22200;Line 294;0;112.973531929371
-23.479092434;-46.856099377;765.7;22170;Line 294;0;112.973531929371
-23.479201366;-46.855830517;768.0;22140;Line 294;0;112.973531929371
-23.479310297;-46.855561657;770.2;22110;Line 294;0;112.973531929371
-23.479419227;-46.855292797;771.9;22080;Line 294;0;112.973531929371
-23.479528157;-46.855023936;773.2;22050;Line 294;0;112.973531929371
-23.479637087;-46.854755075;772.7;22020;Line 294;0;112.973531929371
-23.479746016;-46.854486213;772.0;21990;Line 294;0;112.973531929371
-23.479854945;-46.854217351;771.2;21960;Line 294;0;112.973531929371
-23.479963873;-46.853948488;770.1;21930;Line 294;0;112.973531929371
-23.480072801;-46.853679625;768.5;21900;Line 294;0;112.973531929371
-23.480181728;-46.853410762;766.5;21870;Line 294;0;112.973531929371
-23.480290655;-46.853141898;765.0;21840;Line 294;0;112.973531929371
-23.480399582;-46.852873033;763.8;21810;Line 294;0;112.973531929371
-23.480508508;-46.852604168;762.7;21780;Line 294;0;112.973531929371
-23.480617434;-46.852335302;761.7;21750;Line 294;0;112.973531929371
-23.480726359;-46.852066437;760.5;21720;Line 294;0;112.973531929371
-23.480835284;-46.85179757;759.0;21690;Line 294;0;112.973531929371
-23.480944208;-46.851528703;757.2;21660;Line 294;0;112.973531929371
-23.481053132;-46.851259836;754.5;21630;Line 294;0;112.973531929371
-23.481162056;-46.850990968;752.0;21600;Line 294;0;112.973531929371
-23.481270979;-46.8507221;749.0;21570;Line 294;0;112.973531929371
-23.481379901;-46.850453231;745.3;21540;Line 294;0;112.973531929371
-23.481488823;-46.850184362;741.7;21510;Line 294;0;112.973531929371
-23.481597745;-46.849915492;739.0;21480;Line 294;0;112.973531929371
-23.481706666;-46.849646622;738.6;21450;Line 294;0;112.973531929371
-23.481815587;-46.849377751;738.4;21420;Line 294;0;112.973531929371
-23.481924508;-46.84910888;738.8;21390;Line 294;0;112.973531929371
-23.482033428;-46.848840008;740.0;21360;Line 294;0;112.973531929371
-23.482142347;-46.848571136;741.5;21330;Line 294;0;112.973531929371
-23.482251266;-46.848302264;743.2;21300;Line 294;0;112.973531929371
-23.482360185;-46.848033391;743.8;21270;Line 294;0;112.973531929371
-23.482469103;-46.847764517;744.1;21240;Line 294;0;112.973531929371
-23.482578021;-46.847495643;744.6;21210;Line 294;0;112.973531929371
-23.482686938;-46.847226769;743.8;21180;Line 294;0;112.973531929371
-23.482795855;-46.846957894;743.3;21150;Line 294;0;112.973531929371
-23.482904772;-46.846689019;743.0;21120;Line 294;0;112.973531929371
-23.483013688;-46.846420143;744.6;21090;Line 294;0;112.973531929371
-23.483122604;-46.846151266;746.2;21060;Line 294;0;112.973531929371
-23.483231519;-46.84588239;747.8;21030;Line 294;0;112.973531929371
-23.483340433;-46.845613512;749.6;21000;Line 294;0;112.973531929371
-23.483449348;-46.845344635;751.7;20970;Line 294;0;112.973531929371
-23.483558262;-46.845075757;754.0;20940;Line 294;0;112.973531929371
-23.483667175;-46.844806878;756.9;20910;Line 294;0;112.973531929371
-23.483776088;-46.844537999;759.8;20880;Line 294;0;112.973531929371
-23.483885001;-46.844269119;762.5;20850;Line 294;0;112.973531929371
-23.483993913;-46.844000239;764.8;20820;Line 294;0;112.973531929371
-23.484102824;-46.843731359;766.9;20790;Line 294;0;112.973531929371
-23.484211736;-46.843462478;769.0;20760;Line 294;0;112.973531929371
-23.484320646;-46.843193596;769.8;20730;Line 294;0;112.973531929371
-23.484429557;-46.842924714;769.6;20700;Line 294;0;112.973531929371
-23.484538467;-46.842655832;769.3;20670;Line 294;0;112.973531929371
-23.484647376;-46.842386949;768.8;20640;Line 294;0;112.973531929371
-23.484756285;-46.842118066;768.3;20610;Line 294;0;112.973531929371
-23.484865194;-46.841849182;768.1;20580;Line 294;0;112.973531929371
-23.484974102;-46.841580297;768.9;20550;Line 294;0;112.973531929371
-23.48508301;-46.841311413;770.7;20520;Line 294;0;112.973531929371
-23.485191917;-46.841042527;772.1;20490;Line 294;0;112.973531929371
-23.485300824;-46.840773642;773.3;20460;Line 294;0;112.973531929371
-23.48540973;-46.840504756;774.5;20430;Line 294;0;112.973531929371
-23.485518636;-46.840235869;775.7;20400;Line 294;0;112.973531929371
-23.485627542;-46.839966982;777.0;20370;Line 294;0;112.973531929371
-23.485736447;-46.839698094;777.5;20340;Line 294;0;112.973531929371
-23.485845352;-46.839429206;778.1;20310;Line 294;0;112.973531929371
-23.485954256;-46.839160318;778.5;20280;Line 294;0;112.973531929371
-23.48606316;-46.838891429;777.3;20250;Line 294;0;112.973531929371
-23.486172063;-46.838622539;775.8;20220;Line 294;0;112.973531929371
-23.486280966;-46.838353649;774.2;20190;Line 294;0;112.973531929371
-23.486389868;-46.838084759;771.5;20160;Line 294;0;112.973531929371
-23.48649877;-46.837815868;768.8;20130;Line 294;0;112.973531929371
-23.486607672;-46.837546977;766.2;20100;Line 294;0;112.973531929371
-23.486716573;-46.837278085;764.7;20070;Line 294;0;112.973531929371
-23.486825474;-46.837009193;763.3;20040;Line 294;0;112.973531929371
-23.486934374;-46.8367403;761.6;20010;Line 294;0;112.973531929371
-23.487043274;-46.836471407;759.8;19980;Line 294;0;112.973531929371
-23.487152174;-46.836202513;758.5;19950;Line 294;0;112.973531929371
-23.487261073;-46.835933619;757.7;19920;Line 294;0;112.973531929371
-23.487369971;-46.835664724;758.5;19890;Line 294;0;112.973531929371
-23.487478869;-46.835395829;759.8;19860;Line 294;0;112.973531929371
-23.487587767;-46.835126934;760.4;19830;Line 294;0;112.973531929371
-23.487696664;-46.834858038;762.6;19800;Line 294;0;112.973531929371
-23.487805561;-46.834589141;766.1;19770;Line 294;0;112.973531929371
-23.487914457;-46.834320244;769.3;19740;Line 294;0;112.973531929371
-23.488023353;-46.834051347;771.3;19710;Line 294;0;112.973531929371
-23.488132249;-46.833782449;772.7;19680;Line 294;0;112.973531929371
-23.488241144;-46.83351355;774.5;19650;Line 294;0;112.973531929371
-23.488350038;-46.833244652;776.6;19620;Line 294;0;112.973531929371
-23.488458932;-46.832975752;778.2;19590;Line 294;0;112.973531929371
-23.488567826;-46.832706852;779.6;19560;Line 294;0;112.973531929371
-23.488676719;-46.832437952;781.0;19530;Line 294;0;112.973531929371
-23.488785612;-46.832169052;782.4;19500;Line 294;0;112.973531929371
-23.488894505;-46.83190015;784.5;19470;Line 294;0;112.973531929371
-23.489003397;-46.831631249;786.6;19440;Line 294;0;112.973531929371
-23.489112288;-46.831362347;785.7;19410;Line 294;0;112.973531929371
-23.489221179;-46.831093444;785.1;19380;Line 294;0;112.973531929371
-23.48933007;-46.830824541;784.9;19350;Line 294;0;112.973531929371
-23.48943896;-46.830555637;784.7;19320;Line 294;0;112.973531929371
-23.48954785;-46.830286733;785.1;19290;Line 294;0;112.973531929371
-23.489656739;-46.830017829;786.1;19260;Line 294;0;112.973531929371
-23.489765628;-46.829748924;788.0;19230;Line 294;0;112.973531929371
-23.489874517;-46.829480018;789.9;19200;Line 294;0;112.973531929371
-23.489983405;-46.829211113;791.7;19170;Line 294;0;112.973531929371
-23.490092292;-46.828942206;794.2;19140;Line 294;0;112.973531929371
-23.490201179;-46.828673299;797.3;19110;Line 294;0;112.973531929371
-23.490310066;-46.828404392;800.7;19080;Line 294;0;112.973531929371
-23.490418952;-46.828135484;802.3;19050;Line 294;0;112.973531929371
-23.490527838;-46.827866576;803.6;19020;Line 294;0;112.973531929371
-23.490636723;-46.827597667;805.4;18990;Line 294;0;112.973531929371
-23.490745608;-46.827328758;807.8;18960;Line 294;0;112.973531929371
-23.490854493;-46.827059848;810.4;18930;Line 294;0;112.973531929371
-23.490963377;-46.826790938;812.3;18900;Line 294;0;112.973531929371
-23.491072261;-46.826522028;812.3;18870;Line 294;0;112.973531929371
-23.491181144;-46.826253117;811.0;18840;Line 294;0;112.973531929371
-23.491290027;-46.825984205;810.0;18810;Line 294;0;112.973531929371
-23.491398909;-46.825715293;808.5;18780;Line 294;0;112.973531929371
-23.491507791;-46.825446381;805.7;18750;Line 294;0;112.973531929371
-23.491616672;-46.825177468;802.0;18720;Line 294;0;112.973531929371
-23.491725553;-46.824908554;799.2;18690;Line 294;0;112.973531929371
-23.491834434;-46.824639641;799.1;18660;Line 294;0;112.973531929371
-23.491943314;-46.824370726;799.9;18630;Line 294;0;112.973531929371
-23.492052194;-46.824101811;802.2;18600;Line 294;0;112.973531929371
-23.492161073;-46.823832896;806.6;18570;Line 294;0;112.973531929371
-23.492269952;-46.82356398;810.9;18540;Line 294;0;112.973531929371
-23.49237883;-46.823295064;814.8;18510;Line 294;0;112.973531929371
-23.492487708;-46.823026147;816.1;18480;Line 294;0;112.973531929371
-23.492596586;-46.82275723;814.2;18450;Line 294;0;112.973531929371
-23.492705463;-46.822488313;812.4;18420;Line 294;0;112.973531929371
-23.492814339;-46.822219395;810.9;18390;Line 294;0;112.973531929371
-23.492923215;-46.821950476;809.4;18360;Line 294;0;112.973531929371
-23.493032091;-46.821681557;807.7;18330;Line 294;0;112.973531929371
-23.493140967;-46.821412637;805.2;18300;Line 294;0;112.973531929371
-23.493249841;-46.821143717;802.4;18270;Line 294;0;112.973531929371
-23.493358716;-46.820874797;799.1;18240;Line 294;0;112.973531929371
-23.49346759;-46.820605876;796.7;18210;Line 294;0;112.973531929371
-23.493576463;-46.820336955;794.6;18180;Line 294;0;112.973531929371
-23.493685337;-46.820068033;792.2;18150;Line 294;0;112.973531929371
-23.493794209;-46.819799111;790.8;18120;Line 294;0;112.973531929371
-23.493903081;-46.819530188;789.5;18090;Line 294;0;112.973531929371
-23.494011953;-46.819261264;788.0;18060;Line 294;0;112.973531929371
-23.494120825;-46.818992341;782.9;18030;Line 294;0;112.973531929371
-23.494229696;-46.818723417;775.8;18000;Line 294;0;112.973531929371
-23.494338566;-46.818454492;769.9;17970;Line 294;0;112.973531929371
-23.494447436;-46.818185567;769.6;17940;Line 294;0;112.973531929371
-23.494556306;-46.817916641;773.1;17910;Line 294;0;112.973531929371
-23.494665175;-46.817647715;776.5;17880;Line 294;0;112.973531929371
-23.494774044;-46.817378788;777.9;17850;Line 294;0;112.973531929371
-23.494882912;-46.817109861;776.2;17820;Line 294;0;112.973531929371
-23.49499178;-46.816840934;773.6;17790;Line 294;0;112.973531929371
-23.495100647;-46.816572006;770.2;17760;Line 294;0;112.973531929371
-23.495209514;-46.816303078;765.4;17730;Line 294;0;112.973531929371
-23.495318381;-46.816034149;760.9;17700;Line 294;0;112.973531929371
-23.495427247;-46.815765219;757.2;17670;Line 294;0;112.973531929371
-23.495536112;-46.815496289;755.3;17640;Line 294;0;112.973531929371
-23.495644978;-46.815227359;753.8;17610;Line 294;0;112.973531929371
-23.495753842;-46.814958428;752.8;17580;Line 294;0;112.973531929371
-23.495862707;-46.814689497;753.2;17550;Line 294;0;112.973531929371
-23.495971571;-46.814420565;754.8;17520;Line 294;0;112.973531929371
-23.496080434;-46.814151633;757.0;17490;Line 294;0;112.973531929371
-23.496189297;-46.813882701;761.4;17460;Line 294;0;112.973531929371
-23.49629816;-46.813613767;766.1;17430;Line 294;0;112.973531929371
-23.496407022;-46.813344834;771.0;17400;Line 294;0;112.973531929371
-23.496515884;-46.8130759;773.5;17370;Line 294;0;112.973531929371
-23.496624745;-46.812806965;775.1;17340;Line 294;0;112.973531929371
-23.496733606;-46.81253803;775.4;17310;Line 294;0;112.973531929371
-23.496842466;-46.812269095;773.2;17280;Line 294;0;112.973531929371
-23.496951326;-46.812000159;770.5;17250;Line 294;0;112.973531929371
-23.497060186;-46.811731222;767.7;17220;Line 294;0;112.973531929371
-23.497169045;-46.811462286;766.9;17190;Line 294;0;112.973531929371
-23.497277903;-46.811193348;768.0;17160;Line 294;0;112.973531929371
-23.497386762;-46.81092441;770.3;17130;Line 294;0;112.973531929371
-23.497495619;-46.810655472;772.2;17100;Line 294;0;112.973531929371
-23.497604477;-46.810386533;773.1;17070;Line 294;0;112.973531929371
-23.497713334;-46.810117594;774.4;17040;Line 294;0;112.973531929371
-23.49782219;-46.809848654;777.3;17010;Line 294;0;112.973531929371
-23.497931046;-46.809579714;781.2;16980;Line 294;0;112.973531929371
-23.498039902;-46.809310774;785.2;16950;Line 294;0;112.973531929371
-23.498148757;-46.809041833;788.8;16920;Line 294;0;112.973531929371
-23.498257612;-46.808772891;791.6;16890;Line 294;0;112.973531929371
-23.498366466;-46.808503949;793.8;16860;Line 294;0;112.973531929371
-23.49847532;-46.808235006;792.8;16830;Line 294;0;112.973531929371
-23.498584173;-46.807966063;788.7;16800;Line 294;0;112.973531929371
-23.498693026;-46.80769712;785.2;16770;Line 294;0;112.973531929371
-23.498801878;-46.807428176;782.0;16740;Line 294;0;112.973531929371
-23.49891073;-46.807159232;778.1;16710;Line 294;0;112.973531929371
-23.499019582;-46.806890287;774.5;16680;Line 294;0;112.973531929371
-23.499128433;-46.806621341;771.1;16650;Line 294;0;112.973531929371
-23.499237284;-46.806352396;768.0;16620;Line 294;0;112.973531929371
-23.499346134;-46.806083449;764.9;16590;Line 294;0;112.973531929371
-23.499454984;-46.805814503;762.0;16560;Line 294;0;112.973531929371
-23.499563834;-46.805545555;761.9;16530;Line 294;0;112.973531929371
-23.499672683;-46.805276608;760.9;16500;Line 294;0;112.973531929371
-23.499781531;-46.80500766;759.1;16470;Line 294;0;112.973531929371
-23.499890379;-46.804738711;760.9;16440;Line 294;0;112.973531929371
-23.499999227;-46.804469762;762.5;16410;Line 294;0;112.973531929371
-23.500108074;-46.804200812;764.1;16380;Line 294;0;112.973531929371
-23.500216921;-46.803931862;766.5;16350;Line 294;0;112.973531929371
-23.500325767;-46.803662912;768.8;16320;Line 294;0;112.973531929371
-23.500434613;-46.803393961;770.7;16290;Line 294;0;112.973531929371
-23.500543459;-46.803125009;771.2;16260;Line 294;0;112.973531929371
-23.500652304;-46.802856058;771.2;16230;Line 294;0;112.973531929371
-23.500761148;-46.802587105;770.8;16200;Line 294;0;112.973531929371
-23.500869993;-46.802318152;770.9;16170;Line 294;0;112.973531929371
-23.500978836;-46.802049199;772.1;16140;Line 294;0;112.973531929371
-23.50108768;-46.801780245;773.6;16110;Line 294;0;112.973531929371
-23.501196522;-46.801511291;775.3;16080;Line 294;0;112.973531929371
-23.501305365;-46.801242336;777.2;16050;Line 294;0;112.973531929371
-23.501414207;-46.800973381;779.2;16020;Line 294;0;112.973531929371
-23.501523048;-46.800704425;780.5;15990;Line 294;0;112.973531929371
-23.501631889;-46.800435469;781.4;15960;Line 294;0;112.973531929371
-23.50174073;-46.800166513;783.1;15930;Line 294;0;112.973531929371
-23.50184957;-46.799897556;782.7;15900;Line 294;0;112.973531929371
-23.50195841;-46.799628598;779.1;15870;Line 294;0;112.973531929371
-23.502067249;-46.79935964;775.6;15840;Line 294;0;112.973531929371
-23.502176088;-46.799090682;773.2;15810;Line 294;0;112.973531929371
-23.502284927;-46.798821723;773.4;15780;Line 294;0;112.973531929371
-23.502393765;-46.798552763;774.0;15750;Line 294;0;112.973531929371
-23.502502602;-46.798283803;774.7;15720;Line 294;0;112.973531929371
-23.50261144;-46.798014843;773.8;15690;Line 294;0;112.973531929371
-23.502720276;-46.797745882;772.9;15660;Line 294;0;112.973531929371
-23.502829113;-46.797476921;771.8;15630;Line 294;0;112.973531929371
-23.502937948;-46.797207959;768.9;15600;Line 294;0;112.973531929371
-23.503046784;-46.796938997;766.1;15570;Line 294;0;112.973531929371
-23.503155619;-46.796670034;763.7;15540;Line 294;0;112.973531929371
-23.503264453;-46.796401071;765.0;15510;Line 294;0;112.973531929371
-23.503373287;-46.796132108;766.2;15480;Line 294;0;112.973531929371
-23.503482121;-46.795863143;767.0;15450;Line 294;0;112.973531929371
-23.503590954;-46.795594179;768.6;15420;Line 294;0;112.973531929371
-23.503699787;-46.795325214;770.4;15390;Line 294;0;112.973531929371
-23.503808619;-46.795056248;772.4;15360;Line 294;0;112.973531929371
-23.503917451;-46.794787282;773.5;15330;Line 294;0;112.973531929371
-23.504026282;-46.794518316;774.6;15300;Line 294;0;112.973531929371
-23.504135113;-46.794249349;775.7;15270;Line 294;0;112.973531929371
-23.504243944;-46.793980382;773.3;15240;Line 294;0;112.973531929371
-23.504352774;-46.793711414;769.6;15210;Line 294;0;112.973531929371
-23.504461604;-46.793442445;765.9;15180;Line 294;0;112.973531929371
-23.504570433;-46.793173477;762.2;15150;Line 294;0;112.973531929371
-23.504679262;-46.792904507;758.7;15120;Line 294;0;112.973531929371
-23.50478809;-46.792635538;755.5;15090;Line 294;0;112.973531929371
-23.504896918;-46.792366567;754.1;15060;Line 294;0;112.973531929371
-23.505005746;-46.792097597;754.5;15030;Line 294;0;112.973531929371
-23.505114573;-46.791828626;754.6;15000;Line 294;0;112.973531929371
-23.505223399;-46.791559654;754.3;14970;Line 294;0;112.973531929371
-23.505332225;-46.791290682;754.0;14940;Line 294;0;112.973531929371
-23.505441051;-46.791021709;753.5;14910;Line 294;0;112.973531929371
-23.505549876;-46.790752736;752.5;14880;Line 294;0;112.973531929371
-23.505658701;-46.790483763;750.6;14850;Line 294;0;112.973531929371
-23.505767526;-46.790214789;748.6;14820;Line 294;0;112.973531929371
-23.50587635;-46.789945815;745.7;14790;Line 294;0;112.973531929371
-23.505985173;-46.78967684;741.0;14760;Line 294;0;112.973531929371
-23.506093996;-46.789407864;737.0;14730;Line 294;0;112.973531929371
-23.506202819;-46.789138888;734.0;14700;Line 294;0;112.973531929371
-23.506311641;-46.788869912;732.5;14670;Line 294;0;112.973531929371
-23.506420463;-46.788600935;731.4;14640;Line 294;0;112.973531929371
-23.506529284;-46.788331958;730.7;14610;Line 294;0;112.973531929371
-23.506638105;-46.78806298;730.7;14580;Line 294;0;112.973531929371
-23.506746926;-46.787794002;730.6;14550;Line 294;0;112.973531929371
-23.506855746;-46.787525024;730.5;14520;Line 294;0;112.973531929371
-23.506964565;-46.787256044;731.0;14490;Line 294;0;112.973531929371
-23.507073384;-46.786987065;731.0;14460;Line 294;0;112.973531929371
-23.507182203;-46.786718085;730.6;14430;Line 294;0;112.973531929371
-23.507291021;-46.786449104;731.0;14400;Line 294;0;112.973531929371
-23.507399839;-46.786180123;731.1;14370;Line 294;0;112.973531929371
-23.507508656;-46.785911142;730.8;14340;Line 294;0;112.973531929371
-23.507617473;-46.78564216;733.1;14310;Line 294;0;112.973531929371
-23.50772629;-46.785373178;735.6;14280;Line 294;0;112.973531929371
-23.507835106;-46.785104195;737.4;14250;Line 294;0;112.973531929371
-23.507943922;-46.784835211;738.1;14220;Line 294;0;112.973531929371
-23.508052737;-46.784566228;738.6;14190;Line 294;0;112.973531929371
-23.508161551;-46.784297243;739.4;14160;Line 294;0;112.973531929371
-23.508270366;-46.784028258;739.1;14130;Line 294;0;112.973531929371
-23.50837918;-46.783759273;737.6;14100;Line 294;0;112.973531929371
-23.508487993;-46.783490288;736.3;14070;Line 294;0;112.973531929371
-23.508596806;-46.783221301;735.5;14040;Line 294;0;112.973531929371
-23.508705619;-46.782952315;734.8;14010;Line 294;0;112.973531929371
-23.508814431;-46.782683328;734.0;13980;Line 294;0;112.973531929371
-23.508923242;-46.78241434;732.8;13950;Line 294;0;112.973531929371
-23.509032054;-46.782145352;731.2;13920;Line 294;0;112.973531929371
-23.509140864;-46.781876364;729.7;13890;Line 294;0;112.973531929371
-23.509249675;-46.781607375;728.4;13860;Line 294;0;112.973531929371
-23.509358485;-46.781338385;727.2;13830;Line 294;0;112.973531929371
-23.509467294;-46.781069395;726.0;13800;Line 294;0;112.973531929371
-23.509576103;-46.780800405;725.0;13770;Line 294;0;112.973531929371
-23.509684912;-46.780531414;724.1;13740;Line 294;0;112.973531929371
-23.50979372;-46.780262423;723.5;13710;Line 294;0;112.973531929371
-23.509902528;-46.779993431;723.2;13680;Line 294;0;112.973531929371
-23.510011335;-46.779724439;724.7;13650;Line 294;0;112.973531929371
-23.510120142;-46.779455446;726.8;13620;Line 294;0;112.973531929371
-23.510228948;-46.779186453;728.7;13590;Line 294;0;112.973531929371
-23.510337754;-46.778917459;730.8;13560;Line 294;0;112.973531929371
-23.510446559;-46.778648465;733.0;13530;Line 294;0;112.973531929371
-23.510555365;-46.77837947;735.4;13500;Line 294;0;112.973531929371
-23.510664169;-46.778110475;735.3;13470;Line 294;0;112.973531929371
-23.510772973;-46.77784148;734.5;13440;Line 294;0;112.973531929371
-23.510881777;-46.777572484;733.5;13410;Line 294;0;112.973531929371
-23.51099058;-46.777303487;731.9;13380;Line 294;0;112.973531929371
-23.511099383;-46.77703449;729.9;13350;Line 294;0;112.973531929371
-23.511208186;-46.776765493;727.8;13320;Line 294;0;112.973531929371
-23.511316988;-46.776496495;726.8;13290;Line 294;0;112.973531929371
-23.511425789;-46.776227497;726.5;13260;Line 294;0;112.973531929371
-23.51153459;-46.775958498;726.1;13230;Line 294;0;112.973531929371
-23.511643391;-46.775689499;725.8;13200;Line 294;0;112.973531929371
-23.511752191;-46.775420499;725.5;13170;Line 294;0;112.973531929371
-23.511860991;-46.775151499;725.2;13140;Line 294;0;112.973531929371
-23.51196979;-46.774882498;724.9;13110;Line 294;0;112.973531929371
-23.512078589;-46.774613497;724.5;13080;Line 294;0;112.973531929371
-23.512187388;-46.774344495;724.2;13050;Line 294;0;112.973531929371
-23.512296186;-46.774075493;724.1;13020;Line 294;0;112.973531929371
-23.512404983;-46.773806491;724.5;12990;Line 294;0;112.973531929371
-23.512513781;-46.773537487;724.8;12960;Line 294;0;112.973531929371
-23.512622577;-46.773268484;725.1;12930;Line 294;0;112.973531929371
-23.512731374;-46.77299948;725.4;12900;Line 294;0;112.973531929371
-23.512840169;-46.772730476;725.7;12870;Line 294;0;112.973531929371
-23.512948965;-46.772461471;726.1;12840;Line 294;0;112.973531929371
-23.51305776;-46.772192465;726.5;12810;Line 294;0;112.973531929371
-23.513166554;-46.771923459;726.8;12780;Line 294;0;112.973531929371
-23.513275348;-46.771654453;727.1;12750;Line 294;0;112.973531929371
-23.513384142;-46.771385446;728.6;12720;Line 294;0;112.973531929371
-23.513492935;-46.771116439;729.8;12690;Line 294;0;112.973531929371
-23.513601728;-46.770847431;730.6;12660;Line 294;0;112.973531929371
-23.51371052;-46.770578423;732.4;12630;Line 294;0;112.973531929371
-23.513819312;-46.770309414;733.9;12600;Line 294;0;112.973531929371
-23.513928104;-46.770040405;735.0;12570;Line 294;0;112.973531929371
-23.514036895;-46.769771396;735.2;12540;Line 294;0;112.973531929371
-23.514145685;-46.769502386;735.0;12510;Line 294;0;112.973531929371
-23.514254475;-46.769233375;736.5;12480;Line 294;0;112.973531929371
-23.514363265;-46.768964364;737.8;12450;Line 294;0;112.973531929371
-23.514472054;-46.768695353;738.7;12420;Line 294;0;112.973531929371
-23.514580843;-46.768426341;739.5;12390;Line 294;0;112.973531929371
-23.514689631;-46.768157328;740.9;12360;Line 294;0;112.973531929371
-23.514798419;-46.767888315;742.2;12330;Line 294;0;112.973531929371
-23.514907207;-46.767619302;743.0;12300;Line 294;0;112.973531929371
-23.515015994;-46.767350288;745.3;12270;Line 294;0;112.973531929371
-23.51512478;-46.767081274;750.2;12240;Line 294;0;112.973531929371
-23.515233567;-46.766812259;754.8;12210;Line 294;0;112.973531929371
-23.515342352;-46.766543244;758.9;12180;Line 294;0;112.973531929371
-23.515451138;-46.766274228;762.7;12150;Line 294;0;112.973531929371
-23.515559922;-46.766005212;766.2;12120;Line 294;0;112.973531929371
-23.515668707;-46.765736195;769.0;12090;Line 294;0;112.973531929371
-23.515777491;-46.765467178;770.7;12060;Line 294;0;112.973531929371
-23.515886274;-46.765198161;771.7;12030;Line 294;0;112.973531929371
-23.515995057;-46.764929143;771.1;12000;Line 294;0;112.973531929371
-23.51610384;-46.764660124;768.3;11970;Line 294;0;112.973531929371
-23.516212622;-46.764391105;765.4;11940;Line 294;0;112.973531929371
-23.516321404;-46.764122086;762.0;11910;Line 294;0;112.973531929371
-23.516430185;-46.763853066;755.5;11880;Line 294;0;112.973531929371
-23.516538966;-46.763584045;748.8;11850;Line 294;0;112.973531929371
-23.516647747;-46.763315024;742.1;11820;Line 294;0;112.973531929371
-23.516756527;-46.763046003;739.5;11790;Line 294;0;112.973531929371
-23.516865306;-46.762776981;737.0;11760;Line 294;0;112.973531929371
-23.516974085;-46.762507959;734.6;11730;Line 294;0;112.973531929371
-23.517082864;-46.762238936;735.6;11700;Line 294;0;112.973531929371
-23.517191642;-46.761969913;735.8;11670;Line 294;0;112.973531929371
-23.51730042;-46.761700889;735.3;11640;Line 294;0;112.973531929371
-23.517409197;-46.761431865;733.5;11610;Line 294;0;112.973531929371
-23.517517974;-46.761162841;731.9;11580;Line 294;0;112.973531929371
-23.517626751;-46.760893816;731.1;11550;Line 294;0;112.973531929371
-23.517735527;-46.76062479;730.2;11520;Line 294;0;112.973531929371
-23.517844303;-46.760355764;729.6;11490;Line 294;0;112.973531929371
-23.517953078;-46.760086738;729.4;11460;Line 294;0;112.973531929371
-23.518061852;-46.759817711;729.3;11430;Line 294;0;112.973531929371
-23.518170627;-46.759548683;729.2;11400;Line 294;0;112.973531929371
-23.518279401;-46.759279655;729.1;11370;Line 294;0;112.973531929371
-23.518388174;-46.759010627;728.5;11340;Line 294;0;112.973531929371
-23.518496947;-46.758741598;727.6;11310;Line 294;0;112.973531929371
-23.518605719;-46.758472569;726.9;11280;Line 294;0;112.973531929371
-23.518714491;-46.758203539;726.4;11250;Line 294;0;112.973531929371
-23.518823263;-46.757934509;725.9;11220;Line 294;0;112.973531929371
-23.518932034;-46.757665478;725.5;11190;Line 294;0;112.973531929371
-23.519040805;-46.757396447;725.1;11160;Line 294;0;112.973531929371
-23.519149575;-46.757127415;725.0;11130;Line 294;0;112.973531929371
-23.519258345;-46.756858383;725.1;11100;Line 294;0;112.973531929371
-23.519367115;-46.75658935;725.3;11070;Line 294;0;112.973531929371
-23.519475884;-46.756320317;726.2;11040;Line 294;0;112.973531929371
-23.519584652;-46.756051284;727.2;11010;Line 294;0;112.973531929371
-23.51969342;-46.75578225;728.3;10980;Line 294;0;112.973531929371
-23.519802188;-46.755513215;729.4;10950;Line 294;0;112.973531929371
-23.519910955;-46.755244181;730.3;10920;Line 294;0;112.973531929371
-23.520019722;-46.754975145;731.1;10890;Line 294;0;112.973531929371
-23.520128488;-46.754706109;731.9;10860;Line 294;0;112.973531929371
-23.520237254;-46.754437073;732.5;10830;Line 294;0;112.973531929371
-23.52034602;-46.754168036;732.7;10800;Line 294;0;112.973531929371
-23.520454785;-46.753898999;732.6;10770;Line 294;0;112.973531929371
-23.52056355;-46.753629961;732.3;10740;Line 294;0;112.973531929371
-23.520672314;-46.753360923;731.9;10710;Line 294;0;112.973531929371
-23.520781077;-46.753091884;730.5;10680;Line 294;0;112.973531929371
-23.520889841;-46.752822845;729.7;10650;Line 294;0;112.973531929371
-23.520998604;-46.752553805;729.4;10620;Line 294;0;112.973531929371
-23.521107366;-46.752284765;728.8;10590;Line 294;0;112.973531929371
-23.521216128;-46.752015725;728.5;10560;Line 294;0;112.973531929371
-23.521324889;-46.751746684;728.6;10530;Line 294;0;112.973531929371
-23.52143365;-46.751477642;728.8;10500;Line 294;0;112.973531929371
-23.521542411;-46.7512086;728.9;10470;Line 294;0;112.973531929371
-23.521651171;-46.750939558;729.0;10440;Line 294;0;112.973531929371
-23.521759931;-46.750670515;728.7;10410;Line 294;0;112.973531929371
-23.52186869;-46.750401472;728.2;10380;Line 294;0;112.973531929371
-23.521977449;-46.750132428;727.9;10350;Line 294;0;112.973531929371
-23.522086208;-46.749863384;727.9;10320;Line 294;0;112.973531929371
-23.522194966;-46.749594339;727.8;10290;Line 294;0;112.973531929371
-23.522303723;-46.749325294;727.5;10260;Line 294;0;112.973531929371
-23.52241248;-46.749056248;726.7;10230;Line 294;0;112.973531929371
-23.522521237;-46.748787202;725.6;10200;Line 294;0;112.973531929371
-23.522629993;-46.748518155;724.5;10170;Line 294;0;112.973531929371
-23.522738749;-46.748249108;724.1;10140;Line 294;0;112.973531929371
-23.522847504;-46.74798006;725.5;10110;Line 294;0;112.973531929371
-23.522956259;-46.747711012;726.8;10080;Line 294;0;112.973531929371
-23.523065014;-46.747441964;728.0;10050;Line 294;0;112.973531929371
-23.523173768;-46.747172915;728.0;10020;Line 294;0;112.973531929371
-23.523282521;-46.746903865;728.0;9990;Line 294;0;112.973531929371
-23.523391275;-46.746634815;727.9;9960;Line 294;0;112.973531929371
-23.523500027;-46.746365765;726.8;9930;Line 294;0;112.973531929371
-23.523608779;-46.746096714;725.5;9900;Line 294;0;112.973531929371
-23.523717531;-46.745827663;724.1;9870;Line 294;0;112.973531929371
-23.523826283;-46.745558611;723.2;9840;Line 294;0;112.973531929371
-23.523935034;-46.745289559;722.3;9810;Line 294;0;112.973531929371
-23.524043784;-46.745020506;721.3;9780;Line 294;0;112.973531929371
-23.524152534;-46.744751453;722.2;9750;Line 294;0;112.973531929371
-23.524261284;-46.744482399;723.5;9720;Line 294;0;112.973531929371
-23.524370033;-46.744213345;724.8;9690;Line 294;0;112.973531929371
-23.524478782;-46.74394429;725.5;9660;Line 294;0;112.973531929371
-23.52458753;-46.743675235;726.2;9630;Line 294;0;112.973531929371
-23.524696278;-46.74340618;727.1;9600;Line 294;0;112.973531929371
-23.524805025;-46.743137124;727.2;9570;Line 294;0;112.973531929371
-23.524913772;-46.742868067;726.9;9540;Line 294;0;112.973531929371
-23.525022519;-46.74259901;726.3;9510;Line 294;0;112.973531929371
-23.525131265;-46.742329953;725.3;9480;Line 294;0;112.973531929371
-23.525240011;-46.742060895;724.3;9450;Line 294;0;112.973531929371
-23.525348756;-46.741791836;723.7;9420;Line 294;0;112.973531929371
-23.525457501;-46.741522778;724.0;9390;Line 294;0;112.973531929371
-23.525566245;-46.741253718;725.0;9360;Line 294;0;112.973531929371
-23.525674989;-46.740984658;726.1;9330;Line 294;0;112.973531929371
-23.525783732;-46.740715598;727.0;9300;Line 294;0;112.973531929371
-23.525892475;-46.740446538;727.3;9270;Line 294;0;112.973531929371
-23.526001218;-46.740177476;727.4;9240;Line 294;0;112.973531929371
-23.52610996;-46.739908415;727.3;9210;Line 294;0;112.973531929371
-23.526218702;-46.739639353;727.0;9180;Line 294;0;112.973531929371
-23.526327443;-46.73937029;727.0;9150;Line 294;0;112.973531929371
-23.526436184;-46.739101227;726.9;9120;Line 294;0;112.973531929371
-23.526544924;-46.738832163;726.7;9090;Line 294;0;112.973531929371
-23.526653664;-46.738563099;726.3;9060;Line 294;0;112.973531929371
-23.526762404;-46.738294035;725.9;9030;Line 294;0;112.973531929371
-23.526871143;-46.73802497;725.4;9000;Line 294;0;112.973531929371
-23.526979881;-46.737755905;725.1;8970;Line 294;0;112.973531929371
-23.527088619;-46.737486839;725.0;8940;Line 294;0;112.973531929371
-23.527197357;-46.737217772;725.9;8910;Line 294;0;112.973531929371
-23.527306094;-46.736948706;726.5;8880;Line 294;0;112.973531929371
-23.527414831;-46.736679638;727.0;8850;Line 294;0;112.973531929371
-23.527523568;-46.736410571;727.6;8820;Line 294;0;112.973531929371
-23.527632304;-46.736141502;728.1;8790;Line 294;0;112.973531929371
-23.527741039;-46.735872434;728.4;8760;Line 294;0;112.973531929371
-23.527849774;-46.735603365;728.1;8730;Line 294;0;112.973531929371
-23.527958509;-46.735334295;728.0;8700;Line 294;0;112.973531929371
-23.528067243;-46.735065225;728.0;8670;Line 294;0;112.973531929371
-23.528175977;-46.734796154;728.0;8640;Line 294;0;112.973531929371
-23.52828471;-46.734527083;728.0;8610;Line 294;0;112.973531929371
-23.528393443;-46.734258012;728.1;8580;Line 294;0;112.973531929371
-23.528502176;-46.73398894;728.3;8550;Line 294;0;112.973531929371
-23.528610908;-46.733719867;728.7;8520;Line 294;0;112.973531929371
-23.528719639;-46.733450795;729.3;8490;Line 294;0;112.973531929371
-23.52882837;-46.733181721;730.0;8460;Line 294;0;112.973531929371
-23.528937101;-46.732912647;730.8;8430;Line 294;0;112.973531929371
-23.529045831;-46.732643573;731.4;8400;Line 294;0;112.973531929371
-23.529154561;-46.732374498;731.4;8370;Line 294;0;112.973531929371
-23.52926329;-46.732105423;729.9;8340;Line 294;0;112.973531929371
-23.529372019;-46.731836347;728.8;8310;Line 294;0;112.973531929371
-23.529480748;-46.731567271;728.7;8280;Line 294;0;112.973531929371
-23.529589476;-46.731298195;729.6;8250;Line 294;0;112.973531929371
-23.529698203;-46.731029117;730.2;8220;Line 294;0;112.973531929371
-23.52980693;-46.73076004;730.7;8190;Line 294;0;112.973531929371
-23.529915657;-46.730490962;731.4;8160;Line 294;0;112.973531929371
-23.530024383;-46.730221883;732.4;8130;Line 294;0;112.973531929371
-23.530133109;-46.729952804;734.4;8100;Line 294;0;112.973531929371
-23.530241835;-46.729683725;737.4;8070;Line 294;0;112.973531929371
-23.53035056;-46.729414645;740.4;8040;Line 294;0;112.973531929371
-23.530459284;-46.729145565;743.4;8010;Line 294;0;112.973531929371
-23.530568008;-46.728876484;744.5;7980;Line 294;0;112.973531929371
-23.530676732;-46.728607402;745.4;7950;Line 294;0;112.973531929371
-23.530785455;-46.728338321;745.9;7920;Line 294;0;112.973531929371
-23.530894178;-46.728069238;747.4;7890;Line 294;0;112.973531929371
-23.5310029;-46.727800156;749.6;7860;Line 294;0;112.973531929371
-23.531111622;-46.727531072;752.5;7830;Line 294;0;112.973531929371
-23.531220343;-46.727261989;755.4;7800;Line 294;0;112.973531929371
-23.531329064;-46.726992904;758.2;7770;Line 294;0;112.973531929371
-23.531437785;-46.72672382;761.0;7740;Line 294;0;112.973531929371
-23.531546505;-46.726454735;760.9;7710;Line 294;0;112.973531929371
-23.531655224;-46.726185649;759.3;7680;Line 294;0;112.973531929371
-23.531763944;-46.725916563;756.9;7650;Line 294;0;112.973531929371
-23.531872662;-46.725647477;756.8;7620;Line 294;0;112.973531929371
-23.531981381;-46.72537839;757.5;7590;Line 294;0;112.973531929371
-23.532090099;-46.725109302;758.3;7560;Line 294;0;112.973531929371
-23.532198816;-46.724840214;759.4;7530;Line 294;0;112.973531929371
-23.532307533;-46.724571126;760.7;7500;Line 294;0;112.973531929371
-23.53241625;-46.724302037;762.1;7470;Line 294;0;112.973531929371
-23.532524966;-46.724032948;763.3;7440;Line 294;0;112.973531929371
-23.532633681;-46.723763858;764.0;7410;Line 294;0;112.973531929371
-23.532742397;-46.723494768;764.7;7380;Line 294;0;112.973531929371
-23.532851112;-46.723225677;765.6;7350;Line 294;0;112.973531929371
-23.532959826;-46.722956586;767.0;7320;Line 294;0;112.973531929371
-23.53306854;-46.722687495;768.3;7290;Line 294;0;112.973531929371
-23.533177253;-46.722418402;769.2;7260;Line 294;0;112.973531929371
-23.533285966;-46.72214931;769.0;7230;Line 294;0;112.973531929371
-23.533394679;-46.721880217;768.7;7200;Line 294;0;112.973531929371
-23.533503391;-46.721611123;767.4;7170;Line 294;0;112.973531929371
-23.533612103;-46.721342029;763.7;7140;Line 294;0;112.973531929371
-23.533720814;-46.721072935;759.9;7110;Line 294;0;112.973531929371
-23.533829525;-46.72080384;756.5;7080;Line 294;0;112.973531929371
-23.533938235;-46.720534745;757.0;7050;Line 294;0;112.973531929371
-23.534046945;-46.720265649;758.2;7020;Line 294;0;112.973531929371
-23.534155655;-46.719996552;760.0;6990;Line 294;0;112.973531929371
-23.534264364;-46.719727456;761.8;6960;Line 294;0;112.973531929371
-23.534373072;-46.719458358;763.7;6930;Line 294;0;112.973531929371
-23.534481781;-46.719189261;765.8;6900;Line 294;0;112.973531929371
-23.534590488;-46.718920162;769.2;6870;Line 294;0;112.973531929371
-23.534699196;-46.718651064;772.5;6840;Line 294;0;112.973531929371
-23.534807902;-46.718381965;775.3;6810;Line 294;0;112.973531929371
-23.534916609;-46.718112865;778.1;6780;Line 294;0;112.973531929371
-23.535025315;-46.717843765;781.0;6750;Line 294;0;112.973531929371
-23.53513402;-46.717574664;784.8;6720;Line 294;0;112.973531929371
-23.535242726;-46.717305563;787.7;6690;Line 294;0;112.973531929371
-23.53535143;-46.717036462;790.5;6660;Line 294;0;112.973531929371
-23.535460134;-46.71676736;793.5;6630;Line 294;0;112.973531929371
-23.535568838;-46.716498258;796.4;6600;Line 294;0;112.973531929371
-23.535677541;-46.716229155;799.0;6570;Line 294;0;112.973531929371
-23.535786244;-46.715960051;801.1;6540;Line 294;0;112.973531929371
-23.535894947;-46.715690947;801.5;6510;Line 294;0;112.973531929371
-23.536003649;-46.715421843;801.1;6480;Line 294;0;112.973531929371
-23.53611235;-46.715152738;801.3;6450;Line 294;0;112.973531929371
-23.536221052;-46.714883633;803.1;6420;Line 294;0;112.973531929371
-23.536329752;-46.714614528;807.0;6390;Line 294;0;112.973531929371
-23.536438452;-46.714345421;811.5;6360;Line 294;0;112.973531929371
-23.536547152;-46.714076315;814.9;6330;Line 294;0;112.973531929371
-23.536655852;-46.713807208;815.0;6300;Line 294;0;112.973531929371
-23.536764551;-46.7135381;814.4;6270;Line 294;0;112.973531929371
-23.536873249;-46.713268992;814.1;6240;Line 294;0;112.973531929371
-23.536981947;-46.712999884;813.7;6210;Line 294;0;112.973531929371
-23.537090645;-46.712730775;812.9;6180;Line 294;0;112.973531929371
-23.537199342;-46.712461665;812.1;6150;Line 294;0;112.973531929371
-23.537308038;-46.712192555;812.6;6120;Line 294;0;112.973531929371
-23.537416735;-46.711923445;813.2;6090;Line 294;0;112.973531929371
-23.537525431;-46.711654334;813.7;6060;Line 294;0;112.973531929371
-23.537634126;-46.711385223;811.9;6030;Line 294;0;112.973531929371
-23.537742821;-46.711116111;809.3;6000;Line 294;0;112.973531929371
-23.537851515;-46.710846999;805.9;5970;Line 294;0;112.973531929371
-23.537960209;-46.710577886;799.9;5940;Line 294;0;112.973531929371
-23.538068903;-46.710308773;793.1;5910;Line 294;0;112.973531929371
-23.538177596;-46.710039659;785.5;5880;Line 294;0;112.973531929371
-23.538286289;-46.709770545;784.0;5850;Line 294;0;112.973531929371
-23.538394981;-46.70950143;785.4;5820;Line 294;0;112.973531929371
-23.538503673;-46.709232315;787.7;5790;Line 294;0;112.973531929371
-23.538612365;-46.7089632;789.8;5760;Line 294;0;112.973531929371
-23.538721056;-46.708694084;791.8;5730;Line 294;0;112.973531929371
-23.538829746;-46.708424967;794.0;5700;Line 294;0;112.973531929371
-23.538938436;-46.70815585;794.0;5670;Line 294;0;112.973531929371
-23.539047126;-46.707886733;793.5;5640;Line 294;0;112.973531929371
-23.539155815;-46.707617615;793.8;5610;Line 294;0;112.973531929371
-23.539264504;-46.707348497;793.4;5580;Line 294;0;112.973531929371
-23.539373192;-46.707079378;793.4;5550;Line 294;0;112.973531929371
-23.53948188;-46.706810259;793.9;5520;Line 294;0;112.973531929371
-23.539590567;-46.706541139;793.9;5490;Line 294;0;112.973531929371
-23.539699254;-46.706272019;793.0;5460;Line 294;0;112.973531929371
-23.539807941;-46.706002898;792.2;5430;Line 294;0;112.973531929371
-23.539916627;-46.705733777;792.4;5400;Line 294;0;112.973531929371
-23.540025313;-46.705464655;794.7;5370;Line 294;0;112.973531929371
-23.540133998;-46.705195533;796.2;5340;Line 294;0;112.973531929371
-23.540242683;-46.704926411;796.6;5310;Line 294;0;112.973531929371
-23.540351367;-46.704657288;794.7;5280;Line 294;0;112.973531929371
-23.540460051;-46.704388164;792.9;5250;Line 294;0;112.973531929371
-23.540568734;-46.70411904;791.4;5220;Line 294;0;112.973531929371
-23.540677418;-46.703849916;792.1;5190;Line 294;0;112.973531929371
-23.5407861;-46.703580791;793.7;5160;Line 294;0;112.973531929371
-23.540894782;-46.703311665;794.6;5130;Line 294;0;112.973531929371
-23.541003464;-46.70304254;793.8;5100;Line 294;0;112.973531929371
-23.541112145;-46.702773413;794.0;5070;Line 294;0;112.973531929371
-23.541220826;-46.702504287;795.2;5040;Line 294;0;112.973531929371
-23.541329506;-46.702235159;792.8;5010;Line 294;0;112.973531929371
-23.541438186;-46.701966032;789.8;4980;Line 294;0;112.973531929371
-23.541546866;-46.701696903;786.2;4950;Line 294;0;112.973531929371
-23.541655545;-46.701427775;784.7;4920;Line 294;0;112.973531929371
-23.541764223;-46.701158646;783.7;4890;Line 294;0;112.973531929371
-23.541872902;-46.700889516;782.8;4860;Line 294;0;112.973531929371
-23.541981579;-46.700620386;783.7;4830;Line 294;0;112.973531929371
-23.542090257;-46.700351256;784.8;4800;Line 294;0;112.973531929371
-23.542198933;-46.700082125;785.9;4770;Line 294;0;112.973531929371
-23.54230761;-46.699812993;786.4;4740;Line 294;0;112.973531929371
-23.542416286;-46.699543861;786.3;4710;Line 294;0;112.973531929371
-23.542524961;-46.699274729;786.2;4680;Line 294;0;112.973531929371
-23.542633636;-46.699005596;789.9;4650;Line 294;0;112.973531929371
-23.542742311;-46.698736463;794.8;4620;Line 294;0;112.973531929371
-23.542850985;-46.698467329;799.4;4590;Line 294;0;112.973531929371
-23.542959659;-46.698198195;800.8;4560;Line 294;0;112.973531929371
-23.543068332;-46.69792906;798.0;4530;Line 294;0;112.973531929371
-23.543177005;-46.697659925;793.8;4500;Line 294;0;112.973531929371
-23.543285678;-46.697390789;789.6;4470;Line 294;0;112.973531929371
-23.54339435;-46.697121653;788.1;4440;Line 294;0;112.973531929371
-23.543503021;-46.696852516;787.4;4410;Line 294;0;112.973531929371
-23.543611692;-46.696583379;789.1;4380;Line 294;0;112.973531929371
-23.543720363;-46.696314242;795.7;4350;Line 294;0;112.973531929371
-23.543829033;-46.696045104;802.4;4320;Line 294;0;112.973531929371
-23.543937703;-46.695775965;808.2;4290;Line 294;0;112.973531929371
-23.544046372;-46.695506826;810.9;4260;Line 294;0;112.973531929371
-23.544155041;-46.695237687;814.3;4230;Line 294;0;112.973531929371
-23.544263709;-46.694968547;816.7;4200;Line 294;0;112.973531929371
-23.544372377;-46.694699407;816.6;4170;Line 294;0;112.973531929371
-23.544481045;-46.694430266;816.9;4140;Line 294;0;112.973531929371
-23.544589712;-46.694161125;817.4;4110;Line 294;0;112.973531929371
-23.544698379;-46.693891983;817.6;4080;Line 294;0;112.973531929371
-23.544807045;-46.693622841;818.6;4050;Line 294;0;112.973531929371
-23.544915711;-46.693353698;820.6;4020;Line 294;0;112.973531929371
-23.545024376;-46.693084555;819.4;3990;Line 294;0;112.973531929371
-23.545133041;-46.692815411;817.5;3960;Line 294;0;112.973531929371
-23.545241706;-46.692546267;815.4;3930;Line 294;0;112.973531929371
-23.54535037;-46.692277122;812.6;3900;Line 294;0;112.973531929371
-23.545459033;-46.692007977;810.1;3870;Line 294;0;112.973531929371
-23.545567696;-46.691738832;808.3;3840;Line 294;0;112.973531929371
-23.545676359;-46.691469686;806.0;3810;Line 294;0;112.973531929371
-23.545785021;-46.691200539;803.2;3780;Line 294;0;112.973531929371
-23.545893683;-46.690931393;799.7;3750;Line 294;0;112.973531929371
-23.546002345;-46.690662245;797.5;3720;Line 294;0;112.973531929371
-23.546111005;-46.690393097;796.1;3690;Line 294;0;112.973531929371
-23.546219666;-46.690123949;794.6;3660;Line 294;0;112.973531929371
-23.546328326;-46.6898548;795.5;3630;Line 294;0;112.973531929371
-23.546436986;-46.689585651;798.4;3600;Line 294;0;112.973531929371
-23.546545645;-46.689316501;801.2;3570;Line 294;0;112.973531929371
-23.546654303;-46.689047351;802.6;3540;Line 294;0;112.973531929371
-23.546762962;-46.688778201;802.0;3510;Line 294;0;112.973531929371
-23.54687162;-46.688509049;801.1;3480;Line 294;0;112.973531929371
-23.546980277;-46.688239898;798.9;3450;Line 294;0;112.973531929371
-23.547088934;-46.687970746;795.1;3420;Line 294;0;112.973531929371
-23.54719759;-46.687701593;791.7;3390;Line 294;0;112.973531929371
-23.547306247;-46.68743244;788.9;3360;Line 294;0;112.973531929371
-23.547414902;-46.687163287;787.1;3330;Line 294;0;112.973531929371
-23.547523557;-46.686894133;785.4;3300;Line 294;0;112.973531929371
-23.547632212;-46.686624978;784.3;3270;Line 294;0;112.973531929371
-23.547740866;-46.686355824;784.5;3240;Line 294;0;112.973531929371
-23.54784952;-46.686086668;784.9;3210;Line 294;0;112.973531929371
-23.547958174;-46.685817512;785.5;3180;Line 294;0;112.973531929371
-23.548066827;-46.685548356;787.6;3150;Line 294;0;112.973531929371
-23.548175479;-46.685279199;789.8;3120;Line 294;0;112.973531929371
-23.548284131;-46.685010042;792.0;3090;Line 294;0;112.973531929371
-23.548392783;-46.684740885;794.9;3060;Line 294;0;112.973531929371
-23.548501434;-46.684471726;797.4;3030;Line 294;0;112.973531929371
-23.548610085;-46.684202568;799.6;3000;Line 294;0;112.973531929371
-23.548718735;-46.683933409;801.0;2970;Line 294;0;112.973531929371
-23.548827385;-46.683664249;802.4;2940;Line 294;0;112.973531929371
-23.548936035;-46.683395089;803.9;2910;Line 294;0;112.973531929371
-23.549044684;-46.683125929;805.0;2880;Line 294;0;112.973531929371
-23.549153332;-46.682856768;805.9;2850;Line 294;0;112.973531929371
-23.54926198;-46.682587606;807.1;2820;Line 294;0;112.973531929371
-23.549370628;-46.682318445;810.2;2790;Line 294;0;112.973531929371
-23.549479275;-46.682049282;813.6;2760;Line 294;0;112.973531929371
-23.549587922;-46.681780119;816.4;2730;Line 294;0;112.973531929371
-23.549696568;-46.681510956;818.4;2700;Line 294;0;112.973531929371
-23.549805214;-46.681241792;820.5;2670;Line 294;0;112.973531929371
-23.54991386;-46.680972628;822.9;2640;Line 294;0;112.973531929371
-23.550022505;-46.680703463;823.8;2610;Line 294;0;112.973531929371
-23.550131149;-46.680434298;822.8;2580;Line 294;0;112.973531929371
-23.550239793;-46.680165133;822.0;2550;Line 294;0;112.973531929371
-23.550348437;-46.679895966;820.7;2520;Line 294;0;112.973531929371
-23.55045708;-46.6796268;818.6;2490;Line 294;0;112.973531929371
-23.550565723;-46.679357633;816.9;2460;Line 294;0;112.973531929371
-23.550674365;-46.679088465;815.4;2430;Line 294;0;112.973531929371
-23.550783007;-46.678819297;813.6;2400;Line 294;0;112.973531929371
-23.550891649;-46.678550129;811.4;2370;Line 294;0;112.973531929371
-23.55100029;-46.67828096;808.9;2340;Line 294;0;112.973531929371
-23.55110893;-46.678011791;806.6;2310;Line 294;0;112.973531929371
-23.551217571;-46.677742621;805.2;2280;Line 294;0;112.973531929371
-23.55132621;-46.677473451;804.8;2250;Line 294;0;112.973531929371
-23.55143485;-46.67720428;807.1;2220;Line 294;0;112.973531929371
-23.551543488;-46.676935109;809.8;2190;Line 294;0;112.973531929371
-23.551652127;-46.676665937;812.9;2160;Line 294;0;112.973531929371
-23.551760765;-46.676396765;815.2;2130;Line 294;0;112.973531929371
-23.551869402;-46.676127592;817.7;2100;Line 294;0;112.973531929371
-23.551978039;-46.675858419;820.4;2070;Line 294;0;112.973531929371
-23.552086676;-46.675589245;821.1;2040;Line 294;0;112.973531929371
-23.552195312;-46.675320071;821.8;2010;Line 294;0;112.973531929371
-23.552303948;-46.675050897;822.6;1980;Line 294;0;112.973531929371
-23.552412583;-46.674781722;823.1;1950;Line 294;0;112.973531929371
-23.552521218;-46.674512546;823.5;1920;Line 294;0;112.973531929371
-23.552629852;-46.67424337;823.7;1890;Line 294;0;112.973531929371
-23.552738486;-46.673974194;822.5;1860;Line 294;0;112.973531929371
-23.55284712;-46.673705017;821.1;1830;Line 294;0;112.973531929371
-23.552955753;-46.67343584;820.2;1800;Line 294;0;112.973531929371
-23.553064386;-46.673166662;820.1;1770;Line 294;0;112.973531929371
-23.553173018;-46.672897484;820.4;1740;Line 294;0;112.973531929371
-23.553281649;-46.672628305;820.8;1710;Line 294;0;112.973531929371
-23.553390281;-46.672359126;821.1;1680;Line 294;0;112.973531929371
-23.553498912;-46.672089946;821.4;1650;Line 294;0;112.973531929371
-23.553607542;-46.671820766;821.9;1620;Line 294;0;112.973531929371
-23.553716172;-46.671551585;822.3;1590;Line 294;0;112.973531929371
-23.553824802;-46.671282404;822.5;1560;Line 294;0;112.973531929371
-23.553933431;-46.671013223;822.6;1530;Line 294;0;112.973531929371
-23.554042059;-46.670744041;822.0;1500;Line 294;0;112.973531929371
-23.554150687;-46.670474858;820.0;1470;Line 294;0;112.973531929371
-23.554259315;-46.670205675;818.2;1440;Line 294;0;112.973531929371
-23.554367943;-46.669936492;817.4;1410;Line 294;0;112.973531929371
-23.554476569;-46.669667308;818.7;1380;Line 294;0;112.973531929371
-23.554585196;-46.669398124;819.6;1350;Line 294;0;112.973531929371
-23.554693822;-46.669128939;820.1;1320;Line 294;0;112.973531929371
-23.554802447;-46.668859754;821.0;1290;Line 294;0;112.973531929371
-23.554911073;-46.668590568;822.4;1260;Line 294;0;112.973531929371
-23.555019697;-46.668321382;823.9;1230;Line 294;0;112.973531929371
-23.555128321;-46.668052195;822.9;1200;Line 294;0;112.973531929371
-23.555236945;-46.667783008;822.1;1170;Line 294;0;112.973531929371
-23.555345569;-46.66751382;821.5;1140;Line 294;0;112.973531929371
-23.555454191;-46.667244632;822.7;1110;Line 294;0;112.973531929371
-23.555562814;-46.666975444;824.2;1080;Line 294;0;112.973531929371
-23.555671436;-46.666706254;826.0;1050;Line 294;0;112.973531929371
-23.555780057;-46.666437065;829.0;1020;Line 294;0;112.973531929371
-23.555888679;-46.666167875;831.8;990;Line 294;0;112.973531929371
-23.555997299;-46.665898685;832.7;960;Line 294;0;112.973531929371
-23.55610592;-46.665629494;832.1;930;Line 294;0;112.973531929371
-23.556214539;-46.665360302;831.7;900;Line 294;0;112.973531929371
-23.556323159;-46.66509111;831.8;870;Line 294;0;112.973531929371
-23.556431778;-46.664821918;831.3;840;Line 294;0;112.973531929371
-23.556540396;-46.664552725;830.7;810;Line 294;0;112.973531929371
-23.556649014;-46.664283532;830.8;780;Line 294;0;112.973531929371
-23.556757632;-46.664014338;830.9;750;Line 294;0;112.973531929371
-23.556866249;-46.663745144;830.7;720;Line 294;0;112.973531929371
-23.556974865;-46.66347595;830.8;690;Line 294;0;112.973531929371
-23.557083482;-46.663206755;831.0;660;Line 294;0;112.973531929371
-23.557192098;-46.662937559;831.6;630;Line 294;0;112.973531929371
-23.557300713;-46.662668363;832.8;600;Line 294;0;112.973531929371
-23.557409328;-46.662399166;834.3;570;Line 294;0;112.973531929371
-23.557517942;-46.662129969;835.4;540;Line 294;0;112.973531929371
-23.557626556;-46.661860772;835.2;510;Line 294;0;112.973531929371
-23.55773517;-46.661591574;835.6;480;Line 294;0;112.973531929371
-23.557843783;-46.661322376;837.6;450;Line 294;0;112.973531929371
-23.557952396;-46.661053177;839.8;420;Line 294;0;112.973531929371
-23.558061008;-46.660783977;841.6;390;Line 294;0;112.973531929371
-23.55816962;-46.660514778;841.3;360;Line 294;0;112.973531929371
-23.558278231;-46.660245577;841.6;330;Line 294;0;112.973531929371
-23.558386842;-46.659976377;842.2;300;Line 294;0;112.973531929371
-23.558495453;-46.659707176;842.3;270;Line 294;0;112.973531929371
-23.558604063;-46.659437974;841.6;240;Line 294;0;112.973531929371
-23.558712672;-46.659168772;839.9;210;Line 294;0;112.973531929371
-23.558821282;-46.658899569;835.6;180;Line 294;0;112.973531929371
-23.55892989;-46.658630366;831.4;150;Line 294;0;112.973531929371
-23.559038499;-46.658361163;827.4;120;Line 294;0;112.973531929371
-23.559147106;-46.658091959;826.1;90;Line 294;0;112.973531929371
-23.559255714;-46.657822754;827.7;60;Line 294;0;112.973531929371
-23.559364321;-46.657553549;831.0;30;Line 294;0;112.973531929371
-23.559472927;-46.657284344;831.6;0;Line 294;0;112.973531929371
