latitude;longitude;altitude (m);distance_m;name;obstrucao;angle 
-24.189816451;-46.713157638;0.0;69960;Line 185;0;4.03089112722596
-24.189546514;-46.713133273;0.0;69930;Line 185;0;4.03089112722596
-24.189276577;-46.713108909;0.0;69900;Line 185;0;4.03089112722596
-24.18900664;-46.713084545;0.0;69870;Line 185;0;4.03089112722596
-24.188736703;-46.713060181;0.0;69840;Line 185;0;4.03089112722596
-24.188466766;-46.713035818;0.0;69810;Line 185;0;4.03089112722596
-24.188196829;-46.713011454;0.0;69780;Line 185;0;4.03089112722596
-24.187926892;-46.71298709;0.0;69750;Line 185;0;4.03089112722596
-24.187656955;-46.712962727;0.0;69720;Line 185;0;4.03089112722596
-24.187387018;-46.712938364;0.0;69690;Line 185;0;4.03089112722596
-24.187117081;-46.712914001;0.0;69660;Line 185;0;4.03089112722596
-24.186847144;-46.712889638;0.0;69630;Line 185;0;4.03089112722596
-24.186577207;-46.712865275;0.0;69600;Line 185;0;4.03089112722596
-24.18630727;-46.712840913;0.0;69570;Line 185;0;4.03089112722596
-24.186037332;-46.71281655;0.0;69540;Line 185;0;4.03089112722596
-24.185767395;-46.712792188;0.0;69510;Line 185;0;4.03089112722596
-24.185497458;-46.712767826;0.0;69480;Line 185;0;4.03089112722596
-24.185227521;-46.712743464;0.0;69450;Line 185;0;4.03089112722596
-24.184957583;-46.712719102;0.0;69420;Line 185;0;4.03089112722596
-24.184687646;-46.71269474;0.0;69390;Line 185;0;4.03089112722596
-24.184417709;-46.712670378;0.0;69360;Line 185;0;4.03089112722596
-24.184147772;-46.712646017;0.0;69330;Line 185;0;4.03089112722596
-24.183877834;-46.712621655;0.0;69300;Line 185;0;4.03089112722596
-24.183607897;-46.712597294;0.0;69270;Line 185;0;4.03089112722596
-24.183337959;-46.712572933;0.0;69240;Line 185;0;4.03089112722596
-24.183068022;-46.712548572;0.0;69210;Line 185;0;4.03089112722596
-24.182798085;-46.712524211;0.0;69180;Line 185;0;4.03089112722596
-24.182528147;-46.712499851;0.0;69150;Line 185;0;4.03089112722596
-24.18225821;-46.71247549;0.0;69120;Line 185;0;4.03089112722596
-24.181988272;-46.71245113;0.0;69090;Line 185;0;4.03089112722596
-24.181718335;-46.71242677;0.0;69060;Line 185;0;4.03089112722596
-24.181448397;-46.71240241;0.0;69030;Line 185;0;4.03089112722596
-24.18117846;-46.71237805;0.0;69000;Line 185;0;4.03089112722596
-24.180908522;-46.71235369;0.0;68970;Line 185;0;4.03089112722596
-24.180638585;-46.71232933;0.0;68940;Line 185;0;4.03089112722596
-24.180368647;-46.712304971;0.0;68910;Line 185;0;4.03089112722596
-24.18009871;-46.712280611;0.0;68880;Line 185;0;4.03089112722596
-24.179828772;-46.712256252;0.0;68850;Line 185;0;4.03089112722596
-24.179558834;-46.712231893;0.0;68820;Line 185;0;4.03089112722596
-24.179288897;-46.712207534;0.0;68790;Line 185;0;4.03089112722596
-24.179018959;-46.712183175;0.0;68760;Line 185;0;4.03089112722596
-24.178749021;-46.712158816;0.0;68730;Line 185;0;4.03089112722596
-24.178479084;-46.712134458;0.0;68700;Line 185;0;4.03089112722596
-24.178209146;-46.712110099;0.0;68670;Line 185;0;4.03089112722596
-24.177939208;-46.712085741;0.0;68640;Line 185;0;4.03089112722596
-24.17766927;-46.712061383;0.0;68610;Line 185;0;4.03089112722596
-24.177399332;-46.712037025;0.0;68580;Line 185;0;4.03089112722596
-24.177129395;-46.712012667;0.0;68550;Line 185;0;4.03089112722596
-24.176859457;-46.711988309;0.0;68520;Line 185;0;4.03089112722596
-24.176589519;-46.711963952;0.0;68490;Line 185;0;4.03089112722596
-24.176319581;-46.711939594;0.0;68460;Line 185;0;4.03089112722596
-24.176049643;-46.711915237;0.0;68430;Line 185;0;4.03089112722596
-24.175779705;-46.71189088;0.0;68400;Line 185;0;4.03089112722596
-24.175509767;-46.711866523;0.0;68370;Line 185;0;4.03089112722596
-24.17523983;-46.711842166;0.0;68340;Line 185;0;4.03089112722596
-24.174969892;-46.711817809;0.0;68310;Line 185;0;4.03089112722596
-24.174699954;-46.711793453;0.0;68280;Line 185;0;4.03089112722596
-24.174430016;-46.711769096;0.0;68250;Line 185;0;4.03089112722596
-24.174160078;-46.71174474;0.0;68220;Line 185;0;4.03089112722596
-24.17389014;-46.711720384;0.0;68190;Line 185;0;4.03089112722596
-24.173620201;-46.711696028;0.0;68160;Line 185;0;4.03089112722596
-24.173350263;-46.711671672;0.0;68130;Line 185;0;4.03089112722596
-24.173080325;-46.711647316;0.0;68100;Line 185;0;4.03089112722596
-24.172810387;-46.711622961;0.0;68070;Line 185;0;4.03089112722596
-24.172540449;-46.711598605;0.0;68040;Line 185;0;4.03089112722596
-24.172270511;-46.71157425;0.0;68010;Line 185;0;4.03089112722596
-24.172000573;-46.711549895;0.0;67980;Line 185;0;4.03089112722596
-24.171730635;-46.71152554;0.0;67950;Line 185;0;4.03089112722596
-24.171460696;-46.711501185;0.0;67920;Line 185;0;4.03089112722596
-24.171190758;-46.71147683;0.0;67890;Line 185;0;4.03089112722596
-24.17092082;-46.711452475;0.0;67860;Line 185;0;4.03089112722596
-24.170650882;-46.711428121;0.0;67830;Line 185;0;4.03089112722596
-24.170380943;-46.711403766;0.0;67800;Line 185;0;4.03089112722596
-24.170111005;-46.711379412;0.0;67770;Line 185;0;4.03089112722596
-24.169841067;-46.711355058;0.0;67740;Line 185;0;4.03089112722596
-24.169571128;-46.711330704;0.0;67710;Line 185;0;4.03089112722596
-24.16930119;-46.71130635;0.0;67680;Line 185;0;4.03089112722596
-24.169031252;-46.711281997;0.0;67650;Line 185;0;4.03089112722596
-24.168761313;-46.711257643;0.0;67620;Line 185;0;4.03089112722596
-24.168491375;-46.71123329;0.0;67590;Line 185;0;4.03089112722596
-24.168221437;-46.711208937;0.0;67560;Line 185;0;4.03089112722596
-24.167951498;-46.711184584;0.0;67530;Line 185;0;4.03089112722596
-24.16768156;-46.711160231;0.0;67500;Line 185;0;4.03089112722596
-24.167411621;-46.711135878;0.0;67470;Line 185;0;4.03089112722596
-24.167141683;-46.711111525;0.0;67440;Line 185;0;4.03089112722596
-24.166871744;-46.711087173;0.0;67410;Line 185;0;4.03089112722596
-24.166601806;-46.71106282;0.0;67380;Line 185;0;4.03089112722596
-24.166331867;-46.711038468;0.0;67350;Line 185;0;4.03089112722596
-24.166061928;-46.711014116;0.0;67320;Line 185;0;4.03089112722596
-24.16579199;-46.710989764;0.0;67290;Line 185;0;4.03089112722596
-24.165522051;-46.710965412;0.0;67260;Line 185;0;4.03089112722596
-24.165252113;-46.71094106;0.0;67230;Line 185;0;4.03089112722596
-24.164982174;-46.710916709;0.0;67200;Line 185;0;4.03089112722596
-24.164712235;-46.710892357;0.0;67170;Line 185;0;4.03089112722596
-24.164442297;-46.710868006;0.0;67140;Line 185;0;4.03089112722596
-24.164172358;-46.710843655;0.0;67110;Line 185;0;4.03089112722596
-24.163902419;-46.710819304;0.0;67080;Line 185;0;4.03089112722596
-24.16363248;-46.710794953;0.0;67050;Line 185;0;4.03089112722596
-24.163362542;-46.710770603;0.0;67020;Line 185;0;4.03089112722596
-24.163092603;-46.710746252;0.0;66990;Line 185;0;4.03089112722596
-24.162822664;-46.710721902;0.0;66960;Line 185;0;4.03089112722596
-24.162552725;-46.710697551;0.0;66930;Line 185;0;4.03089112722596
-24.162282786;-46.710673201;0.0;66900;Line 185;0;4.03089112722596
-24.162012848;-46.710648851;0.0;66870;Line 185;0;4.03089112722596
-24.161742909;-46.710624501;0.0;66840;Line 185;0;4.03089112722596
-24.16147297;-46.710600151;0.0;66810;Line 185;0;4.03089112722596
-24.161203031;-46.710575802;0.0;66780;Line 185;0;4.03089112722596
-24.160933092;-46.710551452;0.0;66750;Line 185;0;4.03089112722596
-24.160663153;-46.710527103;0.0;66720;Line 185;0;4.03089112722596
-24.160393214;-46.710502754;0.0;66690;Line 185;0;4.03089112722596
-24.160123275;-46.710478405;0.0;66660;Line 185;0;4.03089112722596
-24.159853336;-46.710454056;0.0;66630;Line 185;0;4.03089112722596
-24.159583397;-46.710429707;0.0;66600;Line 185;0;4.03089112722596
-24.159313458;-46.710405359;0.0;66570;Line 185;0;4.03089112722596
-24.159043519;-46.71038101;0.0;66540;Line 185;0;4.03089112722596
-24.15877358;-46.710356662;0.0;66510;Line 185;0;4.03089112722596
-24.158503641;-46.710332314;0.0;66480;Line 185;0;4.03089112722596
-24.158233702;-46.710307966;0.0;66450;Line 185;0;4.03089112722596
-24.157963763;-46.710283618;0.0;66420;Line 185;0;4.03089112722596
-24.157693823;-46.71025927;0.0;66390;Line 185;0;4.03089112722596
-24.157423884;-46.710234922;0.0;66360;Line 185;0;4.03089112722596
-24.157153945;-46.710210575;0.0;66330;Line 185;0;4.03089112722596
-24.156884006;-46.710186227;0.0;66300;Line 185;0;4.03089112722596
-24.156614067;-46.71016188;0.0;66270;Line 185;0;4.03089112722596
-24.156344127;-46.710137533;0.0;66240;Line 185;0;4.03089112722596
-24.156074188;-46.710113186;0.0;66210;Line 185;0;4.03089112722596
-24.155804249;-46.710088839;0.0;66180;Line 185;0;4.03089112722596
-24.155534309;-46.710064493;0.0;66150;Line 185;0;4.03089112722596
-24.15526437;-46.710040146;0.0;66120;Line 185;0;4.03089112722596
-24.154994431;-46.7100158;0.0;66090;Line 185;0;4.03089112722596
-24.154724491;-46.709991454;0.0;66060;Line 185;0;4.03089112722596
-24.154454552;-46.709967108;0.0;66030;Line 185;0;4.03089112722596
-24.154184613;-46.709942762;0.0;66000;Line 185;0;4.03089112722596
-24.153914673;-46.709918416;0.0;65970;Line 185;0;4.03089112722596
-24.153644734;-46.70989407;0.0;65940;Line 185;0;4.03089112722596
-24.153374794;-46.709869725;0.0;65910;Line 185;0;4.03089112722596
-24.153104855;-46.709845379;0.0;65880;Line 185;0;4.03089112722596
-24.152834915;-46.709821034;0.0;65850;Line 185;0;4.03089112722596
-24.152564976;-46.709796689;0.0;65820;Line 185;0;4.03089112722596
-24.152295036;-46.709772344;0.0;65790;Line 185;0;4.03089112722596
-24.152025097;-46.709747999;0.0;65760;Line 185;0;4.03089112722596
-24.151755157;-46.709723654;0.0;65730;Line 185;0;4.03089112722596
-24.151485218;-46.70969931;0.0;65700;Line 185;0;4.03089112722596
-24.151215278;-46.709674965;0.0;65670;Line 185;0;4.03089112722596
-24.150945338;-46.709650621;0.0;65640;Line 185;0;4.03089112722596
-24.150675399;-46.709626277;0.0;65610;Line 185;0;4.03089112722596
-24.150405459;-46.709601933;0.0;65580;Line 185;0;4.03089112722596
-24.150135519;-46.709577589;0.0;65550;Line 185;0;4.03089112722596
-24.14986558;-46.709553245;0.0;65520;Line 185;0;4.03089112722596
-24.14959564;-46.709528902;0.0;65490;Line 185;0;4.03089112722596
-24.1493257;-46.709504558;0.0;65460;Line 185;0;4.03089112722596
-24.14905576;-46.709480215;0.0;65430;Line 185;0;4.03089112722596
-24.148785821;-46.709455872;0.0;65400;Line 185;0;4.03089112722596
-24.148515881;-46.709431529;0.0;65370;Line 185;0;4.03089112722596
-24.148245941;-46.709407186;0.0;65340;Line 185;0;4.03089112722596
-24.147976001;-46.709382843;0.0;65310;Line 185;0;4.03089112722596
-24.147706061;-46.709358501;0.0;65280;Line 185;0;4.03089112722596
-24.147436122;-46.709334158;0.0;65250;Line 185;0;4.03089112722596
-24.147166182;-46.709309816;0.0;65220;Line 185;0;4.03089112722596
-24.146896242;-46.709285474;0.0;65190;Line 185;0;4.03089112722596
-24.146626302;-46.709261132;0.0;65160;Line 185;0;4.03089112722596
-24.146356362;-46.70923679;0.0;65130;Line 185;0;4.03089112722596
-24.146086422;-46.709212448;0.0;65100;Line 185;0;4.03089112722596
-24.145816482;-46.709188107;0.0;65070;Line 185;0;4.03089112722596
-24.145546542;-46.709163765;0.0;65040;Line 185;0;4.03089112722596
-24.145276602;-46.709139424;0.0;65010;Line 185;0;4.03089112722596
-24.145006662;-46.709115083;0.0;64980;Line 185;0;4.03089112722596
-24.144736722;-46.709090741;0.0;64950;Line 185;0;4.03089112722596
-24.144466782;-46.709066401;0.0;64920;Line 185;0;4.03089112722596
-24.144196842;-46.70904206;0.0;64890;Line 185;0;4.03089112722596
-24.143926902;-46.709017719;0.5;64860;Line 185;0;4.03089112722596
-24.143656961;-46.708993379;1.0;64830;Line 185;0;4.03089112722596
-24.143387021;-46.708969038;1.4;64800;Line 185;0;4.03089112722596
-24.143117081;-46.708944698;2.2;64770;Line 185;0;4.03089112722596
-24.142847141;-46.708920358;3.0;64740;Line 185;0;4.03089112722596
-24.142577201;-46.708896018;3.8;64710;Line 185;0;4.03089112722596
-24.142307261;-46.708871678;4.6;64680;Line 185;0;4.03089112722596
-24.14203732;-46.708847339;5.4;64650;Line 185;0;4.03089112722596
-24.14176738;-46.708822999;6.2;64620;Line 185;0;4.03089112722596
-24.14149744;-46.70879866;6.7;64590;Line 185;0;4.03089112722596
-24.141227499;-46.70877432;7.0;64560;Line 185;0;4.03089112722596
-24.140957559;-46.708749981;7.4;64530;Line 185;0;4.03089112722596
-24.140687619;-46.708725642;7.5;64500;Line 185;0;4.03089112722596
-24.140417678;-46.708701304;7.5;64470;Line 185;0;4.03089112722596
-24.140147738;-46.708676965;7.4;64440;Line 185;0;4.03089112722596
-24.139877798;-46.708652626;7.5;64410;Line 185;0;4.03089112722596
-24.139607857;-46.708628288;7.8;64380;Line 185;0;4.03089112722596
-24.139337917;-46.70860395;8.1;64350;Line 185;0;4.03089112722596
-24.139067976;-46.708579612;8.3;64320;Line 185;0;4.03089112722596
-24.138798036;-46.708555274;8.4;64290;Line 185;0;4.03089112722596
-24.138528095;-46.708530936;8.4;64260;Line 185;0;4.03089112722596
-24.138258155;-46.708506598;8.6;64230;Line 185;0;4.03089112722596
-24.137988214;-46.70848226;9.0;64200;Line 185;0;4.03089112722596
-24.137718274;-46.708457923;9.6;64170;Line 185;0;4.03089112722596
-24.137448333;-46.708433586;9.9;64140;Line 185;0;4.03089112722596
-24.137178393;-46.708409249;9.6;64110;Line 185;0;4.03089112722596
-24.136908452;-46.708384912;9.2;64080;Line 185;0;4.03089112722596
-24.136638511;-46.708360575;9.0;64050;Line 185;0;4.03089112722596
-24.136368571;-46.708336238;9.0;64020;Line 185;0;4.03089112722596
-24.13609863;-46.708311901;9.0;63990;Line 185;0;4.03089112722596
-24.13582869;-46.708287565;9.1;63960;Line 185;0;4.03089112722596
-24.135558749;-46.708263229;9.1;63930;Line 185;0;4.03089112722596
-24.135288808;-46.708238892;9.1;63900;Line 185;0;4.03089112722596
-24.135018867;-46.708214556;9.1;63870;Line 185;0;4.03089112722596
-24.134748927;-46.708190221;9.1;63840;Line 185;0;4.03089112722596
-24.134478986;-46.708165885;8.9;63810;Line 185;0;4.03089112722596
-24.134209045;-46.708141549;8.8;63780;Line 185;0;4.03089112722596
-24.133939104;-46.708117214;8.7;63750;Line 185;0;4.03089112722596
-24.133669163;-46.708092878;8.7;63720;Line 185;0;4.03089112722596
-24.133399223;-46.708068543;8.7;63690;Line 185;0;4.03089112722596
-24.133129282;-46.708044208;8.3;63660;Line 185;0;4.03089112722596
-24.132859341;-46.708019873;7.9;63630;Line 185;0;4.03089112722596
-24.1325894;-46.707995538;7.5;63600;Line 185;0;4.03089112722596
-24.132319459;-46.707971204;7.6;63570;Line 185;0;4.03089112722596
-24.132049518;-46.707946869;7.8;63540;Line 185;0;4.03089112722596
-24.131779577;-46.707922535;7.9;63510;Line 185;0;4.03089112722596
-24.131509636;-46.707898201;7.8;63480;Line 185;0;4.03089112722596
-24.131239695;-46.707873867;7.5;63450;Line 185;0;4.03089112722596
-24.130969754;-46.707849533;7.2;63420;Line 185;0;4.03089112722596
-24.130699813;-46.707825199;7.1;63390;Line 185;0;4.03089112722596
-24.130429872;-46.707800865;7.2;63360;Line 185;0;4.03089112722596
-24.130159931;-46.707776532;7.3;63330;Line 185;0;4.03089112722596
-24.12988999;-46.707752198;7.4;63300;Line 185;0;4.03089112722596
-24.129620049;-46.707727865;7.7;63270;Line 185;0;4.03089112722596
-24.129350108;-46.707703532;8.0;63240;Line 185;0;4.03089112722596
-24.129080167;-46.707679199;8.1;63210;Line 185;0;4.03089112722596
-24.128810225;-46.707654866;7.8;63180;Line 185;0;4.03089112722596
-24.128540284;-46.707630534;7.5;63150;Line 185;0;4.03089112722596
-24.128270343;-46.707606201;7.3;63120;Line 185;0;4.03089112722596
-24.128000402;-46.707581869;7.6;63090;Line 185;0;4.03089112722596
-24.127730461;-46.707557537;7.9;63060;Line 185;0;4.03089112722596
-24.127460519;-46.707533204;8.3;63030;Line 185;0;4.03089112722596
-24.127190578;-46.707508872;9.5;63000;Line 185;0;4.03089112722596
-24.126920637;-46.707484541;10.7;62970;Line 185;0;4.03089112722596
-24.126650695;-46.707460209;11.9;62940;Line 185;0;4.03089112722596
-24.126380754;-46.707435877;11.2;62910;Line 185;0;4.03089112722596
-24.126110813;-46.707411546;10.6;62880;Line 185;0;4.03089112722596
-24.125840871;-46.707387215;10.0;62850;Line 185;0;4.03089112722596
-24.12557093;-46.707362883;8.9;62820;Line 185;0;4.03089112722596
-24.125300989;-46.707338552;7.9;62790;Line 185;0;4.03089112722596
-24.125031047;-46.707314222;7.0;62760;Line 185;0;4.03089112722596
-24.124761106;-46.707289891;8.2;62730;Line 185;0;4.03089112722596
-24.124491164;-46.70726556;9.6;62700;Line 185;0;4.03089112722596
-24.124221223;-46.70724123;10.8;62670;Line 185;0;4.03089112722596
-24.123951281;-46.7072169;10.4;62640;Line 185;0;4.03089112722596
-24.12368134;-46.707192569;9.6;62610;Line 185;0;4.03089112722596
-24.123411398;-46.707168239;9.0;62580;Line 185;0;4.03089112722596
-24.123141457;-46.70714391;9.0;62550;Line 185;0;4.03089112722596
-24.122871515;-46.70711958;9.3;62520;Line 185;0;4.03089112722596
-24.122601574;-46.70709525;9.4;62490;Line 185;0;4.03089112722596
-24.122331632;-46.707070921;9.6;62460;Line 185;0;4.03089112722596
-24.12206169;-46.707046591;9.7;62430;Line 185;0;4.03089112722596
-24.121791749;-46.707022262;9.9;62400;Line 185;0;4.03089112722596
-24.121521807;-46.706997933;9.9;62370;Line 185;0;4.03089112722596
-24.121251865;-46.706973604;9.6;62340;Line 185;0;4.03089112722596
-24.120981924;-46.706949275;9.4;62310;Line 185;0;4.03089112722596
-24.120711982;-46.706924947;9.3;62280;Line 185;0;4.03089112722596
-24.12044204;-46.706900618;9.2;62250;Line 185;0;4.03089112722596
-24.120172098;-46.70687629;9.1;62220;Line 185;0;4.03089112722596
-24.119902157;-46.706851962;8.9;62190;Line 185;0;4.03089112722596
-24.119632215;-46.706827634;8.6;62160;Line 185;0;4.03089112722596
-24.119362273;-46.706803306;8.2;62130;Line 185;0;4.03089112722596
-24.119092331;-46.706778978;8.1;62100;Line 185;0;4.03089112722596
-24.118822389;-46.70675465;8.4;62070;Line 185;0;4.03089112722596
-24.118552447;-46.706730323;8.7;62040;Line 185;0;4.03089112722596
-24.118282506;-46.706705995;8.9;62010;Line 185;0;4.03089112722596
-24.118012564;-46.706681668;8.6;61980;Line 185;0;4.03089112722596
-24.117742622;-46.706657341;8.3;61950;Line 185;0;4.03089112722596
-24.11747268;-46.706633014;8.1;61920;Line 185;0;4.03089112722596
-24.117202738;-46.706608687;9.1;61890;Line 185;0;4.03089112722596
-24.116932796;-46.706584361;10.1;61860;Line 185;0;4.03089112722596
-24.116662854;-46.706560034;11.0;61830;Line 185;0;4.03089112722596
-24.116392912;-46.706535708;10.8;61800;Line 185;0;4.03089112722596
-24.11612297;-46.706511382;10.6;61770;Line 185;0;4.03089112722596
-24.115853028;-46.706487055;10.4;61740;Line 185;0;4.03089112722596
-24.115583086;-46.706462729;10.4;61710;Line 185;0;4.03089112722596
-24.115313144;-46.706438404;10.4;61680;Line 185;0;4.03089112722596
-24.115043201;-46.706414078;10.3;61650;Line 185;0;4.03089112722596
-24.114773259;-46.706389752;11.0;61620;Line 185;0;4.03089112722596
-24.114503317;-46.706365427;11.8;61590;Line 185;0;4.03089112722596
-24.114233375;-46.706341102;12.6;61560;Line 185;0;4.03089112722596
-24.113963433;-46.706316777;12.5;61530;Line 185;0;4.03089112722596
-24.113693491;-46.706292452;12.1;61500;Line 185;0;4.03089112722596
-24.113423548;-46.706268127;11.7;61470;Line 185;0;4.03089112722596
-24.113153606;-46.706243802;11.3;61440;Line 185;0;4.03089112722596
-24.112883664;-46.706219477;11.0;61410;Line 185;0;4.03089112722596
-24.112613722;-46.706195153;10.8;61380;Line 185;0;4.03089112722596
-24.112343779;-46.706170829;10.4;61350;Line 185;0;4.03089112722596
-24.112073837;-46.706146504;9.7;61320;Line 185;0;4.03089112722596
-24.111803895;-46.70612218;9.0;61290;Line 185;0;4.03089112722596
-24.111533952;-46.706097857;9.4;61260;Line 185;0;4.03089112722596
-24.11126401;-46.706073533;10.9;61230;Line 185;0;4.03089112722596
-24.110994068;-46.706049209;12.4;61200;Line 185;0;4.03089112722596
-24.110724125;-46.706024886;13.0;61170;Line 185;0;4.03089112722596
-24.110454183;-46.706000562;12.2;61140;Line 185;0;4.03089112722596
-24.11018424;-46.705976239;11.4;61110;Line 185;0;4.03089112722596
-24.109914298;-46.705951916;10.5;61080;Line 185;0;4.03089112722596
-24.109644355;-46.705927593;9.6;61050;Line 185;0;4.03089112722596
-24.109374413;-46.705903271;8.8;61020;Line 185;0;4.03089112722596
-24.10910447;-46.705878948;8.3;60990;Line 185;0;4.03089112722596
-24.108834528;-46.705854625;8.8;60960;Line 185;0;4.03089112722596
-24.108564585;-46.705830303;9.4;60930;Line 185;0;4.03089112722596
-24.108294643;-46.705805981;10.0;60900;Line 185;0;4.03089112722596
-24.1080247;-46.705781659;10.3;60870;Line 185;0;4.03089112722596
-24.107754757;-46.705757337;10.6;60840;Line 185;0;4.03089112722596
-24.107484815;-46.705733015;10.9;60810;Line 185;0;4.03089112722596
-24.107214872;-46.705708693;10.8;60780;Line 185;0;4.03089112722596
-24.106944929;-46.705684372;10.7;60750;Line 185;0;4.03089112722596
-24.106674987;-46.705660051;10.6;60720;Line 185;0;4.03089112722596
-24.106405044;-46.705635729;10.7;60690;Line 185;0;4.03089112722596
-24.106135101;-46.705611408;11.0;60660;Line 185;0;4.03089112722596
-24.105865158;-46.705587087;11.3;60630;Line 185;0;4.03089112722596
-24.105595216;-46.705562766;12.4;60600;Line 185;0;4.03089112722596
-24.105325273;-46.705538446;13.6;60570;Line 185;0;4.03089112722596
-24.10505533;-46.705514125;14.8;60540;Line 185;0;4.03089112722596
-24.104785387;-46.705489805;14.5;60510;Line 185;0;4.03089112722596
-24.104515444;-46.705465485;13.9;60480;Line 185;0;4.03089112722596
-24.104245502;-46.705441164;13.2;60450;Line 185;0;4.03089112722596
-24.103975559;-46.705416844;12.9;60420;Line 185;0;4.03089112722596
-24.103705616;-46.705392525;12.6;60390;Line 185;0;4.03089112722596
-24.103435673;-46.705368205;12.4;60360;Line 185;0;4.03089112722596
-24.10316573;-46.705343885;11.5;60330;Line 185;0;4.03089112722596
-24.102895787;-46.705319566;10.4;60300;Line 185;0;4.03089112722596
-24.102625844;-46.705295247;9.4;60270;Line 185;0;4.03089112722596
-24.102355901;-46.705270928;11.5;60240;Line 185;0;4.03089112722596
-24.102085958;-46.705246609;16.3;60210;Line 185;0;4.03089112722596
-24.101816015;-46.70522229;21.5;60180;Line 185;0;4.03089112722596
-24.101546072;-46.705197971;27.7;60150;Line 185;0;4.03089112722596
-24.101276129;-46.705173652;35.0;60120;Line 185;0;4.03089112722596
-24.101006186;-46.705149334;42.7;60090;Line 185;0;4.03089112722596
-24.100736243;-46.705125016;49.5;60060;Line 185;0;4.03089112722596
-24.1004663;-46.705100697;54.0;60030;Line 185;0;4.03089112722596
-24.100196356;-46.705076379;58.8;60000;Line 185;0;4.03089112722596
-24.099926413;-46.705052062;61.3;59970;Line 185;0;4.03089112722596
-24.09965647;-46.705027744;57.1;59940;Line 185;0;4.03089112722596
-24.099386527;-46.705003426;52.6;59910;Line 185;0;4.03089112722596
-24.099116584;-46.704979109;47.9;59880;Line 185;0;4.03089112722596
-24.09884664;-46.704954791;42.0;59850;Line 185;0;4.03089112722596
-24.098576697;-46.704930474;35.6;59820;Line 185;0;4.03089112722596
-24.098306754;-46.704906157;29.1;59790;Line 185;0;4.03089112722596
-24.098036811;-46.70488184;27.0;59760;Line 185;0;4.03089112722596
-24.097766867;-46.704857523;24.7;59730;Line 185;0;4.03089112722596
-24.097496924;-46.704833207;22.2;59700;Line 185;0;4.03089112722596
-24.097226981;-46.70480889;18.8;59670;Line 185;0;4.03089112722596
-24.096957037;-46.704784574;15.5;59640;Line 185;0;4.03089112722596
-24.096687094;-46.704760258;12.2;59610;Line 185;0;4.03089112722596
-24.09641715;-46.704735942;11.2;59580;Line 185;0;4.03089112722596
-24.096147207;-46.704711626;10.4;59550;Line 185;0;4.03089112722596
-24.095877264;-46.70468731;9.4;59520;Line 185;0;4.03089112722596
-24.09560732;-46.704662994;8.7;59490;Line 185;0;4.03089112722596
-24.095337377;-46.704638679;8.0;59460;Line 185;0;4.03089112722596
-24.095067433;-46.704614363;7.2;59430;Line 185;0;4.03089112722596
-24.09479749;-46.704590048;7.6;59400;Line 185;0;4.03089112722596
-24.094527546;-46.704565733;8.4;59370;Line 185;0;4.03089112722596
-24.094257603;-46.704541418;9.3;59340;Line 185;0;4.03089112722596
-24.093987659;-46.704517103;10.0;59310;Line 185;0;4.03089112722596
-24.093717715;-46.704492789;10.7;59280;Line 185;0;4.03089112722596
-24.093447772;-46.704468474;11.2;59250;Line 185;0;4.03089112722596
-24.093177828;-46.70444416;14.0;59220;Line 185;0;4.03089112722596
-24.092907884;-46.704419845;18.3;59190;Line 185;0;4.03089112722596
-24.092637941;-46.704395531;22.3;59160;Line 185;0;4.03089112722596
-24.092367997;-46.704371217;26.2;59130;Line 185;0;4.03089112722596
-24.092098053;-46.704346903;30.0;59100;Line 185;0;4.03089112722596
-24.09182811;-46.70432259;33.3;59070;Line 185;0;4.03089112722596
-24.091558166;-46.704298276;37.4;59040;Line 185;0;4.03089112722596
-24.091288222;-46.704273963;42.7;59010;Line 185;0;4.03089112722596
-24.091018278;-46.704249649;47.9;58980;Line 185;0;4.03089112722596
-24.090748335;-46.704225336;54.3;58950;Line 185;0;4.03089112722596
-24.090478391;-46.704201023;63.9;58920;Line 185;0;4.03089112722596
-24.090208447;-46.70417671;73.8;58890;Line 185;0;4.03089112722596
-24.089938503;-46.704152398;83.2;58860;Line 185;0;4.03089112722596
-24.089668559;-46.704128085;90.1;58830;Line 185;0;4.03089112722596
-24.089398615;-46.704103773;97.1;58800;Line 185;0;4.03089112722596
-24.089128671;-46.70407946;102.9;58770;Line 185;0;4.03089112722596
-24.088858728;-46.704055148;102.3;58740;Line 185;0;4.03089112722596
-24.088588784;-46.704030836;102.2;58710;Line 185;0;4.03089112722596
-24.08831884;-46.704006524;102.7;58680;Line 185;0;4.03089112722596
-24.088048896;-46.703982213;109.1;58650;Line 185;0;4.03089112722596
-24.087778952;-46.703957901;115.7;58620;Line 185;0;4.03089112722596
-24.087509008;-46.703933589;122.6;58590;Line 185;0;4.03089112722596
-24.087239064;-46.703909278;120.5;58560;Line 185;0;4.03089112722596
-24.086969119;-46.703884967;118.2;58530;Line 185;0;4.03089112722596
-24.086699175;-46.703860656;116.2;58500;Line 185;0;4.03089112722596
-24.086429231;-46.703836345;108.3;58470;Line 185;0;4.03089112722596
-24.086159287;-46.703812034;99.8;58440;Line 185;0;4.03089112722596
-24.085889343;-46.703787723;91.7;58410;Line 185;0;4.03089112722596
-24.085619399;-46.703763413;85.7;58380;Line 185;0;4.03089112722596
-24.085349455;-46.703739103;80.4;58350;Line 185;0;4.03089112722596
-24.085079511;-46.703714792;75.4;58320;Line 185;0;4.03089112722596
-24.084809566;-46.703690482;72.5;58290;Line 185;0;4.03089112722596
-24.084539622;-46.703666172;70.4;58260;Line 185;0;4.03089112722596
-24.084269678;-46.703641863;68.3;58230;Line 185;0;4.03089112722596
-24.083999734;-46.703617553;65.4;58200;Line 185;0;4.03089112722596
-24.083729789;-46.703593243;61.8;58170;Line 185;0;4.03089112722596
-24.083459845;-46.703568934;58.0;58140;Line 185;0;4.03089112722596
-24.083189901;-46.703544625;52.4;58110;Line 185;0;4.03089112722596
-24.082919956;-46.703520316;45.1;58080;Line 185;0;4.03089112722596
-24.082650012;-46.703496007;37.3;58050;Line 185;0;4.03089112722596
-24.082380068;-46.703471698;30.2;58020;Line 185;0;4.03089112722596
-24.082110123;-46.703447389;24.1;57990;Line 185;0;4.03089112722596
-24.081840179;-46.703423081;17.7;57960;Line 185;0;4.03089112722596
-24.081570234;-46.703398772;13.3;57930;Line 185;0;4.03089112722596
-24.08130029;-46.703374464;13.1;57900;Line 185;0;4.03089112722596
-24.081030345;-46.703350156;13.0;57870;Line 185;0;4.03089112722596
-24.080760401;-46.703325848;12.8;57840;Line 185;0;4.03089112722596
-24.080490456;-46.70330154;12.1;57810;Line 185;0;4.03089112722596
-24.080220512;-46.703277232;11.5;57780;Line 185;0;4.03089112722596
-24.079950567;-46.703252925;11.1;57750;Line 185;0;4.03089112722596
-24.079680623;-46.703228617;11.4;57720;Line 185;0;4.03089112722596
-24.079410678;-46.70320431;11.8;57690;Line 185;0;4.03089112722596
-24.079140734;-46.703180003;12.1;57660;Line 185;0;4.03089112722596
-24.078870789;-46.703155696;10.9;57630;Line 185;0;4.03089112722596
-24.078600844;-46.703131389;9.7;57600;Line 185;0;4.03089112722596
-24.0783309;-46.703107082;8.5;57570;Line 185;0;4.03089112722596
-24.078060955;-46.703082775;8.6;57540;Line 185;0;4.03089112722596
-24.07779101;-46.703058469;8.7;57510;Line 185;0;4.03089112722596
-24.077521066;-46.703034163;8.7;57480;Line 185;0;4.03089112722596
-24.077251121;-46.703009856;8.8;57450;Line 185;0;4.03089112722596
-24.076981176;-46.70298555;8.9;57420;Line 185;0;4.03089112722596
-24.076711231;-46.702961245;9.0;57390;Line 185;0;4.03089112722596
-24.076441287;-46.702936939;8.6;57360;Line 185;0;4.03089112722596
-24.076171342;-46.702912633;8.1;57330;Line 185;0;4.03089112722596
-24.075901397;-46.702888328;7.6;57300;Line 185;0;4.03089112722596
-24.075631452;-46.702864022;7.4;57270;Line 185;0;4.03089112722596
-24.075361507;-46.702839717;7.4;57240;Line 185;0;4.03089112722596
-24.075091562;-46.702815412;7.4;57210;Line 185;0;4.03089112722596
-24.074821618;-46.702791107;7.3;57180;Line 185;0;4.03089112722596
-24.074551673;-46.702766802;7.3;57150;Line 185;0;4.03089112722596
-24.074281728;-46.702742498;7.4;57120;Line 185;0;4.03089112722596
-24.074011783;-46.702718193;7.5;57090;Line 185;0;4.03089112722596
-24.073741838;-46.702693889;7.7;57060;Line 185;0;4.03089112722596
-24.073471893;-46.702669584;7.8;57030;Line 185;0;4.03089112722596
-24.073201948;-46.70264528;8.1;57000;Line 185;0;4.03089112722596
-24.072932003;-46.702620976;8.6;56970;Line 185;0;4.03089112722596
-24.072662058;-46.702596673;9.1;56940;Line 185;0;4.03089112722596
-24.072392113;-46.702572369;9.5;56910;Line 185;0;4.03089112722596
-24.072122168;-46.702548065;10.1;56880;Line 185;0;4.03089112722596
-24.071852222;-46.702523762;10.6;56850;Line 185;0;4.03089112722596
-24.071582277;-46.702499459;11.1;56820;Line 185;0;4.03089112722596
-24.071312332;-46.702475156;11.4;56790;Line 185;0;4.03089112722596
-24.071042387;-46.702450853;11.6;56760;Line 185;0;4.03089112722596
-24.070772442;-46.70242655;11.9;56730;Line 185;0;4.03089112722596
-24.070502497;-46.702402247;12.2;56700;Line 185;0;4.03089112722596
-24.070232551;-46.702377944;12.5;56670;Line 185;0;4.03089112722596
-24.069962606;-46.702353642;12.8;56640;Line 185;0;4.03089112722596
-24.069692661;-46.70232934;12.3;56610;Line 185;0;4.03089112722596
-24.069422716;-46.702305038;11.9;56580;Line 185;0;4.03089112722596
-24.06915277;-46.702280736;11.5;56550;Line 185;0;4.03089112722596
-24.068882825;-46.702256434;11.7;56520;Line 185;0;4.03089112722596
-24.06861288;-46.702232132;11.9;56490;Line 185;0;4.03089112722596
-24.068342934;-46.70220783;12.0;56460;Line 185;0;4.03089112722596
-24.068072989;-46.702183529;12.5;56430;Line 185;0;4.03089112722596
-24.067803044;-46.702159228;12.8;56400;Line 185;0;4.03089112722596
-24.067533098;-46.702134926;13.1;56370;Line 185;0;4.03089112722596
-24.067263153;-46.702110625;12.3;56340;Line 185;0;4.03089112722596
-24.066993207;-46.702086325;11.5;56310;Line 185;0;4.03089112722596
-24.066723262;-46.702062024;10.6;56280;Line 185;0;4.03089112722596
-24.066453316;-46.702037723;10.4;56250;Line 185;0;4.03089112722596
-24.066183371;-46.702013423;10.3;56220;Line 185;0;4.03089112722596
-24.065913425;-46.701989122;10.2;56190;Line 185;0;4.03089112722596
-24.06564348;-46.701964822;10.4;56160;Line 185;0;4.03089112722596
-24.065373534;-46.701940522;10.7;56130;Line 185;0;4.03089112722596
-24.065103589;-46.701916222;11.1;56100;Line 185;0;4.03089112722596
-24.064833643;-46.701891922;11.4;56070;Line 185;0;4.03089112722596
-24.064563698;-46.701867623;11.5;56040;Line 185;0;4.03089112722596
-24.064293752;-46.701843323;11.7;56010;Line 185;0;4.03089112722596
-24.064023806;-46.701819024;11.8;55980;Line 185;0;4.03089112722596
-24.063753861;-46.701794725;11.8;55950;Line 185;0;4.03089112722596
-24.063483915;-46.701770426;11.9;55920;Line 185;0;4.03089112722596
-24.063213969;-46.701746127;12.0;55890;Line 185;0;4.03089112722596
-24.062944023;-46.701721828;12.4;55860;Line 185;0;4.03089112722596
-24.062674078;-46.701697529;12.7;55830;Line 185;0;4.03089112722596
-24.062404132;-46.701673231;13.0;55800;Line 185;0;4.03089112722596
-24.062134186;-46.701648932;13.0;55770;Line 185;0;4.03089112722596
-24.06186424;-46.701624634;13.0;55740;Line 185;0;4.03089112722596
-24.061594295;-46.701600336;13.3;55710;Line 185;0;4.03089112722596
-24.061324349;-46.701576038;14.6;55680;Line 185;0;4.03089112722596
-24.061054403;-46.70155174;15.7;55650;Line 185;0;4.03089112722596
-24.060784457;-46.701527442;16.8;55620;Line 185;0;4.03089112722596
-24.060514511;-46.701503145;17.5;55590;Line 185;0;4.03089112722596
-24.060244565;-46.701478847;18.3;55560;Line 185;0;4.03089112722596
-24.059974619;-46.70145455;19.2;55530;Line 185;0;4.03089112722596
-24.059704673;-46.701430253;21.3;55500;Line 185;0;4.03089112722596
-24.059434727;-46.701405956;23.4;55470;Line 185;0;4.03089112722596
-24.059164781;-46.701381659;25.3;55440;Line 185;0;4.03089112722596
-24.058894835;-46.701357362;33.0;55410;Line 185;0;4.03089112722596
-24.058624889;-46.701333066;40.7;55380;Line 185;0;4.03089112722596
-24.058354943;-46.701308769;48.5;55350;Line 185;0;4.03089112722596
-24.058084997;-46.701284473;52.3;55320;Line 185;0;4.03089112722596
-24.057815051;-46.701260177;55.6;55290;Line 185;0;4.03089112722596
-24.057545105;-46.701235881;58.8;55260;Line 185;0;4.03089112722596
-24.057275159;-46.701211585;57.8;55230;Line 185;0;4.03089112722596
-24.057005213;-46.701187289;56.0;55200;Line 185;0;4.03089112722596
-24.056735267;-46.701162993;54.4;55170;Line 185;0;4.03089112722596
-24.056465321;-46.701138698;56.9;55140;Line 185;0;4.03089112722596
-24.056195374;-46.701114403;60.9;55110;Line 185;0;4.03089112722596
-24.055925428;-46.701090107;64.8;55080;Line 185;0;4.03089112722596
-24.055655482;-46.701065812;70.3;55050;Line 185;0;4.03089112722596
-24.055385536;-46.701041517;76.8;55020;Line 185;0;4.03089112722596
-24.055115589;-46.701017223;83.4;54990;Line 185;0;4.03089112722596
-24.054845643;-46.700992928;92.1;54960;Line 185;0;4.03089112722596
-24.054575697;-46.700968634;102.4;54930;Line 185;0;4.03089112722596
-24.054305751;-46.700944339;112.8;54900;Line 185;0;4.03089112722596
-24.054035804;-46.700920045;123.7;54870;Line 185;0;4.03089112722596
-24.053765858;-46.700895751;134.8;54840;Line 185;0;4.03089112722596
-24.053495912;-46.700871457;146.0;54810;Line 185;0;4.03089112722596
-24.053225965;-46.700847163;155.6;54780;Line 185;0;4.03089112722596
-24.052956019;-46.700822869;162.4;54750;Line 185;0;4.03089112722596
-24.052686072;-46.700798576;169.0;54720;Line 185;0;4.03089112722596
-24.052416126;-46.700774282;176.2;54690;Line 185;0;4.03089112722596
-24.052146179;-46.700749989;184.9;54660;Line 185;0;4.03089112722596
-24.051876233;-46.700725696;193.4;54630;Line 185;0;4.03089112722596
-24.051606286;-46.700701403;203.0;54600;Line 185;0;4.03089112722596
-24.05133634;-46.70067711;216.2;54570;Line 185;0;4.03089112722596
-24.051066393;-46.700652818;229.4;54540;Line 185;0;4.03089112722596
-24.050796447;-46.700628525;243.3;54510;Line 185;0;4.03089112722596
-24.0505265;-46.700604233;261.3;54480;Line 185;0;4.03089112722596
-24.050256554;-46.70057994;279.2;54450;Line 185;0;4.03089112722596
-24.049986607;-46.700555648;297.2;54420;Line 185;0;4.03089112722596
-24.04971666;-46.700531356;319.9;54390;Line 185;0;4.03089112722596
-24.049446714;-46.700507064;342.6;54360;Line 185;0;4.03089112722596
-24.049176767;-46.700482773;365.3;54330;Line 185;0;4.03089112722596
-24.04890682;-46.700458481;386.6;54300;Line 185;0;4.03089112722596
-24.048636874;-46.70043419;407.9;54270;Line 185;0;4.03089112722596
-24.048366927;-46.700409898;429.1;54240;Line 185;0;4.03089112722596
-24.04809698;-46.700385607;446.8;54210;Line 185;0;4.03089112722596
-24.047827033;-46.700361316;463.8;54180;Line 185;0;4.03089112722596
-24.047557087;-46.700337025;480.8;54150;Line 185;0;4.03089112722596
-24.04728714;-46.700312734;489.0;54120;Line 185;0;4.03089112722596
-24.047017193;-46.700288444;494.7;54090;Line 185;0;4.03089112722596
-24.046747246;-46.700264153;500.4;54060;Line 185;0;4.03089112722596
-24.046477299;-46.700239863;503.4;54030;Line 185;0;4.03089112722596
-24.046207352;-46.700215573;505.3;54000;Line 185;0;4.03089112722596
-24.045937406;-46.700191283;507.1;53970;Line 185;0;4.03089112722596
-24.045667459;-46.700166993;512.7;53940;Line 185;0;4.03089112722596
-24.045397512;-46.700142703;520.6;53910;Line 185;0;4.03089112722596
-24.045127565;-46.700118413;528.7;53880;Line 185;0;4.03089112722596
-24.044857618;-46.700094124;534.7;53850;Line 185;0;4.03089112722596
-24.044587671;-46.700069835;538.8;53820;Line 185;0;4.03089112722596
-24.044317724;-46.700045545;543.1;53790;Line 185;0;4.03089112722596
-24.044047777;-46.700021256;544.5;53760;Line 185;0;4.03089112722596
-24.04377783;-46.699996967;542.1;53730;Line 185;0;4.03089112722596
-24.043507883;-46.699972679;539.7;53700;Line 185;0;4.03089112722596
-24.043237936;-46.69994839;535.5;53670;Line 185;0;4.03089112722596
-24.042967988;-46.699924101;528.1;53640;Line 185;0;4.03089112722596
-24.042698041;-46.699899813;521.0;53610;Line 185;0;4.03089112722596
-24.042428094;-46.699875525;514.0;53580;Line 185;0;4.03089112722596
-24.042158147;-46.699851237;506.5;53550;Line 185;0;4.03089112722596
-24.0418882;-46.699826949;499.0;53520;Line 185;0;4.03089112722596
-24.041618253;-46.699802661;490.7;53490;Line 185;0;4.03089112722596
-24.041348305;-46.699778373;479.3;53460;Line 185;0;4.03089112722596
-24.041078358;-46.699754086;468.2;53430;Line 185;0;4.03089112722596
-24.040808411;-46.699729798;457.5;53400;Line 185;0;4.03089112722596
-24.040538464;-46.699705511;449.4;53370;Line 185;0;4.03089112722596
-24.040268516;-46.699681224;441.6;53340;Line 185;0;4.03089112722596
-24.039998569;-46.699656937;434.0;53310;Line 185;0;4.03089112722596
-24.039728622;-46.69963265;429.6;53280;Line 185;0;4.03089112722596
-24.039458674;-46.699608363;425.2;53250;Line 185;0;4.03089112722596
-24.039188727;-46.699584077;420.9;53220;Line 185;0;4.03089112722596
-24.03891878;-46.69955979;416.6;53190;Line 185;0;4.03089112722596
-24.038648832;-46.699535504;412.5;53160;Line 185;0;4.03089112722596
-24.038378885;-46.699511218;408.7;53130;Line 185;0;4.03089112722596
-24.038108937;-46.699486932;402.9;53100;Line 185;0;4.03089112722596
-24.03783899;-46.699462646;396.8;53070;Line 185;0;4.03089112722596
-24.037569043;-46.69943836;390.8;53040;Line 185;0;4.03089112722596
-24.037299095;-46.699414074;383.6;53010;Line 185;0;4.03089112722596
-24.037029148;-46.699389789;375.9;52980;Line 185;0;4.03089112722596
-24.0367592;-46.699365504;368.1;52950;Line 185;0;4.03089112722596
-24.036489252;-46.699341218;356.4;52920;Line 185;0;4.03089112722596
-24.036219305;-46.699316933;342.4;52890;Line 185;0;4.03089112722596
-24.035949357;-46.699292648;328.2;52860;Line 185;0;4.03089112722596
-24.03567941;-46.699268364;315.1;52830;Line 185;0;4.03089112722596
-24.035409462;-46.699244079;302.9;52800;Line 185;0;4.03089112722596
-24.035139514;-46.699219794;290.7;52770;Line 185;0;4.03089112722596
-24.034869567;-46.69919551;280.3;52740;Line 185;0;4.03089112722596
-24.034599619;-46.699171226;271.9;52710;Line 185;0;4.03089112722596
-24.034329671;-46.699146942;263.4;52680;Line 185;0;4.03089112722596
-24.034059724;-46.699122658;255.4;52650;Line 185;0;4.03089112722596
-24.033789776;-46.699098374;248.5;52620;Line 185;0;4.03089112722596
-24.033519828;-46.69907409;241.7;52590;Line 185;0;4.03089112722596
-24.03324988;-46.699049807;235.0;52560;Line 185;0;4.03089112722596
-24.032979933;-46.699025523;228.7;52530;Line 185;0;4.03089112722596
-24.032709985;-46.69900124;222.3;52500;Line 185;0;4.03089112722596
-24.032440037;-46.698976957;216.1;52470;Line 185;0;4.03089112722596
-24.032170089;-46.698952674;210.4;52440;Line 185;0;4.03089112722596
-24.031900141;-46.698928391;204.7;52410;Line 185;0;4.03089112722596
-24.031630193;-46.698904109;199.0;52380;Line 185;0;4.03089112722596
-24.031360245;-46.698879826;193.5;52350;Line 185;0;4.03089112722596
-24.031090298;-46.698855544;188.1;52320;Line 185;0;4.03089112722596
-24.03082035;-46.698831261;182.8;52290;Line 185;0;4.03089112722596
-24.030550402;-46.698806979;177.4;52260;Line 185;0;4.03089112722596
-24.030280454;-46.698782697;171.8;52230;Line 185;0;4.03089112722596
-24.030010506;-46.698758415;166.0;52200;Line 185;0;4.03089112722596
-24.029740558;-46.698734134;167.0;52170;Line 185;0;4.03089112722596
-24.02947061;-46.698709852;168.4;52140;Line 185;0;4.03089112722596
-24.029200662;-46.69868557;169.9;52110;Line 185;0;4.03089112722596
-24.028930714;-46.698661289;169.4;52080;Line 185;0;4.03089112722596
-24.028660765;-46.698637008;168.4;52050;Line 185;0;4.03089112722596
-24.028390817;-46.698612727;167.0;52020;Line 185;0;4.03089112722596
-24.028120869;-46.698588446;166.4;51990;Line 185;0;4.03089112722596
-24.027850921;-46.698564165;166.0;51960;Line 185;0;4.03089112722596
-24.027580973;-46.698539885;165.5;51930;Line 185;0;4.03089112722596
-24.027311025;-46.698515604;163.9;51900;Line 185;0;4.03089112722596
-24.027041077;-46.698491324;162.0;51870;Line 185;0;4.03089112722596
-24.026771128;-46.698467044;160.1;51840;Line 185;0;4.03089112722596
-24.02650118;-46.698442764;155.5;51810;Line 185;0;4.03089112722596
-24.026231232;-46.698418484;149.4;51780;Line 185;0;4.03089112722596
-24.025961284;-46.698394204;143.4;51750;Line 185;0;4.03089112722596
-24.025691335;-46.698369924;135.2;51720;Line 185;0;4.03089112722596
-24.025421387;-46.698345645;124.5;51690;Line 185;0;4.03089112722596
-24.025151439;-46.698321365;113.3;51660;Line 185;0;4.03089112722596
-24.02488149;-46.698297086;101.5;51630;Line 185;0;4.03089112722596
-24.024611542;-46.698272807;89.2;51600;Line 185;0;4.03089112722596
-24.024341593;-46.698248528;77.1;51570;Line 185;0;4.03089112722596
-24.024071645;-46.698224249;66.0;51540;Line 185;0;4.03089112722596
-24.023801697;-46.698199971;56.6;51510;Line 185;0;4.03089112722596
-24.023531748;-46.698175692;47.1;51480;Line 185;0;4.03089112722596
-24.0232618;-46.698151414;39.3;51450;Line 185;0;4.03089112722596
-24.022991851;-46.698127135;35.4;51420;Line 185;0;4.03089112722596
-24.022721903;-46.698102857;31.4;51390;Line 185;0;4.03089112722596
-24.022451954;-46.698078579;27.8;51360;Line 185;0;4.03089112722596
-24.022182006;-46.698054302;26.5;51330;Line 185;0;4.03089112722596
-24.021912057;-46.698030024;25.2;51300;Line 185;0;4.03089112722596
-24.021642109;-46.698005746;24.0;51270;Line 185;0;4.03089112722596
-24.02137216;-46.697981469;23.7;51240;Line 185;0;4.03089112722596
-24.021102211;-46.697957192;23.6;51210;Line 185;0;4.03089112722596
-24.020832263;-46.697932914;23.4;51180;Line 185;0;4.03089112722596
-24.020562314;-46.697908637;24.0;51150;Line 185;0;4.03089112722596
-24.020292365;-46.697884361;24.5;51120;Line 185;0;4.03089112722596
-24.020022417;-46.697860084;25.0;51090;Line 185;0;4.03089112722596
-24.019752468;-46.697835807;25.6;51060;Line 185;0;4.03089112722596
-24.019482519;-46.697811531;26.2;51030;Line 185;0;4.03089112722596
-24.019212571;-46.697787254;26.9;51000;Line 185;0;4.03089112722596
-24.018942622;-46.697762978;27.9;50970;Line 185;0;4.03089112722596
-24.018672673;-46.697738702;29.0;50940;Line 185;0;4.03089112722596
-24.018402724;-46.697714426;30.2;50910;Line 185;0;4.03089112722596
-24.018132775;-46.697690151;30.2;50880;Line 185;0;4.03089112722596
-24.017862827;-46.697665875;29.7;50850;Line 185;0;4.03089112722596
-24.017592878;-46.697641599;29.2;50820;Line 185;0;4.03089112722596
-24.017322929;-46.697617324;29.9;50790;Line 185;0;4.03089112722596
-24.01705298;-46.697593049;31.3;50760;Line 185;0;4.03089112722596
-24.016783031;-46.697568774;32.6;50730;Line 185;0;4.03089112722596
-24.016513082;-46.697544499;33.6;50700;Line 185;0;4.03089112722596
-24.016243133;-46.697520224;34.6;50670;Line 185;0;4.03089112722596
-24.015973184;-46.697495949;35.5;50640;Line 185;0;4.03089112722596
-24.015703235;-46.697471675;36.2;50610;Line 185;0;4.03089112722596
-24.015433286;-46.697447401;36.5;50580;Line 185;0;4.03089112722596
-24.015163337;-46.697423126;36.8;50550;Line 185;0;4.03089112722596
-24.014893388;-46.697398852;38.2;50520;Line 185;0;4.03089112722596
-24.014623439;-46.697374578;41.4;50490;Line 185;0;4.03089112722596
-24.01435349;-46.697350304;44.7;50460;Line 185;0;4.03089112722596
-24.014083541;-46.697326031;47.6;50430;Line 185;0;4.03089112722596
-24.013813592;-46.697301757;49.7;50400;Line 185;0;4.03089112722596
-24.013543643;-46.697277484;52.0;50370;Line 185;0;4.03089112722596
-24.013273694;-46.697253211;53.9;50340;Line 185;0;4.03089112722596
-24.013003744;-46.697228937;53.8;50310;Line 185;0;4.03089112722596
-24.012733795;-46.697204664;53.5;50280;Line 185;0;4.03089112722596
-24.012463846;-46.697180392;53.6;50250;Line 185;0;4.03089112722596
-24.012193897;-46.697156119;56.2;50220;Line 185;0;4.03089112722596
-24.011923948;-46.697131846;58.4;50190;Line 185;0;4.03089112722596
-24.011653998;-46.697107574;60.3;50160;Line 185;0;4.03089112722596
-24.011384049;-46.697083302;61.9;50130;Line 185;0;4.03089112722596
-24.0111141;-46.697059029;63.6;50100;Line 185;0;4.03089112722596
-24.01084415;-46.697034757;65.5;50070;Line 185;0;4.03089112722596
-24.010574201;-46.697010486;68.4;50040;Line 185;0;4.03089112722596
-24.010304252;-46.696986214;71.6;50010;Line 185;0;4.03089112722596
-24.010034302;-46.696961942;75.0;49980;Line 185;0;4.03089112722596
-24.009764353;-46.696937671;86.4;49950;Line 185;0;4.03089112722596
-24.009494404;-46.696913399;99.5;49920;Line 185;0;4.03089112722596
-24.009224454;-46.696889128;113.1;49890;Line 185;0;4.03089112722596
-24.008954505;-46.696864857;120.9;49860;Line 185;0;4.03089112722596
-24.008684555;-46.696840586;127.0;49830;Line 185;0;4.03089112722596
-24.008414606;-46.696816315;132.8;49800;Line 185;0;4.03089112722596
-24.008144656;-46.696792045;136.9;49770;Line 185;0;4.03089112722596
-24.007874707;-46.696767774;140.3;49740;Line 185;0;4.03089112722596
-24.007604757;-46.696743504;143.6;49710;Line 185;0;4.03089112722596
-24.007334808;-46.696719234;148.4;49680;Line 185;0;4.03089112722596
-24.007064858;-46.696694964;154.2;49650;Line 185;0;4.03089112722596
-24.006794908;-46.696670694;159.6;49620;Line 185;0;4.03089112722596
-24.006524959;-46.696646424;168.0;49590;Line 185;0;4.03089112722596
-24.006255009;-46.696622154;179.4;49560;Line 185;0;4.03089112722596
-24.00598506;-46.696597885;190.7;49530;Line 185;0;4.03089112722596
-24.00571511;-46.696573615;202.7;49500;Line 185;0;4.03089112722596
-24.00544516;-46.696549346;215.3;49470;Line 185;0;4.03089112722596
-24.00517521;-46.696525077;227.9;49440;Line 185;0;4.03089112722596
-24.004905261;-46.696500808;240.5;49410;Line 185;0;4.03089112722596
-24.004635311;-46.696476539;253.5;49380;Line 185;0;4.03089112722596
-24.004365361;-46.696452271;266.3;49350;Line 185;0;4.03089112722596
-24.004095411;-46.696428002;280.1;49320;Line 185;0;4.03089112722596
-24.003825462;-46.696403734;296.7;49290;Line 185;0;4.03089112722596
-24.003555512;-46.696379465;313.3;49260;Line 185;0;4.03089112722596
-24.003285562;-46.696355197;329.5;49230;Line 185;0;4.03089112722596
-24.003015612;-46.696330929;344.9;49200;Line 185;0;4.03089112722596
-24.002745662;-46.696306661;359.8;49170;Line 185;0;4.03089112722596
-24.002475712;-46.696282394;373.9;49140;Line 185;0;4.03089112722596
-24.002205762;-46.696258126;382.9;49110;Line 185;0;4.03089112722596
-24.001935813;-46.696233859;391.8;49080;Line 185;0;4.03089112722596
-24.001665863;-46.696209591;400.6;49050;Line 185;0;4.03089112722596
-24.001395913;-46.696185324;404.1;49020;Line 185;0;4.03089112722596
-24.001125963;-46.696161057;407.6;48990;Line 185;0;4.03089112722596
-24.000856013;-46.69613679;411.0;48960;Line 185;0;4.03089112722596
-24.000586063;-46.696112523;414.6;48930;Line 185;0;4.03089112722596
-24.000316113;-46.696088257;418.4;48900;Line 185;0;4.03089112722596
-24.000046162;-46.69606399;422.2;48870;Line 185;0;4.03089112722596
-23.999776212;-46.696039724;427.2;48840;Line 185;0;4.03089112722596
-23.999506262;-46.696015458;432.4;48810;Line 185;0;4.03089112722596
-23.999236312;-46.695991192;437.5;48780;Line 185;0;4.03089112722596
-23.998966362;-46.695966926;445.1;48750;Line 185;0;4.03089112722596
-23.998696412;-46.69594266;453.7;48720;Line 185;0;4.03089112722596
-23.998426462;-46.695918394;462.4;48690;Line 185;0;4.03089112722596
-23.998156512;-46.695894129;471.6;48660;Line 185;0;4.03089112722596
-23.997886561;-46.695869863;480.9;48630;Line 185;0;4.03089112722596
-23.997616611;-46.695845598;490.1;48600;Line 185;0;4.03089112722596
-23.997346661;-46.695821333;497.1;48570;Line 185;0;4.03089112722596
-23.997076711;-46.695797068;502.3;48540;Line 185;0;4.03089112722596
-23.99680676;-46.695772803;507.3;48510;Line 185;0;4.03089112722596
-23.99653681;-46.695748539;512.1;48480;Line 185;0;4.03089112722596
-23.99626686;-46.695724274;516.8;48450;Line 185;0;4.03089112722596
-23.995996909;-46.69570001;521.6;48420;Line 185;0;4.03089112722596
-23.995726959;-46.695675746;524.8;48390;Line 185;0;4.03089112722596
-23.995457009;-46.695651481;526.0;48360;Line 185;0;4.03089112722596
-23.995187058;-46.695627217;527.7;48330;Line 185;0;4.03089112722596
-23.994917108;-46.695602954;532.4;48300;Line 185;0;4.03089112722596
-23.994647157;-46.69557869;542.9;48270;Line 185;0;4.03089112722596
-23.994377207;-46.695554426;553.3;48240;Line 185;0;4.03089112722596
-23.994107256;-46.695530163;563.6;48210;Line 185;0;4.03089112722596
-23.993837306;-46.6955059;574.1;48180;Line 185;0;4.03089112722596
-23.993567355;-46.695481636;584.9;48150;Line 185;0;4.03089112722596
-23.993297405;-46.695457373;596.1;48120;Line 185;0;4.03089112722596
-23.993027454;-46.695433111;609.4;48090;Line 185;0;4.03089112722596
-23.992757504;-46.695408848;622.8;48060;Line 185;0;4.03089112722596
-23.992487553;-46.695384585;636.5;48030;Line 185;0;4.03089112722596
-23.992217603;-46.695360323;653.2;48000;Line 185;0;4.03089112722596
-23.991947652;-46.69533606;669.8;47970;Line 185;0;4.03089112722596
-23.991677701;-46.695311798;686.2;47940;Line 185;0;4.03089112722596
-23.991407751;-46.695287536;700.1;47910;Line 185;0;4.03089112722596
-23.9911378;-46.695263274;713.8;47880;Line 185;0;4.03089112722596
-23.990867849;-46.695239012;727.4;47850;Line 185;0;4.03089112722596
-23.990597899;-46.695214751;736.8;47820;Line 185;0;4.03089112722596
-23.990327948;-46.695190489;745.6;47790;Line 185;0;4.03089112722596
-23.990057997;-46.695166228;754.2;47760;Line 185;0;4.03089112722596
-23.989788046;-46.695141967;761.2;47730;Line 185;0;4.03089112722596
-23.989518096;-46.695117706;767.8;47700;Line 185;0;4.03089112722596
-23.989248145;-46.695093445;774.5;47670;Line 185;0;4.03089112722596
-23.988978194;-46.695069184;780.1;47640;Line 185;0;4.03089112722596
-23.988708243;-46.695044923;785.4;47610;Line 185;0;4.03089112722596
-23.988438292;-46.695020663;790.9;47580;Line 185;0;4.03089112722596
-23.988168341;-46.694996402;794.7;47550;Line 185;0;4.03089112722596
-23.98789839;-46.694972142;797.3;47520;Line 185;0;4.03089112722596
-23.987628439;-46.694947882;800.2;47490;Line 185;0;4.03089112722596
-23.987358489;-46.694923622;802.2;47460;Line 185;0;4.03089112722596
-23.987088538;-46.694899362;803.4;47430;Line 185;0;4.03089112722596
-23.986818587;-46.694875103;804.8;47400;Line 185;0;4.03089112722596
-23.986548636;-46.694850843;804.4;47370;Line 185;0;4.03089112722596
-23.986278685;-46.694826584;801.6;47340;Line 185;0;4.03089112722596
-23.986008734;-46.694802324;798.8;47310;Line 185;0;4.03089112722596
-23.985738783;-46.694778065;795.3;47280;Line 185;0;4.03089112722596
-23.985468831;-46.694753806;790.5;47250;Line 185;0;4.03089112722596
-23.98519888;-46.694729547;785.6;47220;Line 185;0;4.03089112722596
-23.984928929;-46.694705289;781.4;47190;Line 185;0;4.03089112722596
-23.984658978;-46.69468103;778.9;47160;Line 185;0;4.03089112722596
-23.984389027;-46.694656772;776.5;47130;Line 185;0;4.03089112722596
-23.984119076;-46.694632513;774.7;47100;Line 185;0;4.03089112722596
-23.983849125;-46.694608255;775.2;47070;Line 185;0;4.03089112722596
-23.983579173;-46.694583997;775.7;47040;Line 185;0;4.03089112722596
-23.983309222;-46.694559739;776.2;47010;Line 185;0;4.03089112722596
-23.983039271;-46.694535481;776.2;46980;Line 185;0;4.03089112722596
-23.98276932;-46.694511224;776.1;46950;Line 185;0;4.03089112722596
-23.982499369;-46.694486966;775.8;46920;Line 185;0;4.03089112722596
-23.982229417;-46.694462709;774.7;46890;Line 185;0;4.03089112722596
-23.981959466;-46.694438452;773.7;46860;Line 185;0;4.03089112722596
-23.981689515;-46.694414195;772.8;46830;Line 185;0;4.03089112722596
-23.981419563;-46.694389938;771.2;46800;Line 185;0;4.03089112722596
-23.981149612;-46.694365681;769.5;46770;Line 185;0;4.03089112722596
-23.980879661;-46.694341424;767.7;46740;Line 185;0;4.03089112722596
-23.980609709;-46.694317168;769.7;46710;Line 185;0;4.03089112722596
-23.980339758;-46.694292911;772.5;46680;Line 185;0;4.03089112722596
-23.980069806;-46.694268655;775.4;46650;Line 185;0;4.03089112722596
-23.979799855;-46.694244399;775.9;46620;Line 185;0;4.03089112722596
-23.979529903;-46.694220143;775.5;46590;Line 185;0;4.03089112722596
-23.979259952;-46.694195887;775.1;46560;Line 185;0;4.03089112722596
-23.97899;-46.694171632;778.2;46530;Line 185;0;4.03089112722596
-23.978720049;-46.694147376;783.0;46500;Line 185;0;4.03089112722596
-23.978450097;-46.694123121;787.8;46470;Line 185;0;4.03089112722596
-23.978180146;-46.694098865;791.1;46440;Line 185;0;4.03089112722596
-23.977910194;-46.69407461;793.1;46410;Line 185;0;4.03089112722596
-23.977640242;-46.694050355;795.0;46380;Line 185;0;4.03089112722596
-23.977370291;-46.694026101;795.1;46350;Line 185;0;4.03089112722596
-23.977100339;-46.694001846;793.5;46320;Line 185;0;4.03089112722596
-23.976830388;-46.693977591;792.0;46290;Line 185;0;4.03089112722596
-23.976560436;-46.693953337;788.4;46260;Line 185;0;4.03089112722596
-23.976290484;-46.693929082;781.8;46230;Line 185;0;4.03089112722596
-23.976020532;-46.693904828;775.2;46200;Line 185;0;4.03089112722596
-23.975750581;-46.693880574;769.3;46170;Line 185;0;4.03089112722596
-23.975480629;-46.69385632;765.0;46140;Line 185;0;4.03089112722596
-23.975210677;-46.693832067;760.9;46110;Line 185;0;4.03089112722596
-23.974940725;-46.693807813;758.2;46080;Line 185;0;4.03089112722596
-23.974670774;-46.69378356;760.5;46050;Line 185;0;4.03089112722596
-23.974400822;-46.693759306;762.6;46020;Line 185;0;4.03089112722596
-23.97413087;-46.693735053;765.1;45990;Line 185;0;4.03089112722596
-23.973860918;-46.6937108;770.9;45960;Line 185;0;4.03089112722596
-23.973590966;-46.693686547;776.6;45930;Line 185;0;4.03089112722596
-23.973321014;-46.693662294;781.9;45900;Line 185;0;4.03089112722596
-23.973051062;-46.693638042;780.9;45870;Line 185;0;4.03089112722596
-23.97278111;-46.693613789;779.9;45840;Line 185;0;4.03089112722596
-23.972511158;-46.693589537;779.1;45810;Line 185;0;4.03089112722596
-23.972241206;-46.693565285;778.4;45780;Line 185;0;4.03089112722596
-23.971971254;-46.693541033;777.7;45750;Line 185;0;4.03089112722596
-23.971701302;-46.693516781;777.1;45720;Line 185;0;4.03089112722596
-23.97143135;-46.693492529;779.5;45690;Line 185;0;4.03089112722596
-23.971161398;-46.693468277;782.5;45660;Line 185;0;4.03089112722596
-23.970891446;-46.693444026;785.7;45630;Line 185;0;4.03089112722596
-23.970621494;-46.693419774;785.7;45600;Line 185;0;4.03089112722596
-23.970351542;-46.693395523;784.8;45570;Line 185;0;4.03089112722596
-23.97008159;-46.693371272;784.0;45540;Line 185;0;4.03089112722596
-23.969811638;-46.693347021;782.3;45510;Line 185;0;4.03089112722596
-23.969541686;-46.69332277;780.0;45480;Line 185;0;4.03089112722596
-23.969271733;-46.693298519;777.5;45450;Line 185;0;4.03089112722596
-23.969001781;-46.693274269;774.5;45420;Line 185;0;4.03089112722596
-23.968731829;-46.693250018;771.5;45390;Line 185;0;4.03089112722596
-23.968461877;-46.693225768;768.9;45360;Line 185;0;4.03089112722596
-23.968191925;-46.693201518;769.4;45330;Line 185;0;4.03089112722596
-23.967921972;-46.693177268;772.3;45300;Line 185;0;4.03089112722596
-23.96765202;-46.693153018;774.9;45270;Line 185;0;4.03089112722596
-23.967382068;-46.693128768;775.1;45240;Line 185;0;4.03089112722596
-23.967112115;-46.693104519;772.7;45210;Line 185;0;4.03089112722596
-23.966842163;-46.693080269;770.4;45180;Line 185;0;4.03089112722596
-23.966572211;-46.69305602;767.8;45150;Line 185;0;4.03089112722596
-23.966302258;-46.693031771;764.8;45120;Line 185;0;4.03089112722596
-23.966032306;-46.693007522;761.8;45090;Line 185;0;4.03089112722596
-23.965762353;-46.692983273;759.6;45060;Line 185;0;4.03089112722596
-23.965492401;-46.692959024;759.0;45030;Line 185;0;4.03089112722596
-23.965222449;-46.692934775;758.5;45000;Line 185;0;4.03089112722596
-23.964952496;-46.692910527;757.6;44970;Line 185;0;4.03089112722596
-23.964682544;-46.692886279;755.0;44940;Line 185;0;4.03089112722596
-23.964412591;-46.69286203;752.2;44910;Line 185;0;4.03089112722596
-23.964142638;-46.692837782;749.5;44880;Line 185;0;4.03089112722596
-23.963872686;-46.692813534;748.6;44850;Line 185;0;4.03089112722596
-23.963602733;-46.692789286;747.5;44820;Line 185;0;4.03089112722596
-23.963332781;-46.692765039;746.3;44790;Line 185;0;4.03089112722596
-23.963062828;-46.692740791;748.4;44760;Line 185;0;4.03089112722596
-23.962792876;-46.692716544;750.6;44730;Line 185;0;4.03089112722596
-23.962522923;-46.692692297;752.9;44700;Line 185;0;4.03089112722596
-23.96225297;-46.69266805;753.4;44670;Line 185;0;4.03089112722596
-23.961983018;-46.692643803;753.5;44640;Line 185;0;4.03089112722596
-23.961713065;-46.692619556;753.6;44610;Line 185;0;4.03089112722596
-23.961443112;-46.692595309;751.7;44580;Line 185;0;4.03089112722596
-23.961173159;-46.692571063;749.4;44550;Line 185;0;4.03089112722596
-23.960903207;-46.692546816;747.0;44520;Line 185;0;4.03089112722596
-23.960633254;-46.69252257;748.1;44490;Line 185;0;4.03089112722596
-23.960363301;-46.692498324;750.5;44460;Line 185;0;4.03089112722596
-23.960093348;-46.692474078;753.0;44430;Line 185;0;4.03089112722596
-23.959823395;-46.692449832;755.9;44400;Line 185;0;4.03089112722596
-23.959553443;-46.692425586;759.0;44370;Line 185;0;4.03089112722596
-23.95928349;-46.69240134;761.9;44340;Line 185;0;4.03089112722596
-23.959013537;-46.692377095;763.4;44310;Line 185;0;4.03089112722596
-23.958743584;-46.69235285;763.8;44280;Line 185;0;4.03089112722596
-23.958473631;-46.692328605;764.5;44250;Line 185;0;4.03089112722596
-23.958203678;-46.69230436;765.3;44220;Line 185;0;4.03089112722596
-23.957933725;-46.692280115;766.0;44190;Line 185;0;4.03089112722596
-23.957663772;-46.69225587;766.5;44160;Line 185;0;4.03089112722596
-23.957393819;-46.692231625;765.4;44130;Line 185;0;4.03089112722596
-23.957123866;-46.692207381;762.4;44100;Line 185;0;4.03089112722596
-23.956853913;-46.692183136;759.5;44070;Line 185;0;4.03089112722596
-23.95658396;-46.692158892;758.2;44040;Line 185;0;4.03089112722596
-23.956314007;-46.692134648;760.5;44010;Line 185;0;4.03089112722596
-23.956044054;-46.692110404;762.9;43980;Line 185;0;4.03089112722596
-23.955774101;-46.69208616;765.1;43950;Line 185;0;4.03089112722596
-23.955504148;-46.692061917;765.7;43920;Line 185;0;4.03089112722596
-23.955234194;-46.692037673;766.5;43890;Line 185;0;4.03089112722596
-23.954964241;-46.69201343;767.2;43860;Line 185;0;4.03089112722596
-23.954694288;-46.691989187;766.8;43830;Line 185;0;4.03089112722596
-23.954424335;-46.691964943;766.5;43800;Line 185;0;4.03089112722596
-23.954154382;-46.691940701;766.5;43770;Line 185;0;4.03089112722596
-23.953884428;-46.691916458;768.5;43740;Line 185;0;4.03089112722596
-23.953614475;-46.691892215;770.6;43710;Line 185;0;4.03089112722596
-23.953344522;-46.691867972;772.8;43680;Line 185;0;4.03089112722596
-23.953074569;-46.69184373;768.2;43650;Line 185;0;4.03089112722596
-23.952804615;-46.691819488;763.1;43620;Line 185;0;4.03089112722596
-23.952534662;-46.691795246;757.8;43590;Line 185;0;4.03089112722596
-23.952264709;-46.691771004;753.3;43560;Line 185;0;4.03089112722596
-23.951994755;-46.691746762;748.8;43530;Line 185;0;4.03089112722596
-23.951724802;-46.69172252;744.1;43500;Line 185;0;4.03089112722596
-23.951454848;-46.691698278;743.4;43470;Line 185;0;4.03089112722596
-23.951184895;-46.691674037;743.7;43440;Line 185;0;4.03089112722596
-23.950914942;-46.691649796;743.7;43410;Line 185;0;4.03089112722596
-23.950644988;-46.691625555;741.8;43380;Line 185;0;4.03089112722596
-23.950375035;-46.691601314;739.1;43350;Line 185;0;4.03089112722596
-23.950105081;-46.691577073;736.5;43320;Line 185;0;4.03089112722596
-23.949835128;-46.691552832;737.0;43290;Line 185;0;4.03089112722596
-23.949565174;-46.691528591;739.3;43260;Line 185;0;4.03089112722596
-23.94929522;-46.691504351;741.5;43230;Line 185;0;4.03089112722596
-23.949025267;-46.69148011;745.2;43200;Line 185;0;4.03089112722596
-23.948755313;-46.69145587;750.1;43170;Line 185;0;4.03089112722596
-23.94848536;-46.69143163;754.8;43140;Line 185;0;4.03089112722596
-23.948215406;-46.69140739;755.6;43110;Line 185;0;4.03089112722596
-23.947945452;-46.69138315;751.9;43080;Line 185;0;4.03089112722596
-23.947675499;-46.691358911;748.3;43050;Line 185;0;4.03089112722596
-23.947405545;-46.691334671;745.3;43020;Line 185;0;4.03089112722596
-23.947135591;-46.691310432;742.9;42990;Line 185;0;4.03089112722596
-23.946865638;-46.691286193;740.5;42960;Line 185;0;4.03089112722596
-23.946595684;-46.691261954;738.9;42930;Line 185;0;4.03089112722596
-23.94632573;-46.691237715;739.6;42900;Line 185;0;4.03089112722596
-23.946055776;-46.691213476;740.6;42870;Line 185;0;4.03089112722596
-23.945785823;-46.691189237;741.8;42840;Line 185;0;4.03089112722596
-23.945515869;-46.691164999;744.0;42810;Line 185;0;4.03089112722596
-23.945245915;-46.69114076;746.6;42780;Line 185;0;4.03089112722596
-23.944975961;-46.691116522;749.3;42750;Line 185;0;4.03089112722596
-23.944706007;-46.691092284;750.9;42720;Line 185;0;4.03089112722596
-23.944436053;-46.691068046;752.3;42690;Line 185;0;4.03089112722596
-23.944166099;-46.691043808;753.7;42660;Line 185;0;4.03089112722596
-23.943896145;-46.69101957;751.4;42630;Line 185;0;4.03089112722596
-23.943626192;-46.690995333;748.7;42600;Line 185;0;4.03089112722596
-23.943356238;-46.690971095;745.8;42570;Line 185;0;4.03089112722596
-23.943086284;-46.690946858;744.2;42540;Line 185;0;4.03089112722596
-23.94281633;-46.690922621;742.8;42510;Line 185;0;4.03089112722596
-23.942546376;-46.690898384;741.1;42480;Line 185;0;4.03089112722596
-23.942276421;-46.690874147;738.0;42450;Line 185;0;4.03089112722596
-23.942006467;-46.69084991;734.8;42420;Line 185;0;4.03089112722596
-23.941736513;-46.690825673;731.8;42390;Line 185;0;4.03089112722596
-23.941466559;-46.690801437;731.1;42360;Line 185;0;4.03089112722596
-23.941196605;-46.690777201;731.1;42330;Line 185;0;4.03089112722596
-23.940926651;-46.690752964;731.1;42300;Line 185;0;4.03089112722596
-23.940656697;-46.690728728;732.5;42270;Line 185;0;4.03089112722596
-23.940386743;-46.690704492;734.4;42240;Line 185;0;4.03089112722596
-23.940116789;-46.690680257;736.0;42210;Line 185;0;4.03089112722596
-23.939846834;-46.690656021;737.9;42180;Line 185;0;4.03089112722596
-23.93957688;-46.690631785;740.2;42150;Line 185;0;4.03089112722596
-23.939306926;-46.69060755;742.4;42120;Line 185;0;4.03089112722596
-23.939036972;-46.690583315;746.2;42090;Line 185;0;4.03089112722596
-23.938767017;-46.69055908;751.5;42060;Line 185;0;4.03089112722596
-23.938497063;-46.690534845;756.6;42030;Line 185;0;4.03089112722596
-23.938227109;-46.69051061;759.9;42000;Line 185;0;4.03089112722596
-23.937957154;-46.690486375;760.6;41970;Line 185;0;4.03089112722596
-23.9376872;-46.690462141;761.1;41940;Line 185;0;4.03089112722596
-23.937417246;-46.690437906;760.5;41910;Line 185;0;4.03089112722596
-23.937147291;-46.690413672;757.9;41880;Line 185;0;4.03089112722596
-23.936877337;-46.690389438;755.2;41850;Line 185;0;4.03089112722596
-23.936607382;-46.690365204;752.6;41820;Line 185;0;4.03089112722596
-23.936337428;-46.69034097;750.7;41790;Line 185;0;4.03089112722596
-23.936067473;-46.690316736;749.2;41760;Line 185;0;4.03089112722596
-23.935797519;-46.690292503;749.0;41730;Line 185;0;4.03089112722596
-23.935527564;-46.690268269;755.0;41700;Line 185;0;4.03089112722596
-23.93525761;-46.690244036;760.8;41670;Line 185;0;4.03089112722596
-23.934987655;-46.690219803;766.2;41640;Line 185;0;4.03089112722596
-23.934717701;-46.69019557;766.0;41610;Line 185;0;4.03089112722596
-23.934447746;-46.690171337;765.8;41580;Line 185;0;4.03089112722596
-23.934177792;-46.690147104;765.8;41550;Line 185;0;4.03089112722596
-23.933907837;-46.690122872;771.9;41520;Line 185;0;4.03089112722596
-23.933637882;-46.690098639;778.6;41490;Line 185;0;4.03089112722596
-23.933367928;-46.690074407;785.6;41460;Line 185;0;4.03089112722596
-23.933097973;-46.690050175;782.7;41430;Line 185;0;4.03089112722596
-23.932828018;-46.690025942;778.3;41400;Line 185;0;4.03089112722596
-23.932558064;-46.690001711;774.0;41370;Line 185;0;4.03089112722596
-23.932288109;-46.689977479;771.0;41340;Line 185;0;4.03089112722596
-23.932018154;-46.689953247;768.3;41310;Line 185;0;4.03089112722596
-23.9317482;-46.689929016;765.6;41280;Line 185;0;4.03089112722596
-23.931478245;-46.689904784;766.3;41250;Line 185;0;4.03089112722596
-23.93120829;-46.689880553;768.7;41220;Line 185;0;4.03089112722596
-23.930938335;-46.689856322;771.4;41190;Line 185;0;4.03089112722596
-23.93066838;-46.689832091;773.4;41160;Line 185;0;4.03089112722596
-23.930398425;-46.68980786;774.8;41130;Line 185;0;4.03089112722596
-23.930128471;-46.689783629;776.2;41100;Line 185;0;4.03089112722596
-23.929858516;-46.689759399;779.1;41070;Line 185;0;4.03089112722596
-23.929588561;-46.689735168;783.2;41040;Line 185;0;4.03089112722596
-23.929318606;-46.689710938;787.1;41010;Line 185;0;4.03089112722596
-23.929048651;-46.689686708;788.5;40980;Line 185;0;4.03089112722596
-23.928778696;-46.689662478;786.3;40950;Line 185;0;4.03089112722596
-23.928508741;-46.689638248;783.8;40920;Line 185;0;4.03089112722596
-23.928238786;-46.689614019;779.8;40890;Line 185;0;4.03089112722596
-23.927968831;-46.689589789;773.3;40860;Line 185;0;4.03089112722596
-23.927698876;-46.68956556;766.7;40830;Line 185;0;4.03089112722596
-23.927428921;-46.68954133;760.3;40800;Line 185;0;4.03089112722596
-23.927158966;-46.689517101;754.7;40770;Line 185;0;4.03089112722596
-23.926889011;-46.689492872;749.3;40740;Line 185;0;4.03089112722596
-23.926619055;-46.689468643;745.0;40710;Line 185;0;4.03089112722596
-23.9263491;-46.689444414;745.4;40680;Line 185;0;4.03089112722596
-23.926079145;-46.689420186;745.8;40650;Line 185;0;4.03089112722596
-23.92580919;-46.689395957;746.7;40620;Line 185;0;4.03089112722596
-23.925539235;-46.689371729;754.2;40590;Line 185;0;4.03089112722596
-23.92526928;-46.689347501;761.7;40560;Line 185;0;4.03089112722596
-23.924999324;-46.689323273;769.3;40530;Line 185;0;4.03089112722596
-23.924729369;-46.689299045;771.5;40500;Line 185;0;4.03089112722596
-23.924459414;-46.689274817;774.0;40470;Line 185;0;4.03089112722596
-23.924189459;-46.689250589;776.8;40440;Line 185;0;4.03089112722596
-23.923919503;-46.689226362;776.8;40410;Line 185;0;4.03089112722596
-23.923649548;-46.689202134;776.7;40380;Line 185;0;4.03089112722596
-23.923379593;-46.689177907;776.8;40350;Line 185;0;4.03089112722596
-23.923109637;-46.68915368;774.4;40320;Line 185;0;4.03089112722596
-23.922839682;-46.689129453;771.2;40290;Line 185;0;4.03089112722596
-23.922569727;-46.689105226;767.9;40260;Line 185;0;4.03089112722596
-23.922299771;-46.689081;762.7;40230;Line 185;0;4.03089112722596
-23.922029816;-46.689056773;756.9;40200;Line 185;0;4.03089112722596
-23.92175986;-46.689032547;751.3;40170;Line 185;0;4.03089112722596
-23.921489905;-46.68900832;746.5;40140;Line 185;0;4.03089112722596
-23.921219949;-46.688984094;742.1;40110;Line 185;0;4.03089112722596
-23.920949994;-46.688959868;737.7;40080;Line 185;0;4.03089112722596
-23.920680038;-46.688935642;737.3;40050;Line 185;0;4.03089112722596
-23.920410083;-46.688911417;739.7;40020;Line 185;0;4.03089112722596
-23.920140127;-46.688887191;741.9;39990;Line 185;0;4.03089112722596
-23.919870172;-46.688862966;745.4;39960;Line 185;0;4.03089112722596
-23.919600216;-46.68883874;750.6;39930;Line 185;0;4.03089112722596
-23.91933026;-46.688814515;756.1;39900;Line 185;0;4.03089112722596
-23.919060305;-46.68879029;759.3;39870;Line 185;0;4.03089112722596
-23.918790349;-46.688766065;758.2;39840;Line 185;0;4.03089112722596
-23.918520393;-46.68874184;756.9;39810;Line 185;0;4.03089112722596
-23.918250438;-46.688717616;756.8;39780;Line 185;0;4.03089112722596
-23.917980482;-46.688693391;759.4;39750;Line 185;0;4.03089112722596
-23.917710526;-46.688669167;761.9;39720;Line 185;0;4.03089112722596
-23.917440571;-46.688644943;763.8;39690;Line 185;0;4.03089112722596
-23.917170615;-46.688620719;764.4;39660;Line 185;0;4.03089112722596
-23.916900659;-46.688596495;764.8;39630;Line 185;0;4.03089112722596
-23.916630703;-46.688572271;764.3;39600;Line 185;0;4.03089112722596
-23.916360747;-46.688548047;758.5;39570;Line 185;0;4.03089112722596
-23.916090792;-46.688523824;752.8;39540;Line 185;0;4.03089112722596
-23.915820836;-46.6884996;747.7;39510;Line 185;0;4.03089112722596
-23.91555088;-46.688475377;753.5;39480;Line 185;0;4.03089112722596
-23.915280924;-46.688451154;759.4;39450;Line 185;0;4.03089112722596
-23.915010968;-46.688426931;765.4;39420;Line 185;0;4.03089112722596
-23.914741012;-46.688402708;768.9;39390;Line 185;0;4.03089112722596
-23.914471056;-46.688378486;772.2;39360;Line 185;0;4.03089112722596
-23.9142011;-46.688354263;775.5;39330;Line 185;0;4.03089112722596
-23.913931144;-46.688330041;775.1;39300;Line 185;0;4.03089112722596
-23.913661188;-46.688305818;774.2;39270;Line 185;0;4.03089112722596
-23.913391232;-46.688281596;773.6;39240;Line 185;0;4.03089112722596
-23.913121276;-46.688257374;771.0;39210;Line 185;0;4.03089112722596
-23.91285132;-46.688233152;768.1;39180;Line 185;0;4.03089112722596
-23.912581364;-46.688208931;765.5;39150;Line 185;0;4.03089112722596
-23.912311408;-46.688184709;760.9;39120;Line 185;0;4.03089112722596
-23.912041452;-46.688160488;755.3;39090;Line 185;0;4.03089112722596
-23.911771496;-46.688136266;749.3;39060;Line 185;0;4.03089112722596
-23.911501539;-46.688112045;747.4;39030;Line 185;0;4.03089112722596
-23.911231583;-46.688087824;747.8;39000;Line 185;0;4.03089112722596
-23.910961627;-46.688063603;748.0;38970;Line 185;0;4.03089112722596
-23.910691671;-46.688039382;751.0;38940;Line 185;0;4.03089112722596
-23.910421715;-46.688015162;756.4;38910;Line 185;0;4.03089112722596
-23.910151758;-46.687990941;761.5;38880;Line 185;0;4.03089112722596
-23.909881802;-46.687966721;764.6;38850;Line 185;0;4.03089112722596
-23.909611846;-46.687942501;765.3;38820;Line 185;0;4.03089112722596
-23.90934189;-46.687918281;765.8;38790;Line 185;0;4.03089112722596
-23.909071933;-46.687894061;765.9;38760;Line 185;0;4.03089112722596
-23.908801977;-46.687869841;765.6;38730;Line 185;0;4.03089112722596
-23.908532021;-46.687845621;765.4;38700;Line 185;0;4.03089112722596
-23.908262064;-46.687821402;764.1;38670;Line 185;0;4.03089112722596
-23.907992108;-46.687797182;758.6;38640;Line 185;0;4.03089112722596
-23.907722151;-46.687772963;753.3;38610;Line 185;0;4.03089112722596
-23.907452195;-46.687748744;749.9;38580;Line 185;0;4.03089112722596
-23.907182239;-46.687724525;754.8;38550;Line 185;0;4.03089112722596
-23.906912282;-46.687700306;759.5;38520;Line 185;0;4.03089112722596
-23.906642326;-46.687676088;763.6;38490;Line 185;0;4.03089112722596
-23.906372369;-46.687651869;762.8;38460;Line 185;0;4.03089112722596
-23.906102413;-46.687627651;762.0;38430;Line 185;0;4.03089112722596
-23.905832456;-46.687603432;761.4;38400;Line 185;0;4.03089112722596
-23.905562499;-46.687579214;756.0;38370;Line 185;0;4.03089112722596
-23.905292543;-46.687554996;750.7;38340;Line 185;0;4.03089112722596
-23.905022586;-46.687530778;745.5;38310;Line 185;0;4.03089112722596
-23.90475263;-46.687506561;749.7;38280;Line 185;0;4.03089112722596
-23.904482673;-46.687482343;755.1;38250;Line 185;0;4.03089112722596
-23.904212716;-46.687458125;760.6;38220;Line 185;0;4.03089112722596
-23.90394276;-46.687433908;764.7;38190;Line 185;0;4.03089112722596
-23.903672803;-46.687409691;768.2;38160;Line 185;0;4.03089112722596
-23.903402846;-46.687385474;771.4;38130;Line 185;0;4.03089112722596
-23.90313289;-46.687361257;771.5;38100;Line 185;0;4.03089112722596
-23.902862933;-46.68733704;770.5;38070;Line 185;0;4.03089112722596
-23.902592976;-46.687312824;769.3;38040;Line 185;0;4.03089112722596
-23.902323019;-46.687288607;768.0;38010;Line 185;0;4.03089112722596
-23.902053062;-46.687264391;767.0;37980;Line 185;0;4.03089112722596
-23.901783106;-46.687240175;766.3;37950;Line 185;0;4.03089112722596
-23.901513149;-46.687215958;766.6;37920;Line 185;0;4.03089112722596
-23.901243192;-46.687191743;767.9;37890;Line 185;0;4.03089112722596
-23.900973235;-46.687167527;769.4;37860;Line 185;0;4.03089112722596
-23.900703278;-46.687143311;771.5;37830;Line 185;0;4.03089112722596
-23.900433321;-46.687119096;773.9;37800;Line 185;0;4.03089112722596
-23.900163364;-46.68709488;775.9;37770;Line 185;0;4.03089112722596
-23.899893407;-46.687070665;778.3;37740;Line 185;0;4.03089112722596
-23.89962345;-46.68704645;781.6;37710;Line 185;0;4.03089112722596
-23.899353493;-46.687022235;784.8;37680;Line 185;0;4.03089112722596
-23.899083536;-46.68699802;787.1;37650;Line 185;0;4.03089112722596
-23.898813579;-46.686973805;787.2;37620;Line 185;0;4.03089112722596
-23.898543622;-46.686949591;787.4;37590;Line 185;0;4.03089112722596
-23.898273665;-46.686925376;787.8;37560;Line 185;0;4.03089112722596
-23.898003708;-46.686901162;789.2;37530;Line 185;0;4.03089112722596
-23.897733751;-46.686876948;790.8;37500;Line 185;0;4.03089112722596
-23.897463794;-46.686852734;792.9;37470;Line 185;0;4.03089112722596
-23.897193837;-46.68682852;797.1;37440;Line 185;0;4.03089112722596
-23.89692388;-46.686804306;801.4;37410;Line 185;0;4.03089112722596
-23.896653923;-46.686780093;805.7;37380;Line 185;0;4.03089112722596
-23.896383965;-46.686755879;807.5;37350;Line 185;0;4.03089112722596
-23.896114008;-46.686731666;809.4;37320;Line 185;0;4.03089112722596
-23.895844051;-46.686707453;811.3;37290;Line 185;0;4.03089112722596
-23.895574094;-46.68668324;805.9;37260;Line 185;0;4.03089112722596
-23.895304136;-46.686659027;800.0;37230;Line 185;0;4.03089112722596
-23.895034179;-46.686634814;794.0;37200;Line 185;0;4.03089112722596
-23.894764222;-46.686610601;795.3;37170;Line 185;0;4.03089112722596
-23.894494264;-46.686586389;797.7;37140;Line 185;0;4.03089112722596
-23.894224307;-46.686562176;800.3;37110;Line 185;0;4.03089112722596
-23.89395435;-46.686537964;804.6;37080;Line 185;0;4.03089112722596
-23.893684392;-46.686513752;809.4;37050;Line 185;0;4.03089112722596
-23.893414435;-46.68648954;814.0;37020;Line 185;0;4.03089112722596
-23.893144478;-46.686465328;814.8;36990;Line 185;0;4.03089112722596
-23.89287452;-46.686441117;813.8;36960;Line 185;0;4.03089112722596
-23.892604563;-46.686416905;812.7;36930;Line 185;0;4.03089112722596
-23.892334605;-46.686392694;809.5;36900;Line 185;0;4.03089112722596
-23.892064648;-46.686368482;805.1;36870;Line 185;0;4.03089112722596
-23.89179469;-46.686344271;800.6;36840;Line 185;0;4.03089112722596
-23.891524733;-46.68632006;796.7;36810;Line 185;0;4.03089112722596
-23.891254775;-46.686295849;793.5;36780;Line 185;0;4.03089112722596
-23.890984818;-46.686271639;790.3;36750;Line 185;0;4.03089112722596
-23.89071486;-46.686247428;787.2;36720;Line 185;0;4.03089112722596
-23.890444902;-46.686223218;784.2;36690;Line 185;0;4.03089112722596
-23.890174945;-46.686199007;781.4;36660;Line 185;0;4.03089112722596
-23.889904987;-46.686174797;780.0;36630;Line 185;0;4.03089112722596
-23.88963503;-46.686150587;781.0;36600;Line 185;0;4.03089112722596
-23.889365072;-46.686126377;781.8;36570;Line 185;0;4.03089112722596
-23.889095114;-46.686102167;783.6;36540;Line 185;0;4.03089112722596
-23.888825156;-46.686077958;788.5;36510;Line 185;0;4.03089112722596
-23.888555199;-46.686053748;793.5;36480;Line 185;0;4.03089112722596
-23.888285241;-46.686029539;798.3;36450;Line 185;0;4.03089112722596
-23.888015283;-46.68600533;801.2;36420;Line 185;0;4.03089112722596
-23.887745325;-46.685981121;804.1;36390;Line 185;0;4.03089112722596
-23.887475368;-46.685956912;806.9;36360;Line 185;0;4.03089112722596
-23.88720541;-46.685932703;807.5;36330;Line 185;0;4.03089112722596
-23.886935452;-46.685908494;808.0;36300;Line 185;0;4.03089112722596
-23.886665494;-46.685884286;808.5;36270;Line 185;0;4.03089112722596
-23.886395536;-46.685860078;811.1;36240;Line 185;0;4.03089112722596
-23.886125578;-46.685835869;813.5;36210;Line 185;0;4.03089112722596
-23.88585562;-46.685811661;815.5;36180;Line 185;0;4.03089112722596
-23.885585663;-46.685787453;819.0;36150;Line 185;0;4.03089112722596
-23.885315705;-46.685763245;822.8;36120;Line 185;0;4.03089112722596
-23.885045747;-46.685739038;826.6;36090;Line 185;0;4.03089112722596
-23.884775789;-46.68571483;825.6;36060;Line 185;0;4.03089112722596
-23.884505831;-46.685690623;823.6;36030;Line 185;0;4.03089112722596
-23.884235873;-46.685666415;821.8;36000;Line 185;0;4.03089112722596
-23.883965915;-46.685642208;818.2;35970;Line 185;0;4.03089112722596
-23.883695956;-46.685618001;814.1;35940;Line 185;0;4.03089112722596
-23.883425998;-46.685593794;810.3;35910;Line 185;0;4.03089112722596
-23.88315604;-46.685569588;809.0;35880;Line 185;0;4.03089112722596
-23.882886082;-46.685545381;808.8;35850;Line 185;0;4.03089112722596
-23.882616124;-46.685521175;808.5;35820;Line 185;0;4.03089112722596
-23.882346166;-46.685496968;807.2;35790;Line 185;0;4.03089112722596
-23.882076208;-46.685472762;805.1;35760;Line 185;0;4.03089112722596
-23.88180625;-46.685448556;802.9;35730;Line 185;0;4.03089112722596
-23.881536291;-46.68542435;802.8;35700;Line 185;0;4.03089112722596
-23.881266333;-46.685400145;805.0;35670;Line 185;0;4.03089112722596
-23.880996375;-46.685375939;807.0;35640;Line 185;0;4.03089112722596
-23.880726417;-46.685351733;806.2;35610;Line 185;0;4.03089112722596
-23.880456458;-46.685327528;801.4;35580;Line 185;0;4.03089112722596
-23.8801865;-46.685303323;796.5;35550;Line 185;0;4.03089112722596
-23.879916542;-46.685279118;792.2;35520;Line 185;0;4.03089112722596
-23.879646583;-46.685254913;789.8;35490;Line 185;0;4.03089112722596
-23.879376625;-46.685230708;787.4;35460;Line 185;0;4.03089112722596
-23.879106667;-46.685206503;785.6;35430;Line 185;0;4.03089112722596
-23.878836708;-46.685182299;784.9;35400;Line 185;0;4.03089112722596
-23.87856675;-46.685158094;784.2;35370;Line 185;0;4.03089112722596
-23.878296791;-46.68513389;784.4;35340;Line 185;0;4.03089112722596
-23.878026833;-46.685109686;789.9;35310;Line 185;0;4.03089112722596
-23.877756874;-46.685085482;795.4;35280;Line 185;0;4.03089112722596
-23.877486916;-46.685061278;801.0;35250;Line 185;0;4.03089112722596
-23.877216957;-46.685037075;804.0;35220;Line 185;0;4.03089112722596
-23.876946999;-46.685012871;807.0;35190;Line 185;0;4.03089112722596
-23.87667704;-46.684988668;809.8;35160;Line 185;0;4.03089112722596
-23.876407082;-46.684964464;802.7;35130;Line 185;0;4.03089112722596
-23.876137123;-46.684940261;795.4;35100;Line 185;0;4.03089112722596
-23.875867165;-46.684916058;788.2;35070;Line 185;0;4.03089112722596
-23.875597206;-46.684891855;786.9;35040;Line 185;0;4.03089112722596
-23.875327247;-46.684867652;786.5;35010;Line 185;0;4.03089112722596
-23.875057289;-46.68484345;786.3;34980;Line 185;0;4.03089112722596
-23.87478733;-46.684819247;789.3;34950;Line 185;0;4.03089112722596
-23.874517371;-46.684795045;793.0;34920;Line 185;0;4.03089112722596
-23.874247413;-46.684770843;796.8;34890;Line 185;0;4.03089112722596
-23.873977454;-46.684746641;800.2;34860;Line 185;0;4.03089112722596
-23.873707495;-46.684722439;803.3;34830;Line 185;0;4.03089112722596
-23.873437536;-46.684698237;806.2;34800;Line 185;0;4.03089112722596
-23.873167578;-46.684674035;804.6;34770;Line 185;0;4.03089112722596
-23.872897619;-46.684649834;800.0;34740;Line 185;0;4.03089112722596
-23.87262766;-46.684625633;795.2;34710;Line 185;0;4.03089112722596
-23.872357701;-46.684601431;789.9;34680;Line 185;0;4.03089112722596
-23.872087742;-46.68457723;784.6;34650;Line 185;0;4.03089112722596
-23.871817784;-46.684553029;779.4;34620;Line 185;0;4.03089112722596
-23.871547825;-46.684528828;777.9;34590;Line 185;0;4.03089112722596
-23.871277866;-46.684504628;780.8;34560;Line 185;0;4.03089112722596
-23.871007907;-46.684480427;783.8;34530;Line 185;0;4.03089112722596
-23.870737948;-46.684456227;786.6;34500;Line 185;0;4.03089112722596
-23.870467989;-46.684432027;789.0;34470;Line 185;0;4.03089112722596
-23.87019803;-46.684407826;791.2;34440;Line 185;0;4.03089112722596
-23.869928071;-46.684383626;792.6;34410;Line 185;0;4.03089112722596
-23.869658112;-46.684359427;792.1;34380;Line 185;0;4.03089112722596
-23.869388153;-46.684335227;791.5;34350;Line 185;0;4.03089112722596
-23.869118194;-46.684311027;790.4;34320;Line 185;0;4.03089112722596
-23.868848235;-46.684286828;787.8;34290;Line 185;0;4.03089112722596
-23.868578276;-46.684262629;785.4;34260;Line 185;0;4.03089112722596
-23.868308316;-46.684238429;783.9;34230;Line 185;0;4.03089112722596
-23.868038357;-46.68421423;788.2;34200;Line 185;0;4.03089112722596
-23.867768398;-46.684190031;793.0;34170;Line 185;0;4.03089112722596
-23.867498439;-46.684165833;798.0;34140;Line 185;0;4.03089112722596
-23.86722848;-46.684141634;795.2;34110;Line 185;0;4.03089112722596
-23.866958521;-46.684117436;792.5;34080;Line 185;0;4.03089112722596
-23.866688561;-46.684093237;789.8;34050;Line 185;0;4.03089112722596
-23.866418602;-46.684069039;787.0;34020;Line 185;0;4.03089112722596
-23.866148643;-46.684044841;784.1;33990;Line 185;0;4.03089112722596
-23.865878684;-46.684020643;781.1;33960;Line 185;0;4.03089112722596
-23.865608724;-46.683996445;780.4;33930;Line 185;0;4.03089112722596
-23.865338765;-46.683972248;780.1;33900;Line 185;0;4.03089112722596
-23.865068806;-46.68394805;779.8;33870;Line 185;0;4.03089112722596
-23.864798846;-46.683923853;779.5;33840;Line 185;0;4.03089112722596
-23.864528887;-46.683899655;779.4;33810;Line 185;0;4.03089112722596
-23.864258928;-46.683875458;779.6;33780;Line 185;0;4.03089112722596
-23.863988968;-46.683851261;782.9;33750;Line 185;0;4.03089112722596
-23.863719009;-46.683827065;787.7;33720;Line 185;0;4.03089112722596
-23.863449049;-46.683802868;792.3;33690;Line 185;0;4.03089112722596
-23.86317909;-46.683778671;791.7;33660;Line 185;0;4.03089112722596
-23.86290913;-46.683754475;787.1;33630;Line 185;0;4.03089112722596
-23.862639171;-46.683730279;782.5;33600;Line 185;0;4.03089112722596
-23.862369211;-46.683706082;778.2;33570;Line 185;0;4.03089112722596
-23.862099252;-46.683681886;774.3;33540;Line 185;0;4.03089112722596
-23.861829292;-46.683657691;770.5;33510;Line 185;0;4.03089112722596
-23.861559333;-46.683633495;768.3;33480;Line 185;0;4.03089112722596
-23.861289373;-46.683609299;768.5;33450;Line 185;0;4.03089112722596
-23.861019413;-46.683585104;768.8;33420;Line 185;0;4.03089112722596
-23.860749454;-46.683560908;768.9;33390;Line 185;0;4.03089112722596
-23.860479494;-46.683536713;768.3;33360;Line 185;0;4.03089112722596
-23.860209534;-46.683512518;767.6;33330;Line 185;0;4.03089112722596
-23.859939575;-46.683488323;766.4;33300;Line 185;0;4.03089112722596
-23.859669615;-46.683464128;763.1;33270;Line 185;0;4.03089112722596
-23.859399655;-46.683439934;759.7;33240;Line 185;0;4.03089112722596
-23.859129696;-46.683415739;757.0;33210;Line 185;0;4.03089112722596
-23.858859736;-46.683391545;759.1;33180;Line 185;0;4.03089112722596
-23.858589776;-46.683367351;761.1;33150;Line 185;0;4.03089112722596
-23.858319816;-46.683343157;763.1;33120;Line 185;0;4.03089112722596
-23.858049856;-46.683318963;766.5;33090;Line 185;0;4.03089112722596
-23.857779897;-46.683294769;770.0;33060;Line 185;0;4.03089112722596
-23.857509937;-46.683270575;773.7;33030;Line 185;0;4.03089112722596
-23.857239977;-46.683246382;777.0;33000;Line 185;0;4.03089112722596
-23.856970017;-46.683222188;780.2;32970;Line 185;0;4.03089112722596
-23.856700057;-46.683197995;783.4;32940;Line 185;0;4.03089112722596
-23.856430097;-46.683173802;784.4;32910;Line 185;0;4.03089112722596
-23.856160137;-46.683149609;785.1;32880;Line 185;0;4.03089112722596
-23.855890177;-46.683125416;785.9;32850;Line 185;0;4.03089112722596
-23.855620217;-46.683101223;784.3;32820;Line 185;0;4.03089112722596
-23.855350257;-46.683077031;782.1;32790;Line 185;0;4.03089112722596
-23.855080297;-46.683052838;779.9;32760;Line 185;0;4.03089112722596
-23.854810337;-46.683028646;778.7;32730;Line 185;0;4.03089112722596
-23.854540377;-46.683004454;777.8;32700;Line 185;0;4.03089112722596
-23.854270417;-46.682980262;776.9;32670;Line 185;0;4.03089112722596
-23.854000457;-46.68295607;777.1;32640;Line 185;0;4.03089112722596
-23.853730497;-46.682931878;777.9;32610;Line 185;0;4.03089112722596
-23.853460537;-46.682907687;778.7;32580;Line 185;0;4.03089112722596
-23.853190576;-46.682883495;778.0;32550;Line 185;0;4.03089112722596
-23.852920616;-46.682859304;775.8;32520;Line 185;0;4.03089112722596
-23.852650656;-46.682835112;773.7;32490;Line 185;0;4.03089112722596
-23.852380696;-46.682810921;770.3;32460;Line 185;0;4.03089112722596
-23.852110736;-46.68278673;765.5;32430;Line 185;0;4.03089112722596
-23.851840775;-46.68276254;760.6;32400;Line 185;0;4.03089112722596
-23.851570815;-46.682738349;757.2;32370;Line 185;0;4.03089112722596
-23.851300855;-46.682714158;756.4;32340;Line 185;0;4.03089112722596
-23.851030895;-46.682689968;755.6;32310;Line 185;0;4.03089112722596
-23.850760934;-46.682665778;754.9;32280;Line 185;0;4.03089112722596
-23.850490974;-46.682641588;754.5;32250;Line 185;0;4.03089112722596
-23.850221014;-46.682617398;754.0;32220;Line 185;0;4.03089112722596
-23.849951053;-46.682593208;753.5;32190;Line 185;0;4.03089112722596
-23.849681093;-46.682569018;752.7;32160;Line 185;0;4.03089112722596
-23.849411132;-46.682544829;751.8;32130;Line 185;0;4.03089112722596
-23.849141172;-46.682520639;751.0;32100;Line 185;0;4.03089112722596
-23.848871212;-46.68249645;751.0;32070;Line 185;0;4.03089112722596
-23.848601251;-46.682472261;751.0;32040;Line 185;0;4.03089112722596
-23.848331291;-46.682448072;751.0;32010;Line 185;0;4.03089112722596
-23.84806133;-46.682423883;754.0;31980;Line 185;0;4.03089112722596
-23.84779137;-46.682399694;756.9;31950;Line 185;0;4.03089112722596
-23.847521409;-46.682375506;759.6;31920;Line 185;0;4.03089112722596
-23.847251449;-46.682351317;766.4;31890;Line 185;0;4.03089112722596
-23.846981488;-46.682327129;773.4;31860;Line 185;0;4.03089112722596
-23.846711527;-46.682302941;780.2;31830;Line 185;0;4.03089112722596
-23.846441567;-46.682278753;778.7;31800;Line 185;0;4.03089112722596
-23.846171606;-46.682254565;775.7;31770;Line 185;0;4.03089112722596
-23.845901645;-46.682230377;772.7;31740;Line 185;0;4.03089112722596
-23.845631685;-46.682206189;768.7;31710;Line 185;0;4.03089112722596
-23.845361724;-46.682182002;764.5;31680;Line 185;0;4.03089112722596
-23.845091763;-46.682157814;760.6;31650;Line 185;0;4.03089112722596
-23.844821803;-46.682133627;760.7;31620;Line 185;0;4.03089112722596
-23.844551842;-46.68210944;762.9;31590;Line 185;0;4.03089112722596
-23.844281881;-46.682085253;765.1;31560;Line 185;0;4.03089112722596
-23.84401192;-46.682061066;767.9;31530;Line 185;0;4.03089112722596
-23.84374196;-46.68203688;770.9;31500;Line 185;0;4.03089112722596
-23.843471999;-46.682012693;774.0;31470;Line 185;0;4.03089112722596
-23.843202038;-46.681988507;777.3;31440;Line 185;0;4.03089112722596
-23.842932077;-46.68196432;780.6;31410;Line 185;0;4.03089112722596
-23.842662116;-46.681940134;783.7;31380;Line 185;0;4.03089112722596
-23.842392155;-46.681915948;786.0;31350;Line 185;0;4.03089112722596
-23.842122194;-46.681891762;787.4;31320;Line 185;0;4.03089112722596
-23.841852233;-46.681867577;788.5;31290;Line 185;0;4.03089112722596
-23.841582273;-46.681843391;789.9;31260;Line 185;0;4.03089112722596
-23.841312312;-46.681819206;792.1;31230;Line 185;0;4.03089112722596
-23.841042351;-46.68179502;794.6;31200;Line 185;0;4.03089112722596
-23.84077239;-46.681770835;796.5;31170;Line 185;0;4.03089112722596
-23.840502429;-46.68174665;795.3;31140;Line 185;0;4.03089112722596
-23.840232468;-46.681722465;794.1;31110;Line 185;0;4.03089112722596
-23.839962506;-46.68169828;792.8;31080;Line 185;0;4.03089112722596
-23.839692545;-46.681674096;791.5;31050;Line 185;0;4.03089112722596
-23.839422584;-46.681649911;790.2;31020;Line 185;0;4.03089112722596
-23.839152623;-46.681625727;788.9;30990;Line 185;0;4.03089112722596
-23.838882662;-46.681601543;787.2;30960;Line 185;0;4.03089112722596
-23.838612701;-46.681577359;785.5;30930;Line 185;0;4.03089112722596
-23.83834274;-46.681553175;783.8;30900;Line 185;0;4.03089112722596
-23.838072779;-46.681528991;780.5;30870;Line 185;0;4.03089112722596
-23.837802817;-46.681504807;777.2;30840;Line 185;0;4.03089112722596
-23.837532856;-46.681480624;773.9;30810;Line 185;0;4.03089112722596
-23.837262895;-46.68145644;771.8;30780;Line 185;0;4.03089112722596
-23.836992934;-46.681432257;769.9;30750;Line 185;0;4.03089112722596
-23.836722972;-46.681408074;768.0;30720;Line 185;0;4.03089112722596
-23.836453011;-46.681383891;767.0;30690;Line 185;0;4.03089112722596
-23.83618305;-46.681359708;766.2;30660;Line 185;0;4.03089112722596
-23.835913088;-46.681335525;765.4;30630;Line 185;0;4.03089112722596
-23.835643127;-46.681311343;765.9;30600;Line 185;0;4.03089112722596
-23.835373166;-46.68128716;766.8;30570;Line 185;0;4.03089112722596
-23.835103204;-46.681262978;767.7;30540;Line 185;0;4.03089112722596
-23.834833243;-46.681238796;770.9;30510;Line 185;0;4.03089112722596
-23.834563281;-46.681214614;775.8;30480;Line 185;0;4.03089112722596
-23.83429332;-46.681190432;780.7;30450;Line 185;0;4.03089112722596
-23.834023359;-46.68116625;784.2;30420;Line 185;0;4.03089112722596
-23.833753397;-46.681142069;786.5;30390;Line 185;0;4.03089112722596
-23.833483436;-46.681117887;788.8;30360;Line 185;0;4.03089112722596
-23.833213474;-46.681093706;790.9;30330;Line 185;0;4.03089112722596
-23.832943513;-46.681069525;792.6;30300;Line 185;0;4.03089112722596
-23.832673551;-46.681045344;794.1;30270;Line 185;0;4.03089112722596
-23.832403589;-46.681021163;795.5;30240;Line 185;0;4.03089112722596
-23.832133628;-46.680996982;796.5;30210;Line 185;0;4.03089112722596
-23.831863666;-46.680972801;797.4;30180;Line 185;0;4.03089112722596
-23.831593705;-46.680948621;797.4;30150;Line 185;0;4.03089112722596
-23.831323743;-46.68092444;795.6;30120;Line 185;0;4.03089112722596
-23.831053781;-46.68090026;793.6;30090;Line 185;0;4.03089112722596
-23.83078382;-46.68087608;791.7;30060;Line 185;0;4.03089112722596
-23.830513858;-46.6808519;790.6;30030;Line 185;0;4.03089112722596
-23.830243896;-46.68082772;789.5;30000;Line 185;0;4.03089112722596
-23.829973934;-46.680803541;788.8;29970;Line 185;0;4.03089112722596
-23.829703973;-46.680779361;791.1;29940;Line 185;0;4.03089112722596
-23.829434011;-46.680755182;793.4;29910;Line 185;0;4.03089112722596
-23.829164049;-46.680731002;795.7;29880;Line 185;0;4.03089112722596
-23.828894087;-46.680706823;796.1;29850;Line 185;0;4.03089112722596
-23.828624125;-46.680682644;796.7;29820;Line 185;0;4.03089112722596
-23.828354164;-46.680658465;797.5;29790;Line 185;0;4.03089112722596
-23.828084202;-46.680634287;797.5;29760;Line 185;0;4.03089112722596
-23.82781424;-46.680610108;797.5;29730;Line 185;0;4.03089112722596
-23.827544278;-46.68058593;797.4;29700;Line 185;0;4.03089112722596
-23.827274316;-46.680561751;797.0;29670;Line 185;0;4.03089112722596
-23.827004354;-46.680537573;796.5;29640;Line 185;0;4.03089112722596
-23.826734392;-46.680513395;796.1;29610;Line 185;0;4.03089112722596
-23.82646443;-46.680489217;795.1;29580;Line 185;0;4.03089112722596
-23.826194468;-46.680465039;793.9;29550;Line 185;0;4.03089112722596
-23.825924506;-46.680440862;792.8;29520;Line 185;0;4.03089112722596
-23.825654544;-46.680416684;793.4;29490;Line 185;0;4.03089112722596
-23.825384582;-46.680392507;794.6;29460;Line 185;0;4.03089112722596
-23.82511462;-46.68036833;795.8;29430;Line 185;0;4.03089112722596
-23.824844658;-46.680344153;795.6;29400;Line 185;0;4.03089112722596
-23.824574696;-46.680319976;794.3;29370;Line 185;0;4.03089112722596
-23.824304734;-46.680295799;792.9;29340;Line 185;0;4.03089112722596
-23.824034771;-46.680271622;791.5;29310;Line 185;0;4.03089112722596
-23.823764809;-46.680247446;790.3;29280;Line 185;0;4.03089112722596
-23.823494847;-46.680223269;789.0;29250;Line 185;0;4.03089112722596
-23.823224885;-46.680199093;787.3;29220;Line 185;0;4.03089112722596
-23.822954923;-46.680174917;785.1;29190;Line 185;0;4.03089112722596
-23.82268496;-46.680150741;783.0;29160;Line 185;0;4.03089112722596
-23.822414998;-46.680126565;780.4;29130;Line 185;0;4.03089112722596
-23.822145036;-46.680102389;776.5;29100;Line 185;0;4.03089112722596
-23.821875074;-46.680078214;772.8;29070;Line 185;0;4.03089112722596
-23.821605111;-46.680054038;769.8;29040;Line 185;0;4.03089112722596
-23.821335149;-46.680029863;769.2;29010;Line 185;0;4.03089112722596
-23.821065187;-46.680005688;768.6;28980;Line 185;0;4.03089112722596
-23.820795224;-46.679981513;768.4;28950;Line 185;0;4.03089112722596
-23.820525262;-46.679957338;771.8;28920;Line 185;0;4.03089112722596
-23.8202553;-46.679933163;775.1;28890;Line 185;0;4.03089112722596
-23.819985337;-46.679908988;778.4;28860;Line 185;0;4.03089112722596
-23.819715375;-46.679884814;780.8;28830;Line 185;0;4.03089112722596
-23.819445412;-46.67986064;783.0;28800;Line 185;0;4.03089112722596
-23.81917545;-46.679836465;785.2;28770;Line 185;0;4.03089112722596
-23.818905487;-46.679812291;785.3;28740;Line 185;0;4.03089112722596
-23.818635525;-46.679788117;785.6;28710;Line 185;0;4.03089112722596
-23.818365562;-46.679763943;785.9;28680;Line 185;0;4.03089112722596
-23.8180956;-46.67973977;786.3;28650;Line 185;0;4.03089112722596
-23.817825637;-46.679715596;786.9;28620;Line 185;0;4.03089112722596
-23.817555674;-46.679691423;787.6;28590;Line 185;0;4.03089112722596
-23.817285712;-46.67966725;787.3;28560;Line 185;0;4.03089112722596
-23.817015749;-46.679643077;786.6;28530;Line 185;0;4.03089112722596
-23.816745787;-46.679618904;785.8;28500;Line 185;0;4.03089112722596
-23.816475824;-46.679594731;784.0;28470;Line 185;0;4.03089112722596
-23.816205861;-46.679570558;781.5;28440;Line 185;0;4.03089112722596
-23.815935899;-46.679546385;778.9;28410;Line 185;0;4.03089112722596
-23.815665936;-46.679522213;776.4;28380;Line 185;0;4.03089112722596
-23.815395973;-46.679498041;774.0;28350;Line 185;0;4.03089112722596
-23.81512601;-46.679473869;771.6;28320;Line 185;0;4.03089112722596
-23.814856048;-46.679449697;769.0;28290;Line 185;0;4.03089112722596
-23.814586085;-46.679425525;766.2;28260;Line 185;0;4.03089112722596
-23.814316122;-46.679401353;763.5;28230;Line 185;0;4.03089112722596
-23.814046159;-46.679377181;761.2;28200;Line 185;0;4.03089112722596
-23.813776196;-46.67935301;759.4;28170;Line 185;0;4.03089112722596
-23.813506233;-46.679328838;757.7;28140;Line 185;0;4.03089112722596
-23.813236271;-46.679304667;756.6;28110;Line 185;0;4.03089112722596
-23.812966308;-46.679280496;756.4;28080;Line 185;0;4.03089112722596
-23.812696345;-46.679256325;756.2;28050;Line 185;0;4.03089112722596
-23.812426382;-46.679232154;756.4;28020;Line 185;0;4.03089112722596
-23.812156419;-46.679207984;757.7;27990;Line 185;0;4.03089112722596
-23.811886456;-46.679183813;759.0;27960;Line 185;0;4.03089112722596
-23.811616493;-46.679159643;760.8;27930;Line 185;0;4.03089112722596
-23.81134653;-46.679135473;764.9;27900;Line 185;0;4.03089112722596
-23.811076567;-46.679111303;769.1;27870;Line 185;0;4.03089112722596
-23.810806604;-46.679087133;773.3;27840;Line 185;0;4.03089112722596
-23.810536641;-46.679062963;777.6;27810;Line 185;0;4.03089112722596
-23.810266678;-46.679038793;781.8;27780;Line 185;0;4.03089112722596
-23.809996714;-46.679014624;786.0;27750;Line 185;0;4.03089112722596
-23.809726751;-46.678990454;789.4;27720;Line 185;0;4.03089112722596
-23.809456788;-46.678966285;792.8;27690;Line 185;0;4.03089112722596
-23.809186825;-46.678942116;796.0;27660;Line 185;0;4.03089112722596
-23.808916862;-46.678917947;798.6;27630;Line 185;0;4.03089112722596
-23.808646899;-46.678893778;801.4;27600;Line 185;0;4.03089112722596
-23.808376935;-46.678869609;804.4;27570;Line 185;0;4.03089112722596
-23.808106972;-46.67884544;803.9;27540;Line 185;0;4.03089112722596
-23.807837009;-46.678821272;802.9;27510;Line 185;0;4.03089112722596
-23.807567046;-46.678797104;802.0;27480;Line 185;0;4.03089112722596
-23.807297082;-46.678772935;799.6;27450;Line 185;0;4.03089112722596
-23.807027119;-46.678748767;796.6;27420;Line 185;0;4.03089112722596
-23.806757156;-46.6787246;793.7;27390;Line 185;0;4.03089112722596
-23.806487192;-46.678700432;792.3;27360;Line 185;0;4.03089112722596
-23.806217229;-46.678676264;791.6;27330;Line 185;0;4.03089112722596
-23.805947266;-46.678652097;790.9;27300;Line 185;0;4.03089112722596
-23.805677302;-46.678627929;788.8;27270;Line 185;0;4.03089112722596
-23.805407339;-46.678603762;785.8;27240;Line 185;0;4.03089112722596
-23.805137375;-46.678579595;782.7;27210;Line 185;0;4.03089112722596
-23.804867412;-46.678555428;781.1;27180;Line 185;0;4.03089112722596
-23.804597449;-46.678531261;781.2;27150;Line 185;0;4.03089112722596
-23.804327485;-46.678507094;781.6;27120;Line 185;0;4.03089112722596
-23.804057522;-46.678482928;781.6;27090;Line 185;0;4.03089112722596
-23.803787558;-46.678458761;780.8;27060;Line 185;0;4.03089112722596
-23.803517594;-46.678434595;780.0;27030;Line 185;0;4.03089112722596
-23.803247631;-46.678410429;778.9;27000;Line 185;0;4.03089112722596
-23.802977667;-46.678386263;776.9;26970;Line 185;0;4.03089112722596
-23.802707704;-46.678362097;774.7;26940;Line 185;0;4.03089112722596
-23.80243774;-46.678337931;772.8;26910;Line 185;0;4.03089112722596
-23.802167776;-46.678313766;772.4;26880;Line 185;0;4.03089112722596
-23.801897813;-46.6782896;772.1;26850;Line 185;0;4.03089112722596
-23.801627849;-46.678265435;771.7;26820;Line 185;0;4.03089112722596
-23.801357885;-46.67824127;770.6;26790;Line 185;0;4.03089112722596
-23.801087922;-46.678217105;769.5;26760;Line 185;0;4.03089112722596
-23.800817958;-46.67819294;768.7;26730;Line 185;0;4.03089112722596
-23.800547994;-46.678168775;769.0;26700;Line 185;0;4.03089112722596
-23.80027803;-46.678144611;769.2;26670;Line 185;0;4.03089112722596
-23.800008067;-46.678120446;769.3;26640;Line 185;0;4.03089112722596
-23.799738103;-46.678096282;770.1;26610;Line 185;0;4.03089112722596
-23.799468139;-46.678072117;770.9;26580;Line 185;0;4.03089112722596
-23.799198175;-46.678047953;771.7;26550;Line 185;0;4.03089112722596
-23.798928211;-46.678023789;771.5;26520;Line 185;0;4.03089112722596
-23.798658247;-46.677999626;771.4;26490;Line 185;0;4.03089112722596
-23.798388284;-46.677975462;771.2;26460;Line 185;0;4.03089112722596
-23.79811832;-46.677951298;770.3;26430;Line 185;0;4.03089112722596
-23.797848356;-46.677927135;769.0;26400;Line 185;0;4.03089112722596
-23.797578392;-46.677902972;767.6;26370;Line 185;0;4.03089112722596
-23.797308428;-46.677878809;765.4;26340;Line 185;0;4.03089112722596
-23.797038464;-46.677854646;762.9;26310;Line 185;0;4.03089112722596
-23.7967685;-46.677830483;760.2;26280;Line 185;0;4.03089112722596
-23.796498536;-46.67780632;758.9;26250;Line 185;0;4.03089112722596
-23.796228572;-46.677782157;758.3;26220;Line 185;0;4.03089112722596
-23.795958608;-46.677757995;757.6;26190;Line 185;0;4.03089112722596
-23.795688644;-46.677733833;757.8;26160;Line 185;0;4.03089112722596
-23.795418679;-46.67770967;758.8;26130;Line 185;0;4.03089112722596
-23.795148715;-46.677685508;759.5;26100;Line 185;0;4.03089112722596
-23.794878751;-46.677661347;760.6;26070;Line 185;0;4.03089112722596
-23.794608787;-46.677637185;762.4;26040;Line 185;0;4.03089112722596
-23.794338823;-46.677613023;764.1;26010;Line 185;0;4.03089112722596
-23.794068859;-46.677588862;764.7;25980;Line 185;0;4.03089112722596
-23.793798894;-46.6775647;763.3;25950;Line 185;0;4.03089112722596
-23.79352893;-46.677540539;762.0;25920;Line 185;0;4.03089112722596
-23.793258966;-46.677516378;762.7;25890;Line 185;0;4.03089112722596
-23.792989002;-46.677492217;768.4;25860;Line 185;0;4.03089112722596
-23.792719037;-46.677468056;774.0;25830;Line 185;0;4.03089112722596
-23.792449073;-46.677443896;778.6;25800;Line 185;0;4.03089112722596
-23.792179109;-46.677419735;779.3;25770;Line 185;0;4.03089112722596
-23.791909144;-46.677395575;780.0;25740;Line 185;0;4.03089112722596
-23.79163918;-46.677371414;780.7;25710;Line 185;0;4.03089112722596
-23.791369216;-46.677347254;781.7;25680;Line 185;0;4.03089112722596
-23.791099251;-46.677323094;782.7;25650;Line 185;0;4.03089112722596
-23.790829287;-46.677298934;783.8;25620;Line 185;0;4.03089112722596
-23.790559322;-46.677274775;782.9;25590;Line 185;0;4.03089112722596
-23.790289358;-46.677250615;782.1;25560;Line 185;0;4.03089112722596
-23.790019394;-46.677226456;781.4;25530;Line 185;0;4.03089112722596
-23.789749429;-46.677202296;777.4;25500;Line 185;0;4.03089112722596
-23.789479465;-46.677178137;773.1;25470;Line 185;0;4.03089112722596
-23.7892095;-46.677153978;768.8;25440;Line 185;0;4.03089112722596
-23.788939535;-46.677129819;767.8;25410;Line 185;0;4.03089112722596
-23.788669571;-46.677105661;767.6;25380;Line 185;0;4.03089112722596
-23.788399606;-46.677081502;767.5;25350;Line 185;0;4.03089112722596
-23.788129642;-46.677057343;768.6;25320;Line 185;0;4.03089112722596
-23.787859677;-46.677033185;770.1;25290;Line 185;0;4.03089112722596
-23.787589713;-46.677009027;771.8;25260;Line 185;0;4.03089112722596
-23.787319748;-46.676984869;772.1;25230;Line 185;0;4.03089112722596
-23.787049783;-46.676960711;771.5;25200;Line 185;0;4.03089112722596
-23.786779818;-46.676936553;770.7;25170;Line 185;0;4.03089112722596
-23.786509854;-46.676912395;770.2;25140;Line 185;0;4.03089112722596
-23.786239889;-46.676888238;770.1;25110;Line 185;0;4.03089112722596
-23.785969924;-46.676864081;770.1;25080;Line 185;0;4.03089112722596
-23.78569996;-46.676839923;769.7;25050;Line 185;0;4.03089112722596
-23.785429995;-46.676815766;768.8;25020;Line 185;0;4.03089112722596
-23.78516003;-46.676791609;767.8;24990;Line 185;0;4.03089112722596
-23.784890065;-46.676767452;767.2;24960;Line 185;0;4.03089112722596
-23.7846201;-46.676743296;767.4;24930;Line 185;0;4.03089112722596
-23.784350135;-46.676719139;767.5;24900;Line 185;0;4.03089112722596
-23.784080171;-46.676694983;768.0;24870;Line 185;0;4.03089112722596
-23.783810206;-46.676670826;770.0;24840;Line 185;0;4.03089112722596
-23.783540241;-46.67664667;772.1;24810;Line 185;0;4.03089112722596
-23.783270276;-46.676622514;773.5;24780;Line 185;0;4.03089112722596
-23.783000311;-46.676598358;772.8;24750;Line 185;0;4.03089112722596
-23.782730346;-46.676574203;772.2;24720;Line 185;0;4.03089112722596
-23.782460381;-46.676550047;771.8;24690;Line 185;0;4.03089112722596
-23.782190416;-46.676525891;771.5;24660;Line 185;0;4.03089112722596
-23.781920451;-46.676501736;771.2;24630;Line 185;0;4.03089112722596
-23.781650486;-46.676477581;771.2;24600;Line 185;0;4.03089112722596
-23.781380521;-46.676453426;773.7;24570;Line 185;0;4.03089112722596
-23.781110556;-46.676429271;776.1;24540;Line 185;0;4.03089112722596
-23.780840591;-46.676405116;778.6;24510;Line 185;0;4.03089112722596
-23.780570626;-46.676380961;778.8;24480;Line 185;0;4.03089112722596
-23.78030066;-46.676356807;778.9;24450;Line 185;0;4.03089112722596
-23.780030695;-46.676332653;779.0;24420;Line 185;0;4.03089112722596
-23.77976073;-46.676308498;776.5;24390;Line 185;0;4.03089112722596
-23.779490765;-46.676284344;773.7;24360;Line 185;0;4.03089112722596
-23.7792208;-46.67626019;771.0;24330;Line 185;0;4.03089112722596
-23.778950834;-46.676236036;768.2;24300;Line 185;0;4.03089112722596
-23.778680869;-46.676211883;765.3;24270;Line 185;0;4.03089112722596
-23.778410904;-46.676187729;762.4;24240;Line 185;0;4.03089112722596
-23.778140939;-46.676163576;761.6;24210;Line 185;0;4.03089112722596
-23.777870973;-46.676139422;761.5;24180;Line 185;0;4.03089112722596
-23.777601008;-46.676115269;761.4;24150;Line 185;0;4.03089112722596
-23.777331043;-46.676091116;762.7;24120;Line 185;0;4.03089112722596
-23.777061077;-46.676066963;764.8;24090;Line 185;0;4.03089112722596
-23.776791112;-46.676042811;767.0;24060;Line 185;0;4.03089112722596
-23.776521147;-46.676018658;768.8;24030;Line 185;0;4.03089112722596
-23.776251181;-46.675994505;770.4;24000;Line 185;0;4.03089112722596
-23.775981216;-46.675970353;772.1;23970;Line 185;0;4.03089112722596
-23.77571125;-46.675946201;773.3;23940;Line 185;0;4.03089112722596
-23.775441285;-46.675922049;773.8;23910;Line 185;0;4.03089112722596
-23.775171319;-46.675897897;774.5;23880;Line 185;0;4.03089112722596
-23.774901354;-46.675873745;775.5;23850;Line 185;0;4.03089112722596
-23.774631388;-46.675849594;777.2;23820;Line 185;0;4.03089112722596
-23.774361423;-46.675825442;778.8;23790;Line 185;0;4.03089112722596
-23.774091457;-46.675801291;780.1;23760;Line 185;0;4.03089112722596
-23.773821492;-46.675777139;781.0;23730;Line 185;0;4.03089112722596
-23.773551526;-46.675752988;781.8;23700;Line 185;0;4.03089112722596
-23.77328156;-46.675728837;782.2;23670;Line 185;0;4.03089112722596
-23.773011595;-46.675704686;781.2;23640;Line 185;0;4.03089112722596
-23.772741629;-46.675680536;780.3;23610;Line 185;0;4.03089112722596
-23.772471664;-46.675656385;779.4;23580;Line 185;0;4.03089112722596
-23.772201698;-46.675632235;777.7;23550;Line 185;0;4.03089112722596
-23.771931732;-46.675608084;775.8;23520;Line 185;0;4.03089112722596
-23.771661766;-46.675583934;773.9;23490;Line 185;0;4.03089112722596
-23.771391801;-46.675559784;773.5;23460;Line 185;0;4.03089112722596
-23.771121835;-46.675535634;773.1;23430;Line 185;0;4.03089112722596
-23.770851869;-46.675511485;772.9;23400;Line 185;0;4.03089112722596
-23.770581903;-46.675487335;775.1;23370;Line 185;0;4.03089112722596
-23.770311938;-46.675463186;777.6;23340;Line 185;0;4.03089112722596
-23.770041972;-46.675439036;780.1;23310;Line 185;0;4.03089112722596
-23.769772006;-46.675414887;783.4;23280;Line 185;0;4.03089112722596
-23.76950204;-46.675390738;786.6;23250;Line 185;0;4.03089112722596
-23.769232074;-46.675366589;789.8;23220;Line 185;0;4.03089112722596
-23.768962108;-46.67534244;788.3;23190;Line 185;0;4.03089112722596
-23.768692142;-46.675318292;785.1;23160;Line 185;0;4.03089112722596
-23.768422176;-46.675294143;781.9;23130;Line 185;0;4.03089112722596
-23.76815221;-46.675269995;780.9;23100;Line 185;0;4.03089112722596
-23.767882244;-46.675245847;781.2;23070;Line 185;0;4.03089112722596
-23.767612278;-46.675221698;781.6;23040;Line 185;0;4.03089112722596
-23.767342312;-46.67519755;782.0;23010;Line 185;0;4.03089112722596
-23.767072346;-46.675173403;782.5;22980;Line 185;0;4.03089112722596
-23.76680238;-46.675149255;783.0;22950;Line 185;0;4.03089112722596
-23.766532414;-46.675125107;783.3;22920;Line 185;0;4.03089112722596
-23.766262448;-46.67510096;783.4;22890;Line 185;0;4.03089112722596
-23.765992482;-46.675076813;783.6;22860;Line 185;0;4.03089112722596
-23.765722516;-46.675052666;783.5;22830;Line 185;0;4.03089112722596
-23.76545255;-46.675028518;783.0;22800;Line 185;0;4.03089112722596
-23.765182584;-46.675004372;782.4;22770;Line 185;0;4.03089112722596
-23.764912617;-46.674980225;781.8;22740;Line 185;0;4.03089112722596
-23.764642651;-46.674956078;781.1;22710;Line 185;0;4.03089112722596
-23.764372685;-46.674931932;780.4;22680;Line 185;0;4.03089112722596
-23.764102719;-46.674907785;779.9;22650;Line 185;0;4.03089112722596
-23.763832752;-46.674883639;780.2;22620;Line 185;0;4.03089112722596
-23.763562786;-46.674859493;780.6;22590;Line 185;0;4.03089112722596
-23.76329282;-46.674835347;781.2;22560;Line 185;0;4.03089112722596
-23.763022854;-46.674811202;782.7;22530;Line 185;0;4.03089112722596
-23.762752887;-46.674787056;784.0;22500;Line 185;0;4.03089112722596
-23.762482921;-46.67476291;785.1;22470;Line 185;0;4.03089112722596
-23.762212955;-46.674738765;782.1;22440;Line 185;0;4.03089112722596
-23.761942988;-46.67471462;779.1;22410;Line 185;0;4.03089112722596
-23.761673022;-46.674690475;776.1;22380;Line 185;0;4.03089112722596
-23.761403055;-46.67466633;775.6;22350;Line 185;0;4.03089112722596
-23.761133089;-46.674642185;775.4;22320;Line 185;0;4.03089112722596
-23.760863122;-46.67461804;775.2;22290;Line 185;0;4.03089112722596
-23.760593156;-46.674593896;777.6;22260;Line 185;0;4.03089112722596
-23.760323189;-46.674569751;780.2;22230;Line 185;0;4.03089112722596
-23.760053223;-46.674545607;782.7;22200;Line 185;0;4.03089112722596
-23.759783256;-46.674521463;786.2;22170;Line 185;0;4.03089112722596
-23.75951329;-46.674497319;789.8;22140;Line 185;0;4.03089112722596
-23.759243323;-46.674473175;793.5;22110;Line 185;0;4.03089112722596
-23.758973357;-46.674449031;794.3;22080;Line 185;0;4.03089112722596
-23.75870339;-46.674424887;793.8;22050;Line 185;0;4.03089112722596
-23.758433423;-46.674400744;793.2;22020;Line 185;0;4.03089112722596
-23.758163457;-46.674376601;791.1;21990;Line 185;0;4.03089112722596
-23.75789349;-46.674352458;788.1;21960;Line 185;0;4.03089112722596
-23.757623524;-46.674328314;785.2;21930;Line 185;0;4.03089112722596
-23.757353557;-46.674304172;782.5;21900;Line 185;0;4.03089112722596
-23.75708359;-46.674280029;780.0;21870;Line 185;0;4.03089112722596
-23.756813623;-46.674255886;777.7;21840;Line 185;0;4.03089112722596
-23.756543657;-46.674231744;776.4;21810;Line 185;0;4.03089112722596
-23.75627369;-46.674207601;776.2;21780;Line 185;0;4.03089112722596
-23.756003723;-46.674183459;776.1;21750;Line 185;0;4.03089112722596
-23.755733756;-46.674159317;775.0;21720;Line 185;0;4.03089112722596
-23.755463789;-46.674135175;772.3;21690;Line 185;0;4.03089112722596
-23.755193823;-46.674111033;769.6;21660;Line 185;0;4.03089112722596
-23.754923856;-46.674086891;766.9;21630;Line 185;0;4.03089112722596
-23.754653889;-46.67406275;764.2;21600;Line 185;0;4.03089112722596
-23.754383922;-46.674038608;761.8;21570;Line 185;0;4.03089112722596
-23.754113955;-46.674014467;759.7;21540;Line 185;0;4.03089112722596
-23.753843988;-46.673990326;758.9;21510;Line 185;0;4.03089112722596
-23.753574021;-46.673966185;758.1;21480;Line 185;0;4.03089112722596
-23.753304054;-46.673942044;757.3;21450;Line 185;0;4.03089112722596
-23.753034087;-46.673917903;756.8;21420;Line 185;0;4.03089112722596
-23.75276412;-46.673893763;756.3;21390;Line 185;0;4.03089112722596
-23.752494153;-46.673869622;755.8;21360;Line 185;0;4.03089112722596
-23.752224186;-46.673845482;756.4;21330;Line 185;0;4.03089112722596
-23.751954219;-46.673821342;757.2;21300;Line 185;0;4.03089112722596
-23.751684252;-46.673797202;758.0;21270;Line 185;0;4.03089112722596
-23.751414285;-46.673773062;757.2;21240;Line 185;0;4.03089112722596
-23.751144318;-46.673748922;756.3;21210;Line 185;0;4.03089112722596
-23.750874351;-46.673724782;755.4;21180;Line 185;0;4.03089112722596
-23.750604383;-46.673700643;754.6;21150;Line 185;0;4.03089112722596
-23.750334416;-46.673676503;753.6;21120;Line 185;0;4.03089112722596
-23.750064449;-46.673652364;752.5;21090;Line 185;0;4.03089112722596
-23.749794482;-46.673628225;751.6;21060;Line 185;0;4.03089112722596
-23.749524515;-46.673604086;750.8;21030;Line 185;0;4.03089112722596
-23.749254547;-46.673579947;750.0;21000;Line 185;0;4.03089112722596
-23.74898458;-46.673555809;750.0;20970;Line 185;0;4.03089112722596
-23.748714613;-46.67353167;750.4;20940;Line 185;0;4.03089112722596
-23.748444645;-46.673507532;750.8;20910;Line 185;0;4.03089112722596
-23.748174678;-46.673483393;751.1;20880;Line 185;0;4.03089112722596
-23.747904711;-46.673459255;751.3;20850;Line 185;0;4.03089112722596
-23.747634743;-46.673435117;751.5;20820;Line 185;0;4.03089112722596
-23.747364776;-46.673410979;752.2;20790;Line 185;0;4.03089112722596
-23.747094809;-46.673386842;753.3;20760;Line 185;0;4.03089112722596
-23.746824841;-46.673362704;754.4;20730;Line 185;0;4.03089112722596
-23.746554874;-46.673338566;755.5;20700;Line 185;0;4.03089112722596
-23.746284906;-46.673314429;756.8;20670;Line 185;0;4.03089112722596
-23.746014939;-46.673290292;758.2;20640;Line 185;0;4.03089112722596
-23.745744971;-46.673266155;759.5;20610;Line 185;0;4.03089112722596
-23.745475004;-46.673242018;761.0;20580;Line 185;0;4.03089112722596
-23.745205036;-46.673217881;762.6;20550;Line 185;0;4.03089112722596
-23.744935069;-46.673193745;764.4;20520;Line 185;0;4.03089112722596
-23.744665101;-46.673169608;766.7;20490;Line 185;0;4.03089112722596
-23.744395134;-46.673145472;769.0;20460;Line 185;0;4.03089112722596
-23.744125166;-46.673121335;771.0;20430;Line 185;0;4.03089112722596
-23.743855198;-46.673097199;771.2;20400;Line 185;0;4.03089112722596
-23.743585231;-46.673073063;771.3;20370;Line 185;0;4.03089112722596
-23.743315263;-46.673048927;771.2;20340;Line 185;0;4.03089112722596
-23.743045296;-46.673024792;769.9;20310;Line 185;0;4.03089112722596
-23.742775328;-46.673000656;768.5;20280;Line 185;0;4.03089112722596
-23.74250536;-46.672976521;767.0;20250;Line 185;0;4.03089112722596
-23.742235392;-46.672952386;764.3;20220;Line 185;0;4.03089112722596
-23.741965425;-46.67292825;761.5;20190;Line 185;0;4.03089112722596
-23.741695457;-46.672904115;758.7;20160;Line 185;0;4.03089112722596
-23.741425489;-46.67287998;757.3;20130;Line 185;0;4.03089112722596
-23.741155521;-46.672855846;756.2;20100;Line 185;0;4.03089112722596
-23.740885553;-46.672831711;755.4;20070;Line 185;0;4.03089112722596
-23.740615586;-46.672807577;755.6;20040;Line 185;0;4.03089112722596
-23.740345618;-46.672783442;756.1;20010;Line 185;0;4.03089112722596
-23.74007565;-46.672759308;756.7;19980;Line 185;0;4.03089112722596
-23.739805682;-46.672735174;757.5;19950;Line 185;0;4.03089112722596
-23.739535714;-46.67271104;758.5;19920;Line 185;0;4.03089112722596
-23.739265746;-46.672686906;759.5;19890;Line 185;0;4.03089112722596
-23.738995778;-46.672662773;759.8;19860;Line 185;0;4.03089112722596
-23.73872581;-46.672638639;759.8;19830;Line 185;0;4.03089112722596
-23.738455842;-46.672614506;759.8;19800;Line 185;0;4.03089112722596
-23.738185874;-46.672590373;758.7;19770;Line 185;0;4.03089112722596
-23.737915906;-46.672566239;756.5;19740;Line 185;0;4.03089112722596
-23.737645938;-46.672542106;754.2;19710;Line 185;0;4.03089112722596
-23.73737597;-46.672517974;752.8;19680;Line 185;0;4.03089112722596
-23.737106002;-46.672493841;752.5;19650;Line 185;0;4.03089112722596
-23.736836034;-46.672469708;752.3;19620;Line 185;0;4.03089112722596
-23.736566066;-46.672445576;752.1;19590;Line 185;0;4.03089112722596
-23.736296098;-46.672421444;751.8;19560;Line 185;0;4.03089112722596
-23.73602613;-46.672397311;751.4;19530;Line 185;0;4.03089112722596
-23.735756161;-46.672373179;751.2;19500;Line 185;0;4.03089112722596
-23.735486193;-46.672349048;751.3;19470;Line 185;0;4.03089112722596
-23.735216225;-46.672324916;751.4;19440;Line 185;0;4.03089112722596
-23.734946257;-46.672300784;751.5;19410;Line 185;0;4.03089112722596
-23.734676289;-46.672276653;751.5;19380;Line 185;0;4.03089112722596
-23.73440632;-46.672252521;751.6;19350;Line 185;0;4.03089112722596
-23.734136352;-46.67222839;751.6;19320;Line 185;0;4.03089112722596
-23.733866384;-46.672204259;751.5;19290;Line 185;0;4.03089112722596
-23.733596415;-46.672180128;751.2;19260;Line 185;0;4.03089112722596
-23.733326447;-46.672155997;751.0;19230;Line 185;0;4.03089112722596
-23.733056479;-46.672131867;751.0;19200;Line 185;0;4.03089112722596
-23.73278651;-46.672107736;751.0;19170;Line 185;0;4.03089112722596
-23.732516542;-46.672083606;751.0;19140;Line 185;0;4.03089112722596
-23.732246574;-46.672059476;751.0;19110;Line 185;0;4.03089112722596
-23.731976605;-46.672035345;751.0;19080;Line 185;0;4.03089112722596
-23.731706637;-46.672011216;751.0;19050;Line 185;0;4.03089112722596
-23.731436668;-46.671987086;751.0;19020;Line 185;0;4.03089112722596
-23.7311667;-46.671962956;751.0;18990;Line 185;0;4.03089112722596
-23.730896731;-46.671938826;751.0;18960;Line 185;0;4.03089112722596
-23.730626763;-46.671914697;751.0;18930;Line 185;0;4.03089112722596
-23.730356794;-46.671890568;751.0;18900;Line 185;0;4.03089112722596
-23.730086826;-46.671866439;751.0;18870;Line 185;0;4.03089112722596
-23.729816857;-46.671842309;751.0;18840;Line 185;0;4.03089112722596
-23.729546888;-46.671818181;751.0;18810;Line 185;0;4.03089112722596
-23.72927692;-46.671794052;751.0;18780;Line 185;0;4.03089112722596
-23.729006951;-46.671769923;751.1;18750;Line 185;0;4.03089112722596
-23.728736983;-46.671745795;751.2;18720;Line 185;0;4.03089112722596
-23.728467014;-46.671721666;751.2;18690;Line 185;0;4.03089112722596
-23.728197045;-46.671697538;752.9;18660;Line 185;0;4.03089112722596
-23.727927077;-46.67167341;756.4;18630;Line 185;0;4.03089112722596
-23.727657108;-46.671649282;759.7;18600;Line 185;0;4.03089112722596
-23.727387139;-46.671625154;760.0;18570;Line 185;0;4.03089112722596
-23.72711717;-46.671601027;756.5;18540;Line 185;0;4.03089112722596
-23.726847202;-46.671576899;753.1;18510;Line 185;0;4.03089112722596
-23.726577233;-46.671552772;751.2;18480;Line 185;0;4.03089112722596
-23.726307264;-46.671528645;751.7;18450;Line 185;0;4.03089112722596
-23.726037295;-46.671504517;752.2;18420;Line 185;0;4.03089112722596
-23.725767326;-46.67148039;752.9;18390;Line 185;0;4.03089112722596
-23.725497357;-46.671456264;754.1;18360;Line 185;0;4.03089112722596
-23.725227388;-46.671432137;755.3;18330;Line 185;0;4.03089112722596
-23.72495742;-46.67140801;756.3;18300;Line 185;0;4.03089112722596
-23.724687451;-46.671383884;757.5;18270;Line 185;0;4.03089112722596
-23.724417482;-46.671359758;758.9;18240;Line 185;0;4.03089112722596
-23.724147513;-46.671335631;760.4;18210;Line 185;0;4.03089112722596
-23.723877544;-46.671311505;761.3;18180;Line 185;0;4.03089112722596
-23.723607575;-46.67128738;761.9;18150;Line 185;0;4.03089112722596
-23.723337606;-46.671263254;762.5;18120;Line 185;0;4.03089112722596
-23.723067637;-46.671239128;763.7;18090;Line 185;0;4.03089112722596
-23.722797668;-46.671215003;764.9;18060;Line 185;0;4.03089112722596
-23.722527699;-46.671190877;765.9;18030;Line 185;0;4.03089112722596
-23.72225773;-46.671166752;766.1;18000;Line 185;0;4.03089112722596
-23.72198776;-46.671142627;766.1;17970;Line 185;0;4.03089112722596
-23.721717791;-46.671118502;765.8;17940;Line 185;0;4.03089112722596
-23.721447822;-46.671094377;764.1;17910;Line 185;0;4.03089112722596
-23.721177853;-46.671070253;762.2;17880;Line 185;0;4.03089112722596
-23.720907884;-46.671046128;760.2;17850;Line 185;0;4.03089112722596
-23.720637915;-46.671022004;758.0;17820;Line 185;0;4.03089112722596
-23.720367945;-46.670997879;755.9;17790;Line 185;0;4.03089112722596
-23.720097976;-46.670973755;753.9;17760;Line 185;0;4.03089112722596
-23.719828007;-46.670949631;752.8;17730;Line 185;0;4.03089112722596
-23.719558038;-46.670925507;752.1;17700;Line 185;0;4.03089112722596
-23.719288068;-46.670901384;751.5;17670;Line 185;0;4.03089112722596
-23.719018099;-46.67087726;751.2;17640;Line 185;0;4.03089112722596
-23.71874813;-46.670853137;751.1;17610;Line 185;0;4.03089112722596
-23.71847816;-46.670829013;751.0;17580;Line 185;0;4.03089112722596
-23.718208191;-46.67080489;751.0;17550;Line 185;0;4.03089112722596
-23.717938222;-46.670780767;751.0;17520;Line 185;0;4.03089112722596
-23.717668252;-46.670756644;751.0;17490;Line 185;0;4.03089112722596
-23.717398283;-46.670732522;751.0;17460;Line 185;0;4.03089112722596
-23.717128313;-46.670708399;751.0;17430;Line 185;0;4.03089112722596
-23.716858344;-46.670684276;751.0;17400;Line 185;0;4.03089112722596
-23.716588374;-46.670660154;751.0;17370;Line 185;0;4.03089112722596
-23.716318405;-46.670636032;751.0;17340;Line 185;0;4.03089112722596
-23.716048435;-46.67061191;751.0;17310;Line 185;0;4.03089112722596
-23.715778466;-46.670587788;751.0;17280;Line 185;0;4.03089112722596
-23.715508496;-46.670563666;751.0;17250;Line 185;0;4.03089112722596
-23.715238527;-46.670539544;751.0;17220;Line 185;0;4.03089112722596
-23.714968557;-46.670515423;751.0;17190;Line 185;0;4.03089112722596
-23.714698588;-46.670491301;751.0;17160;Line 185;0;4.03089112722596
-23.714428618;-46.67046718;751.0;17130;Line 185;0;4.03089112722596
-23.714158648;-46.670443059;751.0;17100;Line 185;0;4.03089112722596
-23.713888679;-46.670418938;751.0;17070;Line 185;0;4.03089112722596
-23.713618709;-46.670394817;751.0;17040;Line 185;0;4.03089112722596
-23.713348739;-46.670370696;751.0;17010;Line 185;0;4.03089112722596
-23.71307877;-46.670346576;751.0;16980;Line 185;0;4.03089112722596
-23.7128088;-46.670322455;751.0;16950;Line 185;0;4.03089112722596
-23.71253883;-46.670298335;751.0;16920;Line 185;0;4.03089112722596
-23.71226886;-46.670274215;751.0;16890;Line 185;0;4.03089112722596
-23.711998891;-46.670250095;751.0;16860;Line 185;0;4.03089112722596
-23.711728921;-46.670225975;751.0;16830;Line 185;0;4.03089112722596
-23.711458951;-46.670201855;751.0;16800;Line 185;0;4.03089112722596
-23.711188981;-46.670177736;751.0;16770;Line 185;0;4.03089112722596
-23.710919011;-46.670153616;751.0;16740;Line 185;0;4.03089112722596
-23.710649041;-46.670129497;751.0;16710;Line 185;0;4.03089112722596
-23.710379071;-46.670105377;751.0;16680;Line 185;0;4.03089112722596
-23.710109102;-46.670081258;751.0;16650;Line 185;0;4.03089112722596
-23.709839132;-46.670057139;751.0;16620;Line 185;0;4.03089112722596
-23.709569162;-46.670033021;751.0;16590;Line 185;0;4.03089112722596
-23.709299192;-46.670008902;751.0;16560;Line 185;0;4.03089112722596
-23.709029222;-46.669984783;751.0;16530;Line 185;0;4.03089112722596
-23.708759252;-46.669960665;751.0;16500;Line 185;0;4.03089112722596
-23.708489282;-46.669936547;751.0;16470;Line 185;0;4.03089112722596
-23.708219312;-46.669912428;751.0;16440;Line 185;0;4.03089112722596
-23.707949342;-46.66988831;751.0;16410;Line 185;0;4.03089112722596
-23.707679372;-46.669864193;751.0;16380;Line 185;0;4.03089112722596
-23.707409401;-46.669840075;751.0;16350;Line 185;0;4.03089112722596
-23.707139431;-46.669815957;751.0;16320;Line 185;0;4.03089112722596
-23.706869461;-46.66979184;751.0;16290;Line 185;0;4.03089112722596
-23.706599491;-46.669767722;751.0;16260;Line 185;0;4.03089112722596
-23.706329521;-46.669743605;751.0;16230;Line 185;0;4.03089112722596
-23.706059551;-46.669719488;751.0;16200;Line 185;0;4.03089112722596
-23.70578958;-46.669695371;751.0;16170;Line 185;0;4.03089112722596
-23.70551961;-46.669671255;751.0;16140;Line 185;0;4.03089112722596
-23.70524964;-46.669647138;751.0;16110;Line 185;0;4.03089112722596
-23.70497967;-46.669623021;751.0;16080;Line 185;0;4.03089112722596
-23.704709699;-46.669598905;751.0;16050;Line 185;0;4.03089112722596
-23.704439729;-46.669574789;751.0;16020;Line 185;0;4.03089112722596
-23.704169759;-46.669550673;751.0;15990;Line 185;0;4.03089112722596
-23.703899788;-46.669526557;751.0;15960;Line 185;0;4.03089112722596
-23.703629818;-46.669502441;751.0;15930;Line 185;0;4.03089112722596
-23.703359848;-46.669478325;751.0;15900;Line 185;0;4.03089112722596
-23.703089877;-46.66945421;751.0;15870;Line 185;0;4.03089112722596
-23.702819907;-46.669430094;751.0;15840;Line 185;0;4.03089112722596
-23.702549937;-46.669405979;751.0;15810;Line 185;0;4.03089112722596
-23.702279966;-46.669381864;751.0;15780;Line 185;0;4.03089112722596
-23.702009996;-46.669357749;751.0;15750;Line 185;0;4.03089112722596
-23.701740025;-46.669333634;751.0;15720;Line 185;0;4.03089112722596
-23.701470055;-46.669309519;751.2;15690;Line 185;0;4.03089112722596
-23.701200084;-46.669285405;751.6;15660;Line 185;0;4.03089112722596
-23.700930114;-46.66926129;751.9;15630;Line 185;0;4.03089112722596
-23.700660143;-46.669237176;752.5;15600;Line 185;0;4.03089112722596
-23.700390172;-46.669213062;753.1;15570;Line 185;0;4.03089112722596
-23.700120202;-46.669188947;753.8;15540;Line 185;0;4.03089112722596
-23.699850231;-46.669164834;753.8;15510;Line 185;0;4.03089112722596
-23.699580261;-46.66914072;753.4;15480;Line 185;0;4.03089112722596
-23.69931029;-46.669116606;753.0;15450;Line 185;0;4.03089112722596
-23.699040319;-46.669092493;753.2;15420;Line 185;0;4.03089112722596
-23.698770349;-46.669068379;754.1;15390;Line 185;0;4.03089112722596
-23.698500378;-46.669044266;754.9;15360;Line 185;0;4.03089112722596
-23.698230407;-46.669020153;756.3;15330;Line 185;0;4.03089112722596
-23.697960436;-46.66899604;758.9;15300;Line 185;0;4.03089112722596
-23.697690466;-46.668971927;761.6;15270;Line 185;0;4.03089112722596
-23.697420495;-46.668947814;763.8;15240;Line 185;0;4.03089112722596
-23.697150524;-46.668923702;764.9;15210;Line 185;0;4.03089112722596
-23.696880553;-46.668899589;766.1;15180;Line 185;0;4.03089112722596
-23.696610582;-46.668875477;767.2;15150;Line 185;0;4.03089112722596
-23.696340612;-46.668851365;768.2;15120;Line 185;0;4.03089112722596
-23.696070641;-46.668827253;769.3;15090;Line 185;0;4.03089112722596
-23.69580067;-46.668803141;770.3;15060;Line 185;0;4.03089112722596
-23.695530699;-46.668779029;770.3;15030;Line 185;0;4.03089112722596
-23.695260728;-46.668754918;770.5;15000;Line 185;0;4.03089112722596
-23.694990757;-46.668730806;770.6;14970;Line 185;0;4.03089112722596
-23.694720786;-46.668706695;769.4;14940;Line 185;0;4.03089112722596
-23.694450815;-46.668682584;768.4;14910;Line 185;0;4.03089112722596
-23.694180844;-46.668658472;767.4;14880;Line 185;0;4.03089112722596
-23.693910873;-46.668634362;767.0;14850;Line 185;0;4.03089112722596
-23.693640902;-46.668610251;766.5;14820;Line 185;0;4.03089112722596
-23.693370931;-46.66858614;766.0;14790;Line 185;0;4.03089112722596
-23.69310096;-46.66856203;765.1;14760;Line 185;0;4.03089112722596
-23.692830989;-46.668537919;764.2;14730;Line 185;0;4.03089112722596
-23.692561018;-46.668513809;763.2;14700;Line 185;0;4.03089112722596
-23.692291047;-46.668489699;761.3;14670;Line 185;0;4.03089112722596
-23.692021075;-46.668465589;759.1;14640;Line 185;0;4.03089112722596
-23.691751104;-46.668441479;756.7;14610;Line 185;0;4.03089112722596
-23.691481133;-46.668417369;755.5;14580;Line 185;0;4.03089112722596
-23.691211162;-46.66839326;754.8;14550;Line 185;0;4.03089112722596
-23.690941191;-46.66836915;754.2;14520;Line 185;0;4.03089112722596
-23.690671219;-46.668345041;753.4;14490;Line 185;0;4.03089112722596
-23.690401248;-46.668320932;752.6;14460;Line 185;0;4.03089112722596
-23.690131277;-46.668296823;751.8;14430;Line 185;0;4.03089112722596
-23.689861306;-46.668272714;750.6;14400;Line 185;0;4.03089112722596
-23.689591334;-46.668248605;749.1;14370;Line 185;0;4.03089112722596
-23.689321363;-46.668224496;747.4;14340;Line 185;0;4.03089112722596
-23.689051392;-46.668200388;747.6;14310;Line 185;0;4.03089112722596
-23.68878142;-46.668176279;750.4;14280;Line 185;0;4.03089112722596
-23.688511449;-46.668152171;753.0;14250;Line 185;0;4.03089112722596
-23.688241478;-46.668128063;755.6;14220;Line 185;0;4.03089112722596
-23.687971506;-46.668103955;758.2;14190;Line 185;0;4.03089112722596
-23.687701535;-46.668079847;760.9;14160;Line 185;0;4.03089112722596
-23.687431563;-46.66805574;762.5;14130;Line 185;0;4.03089112722596
-23.687161592;-46.668031632;760.4;14100;Line 185;0;4.03089112722596
-23.68689162;-46.668007525;758.4;14070;Line 185;0;4.03089112722596
-23.686621649;-46.667983417;757.0;14040;Line 185;0;4.03089112722596
-23.686351677;-46.66795931;759.4;14010;Line 185;0;4.03089112722596
-23.686081706;-46.667935203;761.8;13980;Line 185;0;4.03089112722596
-23.685811734;-46.667911096;764.1;13950;Line 185;0;4.03089112722596
-23.685541763;-46.66788699;764.3;13920;Line 185;0;4.03089112722596
-23.685271791;-46.667862883;764.5;13890;Line 185;0;4.03089112722596
-23.685001819;-46.667838777;764.7;13860;Line 185;0;4.03089112722596
-23.684731848;-46.66781467;763.8;13830;Line 185;0;4.03089112722596
-23.684461876;-46.667790564;762.8;13800;Line 185;0;4.03089112722596
-23.684191904;-46.667766458;761.9;13770;Line 185;0;4.03089112722596
-23.683921933;-46.667742352;761.3;13740;Line 185;0;4.03089112722596
-23.683651961;-46.667718246;760.7;13710;Line 185;0;4.03089112722596
-23.683381989;-46.667694141;760.1;13680;Line 185;0;4.03089112722596
-23.683112017;-46.667670035;760.2;13650;Line 185;0;4.03089112722596
-23.682842046;-46.66764593;760.5;13620;Line 185;0;4.03089112722596
-23.682572074;-46.667621825;760.6;13590;Line 185;0;4.03089112722596
-23.682302102;-46.66759772;761.2;13560;Line 185;0;4.03089112722596
-23.68203213;-46.667573615;762.1;13530;Line 185;0;4.03089112722596
-23.681762158;-46.66754951;762.8;13500;Line 185;0;4.03089112722596
-23.681492187;-46.667525405;763.5;13470;Line 185;0;4.03089112722596
-23.681222215;-46.667501301;764.1;13440;Line 185;0;4.03089112722596
-23.680952243;-46.667477196;764.9;13410;Line 185;0;4.03089112722596
-23.680682271;-46.667453092;766.6;13380;Line 185;0;4.03089112722596
-23.680412299;-46.667428988;769.0;13350;Line 185;0;4.03089112722596
-23.680142327;-46.667404884;771.5;13320;Line 185;0;4.03089112722596
-23.679872355;-46.66738078;773.3;13290;Line 185;0;4.03089112722596
-23.679602383;-46.667356676;774.3;13260;Line 185;0;4.03089112722596
-23.679332411;-46.667332572;775.3;13230;Line 185;0;4.03089112722596
-23.679062439;-46.667308469;776.8;13200;Line 185;0;4.03089112722596
-23.678792467;-46.667284366;779.2;13170;Line 185;0;4.03089112722596
-23.678522495;-46.667260262;781.6;13140;Line 185;0;4.03089112722596
-23.678252523;-46.667236159;783.4;13110;Line 185;0;4.03089112722596
-23.677982551;-46.667212056;784.1;13080;Line 185;0;4.03089112722596
-23.677712579;-46.667187954;784.6;13050;Line 185;0;4.03089112722596
-23.677442606;-46.667163851;784.7;13020;Line 185;0;4.03089112722596
-23.677172634;-46.667139748;783.5;12990;Line 185;0;4.03089112722596
-23.676902662;-46.667115646;782.2;12960;Line 185;0;4.03089112722596
-23.67663269;-46.667091544;780.9;12930;Line 185;0;4.03089112722596
-23.676362718;-46.667067442;779.7;12900;Line 185;0;4.03089112722596
-23.676092746;-46.66704334;778.5;12870;Line 185;0;4.03089112722596
-23.675822773;-46.667019238;777.2;12840;Line 185;0;4.03089112722596
-23.675552801;-46.666995136;775.2;12810;Line 185;0;4.03089112722596
-23.675282829;-46.666971035;773.2;12780;Line 185;0;4.03089112722596
-23.675012856;-46.666946933;771.1;12750;Line 185;0;4.03089112722596
-23.674742884;-46.666922832;769.4;12720;Line 185;0;4.03089112722596
-23.674472912;-46.666898731;767.7;12690;Line 185;0;4.03089112722596
-23.674202939;-46.66687463;766.0;12660;Line 185;0;4.03089112722596
-23.673932967;-46.666850529;765.1;12630;Line 185;0;4.03089112722596
-23.673662995;-46.666826428;764.5;12600;Line 185;0;4.03089112722596
-23.673393022;-46.666802327;764.1;12570;Line 185;0;4.03089112722596
-23.67312305;-46.666778227;765.1;12540;Line 185;0;4.03089112722596
-23.672853077;-46.666754127;766.6;12510;Line 185;0;4.03089112722596
-23.672583105;-46.666730026;768.2;12480;Line 185;0;4.03089112722596
-23.672313132;-46.666705926;771.1;12450;Line 185;0;4.03089112722596
-23.67204316;-46.666681826;774.9;12420;Line 185;0;4.03089112722596
-23.671773187;-46.666657726;778.7;12390;Line 185;0;4.03089112722596
-23.671503215;-46.666633627;783.9;12360;Line 185;0;4.03089112722596
-23.671233242;-46.666609527;789.6;12330;Line 185;0;4.03089112722596
-23.67096327;-46.666585428;795.3;12300;Line 185;0;4.03089112722596
-23.670693297;-46.666561329;799.2;12270;Line 185;0;4.03089112722596
-23.670423325;-46.666537229;801.6;12240;Line 185;0;4.03089112722596
-23.670153352;-46.66651313;803.9;12210;Line 185;0;4.03089112722596
-23.669883379;-46.666489032;804.9;12180;Line 185;0;4.03089112722596
-23.669613407;-46.666464933;804.2;12150;Line 185;0;4.03089112722596
-23.669343434;-46.666440834;803.5;12120;Line 185;0;4.03089112722596
-23.669073461;-46.666416736;802.7;12090;Line 185;0;4.03089112722596
-23.668803488;-46.666392638;801.7;12060;Line 185;0;4.03089112722596
-23.668533516;-46.666368539;800.7;12030;Line 185;0;4.03089112722596
-23.668263543;-46.666344441;799.5;12000;Line 185;0;4.03089112722596
-23.66799357;-46.666320343;797.5;11970;Line 185;0;4.03089112722596
-23.667723597;-46.666296246;795.4;11940;Line 185;0;4.03089112722596
-23.667453625;-46.666272148;793.3;11910;Line 185;0;4.03089112722596
-23.667183652;-46.66624805;790.4;11880;Line 185;0;4.03089112722596
-23.666913679;-46.666223953;787.6;11850;Line 185;0;4.03089112722596
-23.666643706;-46.666199856;784.8;11820;Line 185;0;4.03089112722596
-23.666373733;-46.666175759;782.4;11790;Line 185;0;4.03089112722596
-23.66610376;-46.666151662;779.9;11760;Line 185;0;4.03089112722596
-23.665833787;-46.666127565;777.3;11730;Line 185;0;4.03089112722596
-23.665563814;-46.666103468;775.6;11700;Line 185;0;4.03089112722596
-23.665293841;-46.666079372;773.8;11670;Line 185;0;4.03089112722596
-23.665023868;-46.666055275;772.0;11640;Line 185;0;4.03089112722596
-23.664753895;-46.666031179;771.6;11610;Line 185;0;4.03089112722596
-23.664483922;-46.666007083;771.4;11580;Line 185;0;4.03089112722596
-23.664213949;-46.665982987;771.1;11550;Line 185;0;4.03089112722596
-23.663943976;-46.665958891;770.4;11520;Line 185;0;4.03089112722596
-23.663674003;-46.665934795;769.5;11490;Line 185;0;4.03089112722596
-23.66340403;-46.6659107;768.4;11460;Line 185;0;4.03089112722596
-23.663134057;-46.665886604;768.3;11430;Line 185;0;4.03089112722596
-23.662864084;-46.665862509;768.6;11400;Line 185;0;4.03089112722596
-23.662594111;-46.665838414;768.9;11370;Line 185;0;4.03089112722596
-23.662324138;-46.665814319;769.3;11340;Line 185;0;4.03089112722596
-23.662054165;-46.665790224;769.8;11310;Line 185;0;4.03089112722596
-23.661784191;-46.665766129;770.1;11280;Line 185;0;4.03089112722596
-23.661514218;-46.665742034;769.6;11250;Line 185;0;4.03089112722596
-23.661244245;-46.66571794;768.4;11220;Line 185;0;4.03089112722596
-23.660974272;-46.665693845;767.2;11190;Line 185;0;4.03089112722596
-23.660704298;-46.665669751;766.0;11160;Line 185;0;4.03089112722596
-23.660434325;-46.665645657;764.9;11130;Line 185;0;4.03089112722596
-23.660164352;-46.665621563;763.8;11100;Line 185;0;4.03089112722596
-23.659894378;-46.665597469;762.5;11070;Line 185;0;4.03089112722596
-23.659624405;-46.665573375;761.1;11040;Line 185;0;4.03089112722596
-23.659354432;-46.665549282;759.8;11010;Line 185;0;4.03089112722596
-23.659084458;-46.665525188;758.4;10980;Line 185;0;4.03089112722596
-23.658814485;-46.665501095;756.9;10950;Line 185;0;4.03089112722596
-23.658544512;-46.665477002;755.3;10920;Line 185;0;4.03089112722596
-23.658274538;-46.665452909;753.9;10890;Line 185;0;4.03089112722596
-23.658004565;-46.665428816;753.2;10860;Line 185;0;4.03089112722596
-23.657734591;-46.665404723;752.6;10830;Line 185;0;4.03089112722596
-23.657464618;-46.665380631;752.1;10800;Line 185;0;4.03089112722596
-23.657194644;-46.665356538;753.0;10770;Line 185;0;4.03089112722596
-23.656924671;-46.665332446;754.1;10740;Line 185;0;4.03089112722596
-23.656654697;-46.665308354;755.2;10710;Line 185;0;4.03089112722596
-23.656384724;-46.665284261;757.5;10680;Line 185;0;4.03089112722596
-23.65611475;-46.66526017;760.0;10650;Line 185;0;4.03089112722596
-23.655844776;-46.665236078;762.5;10620;Line 185;0;4.03089112722596
-23.655574803;-46.665211986;764.1;10590;Line 185;0;4.03089112722596
-23.655304829;-46.665187894;765.7;10560;Line 185;0;4.03089112722596
-23.655034855;-46.665163803;767.3;10530;Line 185;0;4.03089112722596
-23.654764882;-46.665139712;767.2;10500;Line 185;0;4.03089112722596
-23.654494908;-46.665115621;766.7;10470;Line 185;0;4.03089112722596
-23.654224934;-46.66509153;766.2;10440;Line 185;0;4.03089112722596
-23.653954961;-46.665067439;765.4;10410;Line 185;0;4.03089112722596
-23.653684987;-46.665043348;764.5;10380;Line 185;0;4.03089112722596
-23.653415013;-46.665019258;763.4;10350;Line 185;0;4.03089112722596
-23.653145039;-46.664995167;766.0;10320;Line 185;0;4.03089112722596
-23.652875066;-46.664971077;770.2;10290;Line 185;0;4.03089112722596
-23.652605092;-46.664946987;774.3;10260;Line 185;0;4.03089112722596
-23.652335118;-46.664922896;777.7;10230;Line 185;0;4.03089112722596
-23.652065144;-46.664898807;780.6;10200;Line 185;0;4.03089112722596
-23.65179517;-46.664874717;783.6;10170;Line 185;0;4.03089112722596
-23.651525196;-46.664850627;785.5;10140;Line 185;0;4.03089112722596
-23.651255222;-46.664826538;786.4;10110;Line 185;0;4.03089112722596
-23.650985248;-46.664802448;787.4;10080;Line 185;0;4.03089112722596
-23.650715274;-46.664778359;787.5;10050;Line 185;0;4.03089112722596
-23.6504453;-46.66475427;786.3;10020;Line 185;0;4.03089112722596
-23.650175327;-46.664730181;785.1;9990;Line 185;0;4.03089112722596
-23.649905353;-46.664706092;784.3;9960;Line 185;0;4.03089112722596
-23.649635378;-46.664682003;783.9;9930;Line 185;0;4.03089112722596
-23.649365404;-46.664657915;783.4;9900;Line 185;0;4.03089112722596
-23.64909543;-46.664633826;783.0;9870;Line 185;0;4.03089112722596
-23.648825456;-46.664609738;782.8;9840;Line 185;0;4.03089112722596
-23.648555482;-46.66458565;782.6;9810;Line 185;0;4.03089112722596
-23.648285508;-46.664561562;782.8;9780;Line 185;0;4.03089112722596
-23.648015534;-46.664537474;784.4;9750;Line 185;0;4.03089112722596
-23.64774556;-46.664513386;786.2;9720;Line 185;0;4.03089112722596
-23.647475586;-46.664489299;788.1;9690;Line 185;0;4.03089112722596
-23.647205611;-46.664465211;790.7;9660;Line 185;0;4.03089112722596
-23.646935637;-46.664441124;793.2;9630;Line 185;0;4.03089112722596
-23.646665663;-46.664417037;795.7;9600;Line 185;0;4.03089112722596
-23.646395689;-46.66439295;796.5;9570;Line 185;0;4.03089112722596
-23.646125715;-46.664368863;797.2;9540;Line 185;0;4.03089112722596
-23.64585574;-46.664344776;797.9;9510;Line 185;0;4.03089112722596
-23.645585766;-46.664320689;796.9;9480;Line 185;0;4.03089112722596
-23.645315792;-46.664296603;795.4;9450;Line 185;0;4.03089112722596
-23.645045817;-46.664272516;793.8;9420;Line 185;0;4.03089112722596
-23.644775843;-46.66424843;791.5;9390;Line 185;0;4.03089112722596
-23.644505869;-46.664224344;789.2;9360;Line 185;0;4.03089112722596
-23.644235894;-46.664200258;786.9;9330;Line 185;0;4.03089112722596
-23.64396592;-46.664176172;784.7;9300;Line 185;0;4.03089112722596
-23.643695945;-46.664152086;782.5;9270;Line 185;0;4.03089112722596
-23.643425971;-46.664128001;780.5;9240;Line 185;0;4.03089112722596
-23.643155996;-46.664103915;779.5;9210;Line 185;0;4.03089112722596
-23.642886022;-46.66407983;778.9;9180;Line 185;0;4.03089112722596
-23.642616048;-46.664055745;778.4;9150;Line 185;0;4.03089112722596
-23.642346073;-46.66403166;779.4;9120;Line 185;0;4.03089112722596
-23.642076098;-46.664007575;781.7;9090;Line 185;0;4.03089112722596
-23.641806124;-46.66398349;784.0;9060;Line 185;0;4.03089112722596
-23.641536149;-46.663959406;784.5;9030;Line 185;0;4.03089112722596
-23.641266175;-46.663935321;783.1;9000;Line 185;0;4.03089112722596
-23.6409962;-46.663911237;781.6;8970;Line 185;0;4.03089112722596
-23.640726226;-46.663887152;779.5;8940;Line 185;0;4.03089112722596
-23.640456251;-46.663863068;776.4;8910;Line 185;0;4.03089112722596
-23.640186276;-46.663838984;773.4;8880;Line 185;0;4.03089112722596
-23.639916302;-46.663814901;770.5;8850;Line 185;0;4.03089112722596
-23.639646327;-46.663790817;768.1;8820;Line 185;0;4.03089112722596
-23.639376352;-46.663766733;765.7;8790;Line 185;0;4.03089112722596
-23.639106377;-46.66374265;763.1;8760;Line 185;0;4.03089112722596
-23.638836403;-46.663718567;759.0;8730;Line 185;0;4.03089112722596
-23.638566428;-46.663694483;754.8;8700;Line 185;0;4.03089112722596
-23.638296453;-46.6636704;750.8;8670;Line 185;0;4.03089112722596
-23.638026478;-46.663646318;748.4;8640;Line 185;0;4.03089112722596
-23.637756503;-46.663622235;746.2;8610;Line 185;0;4.03089112722596
-23.637486529;-46.663598152;744.4;8580;Line 185;0;4.03089112722596
-23.637216554;-46.66357407;746.2;8550;Line 185;0;4.03089112722596
-23.636946579;-46.663549987;748.0;8520;Line 185;0;4.03089112722596
-23.636676604;-46.663525905;750.0;8490;Line 185;0;4.03089112722596
-23.636406629;-46.663501823;753.6;8460;Line 185;0;4.03089112722596
-23.636136654;-46.663477741;757.3;8430;Line 185;0;4.03089112722596
-23.635866679;-46.663453659;761.0;8400;Line 185;0;4.03089112722596
-23.635596704;-46.663429578;763.6;8370;Line 185;0;4.03089112722596
-23.635326729;-46.663405496;766.3;8340;Line 185;0;4.03089112722596
-23.635056754;-46.663381415;769.0;8310;Line 185;0;4.03089112722596
-23.634786779;-46.663357334;770.8;8280;Line 185;0;4.03089112722596
-23.634516804;-46.663333253;772.3;8250;Line 185;0;4.03089112722596
-23.634246829;-46.663309172;773.8;8220;Line 185;0;4.03089112722596
-23.633976854;-46.663285091;776.0;8190;Line 185;0;4.03089112722596
-23.633706879;-46.66326101;778.4;8160;Line 185;0;4.03089112722596
-23.633436904;-46.663236929;780.9;8130;Line 185;0;4.03089112722596
-23.633166929;-46.663212849;783.7;8100;Line 185;0;4.03089112722596
-23.632896953;-46.663188769;786.7;8070;Line 185;0;4.03089112722596
-23.632626978;-46.663164689;789.5;8040;Line 185;0;4.03089112722596
-23.632357003;-46.663140608;791.4;8010;Line 185;0;4.03089112722596
-23.632087028;-46.663116529;792.4;7980;Line 185;0;4.03089112722596
-23.631817053;-46.663092449;793.4;7950;Line 185;0;4.03089112722596
-23.631547077;-46.663068369;794.0;7920;Line 185;0;4.03089112722596
-23.631277102;-46.66304429;794.2;7890;Line 185;0;4.03089112722596
-23.631007127;-46.66302021;794.3;7860;Line 185;0;4.03089112722596
-23.630737151;-46.662996131;794.4;7830;Line 185;0;4.03089112722596
-23.630467176;-46.662972052;794.4;7800;Line 185;0;4.03089112722596
-23.630197201;-46.662947973;794.5;7770;Line 185;0;4.03089112722596
-23.629927225;-46.662923894;794.6;7740;Line 185;0;4.03089112722596
-23.62965725;-46.662899816;795.2;7710;Line 185;0;4.03089112722596
-23.629387275;-46.662875737;795.8;7680;Line 185;0;4.03089112722596
-23.629117299;-46.662851659;796.1;7650;Line 185;0;4.03089112722596
-23.628847324;-46.66282758;794.7;7620;Line 185;0;4.03089112722596
-23.628577348;-46.662803502;793.3;7590;Line 185;0;4.03089112722596
-23.628307373;-46.662779424;791.9;7560;Line 185;0;4.03089112722596
-23.628037397;-46.662755346;791.1;7530;Line 185;0;4.03089112722596
-23.627767422;-46.662731269;790.3;7500;Line 185;0;4.03089112722596
-23.627497446;-46.662707191;789.5;7470;Line 185;0;4.03089112722596
-23.627227471;-46.662683114;788.2;7440;Line 185;0;4.03089112722596
-23.626957495;-46.662659036;786.9;7410;Line 185;0;4.03089112722596
-23.62668752;-46.662634959;785.4;7380;Line 185;0;4.03089112722596
-23.626417544;-46.662610882;785.5;7350;Line 185;0;4.03089112722596
-23.626147569;-46.662586805;785.8;7320;Line 185;0;4.03089112722596
-23.625877593;-46.662562728;786.3;7290;Line 185;0;4.03089112722596
-23.625607617;-46.662538652;787.2;7260;Line 185;0;4.03089112722596
-23.625337642;-46.662514575;788.0;7230;Line 185;0;4.03089112722596
-23.625067666;-46.662490499;788.9;7200;Line 185;0;4.03089112722596
-23.62479769;-46.662466422;789.6;7170;Line 185;0;4.03089112722596
-23.624527714;-46.662442346;790.3;7140;Line 185;0;4.03089112722596
-23.624257739;-46.66241827;791.0;7110;Line 185;0;4.03089112722596
-23.623987763;-46.662394195;791.6;7080;Line 185;0;4.03089112722596
-23.623717787;-46.662370119;792.1;7050;Line 185;0;4.03089112722596
-23.623447811;-46.662346043;792.6;7020;Line 185;0;4.03089112722596
-23.623177836;-46.662321968;792.0;6990;Line 185;0;4.03089112722596
-23.62290786;-46.662297893;790.7;6960;Line 185;0;4.03089112722596
-23.622637884;-46.662273817;789.4;6930;Line 185;0;4.03089112722596
-23.622367908;-46.662249742;788.1;6900;Line 185;0;4.03089112722596
-23.622097932;-46.662225667;786.9;6870;Line 185;0;4.03089112722596
-23.621827956;-46.662201593;785.8;6840;Line 185;0;4.03089112722596
-23.62155798;-46.662177518;784.8;6810;Line 185;0;4.03089112722596
-23.621288004;-46.662153444;784.1;6780;Line 185;0;4.03089112722596
-23.621018028;-46.662129369;783.3;6750;Line 185;0;4.03089112722596
-23.620748052;-46.662105295;782.2;6720;Line 185;0;4.03089112722596
-23.620478076;-46.662081221;780.2;6690;Line 185;0;4.03089112722596
-23.6202081;-46.662057147;778.2;6660;Line 185;0;4.03089112722596
-23.619938124;-46.662033073;776.5;6630;Line 185;0;4.03089112722596
-23.619668148;-46.662008999;775.7;6600;Line 185;0;4.03089112722596
-23.619398172;-46.661984926;774.8;6570;Line 185;0;4.03089112722596
-23.619128196;-46.661960853;773.9;6540;Line 185;0;4.03089112722596
-23.61885822;-46.661936779;772.9;6510;Line 185;0;4.03089112722596
-23.618588244;-46.661912706;771.9;6480;Line 185;0;4.03089112722596
-23.618318268;-46.661888633;770.9;6450;Line 185;0;4.03089112722596
-23.618048292;-46.66186456;769.9;6420;Line 185;0;4.03089112722596
-23.617778315;-46.661840488;768.9;6390;Line 185;0;4.03089112722596
-23.617508339;-46.661816415;767.9;6360;Line 185;0;4.03089112722596
-23.617238363;-46.661792342;767.7;6330;Line 185;0;4.03089112722596
-23.616968387;-46.66176827;767.6;6300;Line 185;0;4.03089112722596
-23.616698411;-46.661744198;767.5;6270;Line 185;0;4.03089112722596
-23.616428434;-46.661720126;767.7;6240;Line 185;0;4.03089112722596
-23.616158458;-46.661696054;767.8;6210;Line 185;0;4.03089112722596
-23.615888482;-46.661671982;768.0;6180;Line 185;0;4.03089112722596
-23.615618505;-46.661647911;768.4;6150;Line 185;0;4.03089112722596
-23.615348529;-46.661623839;768.8;6120;Line 185;0;4.03089112722596
-23.615078553;-46.661599768;769.3;6090;Line 185;0;4.03089112722596
-23.614808576;-46.661575696;769.2;6060;Line 185;0;4.03089112722596
-23.6145386;-46.661551625;768.8;6030;Line 185;0;4.03089112722596
-23.614268623;-46.661527554;768.2;6000;Line 185;0;4.03089112722596
-23.613998647;-46.661503483;767.2;5970;Line 185;0;4.03089112722596
-23.613728671;-46.661479413;765.9;5940;Line 185;0;4.03089112722596
-23.613458694;-46.661455342;764.6;5910;Line 185;0;4.03089112722596
-23.613188718;-46.661431272;764.1;5880;Line 185;0;4.03089112722596
-23.612918741;-46.661407201;764.5;5850;Line 185;0;4.03089112722596
-23.612648765;-46.661383131;764.8;5820;Line 185;0;4.03089112722596
-23.612378788;-46.661359061;765.7;5790;Line 185;0;4.03089112722596
-23.612108811;-46.661334991;767.0;5760;Line 185;0;4.03089112722596
-23.611838835;-46.661310922;768.3;5730;Line 185;0;4.03089112722596
-23.611568858;-46.661286852;769.3;5700;Line 185;0;4.03089112722596
-23.611298882;-46.661262783;769.6;5670;Line 185;0;4.03089112722596
-23.611028905;-46.661238713;770.0;5640;Line 185;0;4.03089112722596
-23.610758928;-46.661214644;770.4;5610;Line 185;0;4.03089112722596
-23.610488952;-46.661190575;770.9;5580;Line 185;0;4.03089112722596
-23.610218975;-46.661166506;771.5;5550;Line 185;0;4.03089112722596
-23.609948998;-46.661142437;771.7;5520;Line 185;0;4.03089112722596
-23.609679022;-46.661118368;770.5;5490;Line 185;0;4.03089112722596
-23.609409045;-46.6610943;769.2;5460;Line 185;0;4.03089112722596
-23.609139068;-46.661070231;768.0;5430;Line 185;0;4.03089112722596
-23.608869091;-46.661046163;767.8;5400;Line 185;0;4.03089112722596
-23.608599114;-46.661022095;767.5;5370;Line 185;0;4.03089112722596
-23.608329138;-46.660998027;767.2;5340;Line 185;0;4.03089112722596
-23.608059161;-46.660973959;765.5;5310;Line 185;0;4.03089112722596
-23.607789184;-46.660949891;763.7;5280;Line 185;0;4.03089112722596
-23.607519207;-46.660925824;761.9;5250;Line 185;0;4.03089112722596
-23.60724923;-46.660901756;761.6;5220;Line 185;0;4.03089112722596
-23.606979253;-46.660877689;761.4;5190;Line 185;0;4.03089112722596
-23.606709276;-46.660853622;761.1;5160;Line 185;0;4.03089112722596
-23.606439299;-46.660829555;761.0;5130;Line 185;0;4.03089112722596
-23.606169322;-46.660805488;761.0;5100;Line 185;0;4.03089112722596
-23.605899345;-46.660781421;761.1;5070;Line 185;0;4.03089112722596
-23.605629368;-46.660757354;760.7;5040;Line 185;0;4.03089112722596
-23.605359391;-46.660733288;760.2;5010;Line 185;0;4.03089112722596
-23.605089414;-46.660709222;759.8;4980;Line 185;0;4.03089112722596
-23.604819437;-46.660685155;760.5;4950;Line 185;0;4.03089112722596
-23.60454946;-46.660661089;761.8;4920;Line 185;0;4.03089112722596
-23.604279483;-46.660637023;763.0;4890;Line 185;0;4.03089112722596
-23.604009506;-46.660612957;764.2;4860;Line 185;0;4.03089112722596
-23.603739529;-46.660588892;765.2;4830;Line 185;0;4.03089112722596
-23.603469552;-46.660564826;766.2;4800;Line 185;0;4.03089112722596
-23.603199575;-46.660540761;766.7;4770;Line 185;0;4.03089112722596
-23.602929597;-46.660516695;766.7;4740;Line 185;0;4.03089112722596
-23.60265962;-46.66049263;766.7;4710;Line 185;0;4.03089112722596
-23.602389643;-46.660468565;766.2;4680;Line 185;0;4.03089112722596
-23.602119666;-46.6604445;764.8;4650;Line 185;0;4.03089112722596
-23.601849688;-46.660420436;763.4;4620;Line 185;0;4.03089112722596
-23.601579711;-46.660396371;761.9;4590;Line 185;0;4.03089112722596
-23.601309734;-46.660372306;760.2;4560;Line 185;0;4.03089112722596
-23.601039757;-46.660348242;758.5;4530;Line 185;0;4.03089112722596
-23.600769779;-46.660324178;756.8;4500;Line 185;0;4.03089112722596
-23.600499802;-46.660300114;755.2;4470;Line 185;0;4.03089112722596
-23.600229825;-46.66027605;753.8;4440;Line 185;0;4.03089112722596
-23.599959847;-46.660251986;752.6;4410;Line 185;0;4.03089112722596
-23.59968987;-46.660227922;752.5;4380;Line 185;0;4.03089112722596
-23.599419892;-46.660203859;752.5;4350;Line 185;0;4.03089112722596
-23.599149915;-46.660179795;752.7;4320;Line 185;0;4.03089112722596
-23.598879937;-46.660155732;753.3;4290;Line 185;0;4.03089112722596
-23.59860996;-46.660131669;753.7;4260;Line 185;0;4.03089112722596
-23.598339982;-46.660107606;754.0;4230;Line 185;0;4.03089112722596
-23.598070005;-46.660083543;755.9;4200;Line 185;0;4.03089112722596
-23.597800027;-46.66005948;757.8;4170;Line 185;0;4.03089112722596
-23.59753005;-46.660035418;759.8;4140;Line 185;0;4.03089112722596
-23.597260072;-46.660011355;759.4;4110;Line 185;0;4.03089112722596
-23.596990095;-46.659987293;758.8;4080;Line 185;0;4.03089112722596
-23.596720117;-46.659963231;758.3;4050;Line 185;0;4.03089112722596
-23.596450139;-46.659939169;758.2;4020;Line 185;0;4.03089112722596
-23.596180162;-46.659915107;758.2;3990;Line 185;0;4.03089112722596
-23.595910184;-46.659891045;758.2;3960;Line 185;0;4.03089112722596
-23.595640206;-46.659866983;758.4;3930;Line 185;0;4.03089112722596
-23.595370229;-46.659842922;758.6;3900;Line 185;0;4.03089112722596
-23.595100251;-46.65981886;758.9;3870;Line 185;0;4.03089112722596
-23.594830273;-46.659794799;758.2;3840;Line 185;0;4.03089112722596
-23.594560296;-46.659770738;757.0;3810;Line 185;0;4.03089112722596
-23.594290318;-46.659746677;755.9;3780;Line 185;0;4.03089112722596
-23.59402034;-46.659722616;755.4;3750;Line 185;0;4.03089112722596
-23.593750362;-46.659698555;755.9;3720;Line 185;0;4.03089112722596
-23.593480384;-46.659674495;756.5;3690;Line 185;0;4.03089112722596
-23.593210407;-46.659650434;757.1;3660;Line 185;0;4.03089112722596
-23.592940429;-46.659626374;757.6;3630;Line 185;0;4.03089112722596
-23.592670451;-46.659602314;758.1;3600;Line 185;0;4.03089112722596
-23.592400473;-46.659578254;758.6;3570;Line 185;0;4.03089112722596
-23.592130495;-46.659554194;759.0;3540;Line 185;0;4.03089112722596
-23.591860517;-46.659530134;759.1;3510;Line 185;0;4.03089112722596
-23.591590539;-46.659506075;759.2;3480;Line 185;0;4.03089112722596
-23.591320561;-46.659482015;760.0;3450;Line 185;0;4.03089112722596
-23.591050583;-46.659457956;760.8;3420;Line 185;0;4.03089112722596
-23.590780605;-46.659433897;761.5;3390;Line 185;0;4.03089112722596
-23.590510627;-46.659409837;762.5;3360;Line 185;0;4.03089112722596
-23.590240649;-46.659385779;763.4;3330;Line 185;0;4.03089112722596
-23.589970671;-46.65936172;764.0;3300;Line 185;0;4.03089112722596
-23.589700693;-46.659337661;762.4;3270;Line 185;0;4.03089112722596
-23.589430715;-46.659313602;760.9;3240;Line 185;0;4.03089112722596
-23.589160737;-46.659289544;759.6;3210;Line 185;0;4.03089112722596
-23.588890759;-46.659265486;758.7;3180;Line 185;0;4.03089112722596
-23.58862078;-46.659241428;758.1;3150;Line 185;0;4.03089112722596
-23.588350802;-46.65921737;757.6;3120;Line 185;0;4.03089112722596
-23.588080824;-46.659193312;757.5;3090;Line 185;0;4.03089112722596
-23.587810846;-46.659169254;757.4;3060;Line 185;0;4.03089112722596
-23.587540868;-46.659145196;757.3;3030;Line 185;0;4.03089112722596
-23.587270889;-46.659121139;755.5;3000;Line 185;0;4.03089112722596
-23.587000911;-46.659097082;753.4;2970;Line 185;0;4.03089112722596
-23.586730933;-46.659073024;751.2;2940;Line 185;0;4.03089112722596
-23.586460955;-46.659048967;751.4;2910;Line 185;0;4.03089112722596
-23.586190976;-46.65902491;752.1;2880;Line 185;0;4.03089112722596
-23.585920998;-46.659000854;752.6;2850;Line 185;0;4.03089112722596
-23.58565102;-46.658976797;752.4;2820;Line 185;0;4.03089112722596
-23.585381041;-46.65895274;752.1;2790;Line 185;0;4.03089112722596
-23.585111063;-46.658928684;751.8;2760;Line 185;0;4.03089112722596
-23.584841084;-46.658904628;752.5;2730;Line 185;0;4.03089112722596
-23.584571106;-46.658880572;753.7;2700;Line 185;0;4.03089112722596
-23.584301127;-46.658856516;754.9;2670;Line 185;0;4.03089112722596
-23.584031149;-46.65883246;755.6;2640;Line 185;0;4.03089112722596
-23.583761171;-46.658808404;755.8;2610;Line 185;0;4.03089112722596
-23.583491192;-46.658784348;756.0;2580;Line 185;0;4.03089112722596
-23.583221213;-46.658760293;755.4;2550;Line 185;0;4.03089112722596
-23.582951235;-46.658736238;753.9;2520;Line 185;0;4.03089112722596
-23.582681256;-46.658712182;752.3;2490;Line 185;0;4.03089112722596
-23.582411278;-46.658688127;751.7;2460;Line 185;0;4.03089112722596
-23.582141299;-46.658664073;753.2;2430;Line 185;0;4.03089112722596
-23.581871321;-46.658640018;754.8;2400;Line 185;0;4.03089112722596
-23.581601342;-46.658615963;755.9;2370;Line 185;0;4.03089112722596
-23.581331363;-46.658591909;755.6;2340;Line 185;0;4.03089112722596
-23.581061385;-46.658567854;755.5;2310;Line 185;0;4.03089112722596
-23.580791406;-46.6585438;755.4;2280;Line 185;0;4.03089112722596
-23.580521427;-46.658519746;755.3;2250;Line 185;0;4.03089112722596
-23.580251449;-46.658495692;755.1;2220;Line 185;0;4.03089112722596
-23.57998147;-46.658471638;754.9;2190;Line 185;0;4.03089112722596
-23.579711491;-46.658447584;754.2;2160;Line 185;0;4.03089112722596
-23.579441512;-46.658423531;753.2;2130;Line 185;0;4.03089112722596
-23.579171534;-46.658399477;752.2;2100;Line 185;0;4.03089112722596
-23.578901555;-46.658375424;753.1;2070;Line 185;0;4.03089112722596
-23.578631576;-46.658351371;754.0;2040;Line 185;0;4.03089112722596
-23.578361597;-46.658327318;754.9;2010;Line 185;0;4.03089112722596
-23.578091618;-46.658303265;755.6;1980;Line 185;0;4.03089112722596
-23.577821639;-46.658279212;756.1;1950;Line 185;0;4.03089112722596
-23.57755166;-46.65825516;756.5;1920;Line 185;0;4.03089112722596
-23.577281681;-46.658231107;756.7;1890;Line 185;0;4.03089112722596
-23.577011703;-46.658207055;757.0;1860;Line 185;0;4.03089112722596
-23.576741724;-46.658183003;757.4;1830;Line 185;0;4.03089112722596
-23.576471745;-46.658158951;757.8;1800;Line 185;0;4.03089112722596
-23.576201766;-46.658134899;758.1;1770;Line 185;0;4.03089112722596
-23.575931787;-46.658110847;758.4;1740;Line 185;0;4.03089112722596
-23.575661808;-46.658086795;759.5;1710;Line 185;0;4.03089112722596
-23.575391829;-46.658062744;761.1;1680;Line 185;0;4.03089112722596
-23.575121849;-46.658038692;762.7;1650;Line 185;0;4.03089112722596
-23.57485187;-46.658014641;764.7;1620;Line 185;0;4.03089112722596
-23.574581891;-46.65799059;767.0;1590;Line 185;0;4.03089112722596
-23.574311912;-46.657966539;769.2;1560;Line 185;0;4.03089112722596
-23.574041933;-46.657942488;770.7;1530;Line 185;0;4.03089112722596
-23.573771954;-46.657918437;771.2;1500;Line 185;0;4.03089112722596
-23.573501975;-46.657894387;771.7;1470;Line 185;0;4.03089112722596
-23.573231995;-46.657870336;771.7;1440;Line 185;0;4.03089112722596
-23.572962016;-46.657846286;771.0;1410;Line 185;0;4.03089112722596
-23.572692037;-46.657822236;770.4;1380;Line 185;0;4.03089112722596
-23.572422058;-46.657798186;770.6;1350;Line 185;0;4.03089112722596
-23.572152079;-46.657774136;772.9;1320;Line 185;0;4.03089112722596
-23.571882099;-46.657750086;775.3;1290;Line 185;0;4.03089112722596
-23.57161212;-46.657726036;777.0;1260;Line 185;0;4.03089112722596
-23.571342141;-46.657701987;776.2;1230;Line 185;0;4.03089112722596
-23.571072161;-46.657677937;775.5;1200;Line 185;0;4.03089112722596
-23.570802182;-46.657653888;775.2;1170;Line 185;0;4.03089112722596
-23.570532203;-46.657629839;778.3;1140;Line 185;0;4.03089112722596
-23.570262223;-46.65760579;781.3;1110;Line 185;0;4.03089112722596
-23.569992244;-46.657581741;784.3;1080;Line 185;0;4.03089112722596
-23.569722264;-46.657557692;785.2;1050;Line 185;0;4.03089112722596
-23.569452285;-46.657533644;786.0;1020;Line 185;0;4.03089112722596
-23.569182305;-46.657509595;786.9;990;Line 185;0;4.03089112722596
-23.568912326;-46.657485547;786.8;960;Line 185;0;4.03089112722596
-23.568642346;-46.657461499;786.5;930;Line 185;0;4.03089112722596
-23.568372367;-46.657437451;786.2;900;Line 185;0;4.03089112722596
-23.568102387;-46.657413403;787.4;870;Line 185;0;4.03089112722596
-23.567832408;-46.657389355;789.0;840;Line 185;0;4.03089112722596
-23.567562428;-46.657365308;790.6;810;Line 185;0;4.03089112722596
-23.567292449;-46.65734126;794.0;780;Line 185;0;4.03089112722596
-23.567022469;-46.657317213;797.8;750;Line 185;0;4.03089112722596
-23.566752489;-46.657293165;801.6;720;Line 185;0;4.03089112722596
-23.56648251;-46.657269118;803.6;690;Line 185;0;4.03089112722596
-23.56621253;-46.657245071;804.9;660;Line 185;0;4.03089112722596
-23.56594255;-46.657221025;806.2;630;Line 185;0;4.03089112722596
-23.565672571;-46.657196978;809.0;600;Line 185;0;4.03089112722596
-23.565402591;-46.657172931;812.7;570;Line 185;0;4.03089112722596
-23.565132611;-46.657148885;816.3;540;Line 185;0;4.03089112722596
-23.564862631;-46.657124839;818.7;510;Line 185;0;4.03089112722596
-23.564592652;-46.657100792;820.1;480;Line 185;0;4.03089112722596
-23.564322672;-46.657076746;821.7;450;Line 185;0;4.03089112722596
-23.564052692;-46.657052701;822.9;420;Line 185;0;4.03089112722596
-23.563782712;-46.657028655;823.5;390;Line 185;0;4.03089112722596
-23.563512732;-46.657004609;823.9;360;Line 185;0;4.03089112722596
-23.563242752;-46.656980564;824.7;330;Line 185;0;4.03089112722596
-23.562972773;-46.656956518;826.3;300;Line 185;0;4.03089112722596
-23.562702793;-46.656932473;828.0;270;Line 185;0;4.03089112722596
-23.562432813;-46.656908428;830.1;240;Line 185;0;4.03089112722596
-23.562162833;-46.656884383;833.0;210;Line 185;0;4.03089112722596
-23.561892853;-46.656860338;835.5;180;Line 185;0;4.03089112722596
-23.561622873;-46.656836294;837.6;150;Line 185;0;4.03089112722596
-23.561352893;-46.656812249;838.2;120;Line 185;0;4.03089112722596
-23.561082913;-46.656788205;838.7;90;Line 185;0;4.03089112722596
-23.560812933;-46.656764161;838.9;60;Line 185;0;4.03089112722596
-23.560542953;-46.656740116;836.7;30;Line 185;0;4.03089112722596
-23.560272973;-46.656716072;834.6;0;Line 185;0;4.03089112722596
