latitude;longitude;altitude (m);distance_m;name;obstrucao;angle
-23.070506317;-47.0901169;740.4;69960;Line 321;1;139.965714781107
-23.070716164;-47.089931832;738.7;69930;Line 321;1;139.965714781107
-23.070926011;-47.089746763;736.6;69900;Line 321;1;139.965714781107
-23.071135858;-47.089561693;735.0;69870;Line 321;1;139.965714781107
-23.071345705;-47.089376623;733.3;69840;Line 321;1;139.965714781107
-23.071555551;-47.089191553;731.6;69810;Line 321;1;139.965714781107
-23.071765397;-47.089006482;730.8;69780;Line 321;1;139.965714781107
-23.071975243;-47.08882141;729.3;69750;Line 321;1;139.965714781107
-23.072185089;-47.088636337;727.2;69720;Line 321;1;139.965714781107
-23.072394935;-47.088451265;724.6;69690;Line 321;1;139.965714781107
-23.07260478;-47.088266191;721.4;69660;Line 321;1;139.965714781107
-23.072814625;-47.088081117;718.2;69630;Line 321;1;139.965714781107
-23.07302447;-47.087896042;715.4;69600;Line 321;1;139.965714781107
-23.073234315;-47.087710967;713.1;69570;Line 321;1;139.965714781107
-23.07344416;-47.087525892;712.8;69540;Line 321;1;139.965714781107
-23.073654005;-47.087340815;713.3;69510;Line 321;1;139.965714781107
-23.073863849;-47.087155738;713.5;69480;Line 321;1;139.965714781107
-23.074073693;-47.086970661;713.6;69450;Line 321;1;139.965714781107
-23.074283537;-47.086785583;713.6;69420;Line 321;1;139.965714781107
-23.074493381;-47.086600504;713.2;69390;Line 321;1;139.965714781107
-23.074703225;-47.086415425;712.3;69360;Line 321;1;139.965714781107
-23.074913068;-47.086230346;711.3;69330;Line 321;1;139.965714781107
-23.075122912;-47.086045265;710.0;69300;Line 321;1;139.965714781107
-23.075332755;-47.085860185;709.2;69270;Line 321;1;139.965714781107
-23.075542598;-47.085675103;710.5;69240;Line 321;1;139.965714781107
-23.07575244;-47.085490021;712.6;69210;Line 321;1;139.965714781107
-23.075962283;-47.085304939;714.0;69180;Line 321;1;139.965714781107
-23.076172125;-47.085119856;715.1;69150;Line 321;1;139.965714781107
-23.076381968;-47.084934772;716.7;69120;Line 321;1;139.965714781107
-23.07659181;-47.084749688;718.5;69090;Line 321;1;139.965714781107
-23.076801652;-47.084564603;722.2;69060;Line 321;1;139.965714781107
-23.077011493;-47.084379518;726.9;69030;Line 321;1;139.965714781107
-23.077221335;-47.084194432;732.1;69000;Line 321;1;139.965714781107
-23.077431176;-47.084009345;734.6;68970;Line 321;1;139.965714781107
-23.077641017;-47.083824258;736.9;68940;Line 321;1;139.965714781107
-23.077850858;-47.083639171;740.1;68910;Line 321;1;139.965714781107
-23.078060699;-47.083454082;743.9;68880;Line 321;1;139.965714781107
-23.07827054;-47.083268994;746.9;68850;Line 321;1;139.965714781107
-23.07848038;-47.083083904;743.9;68820;Line 321;1;139.965714781107
-23.07869022;-47.082898815;741.1;68790;Line 321;1;139.965714781107
-23.07890006;-47.082713724;740.3;68760;Line 321;1;139.965714781107
-23.0791099;-47.082528633;741.3;68730;Line 321;1;139.965714781107
-23.07931974;-47.082343542;737.6;68700;Line 321;1;139.965714781107
-23.079529579;-47.082158449;732.8;68670;Line 321;1;139.965714781107
-23.079739419;-47.081973357;728.3;68640;Line 321;1;139.965714781107
-23.079949258;-47.081788263;724.4;68610;Line 321;1;139.965714781107
-23.080159097;-47.08160317;723.0;68580;Line 321;1;139.965714781107
-23.080368936;-47.081418075;723.1;68550;Line 321;1;139.965714781107
-23.080578774;-47.08123298;722.4;68520;Line 321;1;139.965714781107
-23.080788613;-47.081047885;720.8;68490;Line 321;1;139.965714781107
-23.080998451;-47.080862789;719.7;68460;Line 321;1;139.965714781107
-23.081208289;-47.080677692;723.8;68430;Line 321;1;139.965714781107
-23.081418127;-47.080492595;728.3;68400;Line 321;1;139.965714781107
-23.081627965;-47.080307497;732.4;68370;Line 321;1;139.965714781107
-23.081837802;-47.080122399;738.9;68340;Line 321;1;139.965714781107
-23.08204764;-47.0799373;745.0;68310;Line 321;1;139.965714781107
-23.082257477;-47.0797522;748.1;68280;Line 321;1;139.965714781107
-23.082467314;-47.0795671;750.3;68250;Line 321;1;139.965714781107
-23.082677151;-47.079382;749.5;68220;Line 321;1;139.965714781107
-23.082886987;-47.079196898;749.0;68190;Line 321;1;139.965714781107
-23.083096824;-47.079011797;750.7;68160;Line 321;1;139.965714781107
-23.08330666;-47.078826694;752.9;68130;Line 321;1;139.965714781107
-23.083516496;-47.078641591;756.0;68100;Line 321;1;139.965714781107
-23.083726332;-47.078456488;759.7;68070;Line 321;1;139.965714781107
-23.083936168;-47.078271384;763.7;68040;Line 321;1;139.965714781107
-23.084146003;-47.078086279;767.5;68010;Line 321;1;139.965714781107
-23.084355839;-47.077901174;770.0;67980;Line 321;1;139.965714781107
-23.084565674;-47.077716069;772.4;67950;Line 321;1;139.965714781107
-23.084775509;-47.077530962;774.7;67920;Line 321;1;139.965714781107
-23.084985344;-47.077345855;775.9;67890;Line 321;1;139.965714781107
-23.085195178;-47.077160748;776.8;67860;Line 321;1;139.965714781107
-23.085405013;-47.07697564;777.2;67830;Line 321;1;139.965714781107
-23.085614847;-47.076790531;777.2;67800;Line 321;1;139.965714781107
-23.085824681;-47.076605422;776.4;67770;Line 321;1;139.965714781107
-23.086034515;-47.076420313;775.6;67740;Line 321;1;139.965714781107
-23.086244349;-47.076235202;775.1;67710;Line 321;1;139.965714781107
-23.086454182;-47.076050092;775.0;67680;Line 321;1;139.965714781107
-23.086664016;-47.07586498;775.2;67650;Line 321;1;139.965714781107
-23.086873849;-47.075679868;777.6;67620;Line 321;1;139.965714781107
-23.087083682;-47.075494756;780.1;67590;Line 321;1;139.965714781107
-23.087293515;-47.075309643;782.3;67560;Line 321;1;139.965714781107
-23.087503348;-47.075124529;784.3;67530;Line 321;1;139.965714781107
-23.08771318;-47.074939415;787.2;67500;Line 321;1;139.965714781107
-23.087923012;-47.0747543;790.1;67470;Line 321;1;139.965714781107
-23.088132844;-47.074569185;791.8;67440;Line 321;1;139.965714781107
-23.088342676;-47.074384069;792.4;67410;Line 321;1;139.965714781107
-23.088552508;-47.074198952;792.8;67380;Line 321;1;139.965714781107
-23.08876234;-47.074013835;792.4;67350;Line 321;1;139.965714781107
-23.088972171;-47.073828718;792.2;67320;Line 321;1;139.965714781107
-23.089182002;-47.0736436;792.2;67290;Line 321;1;139.965714781107
-23.089391833;-47.073458481;794.3;67260;Line 321;1;139.965714781107
-23.089601664;-47.073273362;797.6;67230;Line 321;1;139.965714781107
-23.089811495;-47.073088242;802.6;67200;Line 321;1;139.965714781107
-23.090021325;-47.072903121;807.9;67170;Line 321;1;139.965714781107
-23.090231156;-47.072718;812.0;67140;Line 321;1;139.965714781107
-23.090440986;-47.072532879;816.2;67110;Line 321;1;139.965714781107
-23.090650816;-47.072347757;820.1;67080;Line 321;1;139.965714781107
-23.090860646;-47.072162634;823.8;67050;Line 321;1;139.965714781107
-23.091070475;-47.071977511;826.1;67020;Line 321;1;139.965714781107
-23.091280305;-47.071792387;828.2;66990;Line 321;1;139.965714781107
-23.091490134;-47.071607262;829.7;66960;Line 321;1;139.965714781107
-23.091699963;-47.071422137;829.6;66930;Line 321;1;139.965714781107
-23.091909792;-47.071237012;827.3;66900;Line 321;1;139.965714781107
-23.09211962;-47.071051886;824.9;66870;Line 321;1;139.965714781107
-23.092329449;-47.070866759;822.4;66840;Line 321;1;139.965714781107
-23.092539277;-47.070681632;819.2;66810;Line 321;1;139.965714781107
-23.092749105;-47.070496504;816.2;66780;Line 321;1;139.965714781107
-23.092958933;-47.070311376;813.0;66750;Line 321;1;139.965714781107
-23.093168761;-47.070126247;809.6;66720;Line 321;1;139.965714781107
-23.093378589;-47.069941117;806.6;66690;Line 321;1;139.965714781107
-23.093588416;-47.069755987;805.9;66660;Line 321;1;139.965714781107
-23.093798243;-47.069570857;805.5;66630;Line 321;1;139.965714781107
-23.09400807;-47.069385726;805.5;66600;Line 321;1;139.965714781107
-23.094217897;-47.069200594;805.4;66570;Line 321;1;139.965714781107
-23.094427724;-47.069015461;803.7;66540;Line 321;1;139.965714781107
-23.094637551;-47.068830329;802.2;66510;Line 321;1;139.965714781107
-23.094847377;-47.068645195;801.2;66480;Line 321;1;139.965714781107
-23.095057203;-47.068460061;800.9;66450;Line 321;1;139.965714781107
-23.095267029;-47.068274926;802.8;66420;Line 321;1;139.965714781107
-23.095476855;-47.068089791;806.3;66390;Line 321;1;139.965714781107
-23.09568668;-47.067904656;809.7;66360;Line 321;1;139.965714781107
-23.095896506;-47.067719519;812.9;66330;Line 321;1;139.965714781107
-23.096106331;-47.067534382;815.8;66300;Line 321;1;139.965714781107
-23.096316156;-47.067349245;818.0;66270;Line 321;1;139.965714781107
-23.096525981;-47.067164107;819.3;66240;Line 321;1;139.965714781107
-23.096735806;-47.066978969;819.5;66210;Line 321;1;139.965714781107
-23.09694563;-47.066793829;818.1;66180;Line 321;1;139.965714781107
-23.097155455;-47.06660869;816.1;66150;Line 321;1;139.965714781107
-23.097365279;-47.066423549;813.6;66120;Line 321;1;139.965714781107
-23.097575103;-47.066238409;810.8;66090;Line 321;1;139.965714781107
-23.097784927;-47.066053267;807.1;66060;Line 321;1;139.965714781107
-23.09799475;-47.065868125;803.2;66030;Line 321;1;139.965714781107
-23.098204574;-47.065682983;798.6;66000;Line 321;1;139.965714781107
-23.098414397;-47.06549784;794.5;65970;Line 321;1;139.965714781107
-23.09862422;-47.065312696;791.3;65940;Line 321;1;139.965714781107
-23.098834043;-47.065127552;788.9;65910;Line 321;1;139.965714781107
-23.099043866;-47.064942407;787.7;65880;Line 321;1;139.965714781107
-23.099253688;-47.064757262;786.9;65850;Line 321;1;139.965714781107
-23.099463511;-47.064572116;784.8;65820;Line 321;1;139.965714781107
-23.099673333;-47.064386969;782.3;65790;Line 321;1;139.965714781107
-23.099883155;-47.064201822;779.4;65760;Line 321;1;139.965714781107
-23.100092977;-47.064016675;775.7;65730;Line 321;1;139.965714781107
-23.100302798;-47.063831526;771.9;65700;Line 321;1;139.965714781107
-23.10051262;-47.063646378;768.1;65670;Line 321;1;139.965714781107
-23.100722441;-47.063461228;764.3;65640;Line 321;1;139.965714781107
-23.100932262;-47.063276078;760.8;65610;Line 321;1;139.965714781107
-23.101142083;-47.063090928;757.8;65580;Line 321;1;139.965714781107
-23.101351904;-47.062905777;755.0;65550;Line 321;1;139.965714781107
-23.101561724;-47.062720625;752.3;65520;Line 321;1;139.965714781107
-23.101771545;-47.062535473;751.4;65490;Line 321;1;139.965714781107
-23.101981365;-47.062350321;752.6;65460;Line 321;1;139.965714781107
-23.102191185;-47.062165167;753.4;65430;Line 321;1;139.965714781107
-23.102401005;-47.061980013;753.9;65400;Line 321;1;139.965714781107
-23.102610824;-47.061794859;754.2;65370;Line 321;1;139.965714781107
-23.102820644;-47.061609704;755.3;65340;Line 321;1;139.965714781107
-23.103030463;-47.061424548;757.2;65310;Line 321;1;139.965714781107
-23.103240282;-47.061239392;759.4;65280;Line 321;1;139.965714781107
-23.103450101;-47.061054236;761.1;65250;Line 321;1;139.965714781107
-23.10365992;-47.060869078;761.4;65220;Line 321;1;139.965714781107
-23.103869738;-47.060683921;760.1;65190;Line 321;1;139.965714781107
-23.104079557;-47.060498762;758.9;65160;Line 321;1;139.965714781107
-23.104289375;-47.060313603;757.9;65130;Line 321;1;139.965714781107
-23.104499193;-47.060128444;756.6;65100;Line 321;1;139.965714781107
-23.104709011;-47.059943284;755.5;65070;Line 321;1;139.965714781107
-23.104918828;-47.059758123;754.5;65040;Line 321;1;139.965714781107
-23.105128646;-47.059572962;752.2;65010;Line 321;1;139.965714781107
-23.105338463;-47.0593878;749.4;64980;Line 321;1;139.965714781107
-23.10554828;-47.059202638;746.7;64950;Line 321;1;139.965714781107
-23.105758097;-47.059017475;743.7;64920;Line 321;1;139.965714781107
-23.105967914;-47.058832311;740.8;64890;Line 321;1;139.965714781107
-23.10617773;-47.058647147;737.6;64860;Line 321;1;139.965714781107
-23.106387547;-47.058461983;734.3;64830;Line 321;1;139.965714781107
-23.106597363;-47.058276817;731.4;64800;Line 321;1;139.965714781107
-23.106807179;-47.058091652;731.1;64770;Line 321;1;139.965714781107
-23.107016995;-47.057906485;731.9;64740;Line 321;1;139.965714781107
-23.10722681;-47.057721318;733.3;64710;Line 321;1;139.965714781107
-23.107436626;-47.057536151;735.4;64680;Line 321;1;139.965714781107
-23.107646441;-47.057350983;738.9;64650;Line 321;1;139.965714781107
-23.107856256;-47.057165814;742.7;64620;Line 321;1;139.965714781107
-23.108066071;-47.056980645;746.7;64590;Line 321;1;139.965714781107
-23.108275886;-47.056795475;750.7;64560;Line 321;1;139.965714781107
-23.108485701;-47.056610305;755.0;64530;Line 321;1;139.965714781107
-23.108695515;-47.056425134;758.3;64500;Line 321;1;139.965714781107
-23.108905329;-47.056239963;761.2;64470;Line 321;1;139.965714781107
-23.109115143;-47.056054791;763.8;64440;Line 321;1;139.965714781107
-23.109324957;-47.055869618;766.4;64410;Line 321;1;139.965714781107
-23.109534771;-47.055684445;768.8;64380;Line 321;1;139.965714781107
-23.109744584;-47.055499272;771.1;64350;Line 321;1;139.965714781107
-23.109954397;-47.055314097;773.2;64320;Line 321;1;139.965714781107
-23.110164211;-47.055128922;775.7;64290;Line 321;1;139.965714781107
-23.110374024;-47.054943747;778.1;64260;Line 321;1;139.965714781107
-23.110583836;-47.054758571;779.1;64230;Line 321;1;139.965714781107
-23.110793649;-47.054573395;780.0;64200;Line 321;1;139.965714781107
-23.111003461;-47.054388218;780.4;64170;Line 321;1;139.965714781107
-23.111213273;-47.05420304;780.9;64140;Line 321;1;139.965714781107
-23.111423085;-47.054017862;781.0;64110;Line 321;1;139.965714781107
-23.111632897;-47.053832683;781.0;64080;Line 321;1;139.965714781107
-23.111842709;-47.053647504;779.6;64050;Line 321;1;139.965714781107
-23.11205252;-47.053462324;777.0;64020;Line 321;1;139.965714781107
-23.112262332;-47.053277143;774.0;63990;Line 321;1;139.965714781107
-23.112472143;-47.053091962;771.5;63960;Line 321;1;139.965714781107
-23.112681954;-47.05290678;766.8;63930;Line 321;1;139.965714781107
-23.112891765;-47.052721598;761.8;63900;Line 321;1;139.965714781107
-23.113101575;-47.052536415;756.7;63870;Line 321;1;139.965714781107
-23.113311386;-47.052351232;753.5;63840;Line 321;1;139.965714781107
-23.113521196;-47.052166048;750.0;63810;Line 321;1;139.965714781107
-23.113731006;-47.051980864;747.0;63780;Line 321;1;139.965714781107
-23.113940816;-47.051795679;744.5;63750;Line 321;1;139.965714781107
-23.114150625;-47.051610493;742.5;63720;Line 321;1;139.965714781107
-23.114360435;-47.051425307;738.9;63690;Line 321;1;139.965714781107
-23.114570244;-47.05124012;734.8;63660;Line 321;1;139.965714781107
-23.114780053;-47.051054933;730.3;63630;Line 321;1;139.965714781107
-23.114989862;-47.050869745;725.3;63600;Line 321;1;139.965714781107
-23.115199671;-47.050684557;721.8;63570;Line 321;1;139.965714781107
-23.11540948;-47.050499368;719.6;63540;Line 321;1;139.965714781107
-23.115619288;-47.050314178;718.4;63510;Line 321;1;139.965714781107
-23.115829096;-47.050128988;718.2;63480;Line 321;1;139.965714781107
-23.116038904;-47.049943797;719.9;63450;Line 321;1;139.965714781107
-23.116248712;-47.049758606;721.9;63420;Line 321;1;139.965714781107
-23.11645852;-47.049573414;723.8;63390;Line 321;1;139.965714781107
-23.116668327;-47.049388222;725.5;63360;Line 321;1;139.965714781107
-23.116878135;-47.049203029;723.7;63330;Line 321;1;139.965714781107
-23.117087942;-47.049017835;719.2;63300;Line 321;1;139.965714781107
-23.117297749;-47.048832641;714.6;63270;Line 321;1;139.965714781107
-23.117507555;-47.048647446;710.6;63240;Line 321;1;139.965714781107
-23.117717362;-47.048462251;709.4;63210;Line 321;1;139.965714781107
-23.117927168;-47.048277055;709.1;63180;Line 321;1;139.965714781107
-23.118136975;-47.048091859;710.1;63150;Line 321;1;139.965714781107
-23.118346781;-47.047906662;710.9;63120;Line 321;1;139.965714781107
-23.118556586;-47.047721465;710.0;63090;Line 321;1;139.965714781107
-23.118766392;-47.047536267;708.4;63060;Line 321;1;139.965714781107
-23.118976198;-47.047351068;705.8;63030;Line 321;1;139.965714781107
-23.119186003;-47.047165869;703.5;63000;Line 321;1;139.965714781107
-23.119395808;-47.046980669;703.0;62970;Line 321;1;139.965714781107
-23.119605613;-47.046795469;702.0;62940;Line 321;1;139.965714781107
-23.119815418;-47.046610268;700.8;62910;Line 321;1;139.965714781107
-23.120025222;-47.046425066;699.8;62880;Line 321;1;139.965714781107
-23.120235027;-47.046239864;699.8;62850;Line 321;1;139.965714781107
-23.120444831;-47.046054661;699.0;62820;Line 321;1;139.965714781107
-23.120654635;-47.045869458;697.4;62790;Line 321;1;139.965714781107
-23.120864439;-47.045684255;696.3;62760;Line 321;1;139.965714781107
-23.121074243;-47.04549905;695.9;62730;Line 321;1;139.965714781107
-23.121284046;-47.045313845;695.0;62700;Line 321;1;139.965714781107
-23.121493849;-47.04512864;693.5;62670;Line 321;1;139.965714781107
-23.121703653;-47.044943434;693.2;62640;Line 321;1;139.965714781107
-23.121913456;-47.044758227;697.5;62610;Line 321;1;139.965714781107
-23.122123258;-47.04457302;701.9;62580;Line 321;1;139.965714781107
-23.122333061;-47.044387812;706.2;62550;Line 321;1;139.965714781107
-23.122542863;-47.044202604;710.2;62520;Line 321;1;139.965714781107
-23.122752666;-47.044017395;711.8;62490;Line 321;1;139.965714781107
-23.122962468;-47.043832186;712.4;62460;Line 321;1;139.965714781107
-23.123172269;-47.043646976;712.0;62430;Line 321;1;139.965714781107
-23.123382071;-47.043461765;711.5;62400;Line 321;1;139.965714781107
-23.123591873;-47.043276554;713.2;62370;Line 321;1;139.965714781107
-23.123801674;-47.043091342;715.4;62340;Line 321;1;139.965714781107
-23.124011475;-47.04290613;718.4;62310;Line 321;1;139.965714781107
-23.124221276;-47.042720917;722.0;62280;Line 321;1;139.965714781107
-23.124431077;-47.042535704;725.5;62250;Line 321;1;139.965714781107
-23.124640877;-47.04235049;728.6;62220;Line 321;1;139.965714781107
-23.124850678;-47.042165276;731.7;62190;Line 321;1;139.965714781107
-23.125060478;-47.04198006;734.4;62160;Line 321;1;139.965714781107
-23.125270278;-47.041794845;736.2;62130;Line 321;1;139.965714781107
-23.125480078;-47.041609629;738.0;62100;Line 321;1;139.965714781107
-23.125689878;-47.041424412;739.5;62070;Line 321;1;139.965714781107
-23.125899677;-47.041239194;740.0;62040;Line 321;1;139.965714781107
-23.126109476;-47.041053976;737.9;62010;Line 321;1;139.965714781107
-23.126319276;-47.040868758;736.1;61980;Line 321;1;139.965714781107
-23.126529074;-47.040683539;734.1;61950;Line 321;1;139.965714781107
-23.126738873;-47.040498319;732.6;61920;Line 321;1;139.965714781107
-23.126948672;-47.040313099;732.5;61890;Line 321;1;139.965714781107
-23.12715847;-47.040127878;733.8;61860;Line 321;1;139.965714781107
-23.127368268;-47.039942657;736.0;61830;Line 321;1;139.965714781107
-23.127578067;-47.039757435;737.9;61800;Line 321;1;139.965714781107
-23.127787864;-47.039572213;739.4;61770;Line 321;1;139.965714781107
-23.127997662;-47.039386989;740.9;61740;Line 321;1;139.965714781107
-23.12820746;-47.039201766;742.2;61710;Line 321;1;139.965714781107
-23.128417257;-47.039016542;744.2;61680;Line 321;1;139.965714781107
-23.128627054;-47.038831317;747.6;61650;Line 321;1;139.965714781107
-23.128836851;-47.038646092;751.2;61620;Line 321;1;139.965714781107
-23.129046648;-47.038460866;755.2;61590;Line 321;1;139.965714781107
-23.129256444;-47.038275639;758.4;61560;Line 321;1;139.965714781107
-23.129466241;-47.038090412;759.8;61530;Line 321;1;139.965714781107
-23.129676037;-47.037905185;760.9;61500;Line 321;1;139.965714781107
-23.129885833;-47.037719957;761.8;61470;Line 321;1;139.965714781107
-23.130095629;-47.037534728;762.7;61440;Line 321;1;139.965714781107
-23.130305425;-47.037349499;762.5;61410;Line 321;1;139.965714781107
-23.13051522;-47.037164269;761.7;61380;Line 321;1;139.965714781107
-23.130725015;-47.036979038;760.7;61350;Line 321;1;139.965714781107
-23.13093481;-47.036793807;758.9;61320;Line 321;1;139.965714781107
-23.131144605;-47.036608576;756.3;61290;Line 321;1;139.965714781107
-23.1313544;-47.036423344;753.4;61260;Line 321;1;139.965714781107
-23.131564195;-47.036238111;750.6;61230;Line 321;1;139.965714781107
-23.131773989;-47.036052878;748.7;61200;Line 321;1;139.965714781107
-23.131983783;-47.035867644;747.6;61170;Line 321;1;139.965714781107
-23.132193577;-47.035682409;746.6;61140;Line 321;1;139.965714781107
-23.132403371;-47.035497174;745.5;61110;Line 321;1;139.965714781107
-23.132613165;-47.035311939;743.9;61080;Line 321;1;139.965714781107
-23.132822958;-47.035126703;742.0;61050;Line 321;1;139.965714781107
-23.133032752;-47.034941466;740.1;61020;Line 321;1;139.965714781107
-23.133242545;-47.034756229;737.6;60990;Line 321;1;139.965714781107
-23.133452338;-47.034570991;735.0;60960;Line 321;1;139.965714781107
-23.133662131;-47.034385753;732.5;60930;Line 321;1;139.965714781107
-23.133871923;-47.034200514;730.0;60900;Line 321;1;139.965714781107
-23.134081716;-47.034015274;726.3;60870;Line 321;1;139.965714781107
-23.134291508;-47.033830034;722.1;60840;Line 321;1;139.965714781107
-23.1345013;-47.033644794;718.1;60810;Line 321;1;139.965714781107
-23.134711092;-47.033459552;714.0;60780;Line 321;1;139.965714781107
-23.134920883;-47.033274311;709.2;60750;Line 321;1;139.965714781107
-23.135130675;-47.033089068;701.9;60720;Line 321;1;139.965714781107
-23.135340466;-47.032903825;695.1;60690;Line 321;1;139.965714781107
-23.135550257;-47.032718582;689.7;60660;Line 321;1;139.965714781107
-23.135760048;-47.032533338;685.6;60630;Line 321;1;139.965714781107
-23.135969839;-47.032348093;683.7;60600;Line 321;1;139.965714781107
-23.13617963;-47.032162848;682.2;60570;Line 321;1;139.965714781107
-23.13638942;-47.031977602;681.0;60540;Line 321;1;139.965714781107
-23.13659921;-47.031792356;680.2;60510;Line 321;1;139.965714781107
-23.136809;-47.031607109;680.2;60480;Line 321;1;139.965714781107
-23.13701879;-47.031421862;681.2;60450;Line 321;1;139.965714781107
-23.13722858;-47.031236613;682.8;60420;Line 321;1;139.965714781107
-23.137438369;-47.031051365;684.9;60390;Line 321;1;139.965714781107
-23.137648159;-47.030866116;688.0;60360;Line 321;1;139.965714781107
-23.137857948;-47.030680866;689.7;60330;Line 321;1;139.965714781107
-23.138067737;-47.030495616;690.8;60300;Line 321;1;139.965714781107
-23.138277525;-47.030310365;691.7;60270;Line 321;1;139.965714781107
-23.138487314;-47.030125113;690.5;60240;Line 321;1;139.965714781107
-23.138697102;-47.029939861;688.0;60210;Line 321;1;139.965714781107
-23.138906891;-47.029754609;685.7;60180;Line 321;1;139.965714781107
-23.139116679;-47.029569356;684.1;60150;Line 321;1;139.965714781107
-23.139326466;-47.029384102;684.1;60120;Line 321;1;139.965714781107
-23.139536254;-47.029198848;685.2;60090;Line 321;1;139.965714781107
-23.139746042;-47.029013593;687.6;60060;Line 321;1;139.965714781107
-23.139955829;-47.028828337;690.9;60030;Line 321;1;139.965714781107
-23.140165616;-47.028643081;692.6;60000;Line 321;1;139.965714781107
-23.140375403;-47.028457825;693.9;59970;Line 321;1;139.965714781107
-23.14058519;-47.028272568;694.6;59940;Line 321;1;139.965714781107
-23.140794976;-47.02808731;694.3;59910;Line 321;1;139.965714781107
-23.141004763;-47.027902052;694.9;59880;Line 321;1;139.965714781107
-23.141214549;-47.027716793;695.9;59850;Line 321;1;139.965714781107
-23.141424335;-47.027531534;697.0;59820;Line 321;1;139.965714781107
-23.141634121;-47.027346274;697.9;59790;Line 321;1;139.965714781107
-23.141843906;-47.027161013;698.5;59760;Line 321;1;139.965714781107
-23.142053692;-47.026975752;698.8;59730;Line 321;1;139.965714781107
-23.142263477;-47.02679049;698.9;59700;Line 321;1;139.965714781107
-23.142473262;-47.026605228;699.1;59670;Line 321;1;139.965714781107
-23.142683047;-47.026419965;699.4;59640;Line 321;1;139.965714781107
-23.142892832;-47.026234702;699.6;59610;Line 321;1;139.965714781107
-23.143102616;-47.026049438;699.8;59580;Line 321;1;139.965714781107
-23.143312401;-47.025864174;700.0;59550;Line 321;1;139.965714781107
-23.143522185;-47.025678909;695.1;59520;Line 321;1;139.965714781107
-23.143731969;-47.025493643;690.2;59490;Line 321;1;139.965714781107
-23.143941753;-47.025308377;686.1;59460;Line 321;1;139.965714781107
-23.144151537;-47.02512311;682.7;59430;Line 321;1;139.965714781107
-23.14436132;-47.024937843;681.6;59400;Line 321;1;139.965714781107
-23.144571103;-47.024752575;680.8;59370;Line 321;1;139.965714781107
-23.144780886;-47.024567306;680.1;59340;Line 321;1;139.965714781107
-23.144990669;-47.024382037;679.5;59310;Line 321;1;139.965714781107
-23.145200452;-47.024196768;679.5;59280;Line 321;1;139.965714781107
-23.145410235;-47.024011497;679.9;59250;Line 321;1;139.965714781107
-23.145620017;-47.023826227;680.4;59220;Line 321;1;139.965714781107
-23.145829799;-47.023640955;681.0;59190;Line 321;1;139.965714781107
-23.146039581;-47.023455683;680.8;59160;Line 321;1;139.965714781107
-23.146249363;-47.023270411;680.7;59130;Line 321;1;139.965714781107
-23.146459145;-47.023085138;681.0;59100;Line 321;1;139.965714781107
-23.146668926;-47.022899864;681.0;59070;Line 321;1;139.965714781107
-23.146878707;-47.02271459;681.7;59040;Line 321;1;139.965714781107
-23.147088489;-47.022529315;682.4;59010;Line 321;1;139.965714781107
-23.147298269;-47.02234404;682.8;58980;Line 321;1;139.965714781107
-23.14750805;-47.022158764;682.6;58950;Line 321;1;139.965714781107
-23.147717831;-47.021973488;683.2;58920;Line 321;1;139.965714781107
-23.147927611;-47.021788211;683.7;58890;Line 321;1;139.965714781107
-23.148137391;-47.021602933;684.3;58860;Line 321;1;139.965714781107
-23.148347171;-47.021417655;684.9;58830;Line 321;1;139.965714781107
-23.148556951;-47.021232376;683.5;58800;Line 321;1;139.965714781107
-23.148766731;-47.021047097;682.3;58770;Line 321;1;139.965714781107
-23.14897651;-47.020861817;681.1;58740;Line 321;1;139.965714781107
-23.149186289;-47.020676537;680.0;58710;Line 321;1;139.965714781107
-23.149396069;-47.020491256;679.6;58680;Line 321;1;139.965714781107
-23.149605847;-47.020305974;679.3;58650;Line 321;1;139.965714781107
-23.149815626;-47.020120692;679.1;58620;Line 321;1;139.965714781107
-23.150025405;-47.019935409;679.2;58590;Line 321;1;139.965714781107
-23.150235183;-47.019750126;680.0;58560;Line 321;1;139.965714781107
-23.150444961;-47.019564842;681.4;58530;Line 321;1;139.965714781107
-23.150654739;-47.019379558;683.4;58500;Line 321;1;139.965714781107
-23.150864517;-47.019194273;686.1;58470;Line 321;1;139.965714781107
-23.151074295;-47.019008987;689.2;58440;Line 321;1;139.965714781107
-23.151284072;-47.018823701;692.1;58410;Line 321;1;139.965714781107
-23.151493849;-47.018638415;694.7;58380;Line 321;1;139.965714781107
-23.151703627;-47.018453127;697.1;58350;Line 321;1;139.965714781107
-23.151913403;-47.01826784;699.6;58320;Line 321;1;139.965714781107
-23.15212318;-47.018082551;702.1;58290;Line 321;1;139.965714781107
-23.152332957;-47.017897262;704.5;58260;Line 321;1;139.965714781107
-23.152542733;-47.017711973;707.0;58230;Line 321;1;139.965714781107
-23.152752509;-47.017526683;710.2;58200;Line 321;1;139.965714781107
-23.152962285;-47.017341392;712.9;58170;Line 321;1;139.965714781107
-23.153172061;-47.017156101;714.8;58140;Line 321;1;139.965714781107
-23.153381837;-47.016970809;715.9;58110;Line 321;1;139.965714781107
-23.153591612;-47.016785517;717.0;58080;Line 321;1;139.965714781107
-23.153801387;-47.016600224;718.2;58050;Line 321;1;139.965714781107
-23.154011162;-47.01641493;719.4;58020;Line 321;1;139.965714781107
-23.154220937;-47.016229636;720.6;57990;Line 321;1;139.965714781107
-23.154430712;-47.016044342;722.7;57960;Line 321;1;139.965714781107
-23.154640486;-47.015859046;724.9;57930;Line 321;1;139.965714781107
-23.154850261;-47.015673751;727.2;57900;Line 321;1;139.965714781107
-23.155060035;-47.015488454;728.9;57870;Line 321;1;139.965714781107
-23.155269809;-47.015303157;730.1;57840;Line 321;1;139.965714781107
-23.155479583;-47.01511786;731.6;57810;Line 321;1;139.965714781107
-23.155689356;-47.014932562;733.3;57780;Line 321;1;139.965714781107
-23.15589913;-47.014747263;733.7;57750;Line 321;1;139.965714781107
-23.156108903;-47.014561964;731.9;57720;Line 321;1;139.965714781107
-23.156318676;-47.014376664;730.3;57690;Line 321;1;139.965714781107
-23.156528449;-47.014191364;728.7;57660;Line 321;1;139.965714781107
-23.156738222;-47.014006063;725.9;57630;Line 321;1;139.965714781107
-23.156947994;-47.013820762;722.4;57600;Line 321;1;139.965714781107
-23.157157766;-47.01363546;719.5;57570;Line 321;1;139.965714781107
-23.157367539;-47.013450157;717.2;57540;Line 321;1;139.965714781107
-23.157577311;-47.013264854;715.1;57510;Line 321;1;139.965714781107
-23.157787082;-47.01307955;712.9;57480;Line 321;1;139.965714781107
-23.157996854;-47.012894246;710.9;57450;Line 321;1;139.965714781107
-23.158206625;-47.012708941;709.2;57420;Line 321;1;139.965714781107
-23.158416397;-47.012523636;707.2;57390;Line 321;1;139.965714781107
-23.158626168;-47.01233833;705.6;57360;Line 321;1;139.965714781107
-23.158835939;-47.012153023;705.0;57330;Line 321;1;139.965714781107
-23.159045709;-47.011967716;705.4;57300;Line 321;1;139.965714781107
-23.15925548;-47.011782408;706.6;57270;Line 321;1;139.965714781107
-23.15946525;-47.0115971;707.2;57240;Line 321;1;139.965714781107
-23.15967502;-47.011411791;706.6;57210;Line 321;1;139.965714781107
-23.15988479;-47.011226482;705.3;57180;Line 321;1;139.965714781107
-23.16009456;-47.011041172;704.1;57150;Line 321;1;139.965714781107
-23.16030433;-47.010855861;703.7;57120;Line 321;1;139.965714781107
-23.160514099;-47.01067055;703.0;57090;Line 321;1;139.965714781107
-23.160723868;-47.010485238;702.0;57060;Line 321;1;139.965714781107
-23.160933637;-47.010299926;701.8;57030;Line 321;1;139.965714781107
-23.161143406;-47.010114613;702.6;57000;Line 321;1;139.965714781107
-23.161353175;-47.0099293;703.7;56970;Line 321;1;139.965714781107
-23.161562943;-47.009743986;704.8;56940;Line 321;1;139.965714781107
-23.161772711;-47.009558671;706.1;56910;Line 321;1;139.965714781107
-23.16198248;-47.009373356;708.1;56880;Line 321;1;139.965714781107
-23.162192248;-47.009188041;710.3;56850;Line 321;1;139.965714781107
-23.162402015;-47.009002724;712.4;56820;Line 321;1;139.965714781107
-23.162611783;-47.008817408;713.5;56790;Line 321;1;139.965714781107
-23.16282155;-47.00863209;714.5;56760;Line 321;1;139.965714781107
-23.163031317;-47.008446772;715.7;56730;Line 321;1;139.965714781107
-23.163241085;-47.008261454;717.0;56700;Line 321;1;139.965714781107
-23.163450851;-47.008076135;717.9;56670;Line 321;1;139.965714781107
-23.163660618;-47.007890815;718.8;56640;Line 321;1;139.965714781107
-23.163870384;-47.007705495;719.6;56610;Line 321;1;139.965714781107
-23.164080151;-47.007520174;720.5;56580;Line 321;1;139.965714781107
-23.164289917;-47.007334853;721.2;56550;Line 321;1;139.965714781107
-23.164499683;-47.007149531;722.2;56520;Line 321;1;139.965714781107
-23.164709449;-47.006964208;723.6;56490;Line 321;1;139.965714781107
-23.164919214;-47.006778885;725.3;56460;Line 321;1;139.965714781107
-23.165128979;-47.006593561;726.4;56430;Line 321;1;139.965714781107
-23.165338745;-47.006408237;727.0;56400;Line 321;1;139.965714781107
-23.16554851;-47.006222912;727.6;56370;Line 321;1;139.965714781107
-23.165758275;-47.006037587;728.1;56340;Line 321;1;139.965714781107
-23.165968039;-47.005852261;729.0;56310;Line 321;1;139.965714781107
-23.166177804;-47.005666935;730.3;56280;Line 321;1;139.965714781107
-23.166387568;-47.005481608;731.4;56250;Line 321;1;139.965714781107
-23.166597332;-47.00529628;732.3;56220;Line 321;1;139.965714781107
-23.166807096;-47.005110952;732.9;56190;Line 321;1;139.965714781107
-23.16701686;-47.004925623;733.5;56160;Line 321;1;139.965714781107
-23.167226623;-47.004740294;734.0;56130;Line 321;1;139.965714781107
-23.167436387;-47.004554964;734.2;56100;Line 321;1;139.965714781107
-23.16764615;-47.004369633;734.3;56070;Line 321;1;139.965714781107
-23.167855913;-47.004184302;734.8;56040;Line 321;1;139.965714781107
-23.168065676;-47.003998971;735.2;56010;Line 321;1;139.965714781107
-23.168275438;-47.003813639;735.5;55980;Line 321;1;139.965714781107
-23.168485201;-47.003628306;735.3;55950;Line 321;1;139.965714781107
-23.168694963;-47.003442972;735.1;55920;Line 321;1;139.965714781107
-23.168904725;-47.003257639;734.9;55890;Line 321;1;139.965714781107
-23.169114487;-47.003072304;734.3;55860;Line 321;1;139.965714781107
-23.169324249;-47.002886969;733.7;55830;Line 321;1;139.965714781107
-23.16953401;-47.002701634;733.3;55800;Line 321;1;139.965714781107
-23.169743771;-47.002516297;733.1;55770;Line 321;1;139.965714781107
-23.169953533;-47.002330961;732.6;55740;Line 321;1;139.965714781107
-23.170163294;-47.002145623;732.4;55710;Line 321;1;139.965714781107
-23.170373054;-47.001960285;732.5;55680;Line 321;1;139.965714781107
-23.170582815;-47.001774947;732.8;55650;Line 321;1;139.965714781107
-23.170792575;-47.001589608;733.1;55620;Line 321;1;139.965714781107
-23.171002336;-47.001404268;732.7;55590;Line 321;1;139.965714781107
-23.171212096;-47.001218928;732.5;55560;Line 321;1;139.965714781107
-23.171421856;-47.001033588;732.6;55530;Line 321;1;139.965714781107
-23.171631615;-47.000848246;732.8;55500;Line 321;1;139.965714781107
-23.171841375;-47.000662904;733.0;55470;Line 321;1;139.965714781107
-23.172051134;-47.000477562;733.2;55440;Line 321;1;139.965714781107
-23.172260893;-47.000292219;733.4;55410;Line 321;1;139.965714781107
-23.172470652;-47.000106875;733.7;55380;Line 321;1;139.965714781107
-23.172680411;-46.999921531;733.2;55350;Line 321;1;139.965714781107
-23.17289017;-46.999736187;732.8;55320;Line 321;1;139.965714781107
-23.173099928;-46.999550841;732.5;55290;Line 321;1;139.965714781107
-23.173309686;-46.999365496;732.3;55260;Line 321;1;139.965714781107
-23.173519444;-46.999180149;732.2;55230;Line 321;1;139.965714781107
-23.173729202;-46.998994802;732.0;55200;Line 321;1;139.965714781107
-23.17393896;-46.998809455;731.9;55170;Line 321;1;139.965714781107
-23.174148717;-46.998624107;732.0;55140;Line 321;1;139.965714781107
-23.174358475;-46.998438758;732.5;55110;Line 321;1;139.965714781107
-23.174568232;-46.998253409;733.5;55080;Line 321;1;139.965714781107
-23.174777989;-46.998068059;734.7;55050;Line 321;1;139.965714781107
-23.174987746;-46.997882708;736.2;55020;Line 321;1;139.965714781107
-23.175197502;-46.997697357;737.0;54990;Line 321;1;139.965714781107
-23.175407259;-46.997512006;737.5;54960;Line 321;1;139.965714781107
-23.175617015;-46.997326654;737.8;54930;Line 321;1;139.965714781107
-23.175826771;-46.997141301;738.2;54900;Line 321;1;139.965714781107
-23.176036527;-46.996955948;738.3;54870;Line 321;1;139.965714781107
-23.176246282;-46.996770594;738.1;54840;Line 321;1;139.965714781107
-23.176456038;-46.99658524;737.9;54810;Line 321;1;139.965714781107
-23.176665793;-46.996399885;737.7;54780;Line 321;1;139.965714781107
-23.176875548;-46.996214529;737.7;54750;Line 321;1;139.965714781107
-23.177085303;-46.996029173;737.3;54720;Line 321;1;139.965714781107
-23.177295058;-46.995843816;736.6;54690;Line 321;1;139.965714781107
-23.177504812;-46.995658459;737.2;54660;Line 321;1;139.965714781107
-23.177714567;-46.995473101;739.0;54630;Line 321;1;139.965714781107
-23.177924321;-46.995287743;740.6;54600;Line 321;1;139.965714781107
-23.178134075;-46.995102384;741.9;54570;Line 321;1;139.965714781107
-23.178343829;-46.994917025;742.6;54540;Line 321;1;139.965714781107
-23.178553583;-46.994731665;742.8;54510;Line 321;1;139.965714781107
-23.178763336;-46.994546304;743.1;54480;Line 321;1;139.965714781107
-23.178973089;-46.994360943;743.6;54450;Line 321;1;139.965714781107
-23.179182842;-46.994175581;744.2;54420;Line 321;1;139.965714781107
-23.179392595;-46.993990219;745.9;54390;Line 321;1;139.965714781107
-23.179602348;-46.993804856;747.1;54360;Line 321;1;139.965714781107
-23.179812101;-46.993619492;747.8;54330;Line 321;1;139.965714781107
-23.180021853;-46.993434128;747.9;54300;Line 321;1;139.965714781107
-23.180231605;-46.993248763;748.1;54270;Line 321;1;139.965714781107
-23.180441357;-46.993063398;748.5;54240;Line 321;1;139.965714781107
-23.180651109;-46.992878032;748.8;54210;Line 321;1;139.965714781107
-23.180860861;-46.992692666;749.1;54180;Line 321;1;139.965714781107
-23.181070612;-46.992507299;749.7;54150;Line 321;1;139.965714781107
-23.181280363;-46.992321932;751.2;54120;Line 321;1;139.965714781107
-23.181490114;-46.992136564;752.5;54090;Line 321;1;139.965714781107
-23.181699865;-46.991951195;753.8;54060;Line 321;1;139.965714781107
-23.181909616;-46.991765826;756.1;54030;Line 321;1;139.965714781107
-23.182119366;-46.991580456;758.3;54000;Line 321;1;139.965714781107
-23.182329117;-46.991395086;760.0;53970;Line 321;1;139.965714781107
-23.182538867;-46.991209715;761.1;53940;Line 321;1;139.965714781107
-23.182748617;-46.991024343;761.7;53910;Line 321;1;139.965714781107
-23.182958367;-46.990838971;762.3;53880;Line 321;1;139.965714781107
-23.183168116;-46.990653599;764.1;53850;Line 321;1;139.965714781107
-23.183377866;-46.990468226;765.5;53820;Line 321;1;139.965714781107
-23.183587615;-46.990282852;766.2;53790;Line 321;1;139.965714781107
-23.183797364;-46.990097478;767.3;53760;Line 321;1;139.965714781107
-23.184007113;-46.989912103;768.1;53730;Line 321;1;139.965714781107
-23.184216862;-46.989726727;767.2;53700;Line 321;1;139.965714781107
-23.18442661;-46.989541351;764.1;53670;Line 321;1;139.965714781107
-23.184636358;-46.989355975;761.0;53640;Line 321;1;139.965714781107
-23.184846107;-46.989170597;757.7;53610;Line 321;1;139.965714781107
-23.185055854;-46.98898522;754.2;53580;Line 321;1;139.965714781107
-23.185265602;-46.988799841;750.8;53550;Line 321;1;139.965714781107
-23.18547535;-46.988614463;748.1;53520;Line 321;1;139.965714781107
-23.185685097;-46.988429083;746.1;53490;Line 321;1;139.965714781107
-23.185894844;-46.988243703;747.0;53460;Line 321;1;139.965714781107
-23.186104592;-46.988058323;751.8;53430;Line 321;1;139.965714781107
-23.186314338;-46.987872941;755.8;53400;Line 321;1;139.965714781107
-23.186524085;-46.98768756;759.0;53370;Line 321;1;139.965714781107
-23.186733832;-46.987502177;760.3;53340;Line 321;1;139.965714781107
-23.186943578;-46.987316794;758.9;53310;Line 321;1;139.965714781107
-23.187153324;-46.987131411;757.7;53280;Line 321;1;139.965714781107
-23.18736307;-46.986946027;756.8;53250;Line 321;1;139.965714781107
-23.187572816;-46.986760642;756.8;53220;Line 321;1;139.965714781107
-23.187782561;-46.986575257;758.9;53190;Line 321;1;139.965714781107
-23.187992307;-46.986389872;761.1;53160;Line 321;1;139.965714781107
-23.188202052;-46.986204485;762.7;53130;Line 321;1;139.965714781107
-23.188411797;-46.986019098;764.2;53100;Line 321;1;139.965714781107
-23.188621542;-46.985833711;766.4;53070;Line 321;1;139.965714781107
-23.188831286;-46.985648323;767.7;53040;Line 321;1;139.965714781107
-23.189041031;-46.985462935;768.4;53010;Line 321;1;139.965714781107
-23.189250775;-46.985277545;768.5;52980;Line 321;1;139.965714781107
-23.189460519;-46.985092156;768.6;52950;Line 321;1;139.965714781107
-23.189670263;-46.984906765;767.8;52920;Line 321;1;139.965714781107
-23.189880007;-46.984721375;766.1;52890;Line 321;1;139.965714781107
-23.19008975;-46.984535983;764.1;52860;Line 321;1;139.965714781107
-23.190299494;-46.984350591;762.3;52830;Line 321;1;139.965714781107
-23.190509237;-46.984165199;760.6;52800;Line 321;1;139.965714781107
-23.19071898;-46.983979805;760.9;52770;Line 321;1;139.965714781107
-23.190928723;-46.983794412;761.1;52740;Line 321;1;139.965714781107
-23.191138465;-46.983609018;761.4;52710;Line 321;1;139.965714781107
-23.191348208;-46.983423623;761.6;52680;Line 321;1;139.965714781107
-23.19155795;-46.983238227;761.7;52650;Line 321;1;139.965714781107
-23.191767692;-46.983052831;761.1;52620;Line 321;1;139.965714781107
-23.191977434;-46.982867435;760.1;52590;Line 321;1;139.965714781107
-23.192187176;-46.982682038;759.2;52560;Line 321;1;139.965714781107
-23.192396917;-46.98249664;758.2;52530;Line 321;1;139.965714781107
-23.192606658;-46.982311242;758.0;52500;Line 321;1;139.965714781107
-23.1928164;-46.982125843;758.5;52470;Line 321;1;139.965714781107
-23.193026141;-46.981940444;758.8;52440;Line 321;1;139.965714781107
-23.193235881;-46.981755044;759.0;52410;Line 321;1;139.965714781107
-23.193445622;-46.981569643;760.8;52380;Line 321;1;139.965714781107
-23.193655362;-46.981384242;763.9;52350;Line 321;1;139.965714781107
-23.193865103;-46.98119884;766.3;52320;Line 321;1;139.965714781107
-23.194074843;-46.981013438;768.2;52290;Line 321;1;139.965714781107
-23.194284582;-46.980828035;768.7;52260;Line 321;1;139.965714781107
-23.194494322;-46.980642632;769.2;52230;Line 321;1;139.965714781107
-23.194704062;-46.980457228;769.9;52200;Line 321;1;139.965714781107
-23.194913801;-46.980271823;771.0;52170;Line 321;1;139.965714781107
-23.19512354;-46.980086418;771.9;52140;Line 321;1;139.965714781107
-23.195333279;-46.979901013;772.8;52110;Line 321;1;139.965714781107
-23.195543018;-46.979715606;774.2;52080;Line 321;1;139.965714781107
-23.195752756;-46.9795302;776.2;52050;Line 321;1;139.965714781107
-23.195962495;-46.979344792;777.4;52020;Line 321;1;139.965714781107
-23.196172233;-46.979159384;777.4;51990;Line 321;1;139.965714781107
-23.196381971;-46.978973976;776.9;51960;Line 321;1;139.965714781107
-23.196591709;-46.978788567;777.1;51930;Line 321;1;139.965714781107
-23.196801446;-46.978603157;777.6;51900;Line 321;1;139.965714781107
-23.197011184;-46.978417747;777.8;51870;Line 321;1;139.965714781107
-23.197220921;-46.978232336;777.6;51840;Line 321;1;139.965714781107
-23.197430658;-46.978046925;777.6;51810;Line 321;1;139.965714781107
-23.197640395;-46.977861513;778.7;51780;Line 321;1;139.965714781107
-23.197850132;-46.9776761;779.4;51750;Line 321;1;139.965714781107
-23.198059869;-46.977490687;779.0;51720;Line 321;1;139.965714781107
-23.198269605;-46.977305273;777.4;51690;Line 321;1;139.965714781107
-23.198479341;-46.977119859;776.1;51660;Line 321;1;139.965714781107
-23.198689077;-46.976934444;774.7;51630;Line 321;1;139.965714781107
-23.198898813;-46.976749029;773.1;51600;Line 321;1;139.965714781107
-23.199108549;-46.976563613;771.3;51570;Line 321;1;139.965714781107
-23.199318284;-46.976378197;769.4;51540;Line 321;1;139.965714781107
-23.199528019;-46.97619278;768.0;51510;Line 321;1;139.965714781107
-23.199737754;-46.976007362;767.3;51480;Line 321;1;139.965714781107
-23.199947489;-46.975821944;767.3;51450;Line 321;1;139.965714781107
-23.200157224;-46.975636525;769.4;51420;Line 321;1;139.965714781107
-23.200366958;-46.975451106;771.0;51390;Line 321;1;139.965714781107
-23.200576693;-46.975265686;772.1;51360;Line 321;1;139.965714781107
-23.200786427;-46.975080265;772.7;51330;Line 321;1;139.965714781107
-23.200996161;-46.974894844;774.2;51300;Line 321;1;139.965714781107
-23.201205895;-46.974709423;775.9;51270;Line 321;1;139.965714781107
-23.201415628;-46.974524;777.6;51240;Line 321;1;139.965714781107
-23.201625362;-46.974338578;779.3;51210;Line 321;1;139.965714781107
-23.201835095;-46.974153154;780.6;51180;Line 321;1;139.965714781107
-23.202044828;-46.97396773;781.0;51150;Line 321;1;139.965714781107
-23.202254561;-46.973782306;781.1;51120;Line 321;1;139.965714781107
-23.202464294;-46.973596881;780.9;51090;Line 321;1;139.965714781107
-23.202674026;-46.973411455;782.0;51060;Line 321;1;139.965714781107
-23.202883758;-46.973226029;784.3;51030;Line 321;1;139.965714781107
-23.20309349;-46.973040602;786.9;51000;Line 321;1;139.965714781107
-23.203303222;-46.972855175;789.8;50970;Line 321;1;139.965714781107
-23.203512954;-46.972669747;793.4;50940;Line 321;1;139.965714781107
-23.203722686;-46.972484318;797.0;50910;Line 321;1;139.965714781107
-23.203932417;-46.972298889;799.4;50880;Line 321;1;139.965714781107
-23.204142148;-46.97211346;801.8;50850;Line 321;1;139.965714781107
-23.204351879;-46.97192803;799.7;50820;Line 321;1;139.965714781107
-23.20456161;-46.971742599;797.4;50790;Line 321;1;139.965714781107
-23.204771341;-46.971557167;796.4;50760;Line 321;1;139.965714781107
-23.204981071;-46.971371736;797.2;50730;Line 321;1;139.965714781107
-23.205190802;-46.971186303;799.2;50700;Line 321;1;139.965714781107
-23.205400532;-46.97100087;801.0;50670;Line 321;1;139.965714781107
-23.205610262;-46.970815436;802.3;50640;Line 321;1;139.965714781107
-23.205819991;-46.970630002;803.2;50610;Line 321;1;139.965714781107
-23.206029721;-46.970444568;804.3;50580;Line 321;1;139.965714781107
-23.20623945;-46.970259132;805.4;50550;Line 321;1;139.965714781107
-23.206449179;-46.970073696;806.6;50520;Line 321;1;139.965714781107
-23.206658908;-46.96988826;806.9;50490;Line 321;1;139.965714781107
-23.206868637;-46.969702823;806.0;50460;Line 321;1;139.965714781107
-23.207078366;-46.969517385;804.9;50430;Line 321;1;139.965714781107
-23.207288094;-46.969331947;803.5;50400;Line 321;1;139.965714781107
-23.207497823;-46.969146508;801.9;50370;Line 321;1;139.965714781107
-23.207707551;-46.968961069;803.4;50340;Line 321;1;139.965714781107
-23.207917279;-46.968775629;805.3;50310;Line 321;1;139.965714781107
-23.208127006;-46.968590189;807.6;50280;Line 321;1;139.965714781107
-23.208336734;-46.968404748;810.1;50250;Line 321;1;139.965714781107
-23.208546461;-46.968219306;808.9;50220;Line 321;1;139.965714781107
-23.208756188;-46.968033864;806.7;50190;Line 321;1;139.965714781107
-23.208965915;-46.967848421;804.5;50160;Line 321;1;139.965714781107
-23.209175642;-46.967662978;802.3;50130;Line 321;1;139.965714781107
-23.209385369;-46.967477534;797.8;50100;Line 321;1;139.965714781107
-23.209595095;-46.967292089;793.4;50070;Line 321;1;139.965714781107
-23.209804821;-46.967106644;790.0;50040;Line 321;1;139.965714781107
-23.210014547;-46.966921199;787.5;50010;Line 321;1;139.965714781107
-23.210224273;-46.966735753;788.2;49980;Line 321;1;139.965714781107
-23.210433999;-46.966550306;791.4;49950;Line 321;1;139.965714781107
-23.210643724;-46.966364859;794.9;49920;Line 321;1;139.965714781107
-23.21085345;-46.966179411;797.9;49890;Line 321;1;139.965714781107
-23.211063175;-46.965993962;800.7;49860;Line 321;1;139.965714781107
-23.2112729;-46.965808513;804.4;49830;Line 321;1;139.965714781107
-23.211482624;-46.965623064;807.9;49800;Line 321;1;139.965714781107
-23.211692349;-46.965437613;811.6;49770;Line 321;1;139.965714781107
-23.211902073;-46.965252163;816.0;49740;Line 321;1;139.965714781107
-23.212111798;-46.965066711;822.4;49710;Line 321;1;139.965714781107
-23.212321522;-46.96488126;831.7;49680;Line 321;1;139.965714781107
-23.212531245;-46.964695807;843.8;49650;Line 321;1;139.965714781107
-23.212740969;-46.964510354;856.6;49620;Line 321;1;139.965714781107
-23.212950693;-46.964324901;869.6;49590;Line 321;1;139.965714781107
-23.213160416;-46.964139446;882.7;49560;Line 321;1;139.965714781107
-23.213370139;-46.963953992;896.4;49530;Line 321;1;139.965714781107
-23.213579862;-46.963768536;910.7;49500;Line 321;1;139.965714781107
-23.213789585;-46.96358308;925.3;49470;Line 321;1;139.965714781107
-23.213999307;-46.963397624;940.3;49440;Line 321;1;139.965714781107
-23.214209029;-46.963212167;946.7;49410;Line 321;1;139.965714781107
-23.214418752;-46.963026709;943.0;49380;Line 321;1;139.965714781107
-23.214628474;-46.962841251;941.4;49350;Line 321;1;139.965714781107
-23.214838195;-46.962655793;942.0;49320;Line 321;1;139.965714781107
-23.215047917;-46.962470333;943.7;49290;Line 321;1;139.965714781107
-23.215257638;-46.962284873;943.3;49260;Line 321;1;139.965714781107
-23.21546736;-46.962099413;945.8;49230;Line 321;1;139.965714781107
-23.215677081;-46.961913952;951.2;49200;Line 321;1;139.965714781107
-23.215886802;-46.96172849;959.1;49170;Line 321;1;139.965714781107
-23.216096522;-46.961543028;963.9;49140;Line 321;1;139.965714781107
-23.216306243;-46.961357565;968.0;49110;Line 321;1;139.965714781107
-23.216515963;-46.961172102;973.4;49080;Line 321;1;139.965714781107
-23.216725683;-46.960986638;979.8;49050;Line 321;1;139.965714781107
-23.216935403;-46.960801174;985.3;49020;Line 321;1;139.965714781107
-23.217145123;-46.960615709;987.5;48990;Line 321;1;139.965714781107
-23.217354843;-46.960430243;990.1;48960;Line 321;1;139.965714781107
-23.217564562;-46.960244777;994.3;48930;Line 321;1;139.965714781107
-23.217774281;-46.96005931;1001.6;48900;Line 321;1;139.965714781107
-23.217984;-46.959873843;1009.3;48870;Line 321;1;139.965714781107
-23.218193719;-46.959688375;1015.2;48840;Line 321;1;139.965714781107
-23.218403438;-46.959502907;1018.4;48810;Line 321;1;139.965714781107
-23.218613156;-46.959317438;1020.0;48780;Line 321;1;139.965714781107
-23.218822874;-46.959131968;1023.1;48750;Line 321;1;139.965714781107
-23.219032593;-46.958946498;1029.3;48720;Line 321;1;139.965714781107
-23.21924231;-46.958761027;1033.9;48690;Line 321;1;139.965714781107
-23.219452028;-46.958575556;1039.1;48660;Line 321;1;139.965714781107
-23.219661746;-46.958390084;1042.7;48630;Line 321;1;139.965714781107
-23.219871463;-46.958204612;1047.2;48600;Line 321;1;139.965714781107
-23.22008118;-46.958019139;1053.3;48570;Line 321;1;139.965714781107
-23.220290897;-46.957833665;1063.6;48540;Line 321;1;139.965714781107
-23.220500614;-46.957648191;1074.5;48510;Line 321;1;139.965714781107
-23.220710331;-46.957462716;1086.5;48480;Line 321;1;139.965714781107
-23.220920047;-46.957277241;1098.1;48450;Line 321;1;139.965714781107
-23.221129763;-46.957091765;1107.9;48420;Line 321;1;139.965714781107
-23.221339479;-46.956906289;1117.8;48390;Line 321;1;139.965714781107
-23.221549195;-46.956720812;1127.8;48360;Line 321;1;139.965714781107
-23.221758911;-46.956535334;1134.2;48330;Line 321;1;139.965714781107
-23.221968627;-46.956349856;1137.0;48300;Line 321;1;139.965714781107
-23.222178342;-46.956164377;1140.3;48270;Line 321;1;139.965714781107
-23.222388057;-46.955978898;1144.2;48240;Line 321;1;139.965714781107
-23.222597772;-46.955793418;1146.3;48210;Line 321;1;139.965714781107
-23.222807487;-46.955607938;1145.4;48180;Line 321;1;139.965714781107
-23.223017201;-46.955422457;1144.7;48150;Line 321;1;139.965714781107
-23.223226916;-46.955236975;1144.3;48120;Line 321;1;139.965714781107
-23.22343663;-46.955051493;1141.5;48090;Line 321;1;139.965714781107
-23.223646344;-46.95486601;1133.0;48060;Line 321;1;139.965714781107
-23.223856058;-46.954680527;1123.0;48030;Line 321;1;139.965714781107
-23.224065772;-46.954495043;1112.7;48000;Line 321;1;139.965714781107
-23.224275485;-46.954309559;1100.7;47970;Line 321;1;139.965714781107
-23.224485198;-46.954124074;1087.3;47940;Line 321;1;139.965714781107
-23.224694911;-46.953938588;1075.5;47910;Line 321;1;139.965714781107
-23.224904624;-46.953753102;1066.2;47880;Line 321;1;139.965714781107
-23.225114337;-46.953567615;1061.9;47850;Line 321;1;139.965714781107
-23.22532405;-46.953382128;1062.0;47820;Line 321;1;139.965714781107
-23.225533762;-46.95319664;1067.2;47790;Line 321;1;139.965714781107
-23.225743474;-46.953011152;1074.8;47760;Line 321;1;139.965714781107
-23.225953186;-46.952825663;1078.4;47730;Line 321;1;139.965714781107
-23.226162898;-46.952640173;1077.1;47700;Line 321;1;139.965714781107
-23.22637261;-46.952454683;1073.6;47670;Line 321;1;139.965714781107
-23.226582321;-46.952269193;1067.5;47640;Line 321;1;139.965714781107
-23.226792032;-46.952083701;1062.4;47610;Line 321;1;139.965714781107
-23.227001743;-46.951898209;1057.6;47580;Line 321;1;139.965714781107
-23.227211454;-46.951712717;1052.5;47550;Line 321;1;139.965714781107
-23.227421165;-46.951527224;1047.8;47520;Line 321;1;139.965714781107
-23.227630876;-46.95134173;1048.1;47490;Line 321;1;139.965714781107
-23.227840586;-46.951156236;1049.2;47460;Line 321;1;139.965714781107
-23.228050296;-46.950970742;1048.1;47430;Line 321;1;139.965714781107
-23.228260006;-46.950785246;1045.0;47400;Line 321;1;139.965714781107
-23.228469716;-46.95059975;1047.3;47370;Line 321;1;139.965714781107
-23.228679425;-46.950414254;1052.2;47340;Line 321;1;139.965714781107
-23.228889135;-46.950228757;1056.7;47310;Line 321;1;139.965714781107
-23.229098844;-46.950043259;1060.7;47280;Line 321;1;139.965714781107
-23.229308553;-46.949857761;1065.1;47250;Line 321;1;139.965714781107
-23.229518262;-46.949672263;1070.0;47220;Line 321;1;139.965714781107
-23.229727971;-46.949486763;1075.2;47190;Line 321;1;139.965714781107
-23.229937679;-46.949301263;1080.6;47160;Line 321;1;139.965714781107
-23.230147387;-46.949115763;1088.7;47130;Line 321;1;139.965714781107
-23.230357095;-46.948930262;1100.4;47100;Line 321;1;139.965714781107
-23.230566803;-46.94874476;1112.2;47070;Line 321;1;139.965714781107
-23.230776511;-46.948559258;1124.3;47040;Line 321;1;139.965714781107
-23.230986219;-46.948373756;1137.5;47010;Line 321;1;139.965714781107
-23.231195926;-46.948188252;1149.2;46980;Line 321;1;139.965714781107
-23.231405633;-46.948002749;1159.8;46950;Line 321;1;139.965714781107
-23.23161534;-46.947817244;1169.7;46920;Line 321;1;139.965714781107
-23.231825047;-46.947631739;1174.8;46890;Line 321;1;139.965714781107
-23.232034754;-46.947446234;1177.4;46860;Line 321;1;139.965714781107
-23.23224446;-46.947260727;1177.1;46830;Line 321;1;139.965714781107
-23.232454166;-46.947075221;1174.3;46800;Line 321;1;139.965714781107
-23.232663872;-46.946889713;1167.3;46770;Line 321;1;139.965714781107
-23.232873578;-46.946704206;1158.4;46740;Line 321;1;139.965714781107
-23.233083284;-46.946518697;1149.0;46710;Line 321;1;139.965714781107
-23.23329299;-46.946333188;1137.9;46680;Line 321;1;139.965714781107
-23.233502695;-46.946147679;1125.7;46650;Line 321;1;139.965714781107
-23.2337124;-46.945962168;1114.5;46620;Line 321;1;139.965714781107
-23.233922105;-46.945776658;1107.5;46590;Line 321;1;139.965714781107
-23.23413181;-46.945591146;1107.5;46560;Line 321;1;139.965714781107
-23.234341514;-46.945405635;1106.8;46530;Line 321;1;139.965714781107
-23.234551219;-46.945220122;1104.7;46500;Line 321;1;139.965714781107
-23.234760923;-46.945034609;1101.0;46470;Line 321;1;139.965714781107
-23.234970627;-46.944849096;1092.9;46440;Line 321;1;139.965714781107
-23.235180331;-46.944663581;1084.0;46410;Line 321;1;139.965714781107
-23.235390035;-46.944478067;1075.4;46380;Line 321;1;139.965714781107
-23.235599738;-46.944292551;1067.3;46350;Line 321;1;139.965714781107
-23.235809441;-46.944107036;1060.4;46320;Line 321;1;139.965714781107
-23.236019145;-46.943921519;1062.1;46290;Line 321;1;139.965714781107
-23.236228847;-46.943736002;1063.8;46260;Line 321;1;139.965714781107
-23.23643855;-46.943550485;1064.4;46230;Line 321;1;139.965714781107
-23.236648253;-46.943364966;1064.1;46200;Line 321;1;139.965714781107
-23.236857955;-46.943179448;1069.5;46170;Line 321;1;139.965714781107
-23.237067657;-46.942993928;1076.2;46140;Line 321;1;139.965714781107
-23.237277359;-46.942808409;1083.6;46110;Line 321;1;139.965714781107
-23.237487061;-46.942622888;1091.7;46080;Line 321;1;139.965714781107
-23.237696763;-46.942437367;1094.4;46050;Line 321;1;139.965714781107
-23.237906464;-46.942251846;1094.1;46020;Line 321;1;139.965714781107
-23.238116165;-46.942066323;1092.8;45990;Line 321;1;139.965714781107
-23.238325867;-46.941880801;1090.6;45960;Line 321;1;139.965714781107
-23.238535567;-46.941695277;1087.5;45930;Line 321;1;139.965714781107
-23.238745268;-46.941509754;1086.0;45900;Line 321;1;139.965714781107
-23.238954969;-46.941324229;1085.7;45870;Line 321;1;139.965714781107
-23.239164669;-46.941138704;1086.4;45840;Line 321;1;139.965714781107
-23.239374369;-46.940953179;1090.4;45810;Line 321;1;139.965714781107
-23.239584069;-46.940767652;1094.5;45780;Line 321;1;139.965714781107
-23.239793769;-46.940582126;1096.7;45750;Line 321;1;139.965714781107
-23.240003468;-46.940396598;1097.3;45720;Line 321;1;139.965714781107
-23.240213168;-46.94021107;1099.1;45690;Line 321;1;139.965714781107
-23.240422867;-46.940025542;1100.1;45660;Line 321;1;139.965714781107
-23.240632566;-46.939840013;1103.6;45630;Line 321;1;139.965714781107
-23.240842265;-46.939654483;1106.1;45600;Line 321;1;139.965714781107
-23.241051964;-46.939468953;1109.6;45570;Line 321;1;139.965714781107
-23.241261662;-46.939283423;1115.2;45540;Line 321;1;139.965714781107
-23.24147136;-46.939097891;1123.3;45510;Line 321;1;139.965714781107
-23.241681058;-46.938912359;1132.6;45480;Line 321;1;139.965714781107
-23.241890756;-46.938726827;1136.4;45450;Line 321;1;139.965714781107
-23.242100454;-46.938541294;1140.0;45420;Line 321;1;139.965714781107
-23.242310152;-46.93835576;1143.4;45390;Line 321;1;139.965714781107
-23.242519849;-46.938170226;1142.2;45360;Line 321;1;139.965714781107
-23.242729546;-46.937984692;1140.9;45330;Line 321;1;139.965714781107
-23.242939243;-46.937799156;1138.4;45300;Line 321;1;139.965714781107
-23.24314894;-46.93761362;1134.9;45270;Line 321;1;139.965714781107
-23.243358637;-46.937428084;1130.1;45240;Line 321;1;139.965714781107
-23.243568333;-46.937242547;1124.8;45210;Line 321;1;139.965714781107
-23.243778029;-46.937057009;1118.6;45180;Line 321;1;139.965714781107
-23.243987725;-46.936871471;1111.5;45150;Line 321;1;139.965714781107
-23.244197421;-46.936685932;1103.9;45120;Line 321;1;139.965714781107
-23.244407117;-46.936500393;1104.4;45090;Line 321;1;139.965714781107
-23.244616812;-46.936314853;1106.5;45060;Line 321;1;139.965714781107
-23.244826508;-46.936129313;1109.2;45030;Line 321;1;139.965714781107
-23.245036203;-46.935943772;1113.1;45000;Line 321;1;139.965714781107
-23.245245898;-46.93575823;1119.4;44970;Line 321;1;139.965714781107
-23.245455593;-46.935572688;1125.5;44940;Line 321;1;139.965714781107
-23.245665287;-46.935387145;1130.6;44910;Line 321;1;139.965714781107
-23.245874982;-46.935201602;1134.4;44880;Line 321;1;139.965714781107
-23.246084676;-46.935016058;1134.4;44850;Line 321;1;139.965714781107
-23.24629437;-46.934830514;1129.9;44820;Line 321;1;139.965714781107
-23.246504064;-46.934644969;1125.4;44790;Line 321;1;139.965714781107
-23.246713757;-46.934459423;1122.3;44760;Line 321;1;139.965714781107
-23.246923451;-46.934273877;1122.7;44730;Line 321;1;139.965714781107
-23.247133144;-46.93408833;1123.8;44700;Line 321;1;139.965714781107
-23.247342837;-46.933902783;1124.7;44670;Line 321;1;139.965714781107
-23.24755253;-46.933717235;1124.4;44640;Line 321;1;139.965714781107
-23.247762223;-46.933531686;1121.6;44610;Line 321;1;139.965714781107
-23.247971915;-46.933346137;1117.0;44580;Line 321;1;139.965714781107
-23.248181608;-46.933160588;1113.2;44550;Line 321;1;139.965714781107
-23.2483913;-46.932975038;1112.8;44520;Line 321;1;139.965714781107
-23.248600992;-46.932789487;1117.8;44490;Line 321;1;139.965714781107
-23.248810684;-46.932603936;1122.8;44460;Line 321;1;139.965714781107
-23.249020375;-46.932418384;1130.1;44430;Line 321;1;139.965714781107
-23.249230067;-46.932232831;1141.3;44400;Line 321;1;139.965714781107
-23.249439758;-46.932047278;1153.7;44370;Line 321;1;139.965714781107
-23.249649449;-46.931861725;1166.3;44340;Line 321;1;139.965714781107
-23.24985914;-46.93167617;1178.9;44310;Line 321;1;139.965714781107
-23.25006883;-46.931490616;1190.6;44280;Line 321;1;139.965714781107
-23.250278521;-46.93130506;1199.4;44250;Line 321;1;139.965714781107
-23.250488211;-46.931119504;1206.3;44220;Line 321;0;139.965714781107
-23.250697901;-46.930933948;1211.5;44190;Line 321;0;139.965714781107
-23.250907591;-46.930748391;1210.3;44160;Line 321;0;139.965714781107
-23.251117281;-46.930562833;1200.0;44130;Line 321;0;139.965714781107
-23.251326971;-46.930377275;1188.7;44100;Line 321;0;139.965714781107
-23.25153666;-46.930191716;1176.5;44070;Line 321;0;139.965714781107
-23.251746349;-46.930006157;1163.1;44040;Line 321;0;139.965714781107
-23.251956038;-46.929820597;1152.5;44010;Line 321;0;139.965714781107
-23.252165727;-46.929635037;1142.1;43980;Line 321;0;139.965714781107
-23.252375416;-46.929449476;1131.8;43950;Line 321;0;139.965714781107
-23.252585104;-46.929263914;1123.3;43920;Line 321;0;139.965714781107
-23.252794792;-46.929078352;1118.6;43890;Line 321;0;139.965714781107
-23.25300448;-46.928892789;1116.0;43860;Line 321;0;139.965714781107
-23.253214168;-46.928707226;1113.6;43830;Line 321;0;139.965714781107
-23.253423856;-46.928521662;1109.9;43800;Line 321;0;139.965714781107
-23.253633544;-46.928336097;1103.9;43770;Line 321;0;139.965714781107
-23.253843231;-46.928150532;1093.7;43740;Line 321;0;139.965714781107
-23.254052918;-46.927964967;1084.3;43710;Line 321;0;139.965714781107
-23.254262605;-46.9277794;1075.8;43680;Line 321;0;139.965714781107
-23.254472292;-46.927593834;1067.2;43650;Line 321;1;139.965714781107
-23.254681978;-46.927408266;1058.4;43620;Line 321;1;139.965714781107
-23.254891665;-46.927222698;1049.5;43590;Line 321;1;139.965714781107
-23.255101351;-46.92703713;1043.4;43560;Line 321;1;139.965714781107
-23.255311037;-46.926851561;1040.6;43530;Line 321;1;139.965714781107
-23.255520723;-46.926665991;1038.2;43500;Line 321;1;139.965714781107
-23.255730408;-46.926480421;1042.5;43470;Line 321;1;139.965714781107
-23.255940094;-46.92629485;1050.2;43440;Line 321;1;139.965714781107
-23.256149779;-46.926109279;1060.0;43410;Line 321;1;139.965714781107
-23.256359464;-46.925923707;1069.4;43380;Line 321;0;139.965714781107
-23.256569149;-46.925738134;1076.0;43350;Line 321;0;139.965714781107
-23.256778834;-46.925552561;1073.7;43320;Line 321;0;139.965714781107
-23.256988519;-46.925366988;1065.0;43290;Line 321;0;139.965714781107
-23.257198203;-46.925181414;1055.1;43260;Line 321;0;139.965714781107
-23.257407887;-46.924995839;1044.0;43230;Line 321;0;139.965714781107
-23.257617571;-46.924810263;1032.4;43200;Line 321;0;139.965714781107
-23.257827255;-46.924624687;1023.4;43170;Line 321;0;139.965714781107
-23.258036938;-46.924439111;1016.4;43140;Line 321;0;139.965714781107
-23.258246622;-46.924253534;1011.3;43110;Line 321;0;139.965714781107
-23.258456305;-46.924067956;1008.1;43080;Line 321;0;139.965714781107
-23.258665988;-46.923882378;1005.1;43050;Line 321;0;139.965714781107
-23.258875671;-46.923696799;1002.5;43020;Line 321;0;139.965714781107
-23.259085354;-46.92351122;1000.2;42990;Line 321;0;139.965714781107
-23.259295036;-46.92332564;997.1;42960;Line 321;0;139.965714781107
-23.259504719;-46.923140059;993.4;42930;Line 321;0;139.965714781107
-23.259714401;-46.922954478;990.1;42900;Line 321;0;139.965714781107
-23.259924083;-46.922768897;987.2;42870;Line 321;0;139.965714781107
-23.260133764;-46.922583314;983.4;42840;Line 321;1;139.965714781107
-23.260343446;-46.922397732;976.5;42810;Line 321;1;139.965714781107
-23.260553127;-46.922212148;967.6;42780;Line 321;1;139.965714781107
-23.260762809;-46.922026564;958.0;42750;Line 321;0;139.965714781107
-23.26097249;-46.92184098;950.7;42720;Line 321;0;139.965714781107
-23.26118217;-46.921655395;945.7;42690;Line 321;0;139.965714781107
-23.261391851;-46.921469809;941.1;42660;Line 321;0;139.965714781107
-23.261601531;-46.921284223;937.7;42630;Line 321;0;139.965714781107
-23.261811212;-46.921098636;938.7;42600;Line 321;0;139.965714781107
-23.262020892;-46.920913049;942.0;42570;Line 321;0;139.965714781107
-23.262230572;-46.920727461;944.7;42540;Line 321;0;139.965714781107
-23.262440251;-46.920541872;946.2;42510;Line 321;0;139.965714781107
-23.262649931;-46.920356283;946.6;42480;Line 321;0;139.965714781107
-23.26285961;-46.920170693;946.5;42450;Line 321;0;139.965714781107
-23.263069289;-46.919985103;946.4;42420;Line 321;0;139.965714781107
-23.263278968;-46.919799512;947.7;42390;Line 321;0;139.965714781107
-23.263488647;-46.919613921;951.1;42360;Line 321;0;139.965714781107
-23.263698326;-46.919428329;955.6;42330;Line 321;0;139.965714781107
-23.263908004;-46.919242736;960.7;42300;Line 321;0;139.965714781107
-23.264117682;-46.919057143;966.4;42270;Line 321;1;139.965714781107
-23.26432736;-46.91887155;970.5;42240;Line 321;1;139.965714781107
-23.264537038;-46.918685955;974.9;42210;Line 321;1;139.965714781107
-23.264746716;-46.91850036;980.0;42180;Line 321;1;139.965714781107
-23.264956393;-46.918314765;985.7;42150;Line 321;0;139.965714781107
-23.265166071;-46.918129169;984.6;42120;Line 321;0;139.965714781107
-23.265375748;-46.917943573;984.7;42090;Line 321;0;139.965714781107
-23.265585425;-46.917757975;987.3;42060;Line 321;0;139.965714781107
-23.265795101;-46.917572378;992.3;42030;Line 321;0;139.965714781107
-23.266004778;-46.917386779;990.7;42000;Line 321;0;139.965714781107
-23.266214454;-46.917201181;987.7;41970;Line 321;0;139.965714781107
-23.26642413;-46.917015581;985.9;41940;Line 321;0;139.965714781107
-23.266633806;-46.916829981;985.4;41910;Line 321;0;139.965714781107
-23.266843482;-46.916644381;981.8;41880;Line 321;0;139.965714781107
-23.267053158;-46.91645878;978.5;41850;Line 321;0;139.965714781107
-23.267262833;-46.916273178;976.0;41820;Line 321;0;139.965714781107
-23.267472508;-46.916087576;974.2;41790;Line 321;0;139.965714781107
-23.267682183;-46.915901973;970.2;41760;Line 321;0;139.965714781107
-23.267891858;-46.915716369;964.5;41730;Line 321;0;139.965714781107
-23.268101533;-46.915530765;958.7;41700;Line 321;0;139.965714781107
-23.268311207;-46.915345161;953.4;41670;Line 321;0;139.965714781107
-23.268520882;-46.915159556;953.8;41640;Line 321;0;139.965714781107
-23.268730556;-46.91497395;955.7;41610;Line 321;0;139.965714781107
-23.26894023;-46.914788344;959.1;41580;Line 321;0;139.965714781107
-23.269149904;-46.914602737;964.4;41550;Line 321;0;139.965714781107
-23.269359577;-46.914417129;967.7;41520;Line 321;0;139.965714781107
-23.26956925;-46.914231521;970.7;41490;Line 321;0;139.965714781107
-23.269778924;-46.914045913;971.3;41460;Line 321;0;139.965714781107
-23.269988597;-46.913860304;970.1;41430;Line 321;0;139.965714781107
-23.270198269;-46.913674694;964.4;41400;Line 321;0;139.965714781107
-23.270407942;-46.913489083;960.0;41370;Line 321;0;139.965714781107
-23.270617615;-46.913303473;956.9;41340;Line 321;0;139.965714781107
-23.270827287;-46.913117861;953.8;41310;Line 321;0;139.965714781107
-23.271036959;-46.912932249;952.4;41280;Line 321;0;139.965714781107
-23.271246631;-46.912746637;952.7;41250;Line 321;0;139.965714781107
-23.271456302;-46.912561023;954.7;41220;Line 321;0;139.965714781107
-23.271665974;-46.91237541;956.5;41190;Line 321;0;139.965714781107
-23.271875645;-46.912189795;956.1;41160;Line 321;0;139.965714781107
-23.272085316;-46.91200418;954.7;41130;Line 321;0;139.965714781107
-23.272294987;-46.911818565;952.4;41100;Line 321;0;139.965714781107
-23.272504658;-46.911632949;949.0;41070;Line 321;0;139.965714781107
-23.272714329;-46.911447332;940.5;41040;Line 321;0;139.965714781107
-23.272923999;-46.911261715;931.9;41010;Line 321;0;139.965714781107
-23.273133669;-46.911076097;923.2;40980;Line 321;0;139.965714781107
-23.273343339;-46.910890479;914.4;40950;Line 321;0;139.965714781107
-23.273553009;-46.91070486;905.2;40920;Line 321;0;139.965714781107
-23.273762679;-46.910519241;895.7;40890;Line 321;0;139.965714781107
-23.273972348;-46.910333621;886.2;40860;Line 321;0;139.965714781107
-23.274182017;-46.910148;877.0;40830;Line 321;0;139.965714781107
-23.274391687;-46.909962379;871.9;40800;Line 321;0;139.965714781107
-23.274601355;-46.909776757;866.4;40770;Line 321;0;139.965714781107
-23.274811024;-46.909591135;861.5;40740;Line 321;0;139.965714781107
-23.275020693;-46.909405512;857.3;40710;Line 321;0;139.965714781107
-23.275230361;-46.909219888;853.9;40680;Line 321;0;139.965714781107
-23.275440029;-46.909034264;849.7;40650;Line 321;0;139.965714781107
-23.275649697;-46.90884864;846.1;40620;Line 321;0;139.965714781107
-23.275859365;-46.908663015;844.1;40590;Line 321;0;139.965714781107
-23.276069032;-46.908477389;845.4;40560;Line 321;0;139.965714781107
-23.2762787;-46.908291762;846.8;40530;Line 321;0;139.965714781107
-23.276488367;-46.908106136;850.7;40500;Line 321;0;139.965714781107
-23.276698034;-46.907920508;854.4;40470;Line 321;0;139.965714781107
-23.276907701;-46.90773488;858.9;40440;Line 321;0;139.965714781107
-23.277117368;-46.907549251;862.5;40410;Line 321;0;139.965714781107
-23.277327034;-46.907363622;864.3;40380;Line 321;0;139.965714781107
-23.2775367;-46.907177992;865.4;40350;Line 321;0;139.965714781107
-23.277746366;-46.906992362;868.1;40320;Line 321;0;139.965714781107
-23.277956032;-46.906806731;871.3;40290;Line 321;0;139.965714781107
-23.278165698;-46.9066211;875.1;40260;Line 321;0;139.965714781107
-23.278375364;-46.906435467;880.4;40230;Line 321;0;139.965714781107
-23.278585029;-46.906249835;886.7;40200;Line 321;0;139.965714781107
-23.278794694;-46.906064202;893.6;40170;Line 321;0;139.965714781107
-23.279004359;-46.905878568;901.0;40140;Line 321;0;139.965714781107
-23.279214024;-46.905692933;905.2;40110;Line 321;0;139.965714781107
-23.279423688;-46.905507298;904.9;40080;Line 321;0;139.965714781107
-23.279633353;-46.905321663;904.2;40050;Line 321;0;139.965714781107
-23.279843017;-46.905136027;903.1;40020;Line 321;0;139.965714781107
-23.280052681;-46.90495039;899.0;39990;Line 321;0;139.965714781107
-23.280262345;-46.904764753;887.9;39960;Line 321;0;139.965714781107
-23.280472009;-46.904579115;878.0;39930;Line 321;0;139.965714781107
-23.280681672;-46.904393477;869.1;39900;Line 321;0;139.965714781107
-23.280891335;-46.904207838;863.2;39870;Line 321;0;139.965714781107
-23.281100999;-46.904022198;861.9;39840;Line 321;0;139.965714781107
-23.281310661;-46.903836558;860.7;39810;Line 321;0;139.965714781107
-23.281520324;-46.903650917;859.7;39780;Line 321;0;139.965714781107
-23.281729987;-46.903465276;859.6;39750;Line 321;0;139.965714781107
-23.281939649;-46.903279634;862.7;39720;Line 321;0;139.965714781107
-23.282149311;-46.903093992;868.8;39690;Line 321;0;139.965714781107
-23.282358973;-46.902908349;874.6;39660;Line 321;0;139.965714781107
-23.282568635;-46.902722705;880.4;39630;Line 321;0;139.965714781107
-23.282778297;-46.902537061;886.3;39600;Line 321;0;139.965714781107
-23.282987958;-46.902351417;890.1;39570;Line 321;0;139.965714781107
-23.283197619;-46.902165771;894.3;39540;Line 321;0;139.965714781107
-23.28340728;-46.901980126;897.2;39510;Line 321;0;139.965714781107
-23.283616941;-46.901794479;897.8;39480;Line 321;0;139.965714781107
-23.283826602;-46.901608832;900.0;39450;Line 321;0;139.965714781107
-23.284036262;-46.901423185;903.2;39420;Line 321;0;139.965714781107
-23.284245923;-46.901237536;905.6;39390;Line 321;0;139.965714781107
-23.284455583;-46.901051888;906.8;39360;Line 321;0;139.965714781107
-23.284665243;-46.900866238;909.4;39330;Line 321;0;139.965714781107
-23.284874903;-46.900680589;908.7;39300;Line 321;0;139.965714781107
-23.285084562;-46.900494938;906.8;39270;Line 321;0;139.965714781107
-23.285294221;-46.900309287;905.4;39240;Line 321;0;139.965714781107
-23.285503881;-46.900123636;905.7;39210;Line 321;0;139.965714781107
-23.28571354;-46.899937983;906.8;39180;Line 321;0;139.965714781107
-23.285923198;-46.899752331;906.8;39150;Line 321;0;139.965714781107
-23.286132857;-46.899566677;905.9;39120;Line 321;0;139.965714781107
-23.286342516;-46.899381024;904.5;39090;Line 321;0;139.965714781107
-23.286552174;-46.899195369;902.5;39060;Line 321;0;139.965714781107
-23.286761832;-46.899009714;896.3;39030;Line 321;0;139.965714781107
-23.28697149;-46.898824058;885.0;39000;Line 321;0;139.965714781107
-23.287181147;-46.898638402;872.4;38970;Line 321;0;139.965714781107
-23.287390805;-46.898452746;858.5;38940;Line 321;0;139.965714781107
-23.287600462;-46.898267088;846.3;38910;Line 321;0;139.965714781107
-23.287810119;-46.89808143;839.7;38880;Line 321;0;139.965714781107
-23.288019776;-46.897895772;835.7;38850;Line 321;0;139.965714781107
-23.288229433;-46.897710113;834.3;38820;Line 321;0;139.965714781107
-23.28843909;-46.897524453;834.7;38790;Line 321;0;139.965714781107
-23.288648746;-46.897338793;837.4;38760;Line 321;0;139.965714781107
-23.288858402;-46.897153132;840.1;38730;Line 321;0;139.965714781107
-23.289068058;-46.896967471;842.1;38700;Line 321;0;139.965714781107
-23.289277714;-46.896781809;841.4;38670;Line 321;0;139.965714781107
-23.28948737;-46.896596147;835.9;38640;Line 321;0;139.965714781107
-23.289697025;-46.896410484;827.7;38610;Line 321;0;139.965714781107
-23.28990668;-46.89622482;819.4;38580;Line 321;0;139.965714781107
-23.290116335;-46.896039156;816.7;38550;Line 321;0;139.965714781107
-23.29032599;-46.895853491;818.2;38520;Line 321;0;139.965714781107
-23.290535645;-46.895667826;819.1;38490;Line 321;0;139.965714781107
-23.290745299;-46.89548216;818.8;38460;Line 321;0;139.965714781107
-23.290954954;-46.895296493;817.6;38430;Line 321;0;139.965714781107
-23.291164608;-46.895110826;816.1;38400;Line 321;0;139.965714781107
-23.291374262;-46.894925158;815.9;38370;Line 321;0;139.965714781107
-23.291583916;-46.89473949;818.4;38340;Line 321;0;139.965714781107
-23.291793569;-46.894553821;823.1;38310;Line 321;0;139.965714781107
-23.292003223;-46.894368152;828.5;38280;Line 321;0;139.965714781107
-23.292212876;-46.894182482;833.4;38250;Line 321;0;139.965714781107
-23.292422529;-46.893996812;834.4;38220;Line 321;0;139.965714781107
-23.292632182;-46.893811141;834.8;38190;Line 321;0;139.965714781107
-23.292841834;-46.893625469;834.9;38160;Line 321;0;139.965714781107
-23.293051487;-46.893439797;834.5;38130;Line 321;0;139.965714781107
-23.293261139;-46.893254124;836.2;38100;Line 321;0;139.965714781107
-23.293470791;-46.893068451;842.2;38070;Line 321;0;139.965714781107
-23.293680443;-46.892882777;847.3;38040;Line 321;0;139.965714781107
-23.293890095;-46.892697102;850.4;38010;Line 321;0;139.965714781107
-23.294099746;-46.892511427;851.7;37980;Line 321;0;139.965714781107
-23.294309397;-46.892325751;848.7;37950;Line 321;0;139.965714781107
-23.294519049;-46.892140075;845.8;37920;Line 321;0;139.965714781107
-23.2947287;-46.891954398;843.5;37890;Line 321;0;139.965714781107
-23.29493835;-46.891768721;841.9;37860;Line 321;0;139.965714781107
-23.295148001;-46.891583043;841.5;37830;Line 321;0;139.965714781107
-23.295357651;-46.891397364;841.1;37800;Line 321;0;139.965714781107
-23.295567301;-46.891211685;840.2;37770;Line 321;0;139.965714781107
-23.295776952;-46.891026005;838.8;37740;Line 321;0;139.965714781107
-23.295986601;-46.890840325;834.8;37710;Line 321;0;139.965714781107
-23.296196251;-46.890654644;829.6;37680;Line 321;0;139.965714781107
-23.2964059;-46.890468963;825.5;37650;Line 321;0;139.965714781107
-23.29661555;-46.890283281;822.4;37620;Line 321;0;139.965714781107
-23.296825199;-46.890097598;819.3;37590;Line 321;0;139.965714781107
-23.297034848;-46.889911915;815.7;37560;Line 321;0;139.965714781107
-23.297244496;-46.889726232;811.4;37530;Line 321;0;139.965714781107
-23.297454145;-46.889540547;805.8;37500;Line 321;0;139.965714781107
-23.297663793;-46.889354862;798.2;37470;Line 321;0;139.965714781107
-23.297873441;-46.889169177;790.4;37440;Line 321;0;139.965714781107
-23.298083089;-46.888983491;784.8;37410;Line 321;0;139.965714781107
-23.298292737;-46.888797804;780.3;37380;Line 321;0;139.965714781107
-23.298502385;-46.888612117;781.3;37350;Line 321;0;139.965714781107
-23.298712032;-46.888426429;784.9;37320;Line 321;0;139.965714781107
-23.298921679;-46.888240741;790.0;37290;Line 321;0;139.965714781107
-23.299131326;-46.888055052;795.1;37260;Line 321;0;139.965714781107
-23.299340973;-46.887869363;801.5;37230;Line 321;0;139.965714781107
-23.29955062;-46.887683673;808.1;37200;Line 321;0;139.965714781107
-23.299760266;-46.887497982;814.6;37170;Line 321;0;139.965714781107
-23.299969912;-46.887312291;817.3;37140;Line 321;0;139.965714781107
-23.300179559;-46.887126599;818.9;37110;Line 321;0;139.965714781107
-23.300389204;-46.886940907;821.0;37080;Line 321;0;139.965714781107
-23.30059885;-46.886755214;823.9;37050;Line 321;0;139.965714781107
-23.300808496;-46.886569521;826.1;37020;Line 321;0;139.965714781107
-23.301018141;-46.886383827;827.2;36990;Line 321;0;139.965714781107
-23.301227786;-46.886198132;828.7;36960;Line 321;0;139.965714781107
-23.301437431;-46.886012437;830.4;36930;Line 321;0;139.965714781107
-23.301647076;-46.885826741;832.3;36900;Line 321;0;139.965714781107
-23.30185672;-46.885641045;832.0;36870;Line 321;0;139.965714781107
-23.302066365;-46.885455348;832.0;36840;Line 321;0;139.965714781107
-23.302276009;-46.88526965;832.5;36810;Line 321;0;139.965714781107
-23.302485653;-46.885083952;833.5;36780;Line 321;0;139.965714781107
-23.302695297;-46.884898254;833.9;36750;Line 321;0;139.965714781107
-23.302904941;-46.884712554;834.1;36720;Line 321;0;139.965714781107
-23.303114584;-46.884526855;834.8;36690;Line 321;0;139.965714781107
-23.303324227;-46.884341154;835.9;36660;Line 321;0;139.965714781107
-23.30353387;-46.884155453;835.4;36630;Line 321;0;139.965714781107
-23.303743513;-46.883969752;835.4;36600;Line 321;0;139.965714781107
-23.303953156;-46.88378405;834.2;36570;Line 321;0;139.965714781107
-23.304162799;-46.883598347;832.0;36540;Line 321;0;139.965714781107
-23.304372441;-46.883412644;834.6;36510;Line 321;0;139.965714781107
-23.304582083;-46.88322694;841.7;36480;Line 321;0;139.965714781107
-23.304791725;-46.883041236;850.7;36450;Line 321;0;139.965714781107
-23.305001367;-46.882855531;859.3;36420;Line 321;0;139.965714781107
-23.305211008;-46.882669825;866.3;36390;Line 321;0;139.965714781107
-23.30542065;-46.882484119;871.6;36360;Line 321;0;139.965714781107
-23.305630291;-46.882298412;874.7;36330;Line 321;0;139.965714781107
-23.305839932;-46.882112705;874.4;36300;Line 321;0;139.965714781107
-23.306049573;-46.881926997;865.1;36270;Line 321;0;139.965714781107
-23.306259213;-46.881741289;854.3;36240;Line 321;0;139.965714781107
-23.306468854;-46.88155558;843.5;36210;Line 321;0;139.965714781107
-23.306678494;-46.88136987;832.7;36180;Line 321;0;139.965714781107
-23.306888134;-46.88118416;824.2;36150;Line 321;0;139.965714781107
-23.307097774;-46.880998449;816.2;36120;Line 321;0;139.965714781107
-23.307307414;-46.880812738;808.7;36090;Line 321;0;139.965714781107
-23.307517053;-46.880627026;803.5;36060;Line 321;0;139.965714781107
-23.307726693;-46.880441314;807.1;36030;Line 321;0;139.965714781107
-23.307936332;-46.880255601;813.6;36000;Line 321;0;139.965714781107
-23.308145971;-46.880069887;823.2;35970;Line 321;0;139.965714781107
-23.30835561;-46.879884173;831.6;35940;Line 321;0;139.965714781107
-23.308565248;-46.879698458;835.7;35910;Line 321;0;139.965714781107
-23.308774886;-46.879512743;839.9;35880;Line 321;0;139.965714781107
-23.308984525;-46.879327027;844.2;35850;Line 321;0;139.965714781107
-23.309194163;-46.879141311;848.5;35820;Line 321;0;139.965714781107
-23.309403801;-46.878955594;853.1;35790;Line 321;0;139.965714781107
-23.309613438;-46.878769876;859.5;35760;Line 321;0;139.965714781107
-23.309823076;-46.878584158;867.5;35730;Line 321;0;139.965714781107
-23.310032713;-46.878398439;876.6;35700;Line 321;0;139.965714781107
-23.31024235;-46.87821272;882.6;35670;Line 321;0;139.965714781107
-23.310451987;-46.878027;889.0;35640;Line 321;0;139.965714781107
-23.310661624;-46.87784128;896.2;35610;Line 321;0;139.965714781107
-23.31087126;-46.877655559;902.2;35580;Line 321;0;139.965714781107
-23.311080896;-46.877469837;898.2;35550;Line 321;0;139.965714781107
-23.311290533;-46.877284115;895.1;35520;Line 321;0;139.965714781107
-23.311500169;-46.877098392;894.3;35490;Line 321;0;139.965714781107
-23.311709804;-46.876912669;894.3;35460;Line 321;0;139.965714781107
-23.31191944;-46.876726945;890.5;35430;Line 321;0;139.965714781107
-23.312129075;-46.87654122;884.1;35400;Line 321;0;139.965714781107
-23.31233871;-46.876355495;878.3;35370;Line 321;0;139.965714781107
-23.312548345;-46.87616977;873.9;35340;Line 321;0;139.965714781107
-23.31275798;-46.875984043;867.9;35310;Line 321;0;139.965714781107
-23.312967615;-46.875798317;861.8;35280;Line 321;0;139.965714781107
-23.313177249;-46.875612589;853.1;35250;Line 321;0;139.965714781107
-23.313386884;-46.875426861;844.6;35220;Line 321;0;139.965714781107
-23.313596518;-46.875241133;834.4;35190;Line 321;0;139.965714781107
-23.313806152;-46.875055404;824.7;35160;Line 321;0;139.965714781107
-23.314015785;-46.874869674;814.4;35130;Line 321;0;139.965714781107
-23.314225419;-46.874683944;806.3;35100;Line 321;0;139.965714781107
-23.314435052;-46.874498213;804.5;35070;Line 321;0;139.965714781107
-23.314644685;-46.874312482;804.6;35040;Line 321;0;139.965714781107
-23.314854318;-46.87412675;806.3;35010;Line 321;0;139.965714781107
-23.315063951;-46.873941017;809.4;34980;Line 321;0;139.965714781107
-23.315273584;-46.873755284;815.7;34950;Line 321;0;139.965714781107
-23.315483216;-46.87356955;821.9;34920;Line 321;0;139.965714781107
-23.315692848;-46.873383816;828.1;34890;Line 321;0;139.965714781107
-23.31590248;-46.873198081;829.5;34860;Line 321;0;139.965714781107
-23.316112112;-46.873012346;825.6;34830;Line 321;0;139.965714781107
-23.316321744;-46.87282661;820.5;34800;Line 321;0;139.965714781107
-23.316531375;-46.872640873;814.3;34770;Line 321;0;139.965714781107
-23.316741006;-46.872455136;809.3;34740;Line 321;0;139.965714781107
-23.316950637;-46.872269398;811.4;34710;Line 321;0;139.965714781107
-23.317160268;-46.87208366;816.0;34680;Line 321;0;139.965714781107
-23.317369899;-46.871897921;822.9;34650;Line 321;0;139.965714781107
-23.317579529;-46.871712182;832.1;34620;Line 321;0;139.965714781107
-23.31778916;-46.871526442;837.8;34590;Line 321;0;139.965714781107
-23.31799879;-46.871340701;841.3;34560;Line 321;0;139.965714781107
-23.31820842;-46.87115496;843.9;34530;Line 321;0;139.965714781107
-23.31841805;-46.870969218;846.8;34500;Line 321;0;139.965714781107
-23.318627679;-46.870783476;850.7;34470;Line 321;0;139.965714781107
-23.318837308;-46.870597733;852.0;34440;Line 321;0;139.965714781107
-23.319046938;-46.87041199;852.6;34410;Line 321;0;139.965714781107
-23.319256567;-46.870226246;854.5;34380;Line 321;0;139.965714781107
-23.319466195;-46.870040501;859.5;34350;Line 321;0;139.965714781107
-23.319675824;-46.869854756;869.9;34320;Line 321;0;139.965714781107
-23.319885453;-46.86966901;880.3;34290;Line 321;0;139.965714781107
-23.320095081;-46.869483264;885.5;34260;Line 321;0;139.965714781107
-23.320304709;-46.869297517;883.8;34230;Line 321;0;139.965714781107
-23.320514337;-46.869111769;880.6;34200;Line 321;0;139.965714781107
-23.320723964;-46.868926021;877.1;34170;Line 321;0;139.965714781107
-23.320933592;-46.868740273;869.8;34140;Line 321;0;139.965714781107
-23.321143219;-46.868554524;859.7;34110;Line 321;0;139.965714781107
-23.321352846;-46.868368774;849.2;34080;Line 321;0;139.965714781107
-23.321562473;-46.868183023;840.2;34050;Line 321;0;139.965714781107
-23.3217721;-46.867997272;834.2;34020;Line 321;0;139.965714781107
-23.321981727;-46.867811521;828.6;33990;Line 321;0;139.965714781107
-23.322191353;-46.867625769;820.7;33960;Line 321;0;139.965714781107
-23.322400979;-46.867440016;810.6;33930;Line 321;0;139.965714781107
-23.322610605;-46.867254263;804.8;33900;Line 321;0;139.965714781107
-23.322820231;-46.867068509;804.7;33870;Line 321;0;139.965714781107
-23.323029857;-46.866882755;806.3;33840;Line 321;0;139.965714781107
-23.323239482;-46.866697;809.7;33810;Line 321;0;139.965714781107
-23.323449107;-46.866511244;813.7;33780;Line 321;0;139.965714781107
-23.323658732;-46.866325488;816.8;33750;Line 321;0;139.965714781107
-23.323868357;-46.866139732;819.4;33720;Line 321;0;139.965714781107
-23.324077982;-46.865953974;821.6;33690;Line 321;0;139.965714781107
-23.324287606;-46.865768216;818.4;33660;Line 321;0;139.965714781107
-23.324497231;-46.865582458;811.2;33630;Line 321;0;139.965714781107
-23.324706855;-46.865396699;804.6;33600;Line 321;0;139.965714781107
-23.324916479;-46.86521094;798.8;33570;Line 321;0;139.965714781107
-23.325126102;-46.865025179;794.8;33540;Line 321;0;139.965714781107
-23.325335726;-46.864839419;794.7;33510;Line 321;0;139.965714781107
-23.325545349;-46.864653657;797.0;33480;Line 321;0;139.965714781107
-23.325754972;-46.864467896;801.4;33450;Line 321;0;139.965714781107
-23.325964595;-46.864282133;808.5;33420;Line 321;0;139.965714781107
-23.326174218;-46.86409637;815.3;33390;Line 321;0;139.965714781107
-23.326383841;-46.863910607;819.0;33360;Line 321;0;139.965714781107
-23.326593463;-46.863724842;820.6;33330;Line 321;0;139.965714781107
-23.326803085;-46.863539078;819.9;33300;Line 321;0;139.965714781107
-23.327012707;-46.863353312;816.7;33270;Line 321;0;139.965714781107
-23.327222329;-46.863167546;811.7;33240;Line 321;0;139.965714781107
-23.327431951;-46.86298178;807.7;33210;Line 321;0;139.965714781107
-23.327641572;-46.862796013;805.1;33180;Line 321;0;139.965714781107
-23.327851194;-46.862610245;804.4;33150;Line 321;0;139.965714781107
-23.328060815;-46.862424477;808.2;33120;Line 321;0;139.965714781107
-23.328270436;-46.862238708;817.2;33090;Line 321;0;139.965714781107
-23.328480056;-46.862052939;829.1;33060;Line 321;0;139.965714781107
-23.328689677;-46.861867169;842.0;33030;Line 321;0;139.965714781107
-23.328899297;-46.861681399;855.1;33000;Line 321;0;139.965714781107
-23.329108918;-46.861495628;864.5;32970;Line 321;0;139.965714781107
-23.329318537;-46.861309856;868.1;32940;Line 321;0;139.965714781107
-23.329528157;-46.861124084;868.4;32910;Line 321;0;139.965714781107
-23.329737777;-46.860938311;867.2;32880;Line 321;0;139.965714781107
-23.329947396;-46.860752538;864.5;32850;Line 321;0;139.965714781107
-23.330157015;-46.860566764;857.2;32820;Line 321;0;139.965714781107
-23.330366635;-46.860380989;847.1;32790;Line 321;0;139.965714781107
-23.330576253;-46.860195214;835.3;32760;Line 321;0;139.965714781107
-23.330785872;-46.860009438;821.6;32730;Line 321;0;139.965714781107
-23.33099549;-46.859823662;814.9;32700;Line 321;0;139.965714781107
-23.331205109;-46.859637885;809.5;32670;Line 321;0;139.965714781107
-23.331414727;-46.859452108;803.4;32640;Line 321;0;139.965714781107
-23.331624345;-46.85926633;796.6;32610;Line 321;0;139.965714781107
-23.331833962;-46.859080552;794.7;32580;Line 321;0;139.965714781107
-23.33204358;-46.858894772;796.8;32550;Line 321;0;139.965714781107
-23.332253197;-46.858708993;800.4;32520;Line 321;0;139.965714781107
-23.332462814;-46.858523212;805.5;32490;Line 321;0;139.965714781107
-23.332672431;-46.858337432;814.5;32460;Line 321;0;139.965714781107
-23.332882048;-46.85815165;822.3;32430;Line 321;0;139.965714781107
-23.333091665;-46.857965868;829.4;32400;Line 321;0;139.965714781107
-23.333301281;-46.857780086;835.8;32370;Line 321;0;139.965714781107
-23.333510897;-46.857594302;836.4;32340;Line 321;0;139.965714781107
-23.333720513;-46.857408519;833.9;32310;Line 321;0;139.965714781107
-23.333930129;-46.857222734;829.8;32280;Line 321;0;139.965714781107
-23.334139745;-46.85703695;824.1;32250;Line 321;0;139.965714781107
-23.33434936;-46.856851164;817.0;32220;Line 321;0;139.965714781107
-23.334558975;-46.856665378;809.0;32190;Line 321;0;139.965714781107
-23.334768591;-46.856479592;805.8;32160;Line 321;0;139.965714781107
-23.334978205;-46.856293804;801.5;32130;Line 321;0;139.965714781107
-23.33518782;-46.856108017;798.7;32100;Line 321;0;139.965714781107
-23.335397435;-46.855922228;795.5;32070;Line 321;0;139.965714781107
-23.335607049;-46.855736439;793.0;32040;Line 321;0;139.965714781107
-23.335816663;-46.85555065;792.0;32010;Line 321;0;139.965714781107
-23.336026277;-46.85536486;793.3;31980;Line 321;0;139.965714781107
-23.336235891;-46.855179069;794.7;31950;Line 321;0;139.965714781107
-23.336445504;-46.854993278;796.2;31920;Line 321;0;139.965714781107
-23.336655118;-46.854807486;799.2;31890;Line 321;0;139.965714781107
-23.336864731;-46.854621694;799.0;31860;Line 321;0;139.965714781107
-23.337074344;-46.854435901;797.9;31830;Line 321;0;139.965714781107
-23.337283957;-46.854250108;796.1;31800;Line 321;0;139.965714781107
-23.337493569;-46.854064313;793.0;31770;Line 321;0;139.965714781107
-23.337703182;-46.853878519;793.9;31740;Line 321;0;139.965714781107
-23.337912794;-46.853692724;793.6;31710;Line 321;0;139.965714781107
-23.338122406;-46.853506928;791.9;31680;Line 321;0;139.965714781107
-23.338332018;-46.853321131;789.0;31650;Line 321;0;139.965714781107
-23.33854163;-46.853135334;787.1;31620;Line 321;0;139.965714781107
-23.338751241;-46.852949537;785.2;31590;Line 321;0;139.965714781107
-23.338960852;-46.852763739;783.5;31560;Line 321;0;139.965714781107
-23.339170463;-46.85257794;781.9;31530;Line 321;0;139.965714781107
-23.339380074;-46.852392141;781.8;31500;Line 321;0;139.965714781107
-23.339589685;-46.852206341;783.6;31470;Line 321;0;139.965714781107
-23.339799296;-46.852020541;786.0;31440;Line 321;0;139.965714781107
-23.340008906;-46.85183474;789.0;31410;Line 321;0;139.965714781107
-23.340218516;-46.851648938;789.1;31380;Line 321;0;139.965714781107
-23.340428126;-46.851463136;789.0;31350;Line 321;0;139.965714781107
-23.340637736;-46.851277333;789.7;31320;Line 321;0;139.965714781107
-23.340847346;-46.85109153;791.2;31290;Line 321;0;139.965714781107
-23.341056955;-46.850905726;791.9;31260;Line 321;0;139.965714781107
-23.341266564;-46.850719922;791.2;31230;Line 321;0;139.965714781107
-23.341476173;-46.850534117;789.8;31200;Line 321;0;139.965714781107
-23.341685782;-46.850348311;788.7;31170;Line 321;0;139.965714781107
-23.341895391;-46.850162505;787.6;31140;Line 321;0;139.965714781107
-23.342104999;-46.849976698;785.7;31110;Line 321;0;139.965714781107
-23.342314607;-46.849790891;782.5;31080;Line 321;0;139.965714781107
-23.342524216;-46.849605083;779.9;31050;Line 321;0;139.965714781107
-23.342733823;-46.849419274;777.0;31020;Line 321;0;139.965714781107
-23.342943431;-46.849233465;773.7;30990;Line 321;0;139.965714781107
-23.343153039;-46.849047656;768.0;30960;Line 321;0;139.965714781107
-23.343362646;-46.848861846;760.8;30930;Line 321;0;139.965714781107
-23.343572253;-46.848676035;753.2;30900;Line 321;0;139.965714781107
-23.34378186;-46.848490224;747.0;30870;Line 321;0;139.965714781107
-23.343991467;-46.848304412;741.8;30840;Line 321;0;139.965714781107
-23.344201073;-46.848118599;736.7;30810;Line 321;0;139.965714781107
-23.34441068;-46.847932786;732.7;30780;Line 321;0;139.965714781107
-23.344620286;-46.847746972;729.1;30750;Line 321;0;139.965714781107
-23.344829892;-46.847561158;725.9;30720;Line 321;0;139.965714781107
-23.345039498;-46.847375343;723.9;30690;Line 321;0;139.965714781107
-23.345249104;-46.847189528;723.7;30660;Line 321;0;139.965714781107
-23.345458709;-46.847003712;723.9;30630;Line 321;0;139.965714781107
-23.345668314;-46.846817895;724.4;30600;Line 321;0;139.965714781107
-23.345877919;-46.846632078;725.2;30570;Line 321;0;139.965714781107
-23.346087524;-46.846446261;726.1;30540;Line 321;0;139.965714781107
-23.346297129;-46.846260442;726.7;30510;Line 321;0;139.965714781107
-23.346506733;-46.846074624;726.9;30480;Line 321;0;139.965714781107
-23.346716338;-46.845888804;727.0;30450;Line 321;0;139.965714781107
-23.346925942;-46.845702984;728.9;30420;Line 321;0;139.965714781107
-23.347135546;-46.845517164;732.1;30390;Line 321;0;139.965714781107
-23.34734515;-46.845331343;736.1;30360;Line 321;0;139.965714781107
-23.347554753;-46.845145521;740.8;30330;Line 321;0;139.965714781107
-23.347764356;-46.844959699;746.9;30300;Line 321;0;139.965714781107
-23.34797396;-46.844773876;755.1;30270;Line 321;0;139.965714781107
-23.348183563;-46.844588052;763.1;30240;Line 321;0;139.965714781107
-23.348393165;-46.844402228;770.6;30210;Line 321;0;139.965714781107
-23.348602768;-46.844216404;776.9;30180;Line 321;0;139.965714781107
-23.34881237;-46.844030578;779.9;30150;Line 321;0;139.965714781107
-23.349021973;-46.843844753;781.7;30120;Line 321;0;139.965714781107
-23.349231575;-46.843658926;782.2;30090;Line 321;0;139.965714781107
-23.349441177;-46.843473099;780.1;30060;Line 321;0;139.965714781107
-23.349650778;-46.843287272;777.4;30030;Line 321;0;139.965714781107
-23.34986038;-46.843101444;774.7;30000;Line 321;0;139.965714781107
-23.350069981;-46.842915615;774.7;29970;Line 321;0;139.965714781107
-23.350279582;-46.842729786;778.5;29940;Line 321;0;139.965714781107
-23.350489183;-46.842543956;783.0;29910;Line 321;0;139.965714781107
-23.350698784;-46.842358126;789.2;29880;Line 321;0;139.965714781107
-23.350908384;-46.842172295;796.1;29850;Line 321;0;139.965714781107
-23.351117985;-46.841986464;803.4;29820;Line 321;0;139.965714781107
-23.351327585;-46.841800631;811.0;29790;Line 321;0;139.965714781107
-23.351537185;-46.841614799;818.2;29760;Line 321;0;139.965714781107
-23.351746785;-46.841428966;820.9;29730;Line 321;0;139.965714781107
-23.351956384;-46.841243132;820.3;29700;Line 321;0;139.965714781107
-23.352165984;-46.841057297;821.0;29670;Line 321;0;139.965714781107
-23.352375583;-46.840871462;822.8;29640;Line 321;0;139.965714781107
-23.352585182;-46.840685627;824.8;29610;Line 321;0;139.965714781107
-23.352794781;-46.840499791;826.3;29580;Line 321;0;139.965714781107
-23.353004379;-46.840313954;827.9;29550;Line 321;0;139.965714781107
-23.353213978;-46.840128117;829.6;29520;Line 321;0;139.965714781107
-23.353423576;-46.839942279;835.0;29490;Line 321;0;139.965714781107
-23.353633174;-46.839756441;845.6;29460;Line 321;0;139.965714781107
-23.353842772;-46.839570602;857.5;29430;Line 321;0;139.965714781107
-23.35405237;-46.839384762;870.7;29400;Line 321;0;139.965714781107
-23.354261967;-46.839198922;887.8;29370;Line 321;0;139.965714781107
-23.354471564;-46.839013081;907.5;29340;Line 321;0;139.965714781107
-23.354681162;-46.83882724;926.4;29310;Line 321;0;139.965714781107
-23.354890759;-46.838641398;945.0;29280;Line 321;0;139.965714781107
-23.355100355;-46.838455555;956.2;29250;Line 321;0;139.965714781107
-23.355309952;-46.838269712;958.1;29220;Line 321;0;139.965714781107
-23.355519548;-46.838083869;957.6;29190;Line 321;0;139.965714781107
-23.355729144;-46.837898025;956.3;29160;Line 321;0;139.965714781107
-23.35593874;-46.83771218;951.8;29130;Line 321;0;139.965714781107
-23.356148336;-46.837526335;943.7;29100;Line 321;0;139.965714781107
-23.356357932;-46.837340489;932.2;29070;Line 321;0;139.965714781107
-23.356567527;-46.837154642;918.8;29040;Line 321;0;139.965714781107
-23.356777123;-46.836968795;902.3;29010;Line 321;0;139.965714781107
-23.356986718;-46.836782947;885.1;28980;Line 321;0;139.965714781107
-23.357196312;-46.836597099;869.8;28950;Line 321;0;139.965714781107
-23.357405907;-46.83641125;857.2;28920;Line 321;0;139.965714781107
-23.357615502;-46.836225401;847.9;28890;Line 321;0;139.965714781107
-23.357825096;-46.836039551;840.4;28860;Line 321;0;139.965714781107
-23.35803469;-46.835853701;833.1;28830;Line 321;0;139.965714781107
-23.358244284;-46.83566785;826.0;28800;Line 321;0;139.965714781107
-23.358453878;-46.835481998;821.2;28770;Line 321;0;139.965714781107
-23.358663471;-46.835296146;818.7;28740;Line 321;0;139.965714781107
-23.358873065;-46.835110293;817.2;28710;Line 321;0;139.965714781107
-23.359082658;-46.834924439;816.0;28680;Line 321;0;139.965714781107
-23.359292251;-46.834738585;816.9;28650;Line 321;0;139.965714781107
-23.359501843;-46.834552731;820.4;28620;Line 321;0;139.965714781107
-23.359711436;-46.834366876;824.6;28590;Line 321;0;139.965714781107
-23.359921028;-46.83418102;829.7;28560;Line 321;0;139.965714781107
-23.360130621;-46.833995164;832.1;28530;Line 321;0;139.965714781107
-23.360340213;-46.833809307;832.0;28500;Line 321;0;139.965714781107
-23.360549804;-46.833623449;830.8;28470;Line 321;0;139.965714781107
-23.360759396;-46.833437591;828.7;28440;Line 321;0;139.965714781107
-23.360968988;-46.833251733;828.2;28410;Line 321;0;139.965714781107
-23.361178579;-46.833065874;829.6;28380;Line 321;0;139.965714781107
-23.36138817;-46.832880014;831.6;28350;Line 321;0;139.965714781107
-23.361597761;-46.832694154;834.2;28320;Line 321;0;139.965714781107
-23.361807352;-46.832508293;839.8;28290;Line 321;0;139.965714781107
-23.362016942;-46.832322431;843.0;28260;Line 321;0;139.965714781107
-23.362226532;-46.832136569;843.6;28230;Line 321;0;139.965714781107
-23.362436122;-46.831950707;841.5;28200;Line 321;0;139.965714781107
-23.362645712;-46.831764843;841.1;28170;Line 321;0;139.965714781107
-23.362855302;-46.83157898;844.6;28140;Line 321;0;139.965714781107
-23.363064892;-46.831393115;848.8;28110;Line 321;0;139.965714781107
-23.363274481;-46.83120725;852.0;28080;Line 321;0;139.965714781107
-23.36348407;-46.831021385;848.4;28050;Line 321;0;139.965714781107
-23.363693659;-46.830835519;844.2;28020;Line 321;0;139.965714781107
-23.363903248;-46.830649652;841.0;27990;Line 321;0;139.965714781107
-23.364112837;-46.830463785;838.9;27960;Line 321;0;139.965714781107
-23.364322425;-46.830277917;831.7;27930;Line 321;0;139.965714781107
-23.364532013;-46.830092049;825.0;27900;Line 321;0;139.965714781107
-23.364741601;-46.82990618;822.3;27870;Line 321;0;139.965714781107
-23.364951189;-46.82972031;823.1;27840;Line 321;0;139.965714781107
-23.365160777;-46.82953444;823.5;27810;Line 321;0;139.965714781107
-23.365370364;-46.829348569;822.1;27780;Line 321;0;139.965714781107
-23.365579952;-46.829162698;819.5;27750;Line 321;0;139.965714781107
-23.365789539;-46.828976826;819.7;27720;Line 321;0;139.965714781107
-23.365999126;-46.828790954;818.2;27690;Line 321;0;139.965714781107
-23.366208712;-46.828605081;814.2;27660;Line 321;0;139.965714781107
-23.366418299;-46.828419207;808.0;27630;Line 321;0;139.965714781107
-23.366627885;-46.828233333;801.1;27600;Line 321;0;139.965714781107
-23.366837471;-46.828047458;798.5;27570;Line 321;0;139.965714781107
-23.367047057;-46.827861583;796.5;27540;Line 321;0;139.965714781107
-23.367256643;-46.827675707;794.4;27510;Line 321;0;139.965714781107
-23.367466229;-46.827489831;792.3;27480;Line 321;0;139.965714781107
-23.367675814;-46.827303954;794.6;27450;Line 321;0;139.965714781107
-23.367885399;-46.827118076;796.8;27420;Line 321;0;139.965714781107
-23.368094984;-46.826932198;798.4;27390;Line 321;0;139.965714781107
-23.368304569;-46.826746319;799.5;27360;Line 321;0;139.965714781107
-23.368514154;-46.82656044;799.8;27330;Line 321;0;139.965714781107
-23.368723738;-46.82637456;797.9;27300;Line 321;0;139.965714781107
-23.368933322;-46.826188679;794.6;27270;Line 321;0;139.965714781107
-23.369142907;-46.826002798;789.8;27240;Line 321;0;139.965714781107
-23.36935249;-46.825816916;784.9;27210;Line 321;0;139.965714781107
-23.369562074;-46.825631034;781.6;27180;Line 321;0;139.965714781107
-23.369771658;-46.825445151;779.1;27150;Line 321;0;139.965714781107
-23.369981241;-46.825259268;777.2;27120;Line 321;0;139.965714781107
-23.370190824;-46.825073384;773.7;27090;Line 321;0;139.965714781107
-23.370400407;-46.824887499;769.8;27060;Line 321;0;139.965714781107
-23.37060999;-46.824701614;764.9;27030;Line 321;0;139.965714781107
-23.370819572;-46.824515729;758.8;27000;Line 321;0;139.965714781107
-23.371029155;-46.824329842;760.8;26970;Line 321;0;139.965714781107
-23.371238737;-46.824143956;763.8;26940;Line 321;0;139.965714781107
-23.371448319;-46.823958068;765.0;26910;Line 321;0;139.965714781107
-23.371657901;-46.82377218;765.6;26880;Line 321;0;139.965714781107
-23.371867482;-46.823586292;766.8;26850;Line 321;0;139.965714781107
-23.372077064;-46.823400402;769.4;26820;Line 321;0;139.965714781107
-23.372286645;-46.823214513;772.5;26790;Line 321;0;139.965714781107
-23.372496226;-46.823028622;775.2;26760;Line 321;0;139.965714781107
-23.372705807;-46.822842731;777.9;26730;Line 321;0;139.965714781107
-23.372915387;-46.82265684;781.3;26700;Line 321;0;139.965714781107
-23.373124968;-46.822470948;785.2;26670;Line 321;0;139.965714781107
-23.373334548;-46.822285055;788.7;26640;Line 321;0;139.965714781107
-23.373544128;-46.822099162;790.0;26610;Line 321;0;139.965714781107
-23.373753708;-46.821913268;791.7;26580;Line 321;0;139.965714781107
-23.373963288;-46.821727374;793.9;26550;Line 321;0;139.965714781107
-23.374172867;-46.821541479;796.3;26520;Line 321;0;139.965714781107
-23.374382447;-46.821355584;792.0;26490;Line 321;0;139.965714781107
-23.374592026;-46.821169688;788.0;26460;Line 321;0;139.965714781107
-23.374801605;-46.820983791;784.3;26430;Line 321;0;139.965714781107
-23.375011183;-46.820797894;781.7;26400;Line 321;0;139.965714781107
-23.375220762;-46.820611996;786.2;26370;Line 321;0;139.965714781107
-23.37543034;-46.820426097;789.9;26340;Line 321;0;139.965714781107
-23.375639918;-46.820240199;793.0;26310;Line 321;0;139.965714781107
-23.375849496;-46.820054299;795.7;26280;Line 321;0;139.965714781107
-23.376059074;-46.819868399;802.4;26250;Line 321;0;139.965714781107
-23.376268652;-46.819682498;809.1;26220;Line 321;0;139.965714781107
-23.376478229;-46.819496597;815.5;26190;Line 321;0;139.965714781107
-23.376687807;-46.819310695;821.3;26160;Line 321;0;139.965714781107
-23.376897384;-46.819124793;823.4;26130;Line 321;0;139.965714781107
-23.37710696;-46.81893889;825.0;26100;Line 321;0;139.965714781107
-23.377316537;-46.818752986;826.3;26070;Line 321;0;139.965714781107
-23.377526114;-46.818567082;826.7;26040;Line 321;0;139.965714781107
-23.37773569;-46.818381177;823.4;26010;Line 321;0;139.965714781107
-23.377945266;-46.818195272;821.0;25980;Line 321;0;139.965714781107
-23.378154842;-46.818009366;818.7;25950;Line 321;0;139.965714781107
-23.378364418;-46.817823459;816.3;25920;Line 321;0;139.965714781107
-23.378573993;-46.817637552;813.6;25890;Line 321;0;139.965714781107
-23.378783568;-46.817451645;811.3;25860;Line 321;0;139.965714781107
-23.378993144;-46.817265737;808.8;25830;Line 321;0;139.965714781107
-23.379202719;-46.817079828;806.7;25800;Line 321;0;139.965714781107
-23.379412293;-46.816893918;804.7;25770;Line 321;0;139.965714781107
-23.379621868;-46.816708009;803.1;25740;Line 321;0;139.965714781107
-23.379831442;-46.816522098;800.7;25710;Line 321;0;139.965714781107
-23.380041016;-46.816336187;798.6;25680;Line 321;0;139.965714781107
-23.38025059;-46.816150275;797.2;25650;Line 321;0;139.965714781107
-23.380460164;-46.815964363;796.0;25620;Line 321;0;139.965714781107
-23.380669738;-46.81577845;794.9;25590;Line 321;0;139.965714781107
-23.380879311;-46.815592537;793.7;25560;Line 321;0;139.965714781107
-23.381088885;-46.815406623;792.7;25530;Line 321;0;139.965714781107
-23.381298458;-46.815220708;791.7;25500;Line 321;0;139.965714781107
-23.381508031;-46.815034793;790.8;25470;Line 321;0;139.965714781107
-23.381717603;-46.814848878;791.7;25440;Line 321;0;139.965714781107
-23.381927176;-46.814662961;795.3;25410;Line 321;0;139.965714781107
-23.382136748;-46.814477044;799.1;25380;Line 321;0;139.965714781107
-23.38234632;-46.814291127;803.1;25350;Line 321;0;139.965714781107
-23.382555892;-46.814105209;807.7;25320;Line 321;0;139.965714781107
-23.382765464;-46.81391929;814.2;25290;Line 321;0;139.965714781107
-23.382975035;-46.813733371;822.2;25260;Line 321;0;139.965714781107
-23.383184607;-46.813547451;831.7;25230;Line 321;0;139.965714781107
-23.383394178;-46.813361531;842.5;25200;Line 321;0;139.965714781107
-23.383603749;-46.81317561;851.4;25170;Line 321;0;139.965714781107
-23.38381332;-46.812989689;861.1;25140;Line 321;0;139.965714781107
-23.38402289;-46.812803767;872.4;25110;Line 321;0;139.965714781107
-23.384232461;-46.812617844;884.7;25080;Line 321;0;139.965714781107
-23.384442031;-46.812431921;896.1;25050;Line 321;0;139.965714781107
-23.384651601;-46.812245997;906.3;25020;Line 321;0;139.965714781107
-23.384861171;-46.812060073;916.0;24990;Line 321;0;139.965714781107
-23.38507074;-46.811874148;923.4;24960;Line 321;0;139.965714781107
-23.38528031;-46.811688222;927.3;24930;Line 321;0;139.965714781107
-23.385489879;-46.811502296;930.3;24900;Line 321;0;139.965714781107
-23.385699448;-46.81131637;932.7;24870;Line 321;0;139.965714781107
-23.385909017;-46.811130442;932.4;24840;Line 321;0;139.965714781107
-23.386118586;-46.810944514;926.8;24810;Line 321;0;139.965714781107
-23.386328154;-46.810758586;918.6;24780;Line 321;0;139.965714781107
-23.386537722;-46.810572657;907.6;24750;Line 321;0;139.965714781107
-23.38674729;-46.810386728;894.6;24720;Line 321;0;139.965714781107
-23.386956858;-46.810200797;879.4;24690;Line 321;0;139.965714781107
-23.387166426;-46.810014867;863.5;24660;Line 321;0;139.965714781107
-23.387375994;-46.809828935;845.9;24630;Line 321;0;139.965714781107
-23.387585561;-46.809643004;830.1;24600;Line 321;0;139.965714781107
-23.387795128;-46.809457071;817.7;24570;Line 321;0;139.965714781107
-23.388004695;-46.809271138;805.4;24540;Line 321;0;139.965714781107
-23.388214262;-46.809085204;794.9;24510;Line 321;0;139.965714781107
-23.388423828;-46.80889927;788.0;24480;Line 321;0;139.965714781107
-23.388633395;-46.808713336;782.4;24450;Line 321;0;139.965714781107
-23.388842961;-46.8085274;775.0;24420;Line 321;0;139.965714781107
-23.389052527;-46.808341464;766.0;24390;Line 321;0;139.965714781107
-23.389262093;-46.808155528;762.5;24360;Line 321;0;139.965714781107
-23.389471659;-46.807969591;759.7;24330;Line 321;0;139.965714781107
-23.389681224;-46.807783653;754.0;24300;Line 321;0;139.965714781107
-23.389890789;-46.807597715;745.5;24270;Line 321;0;139.965714781107
-23.390100354;-46.807411776;740.6;24240;Line 321;0;139.965714781107
-23.390309919;-46.807225837;740.4;24210;Line 321;0;139.965714781107
-23.390519484;-46.807039897;738.1;24180;Line 321;0;139.965714781107
-23.390729048;-46.806853956;733.6;24150;Line 321;0;139.965714781107
-23.390938613;-46.806668015;730.2;24120;Line 321;0;139.965714781107
-23.391148177;-46.806482073;732.7;24090;Line 321;0;139.965714781107
-23.391357741;-46.806296131;733.2;24060;Line 321;0;139.965714781107
-23.391567305;-46.806110188;731.7;24030;Line 321;0;139.965714781107
-23.391776868;-46.805924245;731.7;24000;Line 321;0;139.965714781107
-23.391986431;-46.805738301;735.1;23970;Line 321;0;139.965714781107
-23.392195995;-46.805552356;737.9;23940;Line 321;0;139.965714781107
-23.392405558;-46.805366411;738.7;23910;Line 321;0;139.965714781107
-23.39261512;-46.805180465;737.8;23880;Line 321;0;139.965714781107
-23.392824683;-46.804994519;736.3;23850;Line 321;0;139.965714781107
-23.393034245;-46.804808572;736.1;23820;Line 321;0;139.965714781107
-23.393243808;-46.804622625;734.5;23790;Line 321;0;139.965714781107
-23.39345337;-46.804436677;730.6;23760;Line 321;0;139.965714781107
-23.393662931;-46.804250728;725.7;23730;Line 321;0;139.965714781107
-23.393872493;-46.804064779;724.0;23700;Line 321;0;139.965714781107
-23.394082055;-46.803878829;724.6;23670;Line 321;0;139.965714781107
-23.394291616;-46.803692879;725.7;23640;Line 321;0;139.965714781107
-23.394501177;-46.803506928;726.8;23610;Line 321;0;139.965714781107
-23.394710738;-46.803320976;726.9;23580;Line 321;0;139.965714781107
-23.394920298;-46.803135024;725.8;23550;Line 321;0;139.965714781107
-23.395129859;-46.802949072;726.7;23520;Line 321;0;139.965714781107
-23.395339419;-46.802763118;729.6;23490;Line 321;0;139.965714781107
-23.395548979;-46.802577165;732.6;23460;Line 321;0;139.965714781107
-23.395758539;-46.80239121;733.6;23430;Line 321;0;139.965714781107
-23.395968099;-46.802205255;731.6;23400;Line 321;0;139.965714781107
-23.396177659;-46.8020193;730.9;23370;Line 321;0;139.965714781107
-23.396387218;-46.801833344;732.0;23340;Line 321;0;139.965714781107
-23.396596777;-46.801647387;734.6;23310;Line 321;0;139.965714781107
-23.396806336;-46.80146143;734.9;23280;Line 321;0;139.965714781107
-23.397015895;-46.801275472;734.6;23250;Line 321;0;139.965714781107
-23.397225454;-46.801089513;733.9;23220;Line 321;0;139.965714781107
-23.397435012;-46.800903554;732.7;23190;Line 321;0;139.965714781107
-23.39764457;-46.800717595;736.4;23160;Line 321;0;139.965714781107
-23.397854128;-46.800531634;741.7;23130;Line 321;0;139.965714781107
-23.398063686;-46.800345674;745.6;23100;Line 321;0;139.965714781107
-23.398273244;-46.800159712;748.2;23070;Line 321;0;139.965714781107
-23.398482801;-46.799973751;748.9;23040;Line 321;0;139.965714781107
-23.398692358;-46.799787788;748.6;23010;Line 321;0;139.965714781107
-23.398901915;-46.799601825;746.1;22980;Line 321;0;139.965714781107
-23.399111472;-46.799415861;741.6;22950;Line 321;0;139.965714781107
-23.399321029;-46.799229897;733.2;22920;Line 321;0;139.965714781107
-23.399530586;-46.799043932;728.5;22890;Line 321;0;139.965714781107
-23.399740142;-46.798857967;725.4;22860;Line 321;0;139.965714781107
-23.399949698;-46.798672001;722.4;22830;Line 321;0;139.965714781107
-23.400159254;-46.798486034;721.2;22800;Line 321;0;139.965714781107
-23.40036881;-46.798300067;720.9;22770;Line 321;0;139.965714781107
-23.400578365;-46.7981141;721.3;22740;Line 321;0;139.965714781107
-23.400787921;-46.797928131;721.2;22710;Line 321;0;139.965714781107
-23.400997476;-46.797742163;720.7;22680;Line 321;0;139.965714781107
-23.401207031;-46.797556193;719.7;22650;Line 321;0;139.965714781107
-23.401416585;-46.797370223;717.9;22620;Line 321;0;139.965714781107
-23.40162614;-46.797184253;715.9;22590;Line 321;0;139.965714781107
-23.401835694;-46.796998281;715.2;22560;Line 321;0;139.965714781107
-23.402045249;-46.79681231;714.7;22530;Line 321;0;139.965714781107
-23.402254803;-46.796626337;714.5;22500;Line 321;0;139.965714781107
-23.402464357;-46.796440364;715.9;22470;Line 321;0;139.965714781107
-23.40267391;-46.796254391;724.0;22440;Line 321;0;139.965714781107
-23.402883464;-46.796068417;734.2;22410;Line 321;0;139.965714781107
-23.403093017;-46.795882442;745.2;22380;Line 321;0;139.965714781107
-23.40330257;-46.795696467;756.1;22350;Line 321;0;139.965714781107
-23.403512123;-46.795510491;764.4;22320;Line 321;0;139.965714781107
-23.403721676;-46.795324515;771.7;22290;Line 321;0;139.965714781107
-23.403931228;-46.795138538;778.0;22260;Line 321;0;139.965714781107
-23.40414078;-46.794952561;783.3;22230;Line 321;0;139.965714781107
-23.404350332;-46.794766582;788.4;22200;Line 321;0;139.965714781107
-23.404559884;-46.794580604;793.6;22170;Line 321;0;139.965714781107
-23.404769436;-46.794394625;799.0;22140;Line 321;0;139.965714781107
-23.404978988;-46.794208645;804.5;22110;Line 321;0;139.965714781107
-23.405188539;-46.794022664;805.1;22080;Line 321;0;139.965714781107
-23.40539809;-46.793836683;805.5;22050;Line 321;0;139.965714781107
-23.405607641;-46.793650702;806.4;22020;Line 321;0;139.965714781107
-23.405817192;-46.79346472;808.1;21990;Line 321;0;139.965714781107
-23.406026743;-46.793278737;805.6;21960;Line 321;0;139.965714781107
-23.406236293;-46.793092754;801.6;21930;Line 321;0;139.965714781107
-23.406445843;-46.79290677;798.0;21900;Line 321;0;139.965714781107
-23.406655393;-46.792720785;794.9;21870;Line 321;0;139.965714781107
-23.406864943;-46.7925348;789.2;21840;Line 321;0;139.965714781107
-23.407074493;-46.792348815;784.1;21810;Line 321;0;139.965714781107
-23.407284042;-46.792162828;779.7;21780;Line 321;0;139.965714781107
-23.407493591;-46.791976842;776.0;21750;Line 321;0;139.965714781107
-23.40770314;-46.791790854;774.6;21720;Line 321;0;139.965714781107
-23.407912689;-46.791604866;775.3;21690;Line 321;0;139.965714781107
-23.408122238;-46.791418878;777.7;21660;Line 321;0;139.965714781107
-23.408331786;-46.791232889;779.1;21630;Line 321;0;139.965714781107
-23.408541335;-46.791046899;781.7;21600;Line 321;0;139.965714781107
-23.408750883;-46.790860909;783.9;21570;Line 321;0;139.965714781107
-23.408960431;-46.790674918;786.5;21540;Line 321;0;139.965714781107
-23.409169978;-46.790488927;788.5;21510;Line 321;0;139.965714781107
-23.409379526;-46.790302935;792.9;21480;Line 321;0;139.965714781107
-23.409589073;-46.790116942;796.7;21450;Line 321;0;139.965714781107
-23.409798621;-46.789930949;799.7;21420;Line 321;0;139.965714781107
-23.410008167;-46.789744955;801.8;21390;Line 321;0;139.965714781107
-23.410217714;-46.789558961;803.4;21360;Line 321;0;139.965714781107
-23.410427261;-46.789372966;804.7;21330;Line 321;0;139.965714781107
-23.410636807;-46.789186971;805.7;21300;Line 321;0;139.965714781107
-23.410846353;-46.789000975;805.0;21270;Line 321;0;139.965714781107
-23.411055899;-46.788814978;803.1;21240;Line 321;0;139.965714781107
-23.411265445;-46.788628981;801.7;21210;Line 321;0;139.965714781107
-23.411474991;-46.788442983;800.9;21180;Line 321;0;139.965714781107
-23.411684536;-46.788256985;799.2;21150;Line 321;0;139.965714781107
-23.411894082;-46.788070986;795.0;21120;Line 321;0;139.965714781107
-23.412103627;-46.787884987;791.1;21090;Line 321;0;139.965714781107
-23.412313171;-46.787698987;787.5;21060;Line 321;0;139.965714781107
-23.412522716;-46.787512986;784.1;21030;Line 321;0;139.965714781107
-23.412732261;-46.787326985;778.2;21000;Line 321;0;139.965714781107
-23.412941805;-46.787140983;772.9;20970;Line 321;0;139.965714781107
-23.413151349;-46.786954981;768.5;20940;Line 321;0;139.965714781107
-23.413360893;-46.786768978;765.1;20910;Line 321;0;139.965714781107
-23.413570437;-46.786582974;766.3;20880;Line 321;0;139.965714781107
-23.41377998;-46.78639697;769.0;20850;Line 321;0;139.965714781107
-23.413989524;-46.786210965;770.1;20820;Line 321;0;139.965714781107
-23.414199067;-46.78602496;770.8;20790;Line 321;0;139.965714781107
-23.41440861;-46.785838954;778.3;20760;Line 321;0;139.965714781107
-23.414618152;-46.785652948;786.7;20730;Line 321;0;139.965714781107
-23.414827695;-46.785466941;794.2;20700;Line 321;0;139.965714781107
-23.415037237;-46.785280933;800.0;20670;Line 321;0;139.965714781107
-23.41524678;-46.785094925;802.1;20640;Line 321;0;139.965714781107
-23.415456322;-46.784908916;805.0;20610;Line 321;0;139.965714781107
-23.415665863;-46.784722907;808.3;20580;Line 321;0;139.965714781107
-23.415875405;-46.784536897;811.9;20550;Line 321;0;139.965714781107
-23.416084946;-46.784350886;814.6;20520;Line 321;0;139.965714781107
-23.416294488;-46.784164875;818.5;20490;Line 321;0;139.965714781107
-23.416504029;-46.783978864;822.0;20460;Line 321;0;139.965714781107
-23.416713569;-46.783792852;826.5;20430;Line 321;0;139.965714781107
-23.41692311;-46.783606839;829.8;20400;Line 321;0;139.965714781107
-23.417132651;-46.783420825;833.1;20370;Line 321;0;139.965714781107
-23.417342191;-46.783234811;834.8;20340;Line 321;0;139.965714781107
-23.417551731;-46.783048797;834.7;20310;Line 321;0;139.965714781107
-23.417761271;-46.782862782;834.0;20280;Line 321;0;139.965714781107
-23.417970811;-46.782676766;834.0;20250;Line 321;0;139.965714781107
-23.41818035;-46.78249075;834.8;20220;Line 321;0;139.965714781107
-23.418389889;-46.782304733;835.5;20190;Line 321;0;139.965714781107
-23.418599429;-46.782118716;837.4;20160;Line 321;0;139.965714781107
-23.418808967;-46.781932698;839.3;20130;Line 321;0;139.965714781107
-23.419018506;-46.781746679;841.3;20100;Line 321;0;139.965714781107
-23.419228045;-46.78156066;842.5;20070;Line 321;0;139.965714781107
-23.419437583;-46.78137464;841.7;20040;Line 321;0;139.965714781107
-23.419647121;-46.78118862;840.6;20010;Line 321;0;139.965714781107
-23.419856659;-46.781002599;839.3;19980;Line 321;0;139.965714781107
-23.420066197;-46.780816577;838.1;19950;Line 321;0;139.965714781107
-23.420275735;-46.780630555;836.2;19920;Line 321;0;139.965714781107
-23.420485272;-46.780444533;833.2;19890;Line 321;0;139.965714781107
-23.420694809;-46.78025851;829.3;19860;Line 321;0;139.965714781107
-23.420904346;-46.780072486;825.0;19830;Line 321;0;139.965714781107
-23.421113883;-46.779886461;823.3;19800;Line 321;0;139.965714781107
-23.42132342;-46.779700436;823.8;19770;Line 321;0;139.965714781107
-23.421532956;-46.779514411;825.7;19740;Line 321;0;139.965714781107
-23.421742493;-46.779328385;828.5;19710;Line 321;0;139.965714781107
-23.421952029;-46.779142358;830.0;19680;Line 321;0;139.965714781107
-23.422161565;-46.778956331;830.8;19650;Line 321;0;139.965714781107
-23.4223711;-46.778770303;831.3;19620;Line 321;0;139.965714781107
-23.422580636;-46.778584275;830.9;19590;Line 321;0;139.965714781107
-23.422790171;-46.778398246;828.5;19560;Line 321;0;139.965714781107
-23.422999706;-46.778212216;824.3;19530;Line 321;0;139.965714781107
-23.423209241;-46.778026186;820.1;19500;Line 321;0;139.965714781107
-23.423418776;-46.777840155;817.8;19470;Line 321;0;139.965714781107
-23.42362831;-46.777654124;817.2;19440;Line 321;0;139.965714781107
-23.423837845;-46.777468092;816.6;19410;Line 321;0;139.965714781107
-23.424047379;-46.777282059;817.1;19380;Line 321;0;139.965714781107
-23.424256913;-46.777096026;817.4;19350;Line 321;0;139.965714781107
-23.424466447;-46.776909993;817.6;19320;Line 321;0;139.965714781107
-23.42467598;-46.776723959;817.8;19290;Line 321;0;139.965714781107
-23.424885514;-46.776537924;820.9;19260;Line 321;0;139.965714781107
-23.425095047;-46.776351888;827.6;19230;Line 321;0;139.965714781107
-23.42530458;-46.776165853;835.4;19200;Line 321;0;139.965714781107
-23.425514113;-46.775979816;841.9;19170;Line 321;0;139.965714781107
-23.425723645;-46.775793779;846.9;19140;Line 321;0;139.965714781107
-23.425933178;-46.775607741;847.9;19110;Line 321;0;139.965714781107
-23.42614271;-46.775421703;844.7;19080;Line 321;0;139.965714781107
-23.426352242;-46.775235664;839.5;19050;Line 321;0;139.965714781107
-23.426561774;-46.775049625;832.3;19020;Line 321;0;139.965714781107
-23.426771305;-46.774863585;823.6;18990;Line 321;0;139.965714781107
-23.426980837;-46.774677544;813.4;18960;Line 321;0;139.965714781107
-23.427190368;-46.774491503;803.5;18930;Line 321;0;139.965714781107
-23.427399899;-46.774305461;793.7;18900;Line 321;0;139.965714781107
-23.42760943;-46.774119419;787.8;18870;Line 321;0;139.965714781107
-23.427818961;-46.773933376;785.0;18840;Line 321;0;139.965714781107
-23.428028491;-46.773747333;781.9;18810;Line 321;0;139.965714781107
-23.428238022;-46.773561289;778.6;18780;Line 321;0;139.965714781107
-23.428447552;-46.773375244;776.4;18750;Line 321;0;139.965714781107
-23.428657082;-46.773189199;776.8;18720;Line 321;0;139.965714781107
-23.428866612;-46.773003153;777.6;18690;Line 321;0;139.965714781107
-23.429076141;-46.772817107;778.2;18660;Line 321;0;139.965714781107
-23.429285671;-46.77263106;776.7;18630;Line 321;0;139.965714781107
-23.4294952;-46.772445012;774.1;18600;Line 321;0;139.965714781107
-23.429704729;-46.772258964;773.4;18570;Line 321;0;139.965714781107
-23.429914258;-46.772072915;772.0;18540;Line 321;0;139.965714781107
-23.430123786;-46.771886866;773.2;18510;Line 321;0;139.965714781107
-23.430333315;-46.771700816;776.4;18480;Line 321;0;139.965714781107
-23.430542843;-46.771514766;779.3;18450;Line 321;0;139.965714781107
-23.430752371;-46.771328715;781.7;18420;Line 321;0;139.965714781107
-23.430961899;-46.771142663;786.3;18390;Line 321;0;139.965714781107
-23.431171426;-46.770956611;793.5;18360;Line 321;0;139.965714781107
-23.431380954;-46.770770558;802.1;18330;Line 321;0;139.965714781107
-23.431590481;-46.770584505;811.4;18300;Line 321;0;139.965714781107
-23.431800008;-46.770398451;818.7;18270;Line 321;0;139.965714781107
-23.432009535;-46.770212397;824.4;18240;Line 321;0;139.965714781107
-23.432219062;-46.770026342;829.5;18210;Line 321;0;139.965714781107
-23.432428588;-46.769840286;832.9;18180;Line 321;0;139.965714781107
-23.432638114;-46.76965423;831.4;18150;Line 321;0;139.965714781107
-23.432847641;-46.769468173;827.3;18120;Line 321;0;139.965714781107
-23.433057167;-46.769282116;822.9;18090;Line 321;0;139.965714781107
-23.433266692;-46.769096058;818.7;18060;Line 321;0;139.965714781107
-23.433476218;-46.768909999;816.9;18030;Line 321;0;139.965714781107
-23.433685743;-46.76872394;816.0;18000;Line 321;0;139.965714781107
-23.433895268;-46.76853788;815.3;17970;Line 321;0;139.965714781107
-23.434104793;-46.76835182;814.6;17940;Line 321;0;139.965714781107
-23.434314318;-46.768165759;816.8;17910;Line 321;0;139.965714781107
-23.434523843;-46.767979698;820.8;17880;Line 321;0;139.965714781107
-23.434733367;-46.767793636;824.9;17850;Line 321;0;139.965714781107
-23.434942891;-46.767607573;829.3;17820;Line 321;0;139.965714781107
-23.435152415;-46.76742151;830.3;17790;Line 321;0;139.965714781107
-23.435361939;-46.767235446;829.0;17760;Line 321;0;139.965714781107
-23.435571463;-46.767049382;826.4;17730;Line 321;0;139.965714781107
-23.435780986;-46.766863317;822.7;17700;Line 321;0;139.965714781107
-23.435990509;-46.766677252;816.7;17670;Line 321;0;139.965714781107
-23.436200032;-46.766491186;809.5;17640;Line 321;0;139.965714781107
-23.436409555;-46.766305119;802.4;17610;Line 321;0;139.965714781107
-23.436619078;-46.766119052;795.3;17580;Line 321;0;139.965714781107
-23.4368286;-46.765932984;791.2;17550;Line 321;0;139.965714781107
-23.437038123;-46.765746916;786.8;17520;Line 321;0;139.965714781107
-23.437247645;-46.765560847;782.3;17490;Line 321;0;139.965714781107
-23.437457167;-46.765374777;777.9;17460;Line 321;0;139.965714781107
-23.437666688;-46.765188707;775.4;17430;Line 321;0;139.965714781107
-23.43787621;-46.765002636;773.0;17400;Line 321;0;139.965714781107
-23.438085731;-46.764816565;773.3;17370;Line 321;0;139.965714781107
-23.438295252;-46.764630493;773.8;17340;Line 321;0;139.965714781107
-23.438504773;-46.764444421;776.2;17310;Line 321;0;139.965714781107
-23.438714294;-46.764258348;779.5;17280;Line 321;0;139.965714781107
-23.438923815;-46.764072274;784.8;17250;Line 321;0;139.965714781107
-23.439133335;-46.7638862;791.3;17220;Line 321;0;139.965714781107
-23.439342855;-46.763700125;798.1;17190;Line 321;0;139.965714781107
-23.439552375;-46.76351405;804.2;17160;Line 321;0;139.965714781107
-23.439761895;-46.763327974;809.5;17130;Line 321;0;139.965714781107
-23.439971414;-46.763141897;813.6;17100;Line 321;0;139.965714781107
-23.440180934;-46.76295582;817.5;17070;Line 321;0;139.965714781107
-23.440390453;-46.762769743;821.3;17040;Line 321;0;139.965714781107
-23.440599972;-46.762583664;825.0;17010;Line 321;0;139.965714781107
-23.440809491;-46.762397586;827.5;16980;Line 321;0;139.965714781107
-23.44101901;-46.762211506;828.5;16950;Line 321;0;139.965714781107
-23.441228528;-46.762025426;829.2;16920;Line 321;0;139.965714781107
-23.441438046;-46.761839346;829.6;16890;Line 321;0;139.965714781107
-23.441647564;-46.761653265;829.7;16860;Line 321;0;139.965714781107
-23.441857082;-46.761467183;826.6;16830;Line 321;0;139.965714781107
-23.4420666;-46.761281101;824.3;16800;Line 321;0;139.965714781107
-23.442276117;-46.761095018;822.9;16770;Line 321;0;139.965714781107
-23.442485635;-46.760908934;822.5;16740;Line 321;0;139.965714781107
-23.442695152;-46.76072285;820.5;16710;Line 321;0;139.965714781107
-23.442904669;-46.760536766;818.4;16680;Line 321;0;139.965714781107
-23.443114185;-46.760350681;816.3;16650;Line 321;0;139.965714781107
-23.443323702;-46.760164595;814.4;16620;Line 321;0;139.965714781107
-23.443533218;-46.759978508;814.0;16590;Line 321;0;139.965714781107
-23.443742734;-46.759792422;813.6;16560;Line 321;0;139.965714781107
-23.44395225;-46.759606334;813.5;16530;Line 321;0;139.965714781107
-23.444161766;-46.759420246;813.8;16500;Line 321;0;139.965714781107
-23.444371282;-46.759234157;813.2;16470;Line 321;0;139.965714781107
-23.444580797;-46.759048068;811.9;16440;Line 321;0;139.965714781107
-23.444790312;-46.758861978;810.8;16410;Line 321;0;139.965714781107
-23.444999827;-46.758675888;809.9;16380;Line 321;0;139.965714781107
-23.445209342;-46.758489797;808.7;16350;Line 321;0;139.965714781107
-23.445418857;-46.758303705;807.1;16320;Line 321;0;139.965714781107
-23.445628371;-46.758117613;805.4;16290;Line 321;0;139.965714781107
-23.445837885;-46.757931521;804.2;16260;Line 321;0;139.965714781107
-23.446047399;-46.757745427;804.8;16230;Line 321;0;139.965714781107
-23.446256913;-46.757559333;806.0;16200;Line 321;0;139.965714781107
-23.446466427;-46.757373239;807.1;16170;Line 321;0;139.965714781107
-23.44667594;-46.757187144;807.5;16140;Line 321;0;139.965714781107
-23.446885453;-46.757001048;803.6;16110;Line 321;0;139.965714781107
-23.447094966;-46.756814952;800.2;16080;Line 321;0;139.965714781107
-23.447304479;-46.756628855;797.0;16050;Line 321;0;139.965714781107
-23.447513992;-46.756442758;794.4;16020;Line 321;0;139.965714781107
-23.447723504;-46.75625666;793.4;15990;Line 321;0;139.965714781107
-23.447933017;-46.756070561;792.8;15960;Line 321;0;139.965714781107
-23.448142529;-46.755884462;792.5;15930;Line 321;0;139.965714781107
-23.448352041;-46.755698363;792.9;15900;Line 321;0;139.965714781107
-23.448561553;-46.755512262;793.3;15870;Line 321;0;139.965714781107
-23.448771064;-46.755326162;793.8;15840;Line 321;0;139.965714781107
-23.448980575;-46.75514006;794.4;15810;Line 321;0;139.965714781107
-23.449190087;-46.754953958;795.7;15780;Line 321;0;139.965714781107
-23.449399597;-46.754767856;799.4;15750;Line 321;0;139.965714781107
-23.449609108;-46.754581752;802.5;15720;Line 321;0;139.965714781107
-23.449818619;-46.754395649;805.0;15690;Line 321;0;139.965714781107
-23.450028129;-46.754209544;807.0;15660;Line 321;0;139.965714781107
-23.450237639;-46.75402344;812.1;15630;Line 321;0;139.965714781107
-23.450447149;-46.753837334;818.6;15600;Line 321;0;139.965714781107
-23.450656659;-46.753651228;825.7;15570;Line 321;0;139.965714781107
-23.450866169;-46.753465121;833.1;15540;Line 321;0;139.965714781107
-23.451075678;-46.753279014;838.5;15510;Line 321;0;139.965714781107
-23.451285187;-46.753092906;842.2;15480;Line 321;0;139.965714781107
-23.451494696;-46.752906798;846.7;15450;Line 321;0;139.965714781107
-23.451704205;-46.752720689;851.4;15420;Line 321;0;139.965714781107
-23.451913714;-46.75253458;853.0;15390;Line 321;0;139.965714781107
-23.452123222;-46.752348469;852.2;15360;Line 321;0;139.965714781107
-23.452332731;-46.752162359;852.7;15330;Line 321;0;139.965714781107
-23.452542239;-46.751976247;854.7;15300;Line 321;0;139.965714781107
-23.452751747;-46.751790136;856.2;15270;Line 321;0;139.965714781107
-23.452961254;-46.751604023;857.4;15240;Line 321;0;139.965714781107
-23.453170762;-46.75141791;857.9;15210;Line 321;0;139.965714781107
-23.453380269;-46.751231797;858.8;15180;Line 321;0;139.965714781107
-23.453589776;-46.751045682;856.4;15150;Line 321;0;139.965714781107
-23.453799283;-46.750859568;853.4;15120;Line 321;0;139.965714781107
-23.45400879;-46.750673452;847.9;15090;Line 321;0;139.965714781107
-23.454218296;-46.750487336;844.1;15060;Line 321;0;139.965714781107
-23.454427803;-46.75030122;843.5;15030;Line 321;0;139.965714781107
-23.454637309;-46.750115103;844.7;15000;Line 321;0;139.965714781107
-23.454846815;-46.749928985;847.1;14970;Line 321;0;139.965714781107
-23.455056321;-46.749742867;848.9;14940;Line 321;0;139.965714781107
-23.455265826;-46.749556748;850.7;14910;Line 321;0;139.965714781107
-23.455475332;-46.749370629;851.3;14880;Line 321;0;139.965714781107
-23.455684837;-46.749184509;850.8;14850;Line 321;0;139.965714781107
-23.455894342;-46.748998388;849.4;14820;Line 321;0;139.965714781107
-23.456103847;-46.748812267;849.0;14790;Line 321;0;139.965714781107
-23.456313351;-46.748626145;848.7;14760;Line 321;0;139.965714781107
-23.456522856;-46.748440023;848.7;14730;Line 321;0;139.965714781107
-23.45673236;-46.7482539;850.2;14700;Line 321;0;139.965714781107
-23.456941864;-46.748067777;854.2;14670;Line 321;0;139.965714781107
-23.457151368;-46.747881653;858.0;14640;Line 321;0;139.965714781107
-23.457360871;-46.747695528;861.8;14610;Line 321;0;139.965714781107
-23.457570375;-46.747509403;865.0;14580;Line 321;0;139.965714781107
-23.457779878;-46.747323277;866.0;14550;Line 321;0;139.965714781107
-23.457989381;-46.747137151;866.9;14520;Line 321;0;139.965714781107
-23.458198884;-46.746951024;868.0;14490;Line 321;0;139.965714781107
-23.458408387;-46.746764896;868.7;14460;Line 321;0;139.965714781107
-23.458617889;-46.746578768;867.6;14430;Line 321;0;139.965714781107
-23.458827391;-46.74639264;864.4;14400;Line 321;0;139.965714781107
-23.459036894;-46.74620651;861.0;14370;Line 321;0;139.965714781107
-23.459246395;-46.746020381;856.2;14340;Line 321;0;139.965714781107
-23.459455897;-46.74583425;851.7;14310;Line 321;0;139.965714781107
-23.459665399;-46.745648119;850.8;14280;Line 321;0;139.965714781107
-23.4598749;-46.745461988;851.6;14250;Line 321;0;139.965714781107
-23.460084401;-46.745275855;853.3;14220;Line 321;0;139.965714781107
-23.460293902;-46.745089723;855.0;14190;Line 321;0;139.965714781107
-23.460503403;-46.744903589;853.7;14160;Line 321;0;139.965714781107
-23.460712903;-46.744717456;848.5;14130;Line 321;0;139.965714781107
-23.460922404;-46.744531321;840.9;14100;Line 321;0;139.965714781107
-23.461131904;-46.744345186;830.3;14070;Line 321;0;139.965714781107
-23.461341404;-46.74415905;820.3;14040;Line 321;0;139.965714781107
-23.461550904;-46.743972914;813.9;14010;Line 321;0;139.965714781107
-23.461760403;-46.743786777;808.2;13980;Line 321;0;139.965714781107
-23.461969903;-46.74360064;803.1;13950;Line 321;0;139.965714781107
-23.462179402;-46.743414502;798.8;13920;Line 321;0;139.965714781107
-23.462388901;-46.743228363;796.9;13890;Line 321;0;139.965714781107
-23.4625984;-46.743042224;797.5;13860;Line 321;0;139.965714781107
-23.462807898;-46.742856085;799.3;13830;Line 321;0;139.965714781107
-23.463017397;-46.742669944;801.4;13800;Line 321;0;139.965714781107
-23.463226895;-46.742483804;804.0;13770;Line 321;0;139.965714781107
-23.463436393;-46.742297662;810.8;13740;Line 321;0;139.965714781107
-23.463645891;-46.74211152;820.6;13710;Line 321;0;139.965714781107
-23.463855389;-46.741925377;831.0;13680;Line 321;0;139.965714781107
-23.464064886;-46.741739234;841.9;13650;Line 321;0;139.965714781107
-23.464274384;-46.741553091;849.1;13620;Line 321;0;139.965714781107
-23.464483881;-46.741366946;851.5;13590;Line 321;0;139.965714781107
-23.464693378;-46.741180801;851.8;13560;Line 321;0;139.965714781107
-23.464902874;-46.740994656;849.9;13530;Line 321;0;139.965714781107
-23.465112371;-46.74080851;842.7;13500;Line 321;0;139.965714781107
-23.465321867;-46.740622363;831.0;13470;Line 321;0;139.965714781107
-23.465531363;-46.740436216;818.7;13440;Line 321;0;139.965714781107
-23.465740859;-46.740250068;805.8;13410;Line 321;0;139.965714781107
-23.465950355;-46.74006392;795.1;13380;Line 321;0;139.965714781107
-23.466159851;-46.739877771;791.1;13350;Line 321;0;139.965714781107
-23.466369346;-46.739691621;788.9;13320;Line 321;0;139.965714781107
-23.466578841;-46.739505471;786.3;13290;Line 321;0;139.965714781107
-23.466788336;-46.73931932;784.8;13260;Line 321;0;139.965714781107
-23.466997831;-46.739133169;784.0;13230;Line 321;0;139.965714781107
-23.467207325;-46.738947017;781.9;13200;Line 321;0;139.965714781107
-23.46741682;-46.738760864;779.0;13170;Line 321;0;139.965714781107
-23.467626314;-46.738574711;776.3;13140;Line 321;0;139.965714781107
-23.467835808;-46.738388558;773.9;13110;Line 321;0;139.965714781107
-23.468045302;-46.738202404;773.2;13080;Line 321;0;139.965714781107
-23.468254796;-46.738016249;772.2;13050;Line 321;0;139.965714781107
-23.468464289;-46.737830093;770.7;13020;Line 321;0;139.965714781107
-23.468673782;-46.737643937;769.0;12990;Line 321;0;139.965714781107
-23.468883275;-46.737457781;767.4;12960;Line 321;0;139.965714781107
-23.469092768;-46.737271624;767.9;12930;Line 321;0;139.965714781107
-23.469302261;-46.737085466;769.1;12900;Line 321;0;139.965714781107
-23.469511753;-46.736899308;770.9;12870;Line 321;0;139.965714781107
-23.469721246;-46.736713149;772.5;12840;Line 321;0;139.965714781107
-23.469930738;-46.73652699;772.7;12810;Line 321;0;139.965714781107
-23.47014023;-46.73634083;771.5;12780;Line 321;0;139.965714781107
-23.470349721;-46.736154669;769.8;12750;Line 321;0;139.965714781107
-23.470559213;-46.735968508;767.9;12720;Line 321;0;139.965714781107
-23.470768704;-46.735782346;765.2;12690;Line 321;0;139.965714781107
-23.470978195;-46.735596184;761.8;12660;Line 321;0;139.965714781107
-23.471187686;-46.735410021;759.8;12630;Line 321;0;139.965714781107
-23.471397177;-46.735223857;759.4;12600;Line 321;0;139.965714781107
-23.471606667;-46.735037693;760.5;12570;Line 321;0;139.965714781107
-23.471816158;-46.734851529;763.8;12540;Line 321;0;139.965714781107
-23.472025648;-46.734665363;767.1;12510;Line 321;0;139.965714781107
-23.472235138;-46.734479197;770.0;12480;Line 321;0;139.965714781107
-23.472444628;-46.734293031;772.6;12450;Line 321;0;139.965714781107
-23.472654117;-46.734106864;773.0;12420;Line 321;0;139.965714781107
-23.472863607;-46.733920697;771.9;12390;Line 321;0;139.965714781107
-23.473073096;-46.733734528;771.1;12360;Line 321;0;139.965714781107
-23.473282585;-46.73354836;770.7;12330;Line 321;0;139.965714781107
-23.473492074;-46.73336219;770.0;12300;Line 321;0;139.965714781107
-23.473701562;-46.73317602;766.3;12270;Line 321;0;139.965714781107
-23.473911051;-46.73298985;761.9;12240;Line 321;0;139.965714781107
-23.474120539;-46.732803679;757.4;12210;Line 321;0;139.965714781107
-23.474330027;-46.732617507;754.0;12180;Line 321;0;139.965714781107
-23.474539515;-46.732431335;754.2;12150;Line 321;0;139.965714781107
-23.474749002;-46.732245162;757.5;12120;Line 321;0;139.965714781107
-23.47495849;-46.732058989;761.1;12090;Line 321;0;139.965714781107
-23.475167977;-46.731872815;762.7;12060;Line 321;0;139.965714781107
-23.475377464;-46.73168664;763.2;12030;Line 321;0;139.965714781107
-23.475586951;-46.731500465;763.5;12000;Line 321;0;139.965714781107
-23.475796438;-46.73131429;764.0;11970;Line 321;0;139.965714781107
-23.476005924;-46.731128113;768.1;11940;Line 321;0;139.965714781107
-23.476215411;-46.730941937;773.4;11910;Line 321;0;139.965714781107
-23.476424897;-46.730755759;778.7;11880;Line 321;0;139.965714781107
-23.476634383;-46.730569581;783.2;11850;Line 321;0;139.965714781107
-23.476843868;-46.730383402;784.7;11820;Line 321;0;139.965714781107
-23.477053354;-46.730197223;785.5;11790;Line 321;0;139.965714781107
-23.477262839;-46.730011044;786.1;11760;Line 321;0;139.965714781107
-23.477472324;-46.729824863;786.2;11730;Line 321;0;139.965714781107
-23.477681809;-46.729638682;785.2;11700;Line 321;0;139.965714781107
-23.477891294;-46.729452501;784.2;11670;Line 321;0;139.965714781107
-23.478100779;-46.729266319;783.5;11640;Line 321;0;139.965714781107
-23.478310263;-46.729080136;781.9;11610;Line 321;0;139.965714781107
-23.478519747;-46.728893953;779.9;11580;Line 321;0;139.965714781107
-23.478729231;-46.728707769;778.9;11550;Line 321;0;139.965714781107
-23.478938715;-46.728521585;778.9;11520;Line 321;0;139.965714781107
-23.479148199;-46.7283354;780.0;11490;Line 321;0;139.965714781107
-23.479357682;-46.728149214;779.1;11460;Line 321;0;139.965714781107
-23.479567165;-46.727963028;778.2;11430;Line 321;0;139.965714781107
-23.479776648;-46.727776841;777.3;11400;Line 321;0;139.965714781107
-23.479986131;-46.727590654;776.3;11370;Line 321;0;139.965714781107
-23.480195614;-46.727404466;773.8;11340;Line 321;0;139.965714781107
-23.480405096;-46.727218277;773.0;11310;Line 321;0;139.965714781107
-23.480614578;-46.727032088;773.4;11280;Line 321;0;139.965714781107
-23.48082406;-46.726845899;775.0;11250;Line 321;0;139.965714781107
-23.481033542;-46.726659708;779.0;11220;Line 321;0;139.965714781107
-23.481243024;-46.726473518;780.9;11190;Line 321;0;139.965714781107
-23.481452505;-46.726287326;782.4;11160;Line 321;0;139.965714781107
-23.481661987;-46.726101134;783.4;11130;Line 321;0;139.965714781107
-23.481871468;-46.725914942;784.9;11100;Line 321;0;139.965714781107
-23.482080949;-46.725728749;785.4;11070;Line 321;0;139.965714781107
-23.482290429;-46.725542555;785.0;11040;Line 321;0;139.965714781107
-23.48249991;-46.725356361;784.0;11010;Line 321;0;139.965714781107
-23.48270939;-46.725170166;781.9;10980;Line 321;0;139.965714781107
-23.48291887;-46.72498397;779.3;10950;Line 321;0;139.965714781107
-23.48312835;-46.724797774;776.2;10920;Line 321;0;139.965714781107
-23.48333783;-46.724611578;772.8;10890;Line 321;0;139.965714781107
-23.483547309;-46.724425381;768.1;10860;Line 321;0;139.965714781107
-23.483756789;-46.724239183;763.0;10830;Line 321;0;139.965714781107
-23.483966268;-46.724052984;759.2;10800;Line 321;0;139.965714781107
-23.484175747;-46.723866785;756.6;10770;Line 321;0;139.965714781107
-23.484385226;-46.723680586;756.6;10740;Line 321;0;139.965714781107
-23.484594704;-46.723494386;757.8;10710;Line 321;0;139.965714781107
-23.484804183;-46.723308185;760.2;10680;Line 321;0;139.965714781107
-23.485013661;-46.723121984;764.3;10650;Line 321;0;139.965714781107
-23.485223139;-46.722935782;770.0;10620;Line 321;0;139.965714781107
-23.485432617;-46.72274958;774.6;10590;Line 321;0;139.965714781107
-23.485642094;-46.722563377;778.1;10560;Line 321;0;139.965714781107
-23.485851572;-46.722377173;778.8;10530;Line 321;0;139.965714781107
-23.486061049;-46.722190969;776.9;10500;Line 321;0;139.965714781107
-23.486270526;-46.722004764;774.1;10470;Line 321;0;139.965714781107
-23.486480003;-46.721818559;770.6;10440;Line 321;0;139.965714781107
-23.486689479;-46.721632353;766.9;10410;Line 321;0;139.965714781107
-23.486898956;-46.721446146;766.5;10380;Line 321;0;139.965714781107
-23.487108432;-46.721259939;765.5;10350;Line 321;0;139.965714781107
-23.487317908;-46.721073732;764.1;10320;Line 321;0;139.965714781107
-23.487527384;-46.720887523;762.3;10290;Line 321;0;139.965714781107
-23.48773686;-46.720701315;760.7;10260;Line 321;0;139.965714781107
-23.487946335;-46.720515105;759.5;10230;Line 321;0;139.965714781107
-23.48815581;-46.720328895;758.3;10200;Line 321;0;139.965714781107
-23.488365285;-46.720142685;757.8;10170;Line 321;0;139.965714781107
-23.48857476;-46.719956474;760.2;10140;Line 321;0;139.965714781107
-23.488784235;-46.719770262;762.1;10110;Line 321;0;139.965714781107
-23.48899371;-46.71958405;764.0;10080;Line 321;0;139.965714781107
-23.489203184;-46.719397837;765.9;10050;Line 321;0;139.965714781107
-23.489412658;-46.719211623;768.0;10020;Line 321;0;139.965714781107
-23.489622132;-46.719025409;770.7;9990;Line 321;0;139.965714781107
-23.489831606;-46.718839195;773.0;9960;Line 321;0;139.965714781107
-23.490041079;-46.718652979;775.0;9930;Line 321;0;139.965714781107
-23.490250553;-46.718466764;776.5;9900;Line 321;0;139.965714781107
-23.490460026;-46.718280547;778.3;9870;Line 321;0;139.965714781107
-23.490669499;-46.71809433;780.1;9840;Line 321;0;139.965714781107
-23.490878971;-46.717908113;781.2;9810;Line 321;0;139.965714781107
-23.491088444;-46.717721895;779.6;9780;Line 321;0;139.965714781107
-23.491297916;-46.717535676;778.4;9750;Line 321;0;139.965714781107
-23.491507389;-46.717349457;778.7;9720;Line 321;0;139.965714781107
-23.491716861;-46.717163237;778.8;9690;Line 321;0;139.965714781107
-23.491926332;-46.716977016;777.5;9660;Line 321;0;139.965714781107
-23.492135804;-46.716790795;775.7;9630;Line 321;0;139.965714781107
-23.492345275;-46.716604574;773.3;9600;Line 321;0;139.965714781107
-23.492554747;-46.716418351;770.2;9570;Line 321;0;139.965714781107
-23.492764218;-46.716232129;766.6;9540;Line 321;0;139.965714781107
-23.492973689;-46.716045905;763.4;9510;Line 321;0;139.965714781107
-23.493183159;-46.715859681;760.4;9480;Line 321;0;139.965714781107
-23.49339263;-46.715673457;759.4;9450;Line 321;0;139.965714781107
-23.4936021;-46.715487232;760.2;9420;Line 321;0;139.965714781107
-23.49381157;-46.715301006;761.6;9390;Line 321;0;139.965714781107
-23.49402104;-46.71511478;763.6;9360;Line 321;0;139.965714781107
-23.494230509;-46.714928553;765.5;9330;Line 321;0;139.965714781107
-23.494439979;-46.714742326;766.9;9300;Line 321;0;139.965714781107
-23.494649448;-46.714556098;768.4;9270;Line 321;0;139.965714781107
-23.494858917;-46.714369869;769.9;9240;Line 321;0;139.965714781107
-23.495068386;-46.71418364;772.2;9210;Line 321;0;139.965714781107
-23.495277855;-46.71399741;772.2;9180;Line 321;0;139.965714781107
-23.495487323;-46.71381118;772.6;9150;Line 321;0;139.965714781107
-23.495696792;-46.713624949;773.6;9120;Line 321;0;139.965714781107
-23.49590626;-46.713438717;774.4;9090;Line 321;0;139.965714781107
-23.496115728;-46.713252485;772.9;9060;Line 321;0;139.965714781107
-23.496325196;-46.713066253;770.8;9030;Line 321;0;139.965714781107
-23.496534663;-46.712880019;770.0;9000;Line 321;0;139.965714781107
-23.49674413;-46.712693786;769.0;8970;Line 321;0;139.965714781107
-23.496953598;-46.712507551;766.0;8940;Line 321;0;139.965714781107
-23.497163065;-46.712321316;763.8;8910;Line 321;0;139.965714781107
-23.497372531;-46.712135081;762.4;8880;Line 321;0;139.965714781107
-23.497581998;-46.711948844;762.0;8850;Line 321;0;139.965714781107
-23.497791464;-46.711762608;762.7;8820;Line 321;0;139.965714781107
-23.49800093;-46.71157637;764.6;8790;Line 321;0;139.965714781107
-23.498210396;-46.711390133;767.0;8760;Line 321;0;139.965714781107
-23.498419862;-46.711203894;769.6;8730;Line 321;0;139.965714781107
-23.498629328;-46.711017655;772.5;8700;Line 321;0;139.965714781107
-23.498838793;-46.710831415;775.0;8670;Line 321;0;139.965714781107
-23.499048259;-46.710645175;774.3;8640;Line 321;0;139.965714781107
-23.499257724;-46.710458934;773.1;8610;Line 321;0;139.965714781107
-23.499467188;-46.710272693;772.0;8580;Line 321;0;139.965714781107
-23.499676653;-46.710086451;770.6;8550;Line 321;0;139.965714781107
-23.499886117;-46.709900208;768.8;8520;Line 321;0;139.965714781107
-23.500095582;-46.709713965;766.0;8490;Line 321;0;139.965714781107
-23.500305046;-46.709527722;763.0;8460;Line 321;0;139.965714781107
-23.50051451;-46.709341477;760.5;8430;Line 321;0;139.965714781107
-23.500723973;-46.709155232;758.7;8400;Line 321;0;139.965714781107
-23.500933437;-46.708968987;757.1;8370;Line 321;0;139.965714781107
-23.5011429;-46.708782741;754.6;8340;Line 321;0;139.965714781107
-23.501352363;-46.708596494;751.7;8310;Line 321;0;139.965714781107
-23.501561826;-46.708410247;748.6;8280;Line 321;0;139.965714781107
-23.501771289;-46.708223999;745.1;8250;Line 321;0;139.965714781107
-23.501980751;-46.708037751;741.8;8220;Line 321;0;139.965714781107
-23.502190214;-46.707851502;738.8;8190;Line 321;0;139.965714781107
-23.502399676;-46.707665253;736.0;8160;Line 321;0;139.965714781107
-23.502609138;-46.707479002;734.0;8130;Line 321;0;139.965714781107
-23.502818599;-46.707292752;733.3;8100;Line 321;0;139.965714781107
-23.503028061;-46.7071065;732.4;8070;Line 321;0;139.965714781107
-23.503237522;-46.706920249;731.5;8040;Line 321;0;139.965714781107
-23.503446983;-46.706733996;730.7;8010;Line 321;0;139.965714781107
-23.503656444;-46.706547743;730.6;7980;Line 321;0;139.965714781107
-23.503865905;-46.70636149;730.9;7950;Line 321;0;139.965714781107
-23.504075366;-46.706175235;731.2;7920;Line 321;0;139.965714781107
-23.504284826;-46.705988981;731.0;7890;Line 321;0;139.965714781107
-23.504494286;-46.705802725;730.6;7860;Line 321;0;139.965714781107
-23.504703746;-46.705616469;731.9;7830;Line 321;0;139.965714781107
-23.504913206;-46.705430213;731.7;7800;Line 321;0;139.965714781107
-23.505122666;-46.705243956;731.2;7770;Line 321;0;139.965714781107
-23.505332125;-46.705057698;730.8;7740;Line 321;0;139.965714781107
-23.505541584;-46.70487144;730.2;7710;Line 321;0;139.965714781107
-23.505751043;-46.704685181;729.1;7680;Line 321;0;139.965714781107
-23.505960502;-46.704498922;728.1;7650;Line 321;0;139.965714781107
-23.506169961;-46.704312662;727.6;7620;Line 321;0;139.965714781107
-23.506379419;-46.704126401;727.1;7590;Line 321;0;139.965714781107
-23.506588877;-46.70394014;726.7;7560;Line 321;0;139.965714781107
-23.506798335;-46.703753878;726.9;7530;Line 321;0;139.965714781107
-23.507007793;-46.703567616;727.1;7500;Line 321;0;139.965714781107
-23.507217251;-46.703381353;727.3;7470;Line 321;0;139.965714781107
-23.507426708;-46.703195089;726.6;7440;Line 321;0;139.965714781107
-23.507636166;-46.703008825;725.3;7410;Line 321;0;139.965714781107
-23.507845623;-46.702822561;724.4;7380;Line 321;0;139.965714781107
-23.50805508;-46.702636295;723.9;7350;Line 321;0;139.965714781107
-23.508264536;-46.70245003;724.1;7320;Line 321;0;139.965714781107
-23.508473993;-46.702263763;724.5;7290;Line 321;0;139.965714781107
-23.508683449;-46.702077496;725.1;7260;Line 321;0;139.965714781107
-23.508892905;-46.701891229;725.9;7230;Line 321;0;139.965714781107
-23.509102361;-46.70170496;726.8;7200;Line 321;0;139.965714781107
-23.509311817;-46.701518692;726.5;7170;Line 321;0;139.965714781107
-23.509521272;-46.701332422;726.1;7140;Line 321;0;139.965714781107
-23.509730728;-46.701146153;726.0;7110;Line 321;0;139.965714781107
-23.509940183;-46.700959882;726.0;7080;Line 321;0;139.965714781107
-23.510149638;-46.700773611;726.0;7050;Line 321;0;139.965714781107
-23.510359092;-46.700587339;726.0;7020;Line 321;0;139.965714781107
-23.510568547;-46.700401067;726.0;6990;Line 321;0;139.965714781107
-23.510778001;-46.700214794;725.9;6960;Line 321;0;139.965714781107
-23.510987455;-46.700028521;726.3;6930;Line 321;0;139.965714781107
-23.511196909;-46.699842247;727.1;6900;Line 321;0;139.965714781107
-23.511406363;-46.699655972;727.8;6870;Line 321;0;139.965714781107
-23.511615817;-46.699469697;728.5;6840;Line 321;0;139.965714781107
-23.51182527;-46.699283422;728.9;6810;Line 321;0;139.965714781107
-23.512034723;-46.699097145;728.9;6780;Line 321;0;139.965714781107
-23.512244176;-46.698910868;728.2;6750;Line 321;0;139.965714781107
-23.512453629;-46.698724591;727.0;6720;Line 321;0;139.965714781107
-23.512663082;-46.698538313;726.3;6690;Line 321;0;139.965714781107
-23.512872534;-46.698352034;726.0;6660;Line 321;0;139.965714781107
-23.513081986;-46.698165755;726.5;6630;Line 321;0;139.965714781107
-23.513291438;-46.697979475;726.9;6600;Line 321;0;139.965714781107
-23.51350089;-46.697793195;727.1;6570;Line 321;0;139.965714781107
-23.513710342;-46.697606914;727.4;6540;Line 321;0;139.965714781107
-23.513919793;-46.697420632;727.6;6510;Line 321;0;139.965714781107
-23.514129245;-46.69723435;727.3;6480;Line 321;0;139.965714781107
-23.514338696;-46.697048067;726.8;6450;Line 321;0;139.965714781107
-23.514548147;-46.696861784;726.6;6420;Line 321;0;139.965714781107
-23.514757597;-46.6966755;726.7;6390;Line 321;0;139.965714781107
-23.514967048;-46.696489216;727.4;6360;Line 321;0;139.965714781107
-23.515176498;-46.696302931;727.6;6330;Line 321;0;139.965714781107
-23.515385948;-46.696116645;727.4;6300;Line 321;0;139.965714781107
-23.515595398;-46.695930359;726.9;6270;Line 321;0;139.965714781107
-23.515804848;-46.695744072;726.4;6240;Line 321;0;139.965714781107
-23.516014297;-46.695557785;727.6;6210;Line 321;0;139.965714781107
-23.516223746;-46.695371497;728.2;6180;Line 321;0;139.965714781107
-23.516433196;-46.695185208;728.0;6150;Line 321;0;139.965714781107
-23.516642644;-46.694998919;727.1;6120;Line 321;0;139.965714781107
-23.516852093;-46.69481263;727.4;6090;Line 321;0;139.965714781107
-23.517061542;-46.694626339;727.7;6060;Line 321;0;139.965714781107
-23.51727099;-46.694440048;728.0;6030;Line 321;0;139.965714781107
-23.517480438;-46.694253757;728.1;6000;Line 321;0;139.965714781107
-23.517689886;-46.694067465;728.2;5970;Line 321;0;139.965714781107
-23.517899334;-46.693881172;728.2;5940;Line 321;0;139.965714781107
-23.518108781;-46.693694879;727.9;5910;Line 321;0;139.965714781107
-23.518318229;-46.693508585;727.4;5880;Line 321;0;139.965714781107
-23.518527676;-46.693322291;727.7;5850;Line 321;0;139.965714781107
-23.518737123;-46.693135996;728.6;5820;Line 321;0;139.965714781107
-23.51894657;-46.692949701;729.3;5790;Line 321;0;139.965714781107
-23.519156016;-46.692763405;730.0;5760;Line 321;0;139.965714781107
-23.519365463;-46.692577108;730.0;5730;Line 321;0;139.965714781107
-23.519574909;-46.692390811;729.9;5700;Line 321;0;139.965714781107
-23.519784355;-46.692204513;729.3;5670;Line 321;0;139.965714781107
-23.519993801;-46.692018214;728.3;5640;Line 321;0;139.965714781107
-23.520203246;-46.691831915;728.4;5610;Line 321;0;139.965714781107
-23.520412692;-46.691645616;728.9;5580;Line 321;0;139.965714781107
-23.520622137;-46.691459316;729.4;5550;Line 321;0;139.965714781107
-23.520831582;-46.691273015;729.6;5520;Line 321;0;139.965714781107
-23.521041027;-46.691086713;729.0;5490;Line 321;0;139.965714781107
-23.521250471;-46.690900411;728.7;5460;Line 321;0;139.965714781107
-23.521459916;-46.690714109;728.9;5430;Line 321;0;139.965714781107
-23.52166936;-46.690527806;729.4;5400;Line 321;0;139.965714781107
-23.521878804;-46.690341502;730.5;5370;Line 321;0;139.965714781107
-23.522088248;-46.690155198;731.7;5340;Line 321;0;139.965714781107
-23.522297692;-46.689968893;733.0;5310;Line 321;0;139.965714781107
-23.522507135;-46.689782588;733.5;5280;Line 321;0;139.965714781107
-23.522716579;-46.689596282;734.3;5250;Line 321;0;139.965714781107
-23.522926022;-46.689409975;735.4;5220;Line 321;0;139.965714781107
-23.523135465;-46.689223668;736.6;5190;Line 321;0;139.965714781107
-23.523344907;-46.68903736;737.1;5160;Line 321;0;139.965714781107
-23.52355435;-46.688851052;737.2;5130;Line 321;0;139.965714781107
-23.523763792;-46.688664743;737.7;5100;Line 321;0;139.965714781107
-23.523973234;-46.688478433;738.7;5070;Line 321;0;139.965714781107
-23.524182676;-46.688292123;740.0;5040;Line 321;0;139.965714781107
-23.524392118;-46.688105813;741.0;5010;Line 321;0;139.965714781107
-23.524601559;-46.687919501;742.2;4980;Line 321;0;139.965714781107
-23.524811001;-46.68773319;743.6;4950;Line 321;0;139.965714781107
-23.525020442;-46.687546877;745.1;4920;Line 321;0;139.965714781107
-23.525229883;-46.687360564;744.4;4890;Line 321;0;139.965714781107
-23.525439323;-46.687174251;743.4;4860;Line 321;0;139.965714781107
-23.525648764;-46.686987936;742.2;4830;Line 321;0;139.965714781107
-23.525858204;-46.686801622;740.9;4800;Line 321;0;139.965714781107
-23.526067645;-46.686615306;739.7;4770;Line 321;0;139.965714781107
-23.526277085;-46.68642899;739.0;4740;Line 321;0;139.965714781107
-23.526486524;-46.686242674;738.0;4710;Line 321;0;139.965714781107
-23.526695964;-46.686056357;736.9;4680;Line 321;0;139.965714781107
-23.526905403;-46.685870039;737.5;4650;Line 321;0;139.965714781107
-23.527114842;-46.685683721;738.1;4620;Line 321;0;139.965714781107
-23.527324281;-46.685497402;738.5;4590;Line 321;0;139.965714781107
-23.52753372;-46.685311083;738.7;4560;Line 321;0;139.965714781107
-23.527743159;-46.685124763;739.2;4530;Line 321;0;139.965714781107
-23.527952597;-46.684938442;740.1;4500;Line 321;0;139.965714781107
-23.528162035;-46.684752121;740.8;4470;Line 321;0;139.965714781107
-23.528371474;-46.684565799;741.1;4440;Line 321;0;139.965714781107
-23.528580911;-46.684379477;741.5;4410;Line 321;0;139.965714781107
-23.528790349;-46.684193154;741.9;4380;Line 321;0;139.965714781107
-23.528999786;-46.684006831;743.1;4350;Line 321;0;139.965714781107
-23.529209224;-46.683820507;744.8;4320;Line 321;0;139.965714781107
-23.529418661;-46.683634182;747.3;4290;Line 321;0;139.965714781107
-23.529628098;-46.683447857;750.2;4260;Line 321;0;139.965714781107
-23.529837534;-46.683261531;753.3;4230;Line 321;0;139.965714781107
-23.530046971;-46.683075204;755.8;4200;Line 321;0;139.965714781107
-23.530256407;-46.682888877;756.8;4170;Line 321;0;139.965714781107
-23.530465843;-46.68270255;756.9;4140;Line 321;0;139.965714781107
-23.530675279;-46.682516222;756.3;4110;Line 321;0;139.965714781107
-23.530884715;-46.682329893;756.7;4080;Line 321;0;139.965714781107
-23.53109415;-46.682143564;758.1;4050;Line 321;0;139.965714781107
-23.531303585;-46.681957234;759.6;4020;Line 321;0;139.965714781107
-23.531513021;-46.681770903;761.0;3990;Line 321;0;139.965714781107
-23.531722455;-46.681584572;762.1;3960;Line 321;0;139.965714781107
-23.53193189;-46.681398241;762.4;3930;Line 321;0;139.965714781107
-23.532141325;-46.681211908;762.5;3900;Line 321;0;139.965714781107
-23.532350759;-46.681025576;762.4;3870;Line 321;0;139.965714781107
-23.532560193;-46.680839242;762.6;3840;Line 321;0;139.965714781107
-23.532769627;-46.680652908;762.5;3810;Line 321;0;139.965714781107
-23.532979061;-46.680466574;762.1;3780;Line 321;0;139.965714781107
-23.533188494;-46.680280238;761.5;3750;Line 321;0;139.965714781107
-23.533397928;-46.680093903;761.3;3720;Line 321;0;139.965714781107
-23.533607361;-46.679907566;764.4;3690;Line 321;0;139.965714781107
-23.533816794;-46.679721229;769.7;3660;Line 321;0;139.965714781107
-23.534026227;-46.679534892;775.5;3630;Line 321;0;139.965714781107
-23.534235659;-46.679348554;780.6;3600;Line 321;0;139.965714781107
-23.534445092;-46.679162215;782.7;3570;Line 321;0;139.965714781107
-23.534654524;-46.678975876;782.8;3540;Line 321;0;139.965714781107
-23.534863956;-46.678789536;782.3;3510;Line 321;0;139.965714781107
-23.535073387;-46.678603196;780.9;3480;Line 321;0;139.965714781107
-23.535282819;-46.678416855;779.2;3450;Line 321;0;139.965714781107
-23.53549225;-46.678230513;777.3;3420;Line 321;0;139.965714781107
-23.535701682;-46.678044171;775.2;3390;Line 321;0;139.965714781107
-23.535911113;-46.677857828;774.0;3360;Line 321;0;139.965714781107
-23.536120543;-46.677671485;773.6;3330;Line 321;0;139.965714781107
-23.536329974;-46.677485141;773.3;3300;Line 321;0;139.965714781107
-23.536539405;-46.677298797;772.9;3270;Line 321;0;139.965714781107
-23.536748835;-46.677112452;773.5;3240;Line 321;0;139.965714781107
-23.536958265;-46.676926106;775.5;3210;Line 321;0;139.965714781107
-23.537167695;-46.67673976;777.8;3180;Line 321;0;139.965714781107
-23.537377124;-46.676553413;780.0;3150;Line 321;0;139.965714781107
-23.537586554;-46.676367066;780.1;3120;Line 321;0;139.965714781107
-23.537795983;-46.676180718;777.6;3090;Line 321;0;139.965714781107
-23.538005412;-46.675994369;774.3;3060;Line 321;0;139.965714781107
-23.538214841;-46.67580802;770.4;3030;Line 321;0;139.965714781107
-23.53842427;-46.67562167;766.9;3000;Line 321;0;139.965714781107
-23.538633698;-46.67543532;763.9;2970;Line 321;0;139.965714781107
-23.538843126;-46.675248969;761.5;2940;Line 321;0;139.965714781107
-23.539052554;-46.675062618;759.6;2910;Line 321;0;139.965714781107
-23.539261982;-46.674876266;760.0;2880;Line 321;0;139.965714781107
-23.53947141;-46.674689913;762.6;2850;Line 321;0;139.965714781107
-23.539680838;-46.67450356;766.3;2820;Line 321;0;139.965714781107
-23.539890265;-46.674317206;771.1;2790;Line 321;0;139.965714781107
-23.540099692;-46.674130851;775.8;2760;Line 321;0;139.965714781107
-23.540309119;-46.673944496;779.5;2730;Line 321;0;139.965714781107
-23.540518546;-46.673758141;784.1;2700;Line 321;0;139.965714781107
-23.540727972;-46.673571785;789.6;2670;Line 321;0;139.965714781107
-23.540937398;-46.673385428;794.3;2640;Line 321;0;139.965714781107
-23.541146825;-46.673199071;795.9;2610;Line 321;0;139.965714781107
-23.541356251;-46.673012713;796.4;2580;Line 321;0;139.965714781107
-23.541565676;-46.672826354;796.3;2550;Line 321;0;139.965714781107
-23.541775102;-46.672639995;796.2;2520;Line 321;0;139.965714781107
-23.541984527;-46.672453636;795.9;2490;Line 321;0;139.965714781107
-23.542193952;-46.672267275;796.1;2460;Line 321;0;139.965714781107
-23.542403377;-46.672080915;796.0;2430;Line 321;0;139.965714781107
-23.542612802;-46.671894553;796.9;2400;Line 321;0;139.965714781107
-23.542822227;-46.671708191;798.0;2370;Line 321;0;139.965714781107
-23.543031651;-46.671521829;798.9;2340;Line 321;0;139.965714781107
-23.543241075;-46.671335466;799.4;2310;Line 321;0;139.965714781107
-23.543450499;-46.671149102;798.1;2280;Line 321;0;139.965714781107
-23.543659923;-46.670962738;795.3;2250;Line 321;0;139.965714781107
-23.543869347;-46.670776373;791.6;2220;Line 321;0;139.965714781107
-23.54407877;-46.670590007;787.5;2190;Line 321;0;139.965714781107
-23.544288193;-46.670403641;784.9;2160;Line 321;0;139.965714781107
-23.544497616;-46.670217274;783.1;2130;Line 321;0;139.965714781107
-23.544707039;-46.670030907;781.4;2100;Line 321;0;139.965714781107
-23.544916462;-46.669844539;778.3;2070;Line 321;0;139.965714781107
-23.545125884;-46.669658171;773.9;2040;Line 321;0;139.965714781107
-23.545335306;-46.669471802;769.3;2010;Line 321;0;139.965714781107
-23.545544728;-46.669285433;765.2;1980;Line 321;0;139.965714781107
-23.54575415;-46.669099062;762.0;1950;Line 321;0;139.965714781107
-23.545963572;-46.668912692;761.9;1920;Line 321;0;139.965714781107
-23.546172993;-46.66872632;763.6;1890;Line 321;0;139.965714781107
-23.546382415;-46.668539948;766.0;1860;Line 321;0;139.965714781107
-23.546591836;-46.668353576;769.1;1830;Line 321;0;139.965714781107
-23.546801256;-46.668167203;771.3;1800;Line 321;0;139.965714781107
-23.547010677;-46.667980829;773.3;1770;Line 321;0;139.965714781107
-23.547220098;-46.667794455;775.5;1740;Line 321;0;139.965714781107
-23.547429518;-46.66760808;777.9;1710;Line 321;0;139.965714781107
-23.547638938;-46.667421705;782.2;1680;Line 321;0;139.965714781107
-23.547848358;-46.667235329;786.0;1650;Line 321;0;139.965714781107
-23.548057778;-46.667048952;788.8;1620;Line 321;0;139.965714781107
-23.548267197;-46.666862575;790.4;1590;Line 321;0;139.965714781107
-23.548476616;-46.666676197;790.5;1560;Line 321;0;139.965714781107
-23.548686035;-46.666489819;787.4;1530;Line 321;0;139.965714781107
-23.548895454;-46.66630344;783.3;1500;Line 321;0;139.965714781107
-23.549104873;-46.666117061;778.3;1470;Line 321;0;139.965714781107
-23.549314292;-46.665930681;774.4;1440;Line 321;0;139.965714781107
-23.54952371;-46.6657443;773.9;1410;Line 321;0;139.965714781107
-23.549733128;-46.665557919;775.5;1380;Line 321;0;139.965714781107
-23.549942546;-46.665371537;776.8;1350;Line 321;0;139.965714781107
-23.550151964;-46.665185155;776.2;1320;Line 321;0;139.965714781107
-23.550361381;-46.664998772;774.0;1290;Line 321;0;139.965714781107
-23.550570799;-46.664812388;775.8;1260;Line 321;0;139.965714781107
-23.550780216;-46.664626004;779.4;1230;Line 321;0;139.965714781107
-23.550989633;-46.664439619;784.9;1200;Line 321;0;139.965714781107
-23.551199049;-46.664253234;790.5;1170;Line 321;0;139.965714781107
-23.551408466;-46.664066848;795.4;1140;Line 321;0;139.965714781107
-23.551617882;-46.663880461;800.3;1110;Line 321;0;139.965714781107
-23.551827299;-46.663694074;804.5;1080;Line 321;0;139.965714781107
-23.552036715;-46.663507687;808.7;1050;Line 321;0;139.965714781107
-23.55224613;-46.663321298;813.3;1020;Line 321;0;139.965714781107
-23.552455546;-46.66313491;817.3;990;Line 321;0;139.965714781107
-23.552664961;-46.66294852;820.2;960;Line 321;0;139.965714781107
-23.552874376;-46.66276213;822.2;930;Line 321;0;139.965714781107
-23.553083791;-46.66257574;823.6;900;Line 321;0;139.965714781107
-23.553293206;-46.662389349;825.1;870;Line 321;0;139.965714781107
-23.553502621;-46.662202957;826.9;840;Line 321;0;139.965714781107
-23.553712035;-46.662016564;827.8;810;Line 321;0;139.965714781107
-23.55392145;-46.661830172;828.0;780;Line 321;0;139.965714781107
-23.554130864;-46.661643778;827.2;750;Line 321;0;139.965714781107
-23.554340277;-46.661457384;826.9;720;Line 321;0;139.965714781107
-23.554549691;-46.661270989;827.4;690;Line 321;0;139.965714781107
-23.554759104;-46.661084594;828.3;660;Line 321;0;139.965714781107
-23.554968518;-46.660898198;829.7;630;Line 321;0;139.965714781107
-23.555177931;-46.660711802;832.1;600;Line 321;0;139.965714781107
-23.555387344;-46.660525405;834.8;570;Line 321;0;139.965714781107
-23.555596756;-46.660339007;837.0;540;Line 321;0;139.965714781107
-23.555806169;-46.660152609;838.7;510;Line 321;0;139.965714781107
-23.556015581;-46.65996621;836.9;480;Line 321;0;139.965714781107
-23.556224993;-46.659779811;832.7;450;Line 321;0;139.965714781107
-23.556434405;-46.659593411;829.0;420;Line 321;0;139.965714781107
-23.556643817;-46.659407011;825.8;390;Line 321;0;139.965714781107
-23.556853228;-46.65922061;825.5;360;Line 321;0;139.965714781107
-23.557062639;-46.659034208;825.4;330;Line 321;0;139.965714781107
-23.55727205;-46.658847806;826.1;300;Line 321;0;139.965714781107
-23.557481461;-46.658661403;827.7;270;Line 321;0;139.965714781107
-23.557690872;-46.658474999;830.0;240;Line 321;0;139.965714781107
-23.557900283;-46.658288595;830.7;210;Line 321;0;139.965714781107
-23.558109693;-46.658102191;830.7;180;Line 321;0;139.965714781107
-23.558319103;-46.657915786;830.4;150;Line 321;0;139.965714781107
-23.558528513;-46.65772938;828.6;120;Line 321;0;139.965714781107
-23.558737923;-46.657542974;827.2;90;Line 321;0;139.965714781107
-23.558947332;-46.657356567;825.6;60;Line 321;0;139.965714781107
-23.559156741;-46.657170159;823.7;30;Line 321;0;139.965714781107
-23.559366151;-46.656983751;826.1;0;Line 321;0;139.965714781107
