latitude;longitude;altitude (m);distance_m;alt_x;alt_y;name;obstrucao;angle 
-24.151023664;-46.900175358;17.4;69960;963.38;981.78;Line 201;0;20.0249062058549
-24.150770482;-46.900070532;17.1;69930;962.9668867924529;981.3668867924529;Line 201;0;20.0249062058549
-24.150517299;-46.899965705;17.0;69900;962.5537735849057;980.9537735849057;Line 201;0;20.0249062058549
-24.150264116;-46.89986088;16.7;69870;962.1406603773584;980.5406603773583;Line 201;0;20.0249062058549
-24.150010933;-46.899756054;16.1;69840;961.7275471698114;980.1275471698114;Line 201;0;20.0249062058549
-24.14975775;-46.89965123;15.5;69810;961.3144339622642;979.7144339622641;Line 201;0;20.0249062058549
-24.149504567;-46.899546405;14.8;69780;960.9013207547171;979.301320754717;Line 201;0;20.0249062058549
-24.149251384;-46.899441581;14.1;69750;960.4882075471698;978.8882075471698;Line 201;0;20.0249062058549
-24.148998201;-46.899336758;13.3;69720;960.0750943396225;978.4750943396225;Line 201;0;20.0249062058549
-24.148745018;-46.899231935;12.6;69690;959.6619811320755;978.0619811320755;Line 201;0;20.0249062058549
-24.148491834;-46.899127112;12.3;69660;959.2488679245282;977.6488679245282;Line 201;0;20.0249062058549
-24.148238651;-46.89902229;12.4;69630;958.8357547169811;977.2357547169811;Line 201;0;20.0249062058549
-24.147985467;-46.898917468;12.7;69600;958.422641509434;976.822641509434;Line 201;0;20.0249062058549
-24.147732283;-46.898812647;13.2;69570;958.0095283018868;976.4095283018868;Line 201;0;20.0249062058549
-24.147479099;-46.898707826;13.6;69540;957.5964150943397;975.9964150943397;Line 201;0;20.0249062058549
-24.147225915;-46.898603006;13.8;69510;957.1833018867924;975.5833018867924;Line 201;0;20.0249062058549
-24.146972731;-46.898498186;13.9;69480;956.7701886792453;975.1701886792453;Line 201;0;20.0249062058549
-24.146719547;-46.898393366;13.9;69450;956.3570754716981;974.757075471698;Line 201;0;20.0249062058549
-24.146466362;-46.898288547;13.6;69420;955.943962264151;974.343962264151;Line 201;0;20.0249062058549
-24.146213178;-46.898183728;13.3;69390;955.5308490566039;973.9308490566038;Line 201;0;20.0249062058549
-24.145959993;-46.89807891;12.9;69360;955.1177358490565;973.5177358490565;Line 201;0;20.0249062058549
-24.145706809;-46.897974093;13.0;69330;954.7046226415094;973.1046226415094;Line 201;0;20.0249062058549
-24.145453624;-46.897869275;13.6;69300;954.2915094339622;972.6915094339622;Line 201;0;20.0249062058549
-24.145200439;-46.897764458;14.1;69270;953.8783962264151;972.2783962264151;Line 201;0;20.0249062058549
-24.144947254;-46.897659642;14.6;69240;953.4652830188679;971.8652830188679;Line 201;0;20.0249062058549
-24.144694069;-46.897554826;14.6;69210;953.0521698113207;971.4521698113207;Line 201;0;20.0249062058549
-24.144440884;-46.897450011;14.3;69180;952.6390566037736;971.0390566037736;Line 201;0;20.0249062058549
-24.144187699;-46.897345195;14.0;69150;952.2259433962264;970.6259433962264;Line 201;0;20.0249062058549
-24.143934513;-46.897240381;14.0;69120;951.8128301886793;970.2128301886793;Line 201;0;20.0249062058549
-24.143681328;-46.897135567;14.0;69090;951.3997169811321;969.7997169811321;Line 201;0;20.0249062058549
-24.143428142;-46.897030753;14.0;69060;950.9866037735849;969.3866037735849;Line 201;0;20.0249062058549
-24.143174956;-46.89692594;13.9;69030;950.5734905660377;968.9734905660376;Line 201;0;20.0249062058549
-24.142921771;-46.896821127;13.7;69000;950.1603773584906;968.5603773584905;Line 201;0;20.0249062058549
-24.142668585;-46.896716314;13.3;68970;949.7472641509435;968.1472641509434;Line 201;0;20.0249062058549
-24.142415399;-46.896611503;13.4;68940;949.3341509433963;967.7341509433962;Line 201;0;20.0249062058549
-24.142162213;-46.896506691;14.9;68910;948.921037735849;967.321037735849;Line 201;0;20.0249062058549
-24.141909026;-46.89640188;16.7;68880;948.5079245283018;966.9079245283018;Line 201;0;20.0249062058549
-24.14165584;-46.896297069;18.7;68850;948.0948113207547;966.4948113207547;Line 201;0;20.0249062058549
-24.141402654;-46.896192259;17.6;68820;947.6816981132075;966.0816981132075;Line 201;0;20.0249062058549
-24.141149467;-46.896087449;16.2;68790;947.2685849056604;965.6685849056604;Line 201;0;20.0249062058549
-24.14089628;-46.89598264;14.5;68760;946.8554716981132;965.2554716981132;Line 201;0;20.0249062058549
-24.140643094;-46.895877831;13.3;68730;946.442358490566;964.842358490566;Line 201;0;20.0249062058549
-24.140389907;-46.895773023;12.2;68700;946.0292452830189;964.4292452830189;Line 201;0;20.0249062058549
-24.14013672;-46.895668215;11.2;68670;945.6161320754717;964.0161320754717;Line 201;0;20.0249062058549
-24.139883533;-46.895563408;10.5;68640;945.2030188679246;963.6030188679246;Line 201;0;20.0249062058549
-24.139630345;-46.8954586;10.3;68610;944.7899056603774;963.1899056603773;Line 201;0;20.0249062058549
-24.139377158;-46.895353794;10.2;68580;944.3767924528302;962.7767924528301;Line 201;0;20.0249062058549
-24.139123971;-46.895248988;10.4;68550;943.9636792452831;962.363679245283;Line 201;0;20.0249062058549
-24.138870783;-46.895144182;10.4;68520;943.5505660377358;961.9505660377358;Line 201;0;20.0249062058549
-24.138617596;-46.895039377;10.3;68490;943.1374528301887;961.5374528301887;Line 201;0;20.0249062058549
-24.138364408;-46.894934572;10.0;68460;942.7243396226414;961.1243396226414;Line 201;0;20.0249062058549
-24.13811122;-46.894829767;9.9;68430;942.3112264150943;960.7112264150943;Line 201;0;20.0249062058549
-24.137858032;-46.894724964;10.0;68400;941.8981132075472;960.2981132075472;Line 201;0;20.0249062058549
-24.137604844;-46.89462016;10.3;68370;941.485;959.885;Line 201;0;20.0249062058549
-24.137351656;-46.894515357;10.7;68340;941.0718867924529;959.4718867924529;Line 201;0;20.0249062058549
-24.137098468;-46.894410554;10.5;68310;940.6587735849056;959.0587735849056;Line 201;0;20.0249062058549
-24.136845279;-46.894305752;9.9;68280;940.2456603773585;958.6456603773585;Line 201;0;20.0249062058549
-24.136592091;-46.89420095;9.2;68250;939.8325471698113;958.2325471698113;Line 201;0;20.0249062058549
-24.136338902;-46.894096149;10.0;68220;939.4194339622642;957.8194339622642;Line 201;0;20.0249062058549
-24.136085714;-46.893991348;11.2;68190;939.0063207547171;957.4063207547171;Line 201;0;20.0249062058549
-24.135832525;-46.893886548;12.4;68160;938.5932075471698;956.9932075471697;Line 201;0;20.0249062058549
-24.135579336;-46.893781748;24.3;68130;938.1800943396227;956.5800943396226;Line 201;0;20.0249062058549
-24.135326147;-46.893676949;36.5;68100;937.7669811320754;956.1669811320754;Line 201;0;20.0249062058549
-24.135072958;-46.893572149;48.9;68070;937.3538679245283;955.7538679245283;Line 201;0;20.0249062058549
-24.134819769;-46.893467351;61.8;68040;936.9407547169811;955.3407547169811;Line 201;0;20.0249062058549
-24.13456658;-46.893362553;73.7;68010;936.5276415094339;954.9276415094339;Line 201;0;20.0249062058549
-24.13431339;-46.893257755;83.3;67980;936.1145283018868;954.5145283018868;Line 201;0;20.0249062058549
-24.134060201;-46.893152958;93.3;67950;935.7014150943396;954.1014150943396;Line 201;0;20.0249062058549
-24.133807011;-46.893048161;105.3;67920;935.2883018867925;953.6883018867925;Line 201;0;20.0249062058549
-24.133553821;-46.892943365;117.6;67890;934.8751886792453;953.2751886792453;Line 201;0;20.0249062058549
-24.133300632;-46.892838569;128.1;67860;934.4620754716981;952.8620754716981;Line 201;0;20.0249062058549
-24.133047442;-46.892733773;122.8;67830;934.0489622641509;952.4489622641509;Line 201;0;20.0249062058549
-24.132794252;-46.892628978;116.3;67800;933.6358490566038;952.0358490566038;Line 201;0;20.0249062058549
-24.132541061;-46.892524183;108.6;67770;933.2227358490567;951.6227358490567;Line 201;0;20.0249062058549
-24.132287871;-46.892419389;98.3;67740;932.8096226415095;951.2096226415094;Line 201;0;20.0249062058549
-24.132034681;-46.892314596;86.2;67710;932.3965094339623;950.7965094339622;Line 201;0;20.0249062058549
-24.13178149;-46.892209802;72.4;67680;931.983396226415;950.383396226415;Line 201;0;20.0249062058549
-24.1315283;-46.892105009;59.8;67650;931.5702830188679;949.9702830188679;Line 201;0;20.0249062058549
-24.131275109;-46.892000217;49.3;67620;931.1571698113207;949.5571698113207;Line 201;0;20.0249062058549
-24.131021918;-46.891895425;38.7;67590;930.7440566037736;949.1440566037736;Line 201;0;20.0249062058549
-24.130768728;-46.891790634;28.6;67560;930.3309433962264;948.7309433962264;Line 201;0;20.0249062058549
-24.130515537;-46.891685843;20.9;67530;929.9178301886792;948.3178301886792;Line 201;0;20.0249062058549
-24.130262345;-46.891581052;16.6;67500;929.5047169811321;947.9047169811321;Line 201;0;20.0249062058549
-24.130009154;-46.891476262;13.4;67470;929.0916037735849;947.4916037735849;Line 201;0;20.0249062058549
-24.129755963;-46.891371472;12.7;67440;928.6784905660378;947.0784905660378;Line 201;0;20.0249062058549
-24.129502772;-46.891266683;12.2;67410;928.2653773584905;946.6653773584904;Line 201;0;20.0249062058549
-24.12924958;-46.891161894;12.0;67380;927.8522641509434;946.2522641509433;Line 201;0;20.0249062058549
-24.128996388;-46.891057106;11.9;67350;927.4391509433963;945.8391509433962;Line 201;0;20.0249062058549
-24.128743197;-46.890952318;11.9;67320;927.0260377358491;945.426037735849;Line 201;0;20.0249062058549
-24.128490005;-46.89084753;12.0;67290;926.612924528302;945.0129245283019;Line 201;0;20.0249062058549
-24.128236813;-46.890742743;12.1;67260;926.1998113207546;944.5998113207546;Line 201;0;20.0249062058549
-24.127983621;-46.890637956;12.1;67230;925.7866981132075;944.1866981132075;Line 201;0;20.0249062058549
-24.127730429;-46.89053317;12.1;67200;925.3735849056603;943.7735849056603;Line 201;0;20.0249062058549
-24.127477236;-46.890428385;12.0;67170;924.9604716981132;943.3604716981132;Line 201;0;20.0249062058549
-24.127224044;-46.890323599;12.3;67140;924.5473584905661;942.9473584905661;Line 201;0;20.0249062058549
-24.126970852;-46.890218814;12.3;67110;924.1342452830188;942.5342452830188;Line 201;0;20.0249062058549
-24.126717659;-46.89011403;12.3;67080;923.7211320754717;942.1211320754717;Line 201;0;20.0249062058549
-24.126464466;-46.890009246;12.0;67050;923.3080188679245;941.7080188679245;Line 201;0;20.0249062058549
-24.126211274;-46.889904463;11.9;67020;922.8949056603774;941.2949056603774;Line 201;0;20.0249062058549
-24.125958081;-46.88979968;11.8;66990;922.4817924528302;940.8817924528302;Line 201;0;20.0249062058549
-24.125704888;-46.889694897;11.9;66960;922.068679245283;940.4686792452829;Line 201;0;20.0249062058549
-24.125451695;-46.889590115;12.4;66930;921.6555660377359;940.0555660377358;Line 201;0;20.0249062058549
-24.125198501;-46.889485333;12.9;66900;921.2424528301887;939.6424528301886;Line 201;0;20.0249062058549
-24.124945308;-46.889380552;13.3;66870;920.8293396226416;939.2293396226415;Line 201;0;20.0249062058549
-24.124692115;-46.889275771;13.2;66840;920.4162264150943;938.8162264150943;Line 201;0;20.0249062058549
-24.124438921;-46.889170991;13.0;66810;920.0031132075471;938.4031132075471;Line 201;0;20.0249062058549
-24.124185728;-46.889066211;13.1;66780;919.59;937.99;Line 201;0;20.0249062058549
-24.123932534;-46.888961431;13.7;66750;919.1768867924528;937.5768867924528;Line 201;0;20.0249062058549
-24.12367934;-46.888856652;14.6;66720;918.7637735849057;937.1637735849057;Line 201;0;20.0249062058549
-24.123426146;-46.888751873;15.7;66690;918.3506603773585;936.7506603773585;Line 201;0;20.0249062058549
-24.123172952;-46.888647095;16.4;66660;917.9375471698113;936.3375471698113;Line 201;0;20.0249062058549
-24.122919758;-46.888542318;17.0;66630;917.5244339622641;935.9244339622641;Line 201;0;20.0249062058549
-24.122666564;-46.88843754;17.9;66600;917.111320754717;935.511320754717;Line 201;0;20.0249062058549
-24.122413369;-46.888332763;18.9;66570;916.6982075471699;935.0982075471699;Line 201;0;20.0249062058549
-24.122160175;-46.888227987;20.9;66540;916.2850943396227;934.6850943396227;Line 201;0;20.0249062058549
-24.12190698;-46.888123211;22.5;66510;915.8719811320755;934.2719811320754;Line 201;0;20.0249062058549
-24.121653786;-46.888018436;23.7;66480;915.4588679245282;933.8588679245282;Line 201;0;20.0249062058549
-24.121400591;-46.887913661;25.2;66450;915.0457547169812;933.4457547169811;Line 201;0;20.0249062058549
-24.121147396;-46.887808886;26.7;66420;914.6326415094339;933.0326415094339;Line 201;0;20.0249062058549
-24.120894201;-46.887704112;27.9;66390;914.2195283018868;932.6195283018868;Line 201;0;20.0249062058549
-24.120641006;-46.887599338;27.7;66360;913.8064150943396;932.2064150943396;Line 201;0;20.0249062058549
-24.120387811;-46.887494565;26.8;66330;913.3933018867924;931.7933018867924;Line 201;0;20.0249062058549
-24.120134615;-46.887389792;26.2;66300;912.9801886792453;931.3801886792453;Line 201;0;20.0249062058549
-24.11988142;-46.88728502;25.4;66270;912.5670754716981;930.9670754716981;Line 201;0;20.0249062058549
-24.119628224;-46.887180248;23.9;66240;912.153962264151;930.553962264151;Line 201;0;20.0249062058549
-24.119375029;-46.887075476;22.0;66210;911.7408490566037;930.1408490566037;Line 201;0;20.0249062058549
-24.119121833;-46.886970705;20.1;66180;911.3277358490566;929.7277358490566;Line 201;0;20.0249062058549
-24.118868637;-46.886865934;19.5;66150;910.9146226415095;929.3146226415095;Line 201;0;20.0249062058549
-24.118615441;-46.886761164;18.6;66120;910.5015094339623;928.9015094339622;Line 201;0;20.0249062058549
-24.118362245;-46.886656395;17.4;66090;910.0883962264152;928.4883962264151;Line 201;0;20.0249062058549
-24.118109049;-46.886551625;17.8;66060;909.6752830188678;928.0752830188678;Line 201;0;20.0249062058549
-24.117855853;-46.886446856;18.3;66030;909.2621698113207;927.6621698113207;Line 201;0;20.0249062058549
-24.117602656;-46.886342088;18.7;66000;908.8490566037735;927.2490566037735;Line 201;0;20.0249062058549
-24.11734946;-46.88623732;18.6;65970;908.4359433962264;926.8359433962264;Line 201;0;20.0249062058549
-24.117096263;-46.886132553;17.5;65940;908.0228301886793;926.4228301886793;Line 201;0;20.0249062058549
-24.116843067;-46.886027785;15.6;65910;907.609716981132;926.009716981132;Line 201;0;20.0249062058549
-24.11658987;-46.885923019;13.9;65880;907.1966037735849;925.5966037735849;Line 201;0;20.0249062058549
-24.116336673;-46.885818253;14.0;65850;906.7834905660377;925.1834905660377;Line 201;0;20.0249062058549
-24.116083476;-46.885713487;14.1;65820;906.3703773584906;924.7703773584906;Line 201;0;20.0249062058549
-24.115830279;-46.885608722;13.7;65790;905.9572641509434;924.3572641509434;Line 201;0;20.0249062058549
-24.115577082;-46.885503957;14.0;65760;905.5441509433962;923.9441509433962;Line 201;0;20.0249062058549
-24.115323884;-46.885399192;14.4;65730;905.1310377358491;923.531037735849;Line 201;0;20.0249062058549
-24.115070687;-46.885294428;14.9;65700;904.7179245283019;923.1179245283018;Line 201;0;20.0249062058549
-24.114817489;-46.885189665;14.8;65670;904.3048113207548;922.7048113207547;Line 201;0;20.0249062058549
-24.114564292;-46.885084902;14.5;65640;903.8916981132076;922.2916981132075;Line 201;0;20.0249062058549
-24.114311094;-46.884980139;14.1;65610;903.4785849056603;921.8785849056603;Line 201;0;20.0249062058549
-24.114057896;-46.884875377;14.0;65580;903.0654716981132;921.4654716981132;Line 201;0;20.0249062058549
-24.113804698;-46.884770615;14.3;65550;902.652358490566;921.052358490566;Line 201;0;20.0249062058549
-24.1135515;-46.884665854;14.6;65520;902.2392452830189;920.6392452830189;Line 201;0;20.0249062058549
-24.113298302;-46.884561093;14.9;65490;901.8261320754717;920.2261320754717;Line 201;0;20.0249062058549
-24.113045104;-46.884456333;14.4;65460;901.4130188679245;919.8130188679245;Line 201;0;20.0249062058549
-24.112791905;-46.884351573;13.8;65430;900.9999056603773;919.3999056603773;Line 201;0;20.0249062058549
-24.112538707;-46.884246813;13.2;65400;900.5867924528302;918.9867924528302;Line 201;0;20.0249062058549
-24.112285508;-46.884142054;12.7;65370;900.1736792452831;918.5736792452831;Line 201;0;20.0249062058549
-24.11203231;-46.884037296;12.3;65340;899.7605660377359;918.1605660377359;Line 201;0;20.0249062058549
-24.111779111;-46.883932537;12.1;65310;899.3474528301887;917.7474528301886;Line 201;0;20.0249062058549
-24.111525912;-46.88382778;12.4;65280;898.9343396226415;917.3343396226414;Line 201;0;20.0249062058549
-24.111272713;-46.883723022;12.9;65250;898.5212264150944;916.9212264150943;Line 201;0;20.0249062058549
-24.111019514;-46.883618265;13.3;65220;898.1081132075471;916.5081132075471;Line 201;0;20.0249062058549
-24.110766315;-46.883513509;13.6;65190;897.695;916.095;Line 201;0;20.0249062058549
-24.110513115;-46.883408753;13.9;65160;897.2818867924528;915.6818867924528;Line 201;0;20.0249062058549
-24.110259916;-46.883303998;14.3;65130;896.8687735849056;915.2687735849056;Line 201;0;20.0249062058549
-24.110006717;-46.883199242;14.7;65100;896.4556603773585;914.8556603773585;Line 201;0;20.0249062058549
-24.109753517;-46.883094488;14.1;65070;896.0425471698113;914.4425471698113;Line 201;0;20.0249062058549
-24.109500317;-46.882989734;13.7;65040;895.6294339622642;914.0294339622642;Line 201;0;20.0249062058549
-24.109247117;-46.88288498;13.6;65010;895.2163207547169;913.6163207547169;Line 201;0;20.0249062058549
-24.108993917;-46.882780227;13.9;64980;894.8032075471698;913.2032075471698;Line 201;0;20.0249062058549
-24.108740717;-46.882675474;14.6;64950;894.3900943396227;912.7900943396227;Line 201;0;20.0249062058549
-24.108487517;-46.882570721;15.4;64920;893.9769811320755;912.3769811320755;Line 201;0;20.0249062058549
-24.108234317;-46.882465969;16.1;64890;893.5638679245284;911.9638679245284;Line 201;0;20.0249062058549
-24.107981117;-46.882361218;16.2;64860;893.150754716981;911.550754716981;Line 201;0;20.0249062058549
-24.107727916;-46.882256467;16.2;64830;892.737641509434;911.1376415094339;Line 201;0;20.0249062058549
-24.107474715;-46.882151716;16.1;64800;892.3245283018867;910.7245283018867;Line 201;0;20.0249062058549
-24.107221515;-46.882046966;15.6;64770;891.9114150943396;910.3114150943396;Line 201;0;20.0249062058549
-24.106968314;-46.881942216;15.2;64740;891.4983018867925;909.8983018867925;Line 201;0;20.0249062058549
-24.106715113;-46.881837467;15.0;64710;891.0851886792452;909.4851886792452;Line 201;0;20.0249062058549
-24.106461912;-46.881732718;15.0;64680;890.6720754716981;909.0720754716981;Line 201;0;20.0249062058549
-24.106208711;-46.881627969;15.0;64650;890.2589622641509;908.6589622641509;Line 201;0;20.0249062058549
-24.10595551;-46.881523221;14.8;64620;889.8458490566038;908.2458490566038;Line 201;0;20.0249062058549
-24.105702309;-46.881418474;14.8;64590;889.4327358490566;907.8327358490566;Line 201;0;20.0249062058549
-24.105449107;-46.881313727;14.6;64560;889.0196226415094;907.4196226415094;Line 201;0;20.0249062058549
-24.105195906;-46.88120898;14.4;64530;888.6065094339623;907.0065094339623;Line 201;0;20.0249062058549
-24.104942704;-46.881104234;14.1;64500;888.1933962264151;906.593396226415;Line 201;0;20.0249062058549
-24.104689502;-46.880999488;14.6;64470;887.780283018868;906.180283018868;Line 201;0;20.0249062058549
-24.1044363;-46.880894743;15.2;64440;887.3671698113208;905.7671698113207;Line 201;0;20.0249062058549
-24.104183098;-46.880789998;15.9;64410;886.9540566037736;905.3540566037735;Line 201;0;20.0249062058549
-24.103929896;-46.880685254;16.1;64380;886.5409433962263;904.9409433962263;Line 201;0;20.0249062058549
-24.103676694;-46.88058051;16.1;64350;886.1278301886792;904.5278301886792;Line 201;0;20.0249062058549
-24.103423492;-46.880475766;15.7;64320;885.7147169811321;904.1147169811321;Line 201;0;20.0249062058549
-24.10317029;-46.880371023;15.0;64290;885.3016037735849;903.7016037735849;Line 201;0;20.0249062058549
-24.102917087;-46.88026628;14.1;64260;884.8884905660377;903.2884905660377;Line 201;0;20.0249062058549
-24.102663885;-46.880161538;13.5;64230;884.4753773584905;902.8753773584905;Line 201;0;20.0249062058549
-24.102410682;-46.880056796;13.1;64200;884.0622641509434;902.4622641509434;Line 201;0;20.0249062058549
-24.102157479;-46.879952055;13.1;64170;883.6491509433962;902.0491509433962;Line 201;0;20.0249062058549
-24.101904276;-46.879847314;13.2;64140;883.2360377358491;901.6360377358491;Line 201;0;20.0249062058549
-24.101651073;-46.879742574;13.3;64110;882.8229245283019;901.2229245283019;Line 201;0;20.0249062058549
-24.10139787;-46.879637834;13.1;64080;882.4098113207547;900.8098113207546;Line 201;0;20.0249062058549
-24.101144667;-46.879533094;12.9;64050;881.9966981132076;900.3966981132075;Line 201;0;20.0249062058549
-24.100891464;-46.879428355;12.8;64020;881.5835849056604;899.9835849056603;Line 201;0;20.0249062058549
-24.10063826;-46.879323616;12.6;63990;881.1704716981133;899.5704716981132;Line 201;0;20.0249062058549
-24.100385057;-46.879218878;12.4;63960;880.757358490566;899.157358490566;Line 201;0;20.0249062058549
-24.100131853;-46.87911414;12.2;63930;880.3442452830188;898.7442452830188;Line 201;0;20.0249062058549
-24.099878649;-46.879009403;12.0;63900;879.9311320754717;898.3311320754717;Line 201;0;20.0249062058549
-24.099625445;-46.878904666;12.0;63870;879.5180188679245;897.9180188679245;Line 201;0;20.0249062058549
-24.099372241;-46.878799929;12.0;63840;879.1049056603774;897.5049056603774;Line 201;0;20.0249062058549
-24.099119037;-46.878695193;11.9;63810;878.6917924528301;897.0917924528301;Line 201;0;20.0249062058549
-24.098865833;-46.878590458;11.6;63780;878.278679245283;896.678679245283;Line 201;0;20.0249062058549
-24.098612629;-46.878485723;11.3;63750;877.8655660377359;896.2655660377359;Line 201;0;20.0249062058549
-24.098359425;-46.878380988;11.0;63720;877.4524528301887;895.8524528301887;Line 201;0;20.0249062058549
-24.09810622;-46.878276254;11.3;63690;877.0393396226416;895.4393396226416;Line 201;0;20.0249062058549
-24.097853016;-46.87817152;11.6;63660;876.6262264150943;895.0262264150942;Line 201;0;20.0249062058549
-24.097599811;-46.878066787;11.9;63630;876.2131132075472;894.6131132075471;Line 201;0;20.0249062058549
-24.097346606;-46.877962054;12.2;63600;875.8;894.1999999999999;Line 201;0;20.0249062058549
-24.097093401;-46.877857321;12.6;63570;875.3868867924529;893.7868867924528;Line 201;0;20.0249062058549
-24.096840196;-46.877752589;13.1;63540;874.9737735849058;893.3737735849057;Line 201;0;20.0249062058549
-24.096586991;-46.877647858;13.7;63510;874.5606603773584;892.9606603773584;Line 201;0;20.0249062058549
-24.096333786;-46.877543127;14.0;63480;874.1475471698113;892.5475471698113;Line 201;0;20.0249062058549
-24.096080581;-46.877438396;14.1;63450;873.7344339622641;892.1344339622641;Line 201;0;20.0249062058549
-24.095827375;-46.877333666;14.2;63420;873.321320754717;891.721320754717;Line 201;0;20.0249062058549
-24.09557417;-46.877228936;14.7;63390;872.9082075471698;891.3082075471698;Line 201;0;20.0249062058549
-24.095320964;-46.877124207;15.1;63360;872.4950943396226;890.8950943396226;Line 201;0;20.0249062058549
-24.095067758;-46.877019478;15.4;63330;872.0819811320755;890.4819811320755;Line 201;0;20.0249062058549
-24.094814552;-46.876914749;16.0;63300;871.6688679245283;890.0688679245283;Line 201;0;20.0249062058549
-24.094561347;-46.876810021;17.0;63270;871.2557547169812;889.6557547169812;Line 201;0;20.0249062058549
-24.09430814;-46.876705293;18.3;63240;870.842641509434;889.242641509434;Line 201;0;20.0249062058549
-24.094054934;-46.876600566;18.9;63210;870.4295283018868;888.8295283018867;Line 201;0;20.0249062058549
-24.093801728;-46.87649584;18.7;63180;870.0164150943395;888.4164150943395;Line 201;0;20.0249062058549
-24.093548522;-46.876391113;18.4;63150;869.6033018867925;888.0033018867924;Line 201;0;20.0249062058549
-24.093295315;-46.876286388;18.2;63120;869.1901886792454;887.5901886792453;Line 201;0;20.0249062058549
-24.093042109;-46.876181662;18.4;63090;868.7770754716981;887.1770754716981;Line 201;0;20.0249062058549
-24.092788902;-46.876076937;18.7;63060;868.3639622641509;886.7639622641509;Line 201;0;20.0249062058549
-24.092535695;-46.875972213;19.1;63030;867.9508490566037;886.3508490566037;Line 201;0;20.0249062058549
-24.092282488;-46.875867489;19.2;63000;867.5377358490566;885.9377358490566;Line 201;0;20.0249062058549
-24.092029281;-46.875762765;19.6;62970;867.1246226415094;885.5246226415094;Line 201;0;20.0249062058549
-24.091776074;-46.875658042;20.2;62940;866.7115094339623;885.1115094339623;Line 201;0;20.0249062058549
-24.091522867;-46.875553319;21.3;62910;866.2983962264151;884.6983962264151;Line 201;0;20.0249062058549
-24.09126966;-46.875448597;22.8;62880;865.8852830188679;884.2852830188679;Line 201;0;20.0249062058549
-24.091016452;-46.875343875;24.4;62850;865.4721698113208;883.8721698113208;Line 201;0;20.0249062058549
-24.090763245;-46.875239154;26.0;62820;865.0590566037736;883.4590566037735;Line 201;0;20.0249062058549
-24.090510037;-46.875134433;27.0;62790;864.6459433962265;883.0459433962264;Line 201;0;20.0249062058549
-24.090256829;-46.875029712;27.6;62760;864.2328301886793;882.6328301886792;Line 201;0;20.0249062058549
-24.090003622;-46.874924992;28.2;62730;863.819716981132;882.219716981132;Line 201;0;20.0249062058549
-24.089750414;-46.874820273;29.6;62700;863.406603773585;881.8066037735849;Line 201;0;20.0249062058549
-24.089497206;-46.874715554;31.1;62670;862.9934905660377;881.3934905660377;Line 201;0;20.0249062058549
-24.089243997;-46.874610835;32.6;62640;862.5803773584906;880.9803773584906;Line 201;0;20.0249062058549
-24.088990789;-46.874506117;34.1;62610;862.1672641509433;880.5672641509433;Line 201;0;20.0249062058549
-24.088737581;-46.874401399;35.6;62580;861.7541509433962;880.1541509433962;Line 201;0;20.0249062058549
-24.088484372;-46.874296681;37.1;62550;861.3410377358491;879.7410377358491;Line 201;0;20.0249062058549
-24.088231164;-46.874191964;38.7;62520;860.9279245283019;879.3279245283019;Line 201;0;20.0249062058549
-24.087977955;-46.874087248;40.3;62490;860.5148113207548;878.9148113207548;Line 201;0;20.0249062058549
-24.087724746;-46.873982532;41.7;62460;860.1016981132075;878.5016981132075;Line 201;0;20.0249062058549
-24.087471537;-46.873877816;42.8;62430;859.6885849056604;878.0885849056604;Line 201;0;20.0249062058549
-24.087218328;-46.873773101;43.8;62400;859.2754716981132;877.6754716981131;Line 201;0;20.0249062058549
-24.086965119;-46.873668386;44.7;62370;858.8623584905661;877.262358490566;Line 201;0;20.0249062058549
-24.08671191;-46.873563672;45.4;62340;858.4492452830189;876.8492452830188;Line 201;0;20.0249062058549
-24.086458701;-46.873458958;47.5;62310;858.0361320754716;876.4361320754716;Line 201;0;20.0249062058549
-24.086205491;-46.873354245;50.2;62280;857.6230188679245;876.0230188679245;Line 201;0;20.0249062058549
-24.085952282;-46.873249532;52.9;62250;857.2099056603773;875.6099056603773;Line 201;0;20.0249062058549
-24.085699072;-46.873144819;55.3;62220;856.7967924528302;875.1967924528302;Line 201;0;20.0249062058549
-24.085445863;-46.873040107;57.5;62190;856.383679245283;874.783679245283;Line 201;0;20.0249062058549
-24.085192653;-46.872935395;59.8;62160;855.9705660377358;874.3705660377358;Line 201;0;20.0249062058549
-24.084939443;-46.872830684;61.9;62130;855.5574528301887;873.9574528301887;Line 201;0;20.0249062058549
-24.084686233;-46.872725973;63.1;62100;855.1443396226415;873.5443396226415;Line 201;0;20.0249062058549
-24.084433023;-46.872621263;63.9;62070;854.7312264150944;873.1312264150944;Line 201;0;20.0249062058549
-24.084179812;-46.872516553;64.2;62040;854.3181132075472;872.7181132075472;Line 201;0;20.0249062058549
-24.083926602;-46.872411844;67.2;62010;853.905;872.305;Line 201;0;20.0249062058549
-24.083673392;-46.872307135;69.8;61980;853.4918867924528;871.8918867924527;Line 201;0;20.0249062058549
-24.083420181;-46.872202426;72.0;61950;853.0787735849057;871.4787735849056;Line 201;0;20.0249062058549
-24.08316697;-46.872097718;75.4;61920;852.6656603773586;871.0656603773585;Line 201;0;20.0249062058549
-24.08291376;-46.871993011;79.2;61890;852.2525471698114;870.6525471698113;Line 201;0;20.0249062058549
-24.082660549;-46.871888303;82.5;61860;851.8394339622641;870.2394339622641;Line 201;0;20.0249062058549
-24.082407338;-46.871783597;85.7;61830;851.4263207547169;869.8263207547169;Line 201;0;20.0249062058549
-24.082154127;-46.87167889;89.8;61800;851.0132075471698;869.4132075471698;Line 201;0;20.0249062058549
-24.081900915;-46.871574184;95.2;61770;850.6000943396226;869.0000943396226;Line 201;0;20.0249062058549
-24.081647704;-46.871469479;100.0;61740;850.1869811320755;868.5869811320755;Line 201;0;20.0249062058549
-24.081394493;-46.871364774;105.4;61710;849.7738679245283;868.1738679245283;Line 201;0;20.0249062058549
-24.081141281;-46.871260069;109.7;61680;849.3607547169811;867.7607547169811;Line 201;0;20.0249062058549
-24.08088807;-46.871155365;112.9;61650;848.947641509434;867.347641509434;Line 201;0;20.0249062058549
-24.080634858;-46.871050662;115.2;61620;848.5345283018868;866.9345283018868;Line 201;0;20.0249062058549
-24.080381646;-46.870945958;117.0;61590;848.1214150943397;866.5214150943397;Line 201;0;20.0249062058549
-24.080128434;-46.870841256;118.5;61560;847.7083018867924;866.1083018867923;Line 201;0;20.0249062058549
-24.079875222;-46.870736553;126.4;61530;847.2951886792453;865.6951886792452;Line 201;0;20.0249062058549
-24.07962201;-46.870631851;134.0;61500;846.8820754716982;865.2820754716981;Line 201;0;20.0249062058549
-24.079368798;-46.87052715;141.1;61470;846.468962264151;864.8689622641509;Line 201;0;20.0249062058549
-24.079115585;-46.870422449;147.9;61440;846.0558490566038;864.4558490566038;Line 201;0;20.0249062058549
-24.078862373;-46.870317748;155.5;61410;845.6427358490565;864.0427358490565;Line 201;0;20.0249062058549
-24.07860916;-46.870213048;163.4;61380;845.2296226415094;863.6296226415094;Line 201;0;20.0249062058549
-24.078355948;-46.870108349;171.5;61350;844.8165094339622;863.2165094339622;Line 201;0;20.0249062058549
-24.078102735;-46.870003649;179.6;61320;844.4033962264151;862.8033962264151;Line 201;0;20.0249062058549
-24.077849522;-46.869898951;188.7;61290;843.990283018868;862.390283018868;Line 201;0;20.0249062058549
-24.077596309;-46.869794252;196.8;61260;843.5771698113207;861.9771698113207;Line 201;0;20.0249062058549
-24.077343096;-46.869689554;204.4;61230;843.1640566037736;861.5640566037736;Line 201;0;20.0249062058549
-24.077089883;-46.869584857;211.1;61200;842.7509433962264;861.1509433962264;Line 201;0;20.0249062058549
-24.076836669;-46.86948016;216.9;61170;842.3378301886793;860.7378301886793;Line 201;0;20.0249062058549
-24.076583456;-46.869375463;224.4;61140;841.9247169811321;860.324716981132;Line 201;0;20.0249062058549
-24.076330242;-46.869270767;237.5;61110;841.5116037735849;859.9116037735848;Line 201;0;20.0249062058549
-24.076077029;-46.869166071;250.9;61080;841.0984905660378;859.4984905660377;Line 201;0;20.0249062058549
-24.075823815;-46.869061376;264.5;61050;840.6853773584905;859.0853773584905;Line 201;0;20.0249062058549
-24.075570601;-46.868956681;277.3;61020;840.2722641509434;858.6722641509434;Line 201;0;20.0249062058549
-24.075317387;-46.868851987;290.1;60990;839.8591509433962;858.2591509433962;Line 201;0;20.0249062058549
-24.075064173;-46.868747293;302.9;60960;839.446037735849;857.846037735849;Line 201;0;20.0249062058549
-24.074810959;-46.8686426;317.6;60930;839.0329245283019;857.4329245283019;Line 201;0;20.0249062058549
-24.074557745;-46.868537906;331.8;60900;838.6198113207547;857.0198113207547;Line 201;0;20.0249062058549
-24.074304531;-46.868433214;344.6;60870;838.2066981132076;856.6066981132076;Line 201;0;20.0249062058549
-24.074051316;-46.868328522;354.4;60840;837.7935849056604;856.1935849056604;Line 201;0;20.0249062058549
-24.073798102;-46.86822383;358.9;60810;837.3804716981132;855.7804716981132;Line 201;0;20.0249062058549
-24.073544887;-46.868119139;364.1;60780;836.967358490566;855.367358490566;Line 201;0;20.0249062058549
-24.073291672;-46.868014448;370.5;60750;836.5542452830189;854.9542452830188;Line 201;0;20.0249062058549
-24.073038457;-46.867909758;379.3;60720;836.1411320754718;854.5411320754718;Line 201;0;20.0249062058549
-24.072785242;-46.867805068;387.7;60690;835.7280188679246;854.1280188679245;Line 201;0;20.0249062058549
-24.072532027;-46.867700378;395.8;60660;835.3149056603773;853.7149056603773;Line 201;0;20.0249062058549
-24.072278812;-46.867595689;403.2;60630;834.9017924528301;853.3017924528301;Line 201;0;20.0249062058549
-24.072025597;-46.867491;410.7;60600;834.488679245283;852.888679245283;Line 201;0;20.0249062058549
-24.071772381;-46.867386312;418.5;60570;834.0755660377358;852.4755660377358;Line 201;0;20.0249062058549
-24.071519166;-46.867281624;429.4;60540;833.6624528301887;852.0624528301887;Line 201;0;20.0249062058549
-24.07126595;-46.867176937;442.5;60510;833.2493396226415;851.6493396226415;Line 201;0;20.0249062058549
-24.071012735;-46.86707225;456.1;60480;832.8362264150943;851.2362264150943;Line 201;0;20.0249062058549
-24.070759519;-46.866967564;471.4;60450;832.4231132075472;850.8231132075472;Line 201;0;20.0249062058549
-24.070506303;-46.866862878;490.4;60420;832.01;850.41;Line 201;0;20.0249062058549
-24.070253087;-46.866758192;509.9;60390;831.5968867924529;849.9968867924529;Line 201;0;20.0249062058549
-24.069999871;-46.866653507;529.9;60360;831.1837735849056;849.5837735849055;Line 201;0;20.0249062058549
-24.069746654;-46.866548823;548.7;60330;830.7706603773585;849.1706603773584;Line 201;0;20.0249062058549
-24.069493438;-46.866444139;567.4;60300;830.3575471698114;848.7575471698113;Line 201;0;20.0249062058549
-24.069240222;-46.866339455;586.2;60270;829.9444339622642;848.3444339622641;Line 201;0;20.0249062058549
-24.068987005;-46.866234771;602.7;60240;829.5313207547171;847.931320754717;Line 201;0;20.0249062058549
-24.068733788;-46.866130089;618.7;60210;829.1182075471697;847.5182075471697;Line 201;0;20.0249062058549
-24.068480572;-46.866025406;635.4;60180;828.7050943396226;847.1050943396226;Line 201;0;20.0249062058549
-24.068227355;-46.865920724;648.3;60150;828.2919811320754;846.6919811320754;Line 201;0;20.0249062058549
-24.067974138;-46.865816043;655.8;60120;827.8788679245283;846.2788679245283;Line 201;0;20.0249062058549
-24.067720921;-46.865711362;663.4;60090;827.4657547169812;845.8657547169812;Line 201;0;20.0249062058549
-24.067467704;-46.865606681;669.1;60060;827.0526415094339;845.4526415094339;Line 201;0;20.0249062058549
-24.067214486;-46.865502001;663.0;60030;826.6395283018868;845.0395283018868;Line 201;0;20.0249062058549
-24.066961269;-46.865397321;655.6;60000;826.2264150943396;844.6264150943396;Line 201;0;20.0249062058549
-24.066708051;-46.865292642;646.8;59970;825.8133018867925;844.2133018867925;Line 201;0;20.0249062058549
-24.066454834;-46.865187963;633.4;59940;825.4001886792453;843.8001886792453;Line 201;0;20.0249062058549
-24.066201616;-46.865083284;618.0;59910;824.9870754716981;843.387075471698;Line 201;0;20.0249062058549
-24.065948398;-46.864978606;600.6;59880;824.573962264151;842.9739622641509;Line 201;0;20.0249062058549
-24.06569518;-46.864873929;579.7;59850;824.1608490566038;842.5608490566037;Line 201;0;20.0249062058549
-24.065441962;-46.864769252;558.0;59820;823.7477358490567;842.1477358490566;Line 201;0;20.0249062058549
-24.065188744;-46.864664575;536.8;59790;823.3346226415094;841.7346226415094;Line 201;0;20.0249062058549
-24.064935526;-46.864559899;518.3;59760;822.9215094339622;841.3215094339622;Line 201;0;20.0249062058549
-24.064682308;-46.864455223;506.8;59730;822.5083962264151;840.9083962264151;Line 201;0;20.0249062058549
-24.064429089;-46.864350548;495.3;59700;822.0952830188679;840.4952830188679;Line 201;0;20.0249062058549
-24.064175871;-46.864245873;483.8;59670;821.6821698113208;840.0821698113208;Line 201;0;20.0249062058549
-24.063922652;-46.864141198;479.1;59640;821.2690566037736;839.6690566037736;Line 201;0;20.0249062058549
-24.063669433;-46.864036524;474.6;59610;820.8559433962264;839.2559433962264;Line 201;0;20.0249062058549
-24.063416214;-46.863931851;469.4;59580;820.4428301886792;838.8428301886792;Line 201;0;20.0249062058549
-24.063162995;-46.863827177;457.9;59550;820.0297169811321;838.4297169811321;Line 201;0;20.0249062058549
-24.062909776;-46.863722505;444.6;59520;819.6166037735849;838.0166037735848;Line 201;0;20.0249062058549
-24.062656557;-46.863617833;432.4;59490;819.2034905660378;837.6034905660377;Line 201;0;20.0249062058549
-24.062403338;-46.863513161;424.8;59460;818.7903773584906;837.1903773584905;Line 201;0;20.0249062058549
-24.062150119;-46.863408489;422.8;59430;818.3772641509433;836.7772641509433;Line 201;0;20.0249062058549
-24.061896899;-46.863303818;420.6;59400;817.9641509433962;836.3641509433962;Line 201;0;20.0249062058549
-24.06164368;-46.863199148;419.4;59370;817.551037735849;835.951037735849;Line 201;0;20.0249062058549
-24.06139046;-46.863094478;421.7;59340;817.1379245283019;835.5379245283019;Line 201;0;20.0249062058549
-24.06113724;-46.862989808;425.2;59310;816.7248113207547;835.1248113207547;Line 201;0;20.0249062058549
-24.06088402;-46.862885139;429.9;59280;816.3116981132075;834.7116981132075;Line 201;0;20.0249062058549
-24.0606308;-46.86278047;438.9;59250;815.8985849056604;834.2985849056604;Line 201;0;20.0249062058549
-24.06037758;-46.862675802;449.6;59220;815.4854716981132;833.8854716981132;Line 201;0;20.0249062058549
-24.06012436;-46.862571134;461.1;59190;815.0723584905661;833.4723584905661;Line 201;0;20.0249062058549
-24.059871139;-46.862466467;470.6;59160;814.6592452830188;833.0592452830188;Line 201;0;20.0249062058549
-24.059617919;-46.8623618;476.2;59130;814.2461320754717;832.6461320754717;Line 201;0;20.0249062058549
-24.059364698;-46.862257134;482.1;59100;813.8330188679246;832.2330188679246;Line 201;0;20.0249062058549
-24.059111478;-46.862152467;487.1;59070;813.4199056603774;831.8199056603773;Line 201;0;20.0249062058549
-24.058858257;-46.862047802;488.2;59040;813.0067924528303;831.4067924528302;Line 201;0;20.0249062058549
-24.058605036;-46.861943137;489.8;59010;812.5936792452829;830.9936792452829;Line 201;0;20.0249062058549
-24.058351815;-46.861838472;491.7;58980;812.1805660377358;830.5805660377358;Line 201;0;20.0249062058549
-24.058098594;-46.861733808;502.0;58950;811.7674528301886;830.1674528301886;Line 201;0;20.0249062058549
-24.057845373;-46.861629144;516.6;58920;811.3543396226415;829.7543396226415;Line 201;0;20.0249062058549
-24.057592152;-46.86152448;534.4;58890;810.9412264150944;829.3412264150944;Line 201;0;20.0249062058549
-24.05733893;-46.861419817;553.6;58860;810.5281132075471;828.9281132075471;Line 201;0;20.0249062058549
-24.057085709;-46.861315155;571.8;58830;810.115;828.515;Line 201;0;20.0249062058549
-24.056832487;-46.861210493;587.8;58800;809.7018867924528;828.1018867924528;Line 201;0;20.0249062058549
-24.056579266;-46.861105831;600.3;58770;809.2887735849057;827.6887735849057;Line 201;0;20.0249062058549
-24.056326044;-46.86100117;610.0;58740;808.8756603773585;827.2756603773585;Line 201;0;20.0249062058549
-24.056072822;-46.860896509;620.0;58710;808.4625471698113;826.8625471698113;Line 201;0;20.0249062058549
-24.0558196;-46.860791849;630.9;58680;808.0494339622642;826.4494339622642;Line 201;0;20.0249062058549
-24.055566378;-46.860687189;644.2;58650;807.636320754717;826.0363207547169;Line 201;0;20.0249062058549
-24.055313156;-46.86058253;655.8;58620;807.2232075471699;825.6232075471698;Line 201;0;20.0249062058549
-24.055059933;-46.860477871;665.8;58590;806.8100943396227;825.2100943396226;Line 201;0;20.0249062058549
-24.054806711;-46.860373212;670.4;58560;806.3969811320754;824.7969811320754;Line 201;0;20.0249062058549
-24.054553488;-46.860268554;675.2;58530;805.9838679245282;824.3838679245282;Line 201;0;20.0249062058549
-24.054300266;-46.860163896;681.7;58500;805.5707547169811;823.9707547169811;Line 201;0;20.0249062058549
-24.054047043;-46.860059239;683.4;58470;805.157641509434;823.557641509434;Line 201;0;20.0249062058549
-24.05379382;-46.859954582;678.3;58440;804.7445283018868;823.1445283018868;Line 201;0;20.0249062058549
-24.053540597;-46.859849926;672.5;58410;804.3314150943396;822.7314150943396;Line 201;0;20.0249062058549
-24.053287374;-46.85974527;667.2;58380;803.9183018867924;822.3183018867924;Line 201;0;20.0249062058549
-24.053034151;-46.859640615;662.8;58350;803.5051886792453;821.9051886792453;Line 201;0;20.0249062058549
-24.052780928;-46.85953596;658.6;58320;803.0920754716981;821.4920754716981;Line 201;0;20.0249062058549
-24.052527704;-46.859431305;654.6;58290;802.678962264151;821.078962264151;Line 201;0;20.0249062058549
-24.052274481;-46.859326651;648.7;58260;802.2658490566038;820.6658490566037;Line 201;0;20.0249062058549
-24.052021257;-46.859221997;642.8;58230;801.8527358490566;820.2527358490565;Line 201;0;20.0249062058549
-24.051768034;-46.859117344;636.6;58200;801.4396226415095;819.8396226415094;Line 201;0;20.0249062058549
-24.05151481;-46.859012691;622.9;58170;801.0265094339622;819.4265094339622;Line 201;0;20.0249062058549
-24.051261586;-46.858908039;603.9;58140;800.6133962264151;819.0133962264151;Line 201;0;20.0249062058549
-24.051008362;-46.858803387;583.9;58110;800.2002830188679;818.6002830188679;Line 201;0;20.0249062058549
-24.050755138;-46.858698735;560.7;58080;799.7871698113207;818.1871698113207;Line 201;0;20.0249062058549
-24.050501914;-46.858594084;532.3;58050;799.3740566037736;817.7740566037736;Line 201;0;20.0249062058549
-24.050248689;-46.858489434;504.0;58020;798.9609433962264;817.3609433962264;Line 201;0;20.0249062058549
-24.049995465;-46.858384784;476.2;57990;798.5478301886793;816.9478301886793;Line 201;0;20.0249062058549
-24.049742241;-46.858280134;463.1;57960;798.134716981132;816.534716981132;Line 201;0;20.0249062058549
-24.049489016;-46.858175485;448.0;57930;797.7216037735849;816.1216037735849;Line 201;0;20.0249062058549
-24.049235791;-46.858070836;430.0;57900;797.3084905660378;815.7084905660378;Line 201;0;20.0249062058549
-24.048982566;-46.857966187;418.9;57870;796.8953773584906;815.2953773584906;Line 201;0;20.0249062058549
-24.048729341;-46.857861539;410.7;57840;796.4822641509435;814.8822641509435;Line 201;0;20.0249062058549
-24.048476116;-46.857756892;402.0;57810;796.0691509433962;814.4691509433961;Line 201;0;20.0249062058549
-24.048222891;-46.857652245;390.7;57780;795.656037735849;814.056037735849;Line 201;0;20.0249062058549
-24.047969666;-46.857547598;377.8;57750;795.2429245283018;813.6429245283018;Line 201;0;20.0249062058549
-24.047716441;-46.857442952;366.3;57720;794.8298113207547;813.2298113207547;Line 201;0;20.0249062058549
-24.047463215;-46.857338306;356.6;57690;794.4166981132076;812.8166981132076;Line 201;0;20.0249062058549
-24.04720999;-46.857233661;352.9;57660;794.0035849056603;812.4035849056603;Line 201;0;20.0249062058549
-24.046956764;-46.857129016;349.5;57630;793.5904716981132;811.9904716981132;Line 201;0;20.0249062058549
-24.046703538;-46.857024372;346.2;57600;793.177358490566;811.577358490566;Line 201;0;20.0249062058549
-24.046450312;-46.856919728;351.8;57570;792.7642452830189;811.1642452830189;Line 201;0;20.0249062058549
-24.046197086;-46.856815084;358.3;57540;792.3511320754717;810.7511320754717;Line 201;0;20.0249062058549
-24.04594386;-46.856710441;364.4;57510;791.9380188679245;810.3380188679245;Line 201;0;20.0249062058549
-24.045690634;-46.856605799;374.4;57480;791.5249056603774;809.9249056603774;Line 201;0;20.0249062058549
-24.045437408;-46.856501156;386.3;57450;791.1117924528302;809.5117924528302;Line 201;0;20.0249062058549
-24.045184181;-46.856396515;396.8;57420;790.6986792452831;809.098679245283;Line 201;0;20.0249062058549
-24.044930955;-46.856291873;405.0;57390;790.2855660377359;808.6855660377358;Line 201;0;20.0249062058549
-24.044677728;-46.856187232;411.2;57360;789.8724528301886;808.2724528301886;Line 201;0;20.0249062058549
-24.044424502;-46.856082592;417.9;57330;789.4593396226414;807.8593396226414;Line 201;0;20.0249062058549
-24.044171275;-46.855977952;424.9;57300;789.0462264150943;807.4462264150943;Line 201;0;20.0249062058549
-24.043918048;-46.855873312;426.2;57270;788.6331132075472;807.0331132075472;Line 201;0;20.0249062058549
-24.043664821;-46.855768673;429.7;57240;788.22;806.62;Line 201;0;20.0249062058549
-24.043411594;-46.855664035;435.1;57210;787.8068867924528;806.2068867924528;Line 201;0;20.0249062058549
-24.043158366;-46.855559396;444.4;57180;787.3937735849056;805.7937735849056;Line 201;0;20.0249062058549
-24.042905139;-46.855454759;455.5;57150;786.9806603773585;805.3806603773585;Line 201;0;20.0249062058549
-24.042651912;-46.855350121;467.3;57120;786.5675471698113;804.9675471698113;Line 201;0;20.0249062058549
-24.042398684;-46.855245484;477.7;57090;786.1544339622642;804.5544339622642;Line 201;0;20.0249062058549
-24.042145456;-46.855140848;484.6;57060;785.741320754717;804.141320754717;Line 201;0;20.0249062058549
-24.041892229;-46.855036212;490.2;57030;785.3282075471698;803.7282075471697;Line 201;0;20.0249062058549
-24.041639001;-46.854931576;493.2;57000;784.9150943396227;803.3150943396226;Line 201;0;20.0249062058549
-24.041385773;-46.854826941;497.7;56970;784.5019811320755;802.9019811320754;Line 201;0;20.0249062058549
-24.041132545;-46.854722307;502.7;56940;784.0888679245284;802.4888679245283;Line 201;0;20.0249062058549
-24.040879317;-46.854617672;508.0;56910;783.6757547169811;802.0757547169811;Line 201;0;20.0249062058549
-24.040626088;-46.854513038;517.3;56880;783.2626415094339;801.6626415094339;Line 201;0;20.0249062058549
-24.04037286;-46.854408405;527.7;56850;782.8495283018868;801.2495283018868;Line 201;0;20.0249062058549
-24.040119631;-46.854303772;538.5;56820;782.4364150943396;800.8364150943396;Line 201;0;20.0249062058549
-24.039866403;-46.85419914;549.3;56790;782.0233018867925;800.4233018867925;Line 201;0;20.0249062058549
-24.039613174;-46.854094508;562.1;56760;781.6101886792452;800.0101886792452;Line 201;0;20.0249062058549
-24.039359945;-46.853989876;575.1;56730;781.1970754716981;799.5970754716981;Line 201;0;20.0249062058549
-24.039106716;-46.853885245;587.1;56700;780.7839622641509;799.1839622641509;Line 201;0;20.0249062058549
-24.038853487;-46.853780614;597.4;56670;780.3708490566038;798.7708490566038;Line 201;0;20.0249062058549
-24.038600258;-46.853675984;606.5;56640;779.9577358490567;798.3577358490567;Line 201;0;20.0249062058549
-24.038347029;-46.853571354;614.3;56610;779.5446226415094;797.9446226415093;Line 201;0;20.0249062058549
-24.0380938;-46.853466725;626.3;56580;779.1315094339623;797.5315094339622;Line 201;0;20.0249062058549
-24.03784057;-46.853362096;639.4;56550;778.718396226415;797.118396226415;Line 201;0;20.0249062058549
-24.037587341;-46.853257467;654.9;56520;778.305283018868;796.7052830188679;Line 201;0;20.0249062058549
-24.037334111;-46.853152839;665.2;56490;777.8921698113207;796.2921698113207;Line 201;0;20.0249062058549
-24.037080881;-46.853048211;671.9;56460;777.4790566037735;795.8790566037735;Line 201;0;20.0249062058549
-24.036827652;-46.852943584;677.8;56430;777.0659433962264;795.4659433962264;Line 201;0;20.0249062058549
-24.036574422;-46.852838958;682.7;56400;776.6528301886792;795.0528301886792;Line 201;0;20.0249062058549
-24.036321192;-46.852734331;686.7;56370;776.2397169811321;794.6397169811321;Line 201;0;20.0249062058549
-24.036067961;-46.852629705;690.7;56340;775.8266037735849;794.2266037735849;Line 201;0;20.0249062058549
-24.035814731;-46.85252508;694.6;56310;775.4134905660377;793.8134905660377;Line 201;0;20.0249062058549
-24.035561501;-46.852420455;697.9;56280;775.0003773584906;793.4003773584906;Line 201;0;20.0249062058549
-24.03530827;-46.85231583;701.1;56250;774.5872641509434;792.9872641509434;Line 201;0;20.0249062058549
-24.03505504;-46.852211206;704.3;56220;774.1741509433963;792.5741509433963;Line 201;0;20.0249062058549
-24.034801809;-46.852106583;706.0;56190;773.7610377358491;792.161037735849;Line 201;0;20.0249062058549
-24.034548578;-46.852001959;707.7;56160;773.3479245283019;791.7479245283018;Line 201;0;20.0249062058549
-24.034295347;-46.851897337;709.9;56130;772.9348113207546;791.3348113207546;Line 201;0;20.0249062058549
-24.034042116;-46.851792714;711.4;56100;772.5216981132075;790.9216981132075;Line 201;0;20.0249062058549
-24.033788885;-46.851688092;711.9;56070;772.1085849056605;790.5085849056604;Line 201;0;20.0249062058549
-24.033535654;-46.851583471;711.1;56040;771.6954716981132;790.0954716981132;Line 201;0;20.0249062058549
-24.033282423;-46.85147885;710.0;56010;771.282358490566;789.682358490566;Line 201;0;20.0249062058549
-24.033029191;-46.851374229;706.6;55980;770.8692452830188;789.2692452830188;Line 201;0;20.0249062058549
-24.03277596;-46.851269609;703.9;55950;770.4561320754717;788.8561320754717;Line 201;0;20.0249062058549
-24.032522728;-46.85116499;701.9;55920;770.0430188679245;788.4430188679245;Line 201;0;20.0249062058549
-24.032269496;-46.85106037;698.1;55890;769.6299056603774;788.0299056603774;Line 201;0;20.0249062058549
-24.032016265;-46.850955752;695.0;55860;769.2167924528302;787.6167924528302;Line 201;0;20.0249062058549
-24.031763033;-46.850851133;692.8;55830;768.803679245283;787.203679245283;Line 201;0;20.0249062058549
-24.031509801;-46.850746515;694.1;55800;768.3905660377359;786.7905660377359;Line 201;0;20.0249062058549
-24.031256568;-46.850641898;696.3;55770;767.9774528301887;786.3774528301886;Line 201;0;20.0249062058549
-24.031003336;-46.850537281;697.3;55740;767.5643396226416;785.9643396226415;Line 201;0;20.0249062058549
-24.030750104;-46.850432664;696.3;55710;767.1512264150942;785.5512264150942;Line 201;0;20.0249062058549
-24.030496871;-46.850328048;692.1;55680;766.7381132075471;785.1381132075471;Line 201;0;20.0249062058549
-24.030243639;-46.850223432;686.5;55650;766.325;784.725;Line 201;0;20.0249062058549
-24.029990406;-46.850118817;679.4;55620;765.9118867924528;784.3118867924528;Line 201;0;20.0249062058549
-24.029737173;-46.850014202;673.0;55590;765.4987735849057;783.8987735849057;Line 201;0;20.0249062058549
-24.02948394;-46.849909588;666.8;55560;765.0856603773584;783.4856603773584;Line 201;0;20.0249062058549
-24.029230707;-46.849804974;659.7;55530;764.6725471698113;783.0725471698113;Line 201;0;20.0249062058549
-24.028977474;-46.84970036;648.8;55500;764.2594339622641;782.6594339622641;Line 201;0;20.0249062058549
-24.028724241;-46.849595747;636.3;55470;763.846320754717;782.246320754717;Line 201;0;20.0249062058549
-24.028471008;-46.849491135;623.2;55440;763.4332075471699;781.8332075471699;Line 201;0;20.0249062058549
-24.028217774;-46.849386522;614.2;55410;763.0200943396226;781.4200943396226;Line 201;0;20.0249062058549
-24.027964541;-46.849281911;610.6;55380;762.6069811320755;781.0069811320755;Line 201;0;20.0249062058549
-24.027711307;-46.849177299;606.9;55350;762.1938679245283;780.5938679245282;Line 201;0;20.0249062058549
-24.027458074;-46.849072688;608.9;55320;761.7807547169812;780.1807547169811;Line 201;0;20.0249062058549
-24.02720484;-46.848968078;618.8;55290;761.367641509434;779.7676415094339;Line 201;0;20.0249062058549
-24.026951606;-46.848863468;630.3;55260;760.9545283018867;779.3545283018867;Line 201;0;20.0249062058549
-24.026698372;-46.848758859;643.4;55230;760.5414150943396;778.9414150943396;Line 201;0;20.0249062058549
-24.026445138;-46.848654249;656.4;55200;760.1283018867924;778.5283018867924;Line 201;0;20.0249062058549
-24.026191903;-46.848549641;668.3;55170;759.7151886792453;778.1151886792453;Line 201;0;20.0249062058549
-24.025938669;-46.848445033;679.0;55140;759.3020754716981;777.7020754716981;Line 201;0;20.0249062058549
-24.025685435;-46.848340425;682.7;55110;758.8889622641509;777.2889622641509;Line 201;0;20.0249062058549
-24.0254322;-46.848235817;681.1;55080;758.4758490566038;776.8758490566038;Line 201;0;20.0249062058549
-24.025178965;-46.848131211;680.2;55050;758.0627358490566;776.4627358490566;Line 201;0;20.0249062058549
-24.024925731;-46.848026604;679.6;55020;757.6496226415095;776.0496226415095;Line 201;0;20.0249062058549
-24.024672496;-46.847921998;678.3;54990;757.2365094339623;775.6365094339623;Line 201;0;20.0249062058549
-24.024419261;-46.847817392;676.8;54960;756.8233962264151;775.223396226415;Line 201;0;20.0249062058549
-24.024166026;-46.847712787;675.2;54930;756.4102830188679;774.8102830188678;Line 201;0;20.0249062058549
-24.023912791;-46.847608183;673.5;54900;755.9971698113208;774.3971698113207;Line 201;0;20.0249062058549
-24.023659555;-46.847503578;671.5;54870;755.5840566037737;773.9840566037736;Line 201;0;20.0249062058549
-24.02340632;-46.847398975;670.8;54840;755.1709433962264;773.5709433962264;Line 201;0;20.0249062058549
-24.023153084;-46.847294371;670.0;54810;754.7578301886792;773.1578301886792;Line 201;0;20.0249062058549
-24.022899849;-46.847189768;668.7;54780;754.344716981132;772.744716981132;Line 201;0;20.0249062058549
-24.022646613;-46.847085166;667.0;54750;753.9316037735849;772.3316037735849;Line 201;0;20.0249062058549
-24.022393377;-46.846980564;668.0;54720;753.5184905660377;771.9184905660377;Line 201;0;20.0249062058549
-24.022140141;-46.846875962;673.1;54690;753.1053773584906;771.5053773584906;Line 201;0;20.0249062058549
-24.021886905;-46.846771361;678.2;54660;752.6922641509434;771.0922641509434;Line 201;0;20.0249062058549
-24.021633669;-46.84666676;683.2;54630;752.2791509433962;770.6791509433962;Line 201;0;20.0249062058549
-24.021380433;-46.84656216;684.0;54600;751.8660377358491;770.2660377358491;Line 201;0;20.0249062058549
-24.021127197;-46.84645756;685.0;54570;751.4529245283019;769.8529245283019;Line 201;0;20.0249062058549
-24.02087396;-46.846352961;686.0;54540;751.0398113207548;769.4398113207548;Line 201;0;20.0249062058549
-24.020620724;-46.846248362;677.7;54510;750.6266981132075;769.0266981132074;Line 201;0;20.0249062058549
-24.020367487;-46.846143763;668.5;54480;750.2135849056604;768.6135849056603;Line 201;0;20.0249062058549
-24.02011425;-46.846039165;660.3;54450;749.8004716981133;768.2004716981132;Line 201;0;20.0249062058549
-24.019861014;-46.845934568;654.5;54420;749.387358490566;767.787358490566;Line 201;0;20.0249062058549
-24.019607777;-46.84582997;649.1;54390;748.974245283019;767.3742452830189;Line 201;0;20.0249062058549
-24.01935454;-46.845725374;643.2;54360;748.5611320754716;766.9611320754716;Line 201;0;20.0249062058549
-24.019101302;-46.845620777;639.4;54330;748.1480188679245;766.5480188679245;Line 201;0;20.0249062058549
-24.018848065;-46.845516181;640.8;54300;747.7349056603773;766.1349056603773;Line 201;0;20.0249062058549
-24.018594828;-46.845411586;640.1;54270;747.3217924528302;765.7217924528302;Line 201;0;20.0249062058549
-24.01834159;-46.845306991;637.2;54240;746.9086792452831;765.3086792452831;Line 201;0;20.0249062058549
-24.018088353;-46.845202396;634.8;54210;746.4955660377358;764.8955660377358;Line 201;0;20.0249062058549
-24.017835115;-46.845097802;633.5;54180;746.0824528301887;764.4824528301887;Line 201;0;20.0249062058549
-24.017581877;-46.844993209;633.4;54150;745.6693396226415;764.0693396226415;Line 201;0;20.0249062058549
-24.017328639;-46.844888615;638.2;54120;745.2562264150944;763.6562264150944;Line 201;0;20.0249062058549
-24.017075401;-46.844784023;645.2;54090;744.8431132075472;763.2431132075471;Line 201;0;20.0249062058549
-24.016822163;-46.84467943;652.9;54060;744.43;762.8299999999999;Line 201;0;20.0249062058549
-24.016568925;-46.844574838;660.6;54030;744.0168867924529;762.4168867924528;Line 201;0;20.0249062058549
-24.016315687;-46.844470247;667.8;54000;743.6037735849056;762.0037735849056;Line 201;0;20.0249062058549
-24.016062448;-46.844365656;675.2;53970;743.1906603773585;761.5906603773585;Line 201;0;20.0249062058549
-24.01580921;-46.844261065;682.3;53940;742.7775471698113;761.1775471698113;Line 201;0;20.0249062058549
-24.015555971;-46.844156475;684.3;53910;742.3644339622641;760.7644339622641;Line 201;0;20.0249062058549
-24.015302732;-46.844051885;685.2;53880;741.9513207547169;760.3513207547169;Line 201;0;20.0249062058549
-24.015049494;-46.843947296;686.0;53850;741.5382075471698;759.9382075471698;Line 201;0;20.0249062058549
-24.014796255;-46.843842707;683.8;53820;741.1250943396227;759.5250943396227;Line 201;0;20.0249062058549
-24.014543016;-46.843738119;681.4;53790;740.7119811320755;759.1119811320755;Line 201;0;20.0249062058549
-24.014289776;-46.843633531;679.5;53760;740.2988679245283;758.6988679245283;Line 201;0;20.0249062058549
-24.014036537;-46.843528944;678.0;53730;739.8857547169811;758.285754716981;Line 201;0;20.0249062058549
-24.013783298;-46.843424356;676.4;53700;739.472641509434;757.872641509434;Line 201;0;20.0249062058549
-24.013530058;-46.84331977;674.5;53670;739.0595283018868;757.4595283018867;Line 201;0;20.0249062058549
-24.013276819;-46.843215184;671.8;53640;738.6464150943397;757.0464150943396;Line 201;0;20.0249062058549
-24.013023579;-46.843110598;670.4;53610;738.2333018867924;756.6333018867924;Line 201;0;20.0249062058549
-24.012770339;-46.843006013;669.3;53580;737.8201886792452;756.2201886792452;Line 201;0;20.0249062058549
-24.012517099;-46.842901428;668.4;53550;737.4070754716981;755.8070754716981;Line 201;0;20.0249062058549
-24.012263859;-46.842796843;670.3;53520;736.9939622641509;755.3939622641509;Line 201;0;20.0249062058549
-24.012010619;-46.842692259;673.5;53490;736.5808490566038;754.9808490566038;Line 201;0;20.0249062058549
-24.011757379;-46.842587676;677.7;53460;736.1677358490566;754.5677358490566;Line 201;0;20.0249062058549
-24.011504139;-46.842483093;680.1;53430;735.7546226415094;754.1546226415094;Line 201;0;20.0249062058549
-24.011250899;-46.84237851;679.0;53400;735.3415094339623;753.7415094339623;Line 201;0;20.0249062058549
-24.010997658;-46.842273928;677.3;53370;734.9283962264151;753.3283962264151;Line 201;0;20.0249062058549
-24.010744417;-46.842169346;675.6;53340;734.515283018868;752.915283018868;Line 201;0;20.0249062058549
-24.010491177;-46.842064765;673.8;53310;734.1021698113207;752.5021698113206;Line 201;0;20.0249062058549
-24.010237936;-46.841960184;670.9;53280;733.6890566037736;752.0890566037735;Line 201;0;20.0249062058549
-24.009984695;-46.841855603;666.4;53250;733.2759433962265;751.6759433962264;Line 201;0;20.0249062058549
-24.009731454;-46.841751023;651.0;53220;732.8628301886793;751.2628301886792;Line 201;0;20.0249062058549
-24.009478213;-46.841646444;633.9;53190;732.4497169811322;750.8497169811321;Line 201;0;20.0249062058549
-24.009224972;-46.841541865;615.7;53160;732.0366037735848;750.4366037735848;Line 201;0;20.0249062058549
-24.00897173;-46.841437286;596.4;53130;731.6234905660377;750.0234905660377;Line 201;0;20.0249062058549
-24.008718489;-46.841332708;576.2;53100;731.2103773584905;749.6103773584905;Line 201;0;20.0249062058549
-24.008465247;-46.84122813;555.4;53070;730.7972641509434;749.1972641509434;Line 201;0;20.0249062058549
-24.008212006;-46.841123553;536.3;53040;730.3841509433963;748.7841509433963;Line 201;0;20.0249062058549
-24.007958764;-46.841018976;519.4;53010;729.971037735849;748.371037735849;Line 201;0;20.0249062058549
-24.007705522;-46.840914399;502.1;52980;729.5579245283019;747.9579245283019;Line 201;0;20.0249062058549
-24.00745228;-46.840809823;484.2;52950;729.1448113207547;747.5448113207547;Line 201;0;20.0249062058549
-24.007199038;-46.840705248;466.9;52920;728.7316981132076;747.1316981132076;Line 201;0;20.0249062058549
-24.006945796;-46.840600672;452.0;52890;728.3185849056604;746.7185849056604;Line 201;0;20.0249062058549
-24.006692554;-46.840496098;439.5;52860;727.9054716981132;746.3054716981131;Line 201;0;20.0249062058549
-24.006439311;-46.840391523;442.3;52830;727.4923584905661;745.892358490566;Line 201;0;20.0249062058549
-24.006186069;-46.840286949;451.4;52800;727.0792452830188;745.4792452830188;Line 201;0;20.0249062058549
-24.005932826;-46.840182376;465.3;52770;726.6661320754718;745.0661320754717;Line 201;0;20.0249062058549
-24.005679583;-46.840077803;490.6;52740;726.2530188679245;744.6530188679245;Line 201;0;20.0249062058549
-24.005426341;-46.839973231;521.4;52710;725.8399056603773;744.2399056603773;Line 201;0;20.0249062058549
-24.005173098;-46.839868659;549.9;52680;725.4267924528301;743.8267924528301;Line 201;0;20.0249062058549
-24.004919855;-46.839764087;576.6;52650;725.013679245283;743.413679245283;Line 201;0;20.0249062058549
-24.004666612;-46.839659516;601.1;52620;724.6005660377359;743.0005660377359;Line 201;0;20.0249062058549
-24.004413368;-46.839554945;624.5;52590;724.1874528301887;742.5874528301887;Line 201;0;20.0249062058549
-24.004160125;-46.839450375;646.6;52560;723.7743396226415;742.1743396226415;Line 201;0;20.0249062058549
-24.003906882;-46.839345805;658.7;52530;723.3612264150943;741.7612264150943;Line 201;0;20.0249062058549
-24.003653638;-46.839241235;670.9;52500;722.9481132075472;741.3481132075472;Line 201;0;20.0249062058549
-24.003400394;-46.839136666;683.0;52470;722.535;740.935;Line 201;0;20.0249062058549
-24.003147151;-46.839032098;687.7;52440;722.1218867924529;740.5218867924528;Line 201;0;20.0249062058549
-24.002893907;-46.83892753;689.8;52410;721.7087735849057;740.1087735849056;Line 201;0;20.0249062058549
-24.002640663;-46.838822962;691.9;52380;721.2956603773584;739.6956603773584;Line 201;0;20.0249062058549
-24.002387419;-46.838718395;695.5;52350;720.8825471698113;739.2825471698113;Line 201;0;20.0249062058549
-24.002134175;-46.838613828;700.5;52320;720.4694339622641;738.8694339622641;Line 201;0;20.0249062058549
-24.001880931;-46.838509261;704.5;52290;720.056320754717;738.456320754717;Line 201;0;20.0249062058549
-24.001627686;-46.838404696;707.7;52260;719.6432075471698;738.0432075471698;Line 201;0;20.0249062058549
-24.001374442;-46.83830013;710.4;52230;719.2300943396226;737.6300943396226;Line 201;0;20.0249062058549
-24.001121197;-46.838195565;712.8;52200;718.8169811320755;737.2169811320755;Line 201;0;20.0249062058549
-24.000867952;-46.838091;715.3;52170;718.4038679245283;736.8038679245283;Line 201;0;20.0249062058549
-24.000614708;-46.837986436;718.1;52140;717.9907547169812;736.3907547169812;Line 201;0;20.0249062058549
-24.000361463;-46.837881873;721.8;52110;717.5776415094339;735.9776415094339;Line 201;0;20.0249062058549
-24.000108218;-46.837777309;726.3;52080;717.1645283018868;735.5645283018868;Line 201;0;20.0249062058549
-23.999854973;-46.837672746;728.2;52050;716.7514150943397;735.1514150943397;Line 201;0;20.0249062058549
-23.999601728;-46.837568184;728.0;52020;716.3383018867925;734.7383018867924;Line 201;0;20.0249062058549
-23.999348482;-46.837463622;727.9;51990;715.9251886792454;734.3251886792453;Line 201;0;20.0249062058549
-23.999095237;-46.837359061;726.4;51960;715.512075471698;733.912075471698;Line 201;0;20.0249062058549
-23.998841991;-46.837254499;722.4;51930;715.0989622641509;733.4989622641509;Line 201;0;20.0249062058549
-23.998588746;-46.837149939;718.6;51900;714.6858490566037;733.0858490566037;Line 201;0;20.0249062058549
-23.9983355;-46.837045379;715.0;51870;714.2727358490566;732.6727358490566;Line 201;0;20.0249062058549
-23.998082254;-46.836940819;713.0;51840;713.8596226415095;732.2596226415095;Line 201;0;20.0249062058549
-23.997829008;-46.83683626;710.4;51810;713.4465094339622;731.8465094339622;Line 201;0;20.0249062058549
-23.997575762;-46.836731701;707.3;51780;713.0333962264151;731.4333962264151;Line 201;0;20.0249062058549
-23.997322516;-46.836627142;705.9;51750;712.6202830188679;731.0202830188679;Line 201;0;20.0249062058549
-23.99706927;-46.836522584;706.2;51720;712.2071698113208;730.6071698113208;Line 201;0;20.0249062058549
-23.996816024;-46.836418027;705.7;51690;711.7940566037736;730.1940566037736;Line 201;0;20.0249062058549
-23.996562777;-46.83631347;705.3;51660;711.3809433962264;729.7809433962263;Line 201;0;20.0249062058549
-23.996309531;-46.836208913;705.6;51630;710.9678301886793;729.3678301886792;Line 201;0;20.0249062058549
-23.996056284;-46.836104357;705.7;51600;710.5547169811321;728.954716981132;Line 201;0;20.0249062058549
-23.995803037;-46.835999801;705.4;51570;710.141603773585;728.5416037735849;Line 201;0;20.0249062058549
-23.99554979;-46.835895246;706.1;51540;709.7284905660377;728.1284905660377;Line 201;0;20.0249062058549
-23.995296543;-46.835790691;706.6;51510;709.3153773584905;727.7153773584905;Line 201;0;20.0249062058549
-23.995043296;-46.835686136;706.5;51480;708.9022641509433;727.3022641509433;Line 201;0;20.0249062058549
-23.994790049;-46.835581582;703.9;51450;708.4891509433962;726.8891509433962;Line 201;0;20.0249062058549
-23.994536802;-46.835477028;701.0;51420;708.0760377358491;726.4760377358491;Line 201;0;20.0249062058549
-23.994283554;-46.835372475;698.1;51390;707.6629245283019;726.0629245283019;Line 201;0;20.0249062058549
-23.994030307;-46.835267923;699.3;51360;707.2498113207547;725.6498113207547;Line 201;0;20.0249062058549
-23.993777059;-46.83516337;704.7;51330;706.8366981132075;725.2366981132075;Line 201;0;20.0249062058549
-23.993523812;-46.835058818;711.0;51300;706.4235849056604;724.8235849056604;Line 201;0;20.0249062058549
-23.993270564;-46.834954267;716.7;51270;706.0104716981132;724.4104716981132;Line 201;0;20.0249062058549
-23.993017316;-46.834849716;719.1;51240;705.5973584905661;723.9973584905661;Line 201;0;20.0249062058549
-23.992764068;-46.834745166;721.1;51210;705.1842452830189;723.5842452830188;Line 201;0;20.0249062058549
-23.99251082;-46.834640616;722.8;51180;704.7711320754717;723.1711320754716;Line 201;0;20.0249062058549
-23.992257572;-46.834536066;725.0;51150;704.3580188679246;722.7580188679245;Line 201;1;20.0249062058549
-23.992004323;-46.834431517;727.6;51120;703.9449056603773;722.3449056603773;Line 201;1;20.0249062058549
-23.991751075;-46.834326968;730.3;51090;703.5317924528302;721.9317924528302;Line 201;1;20.0249062058549
-23.991497826;-46.83422242;733.0;51060;703.1186792452829;721.5186792452829;Line 201;1;20.0249062058549
-23.991244578;-46.834117872;736.0;51030;702.7055660377358;721.1055660377358;Line 201;1;20.0249062058549
-23.990991329;-46.834013324;738.7;51000;702.2924528301887;720.6924528301887;Line 201;1;20.0249062058549
-23.99073808;-46.833908777;739.3;50970;701.8793396226415;720.2793396226415;Line 201;1;20.0249062058549
-23.990484831;-46.833804231;736.2;50940;701.4662264150944;719.8662264150944;Line 201;1;20.0249062058549
-23.990231582;-46.833699685;732.4;50910;701.0531132075471;719.4531132075471;Line 201;1;20.0249062058549
-23.989978333;-46.833595139;728.2;50880;700.64;719.04;Line 201;1;20.0249062058549
-23.989725084;-46.833490594;729.3;50850;700.2268867924528;718.6268867924528;Line 201;1;20.0249062058549
-23.989471834;-46.833386049;731.7;50820;699.8137735849057;718.2137735849057;Line 201;1;20.0249062058549
-23.989218585;-46.833281505;735.6;50790;699.4006603773586;717.8006603773586;Line 201;1;20.0249062058549
-23.988965335;-46.833176961;736.7;50760;698.9875471698113;717.3875471698112;Line 201;1;20.0249062058549
-23.988712086;-46.833072417;736.5;50730;698.5744339622642;716.9744339622641;Line 201;1;20.0249062058549
-23.988458836;-46.832967874;735.9;50700;698.1613207547169;716.5613207547169;Line 201;1;20.0249062058549
-23.988205586;-46.832863331;733.5;50670;697.7482075471698;716.1482075471698;Line 201;1;20.0249062058549
-23.987952336;-46.832758789;729.2;50640;697.3350943396226;715.7350943396226;Line 201;1;20.0249062058549
-23.987699086;-46.832654248;724.5;50610;696.9219811320754;715.3219811320754;Line 201;1;20.0249062058549
-23.987445836;-46.832549706;720.1;50580;696.5088679245283;714.9088679245283;Line 201;1;20.0249062058549
-23.987192586;-46.832445165;719.2;50550;696.0957547169811;714.4957547169811;Line 201;1;20.0249062058549
-23.986939335;-46.832340625;719.3;50520;695.682641509434;714.082641509434;Line 201;1;20.0249062058549
-23.986686085;-46.832236085;719.9;50490;695.2695283018868;713.6695283018868;Line 201;1;20.0249062058549
-23.986432834;-46.832131546;722.2;50460;694.8564150943396;713.2564150943396;Line 201;1;20.0249062058549
-23.986179583;-46.832027007;725.4;50430;694.4433018867925;712.8433018867925;Line 201;1;20.0249062058549
-23.985926333;-46.831922468;729.4;50400;694.0301886792453;712.4301886792452;Line 201;1;20.0249062058549
-23.985673082;-46.83181793;731.9;50370;693.6170754716982;712.0170754716981;Line 201;1;20.0249062058549
-23.985419831;-46.831713392;733.4;50340;693.203962264151;711.6039622641509;Line 201;1;20.0249062058549
-23.985166579;-46.831608855;733.0;50310;692.7908490566037;711.1908490566037;Line 201;1;20.0249062058549
-23.984913328;-46.831504318;729.8;50280;692.3777358490565;710.7777358490565;Line 201;1;20.0249062058549
-23.984660077;-46.831399781;724.8;50250;691.9646226415094;710.3646226415094;Line 201;1;20.0249062058549
-23.984406825;-46.831295245;720.2;50220;691.5515094339623;709.9515094339623;Line 201;1;20.0249062058549
-23.984153574;-46.83119071;716.2;50190;691.1383962264151;709.5383962264151;Line 201;1;20.0249062058549
-23.983900322;-46.831086175;714.7;50160;690.7252830188679;709.1252830188679;Line 201;1;20.0249062058549
-23.98364707;-46.83098164;713.3;50130;690.3121698113207;708.7121698113207;Line 201;1;20.0249062058549
-23.983393819;-46.830877106;712.2;50100;689.8990566037736;708.2990566037736;Line 201;1;20.0249062058549
-23.983140567;-46.830772572;713.6;50070;689.4859433962264;707.8859433962264;Line 201;1;20.0249062058549
-23.982887315;-46.830668038;714.8;50040;689.0728301886793;707.4728301886793;Line 201;1;20.0249062058549
-23.982634062;-46.830563506;714.7;50010;688.6597169811321;707.059716981132;Line 201;1;20.0249062058549
-23.98238081;-46.830458973;714.9;49980;688.2466037735849;706.6466037735848;Line 201;1;20.0249062058549
-23.982127558;-46.830354441;716.1;49950;687.8334905660378;706.2334905660377;Line 201;1;20.0249062058549
-23.981874305;-46.830249909;716.5;49920;687.4203773584906;705.8203773584905;Line 201;1;20.0249062058549
-23.981621053;-46.830145378;716.6;49890;687.0072641509435;705.4072641509434;Line 201;1;20.0249062058549
-23.9813678;-46.830040847;719.6;49860;686.5941509433961;704.9941509433961;Line 201;1;20.0249062058549
-23.981114547;-46.829936317;724.4;49830;686.181037735849;704.581037735849;Line 201;1;20.0249062058549
-23.980861294;-46.829831787;729.7;49800;685.7679245283019;704.1679245283019;Line 201;1;20.0249062058549
-23.980608041;-46.829727258;732.8;49770;685.3548113207547;703.7548113207547;Line 201;1;20.0249062058549
-23.980354788;-46.829622729;735.2;49740;684.9416981132076;703.3416981132076;Line 201;1;20.0249062058549
-23.980101535;-46.8295182;737.2;49710;684.5285849056603;702.9285849056603;Line 201;1;20.0249062058549
-23.979848282;-46.829413672;736.9;49680;684.1154716981132;702.5154716981132;Line 201;1;20.0249062058549
-23.979595028;-46.829309145;734.5;49650;683.702358490566;702.102358490566;Line 201;1;20.0249062058549
-23.979341775;-46.829204617;731.1;49620;683.2892452830189;701.6892452830189;Line 201;1;20.0249062058549
-23.979088521;-46.829100091;726.9;49590;682.8761320754718;701.2761320754718;Line 201;1;20.0249062058549
-23.978835267;-46.828995564;722.5;49560;682.4630188679245;700.8630188679244;Line 201;1;20.0249062058549
-23.978582014;-46.828891038;718.7;49530;682.0499056603774;700.4499056603773;Line 201;1;20.0249062058549
-23.97832876;-46.828786513;715.8;49500;681.6367924528302;700.0367924528301;Line 201;1;20.0249062058549
-23.978075506;-46.828681988;719.8;49470;681.223679245283;699.623679245283;Line 201;1;20.0249062058549
-23.977822252;-46.828577463;724.2;49440;680.8105660377358;699.2105660377358;Line 201;1;20.0249062058549
-23.977568997;-46.828472939;729.3;49410;680.3974528301886;698.7974528301886;Line 201;1;20.0249062058549
-23.977315743;-46.828368416;730.3;49380;679.9843396226415;698.3843396226415;Line 201;1;20.0249062058549
-23.977062488;-46.828263892;728.2;49350;679.5712264150943;697.9712264150943;Line 201;1;20.0249062058549
-23.976809234;-46.82815937;725.2;49320;679.1581132075472;697.5581132075472;Line 201;1;20.0249062058549
-23.976555979;-46.828054847;721.7;49290;678.745;697.145;Line 201;1;20.0249062058549
-23.976302724;-46.827950325;719.1;49260;678.3318867924528;696.7318867924528;Line 201;1;20.0249062058549
-23.97604947;-46.827845804;717.5;49230;677.9187735849057;696.3187735849057;Line 201;1;20.0249062058549
-23.975796215;-46.827741283;717.5;49200;677.5056603773585;695.9056603773585;Line 201;1;20.0249062058549
-23.97554296;-46.827636762;722.0;49170;677.0925471698114;695.4925471698114;Line 201;1;20.0249062058549
-23.975289704;-46.827532242;727.5;49140;676.6794339622642;695.0794339622641;Line 201;1;20.0249062058549
-23.975036449;-46.827427722;734.0;49110;676.266320754717;694.6663207547169;Line 201;1;20.0249062058549
-23.974783194;-46.827323203;736.9;49080;675.8532075471697;694.2532075471697;Line 201;1;20.0249062058549
-23.974529938;-46.827218684;739.3;49050;675.4400943396226;693.8400943396226;Line 201;1;20.0249062058549
-23.974276683;-46.827114166;742.0;49020;675.0269811320755;693.4269811320755;Line 201;1;20.0249062058549
-23.974023427;-46.827009648;743.2;48990;674.6138679245283;693.0138679245283;Line 201;1;20.0249062058549
-23.973770171;-46.82690513;743.1;48960;674.2007547169811;692.6007547169811;Line 201;1;20.0249062058549
-23.973516915;-46.826800613;742.8;48930;673.7876415094339;692.1876415094339;Line 201;1;20.0249062058549
-23.973263659;-46.826696096;744.9;48900;673.3745283018868;691.7745283018868;Line 201;1;20.0249062058549
-23.973010403;-46.82659158;753.3;48870;672.9614150943396;691.3614150943396;Line 201;1;20.0249062058549
-23.972757147;-46.826487064;760.5;48840;672.5483018867925;690.9483018867925;Line 201;1;20.0249062058549
-23.972503891;-46.826382549;766.5;48810;672.1351886792453;690.5351886792453;Line 201;1;20.0249062058549
-23.972250634;-46.826278034;762.5;48780;671.7220754716981;690.122075471698;Line 201;1;20.0249062058549
-23.971997378;-46.826173519;757.7;48750;671.308962264151;689.708962264151;Line 201;1;20.0249062058549
-23.971744121;-46.826069005;752.0;48720;670.8958490566038;689.2958490566037;Line 201;1;20.0249062058549
-23.971490864;-46.825964492;747.3;48690;670.4827358490567;688.8827358490566;Line 201;1;20.0249062058549
-23.971237607;-46.825859979;744.2;48660;670.0696226415093;688.4696226415093;Line 201;1;20.0249062058549
-23.97098435;-46.825755466;742.7;48630;669.6565094339622;688.0565094339622;Line 201;1;20.0249062058549
-23.970731093;-46.825650954;742.2;48600;669.2433962264151;687.6433962264151;Line 201;1;20.0249062058549
-23.970477836;-46.825546442;743.1;48570;668.8302830188679;687.2302830188679;Line 201;1;20.0249062058549
-23.970224579;-46.82544193;744.1;48540;668.4171698113208;686.8171698113208;Line 201;1;20.0249062058549
-23.969971322;-46.825337419;745.2;48510;668.0040566037735;686.4040566037735;Line 201;1;20.0249062058549
-23.969718064;-46.825232909;746.6;48480;667.5909433962264;685.9909433962264;Line 201;1;20.0249062058549
-23.969464807;-46.825128399;747.5;48450;667.1778301886792;685.5778301886792;Line 201;1;20.0249062058549
-23.969211549;-46.825023889;748.0;48420;666.7647169811321;685.1647169811321;Line 201;1;20.0249062058549
-23.968958291;-46.82491938;750.2;48390;666.351603773585;684.751603773585;Line 201;1;20.0249062058549
-23.968705033;-46.824814871;753.8;48360;665.9384905660377;684.3384905660376;Line 201;1;20.0249062058549
-23.968451775;-46.824710363;758.6;48330;665.5253773584906;683.9253773584906;Line 201;1;20.0249062058549
-23.968198517;-46.824605855;763.2;48300;665.1122641509434;683.5122641509433;Line 201;1;20.0249062058549
-23.967945259;-46.824501348;766.8;48270;664.6991509433963;683.0991509433962;Line 201;1;20.0249062058549
-23.967692001;-46.824396841;770.3;48240;664.286037735849;682.686037735849;Line 201;1;20.0249062058549
-23.967438742;-46.824292334;774.1;48210;663.8729245283018;682.2729245283018;Line 201;1;20.0249062058549
-23.967185484;-46.824187828;778.4;48180;663.4598113207547;681.8598113207547;Line 201;1;20.0249062058549
-23.966932225;-46.824083322;778.4;48150;663.0466981132075;681.4466981132075;Line 201;1;20.0249062058549
-23.966678966;-46.823978817;776.8;48120;662.6335849056604;681.0335849056604;Line 201;1;20.0249062058549
-23.966425708;-46.823874312;772.6;48090;662.2204716981132;680.6204716981132;Line 201;1;20.0249062058549
-23.966172449;-46.823769808;768.4;48060;661.807358490566;680.207358490566;Line 201;1;20.0249062058549
-23.96591919;-46.823665304;764.2;48030;661.3942452830188;679.7942452830188;Line 201;1;20.0249062058549
-23.96566593;-46.8235608;762.7;48000;660.9811320754717;679.3811320754717;Line 201;1;20.0249062058549
-23.965412671;-46.823456297;762.4;47970;660.5680188679246;678.9680188679246;Line 201;1;20.0249062058549
-23.965159412;-46.823351795;762.0;47940;660.1549056603774;678.5549056603774;Line 201;1;20.0249062058549
-23.964906152;-46.823247293;760.5;47910;659.7417924528302;678.1417924528301;Line 201;1;20.0249062058549
-23.964652893;-46.823142791;755.6;47880;659.328679245283;677.7286792452829;Line 201;1;20.0249062058549
-23.964399633;-46.82303829;751.3;47850;658.9155660377359;677.3155660377358;Line 201;1;20.0249062058549
-23.964146374;-46.822933789;747.6;47820;658.5024528301886;676.9024528301886;Line 201;1;20.0249062058549
-23.963893114;-46.822829288;747.7;47790;658.0893396226415;676.4893396226415;Line 201;1;20.0249062058549
-23.963639854;-46.822724788;747.9;47760;657.6762264150943;676.0762264150943;Line 201;1;20.0249062058549
-23.963386594;-46.822620289;748.3;47730;657.2631132075471;675.6631132075471;Line 201;1;20.0249062058549
-23.963133333;-46.82251579;748.8;47700;656.85;675.25;Line 201;1;20.0249062058549
-23.962880073;-46.822411291;751.0;47670;656.4368867924528;674.8368867924528;Line 201;1;20.0249062058549
-23.962626813;-46.822306793;753.4;47640;656.0237735849057;674.4237735849057;Line 201;1;20.0249062058549
-23.962373552;-46.822202295;756.9;47610;655.6106603773585;674.0106603773585;Line 201;1;20.0249062058549
-23.962120292;-46.822097798;761.6;47580;655.1975471698113;673.5975471698113;Line 201;1;20.0249062058549
-23.961867031;-46.821993301;766.0;47550;654.7844339622642;673.1844339622642;Line 201;1;20.0249062058549
-23.96161377;-46.821888804;770.2;47520;654.371320754717;672.771320754717;Line 201;1;20.0249062058549
-23.961360509;-46.821784308;774.2;47490;653.9582075471699;672.3582075471699;Line 201;1;20.0249062058549
-23.961107248;-46.821679813;777.9;47460;653.5450943396226;671.9450943396225;Line 201;1;20.0249062058549
-23.960853987;-46.821575317;781.1;47430;653.1319811320755;671.5319811320754;Line 201;1;20.0249062058549
-23.960600726;-46.821470823;780.8;47400;652.7188679245284;671.1188679245283;Line 201;1;20.0249062058549
-23.960347465;-46.821366328;779.7;47370;652.3057547169811;670.7057547169811;Line 201;1;20.0249062058549
-23.960094203;-46.821261835;778.1;47340;651.892641509434;670.292641509434;Line 201;1;20.0249062058549
-23.959840942;-46.821157341;776.6;47310;651.4795283018867;669.8795283018867;Line 201;1;20.0249062058549
-23.95958768;-46.821052848;775.3;47280;651.0664150943396;669.4664150943396;Line 201;1;20.0249062058549
-23.959334419;-46.820948356;774.0;47250;650.6533018867924;669.0533018867924;Line 201;1;20.0249062058549
-23.959081157;-46.820843864;774.2;47220;650.2401886792453;668.6401886792453;Line 201;1;20.0249062058549
-23.958827895;-46.820739372;777.0;47190;649.8270754716982;668.2270754716982;Line 201;1;20.0249062058549
-23.958574633;-46.820634881;779.6;47160;649.4139622641509;667.8139622641509;Line 201;1;20.0249062058549
-23.958321371;-46.82053039;781.9;47130;649.0008490566038;667.4008490566038;Line 201;1;20.0249062058549
-23.958068108;-46.8204259;783.2;47100;648.5877358490566;666.9877358490565;Line 201;1;20.0249062058549
-23.957814846;-46.82032141;783.9;47070;648.1746226415095;666.5746226415094;Line 201;1;20.0249062058549
-23.957561584;-46.82021692;784.0;47040;647.7615094339623;666.1615094339622;Line 201;1;20.0249062058549
-23.957308321;-46.820112431;783.7;47010;647.348396226415;665.748396226415;Line 201;1;20.0249062058549
-23.957055058;-46.820007943;783.3;46980;646.935283018868;665.3352830188679;Line 201;1;20.0249062058549
-23.956801796;-46.819903455;784.9;46950;646.5221698113207;664.9221698113207;Line 201;1;20.0249062058549
-23.956548533;-46.819798967;786.4;46920;646.1090566037736;664.5090566037736;Line 201;1;20.0249062058549
-23.95629527;-46.81969448;786.3;46890;645.6959433962264;664.0959433962264;Line 201;1;20.0249062058549
-23.956042007;-46.819589993;785.5;46860;645.2828301886792;663.6828301886792;Line 201;1;20.0249062058549
-23.955788743;-46.819485507;784.3;46830;644.869716981132;663.269716981132;Line 201;1;20.0249062058549
-23.95553548;-46.819381021;783.0;46800;644.4566037735849;662.8566037735849;Line 201;1;20.0249062058549
-23.955282217;-46.819276535;780.6;46770;644.0434905660378;662.4434905660378;Line 201;1;20.0249062058549
-23.955028953;-46.81917205;777.3;46740;643.6303773584906;662.0303773584906;Line 201;1;20.0249062058549
-23.95477569;-46.819067566;778.8;46710;643.2172641509434;661.6172641509434;Line 201;1;20.0249062058549
-23.954522426;-46.818963081;779.8;46680;642.8041509433962;661.2041509433961;Line 201;1;20.0249062058549
-23.954269162;-46.818858598;779.9;46650;642.3910377358491;660.791037735849;Line 201;1;20.0249062058549
-23.954015898;-46.818754114;779.7;46620;641.9779245283019;660.3779245283018;Line 201;1;20.0249062058549
-23.953762634;-46.818649631;780.1;46590;641.5648113207548;659.9648113207547;Line 201;1;20.0249062058549
-23.95350937;-46.818545149;780.9;46560;641.1516981132075;659.5516981132075;Line 201;1;20.0249062058549
-23.953256106;-46.818440667;782.0;46530;640.7385849056603;659.1385849056603;Line 201;1;20.0249062058549
-23.953002842;-46.818336185;783.6;46500;640.3254716981132;658.7254716981132;Line 201;1;20.0249062058549
-23.952749577;-46.818231704;786.0;46470;639.912358490566;658.312358490566;Line 201;1;20.0249062058549
-23.952496313;-46.818127224;787.5;46440;639.4992452830189;657.8992452830189;Line 201;1;20.0249062058549
-23.952243048;-46.818022743;784.1;46410;639.0861320754717;657.4861320754717;Line 201;1;20.0249062058549
-23.951989783;-46.817918264;781.1;46380;638.6730188679245;657.0730188679245;Line 201;1;20.0249062058549
-23.951736519;-46.817813784;778.4;46350;638.2599056603774;656.6599056603774;Line 201;1;20.0249062058549
-23.951483254;-46.817709305;774.4;46320;637.8467924528302;656.2467924528302;Line 201;1;20.0249062058549
-23.951229989;-46.817604827;769.9;46290;637.4336792452831;655.8336792452831;Line 201;1;20.0249062058549
-23.950976723;-46.817500349;765.4;46260;637.0205660377358;655.4205660377357;Line 201;1;20.0249062058549
-23.950723458;-46.817395871;763.8;46230;636.6074528301887;655.0074528301886;Line 201;1;20.0249062058549
-23.950470193;-46.817291394;764.2;46200;636.1943396226416;654.5943396226415;Line 201;1;20.0249062058549
-23.950216927;-46.817186917;764.2;46170;635.7812264150944;654.1812264150943;Line 201;1;20.0249062058549
-23.949963662;-46.817082441;764.0;46140;635.3681132075473;653.7681132075472;Line 201;1;20.0249062058549
-23.949710396;-46.816977965;764.2;46110;634.9549999999999;653.3549999999999;Line 201;1;20.0249062058549
-23.94945713;-46.81687349;763.5;46080;634.5418867924528;652.9418867924528;Line 201;1;20.0249062058549
-23.949203864;-46.816769015;762.1;46050;634.1287735849056;652.5287735849056;Line 201;1;20.0249062058549
-23.948950599;-46.81666454;762.8;46020;633.7156603773585;652.1156603773585;Line 201;1;20.0249062058549
-23.948697332;-46.816560066;764.9;45990;633.3025471698114;651.7025471698114;Line 201;1;20.0249062058549
-23.948444066;-46.816455593;766.5;45960;632.8894339622641;651.2894339622641;Line 201;1;20.0249062058549
-23.9481908;-46.816351119;768.4;45930;632.476320754717;650.876320754717;Line 201;1;20.0249062058549
-23.947937534;-46.816246647;770.3;45900;632.0632075471698;650.4632075471698;Line 201;1;20.0249062058549
-23.947684267;-46.816142174;771.7;45870;631.6500943396227;650.0500943396227;Line 201;1;20.0249062058549
-23.947431;-46.816037702;771.6;45840;631.2369811320755;649.6369811320754;Line 201;1;20.0249062058549
-23.947177734;-46.815933231;767.8;45810;630.8238679245283;649.2238679245282;Line 201;1;20.0249062058549
-23.946924467;-46.81582876;763.8;45780;630.4107547169812;648.8107547169811;Line 201;1;20.0249062058549
-23.9466712;-46.815724289;761.6;45750;629.997641509434;648.3976415094339;Line 201;1;20.0249062058549
-23.946417933;-46.815619819;762.8;45720;629.5845283018868;647.9845283018868;Line 201;1;20.0249062058549
-23.946164666;-46.815515349;763.9;45690;629.1714150943396;647.5714150943396;Line 201;1;20.0249062058549
-23.945911399;-46.81541088;764.8;45660;628.7583018867924;647.1583018867924;Line 201;1;20.0249062058549
-23.945658131;-46.815306411;768.1;45630;628.3451886792452;646.7451886792452;Line 201;1;20.0249062058549
-23.945404864;-46.815201943;772.6;45600;627.9320754716981;646.3320754716981;Line 201;1;20.0249062058549
-23.945151596;-46.815097475;777.1;45570;627.518962264151;645.918962264151;Line 201;1;20.0249062058549
-23.944898329;-46.814993007;780.9;45540;627.1058490566038;645.5058490566038;Line 201;1;20.0249062058549
-23.944645061;-46.81488854;782.2;45510;626.6927358490566;645.0927358490566;Line 201;1;20.0249062058549
-23.944391793;-46.814784074;783.0;45480;626.2796226415094;644.6796226415094;Line 201;1;20.0249062058549
-23.944138525;-46.814679608;783.0;45450;625.8665094339623;644.2665094339623;Line 201;1;20.0249062058549
-23.943885257;-46.814575142;781.0;45420;625.4533962264151;643.853396226415;Line 201;1;20.0249062058549
-23.943631989;-46.814470676;779.4;45390;625.040283018868;643.440283018868;Line 201;1;20.0249062058549
-23.943378721;-46.814366212;778.2;45360;624.6271698113208;643.0271698113207;Line 201;1;20.0249062058549
-23.943125452;-46.814261747;776.3;45330;624.2140566037735;642.6140566037735;Line 201;1;20.0249062058549
-23.942872184;-46.814157283;774.2;45300;623.8009433962264;642.2009433962264;Line 201;1;20.0249062058549
-23.942618915;-46.81405282;772.1;45270;623.3878301886792;641.7878301886792;Line 201;1;20.0249062058549
-23.942365647;-46.813948356;769.8;45240;622.9747169811321;641.3747169811321;Line 201;1;20.0249062058549
-23.942112378;-46.813843894;767.9;45210;622.5616037735848;640.9616037735848;Line 201;1;20.0249062058549
-23.941859109;-46.813739431;766.4;45180;622.1484905660377;640.5484905660377;Line 201;1;20.0249062058549
-23.94160584;-46.81363497;765.2;45150;621.7353773584906;640.1353773584906;Line 201;1;20.0249062058549
-23.941352571;-46.813530508;763.7;45120;621.3222641509434;639.7222641509434;Line 201;1;20.0249062058549
-23.941099302;-46.813426047;762.7;45090;620.9091509433963;639.3091509433963;Line 201;1;20.0249062058549
-23.940846033;-46.813321587;762.2;45060;620.496037735849;638.896037735849;Line 201;1;20.0249062058549
-23.940592763;-46.813217127;765.0;45030;620.0829245283019;638.4829245283019;Line 201;1;20.0249062058549
-23.940339494;-46.813112667;768.3;45000;619.6698113207547;638.0698113207546;Line 201;1;20.0249062058549
-23.940086224;-46.813008208;772.0;44970;619.2566981132076;637.6566981132075;Line 201;1;20.0249062058549
-23.939832954;-46.812903749;775.7;44940;618.8435849056605;637.2435849056604;Line 201;1;20.0249062058549
-23.939579685;-46.812799291;779.0;44910;618.4304716981131;636.8304716981131;Line 201;1;20.0249062058549
-23.939326415;-46.812694833;782.0;44880;618.017358490566;636.417358490566;Line 201;1;20.0249062058549
-23.939073145;-46.812590376;784.0;44850;617.6042452830188;636.0042452830188;Line 201;1;20.0249062058549
-23.938819874;-46.812485919;783.5;44820;617.1911320754717;635.5911320754717;Line 201;1;20.0249062058549
-23.938566604;-46.812381462;781.7;44790;616.7780188679245;635.1780188679245;Line 201;1;20.0249062058549
-23.938313334;-46.812277006;780.0;44760;616.3649056603773;634.7649056603773;Line 201;1;20.0249062058549
-23.938060064;-46.81217255;780.3;44730;615.9517924528302;634.3517924528302;Line 201;1;20.0249062058549
-23.937806793;-46.812068095;780.3;44700;615.538679245283;633.938679245283;Line 201;1;20.0249062058549
-23.937553522;-46.81196364;779.8;44670;615.1255660377359;633.5255660377359;Line 201;1;20.0249062058549
-23.937300252;-46.811859186;777.0;44640;614.7124528301887;633.1124528301887;Line 201;1;20.0249062058549
-23.937046981;-46.811754732;773.6;44610;614.2993396226415;632.6993396226414;Line 201;1;20.0249062058549
-23.93679371;-46.811650278;770.5;44580;613.8862264150944;632.2862264150943;Line 201;1;20.0249062058549
-23.936540439;-46.811545825;770.8;44550;613.4731132075472;631.8731132075471;Line 201;1;20.0249062058549
-23.936287168;-46.811441373;773.8;44520;613.0600000000001;631.46;Line 201;1;20.0249062058549
-23.936033896;-46.81133692;777.3;44490;612.6468867924528;631.0468867924528;Line 201;1;20.0249062058549
-23.935780625;-46.811232469;780.6;44460;612.2337735849056;630.6337735849056;Line 201;1;20.0249062058549
-23.935527353;-46.811128017;780.9;44430;611.8206603773584;630.2206603773584;Line 201;1;20.0249062058549
-23.935274082;-46.811023567;780.3;44400;611.4075471698113;629.8075471698113;Line 201;1;20.0249062058549
-23.93502081;-46.810919116;779.0;44370;610.9944339622642;629.3944339622642;Line 201;1;20.0249062058549
-23.934767538;-46.810814666;779.1;44340;610.581320754717;628.981320754717;Line 201;1;20.0249062058549
-23.934514267;-46.810710217;779.0;44310;610.1682075471698;628.5682075471698;Line 201;1;20.0249062058549
-23.934260995;-46.810605768;778.4;44280;609.7550943396226;628.1550943396226;Line 201;1;20.0249062058549
-23.934007723;-46.810501319;779.9;44250;609.3419811320755;627.7419811320755;Line 201;1;20.0249062058549
-23.93375445;-46.810396871;783.2;44220;608.9288679245283;627.3288679245283;Line 201;1;20.0249062058549
-23.933501178;-46.810292423;786.8;44190;608.5157547169812;626.9157547169812;Line 201;1;20.0249062058549
-23.933247906;-46.810187975;790.0;44160;608.102641509434;626.5026415094339;Line 201;1;20.0249062058549
-23.932994633;-46.810083529;792.0;44130;607.6895283018868;626.0895283018867;Line 201;1;20.0249062058549
-23.932741361;-46.809979082;794.3;44100;607.2764150943397;625.6764150943396;Line 201;1;20.0249062058549
-23.932488088;-46.809874636;796.7;44070;606.8633018867924;625.2633018867924;Line 201;1;20.0249062058549
-23.932234815;-46.80977019;796.4;44040;606.4501886792453;624.8501886792453;Line 201;1;20.0249062058549
-23.931981542;-46.809665745;796.6;44010;606.037075471698;624.437075471698;Line 201;1;20.0249062058549
-23.931728269;-46.8095613;797.4;43980;605.6239622641509;624.0239622641509;Line 201;1;20.0249062058549
-23.931474996;-46.809456856;798.9;43950;605.2108490566038;623.6108490566038;Line 201;1;20.0249062058549
-23.931221723;-46.809352412;800.1;43920;604.7977358490566;623.1977358490566;Line 201;1;20.0249062058549
-23.930968449;-46.809247969;800.7;43890;604.3846226415095;622.7846226415095;Line 201;1;20.0249062058549
-23.930715176;-46.809143526;798.8;43860;603.9715094339622;622.3715094339622;Line 201;1;20.0249062058549
-23.930461902;-46.809039083;794.8;43830;603.5583962264151;621.9583962264151;Line 201;1;20.0249062058549
-23.930208629;-46.808934641;792.0;43800;603.1452830188679;621.5452830188678;Line 201;1;20.0249062058549
-23.929955355;-46.8088302;790.8;43770;602.7321698113208;621.1321698113208;Line 201;1;20.0249062058549
-23.929702081;-46.808725758;792.4;43740;602.3190566037737;620.7190566037737;Line 201;1;20.0249062058549
-23.929448807;-46.808621318;794.3;43710;601.9059433962263;620.3059433962263;Line 201;1;20.0249062058549
-23.929195533;-46.808516877;796.4;43680;601.4928301886792;619.8928301886792;Line 201;1;20.0249062058549
-23.928942259;-46.808412437;797.2;43650;601.079716981132;619.479716981132;Line 201;1;20.0249062058549
-23.928688985;-46.808307998;796.5;43620;600.6666037735849;619.0666037735849;Line 201;1;20.0249062058549
-23.92843571;-46.808203559;794.6;43590;600.2534905660377;618.6534905660377;Line 201;1;20.0249062058549
-23.928182436;-46.80809912;792.3;43560;599.8403773584905;618.2403773584905;Line 201;1;20.0249062058549
-23.927929161;-46.807994682;789.5;43530;599.4272641509434;617.8272641509434;Line 201;1;20.0249062058549
-23.927675887;-46.807890244;786.2;43500;599.0141509433962;617.4141509433962;Line 201;1;20.0249062058549
-23.927422612;-46.807785807;782.9;43470;598.6010377358491;617.0010377358491;Line 201;1;20.0249062058549
-23.927169337;-46.80768137;780.5;43440;598.1879245283019;616.5879245283019;Line 201;1;20.0249062058549
-23.926916062;-46.807576934;778.1;43410;597.7748113207547;616.1748113207547;Line 201;1;20.0249062058549
-23.926662787;-46.807472498;775.9;43380;597.3616981132076;615.7616981132076;Line 201;1;20.0249062058549
-23.926409512;-46.807368062;774.7;43350;596.9485849056604;615.3485849056603;Line 201;1;20.0249062058549
-23.926156236;-46.807263627;773.4;43320;596.5354716981133;614.9354716981132;Line 201;1;20.0249062058549
-23.925902961;-46.807159193;772.3;43290;596.1223584905661;614.522358490566;Line 201;1;20.0249062058549
-23.925649686;-46.807054758;770.7;43260;595.7092452830188;614.1092452830188;Line 201;1;20.0249062058549
-23.92539641;-46.806950325;768.7;43230;595.2961320754716;613.6961320754716;Line 201;1;20.0249062058549
-23.925143134;-46.806845891;766.6;43200;594.8830188679245;613.2830188679245;Line 201;1;20.0249062058549
-23.924889858;-46.806741458;764.1;43170;594.4699056603774;612.8699056603774;Line 201;1;20.0249062058549
-23.924636583;-46.806637026;761.5;43140;594.0567924528302;612.4567924528302;Line 201;1;20.0249062058549
-23.924383307;-46.806532594;759.1;43110;593.643679245283;612.043679245283;Line 201;1;20.0249062058549
-23.92413003;-46.806428162;757.2;43080;593.2305660377358;611.6305660377358;Line 201;1;20.0249062058549
-23.923876754;-46.806323731;756.7;43050;592.8174528301887;611.2174528301887;Line 201;1;20.0249062058549
-23.923623478;-46.8062193;756.2;43020;592.4043396226415;610.8043396226415;Line 201;1;20.0249062058549
-23.923370201;-46.80611487;755.8;42990;591.9912264150944;610.3912264150944;Line 201;1;20.0249062058549
-23.923116925;-46.80601044;757.6;42960;591.5781132075472;609.9781132075472;Line 201;1;20.0249062058549
-23.922863648;-46.805906011;759.9;42930;591.165;609.5649999999999;Line 201;1;20.0249062058549
-23.922610371;-46.805801582;762.7;42900;590.7518867924529;609.1518867924528;Line 201;1;20.0249062058549
-23.922357095;-46.805697153;770.2;42870;590.3387735849057;608.7387735849056;Line 201;1;20.0249062058549
-23.922103818;-46.805592725;779.2;42840;589.9256603773586;608.3256603773585;Line 201;1;20.0249062058549
-23.921850541;-46.805488298;787.3;42810;589.5125471698112;607.9125471698112;Line 201;1;20.0249062058549
-23.921597263;-46.80538387;793.5;42780;589.0994339622641;607.4994339622641;Line 201;1;20.0249062058549
-23.921343986;-46.805279444;796.4;42750;588.686320754717;607.086320754717;Line 201;1;20.0249062058549
-23.921090709;-46.805175017;798.6;42720;588.2732075471698;606.6732075471698;Line 201;1;20.0249062058549
-23.920837431;-46.805070591;800.1;42690;587.8600943396227;606.2600943396227;Line 201;1;20.0249062058549
-23.920584154;-46.804966166;796.1;42660;587.4469811320754;605.8469811320754;Line 201;1;20.0249062058549
-23.920330876;-46.804861741;791.1;42630;587.0338679245283;605.4338679245283;Line 201;1;20.0249062058549
-23.920077598;-46.804757316;786.2;42600;586.6207547169811;605.0207547169811;Line 201;1;20.0249062058549
-23.91982432;-46.804652892;779.4;42570;586.207641509434;604.607641509434;Line 201;1;20.0249062058549
-23.919571042;-46.804548468;772.4;42540;585.7945283018869;604.1945283018869;Line 201;1;20.0249062058549
-23.919317764;-46.804444045;766.1;42510;585.3814150943396;603.7814150943395;Line 201;1;20.0249062058549
-23.919064486;-46.804339622;763.6;42480;584.9683018867925;603.3683018867924;Line 201;1;20.0249062058549
-23.918811208;-46.8042352;766.0;42450;584.5551886792452;602.9551886792452;Line 201;1;20.0249062058549
-23.91855793;-46.804130778;768.4;42420;584.1420754716981;602.5420754716981;Line 201;1;20.0249062058549
-23.918304651;-46.804026356;769.7;42390;583.7289622641509;602.1289622641509;Line 201;1;20.0249062058549
-23.918051372;-46.803921935;771.2;42360;583.3158490566037;601.7158490566037;Line 201;1;20.0249062058549
-23.917798094;-46.803817515;772.1;42330;582.9027358490566;601.3027358490566;Line 201;1;20.0249062058549
-23.917544815;-46.803713094;772.3;42300;582.4896226415094;600.8896226415094;Line 201;1;20.0249062058549
-23.917291536;-46.803608675;772.6;42270;582.0765094339623;600.4765094339623;Line 201;1;20.0249062058549
-23.917038257;-46.803504255;773.6;42240;581.6633962264151;600.0633962264151;Line 201;1;20.0249062058549
-23.916784978;-46.803399836;775.3;42210;581.2502830188679;599.6502830188679;Line 201;1;20.0249062058549
-23.916531699;-46.803295418;776.3;42180;580.8371698113207;599.2371698113207;Line 201;1;20.0249062058549
-23.916278419;-46.803191;776.4;42150;580.4240566037736;598.8240566037736;Line 201;1;20.0249062058549
-23.91602514;-46.803086582;776.8;42120;580.0109433962265;598.4109433962265;Line 201;1;20.0249062058549
-23.91577186;-46.802982165;776.9;42090;579.5978301886793;597.9978301886792;Line 201;1;20.0249062058549
-23.915518581;-46.802877748;776.5;42060;579.184716981132;597.584716981132;Line 201;1;20.0249062058549
-23.915265301;-46.802773332;776.8;42030;578.7716037735848;597.1716037735848;Line 201;1;20.0249062058549
-23.915012021;-46.802668916;777.9;42000;578.3584905660377;596.7584905660377;Line 201;1;20.0249062058549
-23.914758741;-46.802564501;779.9;41970;577.9453773584905;596.3453773584905;Line 201;1;20.0249062058549
-23.914505461;-46.802460086;782.4;41940;577.5322641509434;595.9322641509434;Line 201;1;20.0249062058549
-23.914252181;-46.802355671;784.9;41910;577.1191509433962;595.5191509433962;Line 201;1;20.0249062058549
-23.913998901;-46.802251257;786.4;41880;576.706037735849;595.106037735849;Line 201;1;20.0249062058549
-23.91374562;-46.802146844;787.6;41850;576.2929245283019;594.6929245283019;Line 201;1;20.0249062058549
-23.91349234;-46.80204243;788.6;41820;575.8798113207547;594.2798113207547;Line 201;1;20.0249062058549
-23.913239059;-46.801938018;788.3;41790;575.4666981132076;593.8666981132076;Line 201;1;20.0249062058549
-23.912985779;-46.801833605;785.4;41760;575.0535849056604;593.4535849056604;Line 201;1;20.0249062058549
-23.912732498;-46.801729193;782.2;41730;574.6404716981132;593.0404716981132;Line 201;1;20.0249062058549
-23.912479217;-46.801624782;778.6;41700;574.2273584905661;592.627358490566;Line 201;1;20.0249062058549
-23.912225936;-46.801520371;775.8;41670;573.8142452830189;592.2142452830188;Line 201;1;20.0249062058549
-23.911972655;-46.80141596;773.0;41640;573.4011320754718;591.8011320754717;Line 201;1;20.0249062058549
-23.911719374;-46.80131155;770.2;41610;572.9880188679244;591.3880188679244;Line 201;1;20.0249062058549
-23.911466092;-46.80120714;768.0;41580;572.5749056603773;590.9749056603773;Line 201;1;20.0249062058549
-23.911212811;-46.801102731;766.1;41550;572.1617924528302;590.5617924528302;Line 201;1;20.0249062058549
-23.91095953;-46.800998322;764.2;41520;571.748679245283;590.148679245283;Line 201;1;20.0249062058549
-23.910706248;-46.800893914;762.4;41490;571.3355660377359;589.7355660377359;Line 201;1;20.0249062058549
-23.910452966;-46.800789506;760.7;41460;570.9224528301886;589.3224528301886;Line 201;1;20.0249062058549
-23.910199684;-46.800685098;759.2;41430;570.5093396226415;588.9093396226415;Line 201;1;20.0249062058549
-23.909946403;-46.800580691;758.4;41400;570.0962264150943;588.4962264150943;Line 201;1;20.0249062058549
-23.909693121;-46.800476285;759.0;41370;569.6831132075472;588.0831132075472;Line 201;1;20.0249062058549
-23.909439838;-46.800371878;759.6;41340;569.2700000000001;587.6700000000001;Line 201;1;20.0249062058549
-23.909186556;-46.800267473;760.3;41310;568.8568867924528;587.2568867924527;Line 201;1;20.0249062058549
-23.908933274;-46.800163067;764.5;41280;568.4437735849057;586.8437735849056;Line 201;1;20.0249062058549
-23.908679991;-46.800058662;769.0;41250;568.0306603773585;586.4306603773584;Line 201;1;20.0249062058549
-23.908426709;-46.799954258;773.1;41220;567.6175471698114;586.0175471698113;Line 201;1;20.0249062058549
-23.908173426;-46.799849854;776.6;41190;567.2044339622641;585.6044339622641;Line 201;1;20.0249062058549
-23.907920144;-46.79974545;780.5;41160;566.7913207547169;585.1913207547169;Line 201;1;20.0249062058549
-23.907666861;-46.799641047;784.9;41130;566.3782075471698;584.7782075471698;Line 201;1;20.0249062058549
-23.907413578;-46.799536644;789.0;41100;565.9650943396226;584.3650943396226;Line 201;1;20.0249062058549
-23.907160295;-46.799432242;792.1;41070;565.5519811320755;583.9519811320755;Line 201;1;20.0249062058549
-23.906907012;-46.79932784;795.1;41040;565.1388679245283;583.5388679245283;Line 201;1;20.0249062058549
-23.906653728;-46.799223439;798.0;41010;564.7257547169811;583.1257547169811;Line 201;1;20.0249062058549
-23.906400445;-46.799119038;797.3;40980;564.3126415094339;582.7126415094339;Line 201;1;20.0249062058549
-23.906147162;-46.799014637;796.1;40950;563.8995283018868;582.2995283018868;Line 201;1;20.0249062058549
-23.905893878;-46.798910237;795.2;40920;563.4864150943397;581.8864150943397;Line 201;1;20.0249062058549
-23.905640594;-46.798805837;794.1;40890;563.0733018867925;581.4733018867925;Line 201;1;20.0249062058549
-23.905387311;-46.798701438;793.2;40860;562.6601886792453;581.0601886792452;Line 201;1;20.0249062058549
-23.905134027;-46.798597039;792.7;40830;562.247075471698;580.647075471698;Line 201;1;20.0249062058549
-23.904880743;-46.798492641;791.6;40800;561.833962264151;580.2339622641509;Line 201;1;20.0249062058549
-23.904627459;-46.798388243;789.8;40770;561.4208490566037;579.8208490566037;Line 201;1;20.0249062058549
-23.904374174;-46.798283846;787.5;40740;561.0077358490566;579.4077358490566;Line 201;1;20.0249062058549
-23.90412089;-46.798179449;783.6;40710;560.5946226415094;578.9946226415094;Line 201;1;20.0249062058549
-23.903867606;-46.798075052;776.8;40680;560.1815094339622;578.5815094339622;Line 201;1;20.0249062058549
-23.903614321;-46.797970656;770.7;40650;559.7683962264151;578.1683962264151;Line 201;1;20.0249062058549
-23.903361037;-46.79786626;765.3;40620;559.3552830188679;577.7552830188679;Line 201;1;20.0249062058549
-23.903107752;-46.797761865;764.2;40590;558.9421698113208;577.3421698113208;Line 201;1;20.0249062058549
-23.902854467;-46.79765747;764.4;40560;558.5290566037736;576.9290566037736;Line 201;1;20.0249062058549
-23.902601182;-46.797553076;765.3;40530;558.1159433962264;576.5159433962264;Line 201;1;20.0249062058549
-23.902347897;-46.797448682;769.1;40500;557.7028301886793;576.1028301886793;Line 201;1;20.0249062058549
-23.902094612;-46.797344288;774.6;40470;557.2897169811321;575.689716981132;Line 201;1;20.0249062058549
-23.901841327;-46.797239895;780.1;40440;556.876603773585;575.276603773585;Line 201;1;20.0249062058549
-23.901588042;-46.797135502;784.7;40410;556.4634905660376;574.8634905660376;Line 201;1;20.0249062058549
-23.901334756;-46.79703111;787.1;40380;556.0503773584906;574.4503773584905;Line 201;1;20.0249062058549
-23.901081471;-46.796926718;789.7;40350;555.6372641509435;574.0372641509434;Line 201;1;20.0249062058549
-23.900828185;-46.796822327;792.6;40320;555.2241509433962;573.6241509433962;Line 201;1;20.0249062058549
-23.900574899;-46.796717936;794.9;40290;554.8110377358491;573.2110377358491;Line 201;1;20.0249062058549
-23.900321614;-46.796613546;796.4;40260;554.3979245283018;572.7979245283018;Line 201;1;20.0249062058549
-23.900068328;-46.796509155;796.9;40230;553.9848113207547;572.3848113207547;Line 201;1;20.0249062058549
-23.899815042;-46.796404766;795.2;40200;553.5716981132075;571.9716981132075;Line 201;1;20.0249062058549
-23.899561755;-46.796300377;792.8;40170;553.1585849056604;571.5585849056604;Line 201;1;20.0249062058549
-23.899308469;-46.796195988;790.4;40140;552.7454716981133;571.1454716981133;Line 201;1;20.0249062058549
-23.899055183;-46.7960916;787.6;40110;552.332358490566;570.732358490566;Line 201;1;20.0249062058549
-23.898801896;-46.795987212;784.5;40080;551.9192452830189;570.3192452830189;Line 201;1;20.0249062058549
-23.89854861;-46.795882824;781.5;40050;551.5061320754717;569.9061320754716;Line 201;1;20.0249062058549
-23.898295323;-46.795778437;779.8;40020;551.0930188679246;569.4930188679245;Line 201;1;20.0249062058549
-23.898042036;-46.795674051;782.9;39990;550.6799056603774;569.0799056603773;Line 201;1;20.0249062058549
-23.89778875;-46.795569665;785.6;39960;550.2667924528301;568.6667924528301;Line 201;1;20.0249062058549
-23.897535463;-46.795465279;788.1;39930;549.853679245283;568.253679245283;Line 201;1;20.0249062058549
-23.897282175;-46.795360894;789.1;39900;549.4405660377358;567.8405660377358;Line 201;1;20.0249062058549
-23.897028888;-46.795256509;788.6;39870;549.0274528301887;567.4274528301887;Line 201;1;20.0249062058549
-23.896775601;-46.795152125;786.5;39840;548.6143396226415;567.0143396226415;Line 201;1;20.0249062058549
-23.896522314;-46.795047741;781.8;39810;548.2012264150943;566.6012264150943;Line 201;1;20.0249062058549
-23.896269026;-46.794943357;777.4;39780;547.7881132075471;566.1881132075471;Line 201;1;20.0249062058549
-23.896015739;-46.794838974;773.5;39750;547.375;565.775;Line 201;1;20.0249062058549
-23.895762451;-46.794734591;769.3;39720;546.9618867924529;565.3618867924529;Line 201;1;20.0249062058549
-23.895509163;-46.794630209;766.3;39690;546.5487735849057;564.9487735849057;Line 201;1;20.0249062058549
-23.895255875;-46.794525828;763.5;39660;546.1356603773585;564.5356603773585;Line 201;1;20.0249062058549
-23.895002587;-46.794421446;761.0;39630;545.7225471698113;564.1225471698112;Line 201;1;20.0249062058549
-23.894749299;-46.794317065;758.9;39600;545.3094339622642;563.7094339622641;Line 201;1;20.0249062058549
-23.894496011;-46.794212685;756.8;39570;544.896320754717;563.2963207547169;Line 201;1;20.0249062058549
-23.894242723;-46.794108305;754.5;39540;544.4832075471699;562.8832075471698;Line 201;1;20.0249062058549
-23.893989434;-46.794003925;755.4;39510;544.0700943396226;562.4700943396226;Line 201;1;20.0249062058549
-23.893736146;-46.793899546;757.8;39480;543.6569811320754;562.0569811320754;Line 201;1;20.0249062058549
-23.893482857;-46.793795168;760.4;39450;543.2438679245283;561.6438679245283;Line 201;1;20.0249062058549
-23.893229568;-46.793690789;762.8;39420;542.8307547169811;561.2307547169811;Line 201;1;20.0249062058549
-23.89297628;-46.793586411;765.2;39390;542.417641509434;560.817641509434;Line 201;1;20.0249062058549
-23.892722991;-46.793482034;768.3;39360;542.0045283018867;560.4045283018867;Line 201;1;20.0249062058549
-23.892469702;-46.793377657;771.6;39330;541.5914150943396;559.9914150943396;Line 201;1;20.0249062058549
-23.892216412;-46.793273281;772.3;39300;541.1783018867925;559.5783018867925;Line 201;1;20.0249062058549
-23.891963123;-46.793168905;773.0;39270;540.7651886792453;559.1651886792453;Line 201;1;20.0249062058549
-23.891709834;-46.793064529;773.9;39240;540.3520754716982;558.7520754716982;Line 201;1;20.0249062058549
-23.891456544;-46.792960154;775.8;39210;539.9389622641509;558.3389622641508;Line 201;1;20.0249062058549
-23.891203255;-46.792855779;777.4;39180;539.5258490566038;557.9258490566037;Line 201;1;20.0249062058549
-23.890949965;-46.792751405;778.6;39150;539.1127358490565;557.5127358490565;Line 201;1;20.0249062058549
-23.890696675;-46.792647031;779.0;39120;538.6996226415094;557.0996226415094;Line 201;1;20.0249062058549
-23.890443386;-46.792542657;778.3;39090;538.2865094339624;556.6865094339623;Line 201;1;20.0249062058549
-23.890190096;-46.792438284;776.5;39060;537.873396226415;556.273396226415;Line 201;1;20.0249062058549
-23.889936806;-46.792333912;774.9;39030;537.4602830188679;555.8602830188679;Line 201;1;20.0249062058549
-23.889683515;-46.79222954;774.3;39000;537.0471698113207;555.4471698113207;Line 201;1;20.0249062058549
-23.889430225;-46.792125168;774.7;38970;536.6340566037736;555.0340566037736;Line 201;1;20.0249062058549
-23.889176935;-46.792020797;776.1;38940;536.2209433962264;554.6209433962264;Line 201;1;20.0249062058549
-23.888923644;-46.791916426;778.8;38910;535.8078301886792;554.2078301886792;Line 201;1;20.0249062058549
-23.888670354;-46.791812055;782.3;38880;535.3947169811321;553.7947169811321;Line 201;1;20.0249062058549
-23.888417063;-46.791707685;786.4;38850;534.9816037735849;553.3816037735849;Line 201;1;20.0249062058549
-23.888163772;-46.791603316;789.2;38820;534.5684905660378;552.9684905660378;Line 201;1;20.0249062058549
-23.887910481;-46.791498947;791.4;38790;534.1553773584906;552.5553773584905;Line 201;1;20.0249062058549
-23.88765719;-46.791394578;793.9;38760;533.7422641509434;552.1422641509433;Line 201;1;20.0249062058549
-23.887403899;-46.79129021;796.4;38730;533.3291509433963;551.7291509433962;Line 201;1;20.0249062058549
-23.887150608;-46.791185842;798.3;38700;532.916037735849;551.316037735849;Line 201;1;20.0249062058549
-23.886897317;-46.791081475;800.1;38670;532.502924528302;550.9029245283019;Line 201;1;20.0249062058549
-23.886644025;-46.790977108;801.4;38640;532.0898113207547;550.4898113207547;Line 201;1;20.0249062058549
-23.886390734;-46.790872741;799.0;38610;531.6766981132075;550.0766981132075;Line 201;1;20.0249062058549
-23.886137442;-46.790768375;796.7;38580;531.2635849056603;549.6635849056603;Line 201;1;20.0249062058549
-23.885884151;-46.79066401;795.1;38550;530.8504716981132;549.2504716981132;Line 201;1;20.0249062058549
-23.885630859;-46.790559645;794.7;38520;530.4373584905661;548.8373584905661;Line 201;1;20.0249062058549
-23.885377567;-46.79045528;794.6;38490;530.0242452830189;548.4242452830189;Line 201;1;20.0249062058549
-23.885124275;-46.790350916;794.9;38460;529.6111320754717;548.0111320754717;Line 201;1;20.0249062058549
-23.884870983;-46.790246552;794.1;38430;529.1980188679245;547.5980188679245;Line 201;1;20.0249062058549
-23.884617691;-46.790142188;791.8;38400;528.7849056603774;547.1849056603774;Line 201;1;20.0249062058549
-23.884364398;-46.790037825;788.9;38370;528.3717924528302;546.7717924528301;Line 201;1;20.0249062058549
-23.884111106;-46.789933463;784.7;38340;527.9586792452831;546.358679245283;Line 201;1;20.0249062058549
-23.883857813;-46.789829101;781.5;38310;527.5455660377359;545.9455660377358;Line 201;1;20.0249062058549
-23.883604521;-46.789724739;778.8;38280;527.1324528301886;545.5324528301886;Line 201;1;20.0249062058549
-23.883351228;-46.789620378;776.4;38250;526.7193396226415;545.1193396226415;Line 201;1;20.0249062058549
-23.883097935;-46.789516017;775.4;38220;526.3062264150943;544.7062264150943;Line 201;1;20.0249062058549
-23.882844642;-46.789411657;774.4;38190;525.8931132075472;544.2931132075472;Line 201;1;20.0249062058549
-23.882591349;-46.789307297;773.3;38160;525.4799999999999;543.8799999999999;Line 201;1;20.0249062058549
-23.882338056;-46.789202937;772.6;38130;525.0668867924528;543.4668867924528;Line 201;1;20.0249062058549
-23.882084763;-46.789098578;772.5;38100;524.6537735849057;543.0537735849057;Line 201;1;20.0249062058549
-23.881831469;-46.78899422;771.8;38070;524.2406603773585;542.6406603773585;Line 201;1;20.0249062058549
-23.881578176;-46.788889862;770.8;38040;523.8275471698114;542.2275471698114;Line 201;1;20.0249062058549
-23.881324882;-46.788785504;769.8;38010;523.4144339622641;541.814433962264;Line 201;1;20.0249062058549
-23.881071589;-46.788681147;768.9;37980;523.001320754717;541.401320754717;Line 201;1;20.0249062058549
-23.880818295;-46.78857679;767.9;37950;522.5882075471698;540.9882075471697;Line 201;1;20.0249062058549
-23.880565001;-46.788472433;765.6;37920;522.1750943396227;540.5750943396226;Line 201;1;20.0249062058549
-23.880311707;-46.788368077;763.5;37890;521.7619811320756;540.1619811320755;Line 201;1;20.0249062058549
-23.880058413;-46.788263722;762.3;37860;521.3488679245282;539.7488679245282;Line 201;1;20.0249062058549
-23.879805119;-46.788159367;760.8;37830;520.9357547169811;539.3357547169811;Line 201;1;20.0249062058549
-23.879551825;-46.788055012;759.3;37800;520.5226415094339;538.9226415094339;Line 201;1;20.0249062058549
-23.87929853;-46.787950658;758.1;37770;520.1095283018868;538.5095283018868;Line 201;1;20.0249062058549
-23.879045236;-46.787846304;757.3;37740;519.6964150943396;538.0964150943396;Line 201;1;20.0249062058549
-23.878791941;-46.78774195;756.6;37710;519.2833018867924;537.6833018867924;Line 201;1;20.0249062058549
-23.878538646;-46.787637598;755.7;37680;518.8701886792453;537.2701886792453;Line 201;1;20.0249062058549
-23.878285352;-46.787533245;754.7;37650;518.4570754716981;536.8570754716981;Line 201;1;20.0249062058549
-23.878032057;-46.787428893;754.1;37620;518.043962264151;536.443962264151;Line 201;1;20.0249062058549
-23.877778762;-46.787324541;753.3;37590;517.6308490566038;536.0308490566038;Line 201;1;20.0249062058549
-23.877525467;-46.78722019;752.4;37560;517.2177358490566;535.6177358490565;Line 201;1;20.0249062058549
-23.877272171;-46.787115839;752.6;37530;516.8046226415095;535.2046226415094;Line 201;1;20.0249062058549
-23.877018876;-46.787011489;752.7;37500;516.3915094339623;534.7915094339622;Line 201;1;20.0249062058549
-23.876765581;-46.786907139;752.6;37470;515.9783962264152;534.3783962264151;Line 201;1;20.0249062058549
-23.876512285;-46.78680279;755.0;37440;515.565283018868;533.9652830188679;Line 201;1;20.0249062058549
-23.876258989;-46.786698441;758.6;37410;515.1521698113207;533.5521698113207;Line 201;1;20.0249062058549
-23.876005694;-46.786594092;762.6;37380;514.7390566037735;533.1390566037735;Line 201;1;20.0249062058549
-23.875752398;-46.786489744;768.3;37350;514.3259433962264;532.7259433962264;Line 201;1;20.0249062058549
-23.875499102;-46.786385396;775.8;37320;513.9128301886793;532.3128301886793;Line 201;1;20.0249062058549
-23.875245806;-46.786281049;782.1;37290;513.4997169811321;531.8997169811321;Line 201;1;20.0249062058549
-23.87499251;-46.786176702;787.1;37260;513.0866037735849;531.4866037735849;Line 201;1;20.0249062058549
-23.874739214;-46.786072356;790.8;37230;512.6734905660377;531.0734905660377;Line 201;1;20.0249062058549
-23.874485917;-46.78596801;794.7;37200;512.2603773584906;530.6603773584906;Line 201;1;20.0249062058549
-23.874232621;-46.785863664;798.9;37170;511.84726415094343;530.2472641509435;Line 201;1;20.0249062058549
-23.873979324;-46.785759319;797.2;37140;511.4341509433963;529.8341509433963;Line 201;1;20.0249062058549
-23.873726028;-46.785654975;792.9;37110;511.021037735849;529.421037735849;Line 201;1;20.0249062058549
-23.873472731;-46.78555063;787.8;37080;510.60792452830185;529.0079245283018;Line 201;1;20.0249062058549
-23.873219434;-46.785446287;784.4;37050;510.1948113207547;528.5948113207547;Line 201;1;20.0249062058549
-23.872966137;-46.785341943;783.8;37020;509.7816981132076;528.1816981132076;Line 201;1;20.0249062058549
-23.87271284;-46.7852376;783.3;36990;509.36858490566044;527.7685849056604;Line 201;1;20.0249062058549
-23.872459543;-46.785133258;783.1;36960;508.9554716981132;527.3554716981132;Line 201;1;20.0249062058549
-23.872206246;-46.785028916;783.3;36930;508.542358490566;526.942358490566;Line 201;1;20.0249062058549
-23.871952948;-46.784924574;783.7;36900;508.12924528301886;526.5292452830189;Line 201;1;20.0249062058549
-23.871699651;-46.784820233;784.6;36870;507.7161320754717;526.1161320754717;Line 201;1;20.0249062058549
-23.871446353;-46.784715892;784.5;36840;507.30301886792455;525.7030188679246;Line 201;1;20.0249062058549
-23.871193055;-46.784611552;783.1;36810;506.88990566037734;525.2899056603774;Line 201;1;20.0249062058549
-23.870939758;-46.784507212;780.7;36780;506.4767924528302;524.8767924528302;Line 201;1;20.0249062058549
-23.87068646;-46.784402873;777.6;36750;506.063679245283;524.4636792452831;Line 201;1;20.0249062058549
-23.870433162;-46.784298534;774.8;36720;505.65056603773587;524.0505660377358;Line 201;1;20.0249062058549
-23.870179864;-46.784194195;772.1;36690;505.2374528301887;523.6374528301887;Line 201;1;20.0249062058549
-23.869926566;-46.784089857;771.4;36660;504.82433962264145;523.2243396226414;Line 201;1;20.0249062058549
-23.869673267;-46.78398552;773.6;36630;504.4112264150943;522.8112264150943;Line 201;1;20.0249062058549
-23.869419969;-46.783881182;776.5;36600;503.9981132075472;522.3981132075472;Line 201;1;20.0249062058549
-23.86916667;-46.783776846;780.2;36570;503.58500000000004;521.985;Line 201;1;20.0249062058549
-23.868913372;-46.783672509;784.1;36540;503.1718867924529;521.5718867924529;Line 201;1;20.0249062058549
-23.868660073;-46.783568173;787.8;36510;502.7587735849056;521.1587735849056;Line 201;1;20.0249062058549
-23.868406774;-46.783463838;791.3;36480;502.34566037735846;520.7456603773585;Line 201;1;20.0249062058549
-23.868153475;-46.783359503;795.0;36450;501.9325471698113;520.3325471698113;Line 201;1;20.0249062058549
-23.867900176;-46.783255168;798.3;36420;501.51943396226415;519.9194339622642;Line 201;1;20.0249062058549
-23.867646877;-46.783150834;801.1;36390;501.10632075471705;519.5063207547171;Line 201;1;20.0249062058549
-23.867393578;-46.7830465;802.4;36360;500.6932075471698;519.0932075471698;Line 201;1;20.0249062058549
-23.867140279;-46.782942167;802.3;36330;500.2800943396226;518.6800943396227;Line 201;1;20.0249062058549
-23.866886979;-46.782837834;802.0;36300;499.86698113207547;518.2669811320754;Line 201;1;20.0249062058549
-23.86663368;-46.782733501;801.5;36270;499.4538679245283;517.8538679245283;Line 201;1;20.0249062058549
-23.86638038;-46.782629169;801.6;36240;499.04075471698116;517.4407547169811;Line 201;1;20.0249062058549
-23.86612708;-46.782524838;801.5;36210;498.62764150943394;517.0276415094339;Line 201;1;20.0249062058549
-23.86587378;-46.782420507;801.4;36180;498.2145283018868;516.6145283018868;Line 201;1;20.0249062058549
-23.865620481;-46.782316176;802.5;36150;497.80141509433963;516.2014150943396;Line 201;1;20.0249062058549
-23.86536718;-46.782211846;804.0;36120;497.3883018867925;515.7883018867925;Line 201;1;20.0249062058549
-23.86511388;-46.782107516;805.6;36090;496.9751886792453;515.3751886792453;Line 201;1;20.0249062058549
-23.86486058;-46.782003187;805.8;36060;496.56207547169805;514.9620754716981;Line 201;1;20.0249062058549
-23.86460728;-46.781898858;804.8;36030;496.1489622641509;514.5489622641509;Line 201;1;20.0249062058549
-23.864353979;-46.781794529;803.8;36000;495.7358490566038;514.1358490566038;Line 201;1;20.0249062058549
-23.864100679;-46.781690201;802.3;35970;495.32273584905664;513.7227358490567;Line 201;1;20.0249062058549
-23.863847378;-46.781585873;798.5;35940;494.9096226415095;513.3096226415095;Line 201;1;20.0249062058549
-23.863594077;-46.781481546;794.8;35910;494.4965094339622;512.8965094339621;Line 201;1;20.0249062058549
-23.863340776;-46.781377219;791.3;35880;494.08339622641506;512.483396226415;Line 201;1;20.0249062058549
-23.863087475;-46.781272893;791.7;35850;493.6702830188679;512.0702830188679;Line 201;1;20.0249062058549
-23.862834174;-46.781168567;791.9;35820;493.25716981132075;511.6571698113207;Line 201;1;20.0249062058549
-23.862580873;-46.781064242;791.9;35790;492.84405660377365;511.24405660377363;Line 201;1;20.0249062058549
-23.862327572;-46.780959917;791.5;35760;492.4309433962264;510.83094339622636;Line 201;1;20.0249062058549
-23.862074271;-46.780855592;790.7;35730;492.0178301886792;510.4178301886792;Line 201;1;20.0249062058549
-23.861820969;-46.780751268;790.4;35700;491.60471698113207;510.00471698113205;Line 201;1;20.0249062058549
-23.861567667;-46.780646944;789.5;35670;491.1916037735849;509.5916037735849;Line 201;1;20.0249062058549
-23.861314366;-46.780542621;786.8;35640;490.77849056603776;509.17849056603774;Line 201;1;20.0249062058549
-23.861061064;-46.780438298;783.8;35610;490.36537735849055;508.7653773584905;Line 201;1;20.0249062058549
-23.860807762;-46.780333976;780.8;35580;489.9522641509434;508.35226415094337;Line 201;1;20.0249062058549
-23.86055446;-46.780229654;780.4;35550;489.53915094339624;507.9391509433962;Line 201;1;20.0249062058549
-23.860301158;-46.780125332;779.8;35520;489.1260377358491;507.52603773584906;Line 201;1;20.0249062058549
-23.860047856;-46.780021011;779.1;35490;488.7129245283019;507.1129245283019;Line 201;1;20.0249062058549
-23.859794554;-46.77991669;779.8;35460;488.29981132075466;506.69981132075463;Line 201;1;20.0249062058549
-23.859541251;-46.77981237;780.9;35430;487.8866981132075;506.2866981132075;Line 201;1;20.0249062058549
-23.859287949;-46.77970805;782.1;35400;487.4735849056604;505.8735849056604;Line 201;1;20.0249062058549
-23.859034646;-46.779603731;783.0;35370;487.06047169811325;505.4604716981132;Line 201;1;20.0249062058549
-23.858781343;-46.779499412;783.6;35340;486.6473584905661;505.04735849056607;Line 201;1;20.0249062058549
-23.85852804;-46.779395093;784.6;35310;486.2342452830188;504.6342452830188;Line 201;1;20.0249062058549
-23.858274738;-46.779290775;785.4;35280;485.82113207547167;504.22113207547164;Line 201;1;20.0249062058549
-23.858021435;-46.779186458;784.4;35250;485.4080188679245;503.8080188679245;Line 201;1;20.0249062058549
-23.857768131;-46.779082141;783.4;35220;484.99490566037736;503.39490566037733;Line 201;1;20.0249062058549
-23.857514828;-46.778977824;782.7;35190;484.58179245283026;502.98179245283023;Line 201;1;20.0249062058549
-23.857261525;-46.778873507;781.6;35160;484.168679245283;502.56867924528296;Line 201;1;20.0249062058549
-23.857008221;-46.778769192;780.7;35130;483.75556603773583;502.1555660377358;Line 201;1;20.0249062058549
-23.856754918;-46.778664876;780.1;35100;483.3424528301887;501.74245283018865;Line 201;1;20.0249062058549
-23.856501614;-46.778560561;778.8;35070;482.9293396226415;501.3293396226415;Line 201;1;20.0249062058549
-23.85624831;-46.778456247;776.7;35040;482.51622641509437;500.91622641509434;Line 201;1;20.0249062058549
-23.855995007;-46.778351932;774.0;35010;482.10311320754715;500.50311320754713;Line 201;1;20.0249062058549
-23.855741703;-46.778247619;770.6;34980;481.69;500.09;Line 201;1;20.0249062058549
-23.855488399;-46.778143305;766.9;34950;481.27688679245284;499.6768867924528;Line 201;1;20.0249062058549
-23.855235094;-46.778038993;763.1;34920;480.8637735849057;499.26377358490566;Line 201;1;20.0249062058549
-23.85498179;-46.77793468;759.6;34890;480.45066037735853;498.8506603773585;Line 201;1;20.0249062058549
-23.854728486;-46.777830368;759.1;34860;480.03754716981126;498.43754716981124;Line 201;1;20.0249062058549
-23.854475181;-46.777726057;758.6;34830;479.6244339622641;498.0244339622641;Line 201;1;20.0249062058549
-23.854221877;-46.777621746;758.3;34800;479.211320754717;497.611320754717;Line 201;1;20.0249062058549
-23.853968572;-46.777517435;759.2;34770;478.79820754716985;497.19820754716983;Line 201;1;20.0249062058549
-23.853715267;-46.777413125;761.9;34740;478.38509433962264;496.7850943396226;Line 201;1;20.0249062058549
-23.853461963;-46.777308815;765.4;34710;477.9719811320755;496.37198113207546;Line 201;1;20.0249062058549
-23.853208658;-46.777204506;770.1;34680;477.5588679245283;495.95886792452825;Line 201;1;20.0249062058549
-23.852955352;-46.777100197;776.0;34650;477.1457547169811;495.5457547169811;Line 201;1;20.0249062058549
-23.852702047;-46.776995888;782.4;34620;476.73264150943396;495.13264150943394;Line 201;1;20.0249062058549
-23.852448742;-46.77689158;788.4;34590;476.3195283018868;494.7195283018868;Line 201;1;20.0249062058549
-23.852195437;-46.776787273;790.9;34560;475.90641509433965;494.3064150943396;Line 201;1;20.0249062058549
-23.851942131;-46.776682965;793.0;34530;475.49330188679244;493.8933018867924;Line 201;1;20.0249062058549
-23.851688826;-46.776578659;793.4;34500;475.0801886792453;493.48018867924526;Line 201;1;20.0249062058549
-23.85143552;-46.776474352;794.6;34470;474.6670754716981;493.0670754716981;Line 201;1;20.0249062058549
-23.851182214;-46.776370046;795.1;34440;474.2539622641509;492.6539622641509;Line 201;1;20.0249062058549
-23.850928908;-46.776265741;794.6;34410;473.84084905660376;492.24084905660374;Line 201;1;20.0249062058549
-23.850675602;-46.776161436;791.5;34380;473.4277358490566;491.8277358490566;Line 201;1;20.0249062058549
-23.850422296;-46.776057131;787.3;34350;473.01462264150945;491.4146226415094;Line 201;1;20.0249062058549
-23.85016899;-46.775952827;783.5;34320;472.6015094339623;491.00150943396227;Line 201;1;20.0249062058549
-23.849915684;-46.775848524;781.8;34290;472.1883962264151;490.58839622641506;Line 201;1;20.0249062058549
-23.849662377;-46.77574422;784.6;34260;471.7752830188679;490.1752830188679;Line 201;1;20.0249062058549
-23.849409071;-46.775639918;786.6;34230;471.3621698113207;489.7621698113207;Line 201;1;20.0249062058549
-23.849155764;-46.775535615;787.6;34200;470.9490566037736;489.3490566037736;Line 201;1;20.0249062058549
-23.848902457;-46.775431313;785.5;34170;470.53594339622646;488.93594339622643;Line 201;1;20.0249062058549
-23.84864915;-46.775327012;783.0;34140;470.12283018867925;488.5228301886792;Line 201;1;20.0249062058549
-23.848395844;-46.775222711;780.2;34110;469.7097169811321;488.10971698113207;Line 201;1;20.0249062058549
-23.848142536;-46.77511841;778.3;34080;469.2966037735849;487.69660377358485;Line 201;1;20.0249062058549
-23.847889229;-46.77501411;776.5;34050;468.8834905660377;487.2834905660377;Line 201;1;20.0249062058549
-23.847635922;-46.77490981;775.7;34020;468.47037735849057;486.87037735849054;Line 201;1;20.0249062058549
-23.847382615;-46.774805511;774.3;33990;468.0572641509434;486.4572641509434;Line 201;1;20.0249062058549
-23.847129307;-46.774701212;772.0;33960;467.64415094339626;486.04415094339623;Line 201;1;20.0249062058549
-23.846876;-46.774596913;769.2;33930;467.23103773584904;485.631037735849;Line 201;1;20.0249062058549
-23.846622692;-46.774492615;766.1;33900;466.8179245283019;485.21792452830186;Line 201;1;20.0249062058549
-23.846369384;-46.774388318;764.0;33870;466.40481132075473;484.8048113207547;Line 201;1;20.0249062058549
-23.846116077;-46.774284021;762.0;33840;465.9916981132075;484.3916981132075;Line 201;1;20.0249062058549
-23.845862769;-46.774179724;760.2;33810;465.57858490566036;483.97858490566034;Line 201;1;20.0249062058549
-23.845609461;-46.774075428;762.7;33780;465.1654716981132;483.5654716981132;Line 201;1;20.0249062058549
-23.845356152;-46.773971132;766.1;33750;464.75235849056605;483.15235849056603;Line 201;1;20.0249062058549
-23.845102844;-46.773866836;769.8;33720;464.3392452830189;482.7392452830189;Line 201;1;20.0249062058549
-23.844849536;-46.773762541;776.4;33690;463.9261320754717;482.32613207547166;Line 201;1;20.0249062058549
-23.844596227;-46.773658247;785.0;33660;463.51301886792453;481.9130188679245;Line 201;1;20.0249062058549
-23.844342919;-46.773553953;793.9;33630;463.0999056603773;481.4999056603773;Line 201;1;20.0249062058549
-23.84408961;-46.773449659;801.9;33600;462.68679245283016;481.08679245283014;Line 201;1;20.0249062058549
-23.843836301;-46.773345366;807.0;33570;462.27367924528306;480.67367924528304;Line 201;1;20.0249062058549
-23.843582992;-46.773241073;811.4;33540;461.86056603773585;480.2605660377358;Line 201;1;20.0249062058549
-23.843329683;-46.77313678;815.7;33510;461.4474528301887;479.8474528301887;Line 201;1;20.0249062058549
-23.843076374;-46.773032489;813.2;33480;461.0343396226415;479.43433962264146;Line 201;1;20.0249062058549
-23.842823065;-46.772928197;810.6;33450;460.6212264150943;479.0212264150943;Line 201;1;20.0249062058549
-23.842569756;-46.772823906;808.0;33420;460.20811320754717;478.60811320754715;Line 201;1;20.0249062058549
-23.842316447;-46.772719615;806.0;33390;459.795;478.195;Line 201;1;20.0249062058549
-23.842063137;-46.772615325;803.6;33360;459.38188679245286;477.78188679245284;Line 201;1;20.0249062058549
-23.841809827;-46.772511035;800.6;33330;458.96877358490565;477.3687735849056;Line 201;1;20.0249062058549
-23.841556518;-46.772406746;797.5;33300;458.5556603773585;476.95566037735847;Line 201;1;20.0249062058549
-23.841303208;-46.772302457;794.9;33270;458.14254716981134;476.5425471698113;Line 201;1;20.0249062058549
-23.841049898;-46.772198169;792.3;33240;457.7294339622641;476.1294339622641;Line 201;1;20.0249062058549
-23.840796588;-46.772093881;789.6;33210;457.31632075471697;475.71632075471695;Line 201;1;20.0249062058549
-23.840543278;-46.771989593;786.0;33180;456.9032075471698;475.3032075471698;Line 201;1;20.0249062058549
-23.840289968;-46.771885306;782.8;33150;456.49009433962266;474.89009433962264;Line 201;1;20.0249062058549
-23.840036657;-46.771781019;780.1;33120;456.0769811320755;474.4769811320755;Line 201;1;20.0249062058549
-23.839783347;-46.771676733;777.1;33090;455.6638679245283;474.06386792452827;Line 201;1;20.0249062058549
-23.839530036;-46.771572447;774.1;33060;455.25075471698113;473.6507547169811;Line 201;1;20.0249062058549
-23.839276726;-46.771468162;771.3;33030;454.8376415094339;473.2376415094339;Line 201;1;20.0249062058549
-23.839023415;-46.771363877;773.3;33000;454.42452830188677;472.82452830188674;Line 201;1;20.0249062058549
-23.838770104;-46.771259592;778.6;32970;454.01141509433967;472.41141509433965;Line 201;1;20.0249062058549
-23.838516793;-46.771155308;783.6;32940;453.59830188679246;471.99830188679243;Line 201;1;20.0249062058549
-23.838263482;-46.771051024;788.6;32910;453.1851886792453;471.5851886792453;Line 201;1;20.0249062058549
-23.838010171;-46.770946741;794.1;32880;452.7720754716981;471.17207547169807;Line 201;1;20.0249062058549
-23.83775686;-46.770842458;799.5;32850;452.35896226415093;470.7589622641509;Line 201;1;20.0249062058549
-23.837503549;-46.770738176;802.8;32820;451.9458490566038;470.34584905660375;Line 201;1;20.0249062058549
-23.837250237;-46.770633894;804.6;32790;451.5327358490566;469.9327358490566;Line 201;1;20.0249062058549
-23.836996926;-46.770529612;806.9;32760;451.11962264150947;469.51962264150944;Line 201;1;20.0249062058549
-23.836743614;-46.770425331;809.7;32730;450.70650943396225;469.10650943396223;Line 201;1;20.0249062058549
-23.836490302;-46.770321051;813.0;32700;450.2933962264151;468.6933962264151;Line 201;1;20.0249062058549
-23.83623699;-46.770216771;817.2;32670;449.88028301886794;468.2802830188679;Line 201;1;20.0249062058549
-23.835983678;-46.770112491;822.4;32640;449.46716981132073;467.8671698113207;Line 201;1;20.0249062058549
-23.835730366;-46.770008212;829.7;32610;449.0540566037736;467.45405660377355;Line 201;1;20.0249062058549
-23.835477054;-46.769903933;839.9;32580;448.6409433962264;467.0409433962264;Line 201;1;20.0249062058549
-23.835223742;-46.769799654;850.1;32550;448.22783018867926;466.62783018867924;Line 201;1;20.0249062058549
-23.83497043;-46.769695376;859.8;32520;447.8147169811321;466.2147169811321;Line 201;1;20.0249062058549
-23.834717117;-46.769591099;865.5;32490;447.4016037735849;465.8016037735849;Line 201;1;20.0249062058549
-23.834463805;-46.769486821;871.0;32460;446.98849056603774;465.3884905660377;Line 201;1;20.0249062058549
-23.834210492;-46.769382545;876.4;32430;446.5753773584905;464.9753773584905;Line 201;1;20.0249062058549
-23.833957179;-46.769278268;874.3;32400;446.1622641509434;464.56226415094335;Line 201;1;20.0249062058549
-23.833703866;-46.769173993;870.6;32370;445.7491509433963;464.14915094339625;Line 201;1;20.0249062058549
-23.833450553;-46.769069717;867.3;32340;445.33603773584906;463.73603773584904;Line 201;1;20.0249062058549
-23.83319724;-46.768965442;865.1;32310;444.9229245283019;463.3229245283019;Line 201;1;20.0249062058549
-23.832943927;-46.768861168;862.5;32280;444.5098113207547;462.90981132075467;Line 201;1;20.0249062058549
-23.832690614;-46.768756894;859.7;32250;444.09669811320754;462.4966981132075;Line 201;1;20.0249062058549
-23.8324373;-46.76865262;856.6;32220;443.6835849056604;462.08358490566036;Line 201;1;20.0249062058549
-23.832183987;-46.768548347;852.9;32190;443.27047169811317;461.67047169811315;Line 201;1;20.0249062058549
-23.831930673;-46.768444074;848.5;32160;442.85735849056607;461.25735849056605;Line 201;1;20.0249062058549
-23.83167736;-46.768339801;843.2;32130;442.44424528301886;460.84424528301884;Line 201;1;20.0249062058549
-23.831424046;-46.76823553;836.5;32100;442.0311320754717;460.4311320754717;Line 201;1;20.0249062058549
-23.831170732;-46.768131258;831.4;32070;441.61801886792455;460.0180188679245;Line 201;1;20.0249062058549
-23.830917418;-46.768026987;828.0;32040;441.20490566037734;459.6049056603773;Line 201;1;20.0249062058549
-23.830664104;-46.767922716;832.4;32010;440.7917924528302;459.19179245283016;Line 201;1;20.0249062058549
-23.83041079;-46.767818446;840.1;31980;440.378679245283;458.778679245283;Line 201;1;20.0249062058549
-23.830157475;-46.767714176;848.1;31950;439.96556603773587;458.36556603773585;Line 201;1;20.0249062058549
-23.829904161;-46.767609907;853.8;31920;439.5524528301887;457.9524528301887;Line 201;1;20.0249062058549
-23.829650846;-46.767505638;855.1;31890;439.1393396226415;457.5393396226415;Line 201;1;20.0249062058549
-23.829397532;-46.76740137;854.2;31860;438.72622641509435;457.1262264150943;Line 201;1;20.0249062058549
-23.829144217;-46.767297102;852.0;31830;438.31311320754713;456.7131132075471;Line 201;1;20.0249062058549
-23.828890902;-46.767192834;845.6;31800;437.9;456.29999999999995;Line 201;1;20.0249062058549
-23.828637587;-46.767088567;839.3;31770;437.4868867924529;455.88688679245286;Line 201;1;20.0249062058549
-23.828384272;-46.7669843;833.0;31740;437.07377358490567;455.47377358490564;Line 201;1;20.0249062058549
-23.828130957;-46.766880034;828.6;31710;436.6606603773585;455.0606603773585;Line 201;1;20.0249062058549
-23.827877642;-46.766775768;825.2;31680;436.2475471698113;454.6475471698113;Line 201;1;20.0249062058549
-23.827624327;-46.766671503;822.3;31650;435.83443396226414;454.2344339622641;Line 201;1;20.0249062058549
-23.827371011;-46.766567238;820.1;31620;435.421320754717;453.82132075471696;Line 201;1;20.0249062058549
-23.827117696;-46.766462973;819.1;31590;435.0082075471698;453.40820754716975;Line 201;1;20.0249062058549
-23.82686438;-46.766358709;818.0;31560;434.5950943396227;452.99509433962265;Line 201;1;20.0249062058549
-23.826611064;-46.766254445;816.6;31530;434.18198113207546;452.58198113207544;Line 201;1;20.0249062058549
-23.826357748;-46.766150182;814.1;31500;433.7688679245283;452.1688679245283;Line 201;1;20.0249062058549
-23.826104432;-46.766045919;811.5;31470;433.35575471698115;451.75575471698113;Line 201;1;20.0249062058549
-23.825851116;-46.765941657;808.9;31440;432.94264150943394;451.3426415094339;Line 201;1;20.0249062058549
-23.8255978;-46.765837395;804.1;31410;432.5295283018868;450.92952830188676;Line 201;1;20.0249062058549
-23.825344484;-46.765733134;798.8;31380;432.11641509433963;450.5164150943396;Line 201;1;20.0249062058549
-23.825091168;-46.765628872;794.5;31350;431.7033018867925;450.10330188679245;Line 201;1;20.0249062058549
-23.824837851;-46.765524612;793.3;31320;431.2901886792453;449.6901886792453;Line 201;1;20.0249062058549
-23.824584535;-46.765420352;794.5;31290;430.8770754716981;449.2770754716981;Line 201;1;20.0249062058549
-23.824331218;-46.765316092;796.7;31260;430.46396226415095;448.8639622641509;Line 201;1;20.0249062058549
-23.824077901;-46.765211833;800.6;31230;430.05084905660374;448.4508490566037;Line 201;1;20.0249062058549
-23.823824584;-46.765107574;806.2;31200;429.6377358490566;448.03773584905656;Line 201;1;20.0249062058549
-23.823571267;-46.765003315;812.0;31170;429.2246226415094;447.6246226415094;Line 201;1;20.0249062058549
-23.82331795;-46.764899057;817.6;31140;428.81150943396227;447.21150943396225;Line 201;1;20.0249062058549
-23.823064633;-46.7647948;817.8;31110;428.3983962264151;446.7983962264151;Line 201;1;20.0249062058549
-23.822811316;-46.764690542;817.8;31080;427.9852830188679;446.3852830188679;Line 201;1;20.0249062058549
-23.822557998;-46.764586286;817.8;31050;427.57216981132075;445.9721698113207;Line 201;1;20.0249062058549
-23.822304681;-46.764482029;817.6;31020;427.1590566037736;445.55905660377357;Line 201;1;20.0249062058549
-23.822051363;-46.764377774;816.7;30990;426.7459433962264;445.14594339622636;Line 201;1;20.0249062058549
-23.821798046;-46.764273518;815.0;30960;426.3328301886793;444.73283018867926;Line 201;1;20.0249062058549
-23.821544728;-46.764169263;813.4;30930;425.91971698113207;444.31971698113205;Line 201;1;20.0249062058549
-23.82129141;-46.764065009;811.6;30900;425.5066037735849;443.9066037735849;Line 201;1;20.0249062058549
-23.821038092;-46.763960755;809.1;30870;425.09349056603776;443.49349056603774;Line 201;1;20.0249062058549
-23.820784774;-46.763856501;805.9;30840;424.68037735849055;443.0803773584905;Line 201;1;20.0249062058549
-23.820531456;-46.763752248;802.7;30810;424.2672641509434;442.66726415094337;Line 201;1;20.0249062058549
-23.820278137;-46.763647995;799.9;30780;423.8541509433962;442.25415094339616;Line 201;1;20.0249062058549
-23.820024819;-46.763543742;797.4;30750;423.4410377358491;441.84103773584906;Line 201;1;20.0249062058549
-23.819771501;-46.76343949;794.2;30720;423.0279245283019;441.4279245283019;Line 201;1;20.0249062058549
-23.819518182;-46.763335239;791.4;30690;422.6148113207547;441.0148113207547;Line 201;1;20.0249062058549
-23.819264863;-46.763230988;789.2;30660;422.20169811320756;440.60169811320753;Line 201;1;20.0249062058549
-23.819011544;-46.763126737;790.0;30630;421.78858490566034;440.1885849056603;Line 201;1;20.0249062058549
-23.818758225;-46.763022487;792.2;30600;421.3754716981132;439.77547169811317;Line 201;1;20.0249062058549
-23.818504906;-46.762918237;794.3;30570;420.96235849056603;439.362358490566;Line 201;1;20.0249062058549
-23.818251587;-46.762813988;796.4;30540;420.5492452830189;438.94924528301885;Line 201;1;20.0249062058549
-23.817998268;-46.762709739;799.5;30510;420.1361320754717;438.5361320754717;Line 201;1;20.0249062058549
-23.817744949;-46.762605491;803.0;30480;419.7230188679245;438.1230188679245;Line 201;1;20.0249062058549
-23.817491629;-46.762501243;807.0;30450;419.30990566037735;437.70990566037733;Line 201;1;20.0249062058549
-23.81723831;-46.762396995;808.1;30420;418.8967924528302;437.2967924528302;Line 201;1;20.0249062058549
-23.81698499;-46.762292748;809.8;30390;418.483679245283;436.88367924528296;Line 201;1;20.0249062058549
-23.81673167;-46.762188501;812.0;30360;418.0705660377359;436.47056603773586;Line 201;1;20.0249062058549
-23.816478351;-46.762084255;814.8;30330;417.6574528301887;436.05745283018865;Line 201;1;20.0249062058549
-23.816225031;-46.761980009;817.1;30300;417.2443396226415;435.6443396226415;Line 201;1;20.0249062058549
-23.815971711;-46.761875763;818.7;30270;416.83122641509436;435.23122641509434;Line 201;1;20.0249062058549
-23.81571839;-46.761771518;819.0;30240;416.41811320754715;434.8181132075471;Line 201;1;20.0249062058549
-23.81546507;-46.761667274;818.6;30210;416.005;434.405;Line 201;1;20.0249062058549
-23.81521175;-46.76156303;817.2;30180;415.5918867924528;433.99188679245276;Line 201;1;20.0249062058549
-23.814958429;-46.761458786;814.7;30150;415.1787735849057;433.57877358490566;Line 201;1;20.0249062058549
-23.814705109;-46.761354543;809.0;30120;414.76566037735853;433.1656603773585;Line 201;1;20.0249062058549
-23.814451788;-46.7612503;803.5;30090;414.3525471698113;432.7525471698113;Line 201;1;20.0249062058549
-23.814198467;-46.761146058;798.2;30060;413.93943396226416;432.33943396226414;Line 201;1;20.0249062058549
-23.813945147;-46.761041816;794.4;30030;413.52632075471695;431.9263207547169;Line 201;1;20.0249062058549
-23.813691826;-46.760937574;790.7;30000;413.1132075471698;431.51320754716977;Line 201;1;20.0249062058549
-23.813438505;-46.760833333;787.1;29970;412.70009433962264;431.1000943396226;Line 201;1;20.0249062058549
-23.813185183;-46.760729092;786.8;29940;412.2869811320755;430.68698113207546;Line 201;1;20.0249062058549
-23.812931862;-46.760624852;787.7;29910;411.8738679245283;430.2738679245283;Line 201;1;20.0249062058549
-23.812678541;-46.760520612;788.9;29880;411.4607547169811;429.8607547169811;Line 201;1;20.0249062058549
-23.812425219;-46.760416373;789.7;29850;411.04764150943396;429.44764150943394;Line 201;1;20.0249062058549
-23.812171898;-46.760312134;788.4;29820;410.6345283018868;429.0345283018868;Line 201;1;20.0249062058549
-23.811918576;-46.760207896;786.6;29790;410.2214150943396;428.62141509433957;Line 201;1;20.0249062058549
-23.811665254;-46.760103658;784.1;29760;409.80830188679244;428.2083018867924;Line 201;1;20.0249062058549
-23.811411932;-46.75999942;784.4;29730;409.3951886792453;427.79518867924526;Line 201;1;20.0249062058549
-23.81115861;-46.759895183;783.6;29700;408.9820754716981;427.3820754716981;Line 201;1;20.0249062058549
-23.810905288;-46.759790946;783.3;29670;408.56896226415097;426.96896226415095;Line 201;1;20.0249062058549
-23.810651966;-46.75968671;786.9;29640;408.15584905660376;426.55584905660373;Line 201;1;20.0249062058549
-23.810398644;-46.759582474;792.1;29610;407.7427358490566;426.1427358490566;Line 201;1;20.0249062058549
-23.810145321;-46.759478238;797.4;29580;407.3296226415094;425.72962264150937;Line 201;1;20.0249062058549
-23.809891999;-46.759374003;801.0;29550;406.9165094339623;425.31650943396227;Line 201;1;20.0249062058549
-23.809638676;-46.759269769;802.7;29520;406.50339622641513;424.9033962264151;Line 201;1;20.0249062058549
-23.809385354;-46.759165535;804.7;29490;406.0902830188679;424.4902830188679;Line 201;1;20.0249062058549
-23.809132031;-46.759061301;805.2;29460;405.67716981132077;424.07716981132074;Line 201;1;20.0249062058549
-23.808878708;-46.758957068;806.0;29430;405.26405660377355;423.66405660377353;Line 201;1;20.0249062058549
-23.808625385;-46.758852835;806.6;29400;404.8509433962264;423.2509433962264;Line 201;1;20.0249062058549
-23.808372062;-46.758748602;807.2;29370;404.43783018867924;422.8378301886792;Line 201;1;20.0249062058549
-23.808118739;-46.758644371;810.0;29340;404.0247169811321;422.42471698113206;Line 201;1;20.0249062058549
-23.807865415;-46.758540139;813.9;29310;403.61160377358493;422.0116037735849;Line 201;1;20.0249062058549
-23.807612092;-46.758435908;818.6;29280;403.1984905660377;421.5984905660377;Line 201;1;20.0249062058549
-23.807358768;-46.758331677;822.0;29250;402.78537735849056;421.18537735849054;Line 201;1;20.0249062058549
-23.807105445;-46.758227447;824.2;29220;402.3722641509434;420.7722641509434;Line 201;1;20.0249062058549
-23.806852121;-46.758123217;827.5;29190;401.9591509433962;420.3591509433962;Line 201;1;20.0249062058549
-23.806598797;-46.758018988;830.6;29160;401.54603773584904;419.946037735849;Line 201;1;20.0249062058549
-23.806345473;-46.757914759;830.0;29130;401.1329245283019;419.53292452830186;Line 201;1;20.0249062058549
-23.806092149;-46.75781053;829.9;29100;400.71981132075473;419.1198113207547;Line 201;1;20.0249062058549
-23.805838825;-46.757706302;830.1;29070;400.3066981132076;418.70669811320755;Line 201;1;20.0249062058549
-23.805585501;-46.757602075;827.9;29040;399.89358490566036;418.29358490566034;Line 201;1;20.0249062058549
-23.805332177;-46.757497847;825.6;29010;399.4804716981132;417.8804716981132;Line 201;1;20.0249062058549
-23.805078852;-46.757393621;820.6;28980;399.067358490566;417.46735849056597;Line 201;1;20.0249062058549
-23.804825528;-46.757289394;816.6;28950;398.6542452830189;417.0542452830189;Line 201;1;20.0249062058549
-23.804572203;-46.757185168;812.6;28920;398.24113207547174;416.6411320754717;Line 201;1;20.0249062058549
-23.804318878;-46.757080943;808.0;28890;397.8280188679245;416.2280188679245;Line 201;1;20.0249062058549
-23.804065553;-46.756976718;803.5;28860;397.41490566037737;415.81490566037735;Line 201;1;20.0249062058549
-23.803812228;-46.756872493;800.1;28830;397.00179245283016;415.40179245283014;Line 201;1;20.0249062058549
-23.803558903;-46.756768269;797.3;28800;396.588679245283;414.988679245283;Line 201;1;20.0249062058549
-23.803305578;-46.756664046;794.7;28770;396.17556603773585;414.5755660377358;Line 201;1;20.0249062058549
-23.803052253;-46.756559822;791.9;28740;395.7624528301887;414.16245283018867;Line 201;1;20.0249062058549
-23.802798928;-46.756455599;789.2;28710;395.34933962264154;413.7493396226415;Line 201;1;20.0249062058549
-23.802545602;-46.756351377;786.5;28680;394.9362264150943;413.3362264150943;Line 201;1;20.0249062058549
-23.802292277;-46.756247155;785.1;28650;394.52311320754717;412.92311320754715;Line 201;1;20.0249062058549
-23.802038951;-46.756142933;785.0;28620;394.11;412.51;Line 201;1;20.0249062058549
-23.801785625;-46.756038712;785.8;28590;393.6968867924528;412.0968867924528;Line 201;1;20.0249062058549
-23.801532299;-46.755934492;787.7;28560;393.28377358490565;411.6837735849056;Line 201;1;20.0249062058549
-23.801278973;-46.755830271;790.4;28530;392.8706603773585;411.27066037735847;Line 201;1;20.0249062058549
-23.801025647;-46.755726052;794.7;28500;392.45754716981133;410.8575471698113;Line 201;1;20.0249062058549
-23.800772321;-46.755621832;799.4;28470;392.0444339622642;410.44443396226416;Line 201;1;20.0249062058549
-23.800518995;-46.755517613;802.9;28440;391.63132075471697;410.03132075471694;Line 201;1;20.0249062058549
-23.800265668;-46.755413395;805.4;28410;391.2182075471698;409.6182075471698;Line 201;1;20.0249062058549
-23.800012342;-46.755309177;806.9;28380;390.8050943396226;409.2050943396226;Line 201;1;20.0249062058549
-23.799759015;-46.755204959;805.2;28350;390.39198113207544;408.7919811320754;Line 201;1;20.0249062058549
-23.799505689;-46.755100742;802.4;28320;389.97886792452834;408.3788679245283;Line 201;1;20.0249062058549
-23.799252362;-46.754996525;798.5;28290;389.56575471698113;407.9657547169811;Line 201;1;20.0249062058549
-23.798999035;-46.754892309;795.7;28260;389.152641509434;407.55264150943395;Line 201;1;20.0249062058549
-23.798745708;-46.754788093;793.1;28230;388.73952830188676;407.13952830188674;Line 201;1;20.0249062058549
-23.798492381;-46.754683877;790.4;28200;388.3264150943396;406.7264150943396;Line 201;1;20.0249062058549
-23.798239054;-46.754579662;789.4;28170;387.91330188679245;406.31330188679243;Line 201;1;20.0249062058549
-23.797985726;-46.754475448;791.0;28140;387.5001886792453;405.9001886792453;Line 201;1;20.0249062058549
-23.797732399;-46.754371233;792.7;28110;387.08707547169814;405.4870754716981;Line 201;1;20.0249062058549
-23.797479071;-46.75426702;794.5;28080;386.67396226415093;405.0739622641509;Line 201;1;20.0249062058549
-23.797225744;-46.754162806;798.3;28050;386.2608490566038;404.66084905660375;Line 201;1;20.0249062058549
-23.796972416;-46.754058593;802.4;28020;385.8477358490566;404.2477358490566;Line 201;1;20.0249062058549
-23.796719088;-46.753954381;806.4;27990;385.4346226415094;403.8346226415094;Line 201;1;20.0249062058549
-23.79646576;-46.753850169;807.6;27960;385.02150943396225;403.4215094339622;Line 201;1;20.0249062058549
-23.796212432;-46.753745957;808.5;27930;384.6083962264151;403.0083962264151;Line 201;1;20.0249062058549
-23.795959104;-46.753641746;809.9;27900;384.19528301886794;402.5952830188679;Line 201;1;20.0249062058549
-23.795705776;-46.753537535;813.7;27870;383.7821698113208;402.18216981132076;Line 201;1;20.0249062058549
-23.795452448;-46.753433325;819.4;27840;383.3690566037736;401.76905660377355;Line 201;1;20.0249062058549
-23.795199119;-46.753329115;824.9;27810;382.9559433962264;401.3559433962264;Line 201;1;20.0249062058549
-23.794945791;-46.753224906;828.4;27780;382.5428301886792;400.9428301886792;Line 201;1;20.0249062058549
-23.794692462;-46.753120697;827.6;27750;382.12971698113205;400.529716981132;Line 201;1;20.0249062058549
-23.794439133;-46.753016488;826.7;27720;381.71660377358495;400.1166037735849;Line 201;1;20.0249062058549
-23.794185805;-46.75291228;825.6;27690;381.30349056603774;399.7034905660377;Line 201;1;20.0249062058549
-23.793932476;-46.752808073;826.8;27660;380.8903773584906;399.29037735849056;Line 201;1;20.0249062058549
-23.793679147;-46.752703865;828.3;27630;380.47726415094337;398.87726415094335;Line 201;1;20.0249062058549
-23.793425818;-46.752599659;830.0;27600;380.0641509433962;398.4641509433962;Line 201;1;20.0249062058549
-23.793172488;-46.752495452;829.7;27570;379.65103773584906;398.05103773584904;Line 201;1;20.0249062058549
-23.792919159;-46.752391246;828.1;27540;379.2379245283019;397.6379245283019;Line 201;1;20.0249062058549
-23.79266583;-46.752287041;826.5;27510;378.82481132075475;397.2248113207547;Line 201;1;20.0249062058549
-23.7924125;-46.752182836;826.3;27480;378.41169811320754;396.8116981132075;Line 201;1;20.0249062058549
-23.79215917;-46.752078631;828.9;27450;377.9985849056604;396.39858490566036;Line 201;1;20.0249062058549
-23.791905841;-46.751974427;831.3;27420;377.5854716981132;395.9854716981132;Line 201;1;20.0249062058549
-23.791652511;-46.751870223;833.5;27390;377.172358490566;395.572358490566;Line 201;1;20.0249062058549
-23.791399181;-46.75176602;832.9;27360;376.75924528301886;395.15924528301883;Line 201;1;20.0249062058549
-23.791145851;-46.751661817;831.6;27330;376.3461320754717;394.7461320754717;Line 201;1;20.0249062058549
-23.790892521;-46.751557614;831.6;27300;375.93301886792455;394.3330188679245;Line 201;1;20.0249062058549
-23.79063919;-46.751453412;830.0;27270;375.5199056603774;393.91990566037737;Line 201;1;20.0249062058549
-23.79038586;-46.751349211;827.5;27240;375.1067924528302;393.50679245283015;Line 201;1;20.0249062058549
-23.790132529;-46.751245009;824.5;27210;374.693679245283;393.093679245283;Line 201;1;20.0249062058549
-23.789879199;-46.751140809;822.0;27180;374.2805660377358;392.6805660377358;Line 201;1;20.0249062058549
-23.789625868;-46.751036608;821.1;27150;373.86745283018865;392.26745283018863;Line 201;1;20.0249062058549
-23.789372537;-46.750932409;821.1;27120;373.45433962264156;391.85433962264153;Line 201;1;20.0249062058549
-23.789119207;-46.750828209;821.4;27090;373.04122641509434;391.4412264150943;Line 201;1;20.0249062058549
-23.788865876;-46.75072401;818.8;27060;372.6281132075472;391.02811320754716;Line 201;1;20.0249062058549
-23.788612545;-46.750619812;815.9;27030;372.215;390.61499999999995;Line 201;1;20.0249062058549
-23.788359213;-46.750515613;812.7;27000;371.8018867924528;390.2018867924528;Line 201;1;20.0249062058549
-23.788105882;-46.750411416;809.3;26970;371.38877358490566;389.78877358490564;Line 201;1;20.0249062058549
-23.787852551;-46.750307218;805.6;26940;370.97566037735845;389.37566037735843;Line 201;1;20.0249062058549
-23.787599219;-46.750203022;801.5;26910;370.56254716981135;388.96254716981133;Line 201;1;20.0249062058549
-23.787345888;-46.750098825;798.2;26880;370.14943396226414;388.5494339622641;Line 201;1;20.0249062058549
-23.787092556;-46.749994629;796.2;26850;369.736320754717;388.13632075471696;Line 201;1;20.0249062058549
-23.786839224;-46.749890434;796.1;26820;369.32320754716983;387.7232075471698;Line 201;1;20.0249062058549
-23.786585892;-46.749786239;798.0;26790;368.9100943396226;387.3100943396226;Line 201;1;20.0249062058549
-23.78633256;-46.749682044;801.2;26760;368.49698113207546;386.89698113207544;Line 201;1;20.0249062058549
-23.786079228;-46.74957785;804.4;26730;368.0838679245283;386.4838679245283;Line 201;1;20.0249062058549
-23.785825896;-46.749473656;807.6;26700;367.67075471698115;386.0707547169811;Line 201;1;20.0249062058549
-23.785572564;-46.749369462;811.9;26670;367.257641509434;385.657641509434;Line 201;1;20.0249062058549
-23.785319231;-46.749265269;816.0;26640;366.8445283018868;385.24452830188676;Line 201;1;20.0249062058549
-23.785065899;-46.749161077;819.8;26610;366.4314150943396;384.8314150943396;Line 201;1;20.0249062058549
-23.784812566;-46.749056885;821.9;26580;366.0183018867924;384.4183018867924;Line 201;1;20.0249062058549
-23.784559233;-46.748952693;823.2;26550;365.60518867924526;384.00518867924524;Line 201;1;20.0249062058549
-23.784305901;-46.748848502;823.9;26520;365.19207547169816;383.59207547169814;Line 201;1;20.0249062058549
-23.784052568;-46.748744311;823.0;26490;364.77896226415095;383.1789622641509;Line 201;1;20.0249062058549
-23.783799235;-46.748640121;820.0;26460;364.3658490566038;382.76584905660377;Line 201;1;20.0249062058549
-23.783545902;-46.748535931;816.1;26430;363.9527358490566;382.35273584905656;Line 201;1;20.0249062058549
-23.783292568;-46.748431742;811.6;26400;363.5396226415094;381.9396226415094;Line 201;1;20.0249062058549
-23.783039235;-46.748327552;807.4;26370;363.12650943396227;381.52650943396225;Line 201;1;20.0249062058549
-23.782785902;-46.748223364;803.9;26340;362.71339622641506;381.11339622641503;Line 201;1;20.0249062058549
-23.782532568;-46.748119176;801.2;26310;362.30028301886796;380.70028301886794;Line 201;1;20.0249062058549
-23.782279235;-46.748014988;798.7;26280;361.88716981132075;380.2871698113207;Line 201;1;20.0249062058549
-23.782025901;-46.747910801;796.0;26250;361.4740566037736;379.87405660377357;Line 201;1;20.0249062058549
-23.781772567;-46.747806614;793.3;26220;361.06094339622643;379.4609433962264;Line 201;1;20.0249062058549
-23.781519233;-46.747702427;790.6;26190;360.6478301886792;379.0478301886792;Line 201;1;20.0249062058549
-23.781265899;-46.747598241;787.3;26160;360.23471698113207;378.63471698113204;Line 201;1;20.0249062058549
-23.781012565;-46.747494056;783.0;26130;359.8216037735849;378.2216037735849;Line 201;1;20.0249062058549
-23.780759231;-46.747389871;780.5;26100;359.40849056603776;377.80849056603773;Line 201;1;20.0249062058549
-23.780505896;-46.747285686;781.4;26070;358.9953773584906;377.3953773584906;Line 201;1;20.0249062058549
-23.780252562;-46.747181502;781.7;26040;358.5822641509434;376.98226415094337;Line 201;1;20.0249062058549
-23.779999227;-46.747077318;781.5;26010;358.16915094339623;376.5691509433962;Line 201;1;20.0249062058549
-23.779745893;-46.746973134;782.0;25980;357.756037735849;376.156037735849;Line 201;1;20.0249062058549
-23.779492558;-46.746868951;781.5;25950;357.34292452830186;375.74292452830184;Line 201;1;20.0249062058549
-23.779239223;-46.746764769;780.1;25920;356.92981132075477;375.32981132075474;Line 201;1;20.0249062058549
-23.778985888;-46.746660587;778.0;25890;356.51669811320755;374.91669811320753;Line 201;1;20.0249062058549
-23.778732553;-46.746556405;777.9;25860;356.1035849056604;374.5035849056604;Line 201;1;20.0249062058549
-23.778479218;-46.746452224;776.8;25830;355.6904716981132;374.09047169811316;Line 201;1;20.0249062058549
-23.778225883;-46.746348043;775.3;25800;355.27735849056603;373.677358490566;Line 201;1;20.0249062058549
-23.777972547;-46.746243863;774.5;25770;354.8642452830189;373.26424528301885;Line 201;1;20.0249062058549
-23.777719212;-46.746139683;773.8;25740;354.45113207547166;372.85113207547164;Line 201;1;20.0249062058549
-23.777465876;-46.746035503;773.4;25710;354.03801886792456;372.43801886792454;Line 201;1;20.0249062058549
-23.777212541;-46.745931324;773.8;25680;353.62490566037735;372.0249056603773;Line 201;1;20.0249062058549
-23.776959205;-46.745827145;773.9;25650;353.2117924528302;371.6117924528302;Line 201;1;20.0249062058549
-23.776705869;-46.745722967;773.5;25620;352.79867924528304;371.198679245283;Line 201;1;20.0249062058549
-23.776452533;-46.745618789;774.1;25590;352.3855660377358;370.7855660377358;Line 201;1;20.0249062058549
-23.776199197;-46.745514612;775.1;25560;351.9724528301887;370.37245283018865;Line 201;1;20.0249062058549
-23.775945861;-46.745410435;776.4;25530;351.55933962264146;369.95933962264144;Line 201;1;20.0249062058549
-23.775692524;-46.745306259;776.4;25500;351.14622641509436;369.54622641509434;Line 201;1;20.0249062058549
-23.775439188;-46.745202083;775.9;25470;350.7331132075472;369.1331132075472;Line 201;1;20.0249062058549
-23.775185852;-46.745097907;775.8;25440;350.32;368.71999999999997;Line 201;1;20.0249062058549
-23.774932515;-46.744993732;776.5;25410;349.90688679245284;368.3068867924528;Line 201;1;20.0249062058549
-23.774679178;-46.744889557;778.9;25380;349.4937735849056;367.8937735849056;Line 201;1;20.0249062058549
-23.774425842;-46.744785383;781.4;25350;349.08066037735847;367.48066037735845;Line 201;1;20.0249062058549
-23.774172505;-46.744681209;784.0;25320;348.6675471698113;367.0675471698113;Line 201;1;20.0249062058549
-23.773919168;-46.744577035;785.8;25290;348.25443396226416;366.65443396226414;Line 201;1;20.0249062058549
-23.773665831;-46.744472862;786.8;25260;347.841320754717;366.241320754717;Line 201;1;20.0249062058549
-23.773412493;-46.74436869;787.2;25230;347.4282075471698;365.82820754716977;Line 201;1;20.0249062058549
-23.773159156;-46.744264518;786.5;25200;347.01509433962264;365.4150943396226;Line 201;1;20.0249062058549
-23.772905819;-46.744160346;784.9;25170;346.6019811320755;365.00198113207546;Line 201;1;20.0249062058549
-23.772652481;-46.744056175;783.5;25140;346.18886792452827;364.58886792452824;Line 201;1;20.0249062058549
-23.772399144;-46.743952004;783.6;25110;345.77575471698117;364.17575471698115;Line 201;1;20.0249062058549
-23.772145806;-46.743847833;786.1;25080;345.36264150943396;363.76264150943393;Line 201;1;20.0249062058549
-23.771892468;-46.743743663;788.0;25050;344.9495283018868;363.3495283018868;Line 201;1;20.0249062058549
-23.77163913;-46.743639494;789.0;25020;344.53641509433965;362.9364150943396;Line 201;1;20.0249062058549
-23.771385792;-46.743535325;787.2;24990;344.12330188679243;362.5233018867924;Line 201;1;20.0249062058549
-23.771132454;-46.743431156;785.2;24960;343.7101886792453;362.11018867924525;Line 201;1;20.0249062058549
-23.770879116;-46.743326988;783.1;24930;343.29707547169807;361.69707547169804;Line 201;1;20.0249062058549
-23.770625778;-46.74322282;784.1;24900;342.88396226415097;361.28396226415094;Line 201;1;20.0249062058549
-23.770372439;-46.743118652;786.0;24870;342.4708490566038;360.8708490566038;Line 201;1;20.0249062058549
-23.770119101;-46.743014486;788.5;24840;342.0577358490566;360.4577358490566;Line 201;1;20.0249062058549
-23.769865762;-46.742910319;791.3;24810;341.64462264150944;360.0446226415094;Line 201;1;20.0249062058549
-23.769612423;-46.742806153;793.6;24780;341.23150943396223;359.6315094339622;Line 201;1;20.0249062058549
-23.769359085;-46.742701987;795.5;24750;340.8183962264151;359.21839622641505;Line 201;1;20.0249062058549
-23.769105746;-46.742597822;797.3;24720;340.4052830188679;358.8052830188679;Line 201;1;20.0249062058549
-23.768852407;-46.742493657;800.2;24690;339.99216981132076;358.39216981132074;Line 201;1;20.0249062058549
-23.768599067;-46.742389493;803.3;24660;339.5790566037736;357.9790566037736;Line 201;1;20.0249062058549
-23.768345728;-46.742285329;806.1;24630;339.1659433962264;357.5659433962264;Line 201;1;20.0249062058549
-23.768092389;-46.742181165;804.9;24600;338.75283018867924;357.1528301886792;Line 201;1;20.0249062058549
-23.767839049;-46.742077002;803.1;24570;338.3397169811321;356.73971698113206;Line 201;1;20.0249062058549
-23.76758571;-46.74197284;800.8;24540;337.9266037735849;356.32660377358485;Line 201;1;20.0249062058549
-23.76733237;-46.741868678;797.4;24510;337.5134905660378;355.91349056603775;Line 201;1;20.0249062058549
-23.767079031;-46.741764516;793.5;24480;337.10037735849056;355.50037735849054;Line 201;1;20.0249062058549
-23.766825691;-46.741660354;789.8;24450;336.6872641509434;355.0872641509434;Line 201;1;20.0249062058549
-23.766572351;-46.741556194;787.7;24420;336.27415094339625;354.6741509433962;Line 201;1;20.0249062058549
-23.766319011;-46.741452033;785.9;24390;335.86103773584904;354.261037735849;Line 201;1;20.0249062058549
-23.766065671;-46.741347873;784.8;24360;335.4479245283019;353.84792452830186;Line 201;1;20.0249062058549
-23.76581233;-46.741243713;784.7;24330;335.03481132075467;353.43481132075465;Line 201;1;20.0249062058549
-23.76555899;-46.741139554;787.0;24300;334.6216981132076;353.02169811320755;Line 201;1;20.0249062058549
-23.76530565;-46.741035395;789.0;24270;334.2085849056604;352.6085849056604;Line 201;1;20.0249062058549
-23.765052309;-46.740931237;790.6;24240;333.7954716981132;352.1954716981132;Line 201;1;20.0249062058549
-23.764798968;-46.740827079;794.0;24210;333.38235849056605;351.782358490566;Line 201;1;20.0249062058549
-23.764545628;-46.740722922;796.9;24180;332.96924528301884;351.3692452830188;Line 201;1;20.0249062058549
-23.764292287;-46.740618765;799.1;24150;332.5561320754717;350.95613207547166;Line 201;1;20.0249062058549
-23.764038946;-46.740514608;798.9;24120;332.1430188679245;350.5430188679245;Line 201;1;20.0249062058549
-23.763785605;-46.740410452;796.3;24090;331.72990566037737;350.12990566037735;Line 201;1;20.0249062058549
-23.763532264;-46.740306296;793.3;24060;331.3167924528302;349.7167924528302;Line 201;1;20.0249062058549
-23.763278922;-46.740202141;789.7;24030;330.903679245283;349.303679245283;Line 201;1;20.0249062058549
-23.763025581;-46.740097986;785.4;24000;330.49056603773585;348.8905660377358;Line 201;1;20.0249062058549
-23.762772239;-46.739993832;780.9;23970;330.0774528301887;348.47745283018867;Line 201;1;20.0249062058549
-23.762518898;-46.739889678;778.0;23940;329.6643396226415;348.06433962264146;Line 201;1;20.0249062058549
-23.762265556;-46.739785524;776.6;23910;329.2512264150943;347.6512264150943;Line 201;1;20.0249062058549
-23.762012214;-46.739681371;775.4;23880;328.83811320754717;347.23811320754714;Line 201;1;20.0249062058549
-23.761758873;-46.739577219;774.3;23850;328.425;346.825;Line 201;1;20.0249062058549
-23.761505531;-46.739473066;774.0;23820;328.01188679245286;346.41188679245283;Line 201;1;20.0249062058549
-23.761252188;-46.739368915;774.2;23790;327.59877358490564;345.9987735849056;Line 201;1;20.0249062058549
-23.760998846;-46.739264763;774.5;23760;327.1856603773585;345.58566037735847;Line 201;1;20.0249062058549
-23.760745504;-46.739160612;774.8;23730;326.7725471698113;345.17254716981125;Line 201;1;20.0249062058549
-23.760492162;-46.739056462;775.4;23700;326.3594339622642;344.75943396226415;Line 201;1;20.0249062058549
-23.760238819;-46.738952312;775.7;23670;325.946320754717;344.346320754717;Line 201;1;20.0249062058549
-23.759985477;-46.738848162;775.8;23640;325.5332075471698;343.9332075471698;Line 201;1;20.0249062058549
-23.759732134;-46.738744013;777.2;23610;325.12009433962265;343.52009433962263;Line 201;1;20.0249062058549
-23.759478791;-46.738639864;779.2;23580;324.70698113207544;343.1069811320754;Line 201;1;20.0249062058549
-23.759225448;-46.738535716;781.7;23550;324.2938679245283;342.69386792452826;Line 201;1;20.0249062058549
-23.758972105;-46.738431568;783.9;23520;323.88075471698113;342.2807547169811;Line 201;1;20.0249062058549
-23.758718762;-46.73832742;785.5;23490;323.467641509434;341.86764150943395;Line 201;1;20.0249062058549
-23.758465419;-46.738223273;786.3;23460;323.0545283018868;341.4545283018868;Line 201;1;20.0249062058549
-23.758212076;-46.738119126;785.8;23430;322.6414150943396;341.0414150943396;Line 201;1;20.0249062058549
-23.757958732;-46.73801498;784.2;23400;322.22830188679245;340.6283018867924;Line 201;1;20.0249062058549
-23.757705389;-46.737910834;782.7;23370;321.8151886792453;340.2151886792453;Line 201;1;20.0249062058549
-23.757452045;-46.737806689;781.8;23340;321.4020754716981;339.80207547169806;Line 201;1;20.0249062058549
-23.757198701;-46.737702544;783.5;23310;320.9889622641509;339.3889622641509;Line 201;1;20.0249062058549
-23.756945358;-46.7375984;785.3;23280;320.5758490566038;338.97584905660375;Line 201;1;20.0249062058549
-23.756692014;-46.737494256;787.0;23250;320.1627358490566;338.5627358490566;Line 201;1;20.0249062058549
-23.75643867;-46.737390112;787.5;23220;319.74962264150946;338.14962264150944;Line 201;1;20.0249062058549
-23.756185326;-46.737285969;787.8;23190;319.33650943396225;337.7365094339622;Line 201;1;20.0249062058549
-23.755931981;-46.737181826;788.2;23160;318.9233962264151;337.32339622641507;Line 201;1;20.0249062058549
-23.755678637;-46.737077684;789.7;23130;318.5102830188679;336.91028301886786;Line 201;1;20.0249062058549
-23.755425293;-46.736973542;791.7;23100;318.0971698113208;336.49716981132076;Line 201;1;20.0249062058549
-23.755171948;-46.736869401;793.3;23070;317.6840566037736;336.0840566037736;Line 201;1;20.0249062058549
-23.754918603;-46.73676526;794.4;23040;317.2709433962264;335.6709433962264;Line 201;1;20.0249062058549
-23.754665259;-46.736661119;794.6;23010;316.85783018867926;335.25783018867924;Line 201;1;20.0249062058549
-23.754411914;-46.736556979;793.7;22980;316.44471698113205;334.844716981132;Line 201;1;20.0249062058549
-23.754158569;-46.736452839;792.7;22950;316.0316037735849;334.43160377358487;Line 201;1;20.0249062058549
-23.753905224;-46.7363487;790.9;22920;315.61849056603774;334.0184905660377;Line 201;1;20.0249062058549
-23.753651879;-46.736244561;789.0;22890;315.2053773584906;333.60537735849056;Line 201;1;20.0249062058549
-23.753398534;-46.736140423;786.9;22860;314.7922641509434;333.1922641509434;Line 201;1;20.0249062058549
-23.753145188;-46.736036285;786.7;22830;314.3791509433962;332.7791509433962;Line 201;1;20.0249062058549
-23.752891843;-46.735932147;787.6;22800;313.96603773584906;332.36603773584903;Line 201;1;20.0249062058549
-23.752638497;-46.73582801;788.9;22770;313.5529245283019;331.9529245283019;Line 201;1;20.0249062058549
-23.752385152;-46.735723873;789.4;22740;313.1398113207547;331.53981132075467;Line 201;1;20.0249062058549
-23.752131806;-46.735619737;790.1;22710;312.72669811320753;331.1266981132075;Line 201;1;20.0249062058549
-23.75187846;-46.735515601;790.9;22680;312.3135849056604;330.71358490566035;Line 201;1;20.0249062058549
-23.751625114;-46.735411466;791.5;22650;311.9004716981132;330.3004716981132;Line 201;1;20.0249062058549
-23.751371768;-46.735307331;790.9;22620;311.48735849056607;329.88735849056604;Line 201;1;20.0249062058549
-23.751118422;-46.735203196;791.0;22590;311.07424528301885;329.47424528301883;Line 201;1;20.0249062058549
-23.750865076;-46.735099062;791.9;22560;310.6611320754717;329.0611320754717;Line 201;1;20.0249062058549
-23.750611729;-46.734994929;791.1;22530;310.2480188679245;328.64801886792446;Line 201;1;20.0249062058549
-23.750358383;-46.734890795;788.8;22500;309.83490566037733;328.2349056603773;Line 201;1;20.0249062058549
-23.750105036;-46.734786663;786.7;22470;309.42179245283023;327.8217924528302;Line 201;1;20.0249062058549
-23.74985169;-46.73468253;783.6;22440;309.008679245283;327.408679245283;Line 201;1;20.0249062058549
-23.749598343;-46.734578398;780.1;22410;308.59556603773586;326.99556603773584;Line 201;1;20.0249062058549
-23.749344996;-46.734474267;777.2;22380;308.18245283018865;326.58245283018863;Line 201;1;20.0249062058549
-23.749091649;-46.734370136;775.0;22350;307.7693396226415;326.1693396226415;Line 201;1;20.0249062058549
-23.748838302;-46.734266005;773.6;22320;307.35622641509434;325.7562264150943;Line 201;1;20.0249062058549
-23.748584955;-46.734161875;772.9;22290;306.9431132075472;325.34311320754716;Line 201;1;20.0249062058549
-23.748331608;-46.734057745;771.7;22260;306.53000000000003;324.93;Line 201;1;20.0249062058549
-23.74807826;-46.733953616;768.8;22230;306.1168867924528;324.5168867924528;Line 201;1;20.0249062058549
-23.747824913;-46.733849487;766.0;22200;305.70377358490566;324.10377358490564;Line 201;1;20.0249062058549
-23.747571565;-46.733745358;763.2;22170;305.2906603773585;323.6906603773585;Line 201;1;20.0249062058549
-23.747318218;-46.73364123;760.1;22140;304.8775471698113;323.27754716981127;Line 201;1;20.0249062058549
-23.74706487;-46.733537103;757.0;22110;304.46443396226414;322.8644339622641;Line 201;1;20.0249062058549
-23.746811522;-46.733432976;754.3;22080;304.051320754717;322.45132075471696;Line 201;1;20.0249062058549
-23.746558174;-46.733328849;751.4;22050;303.6382075471698;322.0382075471698;Line 201;1;20.0249062058549
-23.746304826;-46.733224723;747.8;22020;303.2250943396227;321.62509433962265;Line 201;1;20.0249062058549
-23.746051478;-46.733120597;744.5;21990;302.81198113207546;321.21198113207544;Line 201;1;20.0249062058549
-23.745798129;-46.733016471;741.6;21960;302.3988679245283;320.7988679245283;Line 201;1;20.0249062058549
-23.745544781;-46.732912346;740.6;21930;301.9857547169811;320.38575471698107;Line 201;1;20.0249062058549
-23.745291433;-46.732808222;739.5;21900;301.57264150943394;319.9726415094339;Line 201;1;20.0249062058549
-23.745038084;-46.732704097;738.2;21870;301.15952830188684;319.5595283018868;Line 201;1;20.0249062058549
-23.744784735;-46.732599974;738.0;21840;300.7464150943396;319.1464150943396;Line 201;1;20.0249062058549
-23.744531386;-46.73249585;738.0;21810;300.33330188679247;318.73330188679245;Line 201;1;20.0249062058549
-23.744278038;-46.732391728;738.0;21780;299.92018867924526;318.32018867924523;Line 201;1;20.0249062058549
-23.744024689;-46.732287605;738.0;21750;299.5070754716981;317.9070754716981;Line 201;1;20.0249062058549
-23.743771339;-46.732183483;738.0;21720;299.09396226415095;317.4939622641509;Line 201;1;20.0249062058549
-23.74351799;-46.732079362;738.0;21690;298.6808490566038;317.08084905660377;Line 201;1;20.0249062058549
-23.743264641;-46.73197524;738.0;21660;298.26773584905663;316.6677358490566;Line 201;1;20.0249062058549
-23.743011292;-46.73187112;738.0;21630;297.8546226415094;316.2546226415094;Line 201;1;20.0249062058549
-23.742757942;-46.731767;738.0;21600;297.44150943396227;315.84150943396224;Line 201;1;20.0249062058549
-23.742504592;-46.73166288;738.0;21570;297.0283962264151;315.4283962264151;Line 201;1;20.0249062058549
-23.742251243;-46.73155876;738.0;21540;296.6152830188679;315.0152830188679;Line 201;1;20.0249062058549
-23.741997893;-46.731454641;738.0;21510;296.20216981132074;314.6021698113207;Line 201;1;20.0249062058549
-23.741744543;-46.731350523;738.0;21480;295.7890566037736;314.18905660377357;Line 201;1;20.0249062058549
-23.741491193;-46.731246405;738.0;21450;295.37594339622643;313.7759433962264;Line 201;1;20.0249062058549
-23.741237843;-46.731142287;738.0;21420;294.9628301886793;313.36283018867925;Line 201;1;20.0249062058549
-23.740984493;-46.73103817;738.0;21390;294.54971698113206;312.94971698113204;Line 201;1;20.0249062058549
-23.740731142;-46.730934053;738.0;21360;294.1366037735849;312.5366037735849;Line 201;1;20.0249062058549
-23.740477792;-46.730829937;738.0;21330;293.7234905660377;312.1234905660377;Line 201;1;20.0249062058549
-23.740224442;-46.730725821;738.0;21300;293.31037735849054;311.7103773584905;Line 201;1;20.0249062058549
-23.739971091;-46.730621705;738.0;21270;292.89726415094344;311.2972641509434;Line 201;1;20.0249062058549
-23.73971774;-46.73051759;738.0;21240;292.48415094339623;310.8841509433962;Line 201;1;20.0249062058549
-23.739464389;-46.730413475;738.0;21210;292.0710377358491;310.47103773584905;Line 201;1;20.0249062058549
-23.739211038;-46.730309361;738.0;21180;291.65792452830186;310.05792452830184;Line 201;1;20.0249062058549
-23.738957687;-46.730205247;738.0;21150;291.2448113207547;309.6448113207547;Line 201;1;20.0249062058549
-23.738704336;-46.730101134;738.0;21120;290.83169811320755;309.23169811320753;Line 201;1;20.0249062058549
-23.738450985;-46.729997021;738.0;21090;290.41858490566034;308.8185849056603;Line 201;1;20.0249062058549
-23.738197634;-46.729892909;738.0;21060;290.00547169811324;308.4054716981132;Line 201;1;20.0249062058549
-23.737944282;-46.729788797;738.0;21030;289.592358490566;307.992358490566;Line 201;1;20.0249062058549
-23.737690931;-46.729684685;738.0;21000;289.1792452830189;307.57924528301885;Line 201;1;20.0249062058549
-23.737437579;-46.729580574;738.0;20970;288.7661320754717;307.1661320754717;Line 201;1;20.0249062058549
-23.737184227;-46.729476463;738.0;20940;288.3530188679245;306.7530188679245;Line 201;1;20.0249062058549
-23.736930876;-46.729372353;738.0;20910;287.93990566037735;306.3399056603773;Line 201;1;20.0249062058549
-23.736677524;-46.729268243;738.0;20880;287.5267924528302;305.92679245283017;Line 201;1;20.0249062058549
-23.736424172;-46.729164133;738.0;20850;287.11367924528304;305.513679245283;Line 201;1;20.0249062058549
-23.736170819;-46.729060024;738.0;20820;286.7005660377359;305.10056603773586;Line 201;1;20.0249062058549
-23.735917467;-46.728955916;738.0;20790;286.28745283018867;304.68745283018865;Line 201;1;20.0249062058549
-23.735664115;-46.728851807;738.0;20760;285.8743396226415;304.2743396226415;Line 201;1;20.0249062058549
-23.735410762;-46.7287477;738.0;20730;285.4612264150943;303.8612264150943;Line 201;1;20.0249062058549
-23.73515741;-46.728643592;738.0;20700;285.04811320754715;303.4481132075471;Line 201;1;20.0249062058549
-23.734904057;-46.728539485;738.0;20670;284.63500000000005;303.035;Line 201;1;20.0249062058549
-23.734650705;-46.728435379;738.0;20640;284.22188679245284;302.6218867924528;Line 201;1;20.0249062058549
-23.734397352;-46.728331273;738.0;20610;283.8087735849057;302.20877358490566;Line 201;1;20.0249062058549
-23.734143999;-46.728227167;738.0;20580;283.39566037735847;301.79566037735844;Line 201;1;20.0249062058549
-23.733890646;-46.728123062;738.0;20550;282.9825471698113;301.3825471698113;Line 201;1;20.0249062058549
-23.733637293;-46.728018958;738.0;20520;282.56943396226416;300.96943396226413;Line 201;1;20.0249062058549
-23.733383939;-46.727914853;738.0;20490;282.15632075471694;300.5563207547169;Line 201;1;20.0249062058549
-23.733130586;-46.727810749;738.0;20460;281.74320754716985;300.1432075471698;Line 201;1;20.0249062058549
-23.732877232;-46.727706646;738.0;20430;281.33009433962263;299.7300943396226;Line 201;1;20.0249062058549
-23.732623879;-46.727602543;738.0;20400;280.9169811320755;299.31698113207545;Line 201;1;20.0249062058549
-23.732370525;-46.72749844;738.0;20370;280.5038679245283;298.9038679245283;Line 201;1;20.0249062058549
-23.732117171;-46.727394338;738.1;20340;280.0907547169811;298.4907547169811;Line 201;1;20.0249062058549
-23.731863818;-46.727290237;738.1;20310;279.67764150943395;298.07764150943393;Line 201;1;20.0249062058549
-23.731610464;-46.727186135;738.0;20280;279.2645283018868;297.6645283018868;Line 201;1;20.0249062058549
-23.73135711;-46.727082034;738.0;20250;278.85141509433964;297.2514150943396;Line 201;1;20.0249062058549
-23.731103755;-46.726977934;738.0;20220;278.4383018867925;296.83830188679246;Line 201;1;20.0249062058549
-23.730850401;-46.726873834;738.0;20190;278.0251886792453;296.42518867924525;Line 201;1;20.0249062058549
-23.730597047;-46.726769735;738.0;20160;277.6120754716981;296.0120754716981;Line 201;1;20.0249062058549
-23.730343692;-46.726665635;738.0;20130;277.1989622641509;295.5989622641509;Line 201;1;20.0249062058549
-23.730090338;-46.726561537;738.0;20100;276.78584905660375;295.18584905660373;Line 201;1;20.0249062058549
-23.729836983;-46.726457438;738.0;20070;276.37273584905665;294.77273584905663;Line 201;1;20.0249062058549
-23.729583628;-46.726353341;738.0;20040;275.95962264150944;294.3596226415094;Line 201;1;20.0249062058549
-23.729330273;-46.726249243;738.0;20010;275.5465094339623;293.94650943396226;Line 201;1;20.0249062058549
-23.729076918;-46.726145146;738.0;19980;275.1333962264151;293.53339622641505;Line 201;1;20.0249062058549
-23.728823563;-46.72604105;738.0;19950;274.7202830188679;293.1202830188679;Line 201;1;20.0249062058549
-23.728570208;-46.725936954;738.0;19920;274.30716981132076;292.70716981132074;Line 201;1;20.0249062058549
-23.728316853;-46.725832858;738.0;19890;273.89405660377355;292.2940566037735;Line 201;1;20.0249062058549
-23.728063497;-46.725728763;738.0;19860;273.48094339622645;291.8809433962264;Line 201;1;20.0249062058549
-23.727810142;-46.725624668;738.0;19830;273.06783018867924;291.4678301886792;Line 201;1;20.0249062058549
-23.727556786;-46.725520574;738.0;19800;272.6547169811321;291.05471698113206;Line 201;1;20.0249062058549
-23.727303431;-46.72541648;738.0;19770;272.2416037735849;290.6416037735849;Line 201;1;20.0249062058549
-23.727050075;-46.725312386;738.0;19740;271.8284905660377;290.2284905660377;Line 201;1;20.0249062058549
-23.726796719;-46.725208293;738.0;19710;271.41537735849056;289.81537735849054;Line 201;1;20.0249062058549
-23.726543363;-46.725104201;738.0;19680;271.00226415094335;289.4022641509433;Line 201;1;20.0249062058549
-23.726290007;-46.725000108;738.0;19650;270.58915094339625;288.9891509433962;Line 201;1;20.0249062058549
-23.726036651;-46.724896017;738.0;19620;270.1760377358491;288.57603773584907;Line 201;1;20.0249062058549
-23.725783294;-46.724791925;738.0;19590;269.7629245283019;288.16292452830186;Line 201;1;20.0249062058549
-23.725529938;-46.724687834;738.0;19560;269.3498113207547;287.7498113207547;Line 201;1;20.0249062058549
-23.725276582;-46.724583744;738.0;19530;268.9366981132075;287.3366981132075;Line 201;1;20.0249062058549
-23.725023225;-46.724479654;738.0;19500;268.52358490566036;286.92358490566033;Line 201;1;20.0249062058549
-23.724769868;-46.724375564;738.0;19470;268.1104716981132;286.5104716981132;Line 201;1;20.0249062058549
-23.724516511;-46.724271475;738.0;19440;267.69735849056605;286.097358490566;Line 201;1;20.0249062058549
-23.724263155;-46.724167386;738.0;19410;267.2842452830189;285.68424528301887;Line 201;1;20.0249062058549
-23.724009798;-46.724063298;738.0;19380;266.8711320754717;285.27113207547166;Line 201;1;20.0249062058549
-23.72375644;-46.72395921;738.0;19350;266.4580188679245;284.8580188679245;Line 201;1;20.0249062058549
-23.723503083;-46.723855122;738.0;19320;266.04490566037737;284.44490566037734;Line 201;1;20.0249062058549
-23.723249726;-46.723751035;738.0;19290;265.63179245283015;284.03179245283013;Line 201;1;20.0249062058549
-23.722996368;-46.723646949;738.0;19260;265.21867924528306;283.61867924528303;Line 201;1;20.0249062058549
-23.722743011;-46.723542863;738.0;19230;264.80556603773584;283.2055660377358;Line 201;1;20.0249062058549
-23.722489653;-46.723438777;738.0;19200;264.3924528301887;282.79245283018867;Line 201;1;20.0249062058549
-23.722236296;-46.723334692;738.0;19170;263.97933962264153;282.3793396226415;Line 201;1;20.0249062058549
-23.721982938;-46.723230607;738.0;19140;263.5662264150943;281.9662264150943;Line 201;1;20.0249062058549
-23.72172958;-46.723126522;738.0;19110;263.15311320754716;281.55311320754714;Line 201;1;20.0249062058549
-23.721476222;-46.723022438;738.0;19080;262.73999999999995;281.13999999999993;Line 201;1;20.0249062058549
-23.721222864;-46.722918355;738.0;19050;262.32688679245285;280.72688679245283;Line 201;1;20.0249062058549
-23.720969506;-46.722814272;738.0;19020;261.9137735849057;280.3137735849057;Line 201;1;20.0249062058549
-23.720716147;-46.722710189;738.0;18990;261.5006603773585;279.90066037735846;Line 201;1;20.0249062058549
-23.720462789;-46.722606107;738.0;18960;261.08754716981133;279.4875471698113;Line 201;1;20.0249062058549
-23.72020943;-46.722502025;738.0;18930;260.6744339622641;279.0744339622641;Line 201;1;20.0249062058549
-23.719956072;-46.722397943;738.0;18900;260.26132075471696;278.66132075471694;Line 201;1;20.0249062058549
-23.719702713;-46.722293862;738.0;18870;259.8482075471698;278.2482075471698;Line 201;1;20.0249062058549
-23.719449354;-46.722189782;738.0;18840;259.43509433962265;277.83509433962263;Line 201;1;20.0249062058549
-23.719195995;-46.722085702;738.0;18810;259.0219811320755;277.4219811320755;Line 201;1;20.0249062058549
-23.718942636;-46.721981622;738.0;18780;258.6088679245283;277.00886792452826;Line 201;1;20.0249062058549
-23.718689277;-46.721877543;738.0;18750;258.1957547169811;276.5957547169811;Line 201;1;20.0249062058549
-23.718435918;-46.721773464;738.0;18720;257.782641509434;276.18264150943395;Line 201;1;20.0249062058549
-23.718182558;-46.721669385;738.0;18690;257.36952830188676;275.76952830188674;Line 201;1;20.0249062058549
-23.717929199;-46.721565307;738.0;18660;256.95641509433966;275.35641509433964;Line 201;1;20.0249062058549
-23.717675839;-46.72146123;738.0;18630;256.54330188679245;274.9433018867924;Line 201;1;20.0249062058549
-23.71742248;-46.721357153;738.0;18600;256.1301886792453;274.53018867924527;Line 201;1;20.0249062058549
-23.71716912;-46.721253076;738.0;18570;255.71707547169814;274.1170754716981;Line 201;1;20.0249062058549
-23.71691576;-46.721149;738.0;18540;255.30396226415093;273.7039622641509;Line 201;1;20.0249062058549
-23.7166624;-46.721044924;738.0;18510;254.8908490566038;273.2908490566038;Line 201;1;20.0249062058549
-23.71640904;-46.720940849;738.0;18480;254.4777358490566;272.8777358490566;Line 201;1;20.0249062058549
-23.71615568;-46.720836774;738.0;18450;254.06462264150943;272.46462264150944;Line 201;1;20.0249062058549
-23.71590232;-46.720732699;738.0;18420;253.65150943396227;272.0515094339623;Line 201;1;20.0249062058549
-23.715648959;-46.720628625;738.0;18390;253.2383962264151;271.63839622641507;Line 201;1;20.0249062058549
-23.715395599;-46.720524551;738.0;18360;252.82528301886794;271.2252830188679;Line 201;1;20.0249062058549
-23.715142238;-46.720420478;738.0;18330;252.41216981132072;270.8121698113207;Line 201;1;20.0249062058549
-23.714888878;-46.720316405;738.0;18300;251.9990566037736;270.3990566037736;Line 201;1;20.0249062058549
-23.714635517;-46.720212333;738.0;18270;251.58594339622644;269.98594339622645;Line 201;1;20.0249062058549
-23.714382156;-46.720108261;738.0;18240;251.17283018867923;269.57283018867923;Line 201;1;20.0249062058549
-23.714128795;-46.720004189;738.0;18210;250.75971698113207;269.1597169811321;Line 201;1;20.0249062058549
-23.713875434;-46.719900118;738.0;18180;250.3466037735849;268.74660377358487;Line 201;1;20.0249062058549
-23.713622073;-46.719796048;738.0;18150;249.93349056603773;268.3334905660377;Line 201;1;20.0249062058549
-23.713368712;-46.719691978;738.0;18120;249.52037735849058;267.92037735849055;Line 201;1;20.0249062058549
-23.71311535;-46.719587908;738.0;18090;249.1072641509434;267.5072641509434;Line 201;1;20.0249062058549
-23.712861989;-46.719483838;738.0;18060;248.69415094339624;267.09415094339624;Line 201;1;20.0249062058549
-23.712608627;-46.719379769;738.0;18030;248.28103773584903;266.68103773584903;Line 201;1;20.0249062058549
-23.712355266;-46.719275701;738.0;18000;247.8679245283019;266.2679245283019;Line 201;1;20.0249062058549
-23.712101904;-46.719171633;738.0;17970;247.45481132075474;265.8548113207547;Line 201;1;20.0249062058549
-23.711848542;-46.719067565;738.0;17940;247.04169811320753;265.4416981132075;Line 201;1;20.0249062058549
-23.71159518;-46.718963498;738.0;17910;246.62858490566038;265.02858490566035;Line 201;1;20.0249062058549
-23.711341818;-46.718859431;738.0;17880;246.2154716981132;264.6154716981132;Line 201;1;20.0249062058549
-23.711088456;-46.718755365;738.0;17850;245.80235849056604;264.20235849056604;Line 201;1;20.0249062058549
-23.710835093;-46.718651299;738.0;17820;245.38924528301888;263.7892452830189;Line 201;1;20.0249062058549
-23.710581731;-46.718547234;738.0;17790;244.9761320754717;263.3761320754717;Line 201;1;20.0249062058549
-23.710328369;-46.718443169;738.0;17760;244.56301886792454;262.9630188679245;Line 201;1;20.0249062058549
-23.710075006;-46.718339104;738.0;17730;244.14990566037733;262.5499056603773;Line 201;1;20.0249062058549
-23.709821643;-46.71823504;738.0;17700;243.7367924528302;262.1367924528302;Line 201;1;20.0249062058549
-23.709568281;-46.718130976;738.0;17670;243.32367924528305;261.72367924528305;Line 201;1;20.0249062058549
-23.709314918;-46.718026913;738.0;17640;242.91056603773583;261.31056603773584;Line 201;1;20.0249062058549
-23.709061555;-46.71792285;738.0;17610;242.49745283018868;260.8974528301887;Line 201;1;20.0249062058549
-23.708808192;-46.717818787;738.0;17580;242.0843396226415;260.48433962264147;Line 201;1;20.0249062058549
-23.708554828;-46.717714725;738.0;17550;241.67122641509434;260.0712264150943;Line 201;1;20.0249062058549
-23.708301465;-46.717610664;738.0;17520;241.25811320754718;259.65811320754716;Line 201;1;20.0249062058549
-23.708048102;-46.717506603;738.0;17490;240.845;259.245;Line 201;1;20.0249062058549
-23.707794738;-46.717402542;738.0;17460;240.43188679245284;258.83188679245285;Line 201;1;20.0249062058549
-23.707541375;-46.717298481;738.0;17430;240.01877358490563;258.41877358490564;Line 201;1;20.0249062058549
-23.707288011;-46.717194422;738.0;17400;239.6056603773585;258.0056603773585;Line 201;1;20.0249062058549
-23.707034647;-46.717090362;738.0;17370;239.19254716981132;257.5925471698113;Line 201;1;20.0249062058549
-23.706781283;-46.716986303;738.0;17340;238.77943396226414;257.1794339622641;Line 201;1;20.0249062058549
-23.706527919;-46.716882245;738.0;17310;238.36632075471698;256.76632075471696;Line 201;1;20.0249062058549
-23.706274555;-46.716778186;738.0;17280;237.95320754716982;256.35320754716986;Line 201;1;20.0249062058549
-23.706021191;-46.716674129;738.0;17250;237.54009433962264;255.94009433962265;Line 201;1;20.0249062058549
-23.705767827;-46.716570071;738.0;17220;237.12698113207546;255.52698113207546;Line 201;1;20.0249062058549
-23.705514462;-46.716466015;738.0;17190;236.7138679245283;255.1138679245283;Line 201;1;20.0249062058549
-23.705261098;-46.716361958;738.0;17160;236.30075471698115;254.70075471698115;Line 201;1;20.0249062058549
-23.705007733;-46.716257902;738.0;17130;235.88764150943396;254.28764150943397;Line 201;1;20.0249062058549
-23.704754369;-46.716153847;738.2;17100;235.4745283018868;253.8745283018868;Line 201;1;20.0249062058549
-23.704501004;-46.716049791;738.4;17070;235.06141509433962;253.46141509433963;Line 201;1;20.0249062058549
-23.704247639;-46.715945737;738.8;17040;234.64830188679244;253.04830188679244;Line 201;1;20.0249062058549
-23.703994274;-46.715841682;739.2;17010;234.23518867924528;252.6351886792453;Line 201;1;20.0249062058549
-23.703740909;-46.715737629;740.0;16980;233.82207547169813;252.22207547169813;Line 201;1;20.0249062058549
-23.703487543;-46.715633575;741.0;16950;233.40896226415094;251.80896226415095;Line 201;1;20.0249062058549
-23.703234178;-46.715529522;741.6;16920;232.99584905660376;251.39584905660377;Line 201;1;20.0249062058549
-23.702980813;-46.71542547;741.6;16890;232.5827358490566;250.9827358490566;Line 201;1;20.0249062058549
-23.702727447;-46.715321417;741.5;16860;232.16962264150945;250.56962264150945;Line 201;1;20.0249062058549
-23.702474082;-46.715217366;741.3;16830;231.75650943396226;250.15650943396227;Line 201;1;20.0249062058549
-23.702220716;-46.715113315;743.1;16800;231.34339622641508;249.7433962264151;Line 201;1;20.0249062058549
-23.70196735;-46.715009264;745.1;16770;230.93028301886793;249.33028301886793;Line 201;1;20.0249062058549
-23.701713984;-46.714905213;747.2;16740;230.51716981132074;248.91716981132075;Line 201;1;20.0249062058549
-23.701460618;-46.714801163;748.1;16710;230.10405660377359;248.5040566037736;Line 201;1;20.0249062058549
-23.701207252;-46.714697114;748.6;16680;229.69094339622643;248.09094339622644;Line 201;1;20.0249062058549
-23.700953886;-46.714593065;749.0;16650;229.27783018867925;247.67783018867925;Line 201;1;20.0249062058549
-23.70070052;-46.714489016;749.1;16620;228.86471698113206;247.26471698113207;Line 201;1;20.0249062058549
-23.700447153;-46.714384968;749.2;16590;228.4516037735849;246.8516037735849;Line 201;1;20.0249062058549
-23.700193787;-46.71428092;749.5;16560;228.03849056603775;246.43849056603776;Line 201;1;20.0249062058549
-23.69994042;-46.714176873;749.8;16530;227.62537735849057;246.02537735849057;Line 201;1;20.0249062058549
-23.699687053;-46.714072826;749.3;16500;227.21226415094338;245.6122641509434;Line 201;1;20.0249062058549
-23.699433686;-46.713968779;749.0;16470;226.79915094339623;245.19915094339623;Line 201;1;20.0249062058549
-23.699180319;-46.713864733;748.7;16440;226.38603773584904;244.78603773584905;Line 201;1;20.0249062058549
-23.698926952;-46.713760687;748.5;16410;225.9729245283019;244.3729245283019;Line 201;1;20.0249062058549
-23.698673585;-46.713656642;748.5;16380;225.55981132075473;243.95981132075474;Line 201;1;20.0249062058549
-23.698420218;-46.713552597;748.8;16350;225.14669811320755;243.54669811320755;Line 201;1;20.0249062058549
-23.698166851;-46.713448553;749.3;16320;224.73358490566036;243.13358490566037;Line 201;1;20.0249062058549
-23.697913483;-46.713344509;749.5;16290;224.3204716981132;242.72047169811322;Line 201;1;20.0249062058549
-23.697660116;-46.713240465;749.6;16260;223.90735849056605;242.30735849056606;Line 201;1;20.0249062058549
-23.697406748;-46.713136422;749.9;16230;223.49424528301887;241.89424528301888;Line 201;1;20.0249062058549
-23.69715338;-46.71303238;750.3;16200;223.0811320754717;241.4811320754717;Line 201;1;20.0249062058549
-23.696900013;-46.712928337;750.6;16170;222.66801886792453;241.06801886792454;Line 201;1;20.0249062058549
-23.696646645;-46.712824296;750.8;16140;222.25490566037735;240.65490566037735;Line 201;1;20.0249062058549
-23.696393277;-46.712720254;751.0;16110;221.8417924528302;240.2417924528302;Line 201;1;20.0249062058549
-23.696139908;-46.712616213;751.4;16080;221.42867924528304;239.82867924528304;Line 201;1;20.0249062058549
-23.69588654;-46.712512173;751.9;16050;221.01556603773585;239.41556603773586;Line 201;1;20.0249062058549
-23.695633172;-46.712408133;751.6;16020;220.60245283018867;239.00245283018867;Line 201;1;20.0249062058549
-23.695379803;-46.712304093;751.1;15990;220.1893396226415;238.58933962264152;Line 201;1;20.0249062058549
-23.695126435;-46.712200054;750.5;15960;219.77622641509436;238.17622641509436;Line 201;1;20.0249062058549
-23.694873066;-46.712096015;750.3;15930;219.36311320754717;237.76311320754718;Line 201;1;20.0249062058549
-23.694619697;-46.711991977;750.3;15900;218.95;237.35;Line 201;1;20.0249062058549
-23.694366329;-46.711887939;750.1;15870;218.53688679245283;236.93688679245284;Line 201;1;20.0249062058549
-23.69411296;-46.711783901;749.9;15840;218.12377358490565;236.52377358490565;Line 201;1;20.0249062058549
-23.693859591;-46.711679864;750.0;15810;217.7106603773585;236.1106603773585;Line 201;1;20.0249062058549
-23.693606221;-46.711575828;750.1;15780;217.29754716981134;235.69754716981134;Line 201;1;20.0249062058549
-23.693352852;-46.711471792;750.0;15750;216.88443396226415;235.28443396226416;Line 201;1;20.0249062058549
-23.693099483;-46.711367756;750.0;15720;216.47132075471697;234.87132075471698;Line 201;1;20.0249062058549
-23.692846113;-46.71126372;750.0;15690;216.05820754716981;234.45820754716982;Line 201;1;20.0249062058549
-23.692592744;-46.711159686;750.0;15660;215.64509433962266;234.04509433962266;Line 201;1;20.0249062058549
-23.692339374;-46.711055651;750.4;15630;215.23198113207548;233.63198113207548;Line 201;1;20.0249062058549
-23.692086004;-46.710951617;751.1;15600;214.8188679245283;233.2188679245283;Line 201;1;20.0249062058549
-23.691832635;-46.710847583;751.6;15570;214.40575471698114;232.80575471698114;Line 201;1;20.0249062058549
-23.691579265;-46.71074355;752.3;15540;213.99264150943395;232.39264150943396;Line 201;1;20.0249062058549
-23.691325895;-46.710639517;752.9;15510;213.5795283018868;231.9795283018868;Line 201;1;20.0249062058549
-23.691072524;-46.710535485;753.4;15480;213.16641509433964;231.56641509433965;Line 201;1;20.0249062058549
-23.690819154;-46.710431453;753.6;15450;212.75330188679246;231.15330188679246;Line 201;1;20.0249062058549
-23.690565784;-46.710327422;754.0;15420;212.34018867924527;230.74018867924528;Line 201;1;20.0249062058549
-23.690312413;-46.710223391;754.6;15390;211.9270754716981;230.3270754716981;Line 201;1;20.0249062058549
-23.690059043;-46.71011936;755.6;15360;211.51396226415096;229.91396226415097;Line 201;1;20.0249062058549
-23.689805672;-46.71001533;755.5;15330;211.10084905660378;229.50084905660378;Line 201;1;20.0249062058549
-23.689552301;-46.7099113;754.9;15300;210.6877358490566;229.0877358490566;Line 201;1;20.0249062058549
-23.68929893;-46.709807271;754.3;15270;210.27462264150944;228.67462264150944;Line 201;1;20.0249062058549
-23.689045559;-46.709703242;754.0;15240;209.86150943396225;228.26150943396226;Line 201;1;20.0249062058549
-23.688792188;-46.709599214;754.2;15210;209.4483962264151;227.8483962264151;Line 201;1;20.0249062058549
-23.688538817;-46.709495186;754.6;15180;209.03528301886794;227.43528301886795;Line 201;1;20.0249062058549
-23.688285446;-46.709391158;755.1;15150;208.62216981132076;227.02216981132077;Line 201;1;20.0249062058549
-23.688032074;-46.709287131;755.2;15120;208.20905660377358;226.60905660377358;Line 201;1;20.0249062058549
-23.687778703;-46.709183104;755.3;15090;207.7959433962264;226.1959433962264;Line 201;1;20.0249062058549
-23.687525331;-46.709079078;754.9;15060;207.38283018867926;225.78283018867927;Line 201;1;20.0249062058549
-23.68727196;-46.708975052;754.4;15030;206.96971698113208;225.3697169811321;Line 201;1;20.0249062058549
-23.687018588;-46.708871027;754.1;15000;206.5566037735849;224.9566037735849;Line 201;1;20.0249062058549
-23.686765216;-46.708767002;754.0;14970;206.14349056603774;224.54349056603775;Line 201;1;20.0249062058549
-23.686511844;-46.708662977;754.4;14940;205.73037735849056;224.13037735849056;Line 201;1;20.0249062058549
-23.686258472;-46.708558953;754.9;14910;205.3172641509434;223.7172641509434;Line 201;1;20.0249062058549
-23.6860051;-46.708454929;755.5;14880;204.90415094339622;223.30415094339622;Line 201;1;20.0249062058549
-23.685751728;-46.708350906;755.8;14850;204.49103773584906;222.89103773584907;Line 201;1;20.0249062058549
-23.685498355;-46.708246883;755.2;14820;204.07792452830188;222.47792452830188;Line 201;1;20.0249062058549
-23.685244983;-46.70814286;754.6;14790;203.6648113207547;222.0648113207547;Line 201;1;20.0249062058549
-23.68499161;-46.708038838;754.0;14760;203.25169811320757;221.65169811320757;Line 201;1;20.0249062058549
-23.684738237;-46.707934817;754.2;14730;202.83858490566038;221.2385849056604;Line 201;1;20.0249062058549
-23.684484865;-46.707830796;754.2;14700;202.4254716981132;220.8254716981132;Line 201;1;20.0249062058549
-23.684231492;-46.707726775;754.3;14670;202.01235849056604;220.41235849056605;Line 201;1;20.0249062058549
-23.683978119;-46.707622755;754.8;14640;201.59924528301886;219.99924528301887;Line 201;1;20.0249062058549
-23.683724746;-46.707518735;755.6;14610;201.1861320754717;219.5861320754717;Line 201;1;20.0249062058549
-23.683471372;-46.707414716;756.4;14580;200.77301886792452;219.17301886792453;Line 201;1;20.0249062058549
-23.683217999;-46.707310697;756.9;14550;200.35990566037736;218.75990566037737;Line 201;1;20.0249062058549
-23.682964626;-46.707206678;756.9;14520;199.94679245283018;218.3467924528302;Line 201;1;20.0249062058549
-23.682711252;-46.70710266;756.9;14490;199.533679245283;217.933679245283;Line 201;1;20.0249062058549
-23.682457879;-46.706998642;756.8;14460;199.12056603773587;217.52056603773588;Line 201;1;20.0249062058549
-23.682204505;-46.706894625;756.5;14430;198.70745283018869;217.1074528301887;Line 201;1;20.0249062058549
-23.681951131;-46.706790608;755.9;14400;198.2943396226415;216.6943396226415;Line 201;1;20.0249062058549
-23.681697757;-46.706686592;755.2;14370;197.88122641509435;216.28122641509435;Line 201;1;20.0249062058549
-23.681444383;-46.706582576;754.4;14340;197.46811320754716;215.86811320754717;Line 201;1;20.0249062058549
-23.681191009;-46.70647856;753.5;14310;197.055;215.455;Line 201;1;20.0249062058549
-23.680937635;-46.706374545;752.5;14280;196.64188679245282;215.04188679245283;Line 201;1;20.0249062058549
-23.680684261;-46.70627053;751.1;14250;196.22877358490567;214.62877358490567;Line 201;1;20.0249062058549
-23.680430886;-46.706166516;749.5;14220;195.81566037735848;214.2156603773585;Line 201;1;20.0249062058549
-23.680177512;-46.706062502;747.7;14190;195.4025471698113;213.8025471698113;Line 201;1;20.0249062058549
-23.679924137;-46.705958489;745.4;14160;194.98943396226417;213.38943396226418;Line 201;1;20.0249062058549
-23.679670762;-46.705854476;742.4;14130;194.576320754717;212.976320754717;Line 201;1;20.0249062058549
-23.679417388;-46.705750463;739.8;14100;194.1632075471698;212.5632075471698;Line 201;1;20.0249062058549
-23.679164013;-46.705646451;737.5;14070;193.75009433962265;212.15009433962265;Line 201;1;20.0249062058549
-23.678910638;-46.70554244;736.9;14040;193.33698113207546;211.73698113207547;Line 201;1;20.0249062058549
-23.678657263;-46.705438428;736.2;14010;192.9238679245283;211.32386792452832;Line 201;1;20.0249062058549
-23.678403887;-46.705334417;735.3;13980;192.51075471698113;210.91075471698113;Line 201;1;20.0249062058549
-23.678150512;-46.705230407;735.0;13950;192.09764150943397;210.49764150943398;Line 201;1;20.0249062058549
-23.677897137;-46.705126397;734.9;13920;191.6845283018868;210.0845283018868;Line 201;1;20.0249062058549
-23.677643761;-46.705022388;734.9;13890;191.2714150943396;209.6714150943396;Line 201;1;20.0249062058549
-23.677390386;-46.704918378;734.4;13860;190.85830188679247;209.25830188679248;Line 201;1;20.0249062058549
-23.67713701;-46.70481437;733.0;13830;190.4451886792453;208.8451886792453;Line 201;1;20.0249062058549
-23.676883634;-46.704710362;731.7;13800;190.0320754716981;208.4320754716981;Line 201;1;20.0249062058549
-23.676630258;-46.704606354;730.5;13770;189.61896226415095;208.01896226415096;Line 201;1;20.0249062058549
-23.676376882;-46.704502346;730.2;13740;189.20584905660377;207.60584905660377;Line 201;1;20.0249062058549
-23.676123506;-46.704398339;729.8;13710;188.7927358490566;207.19273584905662;Line 201;1;20.0249062058549
-23.67587013;-46.704294333;729.3;13680;188.37962264150943;206.77962264150943;Line 201;1;20.0249062058549
-23.675616753;-46.704190327;728.0;13650;187.96650943396227;206.36650943396228;Line 201;1;20.0249062058549
-23.675363377;-46.704086321;727.0;13620;187.5533962264151;205.9533962264151;Line 201;1;20.0249062058549
-23.67511;-46.703982316;726.5;13590;187.1402830188679;205.5402830188679;Line 201;1;20.0249062058549
-23.674856624;-46.703878311;727.2;13560;186.72716981132078;205.12716981132078;Line 201;1;20.0249062058549
-23.674603247;-46.703774307;728.6;13530;186.3140566037736;204.7140566037736;Line 201;1;20.0249062058549
-23.67434987;-46.703670303;729.7;13500;185.9009433962264;204.30094339622642;Line 201;1;20.0249062058549
-23.674096493;-46.703566299;730.5;13470;185.48783018867923;203.88783018867923;Line 201;1;20.0249062058549
-23.673843116;-46.703462296;730.9;13440;185.07471698113207;203.47471698113208;Line 201;1;20.0249062058549
-23.673589739;-46.703358294;731.0;13410;184.66160377358491;203.06160377358492;Line 201;1;20.0249062058549
-23.673336362;-46.703254291;730.9;13380;184.24849056603773;202.64849056603774;Line 201;1;20.0249062058549
-23.673082985;-46.70315029;731.2;13350;183.83537735849058;202.23537735849058;Line 201;1;20.0249062058549
-23.672829607;-46.703046288;731.2;13320;183.4222641509434;201.8222641509434;Line 201;1;20.0249062058549
-23.67257623;-46.702942287;731.1;13290;183.0091509433962;201.4091509433962;Line 201;1;20.0249062058549
-23.672322852;-46.702838287;730.8;13260;182.59603773584908;200.9960377358491;Line 201;1;20.0249062058549
-23.672069474;-46.702734287;730.7;13230;182.1829245283019;200.5829245283019;Line 201;1;20.0249062058549
-23.671816096;-46.702630287;730.9;13200;181.7698113207547;200.16981132075472;Line 201;1;20.0249062058549
-23.671562719;-46.702526288;731.2;13170;181.35669811320753;199.75669811320753;Line 201;1;20.0249062058549
-23.671309341;-46.702422289;731.3;13140;180.94358490566037;199.34358490566038;Line 201;1;20.0249062058549
-23.671055962;-46.702318291;731.5;13110;180.53047169811322;198.93047169811322;Line 201;1;20.0249062058549
-23.670802584;-46.702214293;731.6;13080;180.11735849056603;198.51735849056604;Line 201;1;20.0249062058549
-23.670549206;-46.702110295;731.5;13050;179.70424528301888;198.10424528301888;Line 201;1;20.0249062058549
-23.670295827;-46.702006298;731.5;13020;179.2911320754717;197.6911320754717;Line 201;1;20.0249062058549
-23.670042449;-46.701902302;731.7;12990;178.8780188679245;197.27801886792452;Line 201;1;20.0249062058549
-23.66978907;-46.701798305;731.8;12960;178.46490566037738;196.8649056603774;Line 201;1;20.0249062058549
-23.669535691;-46.70169431;732.0;12930;178.0517924528302;196.4517924528302;Line 201;1;20.0249062058549
-23.669282313;-46.701590314;732.3;12900;177.63867924528302;196.03867924528302;Line 201;1;20.0249062058549
-23.669028934;-46.701486319;732.9;12870;177.22556603773583;195.62556603773584;Line 201;1;20.0249062058549
-23.668775555;-46.701382325;733.2;12840;176.81245283018868;195.21245283018868;Line 201;1;20.0249062058549
-23.668522175;-46.701278331;733.2;12810;176.39933962264152;194.79933962264153;Line 201;1;20.0249062058549
-23.668268796;-46.701174337;732.9;12780;175.98622641509434;194.38622641509434;Line 201;1;20.0249062058549
-23.668015417;-46.701070344;732.4;12750;175.57311320754718;193.9731132075472;Line 201;1;20.0249062058549
-23.667762037;-46.700966351;732.1;12720;175.16;193.56;Line 201;1;20.0249062058549
-23.667508658;-46.700862359;731.9;12690;174.7468867924528;193.14688679245282;Line 201;1;20.0249062058549
-23.667255278;-46.700758367;733.7;12660;174.33377358490566;192.73377358490566;Line 201;1;20.0249062058549
-23.667001898;-46.700654375;735.7;12630;173.9206603773585;192.3206603773585;Line 201;1;20.0249062058549
-23.666748519;-46.700550384;737.8;12600;173.50754716981132;191.90754716981132;Line 201;1;20.0249062058549
-23.666495139;-46.700446394;738.6;12570;173.09443396226413;191.49443396226414;Line 201;1;20.0249062058549
-23.666241759;-46.700342404;738.3;12540;172.68132075471698;191.08132075471698;Line 201;1;20.0249062058549
-23.665988378;-46.700238414;737.4;12510;172.26820754716982;190.66820754716983;Line 201;1;20.0249062058549
-23.665734998;-46.700134424;736.8;12480;171.85509433962264;190.25509433962264;Line 201;1;20.0249062058549
-23.665481618;-46.700030436;737.4;12450;171.44198113207548;189.8419811320755;Line 201;1;20.0249062058549
-23.665228237;-46.699926447;738.2;12420;171.0288679245283;189.4288679245283;Line 201;1;20.0249062058549
-23.664974857;-46.699822459;739.2;12390;170.61575471698112;189.01575471698112;Line 201;1;20.0249062058549
-23.664721476;-46.699718471;741.8;12360;170.20264150943396;188.60264150943397;Line 201;1;20.0249062058549
-23.664468095;-46.699614484;744.4;12330;169.7895283018868;188.1895283018868;Line 201;1;20.0249062058549
-23.664214715;-46.699510497;747.1;12300;169.37641509433962;187.77641509433963;Line 201;1;20.0249062058549
-23.663961334;-46.699406511;747.7;12270;168.96330188679244;187.36330188679244;Line 201;1;20.0249062058549
-23.663707953;-46.699302525;747.8;12240;168.55018867924528;186.9501886792453;Line 201;1;20.0249062058549
-23.663454571;-46.69919854;748.0;12210;168.13707547169813;186.53707547169813;Line 201;1;20.0249062058549
-23.66320119;-46.699094555;747.9;12180;167.72396226415094;186.12396226415095;Line 201;1;20.0249062058549
-23.662947809;-46.69899057;747.6;12150;167.3108490566038;185.7108490566038;Line 201;1;20.0249062058549
-23.662694427;-46.698886586;747.5;12120;166.8977358490566;185.2977358490566;Line 201;1;20.0249062058549
-23.662441046;-46.698782602;747.1;12090;166.48462264150942;184.88462264150942;Line 201;1;20.0249062058549
-23.662187664;-46.698678619;746.1;12060;166.07150943396226;184.47150943396227;Line 201;1;20.0249062058549
-23.661934282;-46.698574636;745.7;12030;165.6583962264151;184.0583962264151;Line 201;1;20.0249062058549
-23.6616809;-46.698470653;745.7;12000;165.24528301886792;183.64528301886793;Line 201;1;20.0249062058549
-23.661427518;-46.698366671;746.1;11970;164.83216981132074;183.23216981132074;Line 201;1;20.0249062058549
-23.661174136;-46.69826269;746.4;11940;164.41905660377358;182.8190566037736;Line 201;1;20.0249062058549
-23.660920754;-46.698158709;746.7;11910;164.00594339622643;182.40594339622643;Line 201;1;20.0249062058549
-23.660667372;-46.698054728;746.5;11880;163.59283018867924;181.99283018867925;Line 201;1;20.0249062058549
-23.66041399;-46.697950748;746.0;11850;163.1797169811321;181.5797169811321;Line 201;1;20.0249062058549
-23.660160607;-46.697846768;745.4;11820;162.7666037735849;181.1666037735849;Line 201;1;20.0249062058549
-23.659907225;-46.697742788;745.0;11790;162.35349056603772;180.75349056603773;Line 201;1;20.0249062058549
-23.659653842;-46.697638809;745.0;11760;161.94037735849057;180.34037735849057;Line 201;1;20.0249062058549
-23.659400459;-46.697534831;744.7;11730;161.5272641509434;179.92726415094342;Line 201;1;20.0249062058549
-23.659147076;-46.697430852;744.3;11700;161.11415094339623;179.51415094339623;Line 201;1;20.0249062058549
-23.658893693;-46.697326875;745.8;11670;160.70103773584904;179.10103773584905;Line 201;1;20.0249062058549
-23.65864031;-46.697222897;747.2;11640;160.2879245283019;178.6879245283019;Line 201;1;20.0249062058549
-23.658386927;-46.69711892;748.3;11610;159.87481132075473;178.27481132075474;Line 201;1;20.0249062058549
-23.658133544;-46.697014944;749.1;11580;159.46169811320755;177.86169811320755;Line 201;1;20.0249062058549
-23.65788016;-46.696910968;749.9;11550;159.0485849056604;177.4485849056604;Line 201;1;20.0249062058549
-23.657626777;-46.696806992;750.7;11520;158.6354716981132;177.0354716981132;Line 201;1;20.0249062058549
-23.657373393;-46.696703017;751.6;11490;158.22235849056602;176.62235849056603;Line 201;1;20.0249062058549
-23.65712001;-46.696599042;752.8;11460;157.80924528301887;176.20924528301887;Line 201;1;20.0249062058549
-23.656866626;-46.696495068;753.9;11430;157.3961320754717;175.79613207547172;Line 201;1;20.0249062058549
-23.656613242;-46.696391094;754.9;11400;156.98301886792453;175.38301886792453;Line 201;1;20.0249062058549
-23.656359858;-46.696287121;755.7;11370;156.56990566037734;174.96990566037735;Line 201;1;20.0249062058549
-23.656106474;-46.696183148;756.2;11340;156.1567924528302;174.5567924528302;Line 201;1;20.0249062058549
-23.65585309;-46.696079175;756.4;11310;155.74367924528303;174.14367924528304;Line 201;1;20.0249062058549
-23.655599705;-46.695975203;756.4;11280;155.33056603773585;173.73056603773585;Line 201;1;20.0249062058549
-23.655346321;-46.695871231;756.8;11250;154.91745283018867;173.31745283018867;Line 201;1;20.0249062058549
-23.655092937;-46.69576726;757.7;11220;154.5043396226415;172.90433962264152;Line 201;1;20.0249062058549
-23.654839552;-46.695663289;758.3;11190;154.09122641509433;172.49122641509433;Line 201;1;20.0249062058549
-23.654586167;-46.695559319;759.3;11160;153.67811320754717;172.07811320754718;Line 201;1;20.0249062058549
-23.654332783;-46.695455349;760.6;11130;153.26500000000001;171.66500000000002;Line 201;1;20.0249062058549
-23.654079398;-46.695351379;761.8;11100;152.85188679245283;171.25188679245284;Line 201;1;20.0249062058549
-23.653826013;-46.69524741;762.2;11070;152.43877358490565;170.83877358490565;Line 201;1;20.0249062058549
-23.653572628;-46.695143441;762.6;11040;152.0256603773585;170.4256603773585;Line 201;1;20.0249062058549
-23.653319242;-46.695039473;762.9;11010;151.61254716981134;170.01254716981134;Line 201;1;20.0249062058549
-23.653065857;-46.694935505;762.8;10980;151.19943396226415;169.59943396226416;Line 201;1;20.0249062058549
-23.652812472;-46.694831538;762.8;10950;150.78632075471697;169.18632075471697;Line 201;1;20.0249062058549
-23.652559086;-46.694727571;763.0;10920;150.3732075471698;168.77320754716982;Line 201;1;20.0249062058549
-23.652305701;-46.694623604;763.4;10890;149.96009433962263;168.36009433962263;Line 201;1;20.0249062058549
-23.652052315;-46.694519638;763.7;10860;149.54698113207547;167.94698113207548;Line 201;1;20.0249062058549
-23.651798929;-46.694415672;764.1;10830;149.13386792452832;167.53386792452832;Line 201;1;20.0249062058549
-23.651545543;-46.694311707;766.1;10800;148.72075471698113;167.12075471698114;Line 201;1;20.0249062058549
-23.651292157;-46.694207742;770.1;10770;148.30764150943395;166.70764150943396;Line 201;1;20.0249062058549
-23.651038771;-46.694103777;774.5;10740;147.8945283018868;166.2945283018868;Line 201;1;20.0249062058549
-23.650785385;-46.693999813;779.0;10710;147.48141509433964;165.88141509433964;Line 201;1;20.0249062058549
-23.650531999;-46.69389585;784.6;10680;147.06830188679245;165.46830188679246;Line 201;1;20.0249062058549
-23.650278612;-46.693791887;789.0;10650;146.65518867924527;165.05518867924528;Line 201;1;20.0249062058549
-23.650025226;-46.693687924;792.4;10620;146.24207547169812;164.64207547169812;Line 201;1;20.0249062058549
-23.649771839;-46.693583962;793.0;10590;145.82896226415093;164.22896226415094;Line 201;1;20.0249062058549
-23.649518452;-46.69348;793.8;10560;145.41584905660378;163.81584905660378;Line 201;1;20.0249062058549
-23.649265066;-46.693376038;795.3;10530;145.00273584905662;163.40273584905663;Line 201;1;20.0249062058549
-23.649011679;-46.693272077;795.5;10500;144.58962264150944;162.98962264150944;Line 201;1;20.0249062058549
-23.648758292;-46.693168117;795.1;10470;144.17650943396225;162.57650943396226;Line 201;1;20.0249062058549
-23.648504905;-46.693064157;795.4;10440;143.7633962264151;162.1633962264151;Line 201;1;20.0249062058549
-23.648251517;-46.692960197;796.0;10410;143.35028301886794;161.75028301886795;Line 201;1;20.0249062058549
-23.64799813;-46.692856238;795.6;10380;142.93716981132076;161.33716981132076;Line 201;1;20.0249062058549
-23.647744743;-46.692752279;795.1;10350;142.52405660377357;160.92405660377358;Line 201;1;20.0249062058549
-23.647491355;-46.69264832;794.5;10320;142.11094339622642;160.51094339622642;Line 201;1;20.0249062058549
-23.647237968;-46.692544362;795.7;10290;141.69783018867923;160.09783018867924;Line 201;1;20.0249062058549
-23.64698458;-46.692440405;797.6;10260;141.28471698113208;159.68471698113208;Line 201;1;20.0249062058549
-23.646731192;-46.692336448;800.1;10230;140.87160377358492;159.27160377358493;Line 201;1;20.0249062058549
-23.646477804;-46.692232491;802.8;10200;140.45849056603774;158.85849056603774;Line 201;1;20.0249062058549
-23.646224416;-46.692128535;805.3;10170;140.04537735849055;158.44537735849056;Line 201;1;20.0249062058549
-23.645971028;-46.692024579;807.6;10140;139.6322641509434;158.0322641509434;Line 201;1;20.0249062058549
-23.64571764;-46.691920623;807.6;10110;139.21915094339624;157.61915094339625;Line 201;1;20.0249062058549
-23.645464252;-46.691816668;804.7;10080;138.80603773584906;157.20603773584907;Line 201;1;20.0249062058549
-23.645210863;-46.691712714;801.3;10050;138.39292452830188;156.79292452830188;Line 201;1;20.0249062058549
-23.644957475;-46.69160876;797.7;10020;137.97981132075472;156.37981132075473;Line 201;1;20.0249062058549
-23.644704086;-46.691504806;795.4;9990;137.56669811320754;155.96669811320754;Line 201;1;20.0249062058549
-23.644450697;-46.691400853;793.0;9960;137.15358490566038;155.5535849056604;Line 201;1;20.0249062058549
-23.644197309;-46.6912969;790.7;9930;136.74047169811323;155.14047169811323;Line 201;1;20.0249062058549
-23.64394392;-46.691192947;789.7;9900;136.32735849056604;154.72735849056605;Line 201;1;20.0249062058549
-23.643690531;-46.691088995;788.8;9870;135.91424528301886;154.31424528301886;Line 201;1;20.0249062058549
-23.643437142;-46.690985044;788.0;9840;135.50113207547167;153.90113207547168;Line 201;1;20.0249062058549
-23.643183752;-46.690881093;787.4;9810;135.08801886792455;153.48801886792455;Line 201;1;20.0249062058549
-23.642930363;-46.690777142;786.3;9780;134.67490566037736;153.07490566037737;Line 201;1;20.0249062058549
-23.642676974;-46.690673192;785.1;9750;134.26179245283018;152.66179245283018;Line 201;1;20.0249062058549
-23.642423584;-46.690569242;784.0;9720;133.84867924528302;152.24867924528303;Line 201;1;20.0249062058549
-23.642170194;-46.690465292;783.6;9690;133.43556603773584;151.83556603773584;Line 201;1;20.0249062058549
-23.641916805;-46.690361343;783.4;9660;133.02245283018868;151.4224528301887;Line 201;1;20.0249062058549
-23.641663415;-46.690257395;783.3;9630;132.60933962264153;151.00933962264153;Line 201;1;20.0249062058549
-23.641410025;-46.690153447;783.0;9600;132.19622641509434;150.59622641509435;Line 201;1;20.0249062058549
-23.641156635;-46.690049499;782.6;9570;131.78311320754716;150.18311320754717;Line 201;1;20.0249062058549
-23.640903245;-46.689945552;781.9;9540;131.36999999999998;149.76999999999998;Line 201;1;20.0249062058549
-23.640649855;-46.689841605;781.3;9510;130.95688679245285;149.35688679245285;Line 201;1;20.0249062058549
-23.640396464;-46.689737658;781.0;9480;130.54377358490567;148.94377358490567;Line 201;1;20.0249062058549
-23.640143074;-46.689633712;780.9;9450;130.13066037735848;148.5306603773585;Line 201;1;20.0249062058549
-23.639889683;-46.689529767;781.1;9420;129.71754716981133;148.11754716981133;Line 201;1;20.0249062058549
-23.639636293;-46.689425822;781.3;9390;129.30443396226414;147.70443396226415;Line 201;1;20.0249062058549
-23.639382902;-46.689321877;781.6;9360;128.891320754717;147.291320754717;Line 201;1;20.0249062058549
-23.639129511;-46.689217933;781.6;9330;128.47820754716983;146.87820754716984;Line 201;1;20.0249062058549
-23.63887612;-46.689113989;778.9;9300;128.06509433962265;146.46509433962265;Line 201;1;20.0249062058549
-23.638622729;-46.689010045;775.2;9270;127.65198113207546;146.05198113207547;Line 201;1;20.0249062058549
-23.638369338;-46.688906102;771.3;9240;127.2388679245283;145.63886792452828;Line 201;1;20.0249062058549
-23.638115947;-46.68880216;768.5;9210;126.82575471698114;145.22575471698113;Line 201;1;20.0249062058549
-23.637862556;-46.688698218;766.1;9180;126.41264150943397;144.81264150943397;Line 201;1;20.0249062058549
-23.637609164;-46.688594276;763.8;9150;125.9995283018868;144.3995283018868;Line 201;1;20.0249062058549
-23.637355773;-46.688490335;761.5;9120;125.58641509433961;143.9864150943396;Line 201;1;20.0249062058549
-23.637102381;-46.688386394;759.2;9090;125.17330188679244;143.57330188679245;Line 201;1;20.0249062058549
-23.636848989;-46.688282453;758.3;9060;124.76018867924529;143.1601886792453;Line 201;1;20.0249062058549
-23.636595597;-46.688178513;758.4;9030;124.34707547169812;142.7470754716981;Line 201;1;20.0249062058549
-23.636342206;-46.688074574;757.9;9000;123.93396226415095;142.33396226415095;Line 201;1;20.0249062058549
-23.636088814;-46.687970635;757.3;8970;123.52084905660377;141.92084905660377;Line 201;1;20.0249062058549
-23.635835421;-46.687866696;756.5;8940;123.1077358490566;141.5077358490566;Line 201;1;20.0249062058549
-23.635582029;-46.687762758;756.1;8910;122.69462264150944;141.09462264150943;Line 201;1;20.0249062058549
-23.635328637;-46.68765882;755.2;8880;122.28150943396227;140.68150943396228;Line 201;1;20.0249062058549
-23.635075244;-46.687554882;753.6;8850;121.8683962264151;140.2683962264151;Line 201;1;20.0249062058549
-23.634821852;-46.687450945;752.9;8820;121.45528301886792;139.8552830188679;Line 201;1;20.0249062058549
-23.634568459;-46.687347009;752.6;8790;121.04216981132075;139.44216981132075;Line 201;1;20.0249062058549
-23.634315067;-46.687243073;751.9;8760;120.62905660377359;139.0290566037736;Line 201;1;20.0249062058549
-23.634061674;-46.687139137;751.0;8730;120.21594339622642;138.6159433962264;Line 201;1;20.0249062058549
-23.633808281;-46.687035202;750.0;8700;119.80283018867925;138.20283018867926;Line 201;1;20.0249062058549
-23.633554888;-46.686931267;748.7;8670;119.38971698113207;137.78971698113207;Line 201;1;20.0249062058549
-23.633301495;-46.686827332;747.3;8640;118.97660377358491;137.37660377358492;Line 201;1;20.0249062058549
-23.633048101;-46.686723398;746.2;8610;118.56349056603773;136.96349056603773;Line 201;1;20.0249062058549
-23.632794708;-46.686619465;745.2;8580;118.15037735849057;136.55037735849058;Line 201;1;20.0249062058549
-23.632541315;-46.686515532;744.5;8550;117.7372641509434;136.1372641509434;Line 201;1;20.0249062058549
-23.632287921;-46.686411599;744.6;8520;117.32415094339622;135.7241509433962;Line 201;1;20.0249062058549
-23.632034527;-46.686307667;744.5;8490;116.91103773584906;135.31103773584906;Line 201;1;20.0249062058549
-23.631781134;-46.686203735;744.1;8460;116.49792452830188;134.89792452830187;Line 201;1;20.0249062058549
-23.63152774;-46.686099803;743.3;8430;116.08481132075472;134.48481132075472;Line 201;1;20.0249062058549
-23.631274346;-46.685995872;742.3;8400;115.67169811320754;134.07169811320753;Line 201;1;20.0249062058549
-23.631020952;-46.685891942;741.0;8370;115.25858490566037;133.65858490566038;Line 201;1;20.0249062058549
-23.630767558;-46.685788012;739.9;8340;114.84547169811322;133.24547169811322;Line 201;1;20.0249062058549
-23.630514164;-46.685684082;739.4;8310;114.43235849056603;132.83235849056604;Line 201;1;20.0249062058549
-23.630260769;-46.685580153;739.0;8280;114.01924528301888;132.41924528301888;Line 201;1;20.0249062058549
-23.630007375;-46.685476224;738.6;8250;113.60613207547169;132.0061320754717;Line 201;1;20.0249062058549
-23.62975398;-46.685372295;738.7;8220;113.19301886792452;131.5930188679245;Line 201;1;20.0249062058549
-23.629500586;-46.685268367;738.9;8190;112.77990566037737;131.17990566037736;Line 201;1;20.0249062058549
-23.629247191;-46.68516444;739.1;8160;112.36679245283018;130.76679245283017;Line 201;1;20.0249062058549
-23.628993796;-46.685060513;739.9;8130;111.95367924528303;130.35367924528302;Line 201;1;20.0249062058549
-23.628740401;-46.684956586;741.2;8100;111.54056603773584;129.94056603773583;Line 201;1;20.0249062058549
-23.628487006;-46.684852659;742.7;8070;111.12745283018867;129.52745283018868;Line 201;1;20.0249062058549
-23.628233611;-46.684748734;744.3;8040;110.71433962264152;129.11433962264152;Line 201;1;20.0249062058549
-23.627980216;-46.684644808;745.8;8010;110.30122641509433;128.70122641509434;Line 201;1;20.0249062058549
-23.62772682;-46.684540883;747.7;7980;109.88811320754718;128.28811320754718;Line 201;1;20.0249062058549
-23.627473425;-46.684436959;750.0;7950;109.475;127.875;Line 201;1;20.0249062058549
-23.627220029;-46.684333034;753.0;7920;109.06188679245282;127.46188679245282;Line 201;1;20.0249062058549
-23.626966634;-46.684229111;755.6;7890;108.64877358490567;127.04877358490566;Line 201;1;20.0249062058549
-23.626713238;-46.684125187;757.7;7860;108.23566037735849;126.63566037735848;Line 201;1;20.0249062058549
-23.626459842;-46.684021265;757.8;7830;107.82254716981133;126.22254716981132;Line 201;1;20.0249062058549
-23.626206446;-46.683917342;757.8;7800;107.40943396226415;125.80943396226414;Line 201;1;20.0249062058549
-23.62595305;-46.68381342;757.9;7770;106.99632075471698;125.39632075471698;Line 201;1;20.0249062058549
-23.625699654;-46.683709499;757.9;7740;106.58320754716982;124.98320754716983;Line 201;1;20.0249062058549
-23.625446258;-46.683605577;757.4;7710;106.17009433962264;124.57009433962264;Line 201;1;20.0249062058549
-23.625192861;-46.683501657;756.5;7680;105.75698113207548;124.15698113207549;Line 201;1;20.0249062058549
-23.624939465;-46.683397736;755.0;7650;105.3438679245283;123.7438679245283;Line 201;1;20.0249062058549
-23.624686068;-46.683293817;753.6;7620;104.93075471698113;123.33075471698112;Line 201;1;20.0249062058549
-23.624432672;-46.683189897;753.2;7590;104.51764150943397;122.91764150943396;Line 201;1;20.0249062058549
-23.624179275;-46.683085978;753.4;7560;104.10452830188679;122.50452830188678;Line 201;1;20.0249062058549
-23.623925878;-46.682982059;754.2;7530;103.69141509433963;122.09141509433962;Line 201;1;20.0249062058549
-23.623672481;-46.682878141;755.0;7500;103.27830188679245;121.67830188679244;Line 201;1;20.0249062058549
-23.623419084;-46.682774224;755.8;7470;102.86518867924528;121.26518867924528;Line 201;1;20.0249062058549
-23.623165687;-46.682670306;755.9;7440;102.45207547169811;120.8520754716981;Line 201;1;20.0249062058549
-23.62291229;-46.682566389;755.9;7410;102.03896226415094;120.43896226415094;Line 201;1;20.0249062058549
-23.622658892;-46.682462473;755.5;7380;101.62584905660378;120.02584905660379;Line 201;1;20.0249062058549
-23.622405495;-46.682358557;753.3;7350;101.2127358490566;119.6127358490566;Line 201;1;20.0249062058549
-23.622152097;-46.682254641;750.0;7320;100.79962264150943;119.19962264150942;Line 201;1;20.0249062058549
-23.6218987;-46.682150726;747.0;7290;100.38650943396226;118.78650943396227;Line 201;1;20.0249062058549
-23.621645302;-46.682046812;744.4;7260;99.97339622641509;118.37339622641508;Line 201;1;20.0249062058549
-23.621391904;-46.681942897;743.2;7230;99.56028301886793;117.96028301886793;Line 201;1;20.0249062058549
-23.621138506;-46.681838983;742.1;7200;99.14716981132075;117.54716981132074;Line 201;1;20.0249062058549
-23.620885108;-46.68173507;741.1;7170;98.73405660377358;117.13405660377359;Line 201;1;20.0249062058549
-23.62063171;-46.681631157;740.4;7140;98.32094339622641;116.7209433962264;Line 201;1;20.0249062058549
-23.620378312;-46.681527244;739.7;7110;97.90783018867924;116.30783018867925;Line 201;1;20.0249062058549
-23.620124913;-46.681423332;739.8;7080;97.49471698113209;115.89471698113209;Line 201;1;20.0249062058549
-23.619871515;-46.68131942;741.8;7050;97.0816037735849;115.48160377358491;Line 201;1;20.0249062058549
-23.619618116;-46.681215509;745.8;7020;96.66849056603773;115.06849056603772;Line 201;1;20.0249062058549
-23.619364718;-46.681111598;750.4;6990;96.25537735849056;114.65537735849057;Line 201;1;20.0249062058549
-23.619111319;-46.681007688;754.1;6960;95.8422641509434;114.24226415094338;Line 201;1;20.0249062058549
-23.61885792;-46.680903778;752.3;6930;95.42915094339624;113.82915094339623;Line 201;1;20.0249062058549
-23.618604521;-46.680799868;749.9;6900;95.01603773584905;113.41603773584905;Line 201;1;20.0249062058549
-23.618351122;-46.680695959;747.9;6870;94.60292452830188;113.00292452830189;Line 201;1;20.0249062058549
-23.618097723;-46.68059205;750.7;6840;94.18981132075471;112.5898113207547;Line 201;1;20.0249062058549
-23.617844324;-46.680488142;753.9;6810;93.77669811320754;112.17669811320755;Line 201;1;20.0249062058549
-23.617590924;-46.680384234;757.2;6780;93.36358490566039;111.7635849056604;Line 201;1;20.0249062058549
-23.617337525;-46.680280327;759.8;6750;92.9504716981132;111.35047169811321;Line 201;1;20.0249062058549
-23.617084125;-46.68017642;762.2;6720;92.53735849056604;110.93735849056603;Line 201;1;20.0249062058549
-23.616830726;-46.680072513;765.0;6690;92.12424528301887;110.52424528301887;Line 201;1;20.0249062058549
-23.616577326;-46.679968607;766.1;6660;91.7111320754717;110.11113207547169;Line 201;1;20.0249062058549
-23.616323926;-46.679864701;764.1;6630;91.29801886792454;109.69801886792453;Line 201;1;20.0249062058549
-23.616070526;-46.679760796;762.6;6600;90.88490566037736;109.28490566037735;Line 201;1;20.0249062058549
-23.615817126;-46.679656891;761.5;6570;90.47179245283019;108.87179245283019;Line 201;1;20.0249062058549
-23.615563726;-46.679552986;759.7;6540;90.05867924528302;108.45867924528301;Line 201;1;20.0249062058549
-23.615310326;-46.679449082;757.7;6510;89.64556603773585;108.04556603773585;Line 201;1;20.0249062058549
-23.615056925;-46.679345179;755.4;6480;89.23245283018869;107.6324528301887;Line 201;1;20.0249062058549
-23.614803525;-46.679241276;754.5;6450;88.81933962264151;107.21933962264151;Line 201;1;20.0249062058549
-23.614550124;-46.679137373;753.5;6420;88.40622641509434;106.80622641509433;Line 201;1;20.0249062058549
-23.614296724;-46.67903347;752.2;6390;87.99311320754717;106.39311320754717;Line 201;1;20.0249062058549
-23.614043323;-46.678929569;751.5;6360;87.58;105.97999999999999;Line 201;1;20.0249062058549
-23.613789922;-46.678825667;751.3;6330;87.16688679245283;105.56688679245283;Line 201;1;20.0249062058549
-23.613536521;-46.678721766;750.8;6300;86.75377358490566;105.15377358490565;Line 201;1;20.0249062058549
-23.61328312;-46.678617865;749.9;6270;86.34066037735849;104.7406603773585;Line 201;1;20.0249062058549
-23.613029719;-46.678513965;748.8;6240;85.92754716981132;104.32754716981131;Line 201;1;20.0249062058549
-23.612776318;-46.678410066;747.9;6210;85.51443396226415;103.91443396226416;Line 201;1;20.0249062058549
-23.612522916;-46.678306166;747.2;6180;85.10132075471698;103.50132075471697;Line 201;1;20.0249062058549
-23.612269515;-46.678202267;747.9;6150;84.68820754716981;103.08820754716982;Line 201;1;20.0249062058549
-23.612016113;-46.678098369;748.5;6120;84.27509433962264;102.67509433962263;Line 201;1;20.0249062058549
-23.611762712;-46.677994471;749.2;6090;83.86198113207547;102.26198113207548;Line 201;1;20.0249062058549
-23.61150931;-46.677890573;749.4;6060;83.4488679245283;101.84886792452829;Line 201;1;20.0249062058549
-23.611255908;-46.677786676;749.3;6030;83.03575471698113;101.43575471698114;Line 201;1;20.0249062058549
-23.611002506;-46.677682779;749.1;6000;82.62264150943396;101.02264150943395;Line 201;1;20.0249062058549
-23.610749104;-46.677578883;748.7;5970;82.20952830188679;100.6095283018868;Line 201;1;20.0249062058549
-23.610495702;-46.677474987;748.2;5940;81.79641509433962;100.19641509433961;Line 201;1;20.0249062058549
-23.610242299;-46.677371092;748.0;5910;81.38330188679245;99.78330188679246;Line 201;1;20.0249062058549
-23.609988897;-46.677267197;747.8;5880;80.97018867924528;99.37018867924527;Line 201;1;20.0249062058549
-23.609735495;-46.677163302;746.7;5850;80.55707547169811;98.95707547169812;Line 201;1;20.0249062058549
-23.609482092;-46.677059408;745.4;5820;80.14396226415094;98.54396226415093;Line 201;1;20.0249062058549
-23.609228689;-46.676955514;744.0;5790;79.73084905660377;98.13084905660378;Line 201;1;20.0249062058549
-23.608975287;-46.676851621;743.9;5760;79.3177358490566;97.7177358490566;Line 201;1;20.0249062058549
-23.608721884;-46.676747728;744.3;5730;78.90462264150943;97.30462264150944;Line 201;1;20.0249062058549
-23.608468481;-46.676643835;744.8;5700;78.49150943396226;96.89150943396226;Line 201;1;20.0249062058549
-23.608215078;-46.676539943;744.3;5670;78.0783962264151;96.4783962264151;Line 201;1;20.0249062058549
-23.607961675;-46.676436052;743.5;5640;77.66528301886792;96.06528301886792;Line 201;1;20.0249062058549
-23.607708271;-46.67633216;742.9;5610;77.25216981132075;95.65216981132076;Line 201;1;20.0249062058549
-23.607454868;-46.67622827;742.7;5580;76.83905660377359;95.23905660377358;Line 201;1;20.0249062058549
-23.607201464;-46.676124379;743.7;5550;76.42594339622642;94.82594339622642;Line 201;1;20.0249062058549
-23.606948061;-46.676020489;745.0;5520;76.01283018867925;94.41283018867924;Line 201;1;20.0249062058549
-23.606694657;-46.6759166;746.5;5490;75.59971698113208;93.99971698113208;Line 201;1;20.0249062058549
-23.606441253;-46.675812711;749.8;5460;75.1866037735849;93.5866037735849;Line 201;1;20.0249062058549
-23.60618785;-46.675708822;753.3;5430;74.77349056603774;93.17349056603774;Line 201;1;20.0249062058549
-23.605934446;-46.675604934;756.5;5400;74.36037735849057;92.76037735849056;Line 201;1;20.0249062058549
-23.605681042;-46.675501046;758.1;5370;73.9472641509434;92.3472641509434;Line 201;1;20.0249062058549
-23.605427637;-46.675397159;759.0;5340;73.53415094339623;91.93415094339622;Line 201;1;20.0249062058549
-23.605174233;-46.675293272;760.1;5310;73.12103773584906;91.52103773584906;Line 201;1;20.0249062058549
-23.604920829;-46.675189385;760.1;5280;72.70792452830189;91.10792452830188;Line 201;1;20.0249062058549
-23.604667424;-46.675085499;757.4;5250;72.29481132075472;90.69481132075472;Line 201;1;20.0249062058549
-23.60441402;-46.674981614;754.4;5220;71.88169811320755;90.28169811320754;Line 201;1;20.0249062058549
-23.604160615;-46.674877728;751.9;5190;71.46858490566038;89.86858490566038;Line 201;1;20.0249062058549
-23.60390721;-46.674773844;753.8;5160;71.05547169811321;89.4554716981132;Line 201;1;20.0249062058549
-23.603653805;-46.674669959;756.0;5130;70.64235849056604;89.04235849056604;Line 201;1;20.0249062058549
-23.6034004;-46.674566075;758.3;5100;70.22924528301887;88.62924528301886;Line 201;1;20.0249062058549
-23.603146995;-46.674462192;758.7;5070;69.8161320754717;88.2161320754717;Line 201;1;20.0249062058549
-23.60289359;-46.674358309;757.6;5040;69.40301886792453;87.80301886792452;Line 201;1;20.0249062058549
-23.602640185;-46.674254426;755.6;5010;68.98990566037736;87.38990566037737;Line 201;1;20.0249062058549
-23.60238678;-46.674150544;754.6;4980;68.57679245283019;86.97679245283018;Line 201;1;20.0249062058549
-23.602133374;-46.674046662;756.8;4950;68.16367924528302;86.56367924528303;Line 201;1;20.0249062058549
-23.601879969;-46.673942781;759.1;4920;67.75056603773584;86.15056603773584;Line 201;1;20.0249062058549
-23.601626563;-46.6738389;760.9;4890;67.33745283018868;85.73745283018869;Line 201;1;20.0249062058549
-23.601373157;-46.673735019;758.9;4860;66.92433962264151;85.3243396226415;Line 201;1;20.0249062058549
-23.601119751;-46.673631139;756.3;4830;66.51122641509434;84.91122641509435;Line 201;1;20.0249062058549
-23.600866345;-46.67352726;753.0;4800;66.09811320754717;84.49811320754716;Line 201;1;20.0249062058549
-23.600612939;-46.67342338;752.1;4770;65.68499999999999;84.08499999999998;Line 201;1;20.0249062058549
-23.600359533;-46.673319502;751.3;4740;65.27188679245283;83.67188679245282;Line 201;1;20.0249062058549
-23.600106127;-46.673215623;749.8;4710;64.85877358490566;83.25877358490567;Line 201;1;20.0249062058549
-23.59985272;-46.673111745;747.8;4680;64.4456603773585;82.84566037735848;Line 201;1;20.0249062058549
-23.599599314;-46.673007868;745.6;4650;64.03254716981132;82.43254716981133;Line 201;1;20.0249062058549
-23.599345907;-46.672903991;743.5;4620;63.61943396226415;82.01943396226415;Line 201;1;20.0249062058549
-23.599092501;-46.672800114;741.5;4590;63.206320754716984;81.60632075471699;Line 201;1;20.0249062058549
-23.598839094;-46.672696238;740.1;4560;62.79320754716981;81.1932075471698;Line 201;1;20.0249062058549
-23.598585687;-46.672592362;739.3;4530;62.380094339622644;80.78009433962265;Line 201;1;20.0249062058549
-23.59833228;-46.672488487;739.0;4500;61.966981132075475;80.36698113207547;Line 201;1;20.0249062058549
-23.598078873;-46.672384612;738.5;4470;61.5538679245283;79.9538679245283;Line 201;1;20.0249062058549
-23.597825466;-46.672280737;738.1;4440;61.140754716981135;79.54075471698113;Line 201;1;20.0249062058549
-23.597572059;-46.672176863;737.9;4410;60.72764150943396;79.12764150943396;Line 201;1;20.0249062058549
-23.597318651;-46.672072989;738.7;4380;60.314528301886796;78.71452830188679;Line 201;1;20.0249062058549
-23.597065244;-46.671969116;739.8;4350;59.901415094339626;78.30141509433963;Line 201;1;20.0249062058549
-23.596811836;-46.671865243;741.0;4320;59.488301886792456;77.88830188679245;Line 201;1;20.0249062058549
-23.596558429;-46.671761371;742.4;4290;59.07518867924529;77.47518867924529;Line 201;1;20.0249062058549
-23.596305021;-46.671657499;744.2;4260;58.66207547169811;77.06207547169811;Line 201;1;20.0249062058549
-23.596051613;-46.671553627;746.2;4230;58.24896226415094;76.64896226415094;Line 201;1;20.0249062058549
-23.595798205;-46.671449756;748.4;4200;57.83584905660377;76.23584905660377;Line 201;1;20.0249062058549
-23.595544797;-46.671345886;751.2;4170;57.42273584905661;75.82273584905661;Line 201;1;20.0249062058549
-23.595291389;-46.671242015;754.3;4140;57.00962264150944;75.40962264150943;Line 201;1;20.0249062058549
-23.59503798;-46.671138145;757.4;4110;56.59650943396226;74.99650943396226;Line 201;1;20.0249062058549
-23.594784572;-46.671034276;760.2;4080;56.18339622641509;74.58339622641509;Line 201;1;20.0249062058549
-23.594531164;-46.670930407;762.5;4050;55.77028301886792;74.17028301886792;Line 201;1;20.0249062058549
-23.594277755;-46.670826538;764.3;4020;55.35716981132076;73.75716981132075;Line 201;1;20.0249062058549
-23.594024346;-46.67072267;763.5;3990;54.94405660377359;73.3440566037736;Line 201;1;20.0249062058549
-23.593770938;-46.670618803;761.6;3960;54.53094339622641;72.93094339622641;Line 201;1;20.0249062058549
-23.593517529;-46.670514935;759.8;3930;54.11783018867924;72.51783018867924;Line 201;1;20.0249062058549
-23.59326412;-46.670411069;758.3;3900;53.70471698113207;72.10471698113207;Line 201;1;20.0249062058549
-23.593010711;-46.670307202;757.7;3870;53.29160377358491;71.69160377358492;Line 201;1;20.0249062058549
-23.592757301;-46.670203336;757.8;3840;52.87849056603774;71.27849056603773;Line 201;1;20.0249062058549
-23.592503892;-46.670099471;758.4;3810;52.465377358490564;70.86537735849056;Line 201;1;20.0249062058549
-23.592250483;-46.669995606;759.3;3780;52.052264150943394;70.45226415094339;Line 201;1;20.0249062058549
-23.591997073;-46.669891741;760.9;3750;51.639150943396224;70.03915094339622;Line 201;1;20.0249062058549
-23.591743664;-46.669787877;762.6;3720;51.226037735849054;69.62603773584905;Line 201;1;20.0249062058549
-23.591490254;-46.669684013;762.7;3690;50.81292452830189;69.2129245283019;Line 201;1;20.0249062058549
-23.591236844;-46.669580149;761.1;3660;50.399811320754715;68.79981132075471;Line 201;1;20.0249062058549
-23.590983434;-46.669476286;758.8;3630;49.986698113207545;68.38669811320754;Line 201;1;20.0249062058549
-23.590730025;-46.669372424;756.7;3600;49.573584905660375;67.97358490566037;Line 201;1;20.0249062058549
-23.590476614;-46.669268562;755.8;3570;49.160471698113206;67.5604716981132;Line 201;1;20.0249062058549
-23.590223204;-46.6691647;754.8;3540;48.74735849056604;67.14735849056603;Line 201;1;20.0249062058549
-23.589969794;-46.669060839;753.8;3510;48.334245283018866;66.73424528301886;Line 201;1;20.0249062058549
-23.589716384;-46.668956978;753.3;3480;47.9211320754717;66.3211320754717;Line 201;1;20.0249062058549
-23.589462973;-46.668853117;752.7;3450;47.50801886792453;65.90801886792453;Line 201;1;20.0249062058549
-23.589209563;-46.668749257;752.1;3420;47.09490566037736;65.49490566037736;Line 201;1;20.0249062058549
-23.588956152;-46.668645398;751.6;3390;46.681792452830194;65.0817924528302;Line 201;1;20.0249062058549
-23.588702741;-46.668541539;751.2;3360;46.26867924528302;64.66867924528302;Line 201;1;20.0249062058549
-23.58844933;-46.66843768;751.0;3330;45.85556603773585;64.25556603773585;Line 201;1;20.0249062058549
-23.588195919;-46.668333822;750.3;3300;45.44245283018868;63.84245283018868;Line 201;1;20.0249062058549
-23.587942508;-46.668229964;749.0;3270;45.02933962264151;63.42933962264151;Line 201;1;20.0249062058549
-23.587689097;-46.668126106;747.8;3240;44.616226415094346;63.016226415094344;Line 201;1;20.0249062058549
-23.587435686;-46.668022249;746.8;3210;44.20311320754717;62.60311320754717;Line 201;1;20.0249062058549
-23.587182274;-46.667918393;745.9;3180;43.79;62.19;Line 201;1;20.0249062058549
-23.586928863;-46.667814536;744.9;3150;43.37688679245283;61.77688679245283;Line 201;1;20.0249062058549
-23.586675451;-46.667710681;744.0;3120;42.96377358490566;61.36377358490566;Line 201;1;20.0249062058549
-23.58642204;-46.667606825;743.7;3090;42.55066037735849;60.95066037735849;Line 201;1;20.0249062058549
-23.586168628;-46.667502971;743.4;3060;42.13754716981132;60.53754716981132;Line 201;1;20.0249062058549
-23.585915216;-46.667399116;743.5;3030;41.72443396226415;60.12443396226415;Line 201;1;20.0249062058549
-23.585661804;-46.667295262;743.7;3000;41.31132075471698;59.71132075471698;Line 201;1;20.0249062058549
-23.585408392;-46.667191408;743.8;2970;40.89820754716981;59.29820754716981;Line 201;1;20.0249062058549
-23.58515498;-46.667087555;743.8;2940;40.48509433962264;58.88509433962264;Line 201;1;20.0249062058549
-23.584901568;-46.666983703;743.7;2910;40.07198113207547;58.47198113207547;Line 201;1;20.0249062058549
-23.584648155;-46.66687985;743.6;2880;39.6588679245283;58.0588679245283;Line 201;1;20.0249062058549
-23.584394743;-46.666775998;743.3;2850;39.24575471698113;57.64575471698113;Line 201;1;20.0249062058549
-23.58414133;-46.666672147;743.0;2820;38.83264150943396;57.23264150943396;Line 201;1;20.0249062058549
-23.583887917;-46.666568296;742.9;2790;38.41952830188679;56.81952830188679;Line 201;1;20.0249062058549
-23.583634505;-46.666464445;742.8;2760;38.00641509433962;56.40641509433962;Line 201;1;20.0249062058549
-23.583381092;-46.666360595;742.5;2730;37.59330188679245;55.99330188679245;Line 201;1;20.0249062058549
-23.583127679;-46.666256745;743.0;2700;37.18018867924528;55.58018867924528;Line 201;1;20.0249062058549
-23.582874266;-46.666152896;743.5;2670;36.767075471698114;55.16707547169811;Line 201;1;20.0249062058549
-23.582620853;-46.666049047;743.6;2640;36.353962264150944;54.75396226415094;Line 201;1;20.0249062058549
-23.582367439;-46.665945199;743.9;2610;35.940849056603774;54.34084905660377;Line 201;1;20.0249062058549
-23.582114026;-46.665841351;744.9;2580;35.527735849056604;53.9277358490566;Line 201;1;20.0249062058549
-23.581860613;-46.665737503;746.2;2550;35.114622641509435;53.51462264150943;Line 201;1;20.0249062058549
-23.581607199;-46.665633656;747.8;2520;34.701509433962265;53.10150943396226;Line 201;1;20.0249062058549
-23.581353785;-46.665529809;749.4;2490;34.288396226415095;52.688396226415094;Line 201;1;20.0249062058549
-23.581100372;-46.665425963;750.7;2460;33.87528301886792;52.27528301886792;Line 201;1;20.0249062058549
-23.580846958;-46.665322117;751.7;2430;33.462169811320756;51.862169811320754;Line 201;1;20.0249062058549
-23.580593544;-46.665218271;751.4;2400;33.049056603773586;51.449056603773585;Line 201;1;20.0249062058549
-23.58034013;-46.665114426;751.2;2370;32.635943396226416;51.035943396226415;Line 201;1;20.0249062058549
-23.580086715;-46.665010581;751.0;2340;32.22283018867925;50.622830188679245;Line 201;1;20.0249062058549
-23.579833301;-46.664906737;751.5;2310;31.809716981132073;50.209716981132075;Line 201;1;20.0249062058549
-23.579579887;-46.664802893;752.4;2280;31.396603773584904;49.796603773584906;Line 201;1;20.0249062058549
-23.579326472;-46.66469905;753.4;2250;30.983490566037737;49.383490566037736;Line 201;1;20.0249062058549
-23.579073058;-46.664595207;754.1;2220;30.570377358490568;48.970377358490566;Line 201;1;20.0249062058549
-23.578819643;-46.664491365;754.4;2190;30.157264150943398;48.557264150943396;Line 201;1;20.0249062058549
-23.578566228;-46.664387523;754.7;2160;29.744150943396228;48.14415094339623;Line 201;1;20.0249062058549
-23.578312813;-46.664283681;754.9;2130;29.331037735849055;47.73103773584906;Line 201;1;20.0249062058549
-23.578059398;-46.66417984;754.0;2100;28.917924528301885;47.31792452830189;Line 201;1;20.0249062058549
-23.577805983;-46.664075999;753.3;2070;28.50481132075472;46.90481132075472;Line 201;1;20.0249062058549
-23.577552568;-46.663972159;753.0;2040;28.091698113207546;46.49169811320755;Line 201;1;20.0249062058549
-23.577299153;-46.663868319;753.7;2010;27.67858490566038;46.07858490566038;Line 201;1;20.0249062058549
-23.577045738;-46.663764479;754.2;1980;27.265471698113206;45.66547169811321;Line 201;1;20.0249062058549
-23.576792322;-46.66366064;754.6;1950;26.852358490566036;45.25235849056604;Line 201;1;20.0249062058549
-23.576538907;-46.663556801;754.5;1920;26.43924528301887;44.83924528301887;Line 201;1;20.0249062058549
-23.576285491;-46.663452963;754.0;1890;26.026132075471697;44.4261320754717;Line 201;1;20.0249062058549
-23.576032075;-46.663349125;753.5;1860;25.613018867924527;44.01301886792453;Line 201;1;20.0249062058549
-23.575778659;-46.663245288;753.2;1830;25.199905660377357;43.59990566037736;Line 201;1;20.0249062058549
-23.575525243;-46.663141451;753.2;1800;24.786792452830188;43.18679245283019;Line 201;1;20.0249062058549
-23.575271827;-46.663037614;753.0;1770;24.37367924528302;42.77367924528302;Line 201;1;20.0249062058549
-23.575018411;-46.662933778;752.6;1740;23.96056603773585;42.36056603773585;Line 201;1;20.0249062058549
-23.574764995;-46.662829943;752.6;1710;23.54745283018868;41.94745283018868;Line 201;1;20.0249062058549
-23.574511578;-46.662726107;752.7;1680;23.13433962264151;41.53433962264151;Line 201;1;20.0249062058549
-23.574258162;-46.662622273;752.9;1650;22.72122641509434;41.12122641509434;Line 201;1;20.0249062058549
-23.574004745;-46.662518438;753.2;1620;22.308113207547173;40.70811320754717;Line 201;1;20.0249062058549
-23.573751329;-46.662414604;753.5;1590;21.895;40.295;Line 201;1;20.0249062058549
-23.573497912;-46.662310771;753.8;1560;21.48188679245283;39.88188679245283;Line 201;1;20.0249062058549
-23.573244495;-46.662206938;754.3;1530;21.06877358490566;39.46877358490566;Line 201;1;20.0249062058549
-23.572991078;-46.662103105;755.4;1500;20.65566037735849;39.05566037735849;Line 201;1;20.0249062058549
-23.572737661;-46.661999273;756.7;1470;20.24254716981132;38.64254716981132;Line 201;1;20.0249062058549
-23.572484244;-46.661895441;758.2;1440;19.82943396226415;38.22943396226415;Line 201;1;20.0249062058549
-23.572230827;-46.661791609;759.1;1410;19.41632075471698;37.81632075471698;Line 201;1;20.0249062058549
-23.571977409;-46.661687778;760.1;1380;19.00320754716981;37.40320754716981;Line 201;1;20.0249062058549
-23.571723992;-46.661583948;760.8;1350;18.59009433962264;36.990094339622644;Line 201;1;20.0249062058549
-23.571470574;-46.661480118;762.3;1320;18.176981132075472;36.576981132075474;Line 201;1;20.0249062058549
-23.571217157;-46.661376288;764.1;1290;17.763867924528302;36.163867924528304;Line 201;1;20.0249062058549
-23.570963739;-46.661272459;765.6;1260;17.350754716981132;35.750754716981135;Line 201;1;20.0249062058549
-23.570710321;-46.66116863;766.0;1230;16.93764150943396;35.33764150943396;Line 201;1;20.0249062058549
-23.570456903;-46.661064801;765.5;1200;16.524528301886793;34.924528301886795;Line 201;1;20.0249062058549
-23.570203485;-46.660960973;765.1;1170;16.111415094339623;34.511415094339625;Line 201;1;20.0249062058549
-23.569950067;-46.660857146;765.2;1140;15.698301886792452;34.09830188679245;Line 201;1;20.0249062058549
-23.569696648;-46.660753319;766.5;1110;15.285188679245284;33.685188679245286;Line 201;1;20.0249062058549
-23.56944323;-46.660649492;767.7;1080;14.872075471698114;33.272075471698116;Line 201;1;20.0249062058549
-23.569189812;-46.660545666;768.9;1050;14.458962264150943;32.85896226415094;Line 201;1;20.0249062058549
-23.568936393;-46.66044184;768.8;1020;14.045849056603773;32.44584905660377;Line 201;1;20.0249062058549
-23.568682974;-46.660338014;768.2;990;13.632735849056603;32.0327358490566;Line 201;1;20.0249062058549
-23.568429556;-46.660234189;767.3;960;13.219622641509435;31.619622641509434;Line 201;1;20.0249062058549
-23.568176137;-46.660130365;768.7;930;12.806509433962264;31.20650943396226;Line 201;1;20.0249062058549
-23.567922718;-46.660026541;771.9;900;12.393396226415094;30.79339622641509;Line 201;1;20.0249062058549
-23.567669299;-46.659922717;775.9;870;11.980283018867924;30.38028301886792;Line 201;1;20.0249062058549
-23.56741588;-46.659818894;779.4;840;11.567169811320754;29.96716981132075;Line 201;1;20.0249062058549
-23.56716246;-46.659715071;782.0;810;11.154056603773586;29.554056603773585;Line 201;1;20.0249062058549
-23.566909041;-46.659611248;783.8;780;10.740943396226415;29.14094339622641;Line 201;1;20.0249062058549
-23.566655622;-46.659507426;784.8;750;10.327830188679245;28.727830188679242;Line 201;1;20.0249062058549
-23.566402202;-46.659403605;787.2;720;9.914716981132075;28.314716981132072;Line 201;1;20.0249062058549
-23.566148782;-46.659299783;791.1;690;9.501603773584906;27.901603773584903;Line 201;1;20.0249062058549
-23.565895363;-46.659195963;796.4;660;9.088490566037736;27.488490566037733;Line 201;1;20.0249062058549
-23.565641943;-46.659092142;802.7;630;8.675377358490566;27.075377358490563;Line 201;1;20.0249062058549
-23.565388523;-46.658988323;808.9;600;8.262264150943397;26.662264150943393;Line 201;1;20.0249062058549
-23.565135103;-46.658884503;814.9;570;7.849150943396226;26.249150943396224;Line 201;1;20.0249062058549
-23.564881683;-46.658780684;818.0;540;7.436037735849057;25.836037735849054;Line 201;1;20.0249062058549
-23.564628262;-46.658676865;818.1;510;7.022924528301886;25.422924528301884;Line 201;1;20.0249062058549
-23.564374842;-46.658573047;818.3;480;6.609811320754718;25.009811320754714;Line 201;1;20.0249062058549
-23.564121421;-46.658469229;818.9;450;6.196698113207547;24.596698113207545;Line 201;1;20.0249062058549
-23.563868001;-46.658365412;820.4;420;5.783584905660377;24.183584905660375;Line 201;1;20.0249062058549
-23.56361458;-46.658261595;821.9;390;5.3704716981132075;23.770471698113205;Line 201;1;20.0249062058549
-23.563361159;-46.658157779;823.5;360;4.957358490566038;23.357358490566035;Line 201;1;20.0249062058549
-23.563107739;-46.658053963;826.0;330;4.544245283018868;22.944245283018866;Line 201;1;20.0249062058549
-23.562854318;-46.657950147;828.0;300;4.131132075471698;22.531132075471696;Line 201;1;20.0249062058549
-23.562600897;-46.657846332;829.4;270;3.7180188679245285;22.118018867924526;Line 201;1;20.0249062058549
-23.562347475;-46.657742517;832.6;240;3.304905660377359;21.704905660377356;Line 201;1;20.0249062058549
-23.562094054;-46.657638703;837.5;210;2.8917924528301886;21.291792452830187;Line 201;1;20.0249062058549
-23.561840633;-46.657534889;843.0;180;2.478679245283019;20.878679245283017;Line 201;1;20.0249062058549
-23.561587211;-46.657431075;846.6;150;2.065566037735849;20.465566037735847;Line 201;1;20.0249062058549
-23.56133379;-46.657327262;846.9;120;1.6524528301886794;20.052452830188678;Line 201;1;20.0249062058549
-23.561080368;-46.657223449;846.8;90;1.2393396226415094;19.639339622641508;Line 201;1;20.0249062058549
-23.560826946;-46.657119637;846.2;60;0.8262264150943397;19.226226415094338;Line 201;1;20.0249062058549
-23.560573525;-46.657015825;842.4;30;0.41311320754716985;18.81311320754717;Line 201;1;20.0249062058549
-23.560320103;-46.656912014;838.7;0;0.0;18.4;Line 201;1;20.0249062058549
