latitude;longitude;altitude (m);distance_m;alt_x;alt_y;name;obstrucao;angle 
-22.948234443;-46.484370458;946.3;69960;34.48000000000002;981.78;Line 15;0;193.97257355026
-22.94849668;-46.484443959;952.1;69930;34.465214408233294;981.7652144082333;Line 15;0;193.97257355026
-22.948758917;-46.48451746;958.6;69900;34.45042881646657;981.7504288164665;Line 15;0;193.97257355026
-22.949021154;-46.484590961;965.4;69870;34.43564322469985;981.7356432246999;Line 15;0;193.97257355026
-22.949283391;-46.484664463;971.3;69840;34.42085763293312;981.7208576329331;Line 15;0;193.97257355026
-22.949545627;-46.484737965;976.5;69810;34.4060720411664;981.7060720411664;Line 15;0;193.97257355026
-22.949807864;-46.484811467;982.3;69780;34.39128644939967;981.6912864493996;Line 15;1;193.97257355026
-22.9500701;-46.48488497;988.2;69750;34.376500857632955;981.676500857633;Line 15;1;193.97257355026
-22.950332337;-46.484958473;992.4;69720;34.36171526586623;981.6617152658662;Line 15;1;193.97257355026
-22.950594573;-46.485031976;995.6;69690;34.3469296740995;981.6469296740995;Line 15;1;193.97257355026
-22.95085681;-46.485105479;997.8;69660;34.33214408233278;981.6321440823327;Line 15;1;193.97257355026
-22.951119046;-46.485178983;995.5;69630;34.31735849056606;981.6173584905661;Line 15;1;193.97257355026
-22.951381282;-46.485252487;992.2;69600;34.30257289879933;981.6025728987993;Line 15;1;193.97257355026
-22.951643519;-46.485325992;987.7;69570;34.28778730703261;981.5877873070326;Line 15;1;193.97257355026
-22.951905755;-46.485399496;977.5;69540;34.273001715265885;981.5730017152658;Line 15;0;193.97257355026
-22.952167991;-46.485473001;967.0;69510;34.25821612349916;981.5582161234992;Line 15;0;193.97257355026
-22.952430227;-46.485546507;956.9;69480;34.243430531732436;981.5434305317324;Line 15;0;193.97257355026
-22.952692463;-46.485620013;947.3;69450;34.22864493996571;981.5286449399657;Line 15;0;193.97257355026
-22.952954699;-46.485693519;937.9;69420;34.213859348198994;981.5138593481989;Line 15;0;193.97257355026
-22.953216935;-46.485767025;928.5;69390;34.19907375643226;981.4990737564323;Line 15;0;193.97257355026
-22.953479171;-46.485840531;921.9;69360;34.18428816466554;981.4842881646655;Line 15;0;193.97257355026
-22.953741406;-46.485914038;918.6;69330;34.16950257289882;981.4695025728988;Line 15;0;193.97257355026
-22.954003642;-46.485987546;915.1;69300;34.1547169811321;981.454716981132;Line 15;0;193.97257355026
-22.954265878;-46.486061053;912.3;69270;34.13993138936537;981.4399313893654;Line 15;0;193.97257355026
-22.954528113;-46.486134561;910.2;69240;34.12514579759864;981.4251457975986;Line 15;0;193.97257355026
-22.954790349;-46.486208069;907.7;69210;34.110360205831924;981.4103602058319;Line 15;0;193.97257355026
-22.955052584;-46.486281578;905.4;69180;34.0955746140652;981.3955746140651;Line 15;0;193.97257355026
-22.95531482;-46.486355087;905.1;69150;34.080789022298475;981.3807890222985;Line 15;0;193.97257355026
-22.955577055;-46.486428596;904.4;69120;34.06600343053175;981.3660034305317;Line 15;0;193.97257355026
-22.95583929;-46.486502105;903.3;69090;34.05121783876503;981.351217838765;Line 15;0;193.97257355026
-22.956101526;-46.486575615;906.7;69060;34.0364322469983;981.3364322469982;Line 15;0;193.97257355026
-22.956363761;-46.486649125;909.6;69030;34.02164665523158;981.3216466552316;Line 15;0;193.97257355026
-22.956625996;-46.486722635;911.9;69000;34.006861063464854;981.3068610634648;Line 15;0;193.97257355026
-22.956888231;-46.486796146;914.7;68970;33.99207547169813;981.2920754716981;Line 15;0;193.97257355026
-22.957150466;-46.486869657;917.8;68940;33.977289879931405;981.2772898799313;Line 15;0;193.97257355026
-22.957412701;-46.486943168;921.0;68910;33.96250428816468;981.2625042881647;Line 15;0;193.97257355026
-22.957674936;-46.48701668;919.3;68880;33.94771869639796;981.2477186963979;Line 15;0;193.97257355026
-22.957937171;-46.487090192;916.0;68850;33.93293310463124;981.2329331046312;Line 15;0;193.97257355026
-22.958199405;-46.487163704;914.1;68820;33.91814751286451;981.2181475128644;Line 15;0;193.97257355026
-22.95846164;-46.487237217;909.1;68790;33.90336192109778;981.2033619210978;Line 15;0;193.97257355026
-22.958723875;-46.48731073;900.0;68760;33.888576329331066;981.188576329331;Line 15;0;193.97257355026
-22.95898611;-46.487384243;890.9;68730;33.87379073756434;981.1737907375643;Line 15;0;193.97257355026
-22.959248344;-46.487457756;882.8;68700;33.85900514579762;981.1590051457976;Line 15;0;193.97257355026
-22.959510579;-46.48753127;876.5;68670;33.844219554030886;981.1442195540309;Line 15;0;193.97257355026
-22.959772813;-46.487604784;870.2;68640;33.82943396226417;981.1294339622641;Line 15;0;193.97257355026
-22.960035047;-46.487678299;864.9;68610;33.814648370497444;981.1146483704974;Line 15;0;193.97257355026
-22.960297282;-46.487751813;864.9;68580;33.79986277873072;981.0998627787307;Line 15;0;193.97257355026
-22.960559516;-46.487825328;864.2;68550;33.785077186964;981.085077186964;Line 15;0;193.97257355026
-22.96082175;-46.487898844;862.7;68520;33.77029159519727;981.0702915951972;Line 15;0;193.97257355026
-22.961083984;-46.487972359;863.0;68490;33.75550600343055;981.0555060034305;Line 15;0;193.97257355026
-22.961346218;-46.488045875;863.2;68460;33.74072041166382;981.0407204116638;Line 15;0;193.97257355026
-22.961608453;-46.488119392;863.1;68430;33.725934819897105;981.0259348198971;Line 15;0;193.97257355026
-22.961870686;-46.488192908;862.4;68400;33.71114922813038;981.0111492281303;Line 15;0;193.97257355026
-22.96213292;-46.488266425;861.8;68370;33.69636363636365;980.9963636363636;Line 15;0;193.97257355026
-22.962395154;-46.488339943;861.8;68340;33.681578044596925;980.9815780445969;Line 15;0;193.97257355026
-22.962657388;-46.48841346;865.0;68310;33.66679245283021;980.9667924528302;Line 15;0;193.97257355026
-22.962919622;-46.488486978;870.0;68280;33.652006861063484;980.9520068610634;Line 15;0;193.97257355026
-22.963181856;-46.488560496;875.0;68250;33.63722126929676;980.9372212692967;Line 15;0;193.97257355026
-22.963444089;-46.488634015;880.8;68220;33.622435677530035;980.92243567753;Line 15;0;193.97257355026
-22.963706323;-46.488707534;887.0;68190;33.60765008576331;980.9076500857633;Line 15;0;193.97257355026
-22.963968556;-46.488781053;892.3;68160;33.592864493996586;980.8928644939965;Line 15;0;193.97257355026
-22.96423079;-46.488854572;896.1;68130;33.57807890222986;980.8780789022298;Line 15;0;193.97257355026
-22.964493023;-46.488928092;897.5;68100;33.563293310463145;980.8632933104631;Line 15;0;193.97257355026
-22.964755257;-46.489001612;898.7;68070;33.54850771869641;980.8485077186964;Line 15;0;193.97257355026
-22.96501749;-46.489075132;899.5;68040;33.53372212692969;980.8337221269296;Line 15;0;193.97257355026
-22.965279723;-46.489148653;896.3;68010;33.518936535162965;980.818936535163;Line 15;0;193.97257355026
-22.965541956;-46.489222174;892.8;67980;33.50415094339625;980.8041509433962;Line 15;0;193.97257355026
-22.965804189;-46.489295695;889.3;67950;33.48936535162952;980.7893653516295;Line 15;0;193.97257355026
-22.966066422;-46.489369217;886.6;67920;33.47457975986279;980.7745797598627;Line 15;0;193.97257355026
-22.966328655;-46.489442739;884.5;67890;33.45979416809607;980.759794168096;Line 15;0;193.97257355026
-22.966590888;-46.489516261;882.9;67860;33.44500857632935;980.7450085763293;Line 15;0;193.97257355026
-22.966853121;-46.489589784;886.2;67830;33.430222984562626;980.7302229845626;Line 15;0;193.97257355026
-22.967115354;-46.489663307;892.0;67800;33.4154373927959;980.7154373927958;Line 15;0;193.97257355026
-22.967377587;-46.48973683;898.6;67770;33.40065180102918;980.7006518010292;Line 15;0;193.97257355026
-22.96763982;-46.489810353;904.7;67740;33.38586620926245;980.6858662092624;Line 15;0;193.97257355026
-22.967902052;-46.489883877;909.8;67710;33.37108061749573;980.6710806174957;Line 15;0;193.97257355026
-22.968164285;-46.489957401;914.8;67680;33.356295025729004;980.6562950257289;Line 15;0;193.97257355026
-22.968426517;-46.490030926;919.7;67650;33.34150943396229;980.6415094339623;Line 15;0;193.97257355026
-22.96868875;-46.49010445;924.2;67620;33.326723842195555;980.6267238421955;Line 15;0;193.97257355026
-22.968950982;-46.490177975;928.6;67590;33.31193825042883;980.6119382504288;Line 15;0;193.97257355026
-22.969213215;-46.490251501;932.6;67560;33.29715265866211;980.597152658662;Line 15;0;193.97257355026
-22.969475447;-46.490325027;935.9;67530;33.28236706689539;980.5823670668954;Line 15;0;193.97257355026
-22.969737679;-46.490398553;939.2;67500;33.267581475128665;980.5675814751286;Line 15;0;193.97257355026
-22.969999912;-46.490472079;942.6;67470;33.252795883361934;980.5527958833619;Line 15;0;193.97257355026
-22.970262144;-46.490545605;943.3;67440;33.23801029159522;980.5380102915951;Line 15;0;193.97257355026
-22.970524376;-46.490619132;944.1;67410;33.22322469982849;980.5232246998285;Line 15;0;193.97257355026
-22.970786608;-46.49069266;944.8;67380;33.20843910806177;980.5084391080617;Line 15;0;193.97257355026
-22.97104884;-46.490766187;937.2;67350;33.19365351629504;980.493653516295;Line 15;0;193.97257355026
-22.971311072;-46.490839715;928.0;67320;33.17886792452832;980.4788679245282;Line 15;0;193.97257355026
-22.971573304;-46.490913243;919.5;67290;33.164082332761595;980.4640823327616;Line 15;0;193.97257355026
-22.971835535;-46.490986772;912.2;67260;33.14929674099487;980.4492967409948;Line 15;0;193.97257355026
-22.972097767;-46.491060301;905.4;67230;33.134511149228146;980.4345111492281;Line 15;0;193.97257355026
-22.972359999;-46.49113383;898.5;67200;33.11972555746143;980.4197255574613;Line 15;0;193.97257355026
-22.97262223;-46.491207359;893.3;67170;33.1049399656947;980.4049399656947;Line 15;0;193.97257355026
-22.972884462;-46.491280889;890.0;67140;33.09015437392797;980.3901543739279;Line 15;0;193.97257355026
-22.973146694;-46.491354419;886.7;67110;33.07536878216125;980.3753687821612;Line 15;0;193.97257355026
-22.973408925;-46.491427949;884.6;67080;33.06058319039453;980.3605831903944;Line 15;0;193.97257355026
-22.973671156;-46.49150148;884.8;67050;33.04579759862781;980.3457975986278;Line 15;0;193.97257355026
-22.973933388;-46.491575011;884.3;67020;33.031012006861076;980.331012006861;Line 15;0;193.97257355026
-22.974195619;-46.491648542;883.3;66990;33.01622641509436;980.3162264150943;Line 15;0;193.97257355026
-22.97445785;-46.491722074;883.5;66960;33.001440823327634;980.3014408233275;Line 15;0;193.97257355026
-22.974720081;-46.491795606;883.5;66930;32.98665523156091;980.2866552315609;Line 15;0;193.97257355026
-22.974982313;-46.491869138;883.3;66900;32.971869639794186;980.2718696397941;Line 15;0;193.97257355026
-22.975244544;-46.491942671;884.9;66870;32.95708404802746;980.2570840480274;Line 15;0;193.97257355026
-22.975506775;-46.492016204;886.4;66840;32.94229845626074;980.2422984562606;Line 15;0;193.97257355026
-22.975769006;-46.492089737;887.8;66810;32.92751286449401;980.227512864494;Line 15;0;193.97257355026
-22.976031236;-46.49216327;888.1;66780;32.91272727272729;980.2127272727272;Line 15;0;193.97257355026
-22.976293467;-46.492236804;888.1;66750;32.89794168096057;980.1979416809605;Line 15;0;193.97257355026
-22.976555698;-46.492310338;888.4;66720;32.88315608919384;980.1831560891937;Line 15;0;193.97257355026
-22.976817929;-46.492383873;885.8;66690;32.868370497427115;980.1683704974271;Line 15;0;193.97257355026
-22.977080159;-46.492457408;881.2;66660;32.8535849056604;980.1535849056604;Line 15;0;193.97257355026
-22.97734239;-46.492530943;876.5;66630;32.838799313893674;980.1387993138936;Line 15;0;193.97257355026
-22.977604621;-46.492604478;872.8;66600;32.82401372212695;980.1240137221268;Line 15;0;193.97257355026
-22.977866851;-46.492678014;871.0;66570;32.80922813036022;980.1092281303602;Line 15;0;193.97257355026
-22.978129081;-46.49275155;869.6;66540;32.7944425385935;980.0944425385935;Line 15;0;193.97257355026
-22.978391312;-46.492825086;869.0;66510;32.779656946826776;980.0796569468267;Line 15;0;193.97257355026
-22.978653542;-46.492898623;870.8;66480;32.76487135506005;980.06487135506;Line 15;0;193.97257355026
-22.978915772;-46.49297216;872.6;66450;32.75008576329333;980.0500857632933;Line 15;0;193.97257355026
-22.979178003;-46.493045697;874.6;66420;32.7353001715266;980.0353001715266;Line 15;0;193.97257355026
-22.979440233;-46.493119235;878.1;66390;32.72051457975988;980.0205145797598;Line 15;0;193.97257355026
-22.979702463;-46.493192772;881.5;66360;32.705728987993155;980.005728987993;Line 15;0;193.97257355026
-22.979964693;-46.493266311;885.0;66330;32.69094339622643;979.9909433962264;Line 15;0;193.97257355026
-22.980226923;-46.493339849;883.8;66300;32.67615780445971;979.9761578044597;Line 15;0;193.97257355026
-22.980489153;-46.493413388;881.6;66270;32.66137221269298;979.9613722126929;Line 15;0;193.97257355026
-22.980751383;-46.493486927;879.6;66240;32.64658662092626;979.9465866209262;Line 15;0;193.97257355026
-22.981013612;-46.493560467;876.6;66210;32.63180102915954;979.9318010291595;Line 15;0;193.97257355026
-22.981275842;-46.493634006;873.7;66180;32.617015437392816;979.9170154373928;Line 15;0;193.97257355026
-22.981538072;-46.493707546;871.7;66150;32.60222984562609;979.902229845626;Line 15;0;193.97257355026
-22.981800301;-46.493781087;872.5;66120;32.58744425385936;979.8874442538593;Line 15;0;193.97257355026
-22.982062531;-46.493854628;875.8;66090;32.57265866209264;979.8726586620926;Line 15;0;193.97257355026
-22.98232476;-46.493928169;879.3;66060;32.55787307032592;979.8578730703259;Line 15;0;193.97257355026
-22.98258699;-46.49400171;882.8;66030;32.543087478559194;979.8430874785591;Line 15;0;193.97257355026
-22.982849219;-46.494075252;886.2;66000;32.52830188679247;979.8283018867925;Line 15;0;193.97257355026
-22.983111449;-46.494148794;889.6;65970;32.513516295025745;979.8135162950257;Line 15;0;193.97257355026
-22.983373678;-46.494222336;892.5;65940;32.49873070325902;979.798730703259;Line 15;0;193.97257355026
-22.983635907;-46.494295878;894.6;65910;32.4839451114923;979.7839451114922;Line 15;0;193.97257355026
-22.983898136;-46.494369421;896.9;65880;32.46915951972558;979.7691595197256;Line 15;0;193.97257355026
-22.984160365;-46.494442965;899.6;65850;32.454373927958855;979.7543739279588;Line 15;0;193.97257355026
-22.984422594;-46.494516508;899.6;65820;32.439588336192124;979.7395883361921;Line 15;0;193.97257355026
-22.984684823;-46.494590052;900.4;65790;32.4248027444254;979.7248027444253;Line 15;0;193.97257355026
-22.984947052;-46.494663596;902.3;65760;32.41001715265868;979.7100171526587;Line 15;0;193.97257355026
-22.985209281;-46.494737141;902.3;65730;32.39523156089196;979.6952315608919;Line 15;0;193.97257355026
-22.98547151;-46.494810685;901.6;65700;32.38044596912523;979.6804459691252;Line 15;0;193.97257355026
-22.985733739;-46.49488423;900.7;65670;32.3656603773585;979.6656603773584;Line 15;0;193.97257355026
-22.985995967;-46.494957776;899.7;65640;32.350874785591785;979.6508747855918;Line 15;0;193.97257355026
-22.986258196;-46.495031322;898.8;65610;32.33608919382506;979.636089193825;Line 15;0;193.97257355026
-22.986520425;-46.495104868;898.1;65580;32.321303602058336;979.6213036020583;Line 15;0;193.97257355026
-22.986782653;-46.495178414;897.8;65550;32.30651801029161;979.6065180102916;Line 15;0;193.97257355026
-22.987044882;-46.495251961;897.3;65520;32.29173241852489;979.5917324185249;Line 15;0;193.97257355026
-22.98730711;-46.495325508;896.6;65490;32.27694682675816;979.5769468267581;Line 15;0;193.97257355026
-22.987569338;-46.495399055;896.0;65460;32.26216123499144;979.5621612349914;Line 15;0;193.97257355026
-22.987831567;-46.495472602;895.6;65430;32.24737564322472;979.5473756432247;Line 15;0;193.97257355026
-22.988093795;-46.49554615;894.4;65400;32.232590051458;979.532590051458;Line 15;0;193.97257355026
-22.988356023;-46.495619699;892.7;65370;32.217804459691266;979.5178044596912;Line 15;0;193.97257355026
-22.988618251;-46.495693247;893.3;65340;32.20301886792454;979.5030188679245;Line 15;0;193.97257355026
-22.988880479;-46.495766796;893.4;65310;32.188233276157824;979.4882332761578;Line 15;0;193.97257355026
-22.989142707;-46.495840345;893.1;65280;32.1734476843911;979.4734476843911;Line 15;0;193.97257355026
-22.989404935;-46.495913895;894.7;65250;32.158662092624375;979.4586620926243;Line 15;0;193.97257355026
-22.989667163;-46.495987444;896.0;65220;32.14387650085765;979.4438765008576;Line 15;0;193.97257355026
-22.989929391;-46.496060994;896.8;65190;32.12909090909093;979.4290909090909;Line 15;0;193.97257355026
-22.990191619;-46.496134545;898.0;65160;32.1143053173242;979.4143053173242;Line 15;0;193.97257355026
-22.990453847;-46.496208096;899.0;65130;32.09951972555748;979.3995197255574;Line 15;0;193.97257355026
-22.990716074;-46.496281647;899.7;65100;32.08473413379076;979.3847341337907;Line 15;0;193.97257355026
-22.990978302;-46.496355198;900.3;65070;32.06994854202403;979.369948542024;Line 15;0;193.97257355026
-22.991240529;-46.49642875;901.3;65040;32.055162950257305;979.3551629502573;Line 15;0;193.97257355026
-22.991502757;-46.496502302;902.7;65010;32.04037735849058;979.3403773584905;Line 15;0;193.97257355026
-22.991764984;-46.496575854;904.8;64980;32.02559176672386;979.3255917667238;Line 15;0;193.97257355026
-22.992027212;-46.496649407;907.8;64950;32.01080617495714;979.3108061749571;Line 15;0;193.97257355026
-22.992289439;-46.49672296;910.9;64920;31.996020583190408;979.2960205831904;Line 15;0;193.97257355026
-22.992551666;-46.496796513;914.1;64890;31.981234991423687;979.2812349914236;Line 15;0;193.97257355026
-22.992813893;-46.496870066;918.0;64860;31.966449399656963;979.266449399657;Line 15;0;193.97257355026
-22.993076121;-46.49694362;922.0;64830;31.95166380789024;979.2516638078902;Line 15;0;193.97257355026
-22.993338348;-46.497017174;926.2;64800;31.936878216123517;979.2368782161235;Line 15;0;193.97257355026
-22.993600575;-46.497090729;929.4;64770;31.92209262435679;979.2220926243567;Line 15;0;193.97257355026
-22.993862802;-46.497164284;932.8;64740;31.90730703259007;979.20730703259;Line 15;0;193.97257355026
-22.994125029;-46.497237839;936.5;64710;31.892521440823344;979.1925214408233;Line 15;0;193.97257355026
-22.994387256;-46.497311394;931.6;64680;31.877735849056624;979.1777358490566;Line 15;0;193.97257355026
-22.994649482;-46.49738495;925.4;64650;31.8629502572899;979.1629502572898;Line 15;0;193.97257355026
-22.994911709;-46.497458506;919.7;64620;31.84816466552317;979.1481646655232;Line 15;0;193.97257355026
-22.995173936;-46.497532062;910.4;64590;31.833379073756447;979.1333790737564;Line 15;0;193.97257355026
-22.995436162;-46.497605619;899.2;64560;31.818593481989726;979.1185934819897;Line 15;0;193.97257355026
-22.995698389;-46.497679176;887.9;64530;31.803807890223002;979.1038078902229;Line 15;0;193.97257355026
-22.995960615;-46.497752733;879.3;64500;31.78902229845628;979.0890222984563;Line 15;0;193.97257355026
-22.996222842;-46.497826291;873.3;64470;31.774236706689553;979.0742367066895;Line 15;0;193.97257355026
-22.996485068;-46.497899849;867.2;64440;31.75945111492283;979.0594511149228;Line 15;0;193.97257355026
-22.996747295;-46.497973407;862.5;64410;31.744665523156108;979.044665523156;Line 15;0;193.97257355026
-22.997009521;-46.498046966;861.3;64380;31.729879931389384;979.0298799313894;Line 15;0;193.97257355026
-22.997271747;-46.498120525;860.3;64350;31.715094339622663;979.0150943396226;Line 15;0;193.97257355026
-22.997533973;-46.498194084;859.5;64320;31.70030874785593;979.0003087478559;Line 15;0;193.97257355026
-22.997796199;-46.498267643;857.9;64290;31.68552315608921;978.9855231560891;Line 15;0;193.97257355026
-22.998058425;-46.498341203;856.1;64260;31.670737564322486;978.9707375643225;Line 15;0;193.97257355026
-22.998320651;-46.498414763;853.9;64230;31.655951972555766;978.9559519725557;Line 15;0;193.97257355026
-22.998582877;-46.498488324;850.9;64200;31.64116638078904;978.941166380789;Line 15;0;193.97257355026
-22.998845103;-46.498561884;847.8;64170;31.626380789022313;978.9263807890222;Line 15;0;193.97257355026
-22.999107329;-46.498635446;844.8;64140;31.61159519725559;978.9115951972556;Line 15;0;193.97257355026
-22.999369555;-46.498709007;844.3;64110;31.59680960548887;978.8968096054888;Line 15;0;193.97257355026
-22.999631781;-46.498782569;844.8;64080;31.582024013722144;978.8820240137221;Line 15;0;193.97257355026
-22.999894006;-46.498856131;845.6;64050;31.567238421955423;978.8672384219553;Line 15;0;193.97257355026
-23.000156232;-46.498929693;847.8;64020;31.552452830188695;978.8524528301887;Line 15;0;193.97257355026
-23.000418457;-46.499003256;850.8;63990;31.53766723842197;978.8376672384219;Line 15;0;193.97257355026
-23.000680683;-46.499076819;853.7;63960;31.52288164665525;978.8228816466552;Line 15;0;193.97257355026
-23.000942908;-46.499150382;857.6;63930;31.508096054888526;978.8080960548884;Line 15;0;193.97257355026
-23.001205134;-46.499223945;863.4;63900;31.493310463121798;978.7933104631218;Line 15;0;193.97257355026
-23.001467359;-46.499297509;869.0;63870;31.478524871355074;978.778524871355;Line 15;0;193.97257355026
-23.001729584;-46.499371073;874.2;63840;31.463739279588353;978.7637392795883;Line 15;0;193.97257355026
-23.001991809;-46.499444638;878.4;63810;31.44895368782163;978.7489536878215;Line 15;0;193.97257355026
-23.002254035;-46.499518203;882.5;63780;31.434168096054908;978.7341680960549;Line 15;0;193.97257355026
-23.00251626;-46.499591768;886.1;63750;31.419382504288176;978.7193825042881;Line 15;0;193.97257355026
-23.002778485;-46.499665333;886.2;63720;31.404596912521455;978.7045969125214;Line 15;0;193.97257355026
-23.00304071;-46.499738899;886.1;63690;31.389811320754735;978.6898113207546;Line 15;0;193.97257355026
-23.003302934;-46.499812465;885.8;63660;31.37502572898801;978.675025728988;Line 15;0;193.97257355026
-23.003565159;-46.499886032;883.2;63630;31.36024013722129;978.6602401372212;Line 15;0;193.97257355026
-23.003827384;-46.499959598;880.2;63600;31.345454545454558;978.6454545454545;Line 15;0;193.97257355026
-23.004089609;-46.500033165;876.5;63570;31.330668953687837;978.6306689536877;Line 15;0;193.97257355026
-23.004351834;-46.500106733;871.4;63540;31.315883361921113;978.6158833619211;Line 15;0;193.97257355026
-23.004614058;-46.5001803;866.5;63510;31.301097770154392;978.6010977701543;Line 15;0;193.97257355026
-23.004876283;-46.500253868;861.9;63480;31.286312178387668;978.5863121783876;Line 15;0;193.97257355026
-23.005138507;-46.500327437;857.9;63450;31.27152658662094;978.5715265866208;Line 15;0;193.97257355026
-23.005400732;-46.500401005;854.6;63420;31.256740994854216;978.5567409948542;Line 15;0;193.97257355026
-23.005662956;-46.500474574;852.3;63390;31.241955403087495;978.5419554030874;Line 15;0;193.97257355026
-23.00592518;-46.500548143;851.9;63360;31.22716981132077;978.5271698113207;Line 15;0;193.97257355026
-23.006187405;-46.500621713;853.9;63330;31.21238421955405;978.512384219554;Line 15;0;193.97257355026
-23.006449629;-46.500695283;856.3;63300;31.197598627787322;978.4975986277873;Line 15;0;193.97257355026
-23.006711853;-46.500768853;858.9;63270;31.182813036020598;978.4828130360205;Line 15;0;193.97257355026
-23.006974077;-46.500842423;861.0;63240;31.168027444253877;978.4680274442538;Line 15;0;193.97257355026
-23.007236301;-46.500915994;863.2;63210;31.153241852487152;978.453241852487;Line 15;0;193.97257355026
-23.007498525;-46.500989565;865.4;63180;31.13845626072043;978.4384562607204;Line 15;0;193.97257355026
-23.007760749;-46.501063137;867.3;63150;31.1236706689537;978.4236706689536;Line 15;0;193.97257355026
-23.008022973;-46.501136708;868.5;63120;31.10888507718698;978.4088850771869;Line 15;0;193.97257355026
-23.008285197;-46.501210281;869.2;63090;31.094099485420255;978.3940994854202;Line 15;0;193.97257355026
-23.00854742;-46.501283853;865.5;63060;31.079313893653534;978.3793138936535;Line 15;0;193.97257355026
-23.008809644;-46.501357426;861.1;63030;31.06452830188681;978.3645283018868;Line 15;0;193.97257355026
-23.009071868;-46.501430999;857.1;63000;31.049742710120082;978.34974271012;Line 15;0;193.97257355026
-23.009334091;-46.501504572;852.9;62970;31.034957118353358;978.3349571183533;Line 15;0;193.97257355026
-23.009596315;-46.501578145;848.0;62940;31.020171526586637;978.3201715265866;Line 15;0;193.97257355026
-23.009858538;-46.501651719;842.3;62910;31.005385934819916;978.3053859348199;Line 15;0;193.97257355026
-23.010120762;-46.501725294;840.1;62880;30.990600343053192;978.2906003430531;Line 15;0;193.97257355026
-23.010382985;-46.501798868;842.0;62850;30.975814751286464;978.2758147512864;Line 15;0;193.97257355026
-23.010645208;-46.501872443;843.7;62820;30.96102915951974;978.2610291595197;Line 15;0;193.97257355026
-23.010907432;-46.501946018;846.1;62790;30.94624356775302;978.246243567753;Line 15;0;193.97257355026
-23.011169655;-46.502019594;851.1;62760;30.931457975986294;978.2314579759862;Line 15;0;193.97257355026
-23.011431878;-46.50209317;856.0;62730;30.916672384219574;978.2166723842196;Line 15;0;193.97257355026
-23.011694101;-46.502166746;860.5;62700;30.901886792452842;978.2018867924528;Line 15;0;193.97257355026
-23.011956324;-46.502240322;863.5;62670;30.88710120068612;978.1871012006861;Line 15;0;193.97257355026
-23.012218547;-46.502313899;866.2;62640;30.872315608919397;978.1723156089193;Line 15;0;193.97257355026
-23.01248077;-46.502387476;868.7;62610;30.857530017152676;978.1575300171527;Line 15;0;193.97257355026
-23.012742993;-46.502461053;866.4;62580;30.842744425385952;978.1427444253859;Line 15;0;193.97257355026
-23.013005215;-46.502534631;863.7;62550;30.827958833619224;978.1279588336192;Line 15;0;193.97257355026
-23.013267438;-46.502608209;861.2;62520;30.813173241852503;978.1131732418525;Line 15;0;193.97257355026
-23.013529661;-46.502681787;857.8;62490;30.79838765008578;978.0983876500858;Line 15;0;193.97257355026
-23.013791883;-46.502755366;853.6;62460;30.783602058319058;978.083602058319;Line 15;0;193.97257355026
-23.014054106;-46.502828945;849.0;62430;30.768816466552334;978.0688164665523;Line 15;0;193.97257355026
-23.014316328;-46.502902524;843.8;62400;30.754030874785606;978.0540308747856;Line 15;0;193.97257355026
-23.014578551;-46.502976104;838.6;62370;30.73924528301888;978.0392452830189;Line 15;0;193.97257355026
-23.014840773;-46.503049684;833.8;62340;30.72445969125216;978.0244596912521;Line 15;0;193.97257355026
-23.015102995;-46.503123264;831.0;62310;30.709674099485436;978.0096740994854;Line 15;0;193.97257355026
-23.015365218;-46.503196844;831.5;62280;30.694888507718716;977.9948885077187;Line 15;0;193.97257355026
-23.01562744;-46.503270425;832.6;62250;30.680102915951984;977.980102915952;Line 15;0;193.97257355026
-23.015889662;-46.503344006;834.7;62220;30.665317324185263;977.9653173241852;Line 15;0;193.97257355026
-23.016151884;-46.503417588;837.8;62190;30.65053173241854;977.9505317324185;Line 15;0;193.97257355026
-23.016414106;-46.50349117;840.5;62160;30.63574614065182;977.9357461406518;Line 15;0;193.97257355026
-23.016676328;-46.503564752;842.8;62130;30.620960548885098;977.9209605488851;Line 15;0;193.97257355026
-23.01693855;-46.503638334;846.3;62100;30.606174957118366;977.9061749571183;Line 15;0;193.97257355026
-23.017200772;-46.503711917;849.8;62070;30.591389365351645;977.8913893653516;Line 15;0;193.97257355026
-23.017462994;-46.5037855;853.6;62040;30.57660377358492;977.8766037735849;Line 15;0;193.97257355026
-23.017725215;-46.503859083;853.8;62010;30.5618181818182;977.8618181818182;Line 15;0;193.97257355026
-23.017987437;-46.503932667;853.4;61980;30.547032590051476;977.8470325900514;Line 15;0;193.97257355026
-23.018249659;-46.504006251;853.0;61950;30.532246998284748;977.8322469982847;Line 15;0;193.97257355026
-23.01851188;-46.504079835;849.3;61920;30.517461406518024;977.817461406518;Line 15;0;193.97257355026
-23.018774102;-46.50415342;844.0;61890;30.502675814751303;977.8026758147513;Line 15;0;193.97257355026
-23.019036323;-46.504227005;838.5;61860;30.48789022298458;977.7878902229845;Line 15;0;193.97257355026
-23.019298545;-46.50430059;836.7;61830;30.473104631217858;977.7731046312178;Line 15;0;193.97257355026
-23.019560766;-46.504374175;838.5;61800;30.45831903945113;977.7583190394511;Line 15;0;193.97257355026
-23.019822987;-46.504447761;840.4;61770;30.443533447684406;977.7435334476844;Line 15;0;193.97257355026
-23.020085208;-46.504521347;842.8;61740;30.428747855917685;977.7287478559176;Line 15;0;193.97257355026
-23.02034743;-46.504594934;846.0;61710;30.41396226415096;977.713962264151;Line 15;0;193.97257355026
-23.020609651;-46.504668521;849.7;61680;30.39917667238424;977.6991766723842;Line 15;0;193.97257355026
-23.020871872;-46.504742108;853.5;61650;30.384391080617508;977.6843910806175;Line 15;0;193.97257355026
-23.021134093;-46.504815695;856.3;61620;30.369605488850787;977.6696054888507;Line 15;0;193.97257355026
-23.021396314;-46.504889283;859.3;61590;30.354819897084063;977.654819897084;Line 15;0;193.97257355026
-23.021658534;-46.504962871;862.4;61560;30.340034305317342;977.6400343053173;Line 15;0;193.97257355026
-23.021920755;-46.505036459;865.3;61530;30.325248713550618;977.6252487135506;Line 15;0;193.97257355026
-23.022182976;-46.505110048;868.2;61500;30.31046312178389;977.6104631217838;Line 15;0;193.97257355026
-23.022445197;-46.505183637;871.2;61470;30.295677530017166;977.5956775300172;Line 15;0;193.97257355026
-23.022707417;-46.505257226;873.7;61440;30.280891938250445;977.5808919382504;Line 15;0;193.97257355026
-23.022969638;-46.505330816;876.0;61410;30.26610634648372;977.5661063464837;Line 15;0;193.97257355026
-23.023231858;-46.505404406;878.3;61380;30.251320754717;977.5513207547169;Line 15;0;193.97257355026
-23.023494079;-46.505477996;880.9;61350;30.236535162950272;977.5365351629503;Line 15;0;193.97257355026
-23.023756299;-46.505551587;883.5;61320;30.221749571183548;977.5217495711835;Line 15;0;193.97257355026
-23.02401852;-46.505625178;885.9;61290;30.206963979416827;977.5069639794168;Line 15;0;193.97257355026
-23.02428074;-46.505698769;889.3;61260;30.192178387650102;977.49217838765;Line 15;0;193.97257355026
-23.02454296;-46.50577236;893.9;61230;30.17739279588338;977.4773927958834;Line 15;0;193.97257355026
-23.02480518;-46.505845952;898.4;61200;30.16260720411665;977.4626072041166;Line 15;0;193.97257355026
-23.0250674;-46.505919544;903.4;61170;30.14782161234993;977.4478216123499;Line 15;0;193.97257355026
-23.025329621;-46.505993137;909.2;61140;30.133036020583205;977.4330360205831;Line 15;0;193.97257355026
-23.025591841;-46.506066729;915.1;61110;30.118250428816484;977.4182504288165;Line 15;0;193.97257355026
-23.02585406;-46.506140322;920.9;61080;30.10346483704976;977.4034648370497;Line 15;0;193.97257355026
-23.02611628;-46.506213916;923.8;61050;30.088679245283032;977.388679245283;Line 15;0;193.97257355026
-23.0263785;-46.50628751;926.7;61020;30.07389365351631;977.3738936535162;Line 15;0;193.97257355026
-23.02664072;-46.506361104;929.4;60990;30.059108061749587;977.3591080617496;Line 15;0;193.97257355026
-23.02690294;-46.506434698;927.0;60960;30.044322469982866;977.3443224699828;Line 15;0;193.97257355026
-23.027165159;-46.506508293;924.3;60930;30.029536878216142;977.3295368782161;Line 15;0;193.97257355026
-23.027427379;-46.506581888;922.1;60900;30.014751286449414;977.3147512864493;Line 15;0;193.97257355026
-23.027689598;-46.506655483;919.1;60870;29.99996569468269;977.2999656946827;Line 15;0;193.97257355026
-23.027951818;-46.506729078;915.0;60840;29.98518010291597;977.2851801029159;Line 15;0;193.97257355026
-23.028214037;-46.506802674;911.3;60810;29.970394511149244;977.2703945111492;Line 15;0;193.97257355026
-23.028476257;-46.506876271;906.0;60780;29.95560891938252;977.2556089193824;Line 15;0;193.97257355026
-23.028738476;-46.506949867;899.7;60750;29.940823327615796;977.2408233276158;Line 15;0;193.97257355026
-23.029000695;-46.507023464;894.3;60720;29.92603773584907;977.226037735849;Line 15;0;193.97257355026
-23.029262915;-46.507097061;891.4;60690;29.911252144082347;977.2112521440823;Line 15;0;193.97257355026
-23.029525134;-46.507170659;891.1;60660;29.896466552315626;977.1964665523155;Line 15;0;193.97257355026
-23.029787353;-46.507244256;890.7;60630;29.881680960548902;977.1816809605489;Line 15;0;193.97257355026
-23.030049572;-46.507317854;890.9;60600;29.866895368782178;977.1668953687821;Line 15;0;193.97257355026
-23.030311791;-46.507391453;894.1;60570;29.852109777015453;977.1521097770154;Line 15;0;193.97257355026
-23.03057401;-46.507465052;896.8;60540;29.83732418524873;977.1373241852486;Line 15;0;193.97257355026
-23.030836228;-46.507538651;898.2;60510;29.822538593482008;977.122538593482;Line 15;0;193.97257355026
-23.031098447;-46.50761225;900.3;60480;29.80775300171528;977.1077530017152;Line 15;0;193.97257355026
-23.031360666;-46.50768585;901.6;60450;29.79296740994856;977.0929674099485;Line 15;0;193.97257355026
-23.031622885;-46.50775945;902.1;60420;29.77818181818183;977.0781818181817;Line 15;0;193.97257355026
-23.031885103;-46.50783305;898.5;60390;29.76339622641511;977.0633962264151;Line 15;0;193.97257355026
-23.032147322;-46.507906651;894.1;60360;29.748610634648387;977.0486106346483;Line 15;0;193.97257355026
-23.03240954;-46.507980251;889.5;60330;29.733825042881662;977.0338250428816;Line 15;0;193.97257355026
-23.032671759;-46.508053853;883.1;60300;29.719039451114938;977.0190394511148;Line 15;0;193.97257355026
-23.032933977;-46.508127454;875.9;60270;29.704253859348213;977.0042538593482;Line 15;0;193.97257355026
-23.033196195;-46.508201056;868.9;60240;29.689468267581493;976.9894682675814;Line 15;0;193.97257355026
-23.033458414;-46.508274658;861.3;60210;29.67468267581477;976.9746826758147;Line 15;0;193.97257355026
-23.033720632;-46.508348261;852.6;60180;29.659897084048044;976.959897084048;Line 15;0;193.97257355026
-23.03398285;-46.508421864;843.9;60150;29.64511149228132;976.9451114922813;Line 15;0;193.97257355026
-23.034245068;-46.508495467;836.5;60120;29.630325900514595;976.9303259005145;Line 15;0;193.97257355026
-23.034507286;-46.50856907;831.8;60090;29.61554030874787;976.9155403087478;Line 15;0;193.97257355026
-23.034769504;-46.508642674;826.8;60060;29.600754716981147;976.900754716981;Line 15;0;193.97257355026
-23.035031722;-46.508716278;821.1;60030;29.585969125214422;976.8859691252144;Line 15;0;193.97257355026
-23.03529394;-46.508789882;813.6;60000;29.5711835334477;976.8711835334476;Line 15;0;193.97257355026
-23.035556158;-46.508863487;807.2;59970;29.556397941680974;976.8563979416809;Line 15;0;193.97257355026
-23.035818376;-46.508937092;801.8;59940;29.541612349914253;976.8416123499142;Line 15;0;193.97257355026
-23.036080593;-46.509010698;801.2;59910;29.52682675814753;976.8268267581475;Line 15;0;193.97257355026
-23.036342811;-46.509084303;801.6;59880;29.512041166380804;976.8120411663807;Line 15;0;193.97257355026
-23.036605028;-46.509157909;802.7;59850;29.497255574614083;976.797255574614;Line 15;0;193.97257355026
-23.036867246;-46.509231515;804.0;59820;29.482469982847356;976.7824699828473;Line 15;0;193.97257355026
-23.037129463;-46.509305122;805.5;59790;29.467684391080635;976.7676843910806;Line 15;0;193.97257355026
-23.037391681;-46.509378729;807.3;59760;29.452898799313907;976.7528987993138;Line 15;0;193.97257355026
-23.037653898;-46.509452336;808.1;59730;29.438113207547186;976.7381132075471;Line 15;0;193.97257355026
-23.037916116;-46.509525944;808.0;59700;29.42332761578046;976.7233276157804;Line 15;0;193.97257355026
-23.038178333;-46.509599551;807.9;59670;29.408542024013737;976.7085420240137;Line 15;0;193.97257355026
-23.03844055;-46.50967316;807.1;59640;29.393756432247013;976.6937564322469;Line 15;0;193.97257355026
-23.038702767;-46.509746768;805.0;59610;29.37897084048029;976.6789708404802;Line 15;0;193.97257355026
-23.038964984;-46.509820377;802.4;59580;29.364185248713564;976.6641852487135;Line 15;0;193.97257355026
-23.039227201;-46.509893986;800.3;59550;29.349399656946844;976.6493996569468;Line 15;0;193.97257355026
-23.039489418;-46.509967595;800.1;59520;29.33461406518012;976.6346140651801;Line 15;0;193.97257355026
-23.039751635;-46.510041205;799.8;59490;29.319828473413395;976.6198284734133;Line 15;0;193.97257355026
-23.040013852;-46.510114815;799.8;59460;29.30504288164667;976.6050428816466;Line 15;0;193.97257355026
-23.040276069;-46.510188426;804.3;59430;29.290257289879946;976.5902572898799;Line 15;0;193.97257355026
-23.040538285;-46.510262036;808.7;59400;29.275471698113225;976.5754716981132;Line 15;0;193.97257355026
-23.040800502;-46.510335647;813.0;59370;29.260686106346498;976.5606861063465;Line 15;0;193.97257355026
-23.041062718;-46.510409259;817.8;59340;29.245900514579777;976.5459005145798;Line 15;0;193.97257355026
-23.041324935;-46.51048287;822.8;59310;29.23111492281305;976.531114922813;Line 15;0;193.97257355026
-23.041587151;-46.510556482;827.8;59280;29.216329331046328;976.5163293310463;Line 15;0;193.97257355026
-23.041849368;-46.510630094;832.6;59250;29.201543739279604;976.5015437392796;Line 15;0;193.97257355026
-23.042111584;-46.510703707;837.4;59220;29.18675814751288;976.4867581475129;Line 15;0;193.97257355026
-23.042373801;-46.51077732;842.3;59190;29.171972555746155;976.4719725557461;Line 15;0;193.97257355026
-23.042636017;-46.510850933;845.4;59160;29.15718696397943;976.4571869639794;Line 15;0;193.97257355026
-23.042898233;-46.510924546;845.1;59130;29.14240137221271;976.4424013722127;Line 15;0;193.97257355026
-23.043160449;-46.51099816;844.3;59100;29.127615780445986;976.427615780446;Line 15;0;193.97257355026
-23.043422665;-46.511071774;843.1;59070;29.11283018867926;976.4128301886792;Line 15;0;193.97257355026
-23.043684881;-46.511145389;841.3;59040;29.098044596912537;976.3980445969125;Line 15;0;193.97257355026
-23.043947097;-46.511219004;839.4;59010;29.083259005145813;976.3832590051458;Line 15;0;193.97257355026
-23.044209313;-46.511292619;837.1;58980;29.06847341337909;976.3684734133791;Line 15;0;193.97257355026
-23.044471529;-46.511366234;834.1;58950;29.053687821612368;976.3536878216123;Line 15;0;193.97257355026
-23.044733745;-46.51143985;831.4;58920;29.03890222984564;976.3389022298456;Line 15;0;193.97257355026
-23.04499596;-46.511513466;828.9;58890;29.02411663807892;976.3241166380789;Line 15;0;193.97257355026
-23.045258176;-46.511587082;827.2;58860;29.00933104631219;976.3093310463122;Line 15;0;193.97257355026
-23.045520392;-46.511660699;825.8;58830;28.99454545454547;976.2945454545454;Line 15;0;193.97257355026
-23.045782607;-46.511734316;824.6;58800;28.979759862778746;976.2797598627787;Line 15;0;193.97257355026
-23.046044823;-46.511807933;825.3;58770;28.96497427101202;976.264974271012;Line 15;0;193.97257355026
-23.046307038;-46.511881551;826.9;58740;28.9501886792453;976.2501886792453;Line 15;0;193.97257355026
-23.046569254;-46.511955169;829.0;58710;28.935403087478573;976.2354030874785;Line 15;0;193.97257355026
-23.046831469;-46.512028787;828.3;58680;28.920617495711852;976.2206174957118;Line 15;0;193.97257355026
-23.047093684;-46.512102405;825.5;58650;28.905831903945128;976.2058319039451;Line 15;0;193.97257355026
-23.047355899;-46.512176024;822.6;58620;28.891046312178403;976.1910463121784;Line 15;0;193.97257355026
-23.047618115;-46.512249643;816.7;58590;28.87626072041168;976.1762607204116;Line 15;0;193.97257355026
-23.04788033;-46.512323263;806.8;58560;28.861475128644955;976.161475128645;Line 15;0;193.97257355026
-23.048142545;-46.512396883;796.6;58530;28.84668953687823;976.1466895368782;Line 15;0;193.97257355026
-23.04840476;-46.512470503;787.8;58500;28.83190394511151;976.1319039451115;Line 15;0;193.97257355026
-23.048666975;-46.512544123;784.1;58470;28.81711835334478;976.1171183533447;Line 15;0;193.97257355026
-23.048929189;-46.512617744;781.1;58440;28.80233276157806;976.102332761578;Line 15;0;193.97257355026
-23.049191404;-46.512691365;778.7;58410;28.787547169811333;976.0875471698113;Line 15;0;193.97257355026
-23.049453619;-46.512764986;778.6;58380;28.772761578044612;976.0727615780446;Line 15;0;193.97257355026
-23.049715834;-46.512838608;779.0;58350;28.75797598627789;976.0579759862778;Line 15;0;193.97257355026
-23.049978048;-46.51291223;779.9;58320;28.743190394511164;976.0431903945112;Line 15;0;193.97257355026
-23.050240263;-46.512985852;782.2;58290;28.728404802744443;976.0284048027444;Line 15;0;193.97257355026
-23.050502477;-46.513059475;785.0;58260;28.713619210977715;976.0136192109777;Line 15;0;193.97257355026
-23.050764692;-46.513133098;788.4;58230;28.698833619210994;975.9988336192109;Line 15;0;193.97257355026
-23.051026906;-46.513206721;790.5;58200;28.68404802744427;975.9840480274443;Line 15;0;193.97257355026
-23.051289121;-46.513280345;792.0;58170;28.669262435677545;975.9692624356775;Line 15;0;193.97257355026
-23.051551335;-46.513353969;793.3;58140;28.65447684391082;975.9544768439108;Line 15;0;193.97257355026
-23.051813549;-46.513427593;792.0;58110;28.639691252144097;975.939691252144;Line 15;0;193.97257355026
-23.052075763;-46.513501217;788.5;58080;28.624905660377372;975.9249056603774;Line 15;0;193.97257355026
-23.052337977;-46.513574842;784.7;58050;28.61012006861065;975.9101200686106;Line 15;0;193.97257355026
-23.052600191;-46.513648467;781.3;58020;28.595334476843924;975.8953344768439;Line 15;0;193.97257355026
-23.052862405;-46.513722093;778.8;57990;28.580548885077203;975.8805488850771;Line 15;0;193.97257355026
-23.053124619;-46.513795719;775.8;57960;28.56576329331048;975.8657632933105;Line 15;0;193.97257355026
-23.053386833;-46.513869345;773.6;57930;28.550977701543754;975.8509777015437;Line 15;0;193.97257355026
-23.053649047;-46.513942971;776.0;57900;28.536192109777033;975.836192109777;Line 15;0;193.97257355026
-23.053911261;-46.514016598;778.3;57870;28.521406518010306;975.8214065180102;Line 15;0;193.97257355026
-23.054173474;-46.514090225;780.6;57840;28.506620926243585;975.8066209262436;Line 15;0;193.97257355026
-23.054435688;-46.514163852;784.5;57810;28.491835334476857;975.7918353344768;Line 15;0;193.97257355026
-23.054697902;-46.51423748;789.5;57780;28.477049742710136;975.7770497427101;Line 15;0;193.97257355026
-23.054960115;-46.514311108;794.7;57750;28.462264150943412;975.7622641509433;Line 15;0;193.97257355026
-23.055222329;-46.514384736;800.4;57720;28.447478559176687;975.7474785591767;Line 15;0;193.97257355026
-23.055484542;-46.514458365;805.9;57690;28.432692967409963;975.7326929674099;Line 15;0;193.97257355026
-23.055746755;-46.514531994;811.2;57660;28.41790737564324;975.7179073756432;Line 15;0;193.97257355026
-23.056008969;-46.514605623;815.3;57630;28.403121783876514;975.7031217838764;Line 15;0;193.97257355026
-23.056271182;-46.514679252;819.3;57600;28.38833619210979;975.6883361921098;Line 15;0;193.97257355026
-23.056533395;-46.514752882;823.5;57570;28.37355060034307;975.673550600343;Line 15;0;193.97257355026
-23.056795608;-46.514826512;827.4;57540;28.358765008576345;975.6587650085763;Line 15;0;193.97257355026
-23.057057821;-46.514900143;830.8;57510;28.34397941680962;975.6439794168095;Line 15;0;193.97257355026
-23.057320034;-46.514973774;834.0;57480;28.329193825042896;975.6291938250429;Line 15;0;193.97257355026
-23.057582247;-46.515047405;836.9;57450;28.314408233276172;975.6144082332761;Line 15;0;193.97257355026
-23.05784446;-46.515121036;839.2;57420;28.299622641509448;975.5996226415094;Line 15;0;193.97257355026
-23.058106673;-46.515194668;841.5;57390;28.284837049742727;975.5848370497426;Line 15;0;193.97257355026
-23.058368886;-46.5152683;843.9;57360;28.270051457976;975.570051457976;Line 15;0;193.97257355026
-23.058631099;-46.515341932;846.1;57330;28.255265866209278;975.5552658662092;Line 15;0;193.97257355026
-23.058893311;-46.515415565;847.9;57300;28.24048027444255;975.5404802744425;Line 15;0;193.97257355026
-23.059155524;-46.515489198;849.2;57270;28.22569468267583;975.5256946826757;Line 15;0;193.97257355026
-23.059417736;-46.515562832;846.1;57240;28.210909090909105;975.5109090909091;Line 15;0;193.97257355026
-23.059679949;-46.515636465;842.5;57210;28.19612349914238;975.4961234991423;Line 15;0;193.97257355026
-23.059942161;-46.515710099;838.8;57180;28.18133790737566;975.4813379073756;Line 15;0;193.97257355026
-23.060204374;-46.515783733;832.2;57150;28.166552315608932;975.4665523156089;Line 15;0;193.97257355026
-23.060466586;-46.515857368;825.3;57120;28.15176672384221;975.4517667238422;Line 15;0;193.97257355026
-23.060728798;-46.515931003;819.3;57090;28.136981132075487;975.4369811320754;Line 15;0;193.97257355026
-23.06099101;-46.516004638;817.7;57060;28.122195540308763;975.4221955403087;Line 15;0;193.97257355026
-23.061253223;-46.516078274;818.7;57030;28.10740994854204;975.407409948542;Line 15;0;193.97257355026
-23.061515435;-46.51615191;820.1;57000;28.092624356775314;975.3926243567753;Line 15;0;193.97257355026
-23.061777647;-46.516225546;821.6;56970;28.07783876500859;975.3778387650085;Line 15;0;193.97257355026
-23.062039859;-46.516299182;822.6;56940;28.06305317324187;975.3630531732418;Line 15;0;193.97257355026
-23.062302071;-46.516372819;822.9;56910;28.04826758147514;975.348267581475;Line 15;0;193.97257355026
-23.062564282;-46.516446456;821.9;56880;28.03348198970842;975.3334819897084;Line 15;0;193.97257355026
-23.062826494;-46.516520093;817.6;56850;28.018696397941696;975.3186963979416;Line 15;0;193.97257355026
-23.063088706;-46.516593731;812.9;56820;28.00391080617497;975.3039108061749;Line 15;0;193.97257355026
-23.063350918;-46.516667369;807.9;56790;27.98912521440825;975.2891252144082;Line 15;0;193.97257355026
-23.063613129;-46.516741008;807.7;56760;27.974339622641523;975.2743396226415;Line 15;0;193.97257355026
-23.063875341;-46.516814646;807.8;56730;27.959554030874802;975.2595540308747;Line 15;0;193.97257355026
-23.064137552;-46.516888285;807.9;56700;27.944768439108074;975.244768439108;Line 15;0;193.97257355026
-23.064399764;-46.516961925;808.5;56670;27.929982847341353;975.2299828473413;Line 15;0;193.97257355026
-23.064661975;-46.517035564;808.8;56640;27.91519725557463;975.2151972555746;Line 15;0;193.97257355026
-23.064924187;-46.517109204;808.8;56610;27.900411663807905;975.2004116638078;Line 15;0;193.97257355026
-23.065186398;-46.517182844;805.7;56580;27.88562607204118;975.1856260720411;Line 15;0;193.97257355026
-23.065448609;-46.517256485;801.2;56550;27.870840480274456;975.1708404802744;Line 15;0;193.97257355026
-23.06571082;-46.517330126;796.4;56520;27.85605488850773;975.1560548885077;Line 15;0;193.97257355026
-23.065973031;-46.517403767;791.0;56490;27.84126929674101;975.1412692967409;Line 15;0;193.97257355026
-23.066235242;-46.517477409;785.2;56460;27.826483704974287;975.1264837049742;Line 15;0;193.97257355026
-23.066497453;-46.51755105;779.7;56430;27.811698113207562;975.1116981132075;Line 15;0;193.97257355026
-23.066759664;-46.517624693;776.8;56400;27.796912521440838;975.0969125214408;Line 15;0;193.97257355026
-23.067021875;-46.517698335;776.9;56370;27.782126929674114;975.082126929674;Line 15;0;193.97257355026
-23.067284086;-46.517771978;776.4;56340;27.767341337907393;975.0673413379074;Line 15;0;193.97257355026
-23.067546297;-46.517845621;776.0;56310;27.752555746140665;975.0525557461406;Line 15;0;193.97257355026
-23.067808507;-46.517919264;777.9;56280;27.737770154373944;975.0377701543739;Line 15;0;193.97257355026
-23.068070718;-46.517992908;779.3;56250;27.722984562607216;975.0229845626071;Line 15;0;193.97257355026
-23.068332929;-46.518066552;780.3;56220;27.708198970840495;975.0081989708405;Line 15;0;193.97257355026
-23.068595139;-46.518140197;784.3;56190;27.69341337907377;974.9934133790737;Line 15;0;193.97257355026
-23.06885735;-46.518213841;788.6;56160;27.678627787307047;974.978627787307;Line 15;0;193.97257355026
-23.06911956;-46.518287486;793.1;56130;27.663842195540322;974.9638421955402;Line 15;0;193.97257355026
-23.06938177;-46.518361131;796.7;56100;27.649056603773598;974.9490566037736;Line 15;0;193.97257355026
-23.069643981;-46.518434777;800.0;56070;27.634271012006877;974.9342710120068;Line 15;0;193.97257355026
-23.069906191;-46.518508423;803.3;56040;27.619485420240153;974.9194854202401;Line 15;0;193.97257355026
-23.070168401;-46.518582069;806.3;56010;27.60469982847343;974.9046998284734;Line 15;0;193.97257355026
-23.070430611;-46.518655716;809.3;55980;27.589914236706704;974.8899142367067;Line 15;0;193.97257355026
-23.070692821;-46.518729363;812.3;55950;27.57512864493998;974.8751286449399;Line 15;0;193.97257355026
-23.070955031;-46.51880301;815.3;55920;27.560343053173256;974.8603430531732;Line 15;0;193.97257355026
-23.071217241;-46.518876657;818.1;55890;27.545557461406535;974.8455574614065;Line 15;0;193.97257355026
-23.071479451;-46.518950305;821.0;55860;27.530771869639807;974.8307718696398;Line 15;0;193.97257355026
-23.071741661;-46.519023953;823.6;55830;27.515986277873086;974.8159862778731;Line 15;0;193.97257355026
-23.072003871;-46.519097602;825.5;55800;27.50120068610636;974.8012006861063;Line 15;0;193.97257355026
-23.07226608;-46.519171251;827.3;55770;27.486415094339637;974.7864150943396;Line 15;0;193.97257355026
-23.07252829;-46.5192449;828.2;55740;27.471629502572913;974.7716295025729;Line 15;0;193.97257355026
-23.072790499;-46.519318549;826.5;55710;27.45684391080619;974.7568439108062;Line 15;0;193.97257355026
-23.073052709;-46.519392199;824.4;55680;27.442058319039468;974.7420583190394;Line 15;0;193.97257355026
-23.073314918;-46.519465849;822.1;55650;27.42727272727274;974.7272727272727;Line 15;0;193.97257355026
-23.073577128;-46.519539499;822.2;55620;27.41248713550602;974.712487135506;Line 15;0;193.97257355026
-23.073839337;-46.51961315;822.6;55590;27.397701543739295;974.6977015437393;Line 15;0;193.97257355026
-23.074101547;-46.519686801;823.1;55560;27.38291595197257;974.6829159519725;Line 15;0;193.97257355026
-23.074363756;-46.519760452;824.0;55530;27.368130360205846;974.6681303602059;Line 15;0;193.97257355026
-23.074625965;-46.519834104;825.0;55500;27.353344768439122;974.6533447684391;Line 15;0;193.97257355026
-23.074888174;-46.519907756;826.2;55470;27.338559176672398;974.6385591766724;Line 15;0;193.97257355026
-23.075150383;-46.519981408;827.6;55440;27.323773584905677;974.6237735849056;Line 15;0;193.97257355026
-23.075412592;-46.52005506;829.5;55410;27.30898799313895;974.608987993139;Line 15;0;193.97257355026
-23.075674801;-46.520128713;831.6;55380;27.294202401372228;974.5942024013722;Line 15;0;193.97257355026
-23.07593701;-46.520202366;834.0;55350;27.279416809605504;974.5794168096055;Line 15;0;193.97257355026
-23.076199219;-46.52027602;836.9;55320;27.26463121783878;974.5646312178387;Line 15;0;193.97257355026
-23.076461428;-46.520349674;840.0;55290;27.24984562607206;974.549845626072;Line 15;0;193.97257355026
-23.076723636;-46.520423328;842.5;55260;27.23506003430533;974.5350600343053;Line 15;0;193.97257355026
-23.076985845;-46.520496982;842.5;55230;27.22027444253861;974.5202744425386;Line 15;0;193.97257355026
-23.077248054;-46.520570637;842.6;55200;27.205488850771882;974.5054888507718;Line 15;0;193.97257355026
-23.077510262;-46.520644292;842.7;55170;27.19070325900516;974.4907032590052;Line 15;0;193.97257355026
-23.077772471;-46.520717947;841.9;55140;27.175917667238437;974.4759176672384;Line 15;0;193.97257355026
-23.078034679;-46.520791603;840.6;55110;27.161132075471713;974.4611320754717;Line 15;0;193.97257355026
-23.078296888;-46.520865259;838.7;55080;27.14634648370499;974.4463464837049;Line 15;0;193.97257355026
-23.078559096;-46.520938916;836.8;55050;27.131560891938264;974.4315608919383;Line 15;0;193.97257355026
-23.078821304;-46.521012572;835.2;55020;27.11677530017154;974.4167753001715;Line 15;0;193.97257355026
-23.079083512;-46.521086229;833.8;54990;27.101989708404815;974.4019897084048;Line 15;0;193.97257355026
-23.07934572;-46.521159886;830.0;54960;27.087204116638095;974.387204116638;Line 15;0;193.97257355026
-23.079607929;-46.521233544;825.9;54930;27.07241852487137;974.3724185248714;Line 15;0;193.97257355026
-23.079870137;-46.521307202;822.7;54900;27.057632933104646;974.3576329331046;Line 15;0;193.97257355026
-23.080132345;-46.52138086;820.2;54870;27.04284734133792;974.3428473413379;Line 15;0;193.97257355026
-23.080394552;-46.521454519;817.7;54840;27.028061749571197;974.3280617495711;Line 15;0;193.97257355026
-23.08065676;-46.521528178;815.6;54810;27.013276157804473;974.3132761578045;Line 15;0;193.97257355026
-23.080918968;-46.521601837;813.6;54780;26.998490566037752;974.2984905660377;Line 15;0;193.97257355026
-23.081181176;-46.521675496;810.6;54750;26.983704974271024;974.283704974271;Line 15;0;193.97257355026
-23.081443383;-46.521749156;807.0;54720;26.968919382504303;974.2689193825042;Line 15;0;193.97257355026
-23.081705591;-46.521822816;804.1;54690;26.954133790737576;974.2541337907376;Line 15;0;193.97257355026
-23.081967799;-46.521896477;804.6;54660;26.939348198970855;974.2393481989708;Line 15;0;193.97257355026
-23.082230006;-46.521970137;804.6;54630;26.92456260720413;974.2245626072041;Line 15;0;193.97257355026
-23.082492214;-46.522043798;804.1;54600;26.909777015437406;974.2097770154373;Line 15;0;193.97257355026
-23.082754421;-46.52211746;805.6;54570;26.894991423670685;974.1949914236707;Line 15;0;193.97257355026
-23.083016628;-46.522191121;807.4;54540;26.880205831903957;974.1802058319039;Line 15;0;193.97257355026
-23.083278836;-46.522264783;809.3;54510;26.865420240137237;974.1654202401372;Line 15;0;193.97257355026
-23.083541043;-46.522338446;809.0;54480;26.850634648370512;974.1506346483704;Line 15;0;193.97257355026
-23.08380325;-46.522412108;807.9;54450;26.835849056603788;974.1358490566038;Line 15;0;193.97257355026
-23.084065457;-46.522485771;806.5;54420;26.821063464837064;974.121063464837;Line 15;0;193.97257355026
-23.084327664;-46.522559435;804.9;54390;26.80627787307034;974.1062778730703;Line 15;0;193.97257355026
-23.084589871;-46.522633098;803.2;54360;26.791492281303615;974.0914922813035;Line 15;0;193.97257355026
-23.084852078;-46.522706762;801.2;54330;26.776706689536894;974.0767066895369;Line 15;0;193.97257355026
-23.085114285;-46.522780426;795.9;54300;26.761921097770166;974.0619210977701;Line 15;0;193.97257355026
-23.085376492;-46.522854091;786.7;54270;26.747135506003445;974.0471355060034;Line 15;0;193.97257355026
-23.085638698;-46.522927756;777.9;54240;26.732349914236718;974.0323499142366;Line 15;0;193.97257355026
-23.085900905;-46.523001421;770.5;54210;26.717564322469997;974.01756432247;Line 15;0;193.97257355026
-23.086163112;-46.523075086;766.3;54180;26.702778730703276;974.0027787307032;Line 15;0;193.97257355026
-23.086425318;-46.523148752;762.7;54150;26.687993138936548;973.9879931389365;Line 15;0;193.97257355026
-23.086687525;-46.523222418;760.1;54120;26.673207547169827;973.9732075471697;Line 15;0;193.97257355026
-23.086949731;-46.523296085;761.8;54090;26.6584219554031;973.9584219554031;Line 15;0;193.97257355026
-23.087211938;-46.523369751;763.3;54060;26.64363636363638;973.9436363636363;Line 15;0;193.97257355026
-23.087474144;-46.523443419;765.0;54030;26.628850771869654;973.9288507718696;Line 15;0;193.97257355026
-23.08773635;-46.523517086;768.6;54000;26.61406518010293;973.9140651801029;Line 15;0;193.97257355026
-23.087998557;-46.523590754;772.3;53970;26.599279588336206;973.8992795883362;Line 15;0;193.97257355026
-23.088260763;-46.523664422;776.0;53940;26.58449399656948;973.8844939965694;Line 15;0;193.97257355026
-23.088522969;-46.52373809;779.6;53910;26.569708404802757;973.8697084048027;Line 15;0;193.97257355026
-23.088785175;-46.523811759;783.2;53880;26.554922813036036;973.854922813036;Line 15;0;193.97257355026
-23.089047381;-46.523885427;786.7;53850;26.54013722126931;973.8401372212693;Line 15;0;193.97257355026
-23.089309587;-46.523959097;790.6;53820;26.525351629502588;973.8253516295025;Line 15;0;193.97257355026
-23.089571793;-46.524032766;794.8;53790;26.510566037735863;973.8105660377358;Line 15;0;193.97257355026
-23.089833999;-46.524106436;799.2;53760;26.49578044596914;973.7957804459691;Line 15;0;193.97257355026
-23.090096204;-46.524180106;803.1;53730;26.480994854202418;973.7809948542024;Line 15;0;193.97257355026
-23.09035841;-46.524253777;806.5;53700;26.46620926243569;973.7662092624356;Line 15;0;193.97257355026
-23.090620616;-46.524327448;809.9;53670;26.45142367066897;973.7514236706689;Line 15;0;193.97257355026
-23.090882821;-46.524401119;812.7;53640;26.43663807890224;973.7366380789022;Line 15;0;193.97257355026
-23.091145027;-46.52447479;813.4;53610;26.42185248713552;973.7218524871355;Line 15;0;193.97257355026
-23.091407232;-46.524548462;813.9;53580;26.407066895368796;973.7070668953687;Line 15;0;193.97257355026
-23.091669438;-46.524622134;814.1;53550;26.392281303602072;973.692281303602;Line 15;0;193.97257355026
-23.091931643;-46.524695807;811.3;53520;26.377495711835348;973.6774957118353;Line 15;0;193.97257355026
-23.092193848;-46.52476948;808.5;53490;26.362710120068623;973.6627101200686;Line 15;0;193.97257355026
-23.092456054;-46.524843153;805.5;53460;26.3479245283019;973.6479245283018;Line 15;0;193.97257355026
-23.092718259;-46.524916826;801.3;53430;26.33313893653518;973.6331389365351;Line 15;0;193.97257355026
-23.092980464;-46.5249905;796.9;53400;26.318353344768454;973.6183533447684;Line 15;0;193.97257355026
-23.093242669;-46.525064174;792.0;53370;26.30356775300173;973.6035677530017;Line 15;0;193.97257355026
-23.093504874;-46.525137848;787.8;53340;26.288782161235005;973.5887821612349;Line 15;0;193.97257355026
-23.093767079;-46.525211523;783.9;53310;26.27399656946828;973.5739965694682;Line 15;0;193.97257355026
-23.094029284;-46.525285198;780.0;53280;26.25921097770156;973.5592109777015;Line 15;0;193.97257355026
-23.094291489;-46.525358873;776.5;53250;26.244425385934832;973.5444253859348;Line 15;0;193.97257355026
-23.094553693;-46.525432548;772.9;53220;26.22963979416811;973.529639794168;Line 15;0;193.97257355026
-23.094815898;-46.525506224;769.1;53190;26.214854202401384;973.5148542024014;Line 15;0;193.97257355026
-23.095078103;-46.5255799;765.4;53160;26.200068610634663;973.5000686106346;Line 15;0;193.97257355026
-23.095340307;-46.525653577;762.2;53130;26.18528301886794;973.4852830188679;Line 15;0;193.97257355026
-23.095602512;-46.525727254;759.1;53100;26.170497427101214;973.4704974271011;Line 15;0;193.97257355026
-23.095864716;-46.525800931;756.2;53070;26.15571183533449;973.4557118353345;Line 15;0;193.97257355026
-23.096126921;-46.525874608;755.7;53040;26.140926243567765;973.4409262435677;Line 15;0;193.97257355026
-23.096389125;-46.525948286;756.2;53010;26.126140651801045;973.426140651801;Line 15;0;193.97257355026
-23.09665133;-46.526021964;756.7;52980;26.11135506003432;973.4113550600342;Line 15;0;193.97257355026
-23.096913534;-46.526095643;756.7;52950;26.096569468267596;973.3965694682676;Line 15;0;193.97257355026
-23.097175738;-46.526169322;756.1;52920;26.08178387650087;973.3817838765008;Line 15;0;193.97257355026
-23.097437942;-46.526243001;754.9;52890;26.066998284734147;973.3669982847341;Line 15;0;193.97257355026
-23.097700146;-46.52631668;754.4;52860;26.052212692967423;973.3522126929673;Line 15;0;193.97257355026
-23.09796235;-46.52639036;754.0;52830;26.037427101200702;973.3374271012007;Line 15;0;193.97257355026
-23.098224554;-46.52646404;753.6;52800;26.022641509433974;973.3226415094339;Line 15;0;193.97257355026
-23.098486758;-46.52653772;753.1;52770;26.007855917667253;973.3078559176672;Line 15;0;193.97257355026
-23.098748962;-46.526611401;752.8;52740;25.993070325900526;973.2930703259004;Line 15;0;193.97257355026
-23.099011166;-46.526685082;752.4;52710;25.978284734133805;973.2782847341338;Line 15;0;193.97257355026
-23.099273369;-46.526758763;751.5;52680;25.96349914236708;973.263499142367;Line 15;0;193.97257355026
-23.099535573;-46.526832444;750.6;52650;25.948713550600356;973.2487135506003;Line 15;0;193.97257355026
-23.099797777;-46.526906126;749.7;52620;25.933927958833635;973.2339279588336;Line 15;0;193.97257355026
-23.10005998;-46.526979808;748.9;52590;25.919142367066907;973.2191423670669;Line 15;0;193.97257355026
-23.100322184;-46.527053491;748.4;52560;25.904356775300187;973.2043567753001;Line 15;0;193.97257355026
-23.100584387;-46.527127174;747.9;52530;25.889571183533462;973.1895711835334;Line 15;0;193.97257355026
-23.100846591;-46.527200857;747.3;52500;25.874785591766738;973.1747855917667;Line 15;0;193.97257355026
-23.101108794;-46.52727454;746.9;52470;25.860000000000014;973.16;Line 15;0;193.97257355026
-23.101370997;-46.527348224;746.4;52440;25.84521440823329;973.1452144082332;Line 15;0;193.97257355026
-23.1016332;-46.527421908;746.0;52410;25.830428816466565;973.1304288164665;Line 15;0;193.97257355026
-23.101895404;-46.527495593;746.0;52380;25.81564322469984;973.1156432246999;Line 15;0;193.97257355026
-23.102157607;-46.527569278;746.2;52350;25.800857632933116;973.1008576329331;Line 15;0;193.97257355026
-23.10241981;-46.527642963;746.8;52320;25.786072041166396;973.0860720411664;Line 15;0;193.97257355026
-23.102682013;-46.527716648;747.6;52290;25.77128644939967;973.0712864493996;Line 15;0;193.97257355026
-23.102944216;-46.527790334;748.3;52260;25.756500857632947;973.056500857633;Line 15;0;193.97257355026
-23.103206418;-46.52786402;748.8;52230;25.741715265866222;973.0417152658662;Line 15;0;193.97257355026
-23.103468621;-46.527937706;748.7;52200;25.726929674099498;973.0269296740995;Line 15;0;193.97257355026
-23.103730824;-46.528011393;748.3;52170;25.712144082332777;973.0121440823327;Line 15;0;193.97257355026
-23.103993027;-46.52808508;747.8;52140;25.69735849056605;972.9973584905661;Line 15;0;193.97257355026
-23.104255229;-46.528158767;747.9;52110;25.68257289879933;972.9825728987993;Line 15;0;193.97257355026
-23.104517432;-46.528232454;749.1;52080;25.6677873070326;972.9677873070326;Line 15;0;193.97257355026
-23.104779634;-46.528306142;750.2;52050;25.65300171526588;972.9530017152658;Line 15;0;193.97257355026
-23.105041837;-46.528379831;751.1;52020;25.638216123499156;972.9382161234992;Line 15;0;193.97257355026
-23.105304039;-46.528453519;752.6;51990;25.62343053173243;972.9234305317324;Line 15;0;193.97257355026
-23.105566242;-46.528527208;754.1;51960;25.608644939965707;972.9086449399657;Line 15;0;193.97257355026
-23.105828444;-46.528600897;755.6;51930;25.593859348198983;972.8938593481989;Line 15;0;193.97257355026
-23.106090646;-46.528674587;756.5;51900;25.579073756432262;972.8790737564323;Line 15;0;193.97257355026
-23.106352848;-46.528748276;757.4;51870;25.564288164665538;972.8642881646655;Line 15;0;193.97257355026
-23.10661505;-46.528821966;758.4;51840;25.549502572898813;972.8495025728988;Line 15;0;193.97257355026
-23.106877252;-46.528895657;759.1;51810;25.53471698113209;972.834716981132;Line 15;0;193.97257355026
-23.107139454;-46.528969348;759.6;51780;25.519931389365365;972.8199313893654;Line 15;0;193.97257355026
-23.107401656;-46.529043039;760.0;51750;25.50514579759864;972.8051457975986;Line 15;0;193.97257355026
-23.107663858;-46.52911673;760.3;51720;25.49036020583192;972.7903602058319;Line 15;0;193.97257355026
-23.10792606;-46.529190422;760.4;51690;25.47557461406519;972.7755746140651;Line 15;0;193.97257355026
-23.108188262;-46.529264114;760.5;51660;25.46078902229847;972.7607890222985;Line 15;0;193.97257355026
-23.108450463;-46.529337806;760.4;51630;25.446003430531743;972.7460034305317;Line 15;0;193.97257355026
-23.108712665;-46.529411499;760.3;51600;25.431217838765022;972.731217838765;Line 15;0;193.97257355026
-23.108974867;-46.529485192;760.1;51570;25.416432246998298;972.7164322469982;Line 15;0;193.97257355026
-23.109237068;-46.529558885;760.1;51540;25.401646655231573;972.7016466552316;Line 15;0;193.97257355026
-23.10949927;-46.529632579;760.2;51510;25.386861063464853;972.6868610634648;Line 15;0;193.97257355026
-23.109761471;-46.529706272;760.4;51480;25.372075471698125;972.6720754716981;Line 15;0;193.97257355026
-23.110023672;-46.529779967;760.8;51450;25.357289879931404;972.6572898799313;Line 15;0;193.97257355026
-23.110285874;-46.529853661;761.7;51420;25.34250428816468;972.6425042881647;Line 15;0;193.97257355026
-23.110548075;-46.529927356;762.4;51390;25.327718696397955;972.6277186963979;Line 15;0;193.97257355026
-23.110810276;-46.530001051;762.9;51360;25.31293310463123;972.6129331046312;Line 15;0;193.97257355026
-23.111072477;-46.530074747;766.1;51330;25.298147512864507;972.5981475128644;Line 15;0;193.97257355026
-23.111334678;-46.530148442;769.2;51300;25.283361921097782;972.5833619210978;Line 15;0;193.97257355026
-23.111596879;-46.530222139;772.2;51270;25.26857632933106;972.568576329331;Line 15;0;193.97257355026
-23.11185908;-46.530295835;775.2;51240;25.253790737564334;972.5537907375643;Line 15;0;193.97257355026
-23.112121281;-46.530369532;778.0;51210;25.239005145797613;972.5390051457975;Line 15;0;193.97257355026
-23.112383482;-46.530443229;780.6;51180;25.22421955403089;972.5242195540309;Line 15;0;193.97257355026
-23.112645683;-46.530516926;782.9;51150;25.209433962264164;972.5094339622641;Line 15;0;193.97257355026
-23.112907883;-46.530590624;784.9;51120;25.194648370497443;972.4946483704974;Line 15;0;193.97257355026
-23.113170084;-46.530664322;787.1;51090;25.179862778730715;972.4798627787306;Line 15;0;193.97257355026
-23.113432285;-46.53073802;788.9;51060;25.165077186963995;972.465077186964;Line 15;0;193.97257355026
-23.113694485;-46.530811719;790.2;51030;25.150291595197267;972.4502915951972;Line 15;0;193.97257355026
-23.113956686;-46.530885418;791.8;51000;25.135506003430546;972.4355060034305;Line 15;0;193.97257355026
-23.114218886;-46.530959117;793.4;50970;25.12072041166382;972.4207204116638;Line 15;0;193.97257355026
-23.114481086;-46.531032817;794.8;50940;25.105934819897097;972.4059348198971;Line 15;0;193.97257355026
-23.114743287;-46.531106517;796.3;50910;25.091149228130373;972.3911492281303;Line 15;0;193.97257355026
-23.115005487;-46.531180217;797.9;50880;25.07636363636365;972.3763636363636;Line 15;0;193.97257355026
-23.115267687;-46.531253917;799.1;50850;25.061578044596924;972.3615780445969;Line 15;0;193.97257355026
-23.115529887;-46.531327618;800.2;50820;25.046792452830204;972.3467924528302;Line 15;0;193.97257355026
-23.115792087;-46.531401319;801.2;50790;25.03200686106348;972.3320068610634;Line 15;0;193.97257355026
-23.116054287;-46.531475021;803.0;50760;25.017221269296755;972.3172212692967;Line 15;0;193.97257355026
-23.116316487;-46.531548723;804.9;50730;25.00243567753003;972.30243567753;Line 15;0;193.97257355026
-23.116578687;-46.531622425;806.6;50700;24.987650085763306;972.2876500857633;Line 15;0;193.97257355026
-23.116840887;-46.531696127;808.8;50670;24.972864493996585;972.2728644939965;Line 15;0;193.97257355026
-23.117103087;-46.53176983;811.1;50640;24.958078902229857;972.2580789022298;Line 15;0;193.97257355026
-23.117365287;-46.531843533;813.4;50610;24.943293310463137;972.2432933104631;Line 15;0;193.97257355026
-23.117627486;-46.531917236;814.5;50580;24.92850771869641;972.2285077186964;Line 15;0;193.97257355026
-23.117889686;-46.53199094;814.5;50550;24.913722126929688;972.2137221269296;Line 15;0;193.97257355026
-23.118151885;-46.532064644;814.4;50520;24.898936535162964;972.1989365351629;Line 15;0;193.97257355026
-23.118414085;-46.532138349;813.7;50490;24.88415094339624;972.1841509433962;Line 15;0;193.97257355026
-23.118676284;-46.532212053;812.3;50460;24.869365351629515;972.1693653516295;Line 15;0;193.97257355026
-23.118938484;-46.532285758;810.7;50430;24.85457975986279;972.1545797598627;Line 15;0;193.97257355026
-23.119200683;-46.532359463;808.8;50400;24.83979416809607;972.139794168096;Line 15;0;193.97257355026
-23.119462882;-46.532433169;805.6;50370;24.825008576329346;972.1250085763293;Line 15;0;193.97257355026
-23.119725081;-46.532506875;802.2;50340;24.81022298456262;972.1102229845626;Line 15;0;193.97257355026
-23.119987281;-46.532580581;798.7;50310;24.795437392795897;972.0954373927958;Line 15;0;193.97257355026
-23.12024948;-46.532654288;797.0;50280;24.780651801029173;972.0806518010291;Line 15;0;193.97257355026
-23.120511679;-46.532727995;795.6;50250;24.765866209262448;972.0658662092624;Line 15;0;193.97257355026
-23.120773878;-46.532801702;794.3;50220;24.751080617495727;972.0510806174957;Line 15;0;193.97257355026
-23.121036077;-46.532875409;793.1;50190;24.736295025729;972.0362950257289;Line 15;0;193.97257355026
-23.121298275;-46.532949117;792.1;50160;24.72150943396228;972.0215094339623;Line 15;0;193.97257355026
-23.121560474;-46.533022825;791.3;50130;24.70672384219555;972.0067238421955;Line 15;0;193.97257355026
-23.121822673;-46.533096534;791.3;50100;24.69193825042883;971.9919382504288;Line 15;0;193.97257355026
-23.122084872;-46.533170242;791.9;50070;24.677152658662106;971.977152658662;Line 15;0;193.97257355026
-23.12234707;-46.533243952;792.7;50040;24.66236706689538;971.9623670668954;Line 15;0;193.97257355026
-23.122609269;-46.533317661;794.8;50010;24.64758147512866;971.9475814751286;Line 15;0;193.97257355026
-23.122871467;-46.533391371;799.1;49980;24.632795883361933;971.9327958833619;Line 15;0;193.97257355026
-23.123133666;-46.533465081;803.6;49950;24.618010291595212;971.9180102915951;Line 15;0;193.97257355026
-23.123395864;-46.533538791;808.3;49920;24.603224699828488;971.9032246998285;Line 15;0;193.97257355026
-23.123658062;-46.533612502;813.0;49890;24.588439108061763;971.8884391080617;Line 15;0;193.97257355026
-23.123920261;-46.533686213;817.5;49860;24.57365351629504;971.873653516295;Line 15;0;193.97257355026
-23.124182459;-46.533759924;821.8;49830;24.558867924528315;971.8588679245282;Line 15;0;193.97257355026
-23.124444657;-46.533833636;826.2;49800;24.54408233276159;971.8440823327616;Line 15;0;193.97257355026
-23.124706855;-46.533907347;830.5;49770;24.529296740994866;971.8292967409948;Line 15;0;193.97257355026
-23.124969053;-46.53398106;834.7;49740;24.51451114922814;971.8145111492281;Line 15;0;193.97257355026
-23.125231251;-46.534054772;840.1;49710;24.49972555746142;971.7997255574613;Line 15;0;193.97257355026
-23.125493449;-46.534128485;845.7;49680;24.484939965694693;971.7849399656947;Line 15;0;193.97257355026
-23.125755647;-46.534202198;851.4;49650;24.470154373927972;971.7701543739279;Line 15;0;193.97257355026
-23.126017845;-46.534275912;856.4;49620;24.455368782161248;971.7553687821612;Line 15;0;193.97257355026
-23.126280042;-46.534349626;861.3;49590;24.440583190394523;971.7405831903944;Line 15;0;193.97257355026
-23.12654224;-46.53442334;866.6;49560;24.425797598627803;971.7257975986278;Line 15;0;193.97257355026
-23.126804438;-46.534497054;870.2;49530;24.411012006861075;971.711012006861;Line 15;0;193.97257355026
-23.127066635;-46.534570769;872.5;49500;24.396226415094354;971.6962264150943;Line 15;0;193.97257355026
-23.127328833;-46.534644484;875.1;49470;24.381440823327626;971.6814408233275;Line 15;0;193.97257355026
-23.12759103;-46.5347182;877.7;49440;24.366655231560905;971.6666552315609;Line 15;0;193.97257355026
-23.127853228;-46.534791915;879.6;49410;24.35186963979418;971.6518696397941;Line 15;0;193.97257355026
-23.128115425;-46.534865631;881.7;49380;24.337084048027457;971.6370840480274;Line 15;0;193.97257355026
-23.128377622;-46.534939348;883.4;49350;24.322298456260732;971.6222984562606;Line 15;0;193.97257355026
-23.128639819;-46.535013064;882.6;49320;24.307512864494008;971.607512864494;Line 15;0;193.97257355026
-23.128902017;-46.535086781;878.9;49290;24.292727272727284;971.5927272727272;Line 15;0;193.97257355026
-23.129164214;-46.535160499;874.2;49260;24.277941680960563;971.5779416809605;Line 15;0;193.97257355026
-23.129426411;-46.535234216;863.5;49230;24.26315608919384;971.5631560891937;Line 15;0;193.97257355026
-23.129688608;-46.535307934;852.6;49200;24.248370497427114;971.5483704974271;Line 15;0;193.97257355026
-23.129950805;-46.535381653;841.4;49170;24.23358490566039;971.5335849056603;Line 15;0;193.97257355026
-23.130213002;-46.535455371;832.5;49140;24.218799313893665;971.5187993138936;Line 15;0;193.97257355026
-23.130475198;-46.53552909;824.4;49110;24.204013722126945;971.504013722127;Line 15;0;193.97257355026
-23.130737395;-46.535602809;816.6;49080;24.189228130360217;971.4892281303602;Line 15;0;193.97257355026
-23.130999592;-46.535676529;813.2;49050;24.174442538593496;971.4744425385934;Line 15;0;193.97257355026
-23.131261788;-46.535750249;812.6;49020;24.159656946826768;971.4596569468267;Line 15;0;193.97257355026
-23.131523985;-46.535823969;812.3;48990;24.144871355060047;971.4448713550601;Line 15;0;193.97257355026
-23.131786181;-46.535897689;813.9;48960;24.130085763293323;971.4300857632933;Line 15;0;193.97257355026
-23.132048378;-46.53597141;816.1;48930;24.1153001715266;971.4153001715265;Line 15;0;193.97257355026
-23.132310574;-46.536045131;818.0;48900;24.100514579759874;971.4005145797598;Line 15;0;193.97257355026
-23.132572771;-46.536118852;819.9;48870;24.08572898799315;971.3857289879932;Line 15;0;193.97257355026
-23.132834967;-46.536192574;822.5;48840;24.07094339622643;971.3709433962264;Line 15;0;193.97257355026
-23.133097163;-46.536266296;825.4;48810;24.056157804459705;971.3561578044597;Line 15;0;193.97257355026
-23.133359359;-46.536340019;828.6;48780;24.04137221269298;971.3413722126929;Line 15;0;193.97257355026
-23.133621555;-46.536413741;832.6;48750;24.026586620926256;971.3265866209263;Line 15;0;193.97257355026
-23.133883752;-46.536487464;836.6;48720;24.011801029159532;971.3118010291595;Line 15;0;193.97257355026
-23.134145948;-46.536561188;840.6;48690;23.997015437392808;971.2970154373928;Line 15;0;193.97257355026
-23.134408143;-46.536634911;844.3;48660;23.982229845626087;971.282229845626;Line 15;0;193.97257355026
-23.134670339;-46.536708635;848.7;48630;23.96744425385936;971.2674442538594;Line 15;0;193.97257355026
-23.134932535;-46.53678236;853.7;48600;23.952658662092638;971.2526586620926;Line 15;0;193.97257355026
-23.135194731;-46.536856084;853.9;48570;23.93787307032591;971.2378730703259;Line 15;0;193.97257355026
-23.135456927;-46.536929809;852.3;48540;23.92308747855919;971.2230874785591;Line 15;0;193.97257355026
-23.135719122;-46.537003534;850.4;48510;23.908301886792465;971.2083018867925;Line 15;0;193.97257355026
-23.135981318;-46.53707726;846.5;48480;23.89351629502574;971.1935162950257;Line 15;0;193.97257355026
-23.136243513;-46.537150986;840.7;48450;23.87873070325902;971.178730703259;Line 15;0;193.97257355026
-23.136505709;-46.537224712;834.0;48420;23.863945111492292;971.1639451114922;Line 15;0;193.97257355026
-23.136767904;-46.537298438;827.7;48390;23.84915951972557;971.1491595197256;Line 15;0;193.97257355026
-23.1370301;-46.537372165;823.1;48360;23.834373927958847;971.1343739279588;Line 15;0;193.97257355026
-23.137292295;-46.537445892;818.5;48330;23.819588336192123;971.1195883361921;Line 15;0;193.97257355026
-23.13755449;-46.53751962;814.9;48300;23.8048027444254;971.1048027444253;Line 15;0;193.97257355026
-23.137816685;-46.537593347;814.2;48270;23.790017152658674;971.0900171526587;Line 15;0;193.97257355026
-23.13807888;-46.537667076;812.9;48240;23.77523156089195;971.0752315608919;Line 15;0;193.97257355026
-23.138341075;-46.537740804;811.1;48210;23.76044596912523;971.0604459691252;Line 15;0;193.97257355026
-23.13860327;-46.537814533;813.2;48180;23.7456603773585;971.0456603773584;Line 15;0;193.97257355026
-23.138865465;-46.537888262;815.0;48150;23.73087478559178;971.0308747855918;Line 15;0;193.97257355026
-23.13912766;-46.537961991;816.5;48120;23.716089193825056;971.016089193825;Line 15;0;193.97257355026
-23.139389855;-46.538035721;815.1;48090;23.70130360205833;971.0013036020583;Line 15;0;193.97257355026
-23.13965205;-46.538109451;813.4;48060;23.68651801029161;970.9865180102915;Line 15;0;193.97257355026
-23.139914245;-46.538183181;811.6;48030;23.671732418524883;970.9717324185249;Line 15;0;193.97257355026
-23.140176439;-46.538256912;807.1;48000;23.656946826758162;970.9569468267581;Line 15;0;193.97257355026
-23.140438634;-46.538330642;801.7;47970;23.642161234991434;970.9421612349914;Line 15;0;193.97257355026
-23.140700828;-46.538404374;796.5;47940;23.627375643224713;970.9273756432247;Line 15;0;193.97257355026
-23.140963023;-46.538478105;792.3;47910;23.61259005145799;970.912590051458;Line 15;0;193.97257355026
-23.141225217;-46.538551837;789.2;47880;23.597804459691265;970.8978044596912;Line 15;0;193.97257355026
-23.141487412;-46.538625569;786.7;47850;23.58301886792454;970.8830188679245;Line 15;0;193.97257355026
-23.141749606;-46.538699302;785.9;47820;23.568233276157816;970.8682332761578;Line 15;0;193.97257355026
-23.1420118;-46.538773035;787.6;47790;23.55344768439109;970.8534476843911;Line 15;0;193.97257355026
-23.142273994;-46.538846768;789.5;47760;23.53866209262437;970.8386620926243;Line 15;0;193.97257355026
-23.142536189;-46.538920501;791.8;47730;23.523876500857646;970.8238765008576;Line 15;0;193.97257355026
-23.142798383;-46.538994235;796.0;47700;23.509090909090922;970.8090909090909;Line 15;0;193.97257355026
-23.143060577;-46.539067969;800.6;47670;23.494305317324198;970.7943053173242;Line 15;0;193.97257355026
-23.143322771;-46.539141704;805.6;47640;23.479519725557473;970.7795197255574;Line 15;0;193.97257355026
-23.143584964;-46.539215438;811.4;47610;23.464734133790753;970.7647341337907;Line 15;0;193.97257355026
-23.143847158;-46.539289173;816.8;47580;23.449948542024025;970.749948542024;Line 15;0;193.97257355026
-23.144109352;-46.539362909;822.0;47550;23.435162950257304;970.7351629502573;Line 15;0;193.97257355026
-23.144371546;-46.539436644;823.7;47520;23.420377358490576;970.7203773584905;Line 15;0;193.97257355026
-23.144633739;-46.53951038;823.9;47490;23.405591766723855;970.7055917667238;Line 15;0;193.97257355026
-23.144895933;-46.539584117;823.1;47460;23.39080617495713;970.6908061749571;Line 15;0;193.97257355026
-23.145158127;-46.539657853;820.0;47430;23.376020583190407;970.6760205831904;Line 15;0;193.97257355026
-23.14542032;-46.53973159;815.5;47400;23.361234991423682;970.6612349914236;Line 15;0;193.97257355026
-23.145682513;-46.539805328;810.7;47370;23.346449399656958;970.646449399657;Line 15;0;193.97257355026
-23.145944707;-46.539879065;808.0;47340;23.331663807890237;970.6316638078902;Line 15;0;193.97257355026
-23.1462069;-46.539952803;808.2;47310;23.31687821612351;970.6168782161235;Line 15;0;193.97257355026
-23.146469093;-46.540026541;808.5;47280;23.30209262435679;970.6020926243567;Line 15;0;193.97257355026
-23.146731287;-46.54010028;809.3;47250;23.287307032590064;970.58730703259;Line 15;0;193.97257355026
-23.14699348;-46.540174019;810.6;47220;23.27252144082334;970.5725214408233;Line 15;0;193.97257355026
-23.147255673;-46.540247758;811.8;47190;23.257735849056616;970.5577358490566;Line 15;0;193.97257355026
-23.147517866;-46.540321497;812.4;47160;23.24295025728989;970.5429502572898;Line 15;0;193.97257355026
-23.147780059;-46.540395237;809.0;47130;23.228164665523167;970.5281646655231;Line 15;0;193.97257355026
-23.148042252;-46.540468977;805.6;47100;23.213379073756446;970.5133790737564;Line 15;0;193.97257355026
-23.148304445;-46.540542718;802.4;47070;23.198593481989718;970.4985934819897;Line 15;0;193.97257355026
-23.148566637;-46.540616458;798.9;47040;23.183807890222997;970.4838078902229;Line 15;0;193.97257355026
-23.14882883;-46.540690199;795.3;47010;23.169022298456273;970.4690222984563;Line 15;0;193.97257355026
-23.149091023;-46.540763941;791.7;46980;23.15423670668955;970.4542367066895;Line 15;0;193.97257355026
-23.149353215;-46.540837682;788.8;46950;23.139451114922828;970.4394511149228;Line 15;0;193.97257355026
-23.149615408;-46.540911424;786.4;46920;23.1246655231561;970.424665523156;Line 15;0;193.97257355026
-23.1498776;-46.540985167;783.9;46890;23.10987993138938;970.4098799313894;Line 15;0;193.97257355026
-23.150139793;-46.541058909;782.6;46860;23.09509433962265;970.3950943396226;Line 15;0;193.97257355026
-23.150401985;-46.541132652;782.4;46830;23.08030874785593;970.3803087478559;Line 15;0;193.97257355026
-23.150664178;-46.541206396;782.1;46800;23.065523156089206;970.3655231560891;Line 15;0;193.97257355026
-23.15092637;-46.541280139;782.0;46770;23.050737564322482;970.3507375643225;Line 15;0;193.97257355026
-23.151188562;-46.541353883;782.6;46740;23.035951972555758;970.3359519725557;Line 15;0;193.97257355026
-23.151450754;-46.541427627;783.7;46710;23.021166380789033;970.321166380789;Line 15;0;193.97257355026
-23.151712946;-46.541501372;785.6;46680;23.00638078902231;970.3063807890222;Line 15;0;193.97257355026
-23.151975138;-46.541575117;789.2;46650;22.991595197255588;970.2915951972556;Line 15;0;193.97257355026
-23.15223733;-46.541648862;793.1;46620;22.976809605488864;970.2768096054888;Line 15;0;193.97257355026
-23.152499522;-46.541722608;797.1;46590;22.96202401372214;970.2620240137221;Line 15;0;193.97257355026
-23.152761714;-46.541796353;799.9;46560;22.947238421955415;970.2472384219553;Line 15;0;193.97257355026
-23.153023906;-46.5418701;802.7;46530;22.93245283018869;970.2324528301887;Line 15;0;193.97257355026
-23.153286097;-46.541943846;805.5;46500;22.91766723842197;970.2176672384219;Line 15;0;193.97257355026
-23.153548289;-46.542017593;809.1;46470;22.902881646655242;970.2028816466552;Line 15;0;193.97257355026
-23.153810481;-46.54209134;812.5;46440;22.88809605488852;970.1880960548884;Line 15;0;193.97257355026
-23.154072672;-46.542165087;815.4;46410;22.873310463121793;970.1733104631218;Line 15;0;193.97257355026
-23.154334864;-46.542238835;817.0;46380;22.858524871355073;970.158524871355;Line 15;0;193.97257355026
-23.154597055;-46.542312583;817.5;46350;22.84373927958835;970.1437392795883;Line 15;0;193.97257355026
-23.154859247;-46.542386331;817.2;46320;22.828953687821624;970.1289536878215;Line 15;0;193.97257355026
-23.155121438;-46.54246008;815.1;46290;22.8141680960549;970.1141680960549;Line 15;0;193.97257355026
-23.155383629;-46.542533829;810.7;46260;22.799382504288175;970.0993825042881;Line 15;0;193.97257355026
-23.15564582;-46.542607578;806.2;46230;22.784596912521454;970.0845969125214;Line 15;0;193.97257355026
-23.155908012;-46.542681328;802.3;46200;22.76981132075473;970.0698113207546;Line 15;0;193.97257355026
-23.156170203;-46.542755078;800.8;46170;22.755025728988006;970.055025728988;Line 15;0;193.97257355026
-23.156432394;-46.542828828;800.0;46140;22.74024013722128;970.0402401372212;Line 15;0;193.97257355026
-23.156694585;-46.542902579;800.1;46110;22.725454545454557;970.0254545454545;Line 15;0;193.97257355026
-23.156956776;-46.54297633;802.3;46080;22.710668953687833;970.0106689536877;Line 15;0;193.97257355026
-23.157218966;-46.543050081;805.2;46050;22.695883361921112;969.9958833619211;Line 15;0;193.97257355026
-23.157481157;-46.543123832;808.9;46020;22.681097770154384;969.9810977701543;Line 15;0;193.97257355026
-23.157743348;-46.543197584;815.2;45990;22.666312178387663;969.9663121783876;Line 15;0;193.97257355026
-23.158005539;-46.543271336;821.4;45960;22.651526586620935;969.9515265866208;Line 15;0;193.97257355026
-23.158267729;-46.543345089;827.3;45930;22.636740994854215;969.9367409948542;Line 15;0;193.97257355026
-23.15852992;-46.543418842;833.3;45900;22.62195540308749;969.9219554030874;Line 15;0;193.97257355026
-23.15879211;-46.543492595;839.4;45870;22.607169811320766;969.9071698113207;Line 15;0;193.97257355026
-23.159054301;-46.543566348;845.3;45840;22.592384219554045;969.892384219554;Line 15;0;193.97257355026
-23.159316491;-46.543640102;849.2;45810;22.577598627787317;969.8775986277873;Line 15;0;193.97257355026
-23.159578682;-46.543713856;851.8;45780;22.562813036020597;969.8628130360205;Line 15;0;193.97257355026
-23.159840872;-46.543787611;854.5;45750;22.548027444253872;969.8480274442538;Line 15;0;193.97257355026
-23.160103062;-46.543861365;855.0;45720;22.533241852487148;969.833241852487;Line 15;0;193.97257355026
-23.160365252;-46.54393512;852.1;45690;22.518456260720424;969.8184562607204;Line 15;0;193.97257355026
-23.160627442;-46.544008876;849.4;45660;22.5036706689537;969.8036706689536;Line 15;0;193.97257355026
-23.160889632;-46.544082631;846.8;45630;22.488885077186975;969.7888850771869;Line 15;0;193.97257355026
-23.161151822;-46.544156387;843.6;45600;22.474099485420254;969.7740994854203;Line 15;0;193.97257355026
-23.161414012;-46.544230143;839.0;45570;22.459313893653526;969.7593138936535;Line 15;0;193.97257355026
-23.161676202;-46.5443039;833.8;45540;22.444528301886805;969.7445283018867;Line 15;0;193.97257355026
-23.161938392;-46.544377657;829.2;45510;22.42974271012008;969.72974271012;Line 15;0;193.97257355026
-23.162200582;-46.544451414;824.8;45480;22.414957118353357;969.7149571183534;Line 15;0;193.97257355026
-23.162462771;-46.544525172;820.4;45450;22.400171526586636;969.7001715265866;Line 15;0;193.97257355026
-23.162724961;-46.54459893;815.2;45420;22.385385934819908;969.6853859348198;Line 15;0;193.97257355026
-23.162987151;-46.544672688;810.7;45390;22.370600343053187;969.6706003430531;Line 15;0;193.97257355026
-23.16324934;-46.544746446;807.3;45360;22.35581475128646;969.6558147512865;Line 15;0;193.97257355026
-23.16351153;-46.544820205;806.8;45330;22.34102915951974;969.6410291595197;Line 15;0;193.97257355026
-23.163773719;-46.544893964;807.7;45300;22.326243567753014;969.626243567753;Line 15;0;193.97257355026
-23.164035908;-46.544967724;809.1;45270;22.31145797598629;969.6114579759862;Line 15;0;193.97257355026
-23.164298098;-46.545041484;811.8;45240;22.296672384219566;969.5966723842196;Line 15;0;193.97257355026
-23.164560287;-46.545115244;815.7;45210;22.28188679245284;969.5818867924528;Line 15;0;193.97257355026
-23.164822476;-46.545189004;820.0;45180;22.267101200686117;969.5671012006861;Line 15;0;193.97257355026
-23.165084665;-46.545262765;825.1;45150;22.252315608919396;969.5523156089193;Line 15;0;193.97257355026
-23.165346854;-46.545336526;830.9;45120;22.23753001715267;969.5375300171527;Line 15;0;193.97257355026
-23.165609043;-46.545410287;836.8;45090;22.222744425385947;969.5227444253859;Line 15;0;193.97257355026
-23.165871232;-46.545484049;842.3;45060;22.207958833619223;969.5079588336192;Line 15;0;193.97257355026
-23.166133421;-46.545557811;846.4;45030;22.1931732418525;969.4931732418524;Line 15;0;193.97257355026
-23.16639561;-46.545631573;850.1;45000;22.178387650085778;969.4783876500858;Line 15;0;193.97257355026
-23.166657798;-46.545705336;853.4;44970;22.16360205831905;969.463602058319;Line 15;0;193.97257355026
-23.166919987;-46.545779099;856.3;44940;22.14881646655233;969.4488164665523;Line 15;0;193.97257355026
-23.167182176;-46.545852862;858.7;44910;22.1340308747856;969.4340308747855;Line 15;0;193.97257355026
-23.167444364;-46.545926626;860.1;44880;22.11924528301888;969.4192452830189;Line 15;0;193.97257355026
-23.167706553;-46.54600039;860.5;44850;22.104459691252156;969.4044596912521;Line 15;0;193.97257355026
-23.167968741;-46.546074154;860.7;44820;22.089674099485432;969.3896740994854;Line 15;0;193.97257355026
-23.16823093;-46.546147918;860.8;44790;22.074888507718708;969.3748885077187;Line 15;0;193.97257355026
-23.168493118;-46.546221683;858.5;44760;22.060102915951983;969.360102915952;Line 15;0;193.97257355026
-23.168755306;-46.546295448;854.6;44730;22.045317324185262;969.3453173241852;Line 15;0;193.97257355026
-23.169017495;-46.546369214;850.8;44700;22.030531732418535;969.3305317324185;Line 15;0;193.97257355026
-23.169279683;-46.54644298;848.5;44670;22.015746140651814;969.3157461406518;Line 15;0;193.97257355026
-23.169541871;-46.546516746;848.5;44640;22.00096054888509;969.3009605488851;Line 15;0;193.97257355026
-23.169804059;-46.546590512;848.8;44610;21.986174957118365;969.2861749571183;Line 15;0;193.97257355026
-23.170066247;-46.546664279;848.5;44580;21.97138936535164;969.2713893653516;Line 15;0;193.97257355026
-23.170328435;-46.546738046;846.0;44550;21.956603773584916;969.2566037735849;Line 15;0;193.97257355026
-23.170590623;-46.546811814;844.1;44520;21.941818181818192;969.2418181818182;Line 15;0;193.97257355026
-23.170852811;-46.546885581;843.1;44490;21.92703259005147;969.2270325900514;Line 15;0;193.97257355026
-23.171114998;-46.546959349;844.8;44460;21.912246998284743;969.2122469982847;Line 15;0;193.97257355026
-23.171377186;-46.547033118;846.8;44430;21.897461406518023;969.197461406518;Line 15;0;193.97257355026
-23.171639374;-46.547106886;849.1;44400;21.882675814751295;969.1826758147513;Line 15;0;193.97257355026
-23.171901561;-46.547180655;851.9;44370;21.867890222984574;969.1678902229845;Line 15;0;193.97257355026
-23.172163749;-46.547254425;854.9;44340;21.853104631217853;969.1531046312178;Line 15;0;193.97257355026
-23.172425936;-46.547328194;858.3;44310;21.838319039451125;969.1383190394511;Line 15;0;193.97257355026
-23.172688124;-46.547401964;859.8;44280;21.823533447684405;969.1235334476844;Line 15;0;193.97257355026
-23.172950311;-46.547475734;860.5;44250;21.808747855917677;969.1087478559176;Line 15;0;193.97257355026
-23.173212498;-46.547549505;861.3;44220;21.793962264150956;969.093962264151;Line 15;0;193.97257355026
-23.173474686;-46.547623276;860.8;44190;21.77917667238423;969.0791766723842;Line 15;0;193.97257355026
-23.173736873;-46.547697047;858.9;44160;21.764391080617507;969.0643910806175;Line 15;0;193.97257355026
-23.17399906;-46.547770819;857.0;44130;21.749605488850783;969.0496054888507;Line 15;0;193.97257355026
-23.174261247;-46.54784459;856.1;44100;21.73481989708406;969.034819897084;Line 15;0;193.97257355026
-23.174523434;-46.547918363;856.9;44070;21.720034305317334;969.0200343053173;Line 15;0;193.97257355026
-23.174785621;-46.547992135;857.3;44040;21.705248713550613;969.0052487135506;Line 15;0;193.97257355026
-23.175047808;-46.548065908;857.9;44010;21.690463121783885;968.9904631217838;Line 15;0;193.97257355026
-23.175309995;-46.548139681;860.8;43980;21.675677530017165;968.9756775300172;Line 15;0;193.97257355026
-23.175572181;-46.548213454;863.2;43950;21.66089193825044;968.9608919382504;Line 15;0;193.97257355026
-23.175834368;-46.548287228;865.1;43920;21.646106346483716;968.9461063464837;Line 15;0;193.97257355026
-23.176096555;-46.548361002;864.8;43890;21.631320754716995;968.9313207547169;Line 15;0;193.97257355026
-23.176358741;-46.548434777;865.4;43860;21.616535162950267;968.9165351629503;Line 15;0;193.97257355026
-23.176620928;-46.548508551;866.6;43830;21.601749571183547;968.9017495711835;Line 15;0;193.97257355026
-23.176883114;-46.548582326;867.6;43800;21.58696397941682;968.8869639794168;Line 15;0;193.97257355026
-23.177145301;-46.548656102;868.3;43770;21.572178387650098;968.87217838765;Line 15;0;193.97257355026
-23.177407487;-46.548729877;868.9;43740;21.557392795883374;968.8573927958834;Line 15;0;193.97257355026
-23.177669673;-46.548803653;868.3;43710;21.54260720411665;968.8426072041166;Line 15;0;193.97257355026
-23.17793186;-46.54887743;866.4;43680;21.527821612349925;968.8278216123499;Line 15;0;193.97257355026
-23.178194046;-46.548951206;863.7;43650;21.5130360205832;968.8130360205831;Line 15;0;193.97257355026
-23.178456232;-46.549024983;861.8;43620;21.498250428816476;968.7982504288165;Line 15;0;193.97257355026
-23.178718418;-46.54909876;860.7;43590;21.483464837049755;968.7834648370497;Line 15;0;193.97257355026
-23.178980604;-46.549172538;859.0;43560;21.46867924528303;968.768679245283;Line 15;0;193.97257355026
-23.17924279;-46.549246316;859.7;43530;21.453893653516307;968.7538936535162;Line 15;0;193.97257355026
-23.179504976;-46.549320094;862.0;43500;21.439108061749582;968.7391080617496;Line 15;0;193.97257355026
-23.179767162;-46.549393873;864.3;43470;21.424322469982858;968.7243224699828;Line 15;0;193.97257355026
-23.180029347;-46.549467651;866.4;43440;21.409536878216137;968.7095368782161;Line 15;0;193.97257355026
-23.180291533;-46.549541431;867.4;43410;21.39475128644941;968.6947512864493;Line 15;0;193.97257355026
-23.180553719;-46.54961521;867.8;43380;21.37996569468269;968.6799656946827;Line 15;0;193.97257355026
-23.180815904;-46.54968899;867.8;43350;21.36518010291596;968.6651801029159;Line 15;0;193.97257355026
-23.18107809;-46.54976277;869.8;43320;21.35039451114924;968.6503945111492;Line 15;0;193.97257355026
-23.181340275;-46.54983655;871.9;43290;21.335608919382516;968.6356089193824;Line 15;0;193.97257355026
-23.181602461;-46.549910331;874.0;43260;21.32082332761579;968.6208233276158;Line 15;0;193.97257355026
-23.181864646;-46.549984112;876.1;43230;21.306037735849067;968.606037735849;Line 15;0;193.97257355026
-23.182126832;-46.550057894;878.8;43200;21.291252144082343;968.5912521440823;Line 15;0;193.97257355026
-23.182389017;-46.550131675;881.8;43170;21.276466552315622;968.5764665523155;Line 15;0;193.97257355026
-23.182651202;-46.550205457;885.3;43140;21.261680960548897;968.5616809605489;Line 15;0;193.97257355026
-23.182913387;-46.55027924;888.8;43110;21.246895368782173;968.5468953687821;Line 15;0;193.97257355026
-23.183175572;-46.550353022;892.0;43080;21.23210977701545;968.5321097770154;Line 15;0;193.97257355026
-23.183437757;-46.550426805;894.6;43050;21.217324185248724;968.5173241852486;Line 15;0;193.97257355026
-23.183699942;-46.550500588;896.9;43020;21.202538593482;968.502538593482;Line 15;0;193.97257355026
-23.183962127;-46.550574372;899.2;42990;21.18775300171528;968.4877530017152;Line 15;0;193.97257355026
-23.184224312;-46.550648156;901.4;42960;21.17296740994855;968.4729674099485;Line 15;0;193.97257355026
-23.184486497;-46.55072194;902.7;42930;21.15818181818183;968.4581818181817;Line 15;0;193.97257355026
-23.184748681;-46.550795725;904.1;42900;21.143396226415103;968.4433962264151;Line 15;0;193.97257355026
-23.185010866;-46.55086951;905.7;42870;21.128610634648382;968.4286106346483;Line 15;0;193.97257355026
-23.185273051;-46.550943295;906.2;42840;21.113825042881658;968.4138250428816;Line 15;0;193.97257355026
-23.185535235;-46.55101708;906.3;42810;21.099039451114933;968.3990394511148;Line 15;0;193.97257355026
-23.18579742;-46.551090866;906.2;42780;21.084253859348213;968.3842538593482;Line 15;0;193.97257355026
-23.186059604;-46.551164652;908.3;42750;21.069468267581485;968.3694682675814;Line 15;0;193.97257355026
-23.186321788;-46.551238439;910.7;42720;21.054682675814764;968.3546826758147;Line 15;0;193.97257355026
-23.186583973;-46.551312226;912.9;42690;21.03989708404804;968.339897084048;Line 15;0;193.97257355026
-23.186846157;-46.551386013;915.4;42660;21.025111492281315;968.3251114922813;Line 15;0;193.97257355026
-23.187108341;-46.5514598;918.1;42630;21.01032590051459;968.3103259005145;Line 15;0;193.97257355026
-23.187370525;-46.551533588;920.6;42600;20.995540308747866;968.2955403087478;Line 15;0;193.97257355026
-23.187632709;-46.551607376;923.6;42570;20.980754716981142;968.280754716981;Line 15;0;193.97257355026
-23.187894893;-46.551681164;927.0;42540;20.96596912521442;968.2659691252144;Line 15;0;193.97257355026
-23.188157077;-46.551754953;930.5;42510;20.951183533447693;968.2511835334476;Line 15;0;193.97257355026
-23.188419261;-46.551828742;933.9;42480;20.936397941680973;968.2363979416809;Line 15;0;193.97257355026
-23.188681445;-46.551902531;937.5;42450;20.92161234991425;968.2216123499142;Line 15;0;193.97257355026
-23.188943629;-46.551976321;941.3;42420;20.906826758147524;968.2068267581475;Line 15;0;193.97257355026
-23.189205813;-46.552050111;945.1;42390;20.892041166380803;968.1920411663807;Line 15;0;193.97257355026
-23.189467996;-46.552123901;948.1;42360;20.877255574614075;968.177255574614;Line 15;0;193.97257355026
-23.18973018;-46.552197692;951.3;42330;20.862469982847355;968.1624699828473;Line 15;0;193.97257355026
-23.189992363;-46.552271483;954.7;42300;20.847684391080627;968.1476843910806;Line 15;0;193.97257355026
-23.190254547;-46.552345274;956.6;42270;20.832898799313906;968.1328987993138;Line 15;0;193.97257355026
-23.19051673;-46.552419065;958.3;42240;20.818113207547178;968.1181132075471;Line 15;0;193.97257355026
-23.190778914;-46.552492857;959.9;42210;20.803327615780457;968.1033276157804;Line 15;0;193.97257355026
-23.191041097;-46.552566649;960.1;42180;20.788542024013733;968.0885420240137;Line 15;0;193.97257355026
-23.19130328;-46.552640442;960.1;42150;20.77375643224701;968.0737564322469;Line 15;0;193.97257355026
-23.191565463;-46.552714235;960.0;42120;20.758970840480284;968.0589708404802;Line 15;0;193.97257355026
-23.191827647;-46.552788028;959.2;42090;20.74418524871356;968.0441852487135;Line 15;0;193.97257355026
-23.19208983;-46.552861821;957.7;42060;20.72939965694684;968.0293996569468;Line 15;0;193.97257355026
-23.192352013;-46.552935615;956.0;42030;20.714614065180115;968.01461406518;Line 15;0;193.97257355026
-23.192614196;-46.553009409;953.0;42000;20.69982847341339;967.9998284734133;Line 15;0;193.97257355026
-23.192876379;-46.553083204;948.4;41970;20.685042881646666;967.9850428816467;Line 15;0;193.97257355026
-23.193138561;-46.553156998;943.2;41940;20.67025728987994;967.9702572898799;Line 15;0;193.97257355026
-23.193400744;-46.553230793;939.2;41910;20.655471698113217;967.9554716981131;Line 15;0;193.97257355026
-23.193662927;-46.553304589;940.2;41880;20.640686106346497;967.9406861063464;Line 15;0;193.97257355026
-23.19392511;-46.553378384;941.5;41850;20.62590051457977;967.9259005145798;Line 15;0;193.97257355026
-23.194187292;-46.55345218;943.5;41820;20.611114922813048;967.911114922813;Line 15;0;193.97257355026
-23.194449475;-46.553525977;948.5;41790;20.59632933104632;967.8963293310462;Line 15;0;193.97257355026
-23.194711657;-46.553599773;953.4;41760;20.5815437392796;967.8815437392796;Line 15;0;193.97257355026
-23.19497384;-46.55367357;958.1;41730;20.566758147512875;967.8667581475129;Line 15;0;193.97257355026
-23.195236022;-46.553747368;962.2;41700;20.55197255574615;967.8519725557461;Line 15;0;193.97257355026
-23.195498204;-46.553821165;966.2;41670;20.53718696397943;967.8371869639794;Line 15;0;193.97257355026
-23.195760387;-46.553894963;970.2;41640;20.522401372212702;967.8224013722127;Line 15;1;193.97257355026
-23.196022569;-46.553968761;971.1;41610;20.50761578044598;967.807615780446;Line 15;1;193.97257355026
-23.196284751;-46.55404256;970.5;41580;20.492830188679257;967.7928301886792;Line 15;1;193.97257355026
-23.196546933;-46.554116359;969.6;41550;20.478044596912532;967.7780445969125;Line 15;1;193.97257355026
-23.196809115;-46.554190158;964.9;41520;20.463259005145808;967.7632590051458;Line 15;0;193.97257355026
-23.197071297;-46.554263958;956.7;41490;20.448473413379084;967.7484734133791;Line 15;0;193.97257355026
-23.197333479;-46.554337757;948.3;41460;20.43368782161236;967.7336878216123;Line 15;0;193.97257355026
-23.197595661;-46.554411557;940.6;41430;20.41890222984564;967.7189022298456;Line 15;0;193.97257355026
-23.197857843;-46.554485358;934.8;41400;20.40411663807891;967.7041166380789;Line 15;0;193.97257355026
-23.198120024;-46.554559159;929.2;41370;20.38933104631219;967.6893310463122;Line 15;0;193.97257355026
-23.198382206;-46.55463296;923.1;41340;20.374545454545466;967.6745454545454;Line 15;0;193.97257355026
-23.198644388;-46.554706761;914.1;41310;20.35975986277874;967.6597598627787;Line 15;0;193.97257355026
-23.198906569;-46.554780563;905.3;41280;20.34497427101202;967.644974271012;Line 15;0;193.97257355026
-23.199168751;-46.554854365;896.6;41250;20.330188679245293;967.6301886792453;Line 15;0;193.97257355026
-23.199430932;-46.554928167;892.1;41220;20.315403087478572;967.6154030874785;Line 15;0;193.97257355026
-23.199693113;-46.55500197;887.7;41190;20.300617495711844;967.6006174957118;Line 15;0;193.97257355026
-23.199955295;-46.555075773;884.6;41160;20.285831903945123;967.5858319039451;Line 15;0;193.97257355026
-23.200217476;-46.555149576;888.1;41130;20.2710463121784;967.5710463121784;Line 15;0;193.97257355026
-23.200479657;-46.55522338;892.7;41100;20.256260720411674;967.5562607204116;Line 15;0;193.97257355026
-23.200741838;-46.555297184;897.5;41070;20.24147512864495;967.541475128645;Line 15;0;193.97257355026
-23.20100402;-46.555370988;902.6;41040;20.226689536878226;967.5266895368782;Line 15;0;193.97257355026
-23.201266201;-46.555444793;908.4;41010;20.2119039451115;967.5119039451115;Line 15;0;193.97257355026
-23.201528382;-46.555518598;914.8;40980;20.19711835334478;967.4971183533447;Line 15;0;193.97257355026
-23.201790562;-46.555592403;922.5;40950;20.182332761578056;967.482332761578;Line 15;0;193.97257355026
-23.202052743;-46.555666208;931.8;40920;20.167547169811332;967.4675471698113;Line 15;0;193.97257355026
-23.202314924;-46.555740014;941.6;40890;20.152761578044608;967.4527615780446;Line 15;0;193.97257355026
-23.202577105;-46.555813821;951.5;40860;20.137975986277883;967.4379759862778;Line 15;0;193.97257355026
-23.202839285;-46.555887627;959.4;40830;20.123190394511163;967.4231903945112;Line 15;0;193.97257355026
-23.203101466;-46.555961434;966.5;40800;20.108404802744435;967.4084048027444;Line 15;0;193.97257355026
-23.203363647;-46.556035241;972.7;40770;20.093619210977714;967.3936192109777;Line 15;1;193.97257355026
-23.203625827;-46.556109048;975.6;40740;20.078833619210986;967.3788336192109;Line 15;1;193.97257355026
-23.203888008;-46.556182856;979.1;40710;20.064048027444265;967.3640480274443;Line 15;1;193.97257355026
-23.204150188;-46.556256664;983.4;40680;20.04926243567754;967.3492624356775;Line 15;1;193.97257355026
-23.204412368;-46.556330473;987.1;40650;20.034476843910817;967.3344768439108;Line 15;1;193.97257355026
-23.204674549;-46.556404281;990.7;40620;20.019691252144092;967.319691252144;Line 15;1;193.97257355026
-23.204936729;-46.55647809;994.3;40590;20.004905660377368;967.3049056603774;Line 15;1;193.97257355026
-23.205198909;-46.5565519;1000.7;40560;19.990120068610647;967.2901200686106;Line 15;1;193.97257355026
-23.205461089;-46.55662571;1007.5;40530;19.975334476843923;967.2753344768439;Line 15;1;193.97257355026
-23.205723269;-46.55669952;1014.0;40500;19.9605488850772;967.2605488850771;Line 15;1;193.97257355026
-23.205985449;-46.55677333;1014.6;40470;19.945763293310474;967.2457632933105;Line 15;1;193.97257355026
-23.206247629;-46.556847141;1010.7;40440;19.93097770154375;967.2309777015437;Line 15;1;193.97257355026
-23.206509809;-46.556920951;1006.2;40410;19.916192109777025;967.216192109777;Line 15;1;193.97257355026
-23.206771989;-46.556994763;1001.4;40380;19.901406518010305;967.2014065180102;Line 15;1;193.97257355026
-23.207034168;-46.557068574;996.5;40350;19.886620926243577;967.1866209262436;Line 15;1;193.97257355026
-23.207296348;-46.557142386;991.1;40320;19.871835334476856;967.1718353344768;Line 15;1;193.97257355026
-23.207558528;-46.557216198;987.4;40290;19.857049742710128;967.1570497427101;Line 15;1;193.97257355026
-23.207820707;-46.557290011;991.2;40260;19.842264150943407;967.1422641509433;Line 15;1;193.97257355026
-23.208082887;-46.557363824;995.0;40230;19.827478559176683;967.1274785591767;Line 15;1;193.97257355026
-23.208345066;-46.557437637;998.7;40200;19.81269296740996;967.1126929674099;Line 15;1;193.97257355026
-23.208607246;-46.557511451;998.3;40170;19.797907375643238;967.0979073756432;Line 15;1;193.97257355026
-23.208869425;-46.557585264;998.1;40140;19.78312178387651;967.0831217838764;Line 15;1;193.97257355026
-23.209131604;-46.557659079;997.8;40110;19.76833619210979;967.0683361921098;Line 15;1;193.97257355026
-23.209393783;-46.557732893;992.5;40080;19.753550600343065;967.053550600343;Line 15;1;193.97257355026
-23.209655962;-46.557806708;985.8;40050;19.73876500857634;967.0387650085763;Line 15;1;193.97257355026
-23.209918142;-46.557880523;978.6;40020;19.723979416809616;967.0239794168095;Line 15;1;193.97257355026
-23.210180321;-46.557954338;972.6;39990;19.70919382504289;967.0091938250429;Line 15;1;193.97257355026
-23.2104425;-46.558028154;967.1;39960;19.694408233276167;966.9944082332761;Line 15;1;193.97257355026
-23.210704678;-46.55810197;961.2;39930;19.679622641509447;966.9796226415094;Line 15;0;193.97257355026
-23.210966857;-46.558175786;957.4;39900;19.66483704974272;966.9648370497426;Line 15;0;193.97257355026
-23.211229036;-46.558249603;956.0;39870;19.650051457975998;966.950051457976;Line 15;0;193.97257355026
-23.211491215;-46.55832342;954.8;39840;19.63526586620927;966.9352658662092;Line 15;0;193.97257355026
-23.211753394;-46.558397237;956.7;39810;19.62048027444255;966.9204802744425;Line 15;0;193.97257355026
-23.212015572;-46.558471055;962.3;39780;19.60569468267583;966.9056946826757;Line 15;0;193.97257355026
-23.212277751;-46.558544873;968.1;39750;19.5909090909091;966.8909090909091;Line 15;1;193.97257355026
-23.212539929;-46.558618691;973.6;39720;19.57612349914238;966.8761234991423;Line 15;1;193.97257355026
-23.212802108;-46.55869251;977.5;39690;19.561337907375652;966.8613379073756;Line 15;1;193.97257355026
-23.213064286;-46.558766329;981.0;39660;19.54655231560893;966.8465523156088;Line 15;1;193.97257355026
-23.213326464;-46.558840148;984.0;39630;19.531766723842203;966.8317667238422;Line 15;1;193.97257355026
-23.213588643;-46.558913968;985.1;39600;19.516981132075482;966.8169811320754;Line 15;1;193.97257355026
-23.213850821;-46.558987788;985.6;39570;19.502195540308758;966.8021955403087;Line 15;1;193.97257355026
-23.214112999;-46.559061608;985.8;39540;19.487409948542034;966.787409948542;Line 15;1;193.97257355026
-23.214375177;-46.559135428;986.0;39510;19.47262435677531;966.7726243567753;Line 15;1;193.97257355026
-23.214637355;-46.559209249;986.7;39480;19.457838765008585;966.7578387650085;Line 15;1;193.97257355026
-23.214899533;-46.55928307;987.8;39450;19.44305317324186;966.7430531732418;Line 15;1;193.97257355026
-23.215161711;-46.559356892;985.7;39420;19.42826758147514;966.728267581475;Line 15;1;193.97257355026
-23.215423889;-46.559430714;982.7;39390;19.413481989708416;966.7134819897084;Line 15;1;193.97257355026
-23.215686067;-46.559504536;981.1;39360;19.39869639794169;966.6986963979416;Line 15;1;193.97257355026
-23.215948244;-46.559578358;979.3;39330;19.383910806174967;966.6839108061749;Line 15;1;193.97257355026
-23.216210422;-46.559652181;975.8;39300;19.369125214408243;966.6691252144082;Line 15;1;193.97257355026
-23.2164726;-46.559726004;972.6;39270;19.354339622641522;966.6543396226415;Line 15;1;193.97257355026
-23.216734777;-46.559799827;969.3;39240;19.339554030874794;966.6395540308747;Line 15;1;193.97257355026
-23.216996955;-46.559873651;965.5;39210;19.324768439108073;966.624768439108;Line 15;0;193.97257355026
-23.217259132;-46.559947475;961.3;39180;19.309982847341345;966.6099828473413;Line 15;0;193.97257355026
-23.21752131;-46.560021299;957.0;39150;19.295197255574625;966.5951972555746;Line 15;0;193.97257355026
-23.217783487;-46.560095124;954.7;39120;19.2804116638079;966.5804116638078;Line 15;0;193.97257355026
-23.218045664;-46.560168949;951.7;39090;19.265626072041176;966.5656260720411;Line 15;0;193.97257355026
-23.218307842;-46.560242774;948.1;39060;19.25084048027445;966.5508404802744;Line 15;0;193.97257355026
-23.218570019;-46.5603166;944.2;39030;19.236054888507727;966.5360548885077;Line 15;0;193.97257355026
-23.218832196;-46.560390426;939.9;39000;19.221269296741006;966.5212692967409;Line 15;0;193.97257355026
-23.219094373;-46.560464252;935.2;38970;19.206483704974282;966.5064837049742;Line 15;0;193.97257355026
-23.21935655;-46.560538079;932.9;38940;19.191698113207558;966.4916981132075;Line 15;0;193.97257355026
-23.219618727;-46.560611905;931.6;38910;19.176912521440833;966.4769125214408;Line 15;0;193.97257355026
-23.219880904;-46.560685733;930.2;38880;19.16212692967411;966.462126929674;Line 15;0;193.97257355026
-23.22014308;-46.56075956;932.3;38850;19.147341337907385;966.4473413379073;Line 15;0;193.97257355026
-23.220405257;-46.560833388;937.2;38820;19.132555746140664;966.4325557461406;Line 15;0;193.97257355026
-23.220667434;-46.560907216;944.0;38790;19.117770154373936;966.4177701543739;Line 15;0;193.97257355026
-23.22092961;-46.560981045;949.8;38760;19.102984562607215;966.4029845626071;Line 15;0;193.97257355026
-23.221191787;-46.561054873;954.9;38730;19.088198970840487;966.3881989708404;Line 15;0;193.97257355026
-23.221453963;-46.561128703;959.4;38700;19.073413379073767;966.3734133790737;Line 15;0;193.97257355026
-23.22171614;-46.561202532;963.2;38670;19.058627787307042;966.358627787307;Line 15;0;193.97257355026
-23.221978316;-46.561276362;965.6;38640;19.043842195540318;966.3438421955402;Line 15;0;193.97257355026
-23.222240493;-46.561350192;968.4;38610;19.029056603773597;966.3290566037736;Line 15;1;193.97257355026
-23.222502669;-46.561424022;971.5;38580;19.01427101200687;966.3142710120068;Line 15;1;193.97257355026
-23.222764845;-46.561497853;975.2;38550;18.99948542024015;966.2994854202401;Line 15;1;193.97257355026
-23.223027021;-46.561571684;978.9;38520;18.984699828473424;966.2846998284733;Line 15;1;193.97257355026
-23.223289197;-46.561645515;982.4;38490;18.9699142367067;966.2699142367067;Line 15;1;193.97257355026
-23.223551373;-46.561719347;983.2;38460;18.955128644939975;966.25512864494;Line 15;1;193.97257355026
-23.223813549;-46.561793179;982.7;38430;18.94034305317325;966.2403430531732;Line 15;1;193.97257355026
-23.224075725;-46.561867011;981.6;38400;18.925557461406527;966.2255574614064;Line 15;1;193.97257355026
-23.224337901;-46.561940844;979.3;38370;18.910771869639806;966.2107718696398;Line 15;1;193.97257355026
-23.224600077;-46.562014677;976.7;38340;18.895986277873078;966.1959862778731;Line 15;1;193.97257355026
-23.224862253;-46.56208851;974.2;38310;18.881200686106357;966.1812006861063;Line 15;1;193.97257355026
-23.225124428;-46.562162344;972.9;38280;18.866415094339633;966.1664150943396;Line 15;1;193.97257355026
-23.225386604;-46.562236178;973.2;38250;18.85162950257291;966.1516295025729;Line 15;1;193.97257355026
-23.22564878;-46.562310012;974.0;38220;18.836843910806188;966.1368439108062;Line 15;1;193.97257355026
-23.225910955;-46.562383846;974.9;38190;18.82205831903946;966.1220583190394;Line 15;1;193.97257355026
-23.226173131;-46.562457681;975.1;38160;18.80727272727274;966.1072727272727;Line 15;1;193.97257355026
-23.226435306;-46.562531516;975.3;38130;18.79248713550601;966.092487135506;Line 15;1;193.97257355026
-23.226697481;-46.562605352;974.6;38100;18.77770154373929;966.0777015437393;Line 15;1;193.97257355026
-23.226959657;-46.562679188;971.1;38070;18.762915951972566;966.0629159519725;Line 15;1;193.97257355026
-23.227221832;-46.562753024;967.8;38040;18.748130360205842;966.0481303602058;Line 15;1;193.97257355026
-23.227484007;-46.56282686;964.6;38010;18.733344768439117;966.0333447684391;Line 15;0;193.97257355026
-23.227746182;-46.562900697;961.1;37980;18.718559176672393;966.0185591766724;Line 15;0;193.97257355026
-23.228008357;-46.562974534;958.2;37950;18.70377358490567;966.0037735849056;Line 15;0;193.97257355026
-23.228270532;-46.563048371;955.8;37920;18.688987993138948;965.988987993139;Line 15;0;193.97257355026
-23.228532707;-46.563122209;958.7;37890;18.674202401372224;965.9742024013722;Line 15;0;193.97257355026
-23.228794882;-46.563196047;963.1;37860;18.6594168096055;965.9594168096055;Line 15;0;193.97257355026
-23.229057057;-46.563269886;967.4;37830;18.644631217838775;965.9446312178387;Line 15;1;193.97257355026
-23.229319231;-46.563343724;970.1;37800;18.62984562607205;965.929845626072;Line 15;1;193.97257355026
-23.229581406;-46.563417563;971.4;37770;18.61506003430533;965.9150600343053;Line 15;1;193.97257355026
-23.229843581;-46.563491403;973.2;37740;18.600274442538602;965.9002744425386;Line 15;1;193.97257355026
-23.230105755;-46.563565242;976.2;37710;18.58548885077188;965.8854888507718;Line 15;1;193.97257355026
-23.23036793;-46.563639082;980.6;37680;18.570703259005153;965.8707032590052;Line 15;1;193.97257355026
-23.230630104;-46.563712922;985.2;37650;18.555917667238433;965.8559176672384;Line 15;1;193.97257355026
-23.230892279;-46.563786763;988.3;37620;18.541132075471708;965.8411320754717;Line 15;1;193.97257355026
-23.231154453;-46.563860604;985.4;37590;18.526346483704984;965.8263464837049;Line 15;1;193.97257355026
-23.231416627;-46.563934445;982.5;37560;18.51156089193826;965.8115608919383;Line 15;1;193.97257355026
-23.231678801;-46.564008287;979.5;37530;18.496775300171535;965.7967753001715;Line 15;1;193.97257355026
-23.231940976;-46.564082129;976.8;37500;18.481989708404814;965.7819897084048;Line 15;1;193.97257355026
-23.23220315;-46.564155971;973.9;37470;18.46720411663809;965.767204116638;Line 15;1;193.97257355026
-23.232465324;-46.564229813;970.8;37440;18.452418524871366;965.7524185248714;Line 15;1;193.97257355026
-23.232727498;-46.564303656;971.7;37410;18.43763293310464;965.7376329331046;Line 15;1;193.97257355026
-23.232989672;-46.564377499;973.7;37380;18.422847341337917;965.7228473413379;Line 15;1;193.97257355026
-23.233251846;-46.564451343;976.2;37350;18.408061749571193;965.7080617495711;Line 15;1;193.97257355026
-23.233514019;-46.564525187;978.8;37320;18.393276157804472;965.6932761578045;Line 15;1;193.97257355026
-23.233776193;-46.564599031;981.3;37290;18.378490566037744;965.6784905660377;Line 15;1;193.97257355026
-23.234038367;-46.564672875;983.9;37260;18.363704974271023;965.663704974271;Line 15;1;193.97257355026
-23.23430054;-46.56474672;987.9;37230;18.348919382504295;965.6489193825042;Line 15;1;193.97257355026
-23.234562714;-46.564820565;993.0;37200;18.334133790737575;965.6341337907376;Line 15;1;193.97257355026
-23.234824888;-46.56489441;997.8;37170;18.31934819897085;965.6193481989708;Line 15;1;193.97257355026
-23.235087061;-46.564968256;1001.7;37140;18.304562607204126;965.6045626072041;Line 15;1;193.97257355026
-23.235349234;-46.565042102;1003.6;37110;18.289777015437405;965.5897770154373;Line 15;1;193.97257355026
-23.235611408;-46.565115948;1005.1;37080;18.274991423670677;965.5749914236707;Line 15;1;193.97257355026
-23.235873581;-46.565189795;1005.7;37050;18.260205831903956;965.5602058319039;Line 15;1;193.97257355026
-23.236135754;-46.565263642;1002.5;37020;18.24542024013723;965.5454202401372;Line 15;1;193.97257355026
-23.236397927;-46.565337489;999.8;36990;18.230634648370508;965.5306346483704;Line 15;1;193.97257355026
-23.2366601;-46.565411337;997.5;36960;18.215849056603783;965.5158490566038;Line 15;1;193.97257355026
-23.236922273;-46.565485185;993.2;36930;18.20106346483706;965.501063464837;Line 15;1;193.97257355026
-23.237184446;-46.565559033;988.8;36900;18.186277873070335;965.4862778730703;Line 15;1;193.97257355026
-23.237446619;-46.565632882;984.4;36870;18.17149228130361;965.4714922813035;Line 15;1;193.97257355026
-23.237708792;-46.56570673;978.7;36840;18.156706689536886;965.4567066895369;Line 15;1;193.97257355026
-23.237970965;-46.56578058;972.3;36810;18.141921097770165;965.4419210977701;Line 15;1;193.97257355026
-23.238233138;-46.565854429;965.2;36780;18.12713550600344;965.4271355060034;Line 15;0;193.97257355026
-23.23849531;-46.565928279;959.1;36750;18.112349914236717;965.4123499142366;Line 15;0;193.97257355026
-23.238757483;-46.566002129;954.3;36720;18.097564322469992;965.39756432247;Line 15;0;193.97257355026
-23.239019656;-46.56607598;949.7;36690;18.082778730703268;965.3827787307032;Line 15;0;193.97257355026
-23.239281828;-46.566149831;945.4;36660;18.067993138936547;965.3679931389365;Line 15;0;193.97257355026
-23.239544001;-46.566223682;941.8;36630;18.05320754716982;965.3532075471697;Line 15;0;193.97257355026
-23.239806173;-46.566297533;938.8;36600;18.0384219554031;965.3384219554031;Line 15;0;193.97257355026
-23.240068345;-46.566371385;936.2;36570;18.02363636363637;965.3236363636363;Line 15;0;193.97257355026
-23.240330518;-46.566445237;932.8;36540;18.00885077186965;965.3088507718696;Line 15;0;193.97257355026
-23.24059269;-46.566519089;929.2;36510;17.994065180102925;965.2940651801028;Line 15;0;193.97257355026
-23.240854862;-46.566592942;925.7;36480;17.9792795883362;965.2792795883362;Line 15;0;193.97257355026
-23.241117034;-46.566666795;924.3;36450;17.964493996569477;965.2644939965694;Line 15;0;193.97257355026
-23.241379206;-46.566740648;924.9;36420;17.949708404802752;965.2497084048027;Line 15;0;193.97257355026
-23.241641378;-46.566814502;925.4;36390;17.93492281303603;965.234922813036;Line 15;0;193.97257355026
-23.24190355;-46.566888356;927.0;36360;17.920137221269307;965.2201372212693;Line 15;0;193.97257355026
-23.242165722;-46.56696221;927.9;36330;17.905351629502583;965.2053516295025;Line 15;0;193.97257355026
-23.242427894;-46.567036065;927.9;36300;17.89056603773586;965.1905660377358;Line 15;0;193.97257355026
-23.242690065;-46.56710992;927.8;36270;17.875780445969134;965.175780445969;Line 15;0;193.97257355026
-23.242952237;-46.567183775;927.4;36240;17.86099485420241;965.1609948542024;Line 15;0;193.97257355026
-23.243214409;-46.567257631;926.4;36210;17.84620926243569;965.1462092624356;Line 15;0;193.97257355026
-23.24347658;-46.567331487;926.5;36180;17.83142367066896;965.1314236706689;Line 15;0;193.97257355026
-23.243738752;-46.567405343;928.0;36150;17.81663807890224;965.1166380789022;Line 15;0;193.97257355026
-23.244000923;-46.5674792;929.8;36120;17.801852487135513;965.1018524871355;Line 15;0;193.97257355026
-23.244263095;-46.567553056;932.1;36090;17.787066895368792;965.0870668953687;Line 15;0;193.97257355026
-23.244525266;-46.567626914;935.0;36060;17.772281303602067;965.072281303602;Line 15;0;193.97257355026
-23.244787437;-46.567700771;937.8;36030;17.757495711835343;965.0574957118353;Line 15;0;193.97257355026
-23.245049609;-46.567774629;940.0;36000;17.742710120068622;965.0427101200686;Line 15;0;193.97257355026
-23.24531178;-46.567848487;940.9;35970;17.727924528301894;965.0279245283018;Line 15;0;193.97257355026
-23.245573951;-46.567922346;941.5;35940;17.713138936535174;965.0131389365351;Line 15;0;193.97257355026
-23.245836122;-46.567996204;941.9;35910;17.69835334476845;964.9983533447684;Line 15;0;193.97257355026
-23.246098293;-46.568070063;940.3;35880;17.683567753001725;964.9835677530017;Line 15;0;193.97257355026
-23.246360464;-46.568143923;938.5;35850;17.668782161235;964.9687821612349;Line 15;0;193.97257355026
-23.246622635;-46.568217783;936.5;35820;17.653996569468276;964.9539965694682;Line 15;0;193.97257355026
-23.246884805;-46.568291643;934.4;35790;17.639210977701552;964.9392109777015;Line 15;0;193.97257355026
-23.247146976;-46.568365503;932.3;35760;17.62442538593483;964.9244253859348;Line 15;0;193.97257355026
-23.247409147;-46.568439364;930.5;35730;17.609639794168103;964.909639794168;Line 15;0;193.97257355026
-23.247671317;-46.568513225;929.4;35700;17.594854202401383;964.8948542024013;Line 15;0;193.97257355026
-23.247933488;-46.568587086;928.7;35670;17.580068610634655;964.8800686106346;Line 15;0;193.97257355026
-23.248195659;-46.568660948;928.1;35640;17.565283018867934;964.8652830188679;Line 15;0;193.97257355026
-23.248457829;-46.56873481;927.2;35610;17.550497427101213;964.8504974271011;Line 15;0;193.97257355026
-23.248719999;-46.568808672;926.6;35580;17.535711835334485;964.8357118353345;Line 15;0;193.97257355026
-23.24898217;-46.568882535;926.8;35550;17.520926243567764;964.8209262435677;Line 15;0;193.97257355026
-23.24924434;-46.568956398;927.5;35520;17.506140651801037;964.806140651801;Line 15;0;193.97257355026
-23.24950651;-46.569030261;927.9;35490;17.491355060034316;964.7913550600342;Line 15;0;193.97257355026
-23.24976868;-46.569104124;928.5;35460;17.47656946826759;964.7765694682676;Line 15;0;193.97257355026
-23.25003085;-46.569177988;929.6;35430;17.461783876500867;964.7617838765008;Line 15;0;193.97257355026
-23.250293021;-46.569251853;933.2;35400;17.446998284734143;964.7469982847341;Line 15;0;193.97257355026
-23.250555191;-46.569325717;935.8;35370;17.43221269296742;964.7322126929673;Line 15;0;193.97257355026
-23.25081736;-46.569399582;937.2;35340;17.417427101200694;964.7174271012007;Line 15;0;193.97257355026
-23.25107953;-46.569473447;940.6;35310;17.402641509433973;964.7026415094339;Line 15;0;193.97257355026
-23.2513417;-46.569547313;943.3;35280;17.387855917667245;964.6878559176672;Line 15;0;193.97257355026
-23.25160387;-46.569621178;945.3;35250;17.373070325900525;964.6730703259004;Line 15;0;193.97257355026
-23.25186604;-46.569695045;947.3;35220;17.3582847341338;964.6582847341338;Line 15;0;193.97257355026
-23.252128209;-46.569768911;949.1;35190;17.343499142367076;964.643499142367;Line 15;0;193.97257355026
-23.252390379;-46.569842778;950.5;35160;17.328713550600355;964.6287135506003;Line 15;0;193.97257355026
-23.252652548;-46.569916645;950.5;35130;17.313927958833627;964.6139279588335;Line 15;0;193.97257355026
-23.252914718;-46.569990512;949.7;35100;17.299142367066906;964.5991423670669;Line 15;0;193.97257355026
-23.253176887;-46.57006438;949.4;35070;17.28435677530018;964.5843567753001;Line 15;0;193.97257355026
-23.253439056;-46.570138248;951.4;35040;17.269571183533458;964.5695711835334;Line 15;0;193.97257355026
-23.253701226;-46.570212116;956.7;35010;17.254785591766733;964.5547855917666;Line 15;0;193.97257355026
-23.253963395;-46.570285985;961.5;34980;17.24000000000001;964.54;Line 15;0;193.97257355026
-23.254225564;-46.570359854;965.6;34950;17.225214408233285;964.5252144082333;Line 15;1;193.97257355026
-23.254487733;-46.570433723;968.7;34920;17.21042881646656;964.5104288164665;Line 15;1;193.97257355026
-23.254749902;-46.570507593;971.5;34890;17.195643224699836;964.4956432246997;Line 15;1;193.97257355026
-23.255012071;-46.570581463;973.8;34860;17.180857632933115;964.4808576329331;Line 15;1;193.97257355026
-23.25527424;-46.570655333;969.9;34830;17.16607204116639;964.4660720411664;Line 15;1;193.97257355026
-23.255536409;-46.570729204;966.5;34800;17.151286449399667;964.4512864493996;Line 15;1;193.97257355026
-23.255798578;-46.570803075;963.7;34770;17.136500857632942;964.436500857633;Line 15;0;193.97257355026
-23.256060746;-46.570876946;963.6;34740;17.121715265866218;964.4217152658662;Line 15;0;193.97257355026
-23.256322915;-46.570950818;964.4;34710;17.106929674099497;964.4069296740995;Line 15;0;193.97257355026
-23.256585084;-46.57102469;964.9;34680;17.09214408233277;964.3921440823327;Line 15;1;193.97257355026
-23.256847252;-46.571098562;966.3;34650;17.07735849056605;964.377358490566;Line 15;1;193.97257355026
-23.257109421;-46.571172434;968.0;34620;17.06257289879932;964.3625728987993;Line 15;1;193.97257355026
-23.257371589;-46.571246307;969.4;34590;17.0477873070326;964.3477873070326;Line 15;1;193.97257355026
-23.257633758;-46.57132018;973.3;34560;17.033001715265875;964.3330017152658;Line 15;1;193.97257355026
-23.257895926;-46.571394054;979.8;34530;17.01821612349915;964.3182161234992;Line 15;1;193.97257355026
-23.258158094;-46.571467928;986.6;34500;17.003430531732427;964.3034305317324;Line 15;1;193.97257355026
-23.258420263;-46.571541802;992.7;34470;16.988644939965702;964.2886449399657;Line 15;1;193.97257355026
-23.258682431;-46.571615676;996.9;34440;16.97385934819898;964.2738593481989;Line 15;1;193.97257355026
-23.258944599;-46.571689551;1000.6;34410;16.959073756432254;964.2590737564323;Line 15;1;193.97257355026
-23.259206767;-46.571763426;1003.1;34380;16.944288164665533;964.2442881646655;Line 15;1;193.97257355026
-23.259468935;-46.571837301;1003.3;34350;16.92950257289881;964.2295025728988;Line 15;1;193.97257355026
-23.259731103;-46.571911177;1003.3;34320;16.914716981132084;964.214716981132;Line 15;1;193.97257355026
-23.259993271;-46.571985053;1003.0;34290;16.89993138936536;964.1999313893654;Line 15;1;193.97257355026
-23.260255438;-46.572058929;1001.1;34260;16.885145797598636;964.1851457975986;Line 15;1;193.97257355026
-23.260517606;-46.572132806;1000.1;34230;16.87036020583191;964.1703602058319;Line 15;1;193.97257355026
-23.260779774;-46.572206683;999.9;34200;16.85557461406519;964.1555746140651;Line 15;1;193.97257355026
-23.261041941;-46.57228056;994.5;34170;16.840789022298463;964.1407890222985;Line 15;1;193.97257355026
-23.261304109;-46.572354438;987.4;34140;16.826003430531742;964.1260034305317;Line 15;1;193.97257355026
-23.261566276;-46.572428316;980.0;34110;16.811217838765018;964.111217838765;Line 15;1;193.97257355026
-23.261828444;-46.572502194;972.5;34080;16.796432246998293;964.0964322469982;Line 15;1;193.97257355026
-23.262090611;-46.572576073;964.6;34050;16.781646655231572;964.0816466552316;Line 15;1;193.97257355026
-23.262352779;-46.572649952;957.1;34020;16.766861063464845;964.0668610634648;Line 15;0;193.97257355026
-23.262614946;-46.572723831;955.1;33990;16.752075471698124;964.0520754716981;Line 15;0;193.97257355026
-23.262877113;-46.572797711;959.7;33960;16.737289879931396;964.0372898799313;Line 15;0;193.97257355026
-23.26313928;-46.57287159;964.4;33930;16.722504288164675;964.0225042881647;Line 15;1;193.97257355026
-23.263401447;-46.572945471;968.8;33900;16.70771869639795;964.0077186963979;Line 15;1;193.97257355026
-23.263663614;-46.573019351;971.8;33870;16.692933104631226;963.9929331046312;Line 15;1;193.97257355026
-23.263925781;-46.573093232;974.1;33840;16.678147512864502;963.9781475128644;Line 15;1;193.97257355026
-23.264187948;-46.573167113;975.6;33810;16.663361921097778;963.9633619210978;Line 15;1;193.97257355026
-23.264450115;-46.573240995;974.9;33780;16.648576329331053;963.948576329331;Line 15;1;193.97257355026
-23.264712282;-46.573314876;974.0;33750;16.633790737564333;963.9337907375643;Line 15;1;193.97257355026
-23.264974449;-46.573388759;972.4;33720;16.61900514579761;963.9190051457975;Line 15;1;193.97257355026
-23.265236615;-46.573462641;967.7;33690;16.604219554030884;963.9042195540309;Line 15;1;193.97257355026
-23.265498782;-46.573536524;963.3;33660;16.58943396226416;963.8894339622641;Line 15;0;193.97257355026
-23.265760949;-46.573610407;959.6;33630;16.574648370497435;963.8746483704974;Line 15;0;193.97257355026
-23.266023115;-46.57368429;957.4;33600;16.559862778730714;963.8598627787306;Line 15;0;193.97257355026
-23.266285281;-46.573758174;956.4;33570;16.545077186963987;963.845077186964;Line 15;0;193.97257355026
-23.266547448;-46.573832058;956.5;33540;16.530291595197266;963.8302915951972;Line 15;0;193.97257355026
-23.266809614;-46.573905942;957.2;33510;16.515506003430538;963.8155060034305;Line 15;0;193.97257355026
-23.26707178;-46.573979827;957.8;33480;16.500720411663817;963.8007204116637;Line 15;0;193.97257355026
-23.267333947;-46.574053712;958.3;33450;16.485934819897093;963.7859348198971;Line 15;0;193.97257355026
-23.267596113;-46.574127597;959.4;33420;16.47114922813037;963.7711492281303;Line 15;0;193.97257355026
-23.267858279;-46.574201483;962.6;33390;16.456363636363644;963.7563636363636;Line 15;0;193.97257355026
-23.268120445;-46.574275369;966.7;33360;16.44157804459692;963.7415780445968;Line 15;1;193.97257355026
-23.268382611;-46.574349255;970.2;33330;16.4267924528302;963.7267924528302;Line 15;1;193.97257355026
-23.268644777;-46.574423142;970.7;33300;16.412006861063475;963.7120068610634;Line 15;1;193.97257355026
-23.268906943;-46.574497029;970.5;33270;16.39722126929675;963.6972212692967;Line 15;1;193.97257355026
-23.269169108;-46.574570916;969.8;33240;16.382435677530026;963.68243567753;Line 15;1;193.97257355026
-23.269431274;-46.574644803;970.8;33210;16.3676500857633;963.6676500857633;Line 15;1;193.97257355026
-23.26969344;-46.574718691;971.0;33180;16.352864493996577;963.6528644939965;Line 15;1;193.97257355026
-23.269955606;-46.574792579;970.7;33150;16.338078902229856;963.6380789022298;Line 15;1;193.97257355026
-23.270217771;-46.574866468;975.0;33120;16.32329331046313;963.623293310463;Line 15;1;193.97257355026
-23.270479937;-46.574940357;980.9;33090;16.308507718696408;963.6085077186964;Line 15;1;193.97257355026
-23.270742102;-46.575014246;987.2;33060;16.29372212692968;963.5937221269296;Line 15;1;193.97257355026
-23.271004267;-46.575088135;990.6;33030;16.27893653516296;963.5789365351629;Line 15;1;193.97257355026
-23.271266433;-46.575162025;992.3;33000;16.264150943396235;963.5641509433962;Line 15;1;193.97257355026
-23.271528598;-46.575235915;994.2;32970;16.24936535162951;963.5493653516295;Line 15;1;193.97257355026
-23.271790763;-46.575309806;997.4;32940;16.23457975986279;963.5345797598627;Line 15;1;193.97257355026
-23.272052928;-46.575383696;1001.7;32910;16.219794168096062;963.519794168096;Line 15;1;193.97257355026
-23.272315093;-46.575457588;1005.5;32880;16.20500857632934;963.5050085763293;Line 15;1;193.97257355026
-23.272577258;-46.575531479;1008.2;32850;16.190222984562617;963.4902229845626;Line 15;1;193.97257355026
-23.272839423;-46.575605371;1009.2;32820;16.175437392795892;963.4754373927958;Line 15;1;193.97257355026
-23.273101588;-46.575679263;1010.2;32790;16.160651801029168;963.4606518010291;Line 15;1;193.97257355026
-23.273363753;-46.575753155;1011.0;32760;16.145866209262444;963.4458662092624;Line 15;1;193.97257355026
-23.273625918;-46.575827048;1010.2;32730;16.13108061749572;963.4310806174957;Line 15;1;193.97257355026
-23.273888083;-46.575900941;1008.1;32700;16.116295025729;963.4162950257289;Line 15;1;193.97257355026
-23.274150247;-46.575974834;1006.1;32670;16.10150943396227;963.4015094339622;Line 15;1;193.97257355026
-23.274412412;-46.576048728;1003.3;32640;16.08672384219555;963.3867238421955;Line 15;1;193.97257355026
-23.274674577;-46.576122622;1001.1;32610;16.071938250428826;963.3719382504288;Line 15;1;193.97257355026
-23.274936741;-46.576196516;999.6;32580;16.0571526586621;963.357152658662;Line 15;1;193.97257355026
-23.275198905;-46.57627041;1001.8;32550;16.04236706689538;963.3423670668953;Line 15;1;193.97257355026
-23.27546107;-46.576344305;1005.0;32520;16.027581475128652;963.3275814751286;Line 15;1;193.97257355026
-23.275723234;-46.576418201;1008.3;32490;16.01279588336193;963.3127958833619;Line 15;1;193.97257355026
-23.275985398;-46.576492096;1012.7;32460;15.998010291595204;963.2980102915951;Line 15;1;193.97257355026
-23.276247563;-46.576565992;1017.7;32430;15.983224699828481;963.2832246998285;Line 15;1;193.97257355026
-23.276509727;-46.576639888;1022.3;32400;15.968439108061759;963.2684391080617;Line 15;1;193.97257355026
-23.276771891;-46.576713785;1026.0;32370;15.953653516295034;963.253653516295;Line 15;1;193.97257355026
-23.277034055;-46.576787681;1028.3;32340;15.938867924528312;963.2388679245282;Line 15;1;193.97257355026
-23.277296219;-46.576861579;1030.2;32310;15.924082332761586;963.2240823327616;Line 15;1;193.97257355026
-23.277558383;-46.576935476;1031.8;32280;15.909296740994863;963.2092967409948;Line 15;1;193.97257355026
-23.277820547;-46.577009374;1034.3;32250;15.89451114922814;963.1945111492281;Line 15;1;193.97257355026
-23.27808271;-46.577083272;1038.1;32220;15.879725557461414;963.1797255574613;Line 15;1;193.97257355026
-23.278344874;-46.57715717;1043.2;32190;15.864939965694692;963.1649399656947;Line 15;1;193.97257355026
-23.278607038;-46.577231069;1050.9;32160;15.850154373927966;963.1501543739279;Line 15;1;193.97257355026
-23.278869201;-46.577304968;1059.4;32130;15.835368782161243;963.1353687821612;Line 15;1;193.97257355026
-23.279131365;-46.577378868;1068.6;32100;15.82058319039452;963.1205831903944;Line 15;1;193.97257355026
-23.279393528;-46.577452767;1076.4;32070;15.805797598627795;963.1057975986278;Line 15;1;193.97257355026
-23.279655692;-46.577526667;1083.1;32040;15.791012006861072;963.091012006861;Line 15;1;193.97257355026
-23.279917855;-46.577600568;1089.1;32010;15.776226415094348;963.0762264150943;Line 15;1;193.97257355026
-23.280180019;-46.577674468;1094.9;31980;15.761440823327625;963.0614408233275;Line 15;1;193.97257355026
-23.280442182;-46.577748369;1100.0;31950;15.746655231560899;963.0466552315609;Line 15;1;193.97257355026
-23.280704345;-46.577822271;1104.2;31920;15.731869639794176;963.0318696397941;Line 15;1;193.97257355026
-23.280966508;-46.577896172;1103.4;31890;15.717084048027454;963.0170840480274;Line 15;1;193.97257355026
-23.281228671;-46.577970074;1097.8;31860;15.702298456260728;963.0022984562606;Line 15;1;193.97257355026
-23.281490834;-46.578043977;1091.4;31830;15.687512864494005;962.987512864494;Line 15;1;193.97257355026
-23.281752997;-46.578117879;1081.6;31800;15.672727272727279;962.9727272727272;Line 15;1;193.97257355026
-23.28201516;-46.578191782;1066.0;31770;15.657941680960556;962.9579416809605;Line 15;1;193.97257355026
-23.282277323;-46.578265685;1050.4;31740;15.643156089193834;962.9431560891937;Line 15;1;193.97257355026
-23.282539486;-46.578339589;1035.1;31710;15.628370497427108;962.9283704974271;Line 15;1;193.97257355026
-23.282801649;-46.578413493;1021.9;31680;15.613584905660385;962.9135849056603;Line 15;1;193.97257355026
-23.283063811;-46.578487397;1008.5;31650;15.598799313893661;962.8987993138936;Line 15;1;193.97257355026
-23.283325974;-46.578561301;995.1;31620;15.584013722126938;962.8840137221268;Line 15;1;193.97257355026
-23.283588136;-46.578635206;982.1;31590;15.569228130360216;962.8692281303602;Line 15;1;193.97257355026
-23.283850299;-46.578709111;969.5;31560;15.55444253859349;962.8544425385934;Line 15;1;193.97257355026
-23.284112461;-46.578783017;957.2;31530;15.539656946826767;962.8396569468267;Line 15;0;193.97257355026
-23.284374624;-46.578856923;948.2;31500;15.524871355060041;962.8248713550599;Line 15;0;193.97257355026
-23.284636786;-46.578930829;940.3;31470;15.510085763293318;962.8100857632933;Line 15;0;193.97257355026
-23.284898948;-46.579004735;932.8;31440;15.495300171526596;962.7953001715266;Line 15;0;193.97257355026
-23.28516111;-46.579078642;925.5;31410;15.48051457975987;962.7805145797598;Line 15;0;193.97257355026
-23.285423273;-46.579152549;917.9;31380;15.465728987993147;962.7657289879932;Line 15;0;193.97257355026
-23.285685435;-46.579226456;910.4;31350;15.450943396226421;962.7509433962264;Line 15;0;193.97257355026
-23.285947597;-46.579300364;903.3;31320;15.436157804459699;962.7361578044597;Line 15;0;193.97257355026
-23.286209759;-46.579374272;897.0;31290;15.421372212692976;962.7213722126929;Line 15;0;193.97257355026
-23.28647192;-46.57944818;890.8;31260;15.406586620926252;962.7065866209263;Line 15;0;193.97257355026
-23.286734082;-46.579522089;887.3;31230;15.391801029159529;962.6918010291595;Line 15;0;193.97257355026
-23.286996244;-46.579595998;891.7;31200;15.377015437392803;962.6770154373928;Line 15;0;193.97257355026
-23.287258406;-46.579669907;896.3;31170;15.36222984562608;962.662229845626;Line 15;0;193.97257355026
-23.287520567;-46.579743817;901.3;31140;15.347444253859358;962.6474442538594;Line 15;0;193.97257355026
-23.287782729;-46.579817727;907.8;31110;15.332658662092632;962.6326586620926;Line 15;0;193.97257355026
-23.288044891;-46.579891637;913.9;31080;15.31787307032591;962.6178730703259;Line 15;0;193.97257355026
-23.288307052;-46.579965548;919.5;31050;15.303087478559183;962.6030874785591;Line 15;0;193.97257355026
-23.288569214;-46.580039459;922.7;31020;15.28830188679246;962.5883018867925;Line 15;0;193.97257355026
-23.288831375;-46.58011337;925.9;30990;15.273516295025738;962.5735162950257;Line 15;0;193.97257355026
-23.289093536;-46.580187282;929.8;30960;15.258730703259012;962.558730703259;Line 15;0;193.97257355026
-23.289355697;-46.580261194;933.3;30930;15.24394511149229;962.5439451114922;Line 15;0;193.97257355026
-23.289617859;-46.580335106;937.7;30900;15.229159519725565;962.5291595197256;Line 15;0;193.97257355026
-23.28988002;-46.580409018;943.6;30870;15.214373927958842;962.5143739279588;Line 15;0;193.97257355026
-23.290142181;-46.580482931;948.3;30840;15.19958833619212;962.4995883361921;Line 15;0;193.97257355026
-23.290404342;-46.580556844;951.2;30810;15.184802744425394;962.4848027444253;Line 15;0;193.97257355026
-23.290666503;-46.580630758;954.3;30780;15.170017152658671;962.4700171526587;Line 15;0;193.97257355026
-23.290928664;-46.580704672;959.4;30750;15.155231560891945;962.4552315608919;Line 15;0;193.97257355026
-23.291190825;-46.580778586;967.8;30720;15.140445969125222;962.4404459691252;Line 15;1;193.97257355026
-23.291452985;-46.5808525;975.7;30690;15.1256603773585;962.4256603773584;Line 15;1;193.97257355026
-23.291715146;-46.580926415;982.3;30660;15.110874785591774;962.4108747855918;Line 15;1;193.97257355026
-23.291977307;-46.58100033;988.8;30630;15.096089193825051;962.396089193825;Line 15;1;193.97257355026
-23.292239467;-46.581074245;995.2;30600;15.081303602058325;962.3813036020583;Line 15;1;193.97257355026
-23.292501628;-46.581148161;1001.4;30570;15.066518010291603;962.3665180102915;Line 15;1;193.97257355026
-23.292763788;-46.581222077;1009.6;30540;15.05173241852488;962.3517324185249;Line 15;1;193.97257355026
-23.293025949;-46.581295993;1017.9;30510;15.036946826758156;962.3369468267581;Line 15;1;193.97257355026
-23.293288109;-46.58136991;1026.2;30480;15.022161234991433;962.3221612349914;Line 15;1;193.97257355026
-23.293550269;-46.581443827;1032.7;30450;15.007375643224707;962.3073756432246;Line 15;1;193.97257355026
-23.29381243;-46.581517744;1039.0;30420;14.992590051457984;962.292590051458;Line 15;1;193.97257355026
-23.29407459;-46.581591662;1045.7;30390;14.97780445969126;962.2778044596912;Line 15;1;193.97257355026
-23.29433675;-46.58166558;1052.0;30360;14.963018867924536;962.2630188679245;Line 15;1;193.97257355026
-23.29459891;-46.581739498;1058.1;30330;14.948233276157813;962.2482332761577;Line 15;1;193.97257355026
-23.29486107;-46.581813417;1064.5;30300;14.933447684391089;962.2334476843911;Line 15;1;193.97257355026
-23.29512323;-46.581887336;1071.7;30270;14.918662092624364;962.2186620926243;Line 15;1;193.97257355026
-23.29538539;-46.581961255;1079.4;30240;14.90387650085764;962.2038765008576;Line 15;1;193.97257355026
-23.29564755;-46.582035175;1086.9;30210;14.889090909090916;962.1890909090909;Line 15;1;193.97257355026
-23.295909709;-46.582109095;1095.4;30180;14.874305317324193;962.1743053173242;Line 15;1;193.97257355026
-23.296171869;-46.582183015;1107.0;30150;14.859519725557469;962.1595197255574;Line 15;1;193.97257355026
-23.296434029;-46.582256935;1118.8;30120;14.844734133790746;962.1447341337907;Line 15;1;193.97257355026
-23.296696188;-46.582330856;1130.6;30090;14.829948542024022;962.129948542024;Line 15;1;193.97257355026
-23.296958348;-46.582404777;1141.1;30060;14.815162950257298;962.1151629502573;Line 15;1;193.97257355026
-23.297220507;-46.582478699;1150.7;30030;14.800377358490573;962.1003773584905;Line 15;1;193.97257355026
-23.297482667;-46.582552621;1159.5;30000;14.78559176672385;962.0855917667238;Line 15;1;193.97257355026
-23.297744826;-46.582626543;1162.0;29970;14.770806174957126;962.070806174957;Line 15;1;193.97257355026
-23.298006986;-46.582700465;1164.5;29940;14.756020583190402;962.0560205831904;Line 15;1;193.97257355026
-23.298269145;-46.582774388;1167.4;29910;14.741234991423678;962.0412349914236;Line 15;1;193.97257355026
-23.298531304;-46.582848311;1163.2;29880;14.726449399656953;962.0264493996569;Line 15;1;193.97257355026
-23.298793463;-46.582922235;1156.6;29850;14.71166380789023;962.0116638078902;Line 15;1;193.97257355026
-23.299055622;-46.582996158;1150.1;29820;14.696878216123507;961.9968782161235;Line 15;1;193.97257355026
-23.299317781;-46.583070082;1139.9;29790;14.682092624356782;961.9820926243567;Line 15;1;193.97257355026
-23.29957994;-46.583144007;1126.7;29760;14.66730703259006;961.96730703259;Line 15;1;193.97257355026
-23.299842099;-46.583217931;1113.1;29730;14.652521440823335;961.9525214408233;Line 15;1;193.97257355026
-23.300104258;-46.583291856;1100.2;29700;14.637735849056613;961.9377358490566;Line 15;1;193.97257355026
-23.300366417;-46.583365782;1088.9;29670;14.622950257289888;961.9229502572898;Line 15;1;193.97257355026
-23.300628575;-46.583439707;1077.4;29640;14.608164665523164;961.9081646655231;Line 15;1;193.97257355026
-23.300890734;-46.583513633;1065.4;29610;14.59337907375644;961.8933790737564;Line 15;1;193.97257355026
-23.301152892;-46.58358756;1053.6;29580;14.578593481989715;961.8785934819897;Line 15;1;193.97257355026
-23.301415051;-46.583661486;1042.2;29550;14.563807890222993;961.8638078902229;Line 15;1;193.97257355026
-23.301677209;-46.583735413;1031.0;29520;14.549022298456268;961.8490222984562;Line 15;1;193.97257355026
-23.301939368;-46.583809341;1021.1;29490;14.534236706689544;961.8342367066895;Line 15;1;193.97257355026
-23.302201526;-46.583883268;1011.3;29460;14.51945111492282;961.8194511149228;Line 15;1;193.97257355026
-23.302463685;-46.583957196;1001.7;29430;14.504665523156095;961.804665523156;Line 15;1;193.97257355026
-23.302725843;-46.584031124;994.1;29400;14.489879931389373;961.7898799313894;Line 15;1;193.97257355026
-23.302988001;-46.584105053;986.8;29370;14.47509433962265;961.7750943396226;Line 15;1;193.97257355026
-23.303250159;-46.584178982;979.7;29340;14.460308747855926;961.7603087478559;Line 15;1;193.97257355026
-23.303512317;-46.584252911;974.6;29310;14.445523156089202;961.7455231560891;Line 15;1;193.97257355026
-23.303774475;-46.58432684;969.5;29280;14.430737564322477;961.7307375643225;Line 15;1;193.97257355026
-23.304036633;-46.58440077;963.9;29250;14.415951972555755;961.7159519725557;Line 15;1;193.97257355026
-23.304298791;-46.5844747;957.2;29220;14.40116638078903;961.701166380789;Line 15;0;193.97257355026
-23.304560949;-46.584548631;949.8;29190;14.386380789022306;961.6863807890222;Line 15;0;193.97257355026
-23.304823106;-46.584622562;942.4;29160;14.371595197255582;961.6715951972556;Line 15;0;193.97257355026
-23.305085264;-46.584696493;935.1;29130;14.356809605488857;961.6568096054888;Line 15;0;193.97257355026
-23.305347422;-46.584770424;927.8;29100;14.342024013722135;961.6420240137221;Line 15;0;193.97257355026
-23.305609579;-46.584844356;920.6;29070;14.32723842195541;961.6272384219553;Line 15;0;193.97257355026
-23.305871737;-46.584918288;913.7;29040;14.312452830188686;961.6124528301887;Line 15;0;193.97257355026
-23.306133894;-46.58499222;906.9;29010;14.297667238421962;961.5976672384219;Line 15;0;193.97257355026
-23.306396052;-46.585066153;900.4;28980;14.28288164665524;961.5828816466552;Line 15;0;193.97257355026
-23.306658209;-46.585140086;894.1;28950;14.268096054888517;961.5680960548884;Line 15;0;193.97257355026
-23.306920366;-46.585214019;888.3;28920;14.253310463121792;961.5533104631218;Line 15;0;193.97257355026
-23.307182524;-46.585287953;882.4;28890;14.238524871355068;961.538524871355;Line 15;0;193.97257355026
-23.307444681;-46.585361887;876.5;28860;14.223739279588344;961.5237392795883;Line 15;0;193.97257355026
-23.307706838;-46.585435821;869.7;28830;14.20895368782162;961.5089536878215;Line 15;0;193.97257355026
-23.307968995;-46.585509756;862.2;28800;14.194168096054895;961.4941680960549;Line 15;0;193.97257355026
-23.308231152;-46.585583691;854.0;28770;14.179382504288172;961.4793825042881;Line 15;0;193.97257355026
-23.308493309;-46.585657626;846.0;28740;14.164596912521448;961.4645969125214;Line 15;0;193.97257355026
-23.308755466;-46.585731562;838.5;28710;14.149811320754724;961.4498113207546;Line 15;0;193.97257355026
-23.309017623;-46.585805498;831.2;28680;14.135025728988;961.435025728988;Line 15;0;193.97257355026
-23.309279779;-46.585879434;824.6;28650;14.120240137221275;961.4202401372212;Line 15;0;193.97257355026
-23.309541936;-46.585953371;818.3;28620;14.105454545454553;961.4054545454545;Line 15;0;193.97257355026
-23.309804093;-46.586027308;812.0;28590;14.09066895368783;961.3906689536877;Line 15;0;193.97257355026
-23.310066249;-46.586101245;805.7;28560;14.075883361921106;961.3758833619211;Line 15;0;193.97257355026
-23.310328406;-46.586175182;799.9;28530;14.061097770154381;961.3610977701543;Line 15;0;193.97257355026
-23.310590562;-46.58624912;794.4;28500;14.046312178387657;961.3463121783876;Line 15;0;193.97257355026
-23.310852719;-46.586323058;789.4;28470;14.031526586620934;961.3315265866208;Line 15;0;193.97257355026
-23.311114875;-46.586396997;787.6;28440;14.01674099485421;961.3167409948542;Line 15;0;193.97257355026
-23.311377031;-46.586470936;785.3;28410;14.001955403087486;961.3019554030874;Line 15;0;193.97257355026
-23.311639187;-46.586544875;782.4;28380;13.987169811320761;961.2871698113207;Line 15;0;193.97257355026
-23.311901344;-46.586618814;780.5;28350;13.972384219554037;961.2723842195539;Line 15;0;193.97257355026
-23.3121635;-46.586692754;779.0;28320;13.957598627787315;961.2575986277873;Line 15;0;193.97257355026
-23.312425656;-46.586766694;778.5;28290;13.94281303602059;961.2428130360205;Line 15;0;193.97257355026
-23.312687812;-46.586840634;779.3;28260;13.928027444253866;961.2280274442538;Line 15;0;193.97257355026
-23.312949968;-46.586914575;780.3;28230;13.913241852487143;961.213241852487;Line 15;0;193.97257355026
-23.313212124;-46.586988516;780.7;28200;13.898456260720419;961.1984562607204;Line 15;0;193.97257355026
-23.313474279;-46.587062458;780.2;28170;13.883670668953696;961.1836706689536;Line 15;0;193.97257355026
-23.313736435;-46.587136399;779.2;28140;13.868885077186972;961.1688850771869;Line 15;0;193.97257355026
-23.313998591;-46.587210341;777.9;28110;13.854099485420248;961.1540994854201;Line 15;0;193.97257355026
-23.314260746;-46.587284284;776.4;28080;13.839313893653523;961.1393138936535;Line 15;0;193.97257355026
-23.314522902;-46.587358226;774.7;28050;13.824528301886799;961.1245283018867;Line 15;0;193.97257355026
-23.314785057;-46.587432169;772.7;28020;13.809742710120076;961.10974271012;Line 15;0;193.97257355026
-23.315047213;-46.587506113;770.3;27990;13.794957118353352;961.0949571183532;Line 15;0;193.97257355026
-23.315309368;-46.587580056;766.7;27960;13.780171526586628;961.0801715265866;Line 15;0;193.97257355026
-23.315571524;-46.587654;763.2;27930;13.765385934819903;961.0653859348199;Line 15;0;193.97257355026
-23.315833679;-46.587727944;759.8;27900;13.75060034305318;961.0506003430531;Line 15;0;193.97257355026
-23.316095834;-46.587801889;757.0;27870;13.735814751286457;961.0358147512865;Line 15;0;193.97257355026
-23.316357989;-46.587875834;754.1;27840;13.721029159519734;961.0210291595197;Line 15;0;193.97257355026
-23.316620144;-46.587949779;751.1;27810;13.70624356775301;961.006243567753;Line 15;0;193.97257355026
-23.316882299;-46.588023725;750.6;27780;13.691457975986285;960.9914579759862;Line 15;0;193.97257355026
-23.317144454;-46.588097671;750.5;27750;13.676672384219561;960.9766723842196;Line 15;0;193.97257355026
-23.317406609;-46.588171617;750.3;27720;13.661886792452838;960.9618867924528;Line 15;0;193.97257355026
-23.317668764;-46.588245563;750.8;27690;13.647101200686114;960.9471012006861;Line 15;0;193.97257355026
-23.317930919;-46.58831951;752.1;27660;13.63231560891939;960.9323156089193;Line 15;0;193.97257355026
-23.318193074;-46.588393457;753.0;27630;13.617530017152665;960.9175300171527;Line 15;0;193.97257355026
-23.318455228;-46.588467405;754.2;27600;13.602744425385941;960.9027444253859;Line 15;0;193.97257355026
-23.318717383;-46.588541353;755.9;27570;13.587958833619219;960.8879588336192;Line 15;0;193.97257355026
-23.318979538;-46.588615301;757.5;27540;13.573173241852494;960.8731732418524;Line 15;0;193.97257355026
-23.319241692;-46.588689249;759.4;27510;13.55838765008577;960.8583876500858;Line 15;0;193.97257355026
-23.319503847;-46.588763198;762.1;27480;13.543602058319047;960.843602058319;Line 15;0;193.97257355026
-23.319766001;-46.588837147;764.7;27450;13.528816466552323;960.8288164665523;Line 15;0;193.97257355026
-23.320028155;-46.588911096;767.2;27420;13.514030874785599;960.8140308747855;Line 15;0;193.97257355026
-23.320290309;-46.588985046;770.1;27390;13.499245283018876;960.7992452830189;Line 15;0;193.97257355026
-23.320552464;-46.589058996;773.1;27360;13.484459691252152;960.7844596912521;Line 15;0;193.97257355026
-23.320814618;-46.589132946;776.1;27330;13.469674099485427;960.7696740994854;Line 15;0;193.97257355026
-23.321076772;-46.589206897;779.8;27300;13.454888507718703;960.7548885077186;Line 15;0;193.97257355026
-23.321338926;-46.589280848;783.9;27270;13.440102915951979;960.740102915952;Line 15;0;193.97257355026
-23.32160108;-46.589354799;788.3;27240;13.425317324185256;960.7253173241852;Line 15;0;193.97257355026
-23.321863234;-46.589428751;791.5;27210;13.410531732418532;960.7105317324185;Line 15;0;193.97257355026
-23.322125388;-46.589502703;793.9;27180;13.395746140651807;960.6957461406517;Line 15;0;193.97257355026
-23.322387541;-46.589576655;796.0;27150;13.380960548885083;960.6809605488851;Line 15;0;193.97257355026
-23.322649695;-46.589650608;796.5;27120;13.366174957118359;960.6661749571183;Line 15;0;193.97257355026
-23.322911849;-46.589724561;795.8;27090;13.351389365351638;960.6513893653516;Line 15;0;193.97257355026
-23.323174003;-46.589798514;794.7;27060;13.336603773584914;960.6366037735849;Line 15;0;193.97257355026
-23.323436156;-46.589872468;793.5;27030;13.32181818181819;960.6218181818182;Line 15;0;193.97257355026
-23.32369831;-46.589946422;792.8;27000;13.307032590051465;960.6070325900514;Line 15;0;193.97257355026
-23.323960463;-46.590020376;792.1;26970;13.29224699828474;960.5922469982847;Line 15;0;193.97257355026
-23.324222616;-46.59009433;790.7;26940;13.277461406518018;960.577461406518;Line 15;0;193.97257355026
-23.32448477;-46.590168285;787.0;26910;13.262675814751294;960.5626758147513;Line 15;0;193.97257355026
-23.324746923;-46.59024224;783.6;26880;13.24789022298457;960.5478902229845;Line 15;0;193.97257355026
-23.325009076;-46.590316196;780.6;26850;13.233104631217845;960.5331046312178;Line 15;0;193.97257355026
-23.325271229;-46.590390152;783.0;26820;13.21831903945112;960.5183190394511;Line 15;0;193.97257355026
-23.325533382;-46.590464108;785.2;26790;13.203533447684398;960.5035334476844;Line 15;0;193.97257355026
-23.325795535;-46.590538064;787.2;26760;13.188747855917674;960.4887478559176;Line 15;0;193.97257355026
-23.326057688;-46.590612021;792.7;26730;13.17396226415095;960.4739622641509;Line 15;0;193.97257355026
-23.326319841;-46.590685978;798.6;26700;13.159176672384227;960.4591766723842;Line 15;0;193.97257355026
-23.326581994;-46.590759936;804.3;26670;13.144391080617503;960.4443910806175;Line 15;0;193.97257355026
-23.326844147;-46.590833894;809.0;26640;13.12960548885078;960.4296054888507;Line 15;0;193.97257355026
-23.3271063;-46.590907852;814.9;26610;13.114819897084056;960.414819897084;Line 15;0;193.97257355026
-23.327368452;-46.59098181;821.1;26580;13.100034305317331;960.4000343053173;Line 15;0;193.97257355026
-23.327630605;-46.591055769;824.9;26550;13.085248713550607;960.3852487135506;Line 15;0;193.97257355026
-23.327892757;-46.591129728;826.2;26520;13.070463121783883;960.3704631217838;Line 15;0;193.97257355026
-23.32815491;-46.591203687;827.8;26490;13.05567753001716;960.3556775300171;Line 15;0;193.97257355026
-23.328417062;-46.591277647;827.4;26460;13.040891938250436;960.3408919382504;Line 15;0;193.97257355026
-23.328679215;-46.591351607;822.5;26430;13.026106346483711;960.3261063464837;Line 15;0;193.97257355026
-23.328941367;-46.591425567;818.1;26400;13.011320754716987;960.3113207547169;Line 15;0;193.97257355026
-23.329203519;-46.591499528;813.4;26370;12.996535162950263;960.2965351629502;Line 15;0;193.97257355026
-23.329465671;-46.591573489;805.0;26340;12.98174957118354;960.2817495711835;Line 15;0;193.97257355026
-23.329727824;-46.59164745;796.2;26310;12.966963979416818;960.2669639794168;Line 15;0;193.97257355026
-23.329989976;-46.591721412;786.7;26280;12.952178387650093;960.25217838765;Line 15;0;193.97257355026
-23.330252128;-46.591795374;781.6;26250;12.937392795883369;960.2373927958834;Line 15;0;193.97257355026
-23.33051428;-46.591869336;776.3;26220;12.922607204116645;960.2226072041166;Line 15;0;193.97257355026
-23.330776432;-46.591943298;770.6;26190;12.90782161234992;960.2078216123499;Line 15;0;193.97257355026
-23.331038583;-46.592017261;772.9;26160;12.893036020583198;960.1930360205831;Line 15;0;193.97257355026
-23.331300735;-46.592091224;777.1;26130;12.878250428816473;960.1782504288165;Line 15;0;193.97257355026
-23.331562887;-46.592165188;780.7;26100;12.863464837049749;960.1634648370497;Line 15;0;193.97257355026
-23.331825038;-46.592239152;780.7;26070;12.848679245283025;960.148679245283;Line 15;0;193.97257355026
-23.33208719;-46.592313116;778.6;26040;12.8338936535163;960.1338936535162;Line 15;0;193.97257355026
-23.332349342;-46.592387081;776.3;26010;12.819108061749578;960.1191080617496;Line 15;0;193.97257355026
-23.332611493;-46.592461045;773.4;25980;12.804322469982854;960.1043224699828;Line 15;0;193.97257355026
-23.332873645;-46.592535011;770.1;25950;12.789536878216131;960.0895368782161;Line 15;0;193.97257355026
-23.333135796;-46.592608976;767.5;25920;12.774751286449407;960.0747512864493;Line 15;0;193.97257355026
-23.333397947;-46.592682942;767.6;25890;12.759965694682682;960.0599656946827;Line 15;0;193.97257355026
-23.333660098;-46.592756908;774.0;25860;12.74518010291596;960.0451801029159;Line 15;0;193.97257355026
-23.33392225;-46.592830874;780.1;25830;12.730394511149235;960.0303945111492;Line 15;0;193.97257355026
-23.334184401;-46.592904841;786.0;25800;12.715608919382511;960.0156089193824;Line 15;0;193.97257355026
-23.334446552;-46.592978808;791.4;25770;12.700823327615787;960.0008233276158;Line 15;0;193.97257355026
-23.334708703;-46.593052776;796.0;25740;12.686037735849062;959.986037735849;Line 15;0;193.97257355026
-23.334970854;-46.593126743;799.9;25710;12.67125214408234;959.9712521440823;Line 15;0;193.97257355026
-23.335233005;-46.593200711;796.7;25680;12.656466552315615;959.9564665523155;Line 15;0;193.97257355026
-23.335495155;-46.59327468;792.6;25650;12.641680960548891;959.9416809605489;Line 15;0;193.97257355026
-23.335757306;-46.593348648;788.5;25620;12.626895368782167;959.9268953687821;Line 15;0;193.97257355026
-23.336019457;-46.593422617;790.0;25590;12.612109777015444;959.9121097770154;Line 15;0;193.97257355026
-23.336281608;-46.593496587;793.1;25560;12.597324185248722;959.8973241852486;Line 15;0;193.97257355026
-23.336543758;-46.593570556;796.1;25530;12.582538593481997;959.882538593482;Line 15;0;193.97257355026
-23.336805909;-46.593644526;799.5;25500;12.567753001715273;959.8677530017152;Line 15;0;193.97257355026
-23.337068059;-46.593718497;803.1;25470;12.552967409948549;959.8529674099485;Line 15;0;193.97257355026
-23.33733021;-46.593792467;806.3;25440;12.538181818181824;959.8381818181817;Line 15;0;193.97257355026
-23.33759236;-46.593866438;807.5;25410;12.523396226415102;959.8233962264151;Line 15;0;193.97257355026
-23.33785451;-46.593940409;805.6;25380;12.508610634648377;959.8086106346483;Line 15;0;193.97257355026
-23.33811666;-46.594014381;803.7;25350;12.493825042881653;959.7938250428816;Line 15;0;193.97257355026
-23.338378811;-46.594088353;802.2;25320;12.479039451114929;959.7790394511148;Line 15;0;193.97257355026
-23.338640961;-46.594162325;802.7;25290;12.464253859348204;959.7642538593482;Line 15;0;193.97257355026
-23.338903111;-46.594236298;803.3;25260;12.449468267581482;959.7494682675814;Line 15;0;193.97257355026
-23.339165261;-46.59431027;804.1;25230;12.434682675814758;959.7346826758147;Line 15;0;193.97257355026
-23.339427411;-46.594384244;804.7;25200;12.419897084048035;959.719897084048;Line 15;0;193.97257355026
-23.339689561;-46.594458217;805.5;25170;12.40511149228131;959.7051114922813;Line 15;0;193.97257355026
-23.33995171;-46.594532191;806.4;25140;12.390325900514586;959.6903259005145;Line 15;0;193.97257355026
-23.34021386;-46.594606165;807.6;25110;12.375540308747864;959.6755403087478;Line 15;0;193.97257355026
-23.34047601;-46.59468014;808.7;25080;12.36075471698114;959.660754716981;Line 15;0;193.97257355026
-23.34073816;-46.594754114;809.5;25050;12.345969125214415;959.6459691252144;Line 15;0;193.97257355026
-23.341000309;-46.594828089;809.1;25020;12.33118353344769;959.6311835334476;Line 15;0;193.97257355026
-23.341262459;-46.594902065;808.3;24990;12.316397941680966;959.6163979416809;Line 15;0;193.97257355026
-23.341524608;-46.594976041;807.9;24960;12.301612349914244;959.6016123499141;Line 15;0;193.97257355026
-23.341786757;-46.595050017;807.2;24930;12.28682675814752;959.5868267581475;Line 15;0;193.97257355026
-23.342048907;-46.595123993;805.9;24900;12.272041166380795;959.5720411663807;Line 15;0;193.97257355026
-23.342311056;-46.59519797;805.3;24870;12.25725557461407;959.557255574614;Line 15;0;193.97257355026
-23.342573205;-46.595271947;807.1;24840;12.242469982847346;959.5424699828473;Line 15;0;193.97257355026
-23.342835354;-46.595345924;814.3;24810;12.227684391080624;959.5276843910806;Line 15;0;193.97257355026
-23.343097504;-46.595419902;821.2;24780;12.212898799313901;959.5128987993138;Line 15;0;193.97257355026
-23.343359653;-46.59549388;828.4;24750;12.198113207547177;959.4981132075471;Line 15;0;193.97257355026
-23.343621802;-46.595567858;838.9;24720;12.183327615780453;959.4833276157804;Line 15;0;193.97257355026
-23.343883951;-46.595641837;848.8;24690;12.168542024013728;959.4685420240137;Line 15;0;193.97257355026
-23.344146099;-46.595715816;858.1;24660;12.153756432247004;959.4537564322469;Line 15;0;193.97257355026
-23.344408248;-46.595789795;867.5;24630;12.138970840480281;959.4389708404802;Line 15;0;193.97257355026
-23.344670397;-46.595863775;876.0;24600;12.124185248713557;959.4241852487135;Line 15;0;193.97257355026
-23.344932546;-46.595937755;882.9;24570;12.109399656946833;959.4093996569468;Line 15;0;193.97257355026
-23.345194694;-46.596011735;889.2;24540;12.094614065180108;959.39461406518;Line 15;0;193.97257355026
-23.345456843;-46.596085715;895.1;24510;12.079828473413384;959.3798284734133;Line 15;0;193.97257355026
-23.345718991;-46.596159696;900.6;24480;12.065042881646661;959.3650428816466;Line 15;0;193.97257355026
-23.34598114;-46.596233678;904.8;24450;12.050257289879937;959.3502572898799;Line 15;0;193.97257355026
-23.346243288;-46.596307659;908.2;24420;12.035471698113215;959.3354716981132;Line 15;0;193.97257355026
-23.346505437;-46.596381641;911.4;24390;12.02068610634649;959.3206861063464;Line 15;0;193.97257355026
-23.346767585;-46.596455623;913.8;24360;12.005900514579766;959.3059005145798;Line 15;0;193.97257355026
-23.347029733;-46.596529606;914.9;24330;11.991114922813043;959.291114922813;Line 15;0;193.97257355026
-23.347291881;-46.596603589;915.7;24300;11.976329331046319;959.2763293310463;Line 15;0;193.97257355026
-23.347554029;-46.596677572;916.4;24270;11.961543739279595;959.2615437392795;Line 15;0;193.97257355026
-23.347816177;-46.596751555;917.6;24240;11.94675814751287;959.2467581475129;Line 15;0;193.97257355026
-23.348078325;-46.596825539;918.7;24210;11.931972555746146;959.2319725557461;Line 15;0;193.97257355026
-23.348340473;-46.596899523;919.7;24180;11.917186963979423;959.2171869639794;Line 15;0;193.97257355026
-23.348602621;-46.596973508;921.3;24150;11.9024013722127;959.2024013722126;Line 15;0;193.97257355026
-23.348864769;-46.597047492;923.3;24120;11.887615780445975;959.187615780446;Line 15;0;193.97257355026
-23.349126917;-46.597121477;925.5;24090;11.87283018867925;959.1728301886792;Line 15;0;193.97257355026
-23.349389064;-46.597195463;929.8;24060;11.858044596912528;959.1580445969125;Line 15;0;193.97257355026
-23.349651212;-46.597269448;934.6;24030;11.843259005145805;959.1432590051458;Line 15;0;193.97257355026
-23.349913359;-46.597343435;939.6;24000;11.828473413379081;959.1284734133791;Line 15;0;193.97257355026
-23.350175507;-46.597417421;945.2;23970;11.813687821612357;959.1136878216123;Line 15;0;193.97257355026
-23.350437654;-46.597491408;951.1;23940;11.798902229845632;959.0989022298456;Line 15;0;193.97257355026
-23.350699802;-46.597565395;957.7;23910;11.784116638078908;959.0841166380789;Line 15;0;193.97257355026
-23.350961949;-46.597639382;963.5;23880;11.769331046312185;959.0693310463122;Line 15;1;193.97257355026
-23.351224096;-46.59771337;967.9;23850;11.754545454545461;959.0545454545454;Line 15;1;193.97257355026
-23.351486244;-46.597787358;971.6;23820;11.739759862778737;959.0397598627787;Line 15;1;193.97257355026
-23.351748391;-46.597861346;974.1;23790;11.724974271012012;959.024974271012;Line 15;1;193.97257355026
-23.352010538;-46.597935335;974.6;23760;11.710188679245288;959.0101886792453;Line 15;1;193.97257355026
-23.352272685;-46.598009323;974.4;23730;11.695403087478565;958.9954030874785;Line 15;1;193.97257355026
-23.352534832;-46.598083313;973.7;23700;11.680617495711841;958.9806174957118;Line 15;1;193.97257355026
-23.352796979;-46.598157302;974.3;23670;11.665831903945119;958.9658319039451;Line 15;1;193.97257355026
-23.353059126;-46.598231292;975.4;23640;11.651046312178394;958.9510463121784;Line 15;1;193.97257355026
-23.353321272;-46.598305282;977.0;23610;11.63626072041167;958.9362607204116;Line 15;1;193.97257355026
-23.353583419;-46.598379273;980.5;23580;11.621475128644946;958.9214751286449;Line 15;1;193.97257355026
-23.353845566;-46.598453264;984.9;23550;11.606689536878223;958.9066895368782;Line 15;1;193.97257355026
-23.354107712;-46.598527255;990.1;23520;11.591903945111499;958.8919039451115;Line 15;1;193.97257355026
-23.354369859;-46.598601247;996.0;23490;11.577118353344774;958.8771183533447;Line 15;1;193.97257355026
-23.354632005;-46.598675238;1002.6;23460;11.56233276157805;958.862332761578;Line 15;1;193.97257355026
-23.354894152;-46.598749231;1010.0;23430;11.547547169811326;958.8475471698113;Line 15;1;193.97257355026
-23.355156298;-46.598823223;1012.9;23400;11.532761578044603;958.8327615780446;Line 15;1;193.97257355026
-23.355418444;-46.598897216;1011.7;23370;11.517975986277879;958.8179759862778;Line 15;1;193.97257355026
-23.355680591;-46.598971209;1009.9;23340;11.503190394511154;958.8031903945111;Line 15;1;193.97257355026
-23.355942737;-46.599045202;1004.4;23310;11.488404802744432;958.7884048027444;Line 15;1;193.97257355026
-23.356204883;-46.599119196;994.9;23280;11.473619210977708;958.7736192109777;Line 15;1;193.97257355026
-23.356467029;-46.59919319;985.4;23250;11.458833619210985;958.7588336192109;Line 15;1;193.97257355026
-23.356729175;-46.599267185;976.2;23220;11.44404802744426;958.7440480274443;Line 15;1;193.97257355026
-23.356991321;-46.599341179;967.7;23190;11.429262435677536;958.7292624356775;Line 15;1;193.97257355026
-23.357253467;-46.599415175;959.5;23160;11.414476843910812;958.7144768439108;Line 15;1;193.97257355026
-23.357515613;-46.59948917;951.8;23130;11.399691252144088;958.699691252144;Line 15;0;193.97257355026
-23.357777759;-46.599563166;945.4;23100;11.384905660377365;958.6849056603774;Line 15;0;193.97257355026
-23.358039904;-46.599637162;939.0;23070;11.37012006861064;958.6701200686106;Line 15;0;193.97257355026
-23.35830205;-46.599711158;932.5;23040;11.355334476843916;958.6553344768439;Line 15;0;193.97257355026
-23.358564196;-46.599785155;931.4;23010;11.340548885077192;958.6405488850771;Line 15;0;193.97257355026
-23.358826341;-46.599859152;930.9;22980;11.325763293310468;958.6257632933105;Line 15;0;193.97257355026
-23.359088487;-46.599933149;930.1;22950;11.310977701543745;958.6109777015437;Line 15;0;193.97257355026
-23.359350632;-46.600007147;930.0;22920;11.296192109777023;958.596192109777;Line 15;0;193.97257355026
-23.359612777;-46.600081145;931.3;22890;11.281406518010298;958.5814065180102;Line 15;0;193.97257355026
-23.359874923;-46.600155143;933.0;22860;11.266620926243574;958.5666209262436;Line 15;0;193.97257355026
-23.360137068;-46.600229141;931.1;22830;11.25183533447685;958.5518353344768;Line 15;0;193.97257355026
-23.360399213;-46.60030314;926.2;22800;11.237049742710127;958.5370497427101;Line 15;0;193.97257355026
-23.360661358;-46.60037714;922.3;22770;11.222264150943403;958.5222641509433;Line 15;0;193.97257355026
-23.360923503;-46.600451139;919.2;22740;11.207478559176678;958.5074785591767;Line 15;0;193.97257355026
-23.361185648;-46.600525139;916.9;22710;11.192692967409954;958.4926929674099;Line 15;0;193.97257355026
-23.361447793;-46.600599139;915.0;22680;11.17790737564323;958.4779073756432;Line 15;0;193.97257355026
-23.361709938;-46.60067314;913.8;22650;11.163121783876507;958.4631217838764;Line 15;0;193.97257355026
-23.361972083;-46.600747141;913.5;22620;11.148336192109783;958.4483361921098;Line 15;0;193.97257355026
-23.362234228;-46.600821142;913.2;22590;11.133550600343058;958.433550600343;Line 15;0;193.97257355026
-23.362496372;-46.600895143;912.2;22560;11.118765008576336;958.4187650085763;Line 15;0;193.97257355026
-23.362758517;-46.600969145;906.0;22530;11.103979416809612;958.4039794168095;Line 15;0;193.97257355026
-23.363020662;-46.601043147;899.1;22500;11.089193825042889;958.3891938250429;Line 15;0;193.97257355026
-23.363282806;-46.60111715;891.6;22470;11.074408233276165;958.3744082332761;Line 15;0;193.97257355026
-23.363544951;-46.601191153;881.7;22440;11.05962264150944;958.3596226415094;Line 15;0;193.97257355026
-23.363807095;-46.601265156;871.2;22410;11.044837049742716;958.3448370497426;Line 15;0;193.97257355026
-23.364069239;-46.601339159;860.8;22380;11.030051457975992;958.330051457976;Line 15;0;193.97257355026
-23.364331384;-46.601413163;852.5;22350;11.015265866209267;958.3152658662092;Line 15;0;193.97257355026
-23.364593528;-46.601487167;845.9;22320;11.000480274442545;958.3004802744425;Line 15;0;193.97257355026
-23.364855672;-46.601561171;839.9;22290;10.98569468267582;958.2856946826757;Line 15;0;193.97257355026
-23.365117816;-46.601635176;835.3;22260;10.970909090909096;958.2709090909091;Line 15;0;193.97257355026
-23.36537996;-46.601709181;831.9;22230;10.956123499142372;958.2561234991423;Line 15;0;193.97257355026
-23.365642104;-46.601783187;828.5;22200;10.941337907375647;958.2413379073756;Line 15;0;193.97257355026
-23.365904248;-46.601857192;825.1;22170;10.926552315608927;958.2265523156088;Line 15;0;193.97257355026
-23.366166392;-46.601931198;822.4;22140;10.911766723842202;958.2117667238422;Line 15;0;193.97257355026
-23.366428536;-46.602005205;818.5;22110;10.896981132075478;958.1969811320754;Line 15;0;193.97257355026
-23.36669068;-46.602079211;814.4;22080;10.882195540308754;958.1821955403087;Line 15;0;193.97257355026
-23.366952823;-46.602153218;818.2;22050;10.86740994854203;958.167409948542;Line 15;0;193.97257355026
-23.367214967;-46.602227226;821.8;22020;10.852624356775307;958.1526243567753;Line 15;0;193.97257355026
-23.367477111;-46.602301233;825.1;21990;10.837838765008582;958.1378387650085;Line 15;0;193.97257355026
-23.367739254;-46.602375241;830.7;21960;10.823053173241858;958.1230531732418;Line 15;0;193.97257355026
-23.368001398;-46.602449249;836.1;21930;10.808267581475134;958.108267581475;Line 15;0;193.97257355026
-23.368263541;-46.602523258;841.0;21900;10.79348198970841;958.0934819897084;Line 15;0;193.97257355026
-23.368525684;-46.602597267;841.2;21870;10.778696397941687;958.0786963979416;Line 15;0;193.97257355026
-23.368787828;-46.602671276;840.5;21840;10.763910806174962;958.0639108061749;Line 15;0;193.97257355026
-23.369049971;-46.602745286;840.5;21810;10.749125214408238;958.0491252144081;Line 15;0;193.97257355026
-23.369312114;-46.602819296;841.5;21780;10.734339622641516;958.0343396226415;Line 15;0;193.97257355026
-23.369574257;-46.602893306;843.2;21750;10.719554030874791;958.0195540308747;Line 15;0;193.97257355026
-23.3698364;-46.602967316;845.1;21720;10.704768439108069;958.004768439108;Line 15;0;193.97257355026
-23.370098543;-46.603041327;847.9;21690;10.689982847341344;957.9899828473413;Line 15;0;193.97257355026
-23.370360686;-46.603115338;851.5;21660;10.67519725557462;957.9751972555746;Line 15;0;193.97257355026
-23.370622829;-46.60318935;854.7;21630;10.660411663807896;957.9604116638078;Line 15;0;193.97257355026
-23.370884972;-46.603263362;858.6;21600;10.645626072041171;957.9456260720411;Line 15;0;193.97257355026
-23.371147114;-46.603337374;866.9;21570;10.630840480274449;957.9308404802744;Line 15;0;193.97257355026
-23.371409257;-46.603411386;875.3;21540;10.616054888507724;957.9160548885077;Line 15;0;193.97257355026
-23.3716714;-46.603485399;882.7;21510;10.601269296741;957.9012692967409;Line 15;0;193.97257355026
-23.371933542;-46.603559412;885.3;21480;10.586483704974276;957.8864837049742;Line 15;0;193.97257355026
-23.372195685;-46.603633425;887.9;21450;10.571698113207551;957.8716981132075;Line 15;0;193.97257355026
-23.372457827;-46.603707439;890.6;21420;10.556912521440829;957.8569125214408;Line 15;0;193.97257355026
-23.37271997;-46.603781453;888.7;21390;10.542126929674106;957.842126929674;Line 15;0;193.97257355026
-23.372982112;-46.603855468;886.1;21360;10.527341337907382;957.8273413379073;Line 15;0;193.97257355026
-23.373244254;-46.603929482;883.6;21330;10.512555746140658;957.8125557461406;Line 15;0;193.97257355026
-23.373506396;-46.604003497;882.5;21300;10.497770154373933;957.7977701543739;Line 15;0;193.97257355026
-23.373768539;-46.604077513;882.3;21270;10.48298456260721;957.7829845626071;Line 15;0;193.97257355026
-23.374030681;-46.604151528;882.6;21240;10.468198970840486;957.7681989708404;Line 15;0;193.97257355026
-23.374292823;-46.604225544;884.7;21210;10.453413379073762;957.7534133790737;Line 15;0;193.97257355026
-23.374554965;-46.604299561;888.2;21180;10.438627787307038;957.738627787307;Line 15;0;193.97257355026
-23.374817107;-46.604373577;892.2;21150;10.423842195540313;957.7238421955402;Line 15;0;193.97257355026
-23.375079248;-46.604447594;897.4;21120;10.409056603773589;957.7090566037735;Line 15;0;193.97257355026
-23.37534139;-46.604521612;903.5;21090;10.394271012006866;957.6942710120068;Line 15;0;193.97257355026
-23.375603532;-46.604595629;908.5;21060;10.379485420240142;957.6794854202401;Line 15;0;193.97257355026
-23.375865674;-46.604669647;912.6;21030;10.36469982847342;957.6646998284734;Line 15;0;193.97257355026
-23.376127815;-46.604743665;917.3;21000;10.349914236706695;957.6499142367066;Line 15;0;193.97257355026
-23.376389957;-46.604817684;922.2;20970;10.33512864493997;957.6351286449399;Line 15;0;193.97257355026
-23.376652098;-46.604891703;927.1;20940;10.320343053173248;957.6203430531732;Line 15;0;193.97257355026
-23.37691424;-46.604965722;932.2;20910;10.305557461406524;957.6055574614065;Line 15;0;193.97257355026
-23.377176381;-46.605039742;936.9;20880;10.2907718696398;957.5907718696398;Line 15;0;193.97257355026
-23.377438522;-46.605113762;941.7;20850;10.275986277873075;957.5759862778731;Line 15;0;193.97257355026
-23.377700664;-46.605187782;945.8;20820;10.261200686106351;957.5612006861063;Line 15;0;193.97257355026
-23.377962805;-46.605261802;949.7;20790;10.246415094339628;957.5464150943396;Line 15;0;193.97257355026
-23.378224946;-46.605335823;953.9;20760;10.231629502572904;957.5316295025729;Line 15;0;193.97257355026
-23.378487087;-46.605409844;957.7;20730;10.21684391080618;957.5168439108062;Line 15;1;193.97257355026
-23.378749228;-46.605483866;960.9;20700;10.202058319039455;957.5020583190394;Line 15;1;193.97257355026
-23.379011369;-46.605557888;963.9;20670;10.187272727272733;957.4872727272727;Line 15;1;193.97257355026
-23.37927351;-46.60563191;965.3;20640;10.17248713550601;957.472487135506;Line 15;1;193.97257355026
-23.379535651;-46.605705932;965.1;20610;10.157701543739286;957.4577015437393;Line 15;1;193.97257355026
-23.379797791;-46.605779955;965.8;20580;10.142915951972562;957.4429159519725;Line 15;1;193.97257355026
-23.380059932;-46.605853978;967.1;20550;10.128130360205837;957.4281303602058;Line 15;1;193.97257355026
-23.380322073;-46.605928002;967.8;20520;10.113344768439113;957.4133447684391;Line 15;1;193.97257355026
-23.380584213;-46.606002025;969.0;20490;10.09855917667239;957.3985591766724;Line 15;1;193.97257355026
-23.380846354;-46.606076049;970.6;20460;10.083773584905666;957.3837735849056;Line 15;1;193.97257355026
-23.381108494;-46.606150074;968.8;20430;10.068987993138942;957.368987993139;Line 15;1;193.97257355026
-23.381370635;-46.606224098;967.2;20400;10.054202401372217;957.3542024013722;Line 15;1;193.97257355026
-23.381632775;-46.606298123;965.8;20370;10.039416809605493;957.3394168096055;Line 15;1;193.97257355026
-23.381894916;-46.606372149;961.6;20340;10.02463121783877;957.3246312178387;Line 15;1;193.97257355026
-23.382157056;-46.606446174;957.1;20310;10.009845626072046;957.309845626072;Line 15;0;193.97257355026
-23.382419196;-46.6065202;953.0;20280;9.995060034305324;957.2950600343053;Line 15;0;193.97257355026
-23.382681336;-46.606594227;950.6;20250;9.9802744425386;957.2802744425386;Line 15;0;193.97257355026
-23.382943476;-46.606668253;949.2;20220;9.965488850771875;957.2654888507718;Line 15;0;193.97257355026
-23.383205616;-46.60674228;948.0;20190;9.950703259005152;957.2507032590051;Line 15;0;193.97257355026
-23.383467756;-46.606816308;948.6;20160;9.935917667238428;957.2359176672384;Line 15;0;193.97257355026
-23.383729896;-46.606890335;950.5;20130;9.921132075471704;957.2211320754717;Line 15;0;193.97257355026
-23.383992036;-46.606964363;952.3;20100;9.90634648370498;957.2063464837049;Line 15;0;193.97257355026
-23.384254176;-46.607038392;953.6;20070;9.891560891938255;957.1915608919383;Line 15;0;193.97257355026
-23.384516315;-46.60711242;954.3;20040;9.876775300171532;957.1767753001715;Line 15;0;193.97257355026
-23.384778455;-46.607186449;955.1;20010;9.861989708404808;957.1619897084048;Line 15;0;193.97257355026
-23.385040594;-46.607260478;956.1;19980;9.847204116638084;957.147204116638;Line 15;0;193.97257355026
-23.385302734;-46.607334508;957.7;19950;9.83241852487136;957.1324185248714;Line 15;1;193.97257355026
-23.385564873;-46.607408538;959.2;19920;9.817632933104635;957.1176329331046;Line 15;1;193.97257355026
-23.385827013;-46.607482568;960.5;19890;9.802847341337914;957.1028473413379;Line 15;1;193.97257355026
-23.386089152;-46.607556598;955.1;19860;9.78806174957119;957.0880617495711;Line 15;0;193.97257355026
-23.386351292;-46.607630629;949.5;19830;9.773276157804466;957.0732761578045;Line 15;0;193.97257355026
-23.386613431;-46.60770466;944.2;19800;9.758490566037741;957.0584905660377;Line 15;0;193.97257355026
-23.38687557;-46.607778692;943.6;19770;9.743704974271017;957.043704974271;Line 15;0;193.97257355026
-23.387137709;-46.607852724;944.8;19740;9.728919382504293;957.0289193825042;Line 15;0;193.97257355026
-23.387399848;-46.607926756;946.7;19710;9.71413379073757;957.0141337907376;Line 15;0;193.97257355026
-23.387661987;-46.608000788;947.4;19680;9.699348198970846;956.9993481989708;Line 15;0;193.97257355026
-23.387924126;-46.608074821;947.0;19650;9.684562607204121;956.9845626072041;Line 15;0;193.97257355026
-23.388186265;-46.608148854;947.0;19620;9.669777015437397;956.9697770154373;Line 15;0;193.97257355026
-23.388448404;-46.608222888;946.4;19590;9.654991423670673;956.9549914236707;Line 15;0;193.97257355026
-23.388710542;-46.608296921;944.5;19560;9.64020583190395;956.9402058319039;Line 15;0;193.97257355026
-23.388972681;-46.608370955;942.7;19530;9.625420240137226;956.9254202401372;Line 15;0;193.97257355026
-23.38923482;-46.60844499;941.9;19500;9.610634648370503;956.9106346483704;Line 15;0;193.97257355026
-23.389496958;-46.608519024;943.4;19470;9.595849056603779;956.8958490566038;Line 15;0;193.97257355026
-23.389759097;-46.608593059;945.3;19440;9.581063464837055;956.881063464837;Line 15;0;193.97257355026
-23.390021235;-46.608667095;948.0;19410;9.566277873070332;956.8662778730703;Line 15;0;193.97257355026
-23.390283374;-46.608741131;953.3;19380;9.551492281303608;956.8514922813035;Line 15;0;193.97257355026
-23.390545512;-46.608815167;958.4;19350;9.536706689536883;956.8367066895369;Line 15;1;193.97257355026
-23.39080765;-46.608889203;963.2;19320;9.521921097770159;956.8219210977701;Line 15;1;193.97257355026
-23.391069789;-46.608963239;971.2;19290;9.507135506003435;956.8071355060034;Line 15;1;193.97257355026
-23.391331927;-46.609037276;978.9;19260;9.492349914236712;956.7923499142366;Line 15;1;193.97257355026
-23.391594065;-46.609111314;986.0;19230;9.477564322469988;956.77756432247;Line 15;1;193.97257355026
-23.391856203;-46.609185351;987.6;19200;9.462778730703263;956.7627787307032;Line 15;1;193.97257355026
-23.392118341;-46.609259389;986.9;19170;9.447993138936539;956.7479931389365;Line 15;1;193.97257355026
-23.392380479;-46.609333428;986.4;19140;9.433207547169816;956.7332075471697;Line 15;1;193.97257355026
-23.392642617;-46.609407466;982.7;19110;9.418421955403094;956.7184219554031;Line 15;1;193.97257355026
-23.392904754;-46.609481505;976.1;19080;9.40363636363637;956.7036363636363;Line 15;1;193.97257355026
-23.393166892;-46.609555544;969.6;19050;9.388850771869645;956.6888507718696;Line 15;1;193.97257355026
-23.39342903;-46.609629584;962.4;19020;9.374065180102921;956.6740651801028;Line 15;1;193.97257355026
-23.393691167;-46.609703624;953.2;18990;9.359279588336197;956.6592795883362;Line 15;0;193.97257355026
-23.393953305;-46.609777664;942.9;18960;9.344493996569474;956.6444939965694;Line 15;0;193.97257355026
-23.394215442;-46.609851704;934.3;18930;9.32970840480275;956.6297084048027;Line 15;0;193.97257355026
-23.39447758;-46.609925745;936.5;18900;9.314922813036025;956.614922813036;Line 15;0;193.97257355026
-23.394739717;-46.609999786;937.8;18870;9.300137221269301;956.6001372212693;Line 15;0;193.97257355026
-23.395001855;-46.610073828;939.8;18840;9.285351629502577;956.5853516295025;Line 15;0;193.97257355026
-23.395263992;-46.61014787;946.2;18810;9.270566037735854;956.5705660377358;Line 15;0;193.97257355026
-23.395526129;-46.610221912;951.3;18780;9.25578044596913;956.555780445969;Line 15;0;193.97257355026
-23.395788266;-46.610295954;955.3;18750;9.240994854202407;956.5409948542024;Line 15;0;193.97257355026
-23.396050403;-46.610369997;962.0;18720;9.226209262435683;956.5262092624356;Line 15;1;193.97257355026
-23.39631254;-46.61044404;968.8;18690;9.211423670668959;956.5114236706689;Line 15;1;193.97257355026
-23.396574677;-46.610518084;974.8;18660;9.196638078902236;956.4966380789022;Line 15;1;193.97257355026
-23.396836814;-46.610592127;974.6;18630;9.181852487135512;956.4818524871355;Line 15;1;193.97257355026
-23.397098951;-46.610666172;971.5;18600;9.167066895368787;956.4670668953687;Line 15;1;193.97257355026
-23.397361088;-46.610740216;968.4;18570;9.152281303602063;956.452281303602;Line 15;1;193.97257355026
-23.397623224;-46.610814261;967.7;18540;9.137495711835339;956.4374957118353;Line 15;1;193.97257355026
-23.397885361;-46.610888306;970.6;18510;9.122710120068614;956.4227101200686;Line 15;1;193.97257355026
-23.398147498;-46.610962351;973.9;18480;9.107924528301892;956.4079245283018;Line 15;1;193.97257355026
-23.398409634;-46.611036397;977.9;18450;9.093138936535167;956.3931389365351;Line 15;1;193.97257355026
-23.398671771;-46.611110443;982.7;18420;9.078353344768443;956.3783533447684;Line 15;1;193.97257355026
-23.398933907;-46.611184489;987.3;18390;9.06356775300172;956.3635677530017;Line 15;1;193.97257355026
-23.399196044;-46.611258536;991.0;18360;9.048782161234996;956.3487821612349;Line 15;1;193.97257355026
-23.39945818;-46.611332583;991.5;18330;9.033996569468274;956.3339965694682;Line 15;1;193.97257355026
-23.399720316;-46.61140663;992.6;18300;9.01921097770155;956.3192109777015;Line 15;1;193.97257355026
-23.399982452;-46.611480678;994.4;18270;9.004425385934825;956.3044253859348;Line 15;1;193.97257355026
-23.400244588;-46.611554726;996.9;18240;8.9896397941681;956.289639794168;Line 15;1;193.97257355026
-23.400506724;-46.611628774;999.0;18210;8.974854202401376;956.2748542024013;Line 15;1;193.97257355026
-23.40076886;-46.611702822;1002.0;18180;8.960068610634654;956.2600686106346;Line 15;1;193.97257355026
-23.401030996;-46.611776871;1007.9;18150;8.94528301886793;956.2452830188679;Line 15;1;193.97257355026
-23.401293132;-46.611850921;1014.3;18120;8.930497427101205;956.2304974271011;Line 15;1;193.97257355026
-23.401555268;-46.61192497;1020.6;18090;8.91571183533448;956.2157118353344;Line 15;1;193.97257355026
-23.401817404;-46.61199902;1029.7;18060;8.900926243567756;956.2009262435677;Line 15;1;193.97257355026
-23.40207954;-46.61207307;1040.5;18030;8.886140651801034;956.186140651801;Line 15;1;193.97257355026
-23.402341675;-46.612147121;1050.6;18000;8.871355060034311;956.1713550600342;Line 15;1;193.97257355026
-23.402603811;-46.612221172;1059.3;17970;8.856569468267587;956.1565694682675;Line 15;1;193.97257355026
-23.402865946;-46.612295223;1066.1;17940;8.841783876500863;956.1417838765008;Line 15;1;193.97257355026
-23.403128082;-46.612369274;1071.9;17910;8.826998284734138;956.1269982847341;Line 15;1;193.97257355026
-23.403390217;-46.612443326;1076.0;17880;8.812212692967416;956.1122126929673;Line 15;1;193.97257355026
-23.403652353;-46.612517378;1077.9;17850;8.797427101200691;956.0974271012007;Line 15;1;193.97257355026
-23.403914488;-46.612591431;1081.0;17820;8.782641509433967;956.0826415094339;Line 15;1;193.97257355026
-23.404176623;-46.612665484;1083.0;17790;8.767855917667243;956.0678559176672;Line 15;1;193.97257355026
-23.404438758;-46.612739537;1084.0;17760;8.753070325900518;956.0530703259004;Line 15;1;193.97257355026
-23.404700893;-46.61281359;1085.3;17730;8.738284734133796;956.0382847341338;Line 15;1;193.97257355026
-23.404963028;-46.612887644;1087.1;17700;8.723499142367071;956.023499142367;Line 15;1;193.97257355026
-23.405225163;-46.612961698;1092.1;17670;8.708713550600347;956.0087135506003;Line 15;1;193.97257355026
-23.405487298;-46.613035752;1097.3;17640;8.693927958833623;955.9939279588335;Line 15;1;193.97257355026
-23.405749433;-46.613109807;1102.4;17610;8.6791423670669;955.9791423670669;Line 15;1;193.97257355026
-23.406011568;-46.613183862;1106.1;17580;8.664356775300178;955.9643567753001;Line 15;1;193.97257355026
-23.406273703;-46.613257918;1109.0;17550;8.649571183533453;955.9495711835334;Line 15;1;193.97257355026
-23.406535838;-46.613331973;1111.6;17520;8.634785591766729;955.9347855917667;Line 15;1;193.97257355026
-23.406797972;-46.613406029;1109.4;17490;8.620000000000005;955.92;Line 15;1;193.97257355026
-23.407060107;-46.613480086;1104.1;17460;8.60521440823328;955.9052144082332;Line 15;1;193.97257355026
-23.407322241;-46.613554142;1099.2;17430;8.590428816466558;955.8904288164665;Line 15;1;193.97257355026
-23.407584376;-46.613628199;1094.7;17400;8.575643224699833;955.8756432246998;Line 15;1;193.97257355026
-23.40784651;-46.613702257;1090.8;17370;8.560857632933109;955.8608576329331;Line 15;1;193.97257355026
-23.408108644;-46.613776314;1087.7;17340;8.546072041166385;955.8460720411664;Line 15;1;193.97257355026
-23.408370779;-46.613850372;1085.5;17310;8.53128644939966;955.8312864493996;Line 15;1;193.97257355026
-23.408632913;-46.613924431;1084.4;17280;8.516500857632938;955.816500857633;Line 15;1;193.97257355026
-23.408895047;-46.613998489;1083.2;17250;8.501715265866213;955.8017152658662;Line 15;1;193.97257355026
-23.409157181;-46.614072548;1082.0;17220;8.48692967409949;955.7869296740995;Line 15;1;193.97257355026
-23.409419315;-46.614146607;1086.0;17190;8.472144082332767;955.7721440823327;Line 15;1;193.97257355026
-23.409681449;-46.614220667;1090.2;17160;8.457358490566042;955.757358490566;Line 15;1;193.97257355026
-23.409943583;-46.614294727;1093.7;17130;8.442572898799318;955.7425728987993;Line 15;1;193.97257355026
-23.410205717;-46.614368787;1100.6;17100;8.427787307032595;955.7277873070326;Line 15;1;193.97257355026
-23.410467851;-46.614442848;1108.1;17070;8.413001715265871;955.7130017152658;Line 15;1;193.97257355026
-23.410729985;-46.614516909;1115.0;17040;8.398216123499147;955.6982161234992;Line 15;1;193.97257355026
-23.410992118;-46.61459097;1119.4;17010;8.383430531732422;955.6834305317324;Line 15;1;193.97257355026
-23.411254252;-46.614665031;1122.8;16980;8.368644939965698;955.6686449399657;Line 15;1;193.97257355026
-23.411516385;-46.614739093;1126.9;16950;8.353859348198975;955.6538593481989;Line 15;1;193.97257355026
-23.411778519;-46.614813155;1130.3;16920;8.339073756432251;955.6390737564323;Line 15;1;193.97257355026
-23.412040652;-46.614887218;1131.6;16890;8.324288164665527;955.6242881646655;Line 15;1;193.97257355026
-23.412302786;-46.614961281;1132.5;16860;8.309502572898804;955.6095025728988;Line 15;1;193.97257355026
-23.412564919;-46.615035344;1131.8;16830;8.29471698113208;955.594716981132;Line 15;1;193.97257355026
-23.412827052;-46.615109407;1128.5;16800;8.279931389365357;955.5799313893654;Line 15;1;193.97257355026
-23.413089185;-46.615183471;1125.0;16770;8.265145797598633;955.5651457975986;Line 15;1;193.97257355026
-23.413351319;-46.615257535;1121.3;16740;8.250360205831909;955.5503602058319;Line 15;1;193.97257355026
-23.413613452;-46.6153316;1118.9;16710;8.235574614065184;955.5355746140651;Line 15;1;193.97257355026
-23.413875585;-46.615405664;1116.4;16680;8.22078902229846;955.5207890222985;Line 15;1;193.97257355026
-23.414137718;-46.615479729;1113.9;16650;8.206003430531737;955.5060034305317;Line 15;1;193.97257355026
-23.414399851;-46.615553795;1110.5;16620;8.191217838765013;955.491217838765;Line 15;1;193.97257355026
-23.414661983;-46.615627861;1107.6;16590;8.176432246998289;955.4764322469982;Line 15;1;193.97257355026
-23.414924116;-46.615701927;1105.1;16560;8.161646655231564;955.4616466552316;Line 15;1;193.97257355026
-23.415186249;-46.615775993;1105.0;16530;8.14686106346484;955.4468610634648;Line 15;1;193.97257355026
-23.415448382;-46.61585006;1106.8;16500;8.132075471698117;955.4320754716981;Line 15;1;193.97257355026
-23.415710514;-46.615924127;1109.6;16470;8.117289879931395;955.4172898799313;Line 15;1;193.97257355026
-23.415972647;-46.615998194;1115.2;16440;8.10250428816467;955.4025042881647;Line 15;1;193.97257355026
-23.416234779;-46.616072262;1122.8;16410;8.087718696397946;955.3877186963979;Line 15;1;193.97257355026
-23.416496912;-46.61614633;1130.5;16380;8.072933104631222;955.3729331046312;Line 15;1;193.97257355026
-23.416759044;-46.616220398;1136.7;16350;8.0581475128645;955.3581475128644;Line 15;1;193.97257355026
-23.417021176;-46.616294467;1140.2;16320;8.043361921097775;955.3433619210978;Line 15;1;193.97257355026
-23.417283309;-46.616368536;1143.6;16290;8.02857632933105;955.328576329331;Line 15;1;193.97257355026
-23.417545441;-46.616442605;1146.0;16260;8.013790737564326;955.3137907375643;Line 15;1;193.97257355026
-23.417807573;-46.616516674;1144.8;16230;7.999005145797602;955.2990051457975;Line 15;1;193.97257355026
-23.418069705;-46.616590744;1144.2;16200;7.984219554030879;955.2842195540309;Line 15;1;193.97257355026
-23.418331837;-46.616664815;1144.0;16170;7.969433962264156;955.2694339622641;Line 15;1;193.97257355026
-23.418593969;-46.616738885;1135.9;16140;7.954648370497432;955.2546483704974;Line 15;1;193.97257355026
-23.418856101;-46.616812956;1127.9;16110;7.939862778730707;955.2398627787306;Line 15;1;193.97257355026
-23.419118233;-46.616887027;1119.9;16080;7.925077186963983;955.225077186964;Line 15;1;193.97257355026
-23.419380364;-46.616961099;1108.5;16050;7.91029159519726;955.2102915951972;Line 15;1;193.97257355026
-23.419642496;-46.617035171;1096.9;16020;7.895506003430536;955.1955060034305;Line 15;1;193.97257355026
-23.419904628;-46.617109243;1085.9;15990;7.8807204116638125;955.1807204116637;Line 15;1;193.97257355026
-23.420166759;-46.617183315;1076.2;15960;7.865934819897088;955.1659348198971;Line 15;1;193.97257355026
-23.420428891;-46.617257388;1067.3;15930;7.851149228130364;955.1511492281303;Line 15;1;193.97257355026
-23.420691022;-46.617331461;1058.6;15900;7.8363636363636395;955.1363636363636;Line 15;1;193.97257355026
-23.420953154;-46.617405535;1054.8;15870;7.821578044596917;955.1215780445968;Line 15;1;193.97257355026
-23.421215285;-46.617479609;1057.3;15840;7.806792452830193;955.1067924528302;Line 15;1;193.97257355026
-23.421477416;-46.617553683;1060.3;15810;7.792006861063469;955.0920068610634;Line 15;1;193.97257355026
-23.421739548;-46.617627757;1063.8;15780;7.777221269296745;955.0772212692967;Line 15;1;193.97257355026
-23.422001679;-46.617701832;1067.2;15750;7.7624356775300205;955.06243567753;Line 15;1;193.97257355026
-23.42226381;-46.617775907;1070.4;15720;7.747650085763298;955.0476500857633;Line 15;1;193.97257355026
-23.422525941;-46.617849983;1073.3;15690;7.732864493996574;955.0328644939965;Line 15;1;193.97257355026
-23.422788072;-46.617924058;1075.2;15660;7.718078902229849;955.0180789022298;Line 15;1;193.97257355026
-23.423050203;-46.617998135;1075.9;15630;7.703293310463126;955.003293310463;Line 15;1;193.97257355026
-23.423312334;-46.618072211;1075.6;15600;7.6885077186964015;954.9885077186964;Line 15;1;193.97257355026
-23.423574464;-46.618146288;1083.6;15570;7.673722126929679;954.9737221269296;Line 15;1;193.97257355026
-23.423836595;-46.618220365;1092.7;15540;7.658936535162955;954.9589365351629;Line 15;1;193.97257355026
-23.424098726;-46.618294442;1102.2;15510;7.64415094339623;954.9441509433962;Line 15;1;193.97257355026
-23.424360856;-46.61836852;1104.9;15480;7.629365351629506;954.9293653516295;Line 15;1;193.97257355026
-23.424622987;-46.618442598;1105.1;15450;7.6145797598627825;954.9145797598627;Line 15;1;193.97257355026
-23.424885118;-46.618516676;1105.1;15420;7.59979416809606;954.899794168096;Line 15;1;193.97257355026
-23.425147248;-46.618590755;1101.9;15390;7.585008576329336;954.8850085763293;Line 15;1;193.97257355026
-23.425409378;-46.618664834;1096.3;15360;7.570222984562611;954.8702229845626;Line 15;1;193.97257355026
-23.425671509;-46.618738913;1090.9;15330;7.555437392795887;954.8554373927958;Line 15;1;193.97257355026
-23.425933639;-46.618812993;1086.7;15300;7.5406518010291625;954.8406518010291;Line 15;1;193.97257355026
-23.426195769;-46.618887073;1084.4;15270;7.52586620926244;954.8258662092624;Line 15;1;193.97257355026
-23.426457899;-46.618961153;1082.3;15240;7.5110806174957165;954.8110806174957;Line 15;1;193.97257355026
-23.426720029;-46.619035234;1081.2;15210;7.496295025728992;954.7962950257289;Line 15;1;193.97257355026
-23.426982159;-46.619109315;1083.8;15180;7.481509433962268;954.7815094339622;Line 15;1;193.97257355026
-23.427244289;-46.619183396;1086.0;15150;7.466723842195544;954.7667238421955;Line 15;1;193.97257355026
-23.427506419;-46.619257477;1086.4;15120;7.45193825042882;954.7519382504288;Line 15;1;193.97257355026
-23.427768549;-46.619331559;1085.1;15090;7.437152658662097;954.737152658662;Line 15;1;193.97257355026
-23.428030679;-46.619405641;1083.6;15060;7.422367066895373;954.7223670668953;Line 15;1;193.97257355026
-23.428292809;-46.619479724;1081.8;15030;7.407581475128649;954.7075814751286;Line 15;1;193.97257355026
-23.428554938;-46.619553807;1078.9;15000;7.392795883361925;954.6927958833619;Line 15;1;193.97257355026
-23.428817068;-46.61962789;1075.4;14970;7.378010291595201;954.6780102915951;Line 15;1;193.97257355026
-23.429079198;-46.619701974;1071.6;14940;7.363224699828477;954.6632246998284;Line 15;1;193.97257355026
-23.429341327;-46.619776057;1066.4;14910;7.348439108061753;954.6484391080617;Line 15;1;193.97257355026
-23.429603457;-46.619850142;1060.5;14880;7.33365351629503;954.633653516295;Line 15;1;193.97257355026
-23.429865586;-46.619924226;1054.7;14850;7.318867924528306;954.6188679245282;Line 15;1;193.97257355026
-23.430127715;-46.619998311;1051.6;14820;7.304082332761582;954.6040823327615;Line 15;1;193.97257355026
-23.430389844;-46.620072396;1051.8;14790;7.289296740994858;954.5892967409948;Line 15;1;193.97257355026
-23.430651974;-46.620146482;1053.4;14760;7.274511149228134;954.5745111492281;Line 15;1;193.97257355026
-23.430914103;-46.620220567;1055.9;14730;7.25972555746141;954.5597255574613;Line 15;1;193.97257355026
-23.431176232;-46.620294653;1057.4;14700;7.2449399656946865;954.5449399656947;Line 15;1;193.97257355026
-23.431438361;-46.62036874;1059.3;14670;7.230154373927963;954.5301543739279;Line 15;1;193.97257355026
-23.43170049;-46.620442827;1060.8;14640;7.215368782161239;954.5153687821612;Line 15;1;193.97257355026
-23.431962619;-46.620516914;1058.6;14610;7.200583190394515;954.5005831903944;Line 15;1;193.97257355026
-23.432224748;-46.620591001;1056.5;14580;7.185797598627791;954.4857975986278;Line 15;1;193.97257355026
-23.432486876;-46.620665089;1054.7;14550;7.171012006861067;954.471012006861;Line 15;1;193.97257355026
-23.432749005;-46.620739177;1050.0;14520;7.156226415094343;954.4562264150943;Line 15;1;193.97257355026
-23.433011134;-46.620813265;1045.1;14490;7.14144082332762;954.4414408233275;Line 15;1;193.97257355026
-23.433273262;-46.620887354;1041.1;14460;7.126655231560896;954.4266552315609;Line 15;1;193.97257355026
-23.433535391;-46.620961443;1039.7;14430;7.111869639794172;954.4118696397941;Line 15;1;193.97257355026
-23.433797519;-46.621035532;1038.7;14400;7.0970840480274475;954.3970840480274;Line 15;1;193.97257355026
-23.434059648;-46.621109622;1037.4;14370;7.082298456260724;954.3822984562606;Line 15;1;193.97257355026
-23.434321776;-46.621183712;1033.3;14340;7.067512864494;954.367512864494;Line 15;1;193.97257355026
-23.434583904;-46.621257802;1026.6;14310;7.052727272727276;954.3527272727272;Line 15;1;193.97257355026
-23.434846033;-46.621331893;1018.9;14280;7.037941680960553;954.3379416809605;Line 15;1;193.97257355026
-23.435108161;-46.621405984;1008.6;14250;7.0231560891938285;954.3231560891937;Line 15;1;193.97257355026
-23.435370289;-46.621480075;995.2;14220;7.008370497427105;954.3083704974271;Line 15;1;193.97257355026
-23.435632417;-46.621554167;981.0;14190;6.993584905660381;954.2935849056603;Line 15;1;193.97257355026
-23.435894545;-46.621628259;967.0;14160;6.978799313893657;954.2787993138936;Line 15;1;193.97257355026
-23.436156673;-46.621702351;956.0;14130;6.964013722126933;954.2640137221268;Line 15;1;193.97257355026
-23.436418801;-46.621776444;946.1;14100;6.9492281303602095;954.2492281303602;Line 15;0;193.97257355026
-23.436680929;-46.621850537;936.8;14070;6.934442538593486;954.2344425385934;Line 15;0;193.97257355026
-23.436943056;-46.62192463;930.4;14040;6.919656946826762;954.2196569468267;Line 15;0;193.97257355026
-23.437205184;-46.621998723;923.7;14010;6.904871355060038;954.20487135506;Line 15;0;193.97257355026
-23.437467312;-46.622072817;916.9;13980;6.890085763293314;954.1900857632933;Line 15;0;193.97257355026
-23.437729439;-46.622146911;913.8;13950;6.87530017152659;954.1753001715265;Line 15;0;193.97257355026
-23.437991567;-46.622221006;910.9;13920;6.860514579759867;954.1605145797598;Line 15;0;193.97257355026
-23.438253694;-46.622295101;907.5;13890;6.845728987993143;954.1457289879932;Line 15;0;193.97257355026
-23.438515822;-46.622369196;904.5;13860;6.830943396226419;954.1309433962264;Line 15;0;193.97257355026
-23.438777949;-46.622443292;901.2;13830;6.816157804459695;954.1161578044597;Line 15;0;193.97257355026
-23.439040076;-46.622517387;897.8;13800;6.8013722126929705;954.1013722126929;Line 15;0;193.97257355026
-23.439302203;-46.622591483;894.9;13770;6.786586620926247;954.0865866209263;Line 15;0;193.97257355026
-23.439564331;-46.62266558;891.5;13740;6.771801029159524;954.0718010291595;Line 15;0;193.97257355026
-23.439826458;-46.622739677;889.1;13710;6.757015437392799;954.0570154373928;Line 15;0;193.97257355026
-23.440088585;-46.622813774;885.7;13680;6.742229845626076;954.042229845626;Line 15;0;193.97257355026
-23.440350712;-46.622887871;878.3;13650;6.7274442538593515;954.0274442538594;Line 15;0;193.97257355026
-23.440612839;-46.622961969;870.6;13620;6.712658662092628;954.0126586620926;Line 15;0;193.97257355026
-23.440874965;-46.623036067;862.6;13590;6.697873070325904;953.9978730703259;Line 15;0;193.97257355026
-23.441137092;-46.623110166;854.7;13560;6.683087478559179;953.9830874785591;Line 15;0;193.97257355026
-23.441399219;-46.623184264;846.0;13530;6.668301886792457;953.9683018867925;Line 15;0;193.97257355026
-23.441661346;-46.623258363;836.4;13500;6.6535162950257325;953.9535162950257;Line 15;0;193.97257355026
-23.441923472;-46.623332463;835.1;13470;6.638730703259009;953.938730703259;Line 15;0;193.97257355026
-23.442185599;-46.623406563;834.2;13440;6.623945111492285;953.9239451114922;Line 15;0;193.97257355026
-23.442447725;-46.623480663;833.3;13410;6.60915951972556;953.9091595197256;Line 15;0;193.97257355026
-23.442709852;-46.623554763;832.1;13380;6.594373927958837;953.8943739279588;Line 15;0;193.97257355026
-23.442971978;-46.623628864;830.7;13350;6.5795883361921135;953.8795883361921;Line 15;0;193.97257355026
-23.443234105;-46.623702965;829.0;13320;6.56480274442539;953.8648027444253;Line 15;0;193.97257355026
-23.443496231;-46.623777066;832.0;13290;6.550017152658666;953.8500171526587;Line 15;0;193.97257355026
-23.443758357;-46.623851168;837.3;13260;6.535231560891941;953.8352315608919;Line 15;0;193.97257355026
-23.444020483;-46.62392527;841.9;13230;6.520445969125218;953.8204459691252;Line 15;0;193.97257355026
-23.444282609;-46.623999372;846.8;13200;6.505660377358494;953.8056603773584;Line 15;0;193.97257355026
-23.444544735;-46.624073475;852.2;13170;6.49087478559177;953.7908747855918;Line 15;0;193.97257355026
-23.444806861;-46.624147577;857.1;13140;6.476089193825047;953.776089193825;Line 15;0;193.97257355026
-23.445068987;-46.624221681;859.6;13110;6.461303602058322;953.7613036020583;Line 15;0;193.97257355026
-23.445331113;-46.624295784;858.4;13080;6.446518010291599;953.7465180102915;Line 15;0;193.97257355026
-23.445593239;-46.624369888;857.4;13050;6.4317324185248745;953.7317324185249;Line 15;0;193.97257355026
-23.445855364;-46.624443993;856.1;13020;6.41694682675815;953.7169468267581;Line 15;0;193.97257355026
-23.44611749;-46.624518097;847.7;12990;6.402161234991427;953.7021612349914;Line 15;0;193.97257355026
-23.446379616;-46.624592202;839.2;12960;6.387375643224703;953.6873756432246;Line 15;0;193.97257355026
-23.446641741;-46.624666307;830.5;12930;6.37259005145798;953.672590051458;Line 15;0;193.97257355026
-23.446903867;-46.624740413;823.4;12900;6.3578044596912555;953.6578044596912;Line 15;0;193.97257355026
-23.447165992;-46.624814519;817.0;12870;6.343018867924531;953.6430188679245;Line 15;0;193.97257355026
-23.447428117;-46.624888625;811.1;12840;6.328233276157808;953.6282332761577;Line 15;0;193.97257355026
-23.447690243;-46.624962731;805.5;12810;6.313447684391083;953.6134476843911;Line 15;0;193.97257355026
-23.447952368;-46.625036838;800.2;12780;6.298662092624361;953.5986620926243;Line 15;0;193.97257355026
-23.448214493;-46.625110945;795.2;12750;6.2838765008576365;953.5838765008576;Line 15;0;193.97257355026
-23.448476618;-46.625185053;790.8;12720;6.269090909090912;953.5690909090908;Line 15;0;193.97257355026
-23.448738743;-46.625259161;787.4;12690;6.254305317324189;953.5543053173242;Line 15;0;193.97257355026
-23.449000868;-46.625333269;784.2;12660;6.239519725557464;953.5395197255574;Line 15;0;193.97257355026
-23.449262993;-46.625407377;782.5;12630;6.224734133790741;953.5247341337907;Line 15;0;193.97257355026
-23.449525118;-46.625481486;783.2;12600;6.2099485420240175;953.509948542024;Line 15;0;193.97257355026
-23.449787243;-46.625555595;783.6;12570;6.195162950257293;953.4951629502573;Line 15;0;193.97257355026
-23.450049368;-46.625629705;783.8;12540;6.18037735849057;953.4803773584905;Line 15;0;193.97257355026
-23.450311492;-46.625703814;784.5;12510;6.165591766723845;953.4655917667238;Line 15;0;193.97257355026
-23.450573617;-46.625777924;784.7;12480;6.150806174957122;953.450806174957;Line 15;0;193.97257355026
-23.450835742;-46.625852035;784.8;12450;6.136020583190398;953.4360205831904;Line 15;0;193.97257355026
-23.451097866;-46.625926146;783.6;12420;6.121234991423673;953.4212349914236;Line 15;0;193.97257355026
-23.451359991;-46.626000257;782.6;12390;6.106449399656951;953.4064493996569;Line 15;0;193.97257355026
-23.451622115;-46.626074368;781.7;12360;6.091663807890226;953.3916638078902;Line 15;0;193.97257355026
-23.451884239;-46.62614848;785.2;12330;6.076878216123502;953.3768782161235;Line 15;0;193.97257355026
-23.452146364;-46.626222592;789.3;12300;6.0620926243567785;953.3620926243567;Line 15;0;193.97257355026
-23.452408488;-46.626296704;793.1;12270;6.047307032590054;953.34730703259;Line 15;0;193.97257355026
-23.452670612;-46.626370817;795.5;12240;6.032521440823331;953.3325214408233;Line 15;0;193.97257355026
-23.452932736;-46.62644493;797.1;12210;6.017735849056607;953.3177358490566;Line 15;0;193.97257355026
-23.45319486;-46.626519043;798.8;12180;6.002950257289883;953.3029502572898;Line 15;0;193.97257355026
-23.453456984;-46.626593157;799.9;12150;5.9881646655231595;953.2881646655231;Line 15;0;193.97257355026
-23.453719108;-46.626667271;800.8;12120;5.973379073756435;953.2733790737564;Line 15;0;193.97257355026
-23.453981232;-46.626741385;800.7;12090;5.958593481989712;953.2585934819897;Line 15;0;193.97257355026
-23.454243356;-46.6268155;800.4;12060;5.943807890222987;953.2438078902229;Line 15;0;193.97257355026
-23.45450548;-46.626889615;800.0;12030;5.929022298456264;953.2290222984562;Line 15;0;193.97257355026
-23.454767603;-46.62696373;799.9;12000;5.9142367066895405;953.2142367066895;Line 15;0;193.97257355026
-23.455029727;-46.627037846;799.5;11970;5.899451114922816;953.1994511149228;Line 15;0;193.97257355026
-23.45529185;-46.627111961;794.6;11940;5.884665523156093;953.184665523156;Line 15;0;193.97257355026
-23.455553974;-46.627186078;789.9;11910;5.869879931389368;953.1698799313893;Line 15;0;193.97257355026
-23.455816097;-46.627260194;785.2;11880;5.855094339622644;953.1550943396226;Line 15;0;193.97257355026
-23.456078221;-46.627334311;781.3;11850;5.840308747855921;953.1403087478559;Line 15;0;193.97257355026
-23.456340344;-46.627408428;777.5;11820;5.825523156089197;953.1255231560891;Line 15;0;193.97257355026
-23.456602467;-46.627482546;773.9;11790;5.810737564322473;953.1107375643224;Line 15;0;193.97257355026
-23.456864591;-46.627556664;772.2;11760;5.795951972555749;953.0959519725557;Line 15;0;193.97257355026
-23.457126714;-46.627630782;771.5;11730;5.781166380789025;953.081166380789;Line 15;0;193.97257355026
-23.457388837;-46.627704901;771.2;11700;5.766380789022302;953.0663807890222;Line 15;0;193.97257355026
-23.45765096;-46.627779019;771.3;11670;5.751595197255577;953.0515951972556;Line 15;0;193.97257355026
-23.457913083;-46.627853139;772.1;11640;5.736809605488854;953.0368096054888;Line 15;0;193.97257355026
-23.458175206;-46.627927258;773.4;11610;5.72202401372213;953.0220240137221;Line 15;0;193.97257355026
-23.458437328;-46.628001378;774.2;11580;5.707238421955406;953.0072384219553;Line 15;0;193.97257355026
-23.458699451;-46.628075498;773.7;11550;5.6924528301886825;952.9924528301887;Line 15;0;193.97257355026
-23.458961574;-46.628149618;772.9;11520;5.677667238421958;952.9776672384219;Line 15;0;193.97257355026
-23.459223697;-46.628223739;771.9;11490;5.662881646655234;952.9628816466552;Line 15;0;193.97257355026
-23.459485819;-46.62829786;771.3;11460;5.648096054888511;952.9480960548884;Line 15;0;193.97257355026
-23.459747942;-46.628371982;770.8;11430;5.633310463121787;952.9333104631218;Line 15;0;193.97257355026
-23.460010064;-46.628446104;770.2;11400;5.6185248713550635;952.918524871355;Line 15;0;193.97257355026
-23.460272187;-46.628520226;770.4;11370;5.603739279588339;952.9037392795883;Line 15;0;193.97257355026
-23.460534309;-46.628594348;770.2;11340;5.588953687821615;952.8889536878215;Line 15;0;193.97257355026
-23.460796431;-46.628668471;769.5;11310;5.574168096054891;952.8741680960549;Line 15;0;193.97257355026
-23.461058554;-46.628742594;771.5;11280;5.559382504288168;952.8593825042881;Line 15;0;193.97257355026
-23.461320676;-46.628816717;773.4;11250;5.5445969125214445;952.8445969125214;Line 15;0;193.97257355026
-23.461582798;-46.628890841;774.4;11220;5.52981132075472;952.8298113207546;Line 15;0;193.97257355026
-23.46184492;-46.628964965;775.5;11190;5.515025728987996;952.815025728988;Line 15;0;193.97257355026
-23.462107042;-46.629039089;777.0;11160;5.500240137221272;952.8002401372212;Line 15;0;193.97257355026
-23.462369164;-46.629113214;779.0;11130;5.485454545454548;952.7854545454545;Line 15;0;193.97257355026
-23.462631286;-46.629187339;781.3;11100;5.470668953687824;952.7706689536877;Line 15;0;193.97257355026
-23.462893408;-46.629261464;784.3;11070;5.455883361921101;952.7558833619211;Line 15;0;193.97257355026
-23.463155529;-46.62933559;787.6;11040;5.441097770154377;952.7410977701543;Line 15;0;193.97257355026
-23.463417651;-46.629409716;791.4;11010;5.426312178387653;952.7263121783876;Line 15;0;193.97257355026
-23.463679773;-46.629483842;795.6;10980;5.411526586620929;952.7115265866208;Line 15;0;193.97257355026
-23.463941894;-46.629557969;800.3;10950;5.396740994854205;952.6967409948542;Line 15;0;193.97257355026
-23.464204016;-46.629632096;804.8;10920;5.381955403087481;952.6819554030874;Line 15;0;193.97257355026
-23.464466137;-46.629706223;805.4;10890;5.367169811320758;952.6671698113207;Line 15;0;193.97257355026
-23.464728259;-46.629780351;805.8;10860;5.352384219554034;952.6523842195539;Line 15;0;193.97257355026
-23.46499038;-46.629854479;805.9;10830;5.33759862778731;952.6375986277873;Line 15;0;193.97257355026
-23.465252501;-46.629928607;805.0;10800;5.322813036020586;952.6228130360205;Line 15;0;193.97257355026
-23.465514622;-46.630002736;804.3;10770;5.308027444253862;952.6080274442538;Line 15;0;193.97257355026
-23.465776744;-46.630076864;803.3;10740;5.293241852487138;952.593241852487;Line 15;0;193.97257355026
-23.466038865;-46.630150994;800.8;10710;5.278456260720414;952.5784562607204;Line 15;0;193.97257355026
-23.466300986;-46.630225123;797.8;10680;5.263670668953691;952.5636706689536;Line 15;0;193.97257355026
-23.466563107;-46.630299253;794.7;10650;5.248885077186967;952.5488850771869;Line 15;0;193.97257355026
-23.466825228;-46.630373383;792.5;10620;5.234099485420243;952.5340994854201;Line 15;0;193.97257355026
-23.467087349;-46.630447514;791.2;10590;5.219313893653519;952.5193138936535;Line 15;0;193.97257355026
-23.467349469;-46.630521645;789.8;10560;5.2045283018867945;952.5045283018867;Line 15;0;193.97257355026
-23.46761159;-46.630595776;789.2;10530;5.189742710120071;952.48974271012;Line 15;0;193.97257355026
-23.467873711;-46.630669907;789.6;10500;5.174957118353348;952.4749571183534;Line 15;0;193.97257355026
-23.468135831;-46.630744039;789.8;10470;5.160171526586624;952.4601715265866;Line 15;0;193.97257355026
-23.468397952;-46.630818171;789.9;10440;5.1453859348199;952.4453859348199;Line 15;0;193.97257355026
-23.468660072;-46.630892304;789.8;10410;5.1306003430531755;952.4306003430531;Line 15;0;193.97257355026
-23.468922193;-46.630966437;789.5;10380;5.115814751286452;952.4158147512865;Line 15;0;193.97257355026
-23.469184313;-46.63104057;789.1;10350;5.101029159519728;952.4010291595197;Line 15;0;193.97257355026
-23.469446434;-46.631114703;787.0;10320;5.086243567753005;952.386243567753;Line 15;0;193.97257355026
-23.469708554;-46.631188837;784.6;10290;5.071457975986281;952.3714579759862;Line 15;0;193.97257355026
-23.469970674;-46.631262971;782.1;10260;5.0566723842195564;952.3566723842196;Line 15;0;193.97257355026
-23.470232794;-46.631337105;780.8;10230;5.041886792452833;952.3418867924528;Line 15;0;193.97257355026
-23.470494914;-46.63141124;779.7;10200;5.027101200686109;952.3271012006861;Line 15;0;193.97257355026
-23.470757034;-46.631485375;778.5;10170;5.012315608919385;952.3123156089193;Line 15;0;193.97257355026
-23.471019154;-46.631559511;778.1;10140;4.997530017152662;952.2975300171527;Line 15;0;193.97257355026
-23.471281274;-46.631633646;777.8;10110;4.982744425385937;952.2827444253859;Line 15;0;193.97257355026
-23.471543394;-46.631707782;777.4;10080;4.967958833619214;952.2679588336192;Line 15;0;193.97257355026
-23.471805514;-46.631781919;778.1;10050;4.95317324185249;952.2531732418524;Line 15;0;193.97257355026
-23.472067634;-46.631856055;780.1;10020;4.938387650085766;952.2383876500858;Line 15;0;193.97257355026
-23.472329753;-46.631930193;782.0;9990;4.923602058319042;952.223602058319;Line 15;0;193.97257355026
-23.472591873;-46.63200433;782.5;9960;4.9088164665523175;952.2088164665523;Line 15;0;193.97257355026
-23.472853992;-46.632078468;780.2;9930;4.894030874785595;952.1940308747855;Line 15;0;193.97257355026
-23.473116112;-46.632152606;777.3;9900;4.879245283018871;952.1792452830189;Line 15;0;193.97257355026
-23.473378231;-46.632226744;774.0;9870;4.864459691252146;952.1644596912521;Line 15;0;193.97257355026
-23.473640351;-46.632300882;771.2;9840;4.849674099485423;952.1496740994854;Line 15;0;193.97257355026
-23.47390247;-46.632375021;768.8;9810;4.8348885077186985;952.1348885077186;Line 15;0;193.97257355026
-23.474164589;-46.632449161;766.7;9780;4.820102915951975;952.120102915952;Line 15;0;193.97257355026
-23.474426708;-46.6325233;770.7;9750;4.805317324185252;952.1053173241852;Line 15;0;193.97257355026
-23.474688827;-46.63259744;775.2;9720;4.790531732418527;952.0905317324185;Line 15;0;193.97257355026
-23.474950946;-46.632671581;779.5;9690;4.775746140651804;952.0757461406517;Line 15;0;193.97257355026
-23.475213065;-46.632745721;782.8;9660;4.7609605488850795;952.0609605488851;Line 15;0;193.97257355026
-23.475475184;-46.632819862;785.7;9630;4.746174957118356;952.0461749571183;Line 15;0;193.97257355026
-23.475737303;-46.632894003;788.5;9600;4.731389365351632;952.0313893653516;Line 15;0;193.97257355026
-23.475999422;-46.632968145;789.6;9570;4.716603773584908;952.0166037735848;Line 15;0;193.97257355026
-23.476261541;-46.633042287;790.1;9540;4.701818181818185;952.0018181818182;Line 15;0;193.97257355026
-23.47652366;-46.633116429;790.9;9510;4.6870325900514604;951.9870325900514;Line 15;0;193.97257355026
-23.476785778;-46.633190572;791.3;9480;4.672246998284737;951.9722469982847;Line 15;0;193.97257355026
-23.477047897;-46.633264714;790.8;9450;4.657461406518013;951.957461406518;Line 15;0;193.97257355026
-23.477310015;-46.633338858;790.5;9420;4.642675814751288;951.9426758147513;Line 15;0;193.97257355026
-23.477572134;-46.633413001;790.0;9390;4.627890222984565;951.9278902229845;Line 15;0;193.97257355026
-23.477834252;-46.633487145;789.3;9360;4.613104631217841;951.9131046312178;Line 15;0;193.97257355026
-23.47809637;-46.633561289;788.2;9330;4.598319039451118;951.898319039451;Line 15;0;193.97257355026
-23.478358489;-46.633635434;786.6;9300;4.583533447684394;951.8835334476844;Line 15;0;193.97257355026
-23.478620607;-46.633709578;783.8;9270;4.568747855917669;951.8687478559176;Line 15;0;193.97257355026
-23.478882725;-46.633783724;780.7;9240;4.553962264150946;951.8539622641509;Line 15;0;193.97257355026
-23.479144843;-46.633857869;777.5;9210;4.5391766723842215;951.8391766723842;Line 15;0;193.97257355026
-23.479406961;-46.633932015;775.5;9180;4.524391080617498;951.8243910806175;Line 15;0;193.97257355026
-23.479669079;-46.634006161;773.7;9150;4.509605488850775;951.8096054888507;Line 15;0;193.97257355026
-23.479931197;-46.634080307;772.0;9120;4.49481989708405;951.794819897084;Line 15;0;193.97257355026
-23.480193315;-46.634154454;771.1;9090;4.480034305317327;951.7800343053173;Line 15;0;193.97257355026
-23.480455433;-46.634228601;769.9;9060;4.4652487135506025;951.7652487135506;Line 15;0;193.97257355026
-23.480717551;-46.634302749;768.4;9030;4.450463121783878;951.7504631217838;Line 15;0;193.97257355026
-23.480979668;-46.634376896;766.1;9000;4.435677530017156;951.7356775300171;Line 15;0;193.97257355026
-23.481241786;-46.634451044;763.3;8970;4.420891938250431;951.7208919382504;Line 15;0;193.97257355026
-23.481503903;-46.634525193;760.7;8940;4.406106346483708;951.7061063464837;Line 15;0;193.97257355026
-23.481766021;-46.634599342;757.6;8910;4.3913207547169835;951.6913207547169;Line 15;0;193.97257355026
-23.482028138;-46.634673491;753.9;8880;4.376535162950259;951.6765351629502;Line 15;0;193.97257355026
-23.482290256;-46.63474764;751.0;8850;4.361749571183536;951.6617495711835;Line 15;0;193.97257355026
-23.482552373;-46.63482179;749.0;8820;4.346963979416811;951.6469639794168;Line 15;0;193.97257355026
-23.48281449;-46.63489594;747.6;8790;4.332178387650089;951.63217838765;Line 15;0;193.97257355026
-23.483076607;-46.63497009;745.9;8760;4.317392795883364;951.6173927958833;Line 15;0;193.97257355026
-23.483338725;-46.635044241;744.2;8730;4.30260720411664;951.6026072041166;Line 15;0;193.97257355026
-23.483600842;-46.635118392;744.4;8700;4.287821612349917;951.5878216123499;Line 15;0;193.97257355026
-23.483862959;-46.635192543;744.3;8670;4.273036020583192;951.5730360205831;Line 15;0;193.97257355026
-23.484125076;-46.635266695;744.1;8640;4.258250428816469;951.5582504288165;Line 15;0;193.97257355026
-23.484387193;-46.635340847;745.0;8610;4.243464837049745;951.5434648370497;Line 15;0;193.97257355026
-23.484649309;-46.635414999;746.0;8580;4.228679245283021;951.528679245283;Line 15;0;193.97257355026
-23.484911426;-46.635489151;746.9;8550;4.213893653516298;951.5138936535162;Line 15;0;193.97257355026
-23.485173543;-46.635563304;749.0;8520;4.199108061749573;951.4991080617496;Line 15;0;193.97257355026
-23.48543566;-46.635637458;751.7;8490;4.184322469982849;951.4843224699828;Line 15;0;193.97257355026
-23.485697776;-46.635711611;754.2;8460;4.1695368782161255;951.4695368782161;Line 15;0;193.97257355026
-23.485959893;-46.635785765;756.1;8430;4.154751286449402;951.4547512864493;Line 15;0;193.97257355026
-23.486222009;-46.635859919;757.4;8400;4.139965694682679;951.4399656946827;Line 15;0;193.97257355026
-23.486484126;-46.635934074;759.3;8370;4.125180102915954;951.4251801029159;Line 15;0;193.97257355026
-23.486746242;-46.636008229;761.4;8340;4.11039451114923;951.4103945111492;Line 15;0;193.97257355026
-23.487008358;-46.636082384;763.8;8310;4.0956089193825065;951.3956089193824;Line 15;0;193.97257355026
-23.487270474;-46.63615654;766.2;8280;4.080823327615782;951.3808233276158;Line 15;0;193.97257355026
-23.487532591;-46.636230695;768.5;8250;4.066037735849059;951.366037735849;Line 15;0;193.97257355026
-23.487794707;-46.636304852;770.2;8220;4.051252144082335;951.3512521440823;Line 15;0;193.97257355026
-23.488056823;-46.636379008;771.7;8190;4.036466552315611;951.3364665523155;Line 15;0;193.97257355026
-23.488318939;-46.636453165;773.2;8160;4.0216809605488875;951.3216809605489;Line 15;0;193.97257355026
-23.488581055;-46.636527322;775.0;8130;4.006895368782163;951.3068953687821;Line 15;0;193.97257355026
-23.488843171;-46.63660148;776.5;8100;3.9921097770154397;951.2921097770154;Line 15;0;193.97257355026
-23.489105286;-46.636675637;777.6;8070;3.977324185248716;951.2773241852486;Line 15;0;193.97257355026
-23.489367402;-46.636749796;778.1;8040;3.9625385934819914;951.262538593482;Line 15;0;193.97257355026
-23.489629518;-46.636823954;778.3;8010;3.947753001715268;951.2477530017152;Line 15;0;193.97257355026
-23.489891633;-46.636898113;778.5;7980;3.932967409948544;951.2329674099485;Line 15;0;193.97257355026
-23.490153749;-46.636972272;778.8;7950;3.9181818181818198;951.2181818181817;Line 15;0;193.97257355026
-23.490415865;-46.637046431;779.2;7920;3.9033962264150963;951.2033962264151;Line 15;0;193.97257355026
-23.49067798;-46.637120591;779.3;7890;3.8886106346483724;951.1886106346483;Line 15;0;193.97257355026
-23.490940095;-46.637194751;778.8;7860;3.873825042881649;951.1738250428816;Line 15;0;193.97257355026
-23.491202211;-46.637268912;777.7;7830;3.8590394511149246;951.1590394511148;Line 15;0;193.97257355026
-23.491464326;-46.637343072;776.6;7800;3.8442538593482007;951.1442538593482;Line 15;0;193.97257355026
-23.491726441;-46.637417234;774.9;7770;3.8294682675814773;951.1294682675814;Line 15;0;193.97257355026
-23.491988556;-46.637491395;771.8;7740;3.814682675814753;951.1146826758147;Line 15;0;193.97257355026
-23.492250671;-46.637565557;769.5;7710;3.79989708404803;951.0998970840479;Line 15;0;193.97257355026
-23.492512786;-46.637639719;768.1;7680;3.7851114922813056;951.0851114922813;Line 15;0;193.97257355026
-23.492774901;-46.637713881;769.2;7650;3.7703259005145813;951.0703259005145;Line 15;0;193.97257355026
-23.493037016;-46.637788044;770.6;7620;3.7555403087478583;951.0555403087478;Line 15;0;193.97257355026
-23.493299131;-46.637862207;772.1;7590;3.740754716981134;951.040754716981;Line 15;0;193.97257355026
-23.493561246;-46.63793637;773.4;7560;3.72596912521441;951.0259691252144;Line 15;0;193.97257355026
-23.493823361;-46.638010534;774.2;7530;3.7111835334476866;951.0111835334476;Line 15;0;193.97257355026
-23.494085475;-46.638084698;774.7;7500;3.6963979416809627;950.9963979416809;Line 15;0;193.97257355026
-23.49434759;-46.638158862;774.0;7470;3.6816123499142384;950.9816123499141;Line 15;0;193.97257355026
-23.494609705;-46.638233027;772.6;7440;3.666826758147515;950.9668267581475;Line 15;0;193.97257355026
-23.494871819;-46.638307192;770.8;7410;3.652041166380791;950.9520411663807;Line 15;0;193.97257355026
-23.495133933;-46.638381357;771.0;7380;3.637255574614067;950.937255574614;Line 15;0;193.97257355026
-23.495396048;-46.638455523;773.0;7350;3.6224699828473432;950.9224699828472;Line 15;0;193.97257355026
-23.495658162;-46.638529689;775.4;7320;3.6076843910806193;950.9076843910806;Line 15;0;193.97257355026
-23.495920276;-46.638603855;778.7;7290;3.5928987993138954;950.8928987993138;Line 15;0;193.97257355026
-23.496182391;-46.638678021;783.4;7260;3.5781132075471715;950.8781132075471;Line 15;0;193.97257355026
-23.496444505;-46.638752188;788.0;7230;3.563327615780448;950.8633276157803;Line 15;0;193.97257355026
-23.496706619;-46.638826356;792.0;7200;3.5485420240137238;950.8485420240137;Line 15;0;193.97257355026
-23.496968733;-46.638900523;792.5;7170;3.533756432247;950.8337564322469;Line 15;0;193.97257355026
-23.497230847;-46.638974691;793.2;7140;3.5189708404802764;950.8189708404802;Line 15;0;193.97257355026
-23.497492961;-46.639048859;794.0;7110;3.5041852487135525;950.8041852487135;Line 15;0;193.97257355026
-23.497755074;-46.639123028;792.5;7080;3.4893996569468286;950.7893996569468;Line 15;0;193.97257355026
-23.498017188;-46.639197197;790.6;7050;3.4746140651801047;950.77461406518;Line 15;0;193.97257355026
-23.498279302;-46.639271366;788.5;7020;3.459828473413381;950.7598284734133;Line 15;0;193.97257355026
-23.498541416;-46.639345535;786.6;6990;3.445042881646657;950.7450428816467;Line 15;0;193.97257355026
-23.498803529;-46.639419705;784.7;6960;3.4302572898799335;950.7302572898799;Line 15;0;193.97257355026
-23.499065643;-46.639493875;782.9;6930;3.4154716981132096;950.7154716981132;Line 15;0;193.97257355026
-23.499327756;-46.639568046;780.3;6900;3.4006861063464853;950.7006861063464;Line 15;0;193.97257355026
-23.49958987;-46.639642217;777.1;6870;3.385900514579762;950.6859005145798;Line 15;0;193.97257355026
-23.499851983;-46.639716388;773.7;6840;3.371114922813038;950.671114922813;Line 15;0;193.97257355026
-23.500114096;-46.639790559;769.9;6810;3.356329331046314;950.6563293310463;Line 15;0;193.97257355026
-23.500376209;-46.639864731;765.9;6780;3.3415437392795897;950.6415437392795;Line 15;0;193.97257355026
-23.500638323;-46.639938903;761.9;6750;3.3267581475128662;950.6267581475129;Line 15;0;193.97257355026
-23.500900436;-46.640013076;758.5;6720;3.3119725557461424;950.6119725557461;Line 15;0;193.97257355026
-23.501162549;-46.640087249;756.4;6690;3.2971869639794185;950.5971869639794;Line 15;0;193.97257355026
-23.501424662;-46.640161422;753.8;6660;3.282401372212695;950.5824013722126;Line 15;0;193.97257355026
-23.501686775;-46.640235595;750.7;6630;3.2676157804459707;950.567615780446;Line 15;0;193.97257355026
-23.501948888;-46.640309769;746.5;6600;3.252830188679247;950.5528301886792;Line 15;0;193.97257355026
-23.502211;-46.640383943;742.7;6570;3.2380445969125233;950.5380445969125;Line 15;0;193.97257355026
-23.502473113;-46.640458117;739.1;6540;3.2232590051457994;950.5232590051457;Line 15;0;193.97257355026
-23.502735226;-46.640532292;738.1;6510;3.208473413379075;950.5084734133791;Line 15;0;193.97257355026
-23.502997338;-46.640606467;737.1;6480;3.1936878216123517;950.4936878216123;Line 15;0;193.97257355026
-23.503259451;-46.640680643;736.0;6450;3.1789022298456278;950.4789022298456;Line 15;0;193.97257355026
-23.503521563;-46.640754818;735.8;6420;3.164116638078904;950.4641166380788;Line 15;0;193.97257355026
-23.503783676;-46.640828994;736.0;6390;3.1493310463121804;950.4493310463122;Line 15;0;193.97257355026
-23.504045788;-46.640903171;736.5;6360;3.134545454545456;950.4345454545454;Line 15;0;193.97257355026
-23.504307901;-46.640977347;736.5;6330;3.119759862778732;950.4197598627787;Line 15;0;193.97257355026
-23.504570013;-46.641051524;736.1;6300;3.1049742710120087;950.404974271012;Line 15;0;193.97257355026
-23.504832125;-46.641125702;735.7;6270;3.090188679245285;950.3901886792453;Line 15;0;193.97257355026
-23.505094237;-46.641199879;735.1;6240;3.075403087478561;950.3754030874785;Line 15;0;193.97257355026
-23.505356349;-46.641274057;734.0;6210;3.0606174957118366;950.3606174957118;Line 15;0;193.97257355026
-23.505618461;-46.641348236;732.6;6180;3.045831903945113;950.345831903945;Line 15;0;193.97257355026
-23.505880573;-46.641422414;731.3;6150;3.0310463121783893;950.3310463121784;Line 15;0;193.97257355026
-23.506142685;-46.641496593;731.1;6120;3.0162607204116654;950.3162607204116;Line 15;0;193.97257355026
-23.506404797;-46.641570773;731.0;6090;3.0014751286449415;950.3014751286449;Line 15;0;193.97257355026
-23.506666909;-46.641644952;730.9;6060;2.9866895368782176;950.2866895368782;Line 15;0;193.97257355026
-23.50692902;-46.641719132;729.1;6030;2.9719039451114937;950.2719039451115;Line 15;0;193.97257355026
-23.507191132;-46.641793312;727.2;6000;2.9571183533447702;950.2571183533447;Line 15;0;193.97257355026
-23.507453244;-46.641867493;725.3;5970;2.9423327615780464;950.242332761578;Line 15;0;193.97257355026
-23.507715355;-46.641941674;724.0;5940;2.927547169811322;950.2275471698113;Line 15;0;193.97257355026
-23.507977467;-46.642015855;722.9;5910;2.9127615780445986;950.2127615780446;Line 15;0;193.97257355026
-23.508239578;-46.642090037;721.9;5880;2.8979759862778747;950.1979759862778;Line 15;0;193.97257355026
-23.50850169;-46.642164219;722.8;5850;2.883190394511151;950.1831903945111;Line 15;0;193.97257355026
-23.508763801;-46.642238401;724.6;5820;2.868404802744427;950.1684048027444;Line 15;0;193.97257355026
-23.509025912;-46.642312583;726.5;5790;2.853619210977703;950.1536192109777;Line 15;0;193.97257355026
-23.509288023;-46.642386766;727.3;5760;2.838833619210979;950.1388336192109;Line 15;0;193.97257355026
-23.509550134;-46.642460949;727.0;5730;2.8240480274442556;950.1240480274442;Line 15;0;193.97257355026
-23.509812245;-46.642535133;726.6;5700;2.8092624356775318;950.1092624356775;Line 15;0;193.97257355026
-23.510074356;-46.642609317;726.5;5670;2.7944768439108074;950.0944768439108;Line 15;0;193.97257355026
-23.510336467;-46.642683501;726.8;5640;2.779691252144084;950.079691252144;Line 15;0;193.97257355026
-23.510598578;-46.642757685;727.0;5610;2.76490566037736;950.0649056603773;Line 15;0;193.97257355026
-23.510860689;-46.64283187;727.2;5580;2.750120068610636;950.0501200686106;Line 15;0;193.97257355026
-23.5111228;-46.642906055;727.8;5550;2.735334476843912;950.0353344768439;Line 15;0;193.97257355026
-23.51138491;-46.642980241;728.2;5520;2.7205488850771884;950.0205488850771;Line 15;0;193.97257355026
-23.511647021;-46.643054427;728.3;5490;2.7057632933104645;950.0057632933105;Line 15;0;193.97257355026
-23.511909132;-46.643128613;727.6;5460;2.6909777015437406;949.9909777015437;Line 15;0;193.97257355026
-23.512171242;-46.643202799;726.9;5430;2.676192109777017;949.976192109777;Line 15;0;193.97257355026
-23.512433353;-46.643276986;726.2;5400;2.661406518010293;949.9614065180102;Line 15;0;193.97257355026
-23.512695463;-46.643351173;726.0;5370;2.646620926243569;949.9466209262436;Line 15;0;193.97257355026
-23.512957573;-46.643425361;726.2;5340;2.6318353344768455;949.9318353344768;Line 15;0;193.97257355026
-23.513219684;-46.643499548;726.2;5310;2.6170497427101216;949.9170497427101;Line 15;0;193.97257355026
-23.513481794;-46.643573736;726.2;5280;2.6022641509433972;949.9022641509433;Line 15;0;193.97257355026
-23.513743904;-46.643647925;726.1;5250;2.587478559176674;949.8874785591767;Line 15;0;193.97257355026
-23.514006014;-46.643722114;726.0;5220;2.57269296740995;949.8726929674099;Line 15;0;193.97257355026
-23.514268124;-46.643796303;726.1;5190;2.557907375643226;949.8579073756432;Line 15;0;193.97257355026
-23.514530234;-46.643870492;726.2;5160;2.5431217838765026;949.8431217838764;Line 15;0;193.97257355026
-23.514792344;-46.643944682;726.1;5130;2.5283361921097782;949.8283361921098;Line 15;0;193.97257355026
-23.515054454;-46.644018872;726.0;5100;2.5135506003430543;949.813550600343;Line 15;0;193.97257355026
-23.515316564;-46.644093062;725.9;5070;2.498765008576331;949.7987650085763;Line 15;0;193.97257355026
-23.515578673;-46.644167253;726.0;5040;2.483979416809607;949.7839794168095;Line 15;0;193.97257355026
-23.515840783;-46.644241444;725.9;5010;2.469193825042883;949.7691938250429;Line 15;0;193.97257355026
-23.516102893;-46.644315635;726.5;4980;2.4544082332761588;949.7544082332761;Line 15;0;193.97257355026
-23.516365002;-46.644389827;727.6;4950;2.4396226415094353;949.7396226415094;Line 15;0;193.97257355026
-23.516627112;-46.644464019;729.0;4920;2.4248370497427114;949.7248370497426;Line 15;0;193.97257355026
-23.516889221;-46.644538211;728.2;4890;2.4100514579759875;949.710051457976;Line 15;0;193.97257355026
-23.51715133;-46.644612404;727.0;4860;2.3952658662092636;949.6952658662092;Line 15;0;193.97257355026
-23.51741344;-46.644686597;725.5;4830;2.3804802744425397;949.6804802744425;Line 15;0;193.97257355026
-23.517675549;-46.64476079;725.1;4800;2.365694682675816;949.6656946826757;Line 15;0;193.97257355026
-23.517937658;-46.644834984;725.3;4770;2.3509090909090924;949.6509090909091;Line 15;0;193.97257355026
-23.518199767;-46.644909178;725.6;4740;2.3361234991423685;949.6361234991423;Line 15;0;193.97257355026
-23.518461876;-46.644983372;726.2;4710;2.321337907375644;949.6213379073756;Line 15;0;193.97257355026
-23.518723985;-46.645057567;726.9;4680;2.3065523156089207;949.6065523156088;Line 15;0;193.97257355026
-23.518986094;-46.645131761;727.5;4650;2.291766723842197;949.5917667238422;Line 15;0;193.97257355026
-23.519248203;-46.645205957;728.0;4620;2.276981132075473;949.5769811320754;Line 15;0;193.97257355026
-23.519510312;-46.645280152;728.0;4590;2.262195540308749;949.5621955403087;Line 15;0;193.97257355026
-23.519772421;-46.645354348;728.0;4560;2.247409948542025;949.5474099485419;Line 15;0;193.97257355026
-23.52003453;-46.645428544;728.1;4530;2.2326243567753012;949.5326243567753;Line 15;0;193.97257355026
-23.520296638;-46.645502741;729.4;4500;2.217838765008578;949.5178387650085;Line 15;0;193.97257355026
-23.520558747;-46.645576938;731.0;4470;2.203053173241854;949.5030531732418;Line 15;0;193.97257355026
-23.520820855;-46.645651135;732.8;4440;2.1882675814751296;949.488267581475;Line 15;0;193.97257355026
-23.521082964;-46.645725333;733.1;4410;2.1734819897084057;949.4734819897084;Line 15;0;193.97257355026
-23.521345072;-46.64579953;733.2;4380;2.158696397941682;949.4586963979416;Line 15;0;193.97257355026
-23.521607181;-46.645873729;732.9;4350;2.1439108061749583;949.4439108061749;Line 15;0;193.97257355026
-23.521869289;-46.645947927;731.4;4320;2.1291252144082344;949.4291252144081;Line 15;0;193.97257355026
-23.522131397;-46.646022126;729.7;4290;2.1143396226415105;949.4143396226415;Line 15;0;193.97257355026
-23.522393505;-46.646096325;728.0;4260;2.0995540308747866;949.3995540308747;Line 15;0;193.97257355026
-23.522655613;-46.646170525;727.2;4230;2.0847684391080628;949.384768439108;Line 15;0;193.97257355026
-23.522917721;-46.646244724;727.3;4200;2.0699828473413393;949.3699828473412;Line 15;0;193.97257355026
-23.523179829;-46.646318925;727.4;4170;2.055197255574615;949.3551972555746;Line 15;0;193.97257355026
-23.523441937;-46.646393125;727.6;4140;2.040411663807891;949.3404116638078;Line 15;0;193.97257355026
-23.523704045;-46.646467326;727.4;4110;2.0256260720411676;949.3256260720411;Line 15;0;193.97257355026
-23.523966153;-46.646541527;727.2;4080;2.0108404802744437;949.3108404802744;Line 15;0;193.97257355026
-23.524228261;-46.646615728;727.0;4050;1.9960548885077198;949.2960548885077;Line 15;0;193.97257355026
-23.524490368;-46.64668993;727.0;4020;1.9812692967409957;949.2812692967409;Line 15;0;193.97257355026
-23.524752476;-46.646764132;727.0;3990;1.966483704974272;949.2664837049742;Line 15;0;193.97257355026
-23.525014583;-46.646838335;727.0;3960;1.9516981132075482;949.2516981132075;Line 15;0;193.97257355026
-23.525276691;-46.646912537;727.8;3930;1.9369125214408245;949.2369125214408;Line 15;0;193.97257355026
-23.525538798;-46.646986741;728.4;3900;1.9221269296741004;949.222126929674;Line 15;0;193.97257355026
-23.525800906;-46.647060944;729.0;3870;1.9073413379073765;949.2073413379073;Line 15;0;193.97257355026
-23.526063013;-46.647135148;729.1;3840;1.8925557461406528;949.1925557461406;Line 15;0;193.97257355026
-23.52632512;-46.647209352;729.1;3810;1.8777701543739291;949.1777701543739;Line 15;0;193.97257355026
-23.526587228;-46.647283556;729.0;3780;1.862984562607205;949.1629845626071;Line 15;0;193.97257355026
-23.526849335;-46.647357761;729.7;3750;1.8481989708404813;949.1481989708404;Line 15;0;193.97257355026
-23.527111442;-46.647431966;730.9;3720;1.8334133790737575;949.1334133790737;Line 15;0;193.97257355026
-23.527373549;-46.647506171;732.2;3690;1.8186277873070336;949.118627787307;Line 15;0;193.97257355026
-23.527635656;-46.647580377;733.4;3660;1.8038421955403097;949.1038421955402;Line 15;0;193.97257355026
-23.527897763;-46.647654583;734.3;3630;1.7890566037735858;949.0890566037735;Line 15;0;193.97257355026
-23.528159869;-46.647728789;735.0;3600;1.7742710120068619;949.0742710120068;Line 15;0;193.97257355026
-23.528421976;-46.647802996;736.6;3570;1.7594854202401382;949.0594854202401;Line 15;0;193.97257355026
-23.528684083;-46.647877203;740.1;3540;1.7446998284734143;949.0446998284733;Line 15;0;193.97257355026
-23.52894619;-46.64795141;743.3;3510;1.7299142367066904;949.0299142367066;Line 15;0;193.97257355026
-23.529208296;-46.648025618;745.6;3480;1.7151286449399668;949.01512864494;Line 15;0;193.97257355026
-23.529470403;-46.648099826;745.4;3450;1.7003430531732426;949.0003430531732;Line 15;0;193.97257355026
-23.529732509;-46.648174034;745.5;3420;1.685557461406519;948.9855574614065;Line 15;0;193.97257355026
-23.529994616;-46.648248243;745.8;3390;1.6707718696397948;948.9707718696397;Line 15;0;193.97257355026
-23.530256722;-46.648322452;745.7;3360;1.6559862778730712;948.9559862778731;Line 15;0;193.97257355026
-23.530518828;-46.648396661;745.9;3330;1.6412006861063475;948.9412006861063;Line 15;0;193.97257355026
-23.530780934;-46.648470871;745.8;3300;1.6264150943396234;948.9264150943396;Line 15;0;193.97257355026
-23.531043041;-46.64854508;745.2;3270;1.6116295025728997;948.9116295025729;Line 15;0;193.97257355026
-23.531305147;-46.648619291;744.8;3240;1.5968439108061758;948.8968439108062;Line 15;0;193.97257355026
-23.531567253;-46.648693501;744.6;3210;1.582058319039452;948.8820583190394;Line 15;0;193.97257355026
-23.531829359;-46.648767712;744.5;3180;1.567272727272728;948.8672727272727;Line 15;0;193.97257355026
-23.532091465;-46.648841923;744.3;3150;1.5524871355060044;948.852487135506;Line 15;0;193.97257355026
-23.532353571;-46.648916135;743.8;3120;1.5377015437392805;948.8377015437393;Line 15;0;193.97257355026
-23.532615676;-46.648990347;742.9;3090;1.5229159519725566;948.8229159519725;Line 15;0;193.97257355026
-23.532877782;-46.649064559;741.4;3060;1.5081303602058327;948.8081303602058;Line 15;0;193.97257355026
-23.533139888;-46.649138772;739.9;3030;1.4933447684391088;948.793344768439;Line 15;0;193.97257355026
-23.533401993;-46.649212984;739.2;3000;1.4785591766723851;948.7785591766724;Line 15;0;193.97257355026
-23.533664099;-46.649287198;739.6;2970;1.463773584905661;948.7637735849056;Line 15;0;193.97257355026
-23.533926205;-46.649361411;739.9;2940;1.4489879931389373;948.7489879931389;Line 15;0;193.97257355026
-23.53418831;-46.649435625;740.3;2910;1.4342024013722134;948.7342024013722;Line 15;0;193.97257355026
-23.534450415;-46.649509839;741.2;2880;1.4194168096054895;948.7194168096055;Line 15;0;193.97257355026
-23.534712521;-46.649584054;742.0;2850;1.4046312178387659;948.7046312178387;Line 15;0;193.97257355026
-23.534974626;-46.649658268;742.7;2820;1.389845626072042;948.689845626072;Line 15;0;193.97257355026
-23.535236731;-46.649732484;743.5;2790;1.375060034305318;948.6750600343053;Line 15;0;193.97257355026
-23.535498836;-46.649806699;744.4;2760;1.3602744425385942;948.6602744425386;Line 15;0;193.97257355026
-23.535760941;-46.649880915;745.3;2730;1.3454888507718703;948.6454888507718;Line 15;0;193.97257355026
-23.536023046;-46.649955131;746.5;2700;1.3307032590051464;948.6307032590051;Line 15;0;193.97257355026
-23.536285151;-46.650029347;747.8;2670;1.3159176672384227;948.6159176672384;Line 15;0;193.97257355026
-23.536547256;-46.650103564;749.2;2640;1.3011320754716986;948.6011320754717;Line 15;0;193.97257355026
-23.536809361;-46.650177781;750.9;2610;1.286346483704975;948.5863464837049;Line 15;0;193.97257355026
-23.537071466;-46.650251999;752.6;2580;1.2715608919382513;948.5715608919382;Line 15;0;193.97257355026
-23.537333571;-46.650326216;754.3;2550;1.2567753001715272;948.5567753001715;Line 15;0;193.97257355026
-23.537595675;-46.650400435;755.3;2520;1.2419897084048035;948.5419897084048;Line 15;0;193.97257355026
-23.53785778;-46.650474653;755.0;2490;1.2272041166380794;948.527204116638;Line 15;0;193.97257355026
-23.538119884;-46.650548872;754.5;2460;1.2124185248713557;948.5124185248714;Line 15;0;193.97257355026
-23.538381989;-46.650623091;754.2;2430;1.1976329331046318;948.4976329331046;Line 15;0;193.97257355026
-23.538644093;-46.65069731;755.2;2400;1.182847341337908;948.4828473413379;Line 15;0;193.97257355026
-23.538906198;-46.65077153;756.1;2370;1.1680617495711842;948.4680617495711;Line 15;0;193.97257355026
-23.539168302;-46.65084575;757.1;2340;1.1532761578044604;948.4532761578045;Line 15;0;193.97257355026
-23.539430406;-46.65091997;758.0;2310;1.1384905660377365;948.4384905660377;Line 15;0;193.97257355026
-23.53969251;-46.650994191;758.7;2280;1.1237049742710126;948.423704974271;Line 15;0;193.97257355026
-23.539954614;-46.651068412;759.2;2250;1.108919382504289;948.4089193825042;Line 15;0;193.97257355026
-23.540216719;-46.651142633;760.1;2220;1.0941337907375648;948.3941337907376;Line 15;0;193.97257355026
-23.540478823;-46.651216855;760.7;2190;1.079348198970841;948.3793481989708;Line 15;0;193.97257355026
-23.540740926;-46.651291077;761.1;2160;1.0645626072041172;948.3645626072041;Line 15;0;193.97257355026
-23.54100303;-46.651365299;762.7;2130;1.0497770154373933;948.3497770154373;Line 15;0;193.97257355026
-23.541265134;-46.651439522;765.6;2100;1.0349914236706697;948.3349914236707;Line 15;0;193.97257355026
-23.541527238;-46.651513745;768.8;2070;1.0202058319039455;948.3202058319039;Line 15;0;193.97257355026
-23.541789342;-46.651587968;771.2;2040;1.0054202401372219;948.3054202401372;Line 15;0;193.97257355026
-23.542051445;-46.651662192;772.4;2010;0.9906346483704979;948.2906346483704;Line 15;0;193.97257355026
-23.542313549;-46.651736416;773.8;1980;0.9758490566037741;948.2758490566038;Line 15;0;193.97257355026
-23.542575652;-46.65181064;775.7;1950;0.9610634648370502;948.261063464837;Line 15;0;193.97257355026
-23.542837756;-46.651884865;778.2;1920;0.9462778730703264;948.2462778730703;Line 15;0;193.97257355026
-23.543099859;-46.65195909;781.1;1890;0.9314922813036025;948.2314922813035;Line 15;0;193.97257355026
-23.543361962;-46.652033315;784.3;1860;0.9167066895368787;948.2167066895369;Line 15;0;193.97257355026
-23.543624066;-46.65210754;786.7;1830;0.9019210977701548;948.2019210977701;Line 15;0;193.97257355026
-23.543886169;-46.652181766;788.7;1800;0.8871355060034309;948.1871355060034;Line 15;0;193.97257355026
-23.544148272;-46.652255993;790.2;1770;0.8723499142367072;948.1723499142366;Line 15;0;193.97257355026
-23.544410375;-46.652330219;791.1;1740;0.8575643224699834;948.15756432247;Line 15;0;193.97257355026
-23.544672478;-46.652404446;792.2;1710;0.8427787307032595;948.1427787307032;Line 15;0;193.97257355026
-23.544934581;-46.652478673;793.6;1680;0.8279931389365356;948.1279931389365;Line 15;0;193.97257355026
-23.545196684;-46.652552901;795.2;1650;0.8132075471698117;948.1132075471697;Line 15;0;193.97257355026
-23.545458787;-46.652627129;796.6;1620;0.7984219554030879;948.0984219554031;Line 15;0;193.97257355026
-23.54572089;-46.652701357;797.8;1590;0.783636363636364;948.0836363636363;Line 15;0;193.97257355026
-23.545982992;-46.652775585;796.7;1560;0.7688507718696402;948.0688507718696;Line 15;0;193.97257355026
-23.546245095;-46.652849814;794.7;1530;0.7540651801029163;948.0540651801028;Line 15;0;193.97257355026
-23.546507198;-46.652924043;793.1;1500;0.7392795883361926;948.0392795883362;Line 15;0;193.97257355026
-23.5467693;-46.652998273;792.5;1470;0.7244939965694687;948.0244939965694;Line 15;0;193.97257355026
-23.547031403;-46.653072503;793.2;1440;0.7097084048027448;948.0097084048027;Line 15;0;193.97257355026
-23.547293505;-46.653146733;794.1;1410;0.694922813036021;947.9949228130359;Line 15;0;193.97257355026
-23.547555608;-46.653220963;795.3;1380;0.6801372212692971;947.9801372212693;Line 15;0;193.97257355026
-23.54781771;-46.653295194;796.1;1350;0.6653516295025732;947.9653516295025;Line 15;0;193.97257355026
-23.548079812;-46.653369425;796.5;1320;0.6505660377358493;947.9505660377358;Line 15;0;193.97257355026
-23.548341914;-46.653443657;796.7;1290;0.6357804459691256;947.935780445969;Line 15;0;193.97257355026
-23.548604016;-46.653517889;798.6;1260;0.6209948542024017;947.9209948542024;Line 15;0;193.97257355026
-23.548866118;-46.653592121;800.2;1230;0.6062092624356779;947.9062092624356;Line 15;0;193.97257355026
-23.54912822;-46.653666353;801.4;1200;0.591423670668954;947.8914236706689;Line 15;0;193.97257355026
-23.549390322;-46.653740586;801.1;1170;0.5766380789022302;947.8766380789021;Line 15;0;193.97257355026
-23.549652424;-46.653814819;800.8;1140;0.5618524871355063;947.8618524871355;Line 15;0;193.97257355026
-23.549914526;-46.653889052;800.7;1110;0.5470668953687824;947.8470668953687;Line 15;0;193.97257355026
-23.550176628;-46.653963286;801.8;1080;0.5322813036020586;947.832281303602;Line 15;0;193.97257355026
-23.55043873;-46.65403752;803.2;1050;0.5174957118353348;947.8174957118352;Line 15;0;193.97257355026
-23.550700831;-46.654111755;804.4;1020;0.5027101200686109;947.8027101200686;Line 15;0;193.97257355026
-23.550962933;-46.654185989;805.8;990;0.48792452830188704;947.7879245283018;Line 15;0;193.97257355026
-23.551225034;-46.654260224;807.6;960;0.4731389365351632;947.7731389365351;Line 15;0;193.97257355026
-23.551487136;-46.65433446;809.6;930;0.45835334476843936;947.7583533447684;Line 15;0;193.97257355026
-23.551749237;-46.654408696;810.7;900;0.44356775300171547;947.7435677530017;Line 15;0;193.97257355026
-23.552011338;-46.654482932;809.5;870;0.4287821612349917;947.7287821612349;Line 15;0;193.97257355026
-23.55227344;-46.654557168;809.0;840;0.4139965694682678;947.7139965694682;Line 15;0;193.97257355026
-23.552535541;-46.654631405;809.0;810;0.39921097770154396;947.6992109777015;Line 15;0;193.97257355026
-23.552797642;-46.654705642;808.1;780;0.3844253859348201;947.6844253859348;Line 15;0;193.97257355026
-23.553059743;-46.654779879;806.9;750;0.3696397941680963;947.669639794168;Line 15;0;193.97257355026
-23.553321844;-46.654854117;805.5;720;0.3548542024013724;947.6548542024013;Line 15;0;193.97257355026
-23.553583945;-46.654928355;808.0;690;0.34006861063464855;947.6400686106346;Line 15;0;193.97257355026
-23.553846046;-46.655002593;810.7;660;0.32528301886792466;947.6252830188679;Line 15;0;193.97257355026
-23.554108147;-46.655076832;812.4;630;0.3104974271012009;947.6104974271011;Line 15;0;193.97257355026
-23.554370248;-46.655151071;811.3;600;0.295711835334477;947.5957118353344;Line 15;0;193.97257355026
-23.554632348;-46.65522531;809.7;570;0.28092624356775314;947.5809262435677;Line 15;0;193.97257355026
-23.554894449;-46.65529955;808.6;540;0.2661406518010293;947.566140651801;Line 15;0;193.97257355026
-23.55515655;-46.655373789;808.8;510;0.25135506003430547;947.5513550600342;Line 15;0;193.97257355026
-23.55541865;-46.65544803;810.3;480;0.2365694682675816;947.5365694682675;Line 15;0;193.97257355026
-23.555680751;-46.65552227;812.4;450;0.22178387650085774;947.5217838765008;Line 15;0;193.97257355026
-23.555942851;-46.655596511;814.8;420;0.2069982847341339;947.5069982847341;Line 15;0;193.97257355026
-23.556204952;-46.655670753;817.2;390;0.19221269296741006;947.4922126929673;Line 15;0;193.97257355026
-23.556467052;-46.655744994;819.7;360;0.1774271012006862;947.4774271012006;Line 15;0;193.97257355026
-23.556729152;-46.655819236;821.9;330;0.16264150943396233;947.4626415094339;Line 15;0;193.97257355026
-23.556991252;-46.655893478;823.2;300;0.1478559176672385;947.4478559176672;Line 15;0;193.97257355026
-23.557253352;-46.655967721;824.1;270;0.13307032590051465;947.4330703259004;Line 15;0;193.97257355026
-23.557515453;-46.656041964;824.9;240;0.1182847341337908;947.4182847341337;Line 15;0;193.97257355026
-23.557777553;-46.656116207;823.9;210;0.10349914236706695;947.403499142367;Line 15;0;193.97257355026
-23.558039652;-46.656190451;823.0;180;0.0887135506003431;947.3887135506003;Line 15;0;193.97257355026
-23.558301752;-46.656264694;822.3;150;0.07392795883361925;947.3739279588335;Line 15;0;193.97257355026
-23.558563852;-46.656338939;821.9;120;0.0591423670668954;947.3591423670669;Line 15;0;193.97257355026
-23.558825952;-46.656413183;821.3;90;0.04435677530017155;947.3443567753001;Line 15;0;193.97257355026
-23.559088052;-46.656487428;820.4;60;0.0295711835334477;947.3295711835334;Line 15;0;193.97257355026
-23.559350151;-46.656561673;822.3;30;0.01478559176672385;947.3147855917666;Line 15;0;193.97257355026
-23.559612251;-46.656635919;826.2;0;0.0;947.3;Line 15;0;193.97257355026
