latitude;longitude;altitude (m);distance_m;alt_x;alt_y;name;obstrucao;angle
-23.019685696;-47.012261129;753.9;69960;226.88;981.78;Line 329;0;147.96479684038
-23.019917263;-47.012109331;755.4;69930;226.78271012006863;981.6827101200686;Line 329;0;147.96479684038
-23.020148829;-47.011957534;757.3;69900;226.68542024013723;981.5854202401372;Line 329;0;147.96479684038
-23.020380396;-47.011805735;759.1;69870;226.58813036020584;981.4881303602058;Line 329;0;147.96479684038
-23.020611962;-47.011653936;760.9;69840;226.49084048027444;981.3908404802744;Line 329;0;147.96479684038
-23.020843528;-47.011502137;761.0;69810;226.39355060034305;981.293550600343;Line 329;0;147.96479684038
-23.021075094;-47.011350337;759.7;69780;226.29626072041168;981.1962607204116;Line 329;0;147.96479684038
-23.02130666;-47.011198537;758.8;69750;226.19897084048029;981.0989708404802;Line 329;0;147.96479684038
-23.021538225;-47.011046736;758.3;69720;226.1016809605489;981.0016809605488;Line 329;0;147.96479684038
-23.021769791;-47.010894935;757.8;69690;226.0043910806175;980.9043910806174;Line 329;0;147.96479684038
-23.022001356;-47.010743133;757.0;69660;225.9071012006861;980.807101200686;Line 329;0;147.96479684038
-23.022232922;-47.01059133;756.2;69630;225.80981132075473;980.7098113207547;Line 329;0;147.96479684038
-23.022464487;-47.010439528;755.6;69600;225.71252144082334;980.6125214408233;Line 329;0;147.96479684038
-23.022696052;-47.010287724;753.0;69570;225.61523156089194;980.515231560892;Line 329;0;147.96479684038
-23.022927617;-47.01013592;750.9;69540;225.51794168096055;980.4179416809606;Line 329;0;147.96479684038
-23.023159182;-47.009984116;749.5;69510;225.42065180102915;980.3206518010292;Line 329;0;147.96479684038
-23.023390747;-47.009832311;747.5;69480;225.32336192109778;980.2233619210978;Line 329;0;147.96479684038
-23.023622311;-47.009680506;744.6;69450;225.2260720411664;980.1260720411664;Line 329;0;147.96479684038
-23.023853876;-47.0095287;741.2;69420;225.128782161235;980.028782161235;Line 329;0;147.96479684038
-23.02408544;-47.009376894;737.3;69390;225.0314922813036;979.9314922813036;Line 329;0;147.96479684038
-23.024317005;-47.009225087;732.6;69360;224.9342024013722;979.8342024013722;Line 329;0;147.96479684038
-23.024548569;-47.00907328;727.3;69330;224.83691252144084;979.7369125214408;Line 329;0;147.96479684038
-23.024780133;-47.008921472;721.9;69300;224.73962264150944;979.6396226415094;Line 329;0;147.96479684038
-23.025011697;-47.008769663;716.5;69270;224.64233276157805;979.542332761578;Line 329;0;147.96479684038
-23.025243261;-47.008617855;711.1;69240;224.54504288164665;979.4450428816466;Line 329;0;147.96479684038
-23.025474825;-47.008466045;705.7;69210;224.44775300171526;979.3477530017152;Line 329;0;147.96479684038
-23.025706388;-47.008314236;700.4;69180;224.3504631217839;979.2504631217839;Line 329;0;147.96479684038
-23.025937952;-47.008162425;699.5;69150;224.2531732418525;979.1531732418525;Line 329;0;147.96479684038
-23.026169515;-47.008010614;701.1;69120;224.1558833619211;979.0558833619211;Line 329;0;147.96479684038
-23.026401079;-47.007858803;703.6;69090;224.0585934819897;978.9585934819897;Line 329;0;147.96479684038
-23.026632642;-47.007706991;706.9;69060;223.9613036020583;978.8613036020583;Line 329;0;147.96479684038
-23.026864205;-47.007555179;709.5;69030;223.86401372212694;978.764013722127;Line 329;0;147.96479684038
-23.027095768;-47.007403366;711.6;69000;223.76672384219555;978.6667238421956;Line 329;0;147.96479684038
-23.02732733;-47.007251553;713.6;68970;223.66943396226415;978.5694339622642;Line 329;0;147.96479684038
-23.027558893;-47.007099739;715.6;68940;223.57214408233276;978.4721440823328;Line 329;0;147.96479684038
-23.027790456;-47.006947925;717.2;68910;223.47485420240136;978.3748542024014;Line 329;0;147.96479684038
-23.028022018;-47.00679611;718.3;68880;223.37756432247;978.27756432247;Line 329;0;147.96479684038
-23.028253581;-47.006644295;718.7;68850;223.2802744425386;978.1802744425386;Line 329;0;147.96479684038
-23.028485143;-47.006492479;719.8;68820;223.1829845626072;978.0829845626072;Line 329;0;147.96479684038
-23.028716705;-47.006340662;719.6;68790;223.0856946826758;977.9856946826758;Line 329;0;147.96479684038
-23.028948267;-47.006188846;717.6;68760;222.9884048027444;977.8884048027444;Line 329;0;147.96479684038
-23.029179829;-47.006037028;714.0;68730;222.89111492281305;977.791114922813;Line 329;0;147.96479684038
-23.029411391;-47.005885211;713.4;68700;222.79382504288165;977.6938250428816;Line 329;0;147.96479684038
-23.029642952;-47.005733392;713.1;68670;222.69653516295025;977.5965351629502;Line 329;0;147.96479684038
-23.029874514;-47.005581574;712.8;68640;222.59924528301886;977.4992452830188;Line 329;0;147.96479684038
-23.030106075;-47.005429754;712.9;68610;222.50195540308746;977.4019554030874;Line 329;0;147.96479684038
-23.030337637;-47.005277934;713.2;68580;222.4046655231561;977.304665523156;Line 329;0;147.96479684038
-23.030569198;-47.005126114;713.8;68550;222.3073756432247;977.2073756432246;Line 329;0;147.96479684038
-23.030800759;-47.004974293;714.2;68520;222.2100857632933;977.1100857632932;Line 329;0;147.96479684038
-23.03103232;-47.004822472;710.3;68490;222.1127958833619;977.0127958833618;Line 329;0;147.96479684038
-23.031263881;-47.00467065;705.9;68460;222.01550600343052;976.9155060034304;Line 329;0;147.96479684038
-23.031495442;-47.004518828;701.3;68430;221.91821612349915;976.8182161234992;Line 329;0;147.96479684038
-23.031727002;-47.004367005;697.1;68400;221.82092624356775;976.7209262435678;Line 329;0;147.96479684038
-23.031958563;-47.004215182;694.9;68370;221.72363636363636;976.6236363636364;Line 329;0;147.96479684038
-23.032190123;-47.004063358;693.8;68340;221.62634648370496;976.526346483705;Line 329;0;147.96479684038
-23.032421683;-47.003911534;692.5;68310;221.52905660377357;976.4290566037736;Line 329;0;147.96479684038
-23.032653243;-47.003759709;690.2;68280;221.4317667238422;976.3317667238422;Line 329;0;147.96479684038
-23.032884804;-47.003607884;687.5;68250;221.3344768439108;976.2344768439108;Line 329;0;147.96479684038
-23.033116363;-47.003456058;684.5;68220;221.2371869639794;976.1371869639794;Line 329;0;147.96479684038
-23.033347923;-47.003304232;682.0;68190;221.13989708404802;976.039897084048;Line 329;0;147.96479684038
-23.033579483;-47.003152405;681.8;68160;221.04260720411662;975.9426072041166;Line 329;0;147.96479684038
-23.033811043;-47.003000578;681.8;68130;220.94531732418525;975.8453173241852;Line 329;0;147.96479684038
-23.034042602;-47.00284875;681.9;68100;220.84802744425386;975.7480274442538;Line 329;0;147.96479684038
-23.034274161;-47.002696922;681.9;68070;220.75073756432246;975.6507375643224;Line 329;0;147.96479684038
-23.034505721;-47.002545093;681.3;68040;220.65344768439107;975.553447684391;Line 329;0;147.96479684038
-23.03473728;-47.002393264;681.1;68010;220.55615780445967;975.4561578044596;Line 329;0;147.96479684038
-23.034968839;-47.002241434;680.8;67980;220.4588679245283;975.3588679245283;Line 329;0;147.96479684038
-23.035200398;-47.002089604;679.4;67950;220.3615780445969;975.261578044597;Line 329;0;147.96479684038
-23.035431956;-47.001937773;677.5;67920;220.26428816466552;975.1642881646655;Line 329;0;147.96479684038
-23.035663515;-47.001785942;675.1;67890;220.16699828473412;975.0669982847342;Line 329;0;147.96479684038
-23.035895074;-47.00163411;673.4;67860;220.06970840480272;974.9697084048028;Line 329;0;147.96479684038
-23.036126632;-47.001482278;675.2;67830;219.97241852487136;974.8724185248714;Line 329;0;147.96479684038
-23.03635819;-47.001330445;677.2;67800;219.87512864493996;974.77512864494;Line 329;0;147.96479684038
-23.036589749;-47.001178612;679.5;67770;219.77783876500857;974.6778387650086;Line 329;0;147.96479684038
-23.036821307;-47.001026778;682.3;67740;219.68054888507717;974.5805488850772;Line 329;0;147.96479684038
-23.037052865;-47.000874944;685.4;67710;219.58325900514578;974.4832590051458;Line 329;0;147.96479684038
-23.037284422;-47.000723109;688.8;67680;219.4859691252144;974.3859691252144;Line 329;0;147.96479684038
-23.03751598;-47.000571274;692.0;67650;219.38867924528302;974.288679245283;Line 329;0;147.96479684038
-23.037747538;-47.000419438;694.9;67620;219.29138936535162;974.1913893653516;Line 329;0;147.96479684038
-23.037979095;-47.000267602;697.7;67590;219.19409948542022;974.0940994854202;Line 329;0;147.96479684038
-23.038210653;-47.000115765;700.4;67560;219.09680960548883;973.9968096054888;Line 329;0;147.96479684038
-23.03844221;-46.999963928;702.3;67530;218.99951972555746;973.8995197255574;Line 329;0;147.96479684038
-23.038673767;-46.99981209;702.6;67500;218.90222984562607;973.802229845626;Line 329;0;147.96479684038
-23.038905324;-46.999660252;702.4;67470;218.80493996569467;973.7049399656946;Line 329;0;147.96479684038
-23.039136881;-46.999508413;701.7;67440;218.70765008576328;973.6076500857632;Line 329;0;147.96479684038
-23.039368438;-46.999356574;697.7;67410;218.61036020583188;973.5103602058318;Line 329;0;147.96479684038
-23.039599995;-46.999204734;692.6;67380;218.51307032590051;973.4130703259004;Line 329;0;147.96479684038
-23.039831551;-46.999052894;687.3;67350;218.41578044596912;973.315780445969;Line 329;0;147.96479684038
-23.040063108;-46.998901053;683.1;67320;218.31849056603772;973.2184905660376;Line 329;0;147.96479684038
-23.040294664;-46.998749212;680.3;67290;218.22120068610633;973.1212006861062;Line 329;0;147.96479684038
-23.04052622;-46.99859737;678.1;67260;218.12391080617493;973.0239108061749;Line 329;0;147.96479684038
-23.040757776;-46.998445528;676.4;67230;218.02662092624357;972.9266209262436;Line 329;0;147.96479684038
-23.040989332;-46.998293685;676.9;67200;217.92933104631217;972.8293310463122;Line 329;0;147.96479684038
-23.041220888;-46.998141842;679.2;67170;217.83204116638078;972.7320411663808;Line 329;0;147.96479684038
-23.041452444;-46.997989998;681.7;67140;217.73475128644938;972.6347512864494;Line 329;0;147.96479684038
-23.041684;-46.997838154;684.5;67110;217.63746140651799;972.537461406518;Line 329;0;147.96479684038
-23.041915555;-46.997686309;687.5;67080;217.54017152658662;972.4401715265866;Line 329;0;147.96479684038
-23.042147111;-46.997534464;690.5;67050;217.44288164665522;972.3428816466552;Line 329;0;147.96479684038
-23.042378666;-46.997382618;692.2;67020;217.34559176672383;972.2455917667238;Line 329;0;147.96479684038
-23.042610221;-46.997230772;692.3;66990;217.24830188679243;972.1483018867924;Line 329;0;147.96479684038
-23.042841776;-46.997078925;691.3;66960;217.15101200686104;972.051012006861;Line 329;0;147.96479684038
-23.043073331;-46.996927078;690.0;66930;217.05372212692967;971.9537221269296;Line 329;0;147.96479684038
-23.043304886;-46.99677523;688.5;66900;216.95643224699828;971.8564322469982;Line 329;0;147.96479684038
-23.043536441;-46.996623382;684.3;66870;216.85914236706688;971.7591423670668;Line 329;0;147.96479684038
-23.043767995;-46.996471533;679.6;66840;216.76185248713549;971.6618524871354;Line 329;0;147.96479684038
-23.04399955;-46.996319684;676.2;66810;216.6645626072041;971.564562607204;Line 329;0;147.96479684038
-23.044231104;-46.996167834;674.5;66780;216.56727272727272;971.4672727272728;Line 329;0;147.96479684038
-23.044462658;-46.996015984;675.0;66750;216.46998284734133;971.3699828473414;Line 329;0;147.96479684038
-23.044694212;-46.995864133;676.4;66720;216.37269296740993;971.27269296741;Line 329;0;147.96479684038
-23.044925767;-46.995712282;679.2;66690;216.27540308747854;971.1754030874786;Line 329;0;147.96479684038
-23.04515732;-46.99556043;682.6;66660;216.17811320754714;971.0781132075472;Line 329;0;147.96479684038
-23.045388874;-46.995408578;685.9;66630;216.08082332761578;970.9808233276158;Line 329;0;147.96479684038
-23.045620428;-46.995256725;689.0;66600;215.98353344768438;970.8835334476844;Line 329;0;147.96479684038
-23.045851981;-46.995104872;691.8;66570;215.88624356775298;970.786243567753;Line 329;0;147.96479684038
-23.046083535;-46.994953018;692.0;66540;215.7889536878216;970.6889536878216;Line 329;0;147.96479684038
-23.046315088;-46.994801164;691.1;66510;215.6916638078902;970.5916638078902;Line 329;0;147.96479684038
-23.046546641;-46.994649309;689.5;66480;215.59437392795883;970.4943739279588;Line 329;0;147.96479684038
-23.046778195;-46.994497454;688.0;66450;215.49708404802743;970.3970840480274;Line 329;0;147.96479684038
-23.047009748;-46.994345598;687.6;66420;215.39979416809604;970.299794168096;Line 329;0;147.96479684038
-23.0472413;-46.994193742;687.9;66390;215.30250428816464;970.2025042881646;Line 329;0;147.96479684038
-23.047472853;-46.994041886;688.6;66360;215.20521440823325;970.1052144082332;Line 329;0;147.96479684038
-23.047704406;-46.993890028;691.5;66330;215.10792452830188;970.0079245283018;Line 329;0;147.96479684038
-23.047935958;-46.993738171;694.8;66300;215.01063464837048;969.9106346483704;Line 329;0;147.96479684038
-23.048167511;-46.993586312;698.3;66270;214.9133447684391;969.813344768439;Line 329;0;147.96479684038
-23.048399063;-46.993434454;700.6;66240;214.81605488850772;969.7160548885076;Line 329;0;147.96479684038
-23.048630615;-46.993282594;699.2;66210;214.71876500857633;969.6187650085762;Line 329;0;147.96479684038
-23.048862167;-46.993130735;698.0;66180;214.62147512864493;969.5214751286449;Line 329;0;147.96479684038
-23.049093719;-46.992978875;697.1;66150;214.52418524871356;969.4241852487136;Line 329;0;147.96479684038
-23.049325271;-46.992827014;695.0;66120;214.42689536878217;969.3268953687822;Line 329;0;147.96479684038
-23.049556823;-46.992675153;692.1;66090;214.32960548885077;969.2296054888508;Line 329;0;147.96479684038
-23.049788374;-46.992523291;688.9;66060;214.23231560891938;969.1323156089194;Line 329;0;147.96479684038
-23.050019926;-46.992371429;687.0;66030;214.135025728988;969.035025728988;Line 329;0;147.96479684038
-23.050251477;-46.992219566;689.1;66000;214.03773584905662;968.9377358490566;Line 329;0;147.96479684038
-23.050483028;-46.992067703;690.8;65970;213.94044596912522;968.8404459691252;Line 329;0;147.96479684038
-23.05071458;-46.991915839;692.3;65940;213.84315608919383;968.7431560891938;Line 329;0;147.96479684038
-23.050946131;-46.991763975;694.8;65910;213.74586620926243;968.6458662092624;Line 329;0;147.96479684038
-23.051177681;-46.99161211;698.9;65880;213.64857632933106;968.548576329331;Line 329;0;147.96479684038
-23.051409232;-46.991460245;703.4;65850;213.55128644939967;968.4512864493996;Line 329;0;147.96479684038
-23.051640783;-46.991308379;707.4;65820;213.45399656946827;968.3539965694682;Line 329;0;147.96479684038
-23.051872333;-46.991156513;708.1;65790;213.35670668953688;968.2567066895368;Line 329;0;147.96479684038
-23.052103884;-46.991004646;708.7;65760;213.25941680960548;968.1594168096054;Line 329;0;147.96479684038
-23.052335434;-46.990852779;709.8;65730;213.16212692967412;968.0621269296742;Line 329;0;147.96479684038
-23.052566984;-46.990700911;709.0;65700;213.06483704974272;967.9648370497428;Line 329;0;147.96479684038
-23.052798534;-46.990549043;706.1;65670;212.96754716981133;967.8675471698114;Line 329;0;147.96479684038
-23.053030084;-46.990397174;703.3;65640;212.87025728987993;967.77025728988;Line 329;0;147.96479684038
-23.053261634;-46.990245305;700.7;65610;212.77296740994854;967.6729674099486;Line 329;0;147.96479684038
-23.053493184;-46.990093436;698.9;65580;212.67567753001717;967.5756775300172;Line 329;0;147.96479684038
-23.053724734;-46.989941565;697.0;65550;212.57838765008577;967.4783876500858;Line 329;0;147.96479684038
-23.053956283;-46.989789695;694.8;65520;212.48109777015438;967.3810977701544;Line 329;0;147.96479684038
-23.054187833;-46.989637823;693.2;65490;212.38380789022298;967.283807890223;Line 329;0;147.96479684038
-23.054419382;-46.989485952;694.7;65460;212.2865180102916;967.1865180102916;Line 329;0;147.96479684038
-23.054650931;-46.98933408;696.2;65430;212.18922813036022;967.0892281303602;Line 329;0;147.96479684038
-23.05488248;-46.989182207;697.6;65400;212.09193825042883;966.9919382504288;Line 329;0;147.96479684038
-23.055114029;-46.989030334;698.3;65370;211.99464837049743;966.8946483704974;Line 329;0;147.96479684038
-23.055345578;-46.98887846;697.6;65340;211.89735849056603;966.797358490566;Line 329;0;147.96479684038
-23.055577126;-46.988726586;695.5;65310;211.80006861063464;966.7000686106346;Line 329;0;147.96479684038
-23.055808675;-46.988574711;692.1;65280;211.70277873070327;966.6027787307032;Line 329;0;147.96479684038
-23.056040223;-46.988422836;688.6;65250;211.60548885077188;966.5054888507718;Line 329;0;147.96479684038
-23.056271772;-46.98827096;685.6;65220;211.50819897084048;966.4081989708404;Line 329;0;147.96479684038
-23.05650332;-46.988119084;682.7;65190;211.4109090909091;966.310909090909;Line 329;0;147.96479684038
-23.056734868;-46.987967207;678.6;65160;211.3136192109777;966.2136192109776;Line 329;0;147.96479684038
-23.056966416;-46.98781533;674.0;65130;211.21632933104632;966.1163293310462;Line 329;0;147.96479684038
-23.057197964;-46.987663452;669.2;65100;211.11903945111493;966.0190394511148;Line 329;0;147.96479684038
-23.057429512;-46.987511574;664.2;65070;211.02174957118353;965.9217495711835;Line 329;0;147.96479684038
-23.057661059;-46.987359696;662.3;65040;210.92445969125214;965.8244596912521;Line 329;0;147.96479684038
-23.057892607;-46.987207816;660.5;65010;210.82716981132074;965.7271698113207;Line 329;0;147.96479684038
-23.058124154;-46.987055937;658.0;64980;210.72987993138938;965.6298799313894;Line 329;0;147.96479684038
-23.058355702;-46.986904056;655.2;64950;210.63259005145798;965.532590051458;Line 329;0;147.96479684038
-23.058587249;-46.986752176;653.9;64920;210.5353001715266;965.4353001715266;Line 329;0;147.96479684038
-23.058818796;-46.986600295;652.8;64890;210.4380102915952;965.3380102915952;Line 329;0;147.96479684038
-23.059050343;-46.986448413;651.5;64860;210.3407204116638;965.2407204116638;Line 329;0;147.96479684038
-23.05928189;-46.986296531;650.8;64830;210.24343053173243;965.1434305317324;Line 329;0;147.96479684038
-23.059513436;-46.986144648;651.3;64800;210.14614065180103;965.046140651801;Line 329;0;147.96479684038
-23.059744983;-46.985992765;652.0;64770;210.04885077186964;964.9488507718696;Line 329;0;147.96479684038
-23.059976529;-46.985840881;652.9;64740;209.95156089193824;964.8515608919382;Line 329;0;147.96479684038
-23.060208076;-46.985688997;653.6;64710;209.85427101200685;964.7542710120068;Line 329;0;147.96479684038
-23.060439622;-46.985537112;654.2;64680;209.75698113207548;964.6569811320754;Line 329;0;147.96479684038
-23.060671168;-46.985385227;654.9;64650;209.65969125214409;964.559691252144;Line 329;0;147.96479684038
-23.060902714;-46.985233341;655.5;64620;209.5624013722127;964.4624013722126;Line 329;0;147.96479684038
-23.06113426;-46.985081455;656.2;64590;209.4651114922813;964.3651114922812;Line 329;0;147.96479684038
-23.061365806;-46.984929568;657.0;64560;209.3678216123499;964.2678216123498;Line 329;0;147.96479684038
-23.061597352;-46.984777681;658.0;64530;209.27053173241853;964.1705317324186;Line 329;0;147.96479684038
-23.061828897;-46.984625794;658.6;64500;209.17324185248714;964.0732418524872;Line 329;0;147.96479684038
-23.062060443;-46.984473905;658.9;64470;209.07595197255574;963.9759519725558;Line 329;0;147.96479684038
-23.062291988;-46.984322017;659.0;64440;208.97866209262435;963.8786620926244;Line 329;0;147.96479684038
-23.062523533;-46.984170127;658.9;64410;208.88137221269295;963.781372212693;Line 329;0;147.96479684038
-23.062755078;-46.984018238;659.4;64380;208.78408233276159;963.6840823327616;Line 329;0;147.96479684038
-23.062986623;-46.983866348;659.2;64350;208.6867924528302;963.5867924528302;Line 329;0;147.96479684038
-23.063218168;-46.983714457;658.3;64320;208.5895025728988;963.4895025728988;Line 329;0;147.96479684038
-23.063449713;-46.983562566;658.1;64290;208.4922126929674;963.3922126929674;Line 329;0;147.96479684038
-23.063681257;-46.983410674;659.2;64260;208.394922813036;963.294922813036;Line 329;0;147.96479684038
-23.063912802;-46.983258782;660.2;64230;208.29763293310464;963.1976329331046;Line 329;0;147.96479684038
-23.064144346;-46.983106889;661.5;64200;208.20034305317324;963.1003430531732;Line 329;0;147.96479684038
-23.064375891;-46.982954996;663.0;64170;208.10305317324185;963.0030531732418;Line 329;0;147.96479684038
-23.064607435;-46.982803102;664.6;64140;208.00576329331045;962.9057632933104;Line 329;0;147.96479684038
-23.064838979;-46.982651208;666.0;64110;207.90847341337906;962.808473413379;Line 329;0;147.96479684038
-23.065070523;-46.982499313;667.3;64080;207.8111835334477;962.7111835334476;Line 329;0;147.96479684038
-23.065302067;-46.982347418;668.0;64050;207.7138936535163;962.6138936535162;Line 329;0;147.96479684038
-23.06553361;-46.982195522;668.7;64020;207.6166037735849;962.5166037735848;Line 329;0;147.96479684038
-23.065765154;-46.982043626;669.5;63990;207.5193138936535;962.4193138936535;Line 329;0;147.96479684038
-23.065996697;-46.98189173;670.5;63960;207.4220240137221;962.3220240137221;Line 329;0;147.96479684038
-23.066228241;-46.981739832;671.5;63930;207.32473413379074;962.2247341337907;Line 329;0;147.96479684038
-23.066459784;-46.981587935;672.4;63900;207.22744425385935;962.1274442538593;Line 329;0;147.96479684038
-23.066691327;-46.981436037;673.3;63870;207.13015437392795;962.0301543739279;Line 329;0;147.96479684038
-23.06692287;-46.981284138;674.4;63840;207.03286449399656;961.9328644939965;Line 329;0;147.96479684038
-23.067154413;-46.981132239;675.9;63810;206.93557461406516;961.8355746140651;Line 329;0;147.96479684038
-23.067385956;-46.980980339;677.8;63780;206.8382847341338;961.7382847341338;Line 329;0;147.96479684038
-23.067617498;-46.980828439;679.7;63750;206.7409948542024;961.6409948542024;Line 329;0;147.96479684038
-23.067849041;-46.980676538;680.7;63720;206.643704974271;961.543704974271;Line 329;0;147.96479684038
-23.068080583;-46.980524637;681.6;63690;206.5464150943396;961.4464150943396;Line 329;0;147.96479684038
-23.068312125;-46.980372735;682.2;63660;206.4491252144082;961.3491252144082;Line 329;0;147.96479684038
-23.068543668;-46.980220833;683.3;63630;206.35183533447685;961.2518353344768;Line 329;0;147.96479684038
-23.06877521;-46.98006893;684.4;63600;206.25454545454545;961.1545454545454;Line 329;0;147.96479684038
-23.069006752;-46.979917027;685.5;63570;206.15725557461406;961.057255574614;Line 329;0;147.96479684038
-23.069238293;-46.979765123;686.1;63540;206.05996569468266;960.9599656946826;Line 329;0;147.96479684038
-23.069469835;-46.979613219;686.1;63510;205.96267581475126;960.8626758147512;Line 329;0;147.96479684038
-23.069701377;-46.979461315;685.9;63480;205.8653859348199;960.7653859348198;Line 329;0;147.96479684038
-23.069932918;-46.979309409;685.7;63450;205.7680960548885;960.6680960548885;Line 329;0;147.96479684038
-23.07016446;-46.979157504;685.9;63420;205.6708061749571;960.570806174957;Line 329;0;147.96479684038
-23.070396001;-46.979005597;686.3;63390;205.5735162950257;960.4735162950257;Line 329;0;147.96479684038
-23.070627542;-46.978853691;686.8;63360;205.47622641509432;960.3762264150943;Line 329;0;147.96479684038
-23.070859083;-46.978701784;687.4;63330;205.37893653516295;960.278936535163;Line 329;0;147.96479684038
-23.071090624;-46.978549876;687.8;63300;205.28164665523155;960.1816466552316;Line 329;0;147.96479684038
-23.071322165;-46.978397968;688.3;63270;205.18435677530016;960.0843567753002;Line 329;0;147.96479684038
-23.071553705;-46.978246059;688.6;63240;205.08706689536876;959.9870668953688;Line 329;0;147.96479684038
-23.071785246;-46.97809415;688.4;63210;204.98977701543737;959.8897770154374;Line 329;0;147.96479684038
-23.072016786;-46.97794224;687.8;63180;204.892487135506;959.792487135506;Line 329;0;147.96479684038
-23.072248327;-46.97779033;687.1;63150;204.7951972555746;959.6951972555746;Line 329;0;147.96479684038
-23.072479867;-46.977638419;686.3;63120;204.6979073756432;959.5979073756432;Line 329;0;147.96479684038
-23.072711407;-46.977486508;683.5;63090;204.60061749571182;959.5006174957118;Line 329;0;147.96479684038
-23.072942947;-46.977334596;680.1;63060;204.50332761578042;959.4033276157804;Line 329;0;147.96479684038
-23.073174487;-46.977182684;676.5;63030;204.40603773584905;959.306037735849;Line 329;0;147.96479684038
-23.073406027;-46.977030771;673.2;63000;204.30874785591766;959.2087478559176;Line 329;0;147.96479684038
-23.073637566;-46.976878858;670.9;62970;204.21145797598626;959.1114579759862;Line 329;0;147.96479684038
-23.073869106;-46.976726945;668.8;62940;204.11416809605487;959.0141680960548;Line 329;0;147.96479684038
-23.074100645;-46.97657503;667.5;62910;204.01687821612347;958.9168782161235;Line 329;0;147.96479684038
-23.074332184;-46.976423116;666.3;62880;203.9195883361921;958.819588336192;Line 329;0;147.96479684038
-23.074563723;-46.9762712;665.1;62850;203.8222984562607;958.7222984562607;Line 329;0;147.96479684038
-23.074795262;-46.976119285;664.2;62820;203.72500857632932;958.6250085763293;Line 329;0;147.96479684038
-23.075026801;-46.975967369;663.5;62790;203.62771869639792;958.5277186963979;Line 329;0;147.96479684038
-23.07525834;-46.975815452;663.3;62760;203.53042881646653;958.4304288164665;Line 329;0;147.96479684038
-23.075489879;-46.975663535;663.5;62730;203.43313893653516;958.3331389365351;Line 329;0;147.96479684038
-23.075721417;-46.975511617;664.0;62700;203.33584905660376;958.2358490566037;Line 329;0;147.96479684038
-23.075952956;-46.975359699;664.9;62670;203.23855917667237;958.1385591766723;Line 329;0;147.96479684038
-23.076184494;-46.97520778;665.6;62640;203.14126929674097;958.0412692967409;Line 329;0;147.96479684038
-23.076416032;-46.975055861;666.3;62610;203.04397941680958;957.9439794168095;Line 329;0;147.96479684038
-23.076647571;-46.974903941;667.4;62580;202.9466895368782;957.8466895368782;Line 329;0;147.96479684038
-23.076879109;-46.974752021;668.2;62550;202.84939965694682;957.7493996569468;Line 329;0;147.96479684038
-23.077110646;-46.9746001;669.4;62520;202.75210977701542;957.6521097770154;Line 329;0;147.96479684038
-23.077342184;-46.974448179;671.0;62490;202.65481989708402;957.554819897084;Line 329;0;147.96479684038
-23.077573722;-46.974296257;672.8;62460;202.55753001715263;957.4575300171526;Line 329;0;147.96479684038
-23.077805259;-46.974144335;674.2;62430;202.46024013722126;957.3602401372212;Line 329;0;147.96479684038
-23.078036797;-46.973992412;675.9;62400;202.36295025728987;957.2629502572898;Line 329;0;147.96479684038
-23.078268334;-46.973840489;677.8;62370;202.26566037735847;957.1656603773584;Line 329;0;147.96479684038
-23.078499871;-46.973688566;680.2;62340;202.16837049742708;957.068370497427;Line 329;0;147.96479684038
-23.078731408;-46.973536641;682.8;62310;202.0710806174957;956.9710806174957;Line 329;0;147.96479684038
-23.078962945;-46.973384717;685.6;62280;201.97379073756431;956.8737907375643;Line 329;0;147.96479684038
-23.079194482;-46.973232791;687.4;62250;201.87650085763292;956.7765008576329;Line 329;0;147.96479684038
-23.079426019;-46.973080866;687.0;62220;201.77921097770155;956.6792109777016;Line 329;0;147.96479684038
-23.079657555;-46.972928939;686.5;62190;201.68192109777016;956.5819210977702;Line 329;0;147.96479684038
-23.079889092;-46.972777013;686.0;62160;201.58463121783876;956.4846312178388;Line 329;0;147.96479684038
-23.080120628;-46.972625086;685.3;62130;201.48734133790737;956.3873413379074;Line 329;0;147.96479684038
-23.080352164;-46.972473158;684.6;62100;201.390051457976;956.290051457976;Line 329;0;147.96479684038
-23.0805837;-46.97232123;683.6;62070;201.2927615780446;956.1927615780446;Line 329;0;147.96479684038
-23.080815237;-46.972169301;682.7;62040;201.1954716981132;956.0954716981132;Line 329;0;147.96479684038
-23.081046772;-46.972017372;683.3;62010;201.0981818181818;955.9981818181818;Line 329;0;147.96479684038
-23.081278308;-46.971865442;684.5;61980;201.00089193825045;955.9008919382504;Line 329;0;147.96479684038
-23.081509844;-46.971713512;686.2;61950;200.90360205831905;955.803602058319;Line 329;0;147.96479684038
-23.081741379;-46.971561581;689.6;61920;200.80631217838766;955.7063121783876;Line 329;0;147.96479684038
-23.081972915;-46.97140965;694.0;61890;200.70902229845626;955.6090222984562;Line 329;0;147.96479684038
-23.08220445;-46.971257718;697.9;61860;200.61173241852487;955.5117324185248;Line 329;0;147.96479684038
-23.082435985;-46.971105786;701.4;61830;200.5144425385935;955.4144425385934;Line 329;0;147.96479684038
-23.08266752;-46.970953853;704.9;61800;200.4171526586621;955.317152658662;Line 329;0;147.96479684038
-23.082899055;-46.97080192;708.3;61770;200.3198627787307;955.2198627787307;Line 329;0;147.96479684038
-23.08313059;-46.970649986;709.5;61740;200.2225728987993;955.1225728987993;Line 329;0;147.96479684038
-23.083362125;-46.970498052;710.1;61710;200.12528301886792;955.0252830188679;Line 329;0;147.96479684038
-23.083593659;-46.970346117;710.1;61680;200.02799313893655;954.9279931389365;Line 329;0;147.96479684038
-23.083825194;-46.970194182;710.3;61650;199.93070325900516;954.8307032590051;Line 329;0;147.96479684038
-23.084056728;-46.970042246;710.6;61620;199.83341337907376;954.7334133790737;Line 329;0;147.96479684038
-23.084288263;-46.96989031;710.6;61590;199.73612349914237;954.6361234991423;Line 329;0;147.96479684038
-23.084519797;-46.969738373;710.6;61560;199.63883361921097;954.5388336192109;Line 329;0;147.96479684038
-23.084751331;-46.969586436;710.7;61530;199.5415437392796;954.4415437392796;Line 329;0;147.96479684038
-23.084982865;-46.969434499;710.7;61500;199.4442538593482;954.3442538593482;Line 329;0;147.96479684038
-23.085214398;-46.96928256;711.1;61470;199.3469639794168;954.2469639794168;Line 329;0;147.96479684038
-23.085445932;-46.969130622;712.0;61440;199.24967409948542;954.1496740994854;Line 329;0;147.96479684038
-23.085677466;-46.968978682;713.1;61410;199.15238421955402;954.052384219554;Line 329;0;147.96479684038
-23.085908999;-46.968826743;713.4;61380;199.05509433962266;953.9550943396226;Line 329;0;147.96479684038
-23.086140532;-46.968674802;713.5;61350;198.95780445969126;953.8578044596912;Line 329;0;147.96479684038
-23.086372066;-46.968522862;714.2;61320;198.86051457975987;953.7605145797598;Line 329;0;147.96479684038
-23.086603599;-46.96837092;715.5;61290;198.76322469982847;953.6632246998284;Line 329;0;147.96479684038
-23.086835132;-46.968218979;720.0;61260;198.66593481989707;953.565934819897;Line 329;0;147.96479684038
-23.087066664;-46.968067037;725.3;61230;198.5686449399657;953.4686449399657;Line 329;0;147.96479684038
-23.087298197;-46.967915094;730.4;61200;198.4713550600343;953.3713550600343;Line 329;0;147.96479684038
-23.08752973;-46.967763151;735.1;61170;198.37406518010292;953.2740651801029;Line 329;0;147.96479684038
-23.087761262;-46.967611207;738.3;61140;198.27677530017152;953.1767753001715;Line 329;0;147.96479684038
-23.087992795;-46.967459263;740.0;61110;198.17948542024013;953.0794854202401;Line 329;0;147.96479684038
-23.088224327;-46.967307318;738.9;61080;198.08219554030876;952.9821955403088;Line 329;0;147.96479684038
-23.088455859;-46.967155373;735.9;61050;197.98490566037736;952.8849056603774;Line 329;0;147.96479684038
-23.088687391;-46.967003427;732.2;61020;197.88761578044597;952.787615780446;Line 329;0;147.96479684038
-23.088918923;-46.966851481;729.3;60990;197.79032590051457;952.6903259005146;Line 329;0;147.96479684038
-23.089150455;-46.966699534;727.3;60960;197.69303602058318;952.5930360205832;Line 329;0;147.96479684038
-23.089381987;-46.966547587;725.9;60930;197.5957461406518;952.4957461406518;Line 329;0;147.96479684038
-23.089613518;-46.966395639;725.4;60900;197.49845626072042;952.3984562607204;Line 329;0;147.96479684038
-23.08984505;-46.966243691;725.6;60870;197.40116638078902;952.301166380789;Line 329;0;147.96479684038
-23.090076581;-46.966091742;726.4;60840;197.30387650085763;952.2038765008576;Line 329;0;147.96479684038
-23.090308112;-46.965939793;726.7;60810;197.20658662092623;952.1065866209262;Line 329;0;147.96479684038
-23.090539643;-46.965787843;726.9;60780;197.10929674099486;952.0092967409948;Line 329;0;147.96479684038
-23.090771174;-46.965635893;726.7;60750;197.01200686106347;951.9120068610634;Line 329;0;147.96479684038
-23.091002705;-46.965483942;726.2;60720;196.91471698113207;951.814716981132;Line 329;0;147.96479684038
-23.091234236;-46.965331991;725.4;60690;196.81742710120068;951.7174271012007;Line 329;0;147.96479684038
-23.091465766;-46.965180039;724.7;60660;196.72013722126928;951.6201372212693;Line 329;0;147.96479684038
-23.091697297;-46.965028087;724.4;60630;196.62284734133792;951.5228473413379;Line 329;0;147.96479684038
-23.091928827;-46.964876134;725.9;60600;196.52555746140652;951.4255574614065;Line 329;0;147.96479684038
-23.092160358;-46.964724181;728.6;60570;196.42826758147513;951.3282675814751;Line 329;0;147.96479684038
-23.092391888;-46.964572227;732.9;60540;196.33097770154373;951.2309777015437;Line 329;0;147.96479684038
-23.092623418;-46.964420273;734.2;60510;196.23368782161234;951.1336878216123;Line 329;0;147.96479684038
-23.092854948;-46.964268318;731.7;60480;196.13639794168097;951.0363979416809;Line 329;0;147.96479684038
-23.093086478;-46.964116363;728.0;60450;196.03910806174957;950.9391080617495;Line 329;0;147.96479684038
-23.093318007;-46.963964407;724.2;60420;195.94181818181818;950.8418181818181;Line 329;0;147.96479684038
-23.093549537;-46.963812451;721.0;60390;195.84452830188678;950.7445283018867;Line 329;0;147.96479684038
-23.093781066;-46.963660494;718.8;60360;195.7472384219554;950.6472384219553;Line 329;0;147.96479684038
-23.094012596;-46.963508537;717.7;60330;195.64994854202402;950.549948542024;Line 329;0;147.96479684038
-23.094244125;-46.963356579;718.0;60300;195.55265866209263;950.4526586620926;Line 329;0;147.96479684038
-23.094475654;-46.963204621;719.8;60270;195.45536878216123;950.3553687821612;Line 329;0;147.96479684038
-23.094707183;-46.963052662;722.1;60240;195.35807890222983;950.2580789022298;Line 329;0;147.96479684038
-23.094938712;-46.962900703;724.9;60210;195.26078902229844;950.1607890222984;Line 329;0;147.96479684038
-23.095170241;-46.962748743;727.8;60180;195.16349914236707;950.063499142367;Line 329;0;147.96479684038
-23.095401769;-46.962596783;730.4;60150;195.06620926243568;949.9662092624357;Line 329;0;147.96479684038
-23.095633298;-46.962444822;731.8;60120;194.96891938250428;949.8689193825043;Line 329;0;147.96479684038
-23.095864826;-46.962292861;731.4;60090;194.8716295025729;949.7716295025729;Line 329;0;147.96479684038
-23.096096355;-46.962140899;731.8;60060;194.7743396226415;949.6743396226415;Line 329;0;147.96479684038
-23.096327883;-46.961988937;732.5;60030;194.67704974271012;949.5770497427101;Line 329;0;147.96479684038
-23.096559411;-46.961836974;733.7;60000;194.57975986277873;949.4797598627787;Line 329;0;147.96479684038
-23.096790939;-46.96168501;734.0;59970;194.48246998284733;949.3824699828473;Line 329;0;147.96479684038
-23.097022467;-46.961533047;734.1;59940;194.38518010291594;949.2851801029159;Line 329;0;147.96479684038
-23.097253994;-46.961381082;735.1;59910;194.28789022298454;949.1878902229845;Line 329;0;147.96479684038
-23.097485522;-46.961229118;737.1;59880;194.19060034305318;949.0906003430532;Line 329;0;147.96479684038
-23.097717049;-46.961077152;736.5;59850;194.09331046312178;948.9933104631218;Line 329;0;147.96479684038
-23.097948577;-46.960925187;736.3;59820;193.9960205831904;948.8960205831904;Line 329;0;147.96479684038
-23.098180104;-46.96077322;736.5;59790;193.898730703259;948.798730703259;Line 329;0;147.96479684038
-23.098411631;-46.960621254;737.4;59760;193.8014408233276;948.7014408233276;Line 329;0;147.96479684038
-23.098643158;-46.960469286;738.7;59730;193.70415094339623;948.6041509433962;Line 329;0;147.96479684038
-23.098874685;-46.960317318;739.7;59700;193.60686106346483;948.5068610634648;Line 329;0;147.96479684038
-23.099106212;-46.96016535;740.6;59670;193.50957118353344;948.4095711835334;Line 329;0;147.96479684038
-23.099337738;-46.960013381;739.2;59640;193.41228130360204;948.312281303602;Line 329;0;147.96479684038
-23.099569265;-46.959861412;736.9;59610;193.31499142367065;948.2149914236707;Line 329;0;147.96479684038
-23.099800791;-46.959709442;735.7;59580;193.21770154373928;948.1177015437393;Line 329;0;147.96479684038
-23.100032318;-46.959557472;735.6;59550;193.1204116638079;948.0204116638079;Line 329;0;147.96479684038
-23.100263844;-46.959405501;735.7;59520;193.0231217838765;947.9231217838765;Line 329;0;147.96479684038
-23.10049537;-46.95925353;735.9;59490;192.9258319039451;947.8258319039451;Line 329;0;147.96479684038
-23.100726896;-46.959101558;735.3;59460;192.8285420240137;947.7285420240137;Line 329;0;147.96479684038
-23.100958422;-46.958949586;733.2;59430;192.73125214408233;947.6312521440823;Line 329;0;147.96479684038
-23.101189947;-46.958797613;731.5;59400;192.63396226415094;947.5339622641509;Line 329;0;147.96479684038
-23.101421473;-46.95864564;730.7;59370;192.53667238421954;947.4366723842195;Line 329;0;147.96479684038
-23.101652999;-46.958493666;730.8;59340;192.43938250428815;947.3393825042881;Line 329;0;147.96479684038
-23.101884524;-46.958341692;730.0;59310;192.34209262435675;947.2420926243567;Line 329;0;147.96479684038
-23.102116049;-46.958189717;729.1;59280;192.24480274442539;947.1448027444253;Line 329;0;147.96479684038
-23.102347574;-46.958037742;728.5;59250;192.147512864494;947.0475128644939;Line 329;0;147.96479684038
-23.102579099;-46.957885766;729.1;59220;192.0502229845626;946.9502229845625;Line 329;0;147.96479684038
-23.102810624;-46.957733789;731.1;59190;191.9529331046312;946.8529331046311;Line 329;0;147.96479684038
-23.103042149;-46.957581813;731.9;59160;191.8556432246998;946.7556432246997;Line 329;0;147.96479684038
-23.103273674;-46.957429835;731.0;59130;191.75835334476844;946.6583533447684;Line 329;0;147.96479684038
-23.103505198;-46.957277858;731.1;59100;191.66106346483704;946.561063464837;Line 329;0;147.96479684038
-23.103736723;-46.957125879;731.3;59070;191.56377358490565;946.4637735849057;Line 329;0;147.96479684038
-23.103968247;-46.9569739;730.7;59040;191.46648370497425;946.3664837049743;Line 329;0;147.96479684038
-23.104199771;-46.956821921;729.2;59010;191.36919382504286;946.2691938250429;Line 329;0;147.96479684038
-23.104431295;-46.956669941;726.7;58980;191.2719039451115;946.1719039451115;Line 329;0;147.96479684038
-23.104662819;-46.956517961;725.3;58950;191.1746140651801;946.0746140651801;Line 329;0;147.96479684038
-23.104894343;-46.95636598;724.5;58920;191.0773241852487;945.9773241852487;Line 329;0;147.96479684038
-23.105125867;-46.956213999;725.4;58890;190.9800343053173;945.8800343053173;Line 329;0;147.96479684038
-23.10535739;-46.956062017;728.0;58860;190.8827444253859;945.7827444253859;Line 329;0;147.96479684038
-23.105588914;-46.955910035;731.2;58830;190.78545454545454;945.6854545454545;Line 329;0;147.96479684038
-23.105820437;-46.955758052;734.5;58800;190.68816466552315;945.5881646655231;Line 329;0;147.96479684038
-23.10605196;-46.955606068;736.8;58770;190.59087478559175;945.4908747855917;Line 329;0;147.96479684038
-23.106283484;-46.955454085;739.0;58740;190.49358490566036;945.3935849056603;Line 329;0;147.96479684038
-23.106515007;-46.9553021;741.3;58710;190.39629502572896;945.2962950257289;Line 329;0;147.96479684038
-23.10674653;-46.955150115;742.8;58680;190.2990051457976;945.1990051457976;Line 329;0;147.96479684038
-23.106978052;-46.95499813;743.1;58650;190.2017152658662;945.1017152658662;Line 329;0;147.96479684038
-23.107209575;-46.954846144;742.8;58620;190.1044253859348;945.0044253859348;Line 329;0;147.96479684038
-23.107441098;-46.954694158;743.5;58590;190.0071355060034;944.9071355060034;Line 329;0;147.96479684038
-23.10767262;-46.954542171;744.7;58560;189.909845626072;944.809845626072;Line 329;0;147.96479684038
-23.107904142;-46.954390184;746.8;58530;189.81255574614065;944.7125557461407;Line 329;0;147.96479684038
-23.108135665;-46.954238196;750.0;58500;189.71526586620925;944.6152658662093;Line 329;0;147.96479684038
-23.108367187;-46.954086208;752.2;58470;189.61797598627786;944.5179759862779;Line 329;0;147.96479684038
-23.108598709;-46.953934219;749.1;58440;189.52068610634646;944.4206861063465;Line 329;0;147.96479684038
-23.10883023;-46.953782229;746.8;58410;189.42339622641506;944.3233962264151;Line 329;0;147.96479684038
-23.109061752;-46.95363024;745.3;58380;189.3261063464837;944.2261063464837;Line 329;0;147.96479684038
-23.109293274;-46.953478249;743.6;58350;189.2288164665523;944.1288164665523;Line 329;0;147.96479684038
-23.109524795;-46.953326258;741.3;58320;189.1315265866209;944.0315265866209;Line 329;0;147.96479684038
-23.109756317;-46.953174267;738.9;58290;189.0342367066895;943.9342367066895;Line 329;0;147.96479684038
-23.109987838;-46.953022275;737.4;58260;188.93694682675815;943.8369468267581;Line 329;0;147.96479684038
-23.110219359;-46.952870283;739.1;58230;188.83965694682675;943.7396569468267;Line 329;0;147.96479684038
-23.11045088;-46.95271829;740.8;58200;188.74236706689535;943.6423670668953;Line 329;0;147.96479684038
-23.110682401;-46.952566297;742.3;58170;188.645077186964;943.5450771869639;Line 329;0;147.96479684038
-23.110913922;-46.952414303;744.4;58140;188.5477873070326;943.4477873070325;Line 329;0;147.96479684038
-23.111145442;-46.952262308;747.4;58110;188.4504974271012;943.3504974271011;Line 329;0;147.96479684038
-23.111376963;-46.952110313;750.4;58080;188.35320754716983;943.2532075471698;Line 329;0;147.96479684038
-23.111608483;-46.951958318;753.2;58050;188.25591766723844;943.1559176672384;Line 329;0;147.96479684038
-23.111840004;-46.951806322;752.4;58020;188.15862778730704;943.058627787307;Line 329;0;147.96479684038
-23.112071524;-46.951654326;749.6;57990;188.06133790737564;942.9613379073757;Line 329;0;147.96479684038
-23.112303044;-46.951502329;745.4;57960;187.96404802744425;942.8640480274443;Line 329;0;147.96479684038
-23.112534564;-46.951350332;741.9;57930;187.86675814751288;942.7667581475129;Line 329;0;147.96479684038
-23.112766084;-46.951198334;740.9;57900;187.7694682675815;942.6694682675815;Line 329;0;147.96479684038
-23.112997604;-46.951046335;739.3;57870;187.6721783876501;942.5721783876501;Line 329;0;147.96479684038
-23.113229123;-46.950894336;737.1;57840;187.5748885077187;942.4748885077187;Line 329;0;147.96479684038
-23.113460643;-46.950742337;737.9;57810;187.4775986277873;942.3775986277873;Line 329;0;147.96479684038
-23.113692162;-46.950590337;741.3;57780;187.38030874785593;942.2803087478559;Line 329;0;147.96479684038
-23.113923681;-46.950438337;744.5;57750;187.28301886792454;942.1830188679245;Line 329;0;147.96479684038
-23.114155201;-46.950286336;747.5;57720;187.18572898799314;942.0857289879931;Line 329;0;147.96479684038
-23.11438672;-46.950134335;746.4;57690;187.08843910806175;941.9884391080617;Line 329;0;147.96479684038
-23.114618239;-46.949982333;745.2;57660;186.99114922813035;941.8911492281303;Line 329;0;147.96479684038
-23.114849757;-46.94983033;746.3;57630;186.893859348199;941.793859348199;Line 329;0;147.96479684038
-23.115081276;-46.949678327;746.7;57600;186.7965694682676;941.6965694682676;Line 329;0;147.96479684038
-23.115312795;-46.949526324;745.5;57570;186.6992795883362;941.5992795883362;Line 329;0;147.96479684038
-23.115544313;-46.94937432;742.2;57540;186.6019897084048;941.5019897084048;Line 329;0;147.96479684038
-23.115775831;-46.949222316;736.9;57510;186.5046998284734;941.4046998284734;Line 329;0;147.96479684038
-23.11600735;-46.949070311;734.1;57480;186.40740994854204;941.307409948542;Line 329;0;147.96479684038
-23.116238868;-46.948918305;732.5;57450;186.31012006861064;941.2101200686106;Line 329;0;147.96479684038
-23.116470386;-46.948766299;730.5;57420;186.21283018867925;941.1128301886793;Line 329;0;147.96479684038
-23.116701904;-46.948614293;728.5;57390;186.11554030874785;941.0155403087479;Line 329;0;147.96479684038
-23.116933421;-46.948462286;728.0;57360;186.01825042881646;940.9182504288165;Line 329;0;147.96479684038
-23.117164939;-46.948310279;727.8;57330;185.9209605488851;940.8209605488851;Line 329;0;147.96479684038
-23.117396456;-46.948158271;728.4;57300;185.8236706689537;940.7236706689537;Line 329;0;147.96479684038
-23.117627974;-46.948006262;728.8;57270;185.7263807890223;940.6263807890223;Line 329;0;147.96479684038
-23.117859491;-46.947854253;729.9;57240;185.6290909090909;940.5290909090909;Line 329;0;147.96479684038
-23.118091008;-46.947702244;732.7;57210;185.5318010291595;940.4318010291595;Line 329;0;147.96479684038
-23.118322525;-46.947550234;737.1;57180;185.43451114922814;940.3345111492281;Line 329;0;147.96479684038
-23.118554042;-46.947398224;732.9;57150;185.33722126929675;940.2372212692967;Line 329;0;147.96479684038
-23.118785559;-46.947246213;727.6;57120;185.23993138936535;940.1399313893653;Line 329;0;147.96479684038
-23.119017076;-46.947094201;722.7;57090;185.14264150943396;940.0426415094339;Line 329;0;147.96479684038
-23.119248592;-46.946942189;718.5;57060;185.04535162950256;939.9453516295025;Line 329;0;147.96479684038
-23.119480109;-46.946790177;714.8;57030;184.9480617495712;939.8480617495711;Line 329;0;147.96479684038
-23.119711625;-46.946638164;711.0;57000;184.8507718696398;939.7507718696397;Line 329;0;147.96479684038
-23.119943141;-46.946486151;707.3;56970;184.7534819897084;939.6534819897083;Line 329;0;147.96479684038
-23.120174657;-46.946334137;706.7;56940;184.656192109777;939.5561921097769;Line 329;0;147.96479684038
-23.120406173;-46.946182122;707.6;56910;184.55890222984561;939.4589022298455;Line 329;0;147.96479684038
-23.120637689;-46.946030107;709.4;56880;184.46161234991425;939.3616123499143;Line 329;0;147.96479684038
-23.120869205;-46.945878092;712.1;56850;184.36432246998285;939.2643224699829;Line 329;0;147.96479684038
-23.121100721;-46.945726076;715.3;56820;184.26703259005146;939.1670325900515;Line 329;0;147.96479684038
-23.121332236;-46.945574059;718.3;56790;184.16974271012006;939.0697427101201;Line 329;0;147.96479684038
-23.121563751;-46.945422042;721.0;56760;184.07245283018867;938.9724528301887;Line 329;0;147.96479684038
-23.121795267;-46.945270025;723.3;56730;183.9751629502573;938.8751629502573;Line 329;0;147.96479684038
-23.122026782;-46.945118007;725.3;56700;183.8778730703259;938.7778730703259;Line 329;0;147.96479684038
-23.122258297;-46.944965989;727.1;56670;183.7805831903945;938.6805831903945;Line 329;0;147.96479684038
-23.122489812;-46.94481397;728.3;56640;183.6832933104631;938.5832933104631;Line 329;0;147.96479684038
-23.122721327;-46.94466195;727.7;56610;183.58600343053172;938.4860034305317;Line 329;0;147.96479684038
-23.122952841;-46.94450993;726.4;56580;183.48871355060035;938.3887135506003;Line 329;0;147.96479684038
-23.123184356;-46.94435791;724.5;56550;183.39142367066896;938.2914236706689;Line 329;0;147.96479684038
-23.12341587;-46.944205889;721.7;56520;183.29413379073756;938.1941337907375;Line 329;0;147.96479684038
-23.123647385;-46.944053867;718.2;56490;183.19684391080617;938.0968439108061;Line 329;0;147.96479684038
-23.123878899;-46.943901845;715.9;56460;183.09955403087477;937.9995540308747;Line 329;0;147.96479684038
-23.124110413;-46.943749823;715.0;56430;183.0022641509434;937.9022641509434;Line 329;0;147.96479684038
-23.124341927;-46.9435978;716.3;56400;182.904974271012;937.804974271012;Line 329;0;147.96479684038
-23.124573441;-46.943445776;718.8;56370;182.8076843910806;937.7076843910806;Line 329;0;147.96479684038
-23.124804955;-46.943293752;722.0;56340;182.71039451114922;937.6103945111493;Line 329;0;147.96479684038
-23.125036468;-46.943141728;725.1;56310;182.61310463121782;937.5131046312179;Line 329;0;147.96479684038
-23.125267982;-46.942989703;726.7;56280;182.51581475128646;937.4158147512865;Line 329;0;147.96479684038
-23.125499495;-46.942837677;728.5;56250;182.41852487135506;937.3185248713551;Line 329;0;147.96479684038
-23.125731008;-46.942685651;730.4;56220;182.32123499142367;937.2212349914237;Line 329;0;147.96479684038
-23.125962522;-46.942533625;732.3;56190;182.22394511149227;937.1239451114923;Line 329;0;147.96479684038
-23.126194035;-46.942381598;732.2;56160;182.12665523156087;937.0266552315609;Line 329;0;147.96479684038
-23.126425548;-46.94222957;731.6;56130;182.0293653516295;936.9293653516295;Line 329;0;147.96479684038
-23.12665706;-46.942077542;730.9;56100;181.9320754716981;936.8320754716981;Line 329;0;147.96479684038
-23.126888573;-46.941925514;730.3;56070;181.83478559176672;936.7347855917667;Line 329;0;147.96479684038
-23.127120086;-46.941773485;729.7;56040;181.73749571183532;936.6374957118353;Line 329;0;147.96479684038
-23.127351598;-46.941621455;729.2;56010;181.64020583190393;936.5402058319039;Line 329;0;147.96479684038
-23.12758311;-46.941469425;728.9;55980;181.54291595197256;936.4429159519725;Line 329;0;147.96479684038
-23.127814623;-46.941317395;728.9;55950;181.44562607204116;936.3456260720411;Line 329;0;147.96479684038
-23.128046135;-46.941165364;729.1;55920;181.34833619210977;936.2483361921097;Line 329;0;147.96479684038
-23.128277647;-46.941013332;729.6;55890;181.25104631217837;936.1510463121783;Line 329;0;147.96479684038
-23.128509159;-46.9408613;728.3;55860;181.15375643224698;936.0537564322469;Line 329;0;147.96479684038
-23.12874067;-46.940709268;727.3;55830;181.0564665523156;935.9564665523155;Line 329;0;147.96479684038
-23.128972182;-46.940557235;726.9;55800;180.95917667238422;935.8591766723841;Line 329;0;147.96479684038
-23.129203694;-46.940405201;727.2;55770;180.86188679245282;935.7618867924527;Line 329;0;147.96479684038
-23.129435205;-46.940253167;728.9;55740;180.76459691252143;935.6645969125213;Line 329;0;147.96479684038
-23.129666716;-46.940101133;730.5;55710;180.66730703259003;935.56730703259;Line 329;0;147.96479684038
-23.129898227;-46.939949098;732.6;55680;180.57001715265866;935.4700171526587;Line 329;0;147.96479684038
-23.130129738;-46.939797062;736.2;55650;180.47272727272727;935.3727272727273;Line 329;0;147.96479684038
-23.130361249;-46.939645026;739.3;55620;180.37543739279587;935.2754373927959;Line 329;0;147.96479684038
-23.13059276;-46.93949299;741.7;55590;180.27814751286448;935.1781475128645;Line 329;0;147.96479684038
-23.130824271;-46.939340953;743.3;55560;180.18085763293308;935.0808576329331;Line 329;0;147.96479684038
-23.131055781;-46.939188915;745.7;55530;180.08356775300172;934.9835677530017;Line 329;0;147.96479684038
-23.131287292;-46.939036877;749.1;55500;179.98627787307032;934.8862778730703;Line 329;0;147.96479684038
-23.131518802;-46.938884838;753.0;55470;179.88898799313893;934.7889879931389;Line 329;0;147.96479684038
-23.131750312;-46.938732799;757.5;55440;179.79169811320753;934.6916981132075;Line 329;0;147.96479684038
-23.131981822;-46.93858076;761.9;55410;179.69440823327614;934.5944082332761;Line 329;0;147.96479684038
-23.132213332;-46.93842872;765.5;55380;179.59711835334477;934.4971183533447;Line 329;0;147.96479684038
-23.132444842;-46.938276679;767.5;55350;179.49982847341337;934.3998284734133;Line 329;0;147.96479684038
-23.132676352;-46.938124638;766.3;55320;179.40253859348198;934.3025385934819;Line 329;0;147.96479684038
-23.132907862;-46.937972596;764.6;55290;179.30524871355058;934.2052487135505;Line 329;0;147.96479684038
-23.133139371;-46.937820554;762.9;55260;179.2079588336192;934.1079588336191;Line 329;0;147.96479684038
-23.133370881;-46.937668512;761.4;55230;179.11066895368782;934.0106689536879;Line 329;0;147.96479684038
-23.13360239;-46.937516469;761.4;55200;179.01337907375643;933.9133790737565;Line 329;0;147.96479684038
-23.133833899;-46.937364425;761.6;55170;178.91608919382503;933.8160891938251;Line 329;0;147.96479684038
-23.134065408;-46.937212381;762.0;55140;178.81879931389363;933.7187993138937;Line 329;0;147.96479684038
-23.134296917;-46.937060337;761.8;55110;178.72150943396224;933.6215094339623;Line 329;0;147.96479684038
-23.134528426;-46.936908291;761.3;55080;178.62421955403087;933.5242195540309;Line 329;0;147.96479684038
-23.134759935;-46.936756246;761.4;55050;178.52692967409948;933.4269296740995;Line 329;0;147.96479684038
-23.134991443;-46.9366042;762.0;55020;178.42963979416808;933.3296397941681;Line 329;0;147.96479684038
-23.135222952;-46.936452153;762.1;54990;178.3323499142367;933.2323499142367;Line 329;0;147.96479684038
-23.13545446;-46.936300106;762.7;54960;178.2350600343053;933.1350600343053;Line 329;0;147.96479684038
-23.135685968;-46.936148058;763.7;54930;178.13777015437392;933.0377701543739;Line 329;0;147.96479684038
-23.135917476;-46.93599601;765.4;54900;178.04048027444253;932.9404802744425;Line 329;0;147.96479684038
-23.136148984;-46.935843962;767.1;54870;177.94319039451113;932.8431903945111;Line 329;0;147.96479684038
-23.136380492;-46.935691913;768.0;54840;177.84590051457974;932.7459005145797;Line 329;0;147.96479684038
-23.136612;-46.935539863;769.1;54810;177.74861063464834;932.6486106346483;Line 329;0;147.96479684038
-23.136843507;-46.935387813;768.7;54780;177.65132075471698;932.5513207547169;Line 329;0;147.96479684038
-23.137075015;-46.935235762;767.3;54750;177.55403087478558;932.4540308747855;Line 329;0;147.96479684038
-23.137306522;-46.935083711;765.6;54720;177.4567409948542;932.3567409948541;Line 329;0;147.96479684038
-23.13753803;-46.93493166;762.5;54690;177.3594511149228;932.2594511149227;Line 329;0;147.96479684038
-23.137769537;-46.934779607;757.4;54660;177.2621612349914;932.1621612349913;Line 329;0;147.96479684038
-23.138001044;-46.934627555;752.9;54630;177.16487135506003;932.06487135506;Line 329;0;147.96479684038
-23.138232551;-46.934475502;748.9;54600;177.06758147512863;931.9675814751286;Line 329;0;147.96479684038
-23.138464057;-46.934323448;747.4;54570;176.97029159519724;931.8702915951972;Line 329;0;147.96479684038
-23.138695564;-46.934171394;747.6;54540;176.87300171526584;931.7730017152658;Line 329;0;147.96479684038
-23.138927071;-46.934019339;748.4;54510;176.77571183533445;931.6757118353344;Line 329;0;147.96479684038
-23.139158577;-46.933867284;748.1;54480;176.67842195540308;931.5784219554031;Line 329;0;147.96479684038
-23.139390083;-46.933715228;747.7;54450;176.5811320754717;931.4811320754717;Line 329;0;147.96479684038
-23.13962159;-46.933563172;747.4;54420;176.4838421955403;931.3838421955403;Line 329;0;147.96479684038
-23.139853096;-46.933411116;747.0;54390;176.3865523156089;931.2865523156089;Line 329;0;147.96479684038
-23.140084602;-46.933259059;745.9;54360;176.2892624356775;931.1892624356775;Line 329;0;147.96479684038
-23.140316108;-46.933107001;743.6;54330;176.19197255574613;931.0919725557461;Line 329;0;147.96479684038
-23.140547613;-46.932954943;741.4;54300;176.09468267581474;930.9946826758147;Line 329;0;147.96479684038
-23.140779119;-46.932802884;739.3;54270;175.99739279588334;930.8973927958833;Line 329;0;147.96479684038
-23.141010624;-46.932650825;736.7;54240;175.90010291595198;930.8001029159519;Line 329;0;147.96479684038
-23.14124213;-46.932498765;734.0;54210;175.80281303602058;930.7028130360205;Line 329;0;147.96479684038
-23.141473635;-46.932346705;732.4;54180;175.70552315608919;930.6055231560891;Line 329;0;147.96479684038
-23.14170514;-46.932194644;731.0;54150;175.60823327615782;930.5082332761579;Line 329;0;147.96479684038
-23.141936645;-46.932042583;731.2;54120;175.51094339622642;930.4109433962265;Line 329;0;147.96479684038
-23.14216815;-46.931890522;731.7;54090;175.41365351629503;930.3136535162951;Line 329;0;147.96479684038
-23.142399655;-46.931738459;732.6;54060;175.31636363636363;930.2163636363637;Line 329;0;147.96479684038
-23.14263116;-46.931586397;733.9;54030;175.21907375643227;930.1190737564323;Line 329;0;147.96479684038
-23.142862664;-46.931434333;735.2;54000;175.12178387650087;930.0217838765009;Line 329;0;147.96479684038
-23.143094169;-46.93128227;736.1;53970;175.02449399656948;929.9244939965695;Line 329;0;147.96479684038
-23.143325673;-46.931130206;736.8;53940;174.92720411663808;929.8272041166381;Line 329;0;147.96479684038
-23.143557177;-46.930978141;737.0;53910;174.82991423670668;929.7299142367067;Line 329;0;147.96479684038
-23.143788681;-46.930826076;737.2;53880;174.73262435677532;929.6326243567753;Line 329;0;147.96479684038
-23.144020185;-46.93067401;736.6;53850;174.63533447684392;929.5353344768439;Line 329;0;147.96479684038
-23.144251689;-46.930521944;735.5;53820;174.53804459691253;929.4380445969125;Line 329;0;147.96479684038
-23.144483193;-46.930369877;734.3;53790;174.44075471698113;929.3407547169811;Line 329;0;147.96479684038
-23.144714696;-46.93021781;733.0;53760;174.34346483704974;929.2434648370497;Line 329;0;147.96479684038
-23.1449462;-46.930065742;731.8;53730;174.24617495711837;929.1461749571183;Line 329;0;147.96479684038
-23.145177703;-46.929913674;729.6;53700;174.14888507718697;929.0488850771869;Line 329;0;147.96479684038
-23.145409207;-46.929761605;727.4;53670;174.05159519725558;928.9515951972555;Line 329;0;147.96479684038
-23.14564071;-46.929609536;725.1;53640;173.95430531732418;928.8543053173241;Line 329;0;147.96479684038
-23.145872213;-46.929457466;722.6;53610;173.8570154373928;928.7570154373927;Line 329;0;147.96479684038
-23.146103716;-46.929305396;720.0;53580;173.75972555746142;928.6597255574613;Line 329;0;147.96479684038
-23.146335218;-46.929153325;717.5;53550;173.66243567753003;928.56243567753;Line 329;0;147.96479684038
-23.146566721;-46.929001254;716.0;53520;173.56514579759863;928.4651457975986;Line 329;0;147.96479684038
-23.146798224;-46.928849182;714.7;53490;173.46785591766724;928.3678559176672;Line 329;0;147.96479684038
-23.147029726;-46.92869711;713.6;53460;173.37056603773584;928.2705660377358;Line 329;0;147.96479684038
-23.147261228;-46.928545037;712.7;53430;173.27327615780447;928.1732761578045;Line 329;0;147.96479684038
-23.147492731;-46.928392964;712.0;53400;173.17598627787308;928.0759862778731;Line 329;0;147.96479684038
-23.147724233;-46.92824089;712.8;53370;173.07869639794168;927.9786963979417;Line 329;0;147.96479684038
-23.147955735;-46.928088816;713.4;53340;172.9814065180103;927.8814065180103;Line 329;0;147.96479684038
-23.148187237;-46.927936741;713.1;53310;172.8841166380789;927.7841166380789;Line 329;0;147.96479684038
-23.148418738;-46.927784666;712.5;53280;172.78682675814753;927.6868267581475;Line 329;0;147.96479684038
-23.14865024;-46.92763259;712.2;53250;172.68953687821613;927.5895368782161;Line 329;0;147.96479684038
-23.148881741;-46.927480514;712.0;53220;172.59224699828474;927.4922469982847;Line 329;0;147.96479684038
-23.149113243;-46.927328437;714.4;53190;172.49495711835334;927.3949571183533;Line 329;0;147.96479684038
-23.149344744;-46.92717636;717.1;53160;172.39766723842195;927.2976672384219;Line 329;0;147.96479684038
-23.149576245;-46.927024282;719.5;53130;172.30037735849058;927.2003773584905;Line 329;0;147.96479684038
-23.149807746;-46.926872204;721.5;53100;172.20308747855918;927.1030874785591;Line 329;0;147.96479684038
-23.150039247;-46.926720125;722.7;53070;172.1057975986278;927.0057975986277;Line 329;0;147.96479684038
-23.150270748;-46.926568046;721.5;53040;172.0085077186964;926.9085077186963;Line 329;0;147.96479684038
-23.150502248;-46.926415966;719.7;53010;171.911217838765;926.811217838765;Line 329;0;147.96479684038
-23.150733749;-46.926263886;717.4;52980;171.81392795883363;926.7139279588337;Line 329;0;147.96479684038
-23.150965249;-46.926111805;716.4;52950;171.71663807890224;926.6166380789023;Line 329;0;147.96479684038
-23.15119675;-46.925959724;716.3;52920;171.61934819897084;926.5193481989709;Line 329;0;147.96479684038
-23.15142825;-46.925807642;716.4;52890;171.52205831903944;926.4220583190395;Line 329;0;147.96479684038
-23.15165975;-46.92565556;716.9;52860;171.42476843910805;926.3247684391081;Line 329;0;147.96479684038
-23.15189125;-46.925503477;719.2;52830;171.32747855917668;926.2274785591767;Line 329;0;147.96479684038
-23.15212275;-46.925351393;722.6;52800;171.2301886792453;926.1301886792453;Line 329;0;147.96479684038
-23.15235425;-46.92519931;727.1;52770;171.1328987993139;926.0328987993139;Line 329;0;147.96479684038
-23.152585749;-46.925047225;731.4;52740;171.0356089193825;925.9356089193825;Line 329;0;147.96479684038
-23.152817249;-46.92489514;732.0;52710;170.9383190394511;925.8383190394511;Line 329;0;147.96479684038
-23.153048748;-46.924743055;732.6;52680;170.84102915951974;925.7410291595197;Line 329;0;147.96479684038
-23.153280247;-46.924590969;734.0;52650;170.74373927958834;925.6437392795883;Line 329;0;147.96479684038
-23.153511746;-46.924438883;733.0;52620;170.64644939965694;925.5464493996569;Line 329;0;147.96479684038
-23.153743245;-46.924286796;730.8;52590;170.54915951972555;925.4491595197255;Line 329;0;147.96479684038
-23.153974744;-46.924134709;728.2;52560;170.45186963979415;925.3518696397941;Line 329;0;147.96479684038
-23.154206243;-46.923982621;727.2;52530;170.3545797598628;925.2545797598627;Line 329;0;147.96479684038
-23.154437742;-46.923830533;729.2;52500;170.2572898799314;925.1572898799313;Line 329;0;147.96479684038
-23.15466924;-46.923678444;730.8;52470;170.16;925.06;Line 329;0;147.96479684038
-23.154900739;-46.923526354;731.9;52440;170.0627101200686;924.9627101200686;Line 329;0;147.96479684038
-23.155132237;-46.923374265;732.9;52410;169.9654202401372;924.8654202401372;Line 329;0;147.96479684038
-23.155363735;-46.923222174;732.1;52380;169.86813036020584;924.7681303602058;Line 329;0;147.96479684038
-23.155595233;-46.923070083;729.8;52350;169.77084048027444;924.6708404802744;Line 329;0;147.96479684038
-23.155826731;-46.922917992;726.6;52320;169.67355060034305;924.573550600343;Line 329;0;147.96479684038
-23.156058229;-46.9227659;722.6;52290;169.57626072041165;924.4762607204116;Line 329;0;147.96479684038
-23.156289727;-46.922613808;719.8;52260;169.47897084048026;924.3789708404802;Line 329;0;147.96479684038
-23.156521224;-46.922461715;718.2;52230;169.3816809605489;924.2816809605489;Line 329;0;147.96479684038
-23.156752722;-46.922309621;718.5;52200;169.2843910806175;924.1843910806175;Line 329;0;147.96479684038
-23.156984219;-46.922157528;720.9;52170;169.1871012006861;924.0871012006861;Line 329;0;147.96479684038
-23.157215716;-46.922005433;723.3;52140;169.0898113207547;923.9898113207547;Line 329;0;147.96479684038
-23.157447213;-46.921853338;725.7;52110;168.9925214408233;923.8925214408233;Line 329;0;147.96479684038
-23.15767871;-46.921701243;728.3;52080;168.89523156089194;923.7952315608919;Line 329;0;147.96479684038
-23.157910207;-46.921549147;730.8;52050;168.79794168096055;923.6979416809605;Line 329;0;147.96479684038
-23.158141704;-46.921397051;733.3;52020;168.70065180102915;923.6006518010291;Line 329;0;147.96479684038
-23.158373201;-46.921244954;735.7;51990;168.60336192109776;923.5033619210977;Line 329;0;147.96479684038
-23.158604697;-46.921092856;737.8;51960;168.50607204116636;923.4060720411663;Line 329;0;147.96479684038
-23.158836194;-46.920940758;740.4;51930;168.408782161235;923.308782161235;Line 329;0;147.96479684038
-23.15906769;-46.92078866;743.1;51900;168.3114922813036;923.2114922813035;Line 329;0;147.96479684038
-23.159299186;-46.920636561;741.4;51870;168.2142024013722;923.1142024013722;Line 329;0;147.96479684038
-23.159530682;-46.920484462;737.9;51840;168.1169125214408;923.0169125214408;Line 329;0;147.96479684038
-23.159762178;-46.920332362;735.1;51810;168.01962264150941;922.9196226415094;Line 329;0;147.96479684038
-23.159993674;-46.920180261;733.0;51780;167.92233276157805;922.8223327615781;Line 329;0;147.96479684038
-23.16022517;-46.92002816;732.2;51750;167.82504288164665;922.7250428816467;Line 329;0;147.96479684038
-23.160456665;-46.919876059;732.1;51720;167.72775300171526;922.6277530017153;Line 329;0;147.96479684038
-23.160688161;-46.919723957;732.5;51690;167.63046312178386;922.5304631217839;Line 329;0;147.96479684038
-23.160919656;-46.919571854;733.9;51660;167.53317324185247;922.4331732418525;Line 329;0;147.96479684038
-23.161151151;-46.919419751;736.1;51630;167.4358833619211;922.3358833619211;Line 329;0;147.96479684038
-23.161382646;-46.919267648;738.0;51600;167.3385934819897;922.2385934819897;Line 329;0;147.96479684038
-23.161614141;-46.919115544;739.1;51570;167.2413036020583;922.1413036020583;Line 329;0;147.96479684038
-23.161845636;-46.91896344;740.0;51540;167.1440137221269;922.0440137221269;Line 329;0;147.96479684038
-23.162077131;-46.918811335;740.7;51510;167.04672384219552;921.9467238421955;Line 329;0;147.96479684038
-23.162308625;-46.918659229;741.1;51480;166.94943396226415;921.8494339622641;Line 329;0;147.96479684038
-23.16254012;-46.918507123;741.0;51450;166.85214408233276;921.7521440823327;Line 329;0;147.96479684038
-23.162771614;-46.918355017;739.7;51420;166.75485420240136;921.6548542024013;Line 329;0;147.96479684038
-23.163003109;-46.91820291;738.0;51390;166.65756432246997;921.55756432247;Line 329;0;147.96479684038
-23.163234603;-46.918050802;736.2;51360;166.56027444253857;921.4602744425385;Line 329;0;147.96479684038
-23.163466097;-46.917898694;731.9;51330;166.4629845626072;921.3629845626072;Line 329;0;147.96479684038
-23.163697591;-46.917746586;726.9;51300;166.3656946826758;921.2656946826758;Line 329;0;147.96479684038
-23.163929085;-46.917594477;723.2;51270;166.2684048027444;921.1684048027444;Line 329;0;147.96479684038
-23.164160578;-46.917442367;720.9;51240;166.17111492281302;921.071114922813;Line 329;0;147.96479684038
-23.164392072;-46.917290257;718.5;51210;166.07382504288162;920.9738250428816;Line 329;0;147.96479684038
-23.164623565;-46.917138147;716.2;51180;165.97653516295026;920.8765351629502;Line 329;0;147.96479684038
-23.164855059;-46.916986036;714.1;51150;165.87924528301886;920.7792452830188;Line 329;0;147.96479684038
-23.165086552;-46.916833924;712.3;51120;165.78195540308747;920.6819554030874;Line 329;0;147.96479684038
-23.165318045;-46.916681812;710.5;51090;165.68466552315607;920.584665523156;Line 329;0;147.96479684038
-23.165549538;-46.9165297;708.2;51060;165.58737564322468;920.4873756432246;Line 329;0;147.96479684038
-23.165781031;-46.916377587;706.6;51030;165.4900857632933;920.3900857632933;Line 329;0;147.96479684038
-23.166012523;-46.916225473;706.7;51000;165.3927958833619;920.2927958833619;Line 329;0;147.96479684038
-23.166244016;-46.916073359;706.5;50970;165.29550600343052;920.1955060034305;Line 329;0;147.96479684038
-23.166475509;-46.915921245;705.6;50940;165.19821612349912;920.0982161234991;Line 329;0;147.96479684038
-23.166707001;-46.91576913;703.6;50910;165.10092624356773;920.0009262435677;Line 329;0;147.96479684038
-23.166938493;-46.915617014;702.0;50880;165.00363636363636;919.9036363636363;Line 329;0;147.96479684038
-23.167169985;-46.915464898;700.5;50850;164.90634648370497;919.8063464837049;Line 329;0;147.96479684038
-23.167401477;-46.915312781;699.1;50820;164.80905660377357;919.7090566037735;Line 329;0;147.96479684038
-23.167632969;-46.915160664;698.7;50790;164.71176672384217;919.6117667238422;Line 329;0;147.96479684038
-23.167864461;-46.915008547;698.9;50760;164.61447684391078;919.5144768439108;Line 329;0;147.96479684038
-23.168095953;-46.914856429;699.4;50730;164.5171869639794;919.4171869639794;Line 329;0;147.96479684038
-23.168327444;-46.91470431;700.0;50700;164.41989708404802;919.319897084048;Line 329;0;147.96479684038
-23.168558936;-46.914552191;700.5;50670;164.32260720411662;919.2226072041166;Line 329;0;147.96479684038
-23.168790427;-46.914400072;701.1;50640;164.22531732418523;919.1253173241852;Line 329;0;147.96479684038
-23.169021918;-46.914247951;701.7;50610;164.12802744425383;919.0280274442538;Line 329;0;147.96479684038
-23.169253409;-46.914095831;702.2;50580;164.03073756432246;918.9307375643225;Line 329;0;147.96479684038
-23.1694849;-46.91394371;702.8;50550;163.93344768439107;918.8334476843911;Line 329;0;147.96479684038
-23.169716391;-46.913791588;703.3;50520;163.83615780445967;918.7361578044597;Line 329;0;147.96479684038
-23.169947882;-46.913639466;703.9;50490;163.73886792452828;918.6388679245283;Line 329;0;147.96479684038
-23.170179372;-46.913487343;703.9;50460;163.64157804459688;918.5415780445969;Line 329;0;147.96479684038
-23.170410863;-46.91333522;704.0;50430;163.54428816466552;918.4442881646655;Line 329;0;147.96479684038
-23.170642353;-46.913183097;704.1;50400;163.44699828473412;918.3469982847341;Line 329;0;147.96479684038
-23.170873843;-46.913030973;704.2;50370;163.34970840480273;918.2497084048027;Line 329;0;147.96479684038
-23.171105334;-46.912878848;703.7;50340;163.25241852487133;918.1524185248713;Line 329;0;147.96479684038
-23.171336824;-46.912726723;703.1;50310;163.15512864493994;918.0551286449399;Line 329;0;147.96479684038
-23.171568313;-46.912574597;702.3;50280;163.05783876500857;917.9578387650085;Line 329;0;147.96479684038
-23.171799803;-46.912422471;702.2;50250;162.96054888507717;917.8605488850772;Line 329;0;147.96479684038
-23.172031293;-46.912270345;702.3;50220;162.86325900514578;917.7632590051458;Line 329;0;147.96479684038
-23.172262782;-46.912118217;702.1;50190;162.7659691252144;917.6659691252144;Line 329;0;147.96479684038
-23.172494272;-46.91196609;701.4;50160;162.66867924528302;917.568679245283;Line 329;0;147.96479684038
-23.172725761;-46.911813962;701.2;50130;162.57138936535162;917.4713893653516;Line 329;0;147.96479684038
-23.17295725;-46.911661833;701.0;50100;162.47409948542025;917.3740994854202;Line 329;0;147.96479684038
-23.173188739;-46.911509704;701.1;50070;162.37680960548886;917.2768096054888;Line 329;0;147.96479684038
-23.173420228;-46.911357574;701.1;50040;162.27951972555746;917.1795197255574;Line 329;0;147.96479684038
-23.173651717;-46.911205444;701.2;50010;162.18222984562607;917.082229845626;Line 329;0;147.96479684038
-23.173883206;-46.911053313;701.2;49980;162.0849399656947;916.9849399656947;Line 329;0;147.96479684038
-23.174114694;-46.910901182;701.1;49950;161.9876500857633;916.8876500857633;Line 329;0;147.96479684038
-23.174346183;-46.91074905;701.3;49920;161.8903602058319;916.7903602058319;Line 329;0;147.96479684038
-23.174577671;-46.910596918;701.8;49890;161.79307032590052;916.6930703259005;Line 329;0;147.96479684038
-23.174809159;-46.910444786;702.5;49860;161.69578044596912;916.5957804459691;Line 329;0;147.96479684038
-23.175040648;-46.910292652;703.3;49830;161.59849056603775;916.4984905660377;Line 329;0;147.96479684038
-23.175272136;-46.910140519;703.6;49800;161.50120068610636;916.4012006861063;Line 329;0;147.96479684038
-23.175503623;-46.909988385;703.4;49770;161.40391080617496;916.3039108061749;Line 329;0;147.96479684038
-23.175735111;-46.90983625;702.9;49740;161.30662092624357;916.2066209262435;Line 329;0;147.96479684038
-23.175966599;-46.909684115;703.4;49710;161.20933104631217;916.1093310463121;Line 329;0;147.96479684038
-23.176198086;-46.909531979;704.4;49680;161.1120411663808;916.0120411663808;Line 329;0;147.96479684038
-23.176429574;-46.909379843;705.3;49650;161.0147512864494;915.9147512864494;Line 329;0;147.96479684038
-23.176661061;-46.909227706;706.1;49620;160.91746140651802;915.817461406518;Line 329;0;147.96479684038
-23.176892548;-46.909075569;707.8;49590;160.82017152658662;915.7201715265866;Line 329;0;147.96479684038
-23.177124035;-46.908923431;709.2;49560;160.72288164665522;915.6228816466552;Line 329;0;147.96479684038
-23.177355522;-46.908771293;710.2;49530;160.62559176672386;915.5255917667239;Line 329;0;147.96479684038
-23.177587009;-46.908619154;711.0;49500;160.52830188679246;915.4283018867925;Line 329;0;147.96479684038
-23.177818496;-46.908467015;711.9;49470;160.43101200686107;915.3310120068611;Line 329;0;147.96479684038
-23.178049982;-46.908314875;712.9;49440;160.33372212692967;915.2337221269297;Line 329;0;147.96479684038
-23.178281469;-46.908162735;714.2;49410;160.23643224699828;915.1364322469983;Line 329;0;147.96479684038
-23.178512955;-46.908010594;716.3;49380;160.1391423670669;915.0391423670669;Line 329;0;147.96479684038
-23.178744441;-46.907858453;718.4;49350;160.04185248713551;914.9418524871355;Line 329;0;147.96479684038
-23.178975927;-46.907706311;720.2;49320;159.94456260720412;914.8445626072041;Line 329;0;147.96479684038
-23.179207413;-46.907554169;721.5;49290;159.84727272727272;914.7472727272727;Line 329;0;147.96479684038
-23.179438899;-46.907402026;721.4;49260;159.74998284734133;914.6499828473413;Line 329;0;147.96479684038
-23.179670385;-46.907249883;720.7;49230;159.65269296740996;914.5526929674099;Line 329;0;147.96479684038
-23.17990187;-46.907097739;719.5;49200;159.55540308747857;914.4554030874785;Line 329;0;147.96479684038
-23.180133356;-46.906945595;716.7;49170;159.45811320754717;914.3581132075471;Line 329;0;147.96479684038
-23.180364841;-46.90679345;713.0;49140;159.36082332761578;914.2608233276158;Line 329;0;147.96479684038
-23.180596327;-46.906641305;709.6;49110;159.26353344768438;914.1635334476844;Line 329;0;147.96479684038
-23.180827812;-46.906489159;707.4;49080;159.166243567753;914.066243567753;Line 329;0;147.96479684038
-23.181059297;-46.906337013;706.7;49050;159.06895368782162;913.9689536878216;Line 329;0;147.96479684038
-23.181290782;-46.906184866;705.9;49020;158.97166380789022;913.8716638078902;Line 329;0;147.96479684038
-23.181522266;-46.906032718;705.1;48990;158.87437392795883;913.7743739279588;Line 329;0;147.96479684038
-23.181753751;-46.905880571;704.6;48960;158.77708404802743;913.6770840480274;Line 329;0;147.96479684038
-23.181985236;-46.905728422;705.3;48930;158.67979416809607;913.579794168096;Line 329;0;147.96479684038
-23.18221672;-46.905576274;706.3;48900;158.58250428816467;913.4825042881646;Line 329;0;147.96479684038
-23.182448204;-46.905424124;707.3;48870;158.48521440823328;913.3852144082332;Line 329;0;147.96479684038
-23.182679689;-46.905271974;707.9;48840;158.38792452830188;913.2879245283018;Line 329;0;147.96479684038
-23.182911173;-46.905119824;708.1;48810;158.29063464837049;913.1906346483704;Line 329;0;147.96479684038
-23.183142657;-46.904967673;708.0;48780;158.19334476843912;913.0933447684391;Line 329;0;147.96479684038
-23.18337414;-46.904815522;707.9;48750;158.09605488850772;912.9960548885077;Line 329;0;147.96479684038
-23.183605624;-46.90466337;707.1;48720;157.99876500857633;912.8987650085763;Line 329;0;147.96479684038
-23.183837108;-46.904511218;706.1;48690;157.90147512864493;912.8014751286449;Line 329;0;147.96479684038
-23.184068591;-46.904359065;704.9;48660;157.80418524871354;912.7041852487135;Line 329;0;147.96479684038
-23.184300075;-46.904206911;704.9;48630;157.70689536878217;912.6068953687821;Line 329;0;147.96479684038
-23.184531558;-46.904054758;706.9;48600;157.60960548885078;912.5096054888508;Line 329;0;147.96479684038
-23.184763041;-46.903902603;708.9;48570;157.51231560891938;912.4123156089194;Line 329;0;147.96479684038
-23.184994524;-46.903750448;710.5;48540;157.41502572898798;912.315025728988;Line 329;0;147.96479684038
-23.185226007;-46.903598293;711.6;48510;157.3177358490566;912.2177358490566;Line 329;0;147.96479684038
-23.18545749;-46.903446137;712.7;48480;157.22044596912522;912.1204459691252;Line 329;0;147.96479684038
-23.185688972;-46.903293981;714.0;48450;157.12315608919383;912.0231560891938;Line 329;0;147.96479684038
-23.185920455;-46.903141824;716.0;48420;157.02586620926243;911.9258662092624;Line 329;0;147.96479684038
-23.186151937;-46.902989666;718.3;48390;156.92857632933104;911.828576329331;Line 329;0;147.96479684038
-23.186383419;-46.902837508;720.4;48360;156.83128644939964;911.7312864493996;Line 329;0;147.96479684038
-23.186614902;-46.90268535;722.5;48330;156.73399656946827;911.6339965694683;Line 329;0;147.96479684038
-23.186846384;-46.902533191;724.4;48300;156.63670668953688;911.5367066895369;Line 329;0;147.96479684038
-23.187077866;-46.902381032;726.9;48270;156.53941680960548;911.4394168096055;Line 329;0;147.96479684038
-23.187309347;-46.902228872;730.1;48240;156.4421269296741;911.3421269296741;Line 329;0;147.96479684038
-23.187540829;-46.902076711;733.8;48210;156.3448370497427;911.2448370497427;Line 329;0;147.96479684038
-23.187772311;-46.90192455;737.2;48180;156.24754716981133;911.1475471698113;Line 329;0;147.96479684038
-23.188003792;-46.901772389;740.0;48150;156.15025728987993;911.0502572898799;Line 329;0;147.96479684038
-23.188235273;-46.901620227;741.9;48120;156.05296740994854;910.9529674099485;Line 329;0;147.96479684038
-23.188466755;-46.901468065;743.2;48090;155.95567753001714;910.8556775300171;Line 329;0;147.96479684038
-23.188698236;-46.901315902;744.8;48060;155.85838765008575;910.7583876500858;Line 329;0;147.96479684038
-23.188929717;-46.901163738;746.4;48030;155.76109777015438;910.6610977701544;Line 329;0;147.96479684038
-23.189161198;-46.901011574;748.1;48000;155.66380789022298;910.563807890223;Line 329;0;147.96479684038
-23.189392678;-46.90085941;750.7;47970;155.5665180102916;910.4665180102916;Line 329;0;147.96479684038
-23.189624159;-46.900707245;753.8;47940;155.4692281303602;910.3692281303602;Line 329;0;147.96479684038
-23.189855639;-46.900555079;756.8;47910;155.3719382504288;910.2719382504288;Line 329;0;147.96479684038
-23.19008712;-46.900402913;759.4;47880;155.27464837049743;910.1746483704974;Line 329;0;147.96479684038
-23.1903186;-46.900250747;761.2;47850;155.17735849056604;910.077358490566;Line 329;0;147.96479684038
-23.19055008;-46.90009858;763.2;47820;155.08006861063464;909.9800686106346;Line 329;0;147.96479684038
-23.19078156;-46.899946412;765.2;47790;154.98277873070325;909.8827787307032;Line 329;0;147.96479684038
-23.19101304;-46.899794244;768.3;47760;154.88548885077185;909.7854888507718;Line 329;0;147.96479684038
-23.19124452;-46.899642076;771.7;47730;154.78819897084048;909.6881989708404;Line 329;0;147.96479684038
-23.191476;-46.899489907;775.2;47700;154.6909090909091;909.590909090909;Line 329;0;147.96479684038
-23.191707479;-46.899337737;778.6;47670;154.5936192109777;909.4936192109776;Line 329;0;147.96479684038
-23.191938959;-46.899185567;781.1;47640;154.4963293310463;909.3963293310462;Line 329;0;147.96479684038
-23.192170438;-46.899033397;782.8;47610;154.3990394511149;909.2990394511148;Line 329;0;147.96479684038
-23.192401917;-46.898881226;784.5;47580;154.30174957118354;909.2017495711835;Line 329;0;147.96479684038
-23.192633396;-46.898729054;785.3;47550;154.20445969125214;909.1044596912521;Line 329;0;147.96479684038
-23.192864875;-46.898576882;786.0;47520;154.10716981132074;909.0071698113208;Line 329;0;147.96479684038
-23.193096354;-46.89842471;787.5;47490;154.00987993138935;908.9098799313894;Line 329;0;147.96479684038
-23.193327833;-46.898272537;789.2;47460;153.91259005145795;908.812590051458;Line 329;0;147.96479684038
-23.193559311;-46.898120363;787.5;47430;153.8153001715266;908.7153001715266;Line 329;0;147.96479684038
-23.19379079;-46.897968189;786.9;47400;153.7180102915952;908.6180102915952;Line 329;0;147.96479684038
-23.194022268;-46.897816015;787.4;47370;153.6207204116638;908.5207204116638;Line 329;0;147.96479684038
-23.194253746;-46.897663839;789.3;47340;153.5234305317324;908.4234305317324;Line 329;0;147.96479684038
-23.194485225;-46.897511664;792.2;47310;153.426140651801;908.326140651801;Line 329;0;147.96479684038
-23.194716703;-46.897359488;793.8;47280;153.32885077186964;908.2288507718696;Line 329;0;147.96479684038
-23.19494818;-46.897207311;796.0;47250;153.23156089193824;908.1315608919382;Line 329;0;147.96479684038
-23.195179658;-46.897055134;797.4;47220;153.13427101200685;908.0342710120068;Line 329;0;147.96479684038
-23.195411136;-46.896902957;798.9;47190;153.03698113207545;907.9369811320754;Line 329;0;147.96479684038
-23.195642613;-46.896750778;800.8;47160;152.93969125214406;907.839691252144;Line 329;0;147.96479684038
-23.195874091;-46.8965986;801.6;47130;152.8424013722127;907.7424013722127;Line 329;0;147.96479684038
-23.196105568;-46.896446421;799.8;47100;152.7451114922813;907.6451114922813;Line 329;0;147.96479684038
-23.196337045;-46.896294241;798.7;47070;152.6478216123499;907.5478216123499;Line 329;0;147.96479684038
-23.196568522;-46.896142061;798.5;47040;152.5505317324185;907.4505317324185;Line 329;0;147.96479684038
-23.196799999;-46.89598988;797.9;47010;152.4532418524871;907.3532418524871;Line 329;0;147.96479684038
-23.197031476;-46.895837699;796.6;46980;152.35595197255574;907.2559519725557;Line 329;0;147.96479684038
-23.197262953;-46.895685518;793.9;46950;152.25866209262435;907.1586620926244;Line 329;0;147.96479684038
-23.197494429;-46.895533336;791.4;46920;152.16137221269295;907.061372212693;Line 329;0;147.96479684038
-23.197725906;-46.895381153;788.4;46890;152.06408233276156;906.9640823327616;Line 329;0;147.96479684038
-23.197957382;-46.89522897;784.8;46860;151.96679245283016;906.8667924528302;Line 329;0;147.96479684038
-23.198188858;-46.895076786;780.7;46830;151.8695025728988;906.7695025728988;Line 329;0;147.96479684038
-23.198420334;-46.894924602;777.7;46800;151.7722126929674;906.6722126929674;Line 329;0;147.96479684038
-23.19865181;-46.894772417;776.7;46770;151.674922813036;906.574922813036;Line 329;0;147.96479684038
-23.198883286;-46.894620232;775.1;46740;151.5776329331046;906.4776329331046;Line 329;0;147.96479684038
-23.199114762;-46.894468046;773.1;46710;151.48034305317321;906.3803430531732;Line 329;0;147.96479684038
-23.199346238;-46.89431586;773.7;46680;151.38305317324185;906.2830531732418;Line 329;0;147.96479684038
-23.199577713;-46.894163674;775.4;46650;151.28576329331045;906.1857632933104;Line 329;0;147.96479684038
-23.199809188;-46.894011486;776.6;46620;151.18847341337906;906.088473413379;Line 329;0;147.96479684038
-23.200040664;-46.893859299;777.3;46590;151.09118353344766;905.9911835334476;Line 329;0;147.96479684038
-23.200272139;-46.89370711;777.4;46560;150.99389365351627;905.8938936535162;Line 329;0;147.96479684038
-23.200503614;-46.893554922;777.6;46530;150.8966037735849;905.7966037735848;Line 329;0;147.96479684038
-23.200735089;-46.893402733;777.9;46500;150.7993138936535;905.6993138936534;Line 329;0;147.96479684038
-23.200966564;-46.893250543;776.8;46470;150.7020240137221;905.602024013722;Line 329;0;147.96479684038
-23.201198038;-46.893098353;774.5;46440;150.6047341337907;905.5047341337906;Line 329;0;147.96479684038
-23.201429513;-46.892946162;772.0;46410;150.50744425385932;905.4074442538592;Line 329;0;147.96479684038
-23.201660987;-46.892793971;769.3;46380;150.41015437392795;905.310154373928;Line 329;0;147.96479684038
-23.201892461;-46.892641779;767.1;46350;150.31286449399656;905.2128644939966;Line 329;0;147.96479684038
-23.202123936;-46.892489587;765.6;46320;150.21557461406516;905.1155746140652;Line 329;0;147.96479684038
-23.20235541;-46.892337394;766.1;46290;150.11828473413377;905.0182847341338;Line 329;0;147.96479684038
-23.202586884;-46.892185201;766.7;46260;150.0209948542024;904.9209948542024;Line 329;0;147.96479684038
-23.202818358;-46.892033007;767.7;46230;149.923704974271;904.823704974271;Line 329;0;147.96479684038
-23.203049831;-46.891880813;769.0;46200;149.8264150943396;904.7264150943396;Line 329;0;147.96479684038
-23.203281305;-46.891728618;770.6;46170;149.72912521440824;904.6291252144082;Line 329;0;147.96479684038
-23.203512778;-46.891576423;773.0;46140;149.63183533447685;904.5318353344768;Line 329;0;147.96479684038
-23.203744252;-46.891424227;774.5;46110;149.53454545454545;904.4345454545454;Line 329;0;147.96479684038
-23.203975725;-46.891272031;774.8;46080;149.43725557461408;904.3372555746141;Line 329;0;147.96479684038
-23.204207198;-46.891119834;773.9;46050;149.3399656946827;904.2399656946827;Line 329;0;147.96479684038
-23.204438671;-46.890967637;772.6;46020;149.2426758147513;904.1426758147513;Line 329;0;147.96479684038
-23.204670144;-46.890815439;770.7;45990;149.1453859348199;904.0453859348199;Line 329;0;147.96479684038
-23.204901617;-46.89066324;768.1;45960;149.0480960548885;903.9480960548885;Line 329;0;147.96479684038
-23.205133089;-46.890511042;765.3;45930;148.95080617495714;903.8508061749571;Line 329;0;147.96479684038
-23.205364562;-46.890358842;762.7;45900;148.85351629502574;903.7535162950257;Line 329;0;147.96479684038
-23.205596034;-46.890206643;760.3;45870;148.75622641509435;903.6562264150944;Line 329;0;147.96479684038
-23.205827506;-46.890054442;757.9;45840;148.65893653516295;903.558936535163;Line 329;0;147.96479684038
-23.206058979;-46.889902241;752.9;45810;148.56164665523156;903.4616466552316;Line 329;0;147.96479684038
-23.206290451;-46.88975004;748.1;45780;148.4643567753002;903.3643567753002;Line 329;0;147.96479684038
-23.206521923;-46.889597838;743.3;45750;148.3670668953688;903.2670668953688;Line 329;0;147.96479684038
-23.206753394;-46.889445636;740.0;45720;148.2697770154374;903.1697770154374;Line 329;0;147.96479684038
-23.206984866;-46.889293433;739.2;45690;148.172487135506;903.072487135506;Line 329;0;147.96479684038
-23.207216338;-46.88914123;739.2;45660;148.0751972555746;902.9751972555746;Line 329;0;147.96479684038
-23.207447809;-46.888989026;739.6;45630;147.97790737564324;902.8779073756432;Line 329;0;147.96479684038
-23.20767928;-46.888836821;742.6;45600;147.88061749571185;902.7806174957118;Line 329;0;147.96479684038
-23.207910752;-46.888684617;745.8;45570;147.78332761578045;902.6833276157804;Line 329;0;147.96479684038
-23.208142223;-46.888532411;748.7;45540;147.68603773584906;902.586037735849;Line 329;0;147.96479684038
-23.208373694;-46.888380205;750.8;45510;147.58874785591766;902.4887478559176;Line 329;0;147.96479684038
-23.208605164;-46.888227999;751.3;45480;147.4914579759863;902.3914579759862;Line 329;0;147.96479684038
-23.208836635;-46.888075792;751.7;45450;147.3941680960549;902.2941680960548;Line 329;0;147.96479684038
-23.209068106;-46.887923585;751.9;45420;147.2968782161235;902.1968782161234;Line 329;0;147.96479684038
-23.209299576;-46.887771377;750.1;45390;147.1995883361921;902.099588336192;Line 329;0;147.96479684038
-23.209531047;-46.887619168;746.6;45360;147.1022984562607;902.0022984562606;Line 329;0;147.96479684038
-23.209762517;-46.887466959;742.6;45330;147.00500857632935;901.9050085763294;Line 329;0;147.96479684038
-23.209993987;-46.88731475;739.0;45300;146.90771869639795;901.807718696398;Line 329;0;147.96479684038
-23.210225457;-46.88716254;736.2;45270;146.81042881646655;901.7104288164666;Line 329;0;147.96479684038
-23.210456927;-46.88701033;734.7;45240;146.71313893653516;901.6131389365352;Line 329;0;147.96479684038
-23.210688397;-46.886858119;734.7;45210;146.61584905660376;901.5158490566038;Line 329;0;147.96479684038
-23.210919866;-46.886705907;736.5;45180;146.5185591766724;901.4185591766724;Line 329;0;147.96479684038
-23.211151336;-46.886553695;738.2;45150;146.421269296741;901.321269296741;Line 329;0;147.96479684038
-23.211382805;-46.886401483;739.4;45120;146.3239794168096;901.2239794168096;Line 329;0;147.96479684038
-23.211614275;-46.88624927;740.1;45090;146.2266895368782;901.1266895368782;Line 329;0;147.96479684038
-23.211845744;-46.886097056;740.6;45060;146.12939965694682;901.0293996569468;Line 329;0;147.96479684038
-23.212077213;-46.885944842;740.8;45030;146.03210977701545;900.9321097770154;Line 329;0;147.96479684038
-23.212308682;-46.885792628;740.9;45000;145.93481989708405;900.834819897084;Line 329;0;147.96479684038
-23.212540151;-46.885640413;741.3;44970;145.83753001715266;900.7375300171526;Line 329;0;147.96479684038
-23.212771619;-46.885488197;742.0;44940;145.74024013722126;900.6402401372212;Line 329;0;147.96479684038
-23.213003088;-46.885335981;742.5;44910;145.64295025728987;900.5429502572898;Line 329;0;147.96479684038
-23.213234556;-46.885183765;742.8;44880;145.5456603773585;900.4456603773585;Line 329;0;147.96479684038
-23.213466025;-46.885031548;743.3;44850;145.4483704974271;900.3483704974271;Line 329;0;147.96479684038
-23.213697493;-46.88487933;744.6;44820;145.3510806174957;900.2510806174957;Line 329;0;147.96479684038
-23.213928961;-46.884727112;745.8;44790;145.25379073756432;900.1537907375643;Line 329;0;147.96479684038
-23.214160429;-46.884574894;746.9;44760;145.15650085763292;900.056500857633;Line 329;0;147.96479684038
-23.214391897;-46.884422675;747.9;44730;145.05921097770155;899.9592109777016;Line 329;0;147.96479684038
-23.214623365;-46.884270455;748.8;44700;144.96192109777016;899.8619210977702;Line 329;0;147.96479684038
-23.214854832;-46.884118235;749.7;44670;144.86463121783876;899.7646312178388;Line 329;0;147.96479684038
-23.2150863;-46.883966015;750.6;44640;144.76734133790737;899.6673413379074;Line 329;0;147.96479684038
-23.215317767;-46.883813794;751.2;44610;144.67005145797597;899.570051457976;Line 329;0;147.96479684038
-23.215549234;-46.883661572;751.9;44580;144.5727615780446;899.4727615780446;Line 329;0;147.96479684038
-23.215780701;-46.88350935;752.5;44550;144.4754716981132;899.3754716981132;Line 329;0;147.96479684038
-23.216012168;-46.883357127;751.5;44520;144.37818181818182;899.2781818181818;Line 329;0;147.96479684038
-23.216243635;-46.883204904;749.7;44490;144.28089193825042;899.1808919382504;Line 329;0;147.96479684038
-23.216475102;-46.883052681;747.7;44460;144.18360205831902;899.083602058319;Line 329;0;147.96479684038
-23.216706569;-46.882900457;745.7;44430;144.08631217838766;898.9863121783876;Line 329;0;147.96479684038
-23.216938035;-46.882748232;744.1;44400;143.98902229845626;898.8890222984562;Line 329;0;147.96479684038
-23.217169502;-46.882596007;742.8;44370;143.89173241852487;898.7917324185248;Line 329;0;147.96479684038
-23.217400968;-46.882443781;742.3;44340;143.79444253859347;898.6944425385934;Line 329;0;147.96479684038
-23.217632434;-46.882291555;743.3;44310;143.69715265866208;898.597152658662;Line 329;0;147.96479684038
-23.2178639;-46.882139329;744.7;44280;143.5998627787307;898.4998627787306;Line 329;0;147.96479684038
-23.218095366;-46.881987102;745.8;44250;143.50257289879931;898.4025728987992;Line 329;0;147.96479684038
-23.218326832;-46.881834874;746.8;44220;143.40528301886792;898.3052830188678;Line 329;0;147.96479684038
-23.218558298;-46.881682646;749.4;44190;143.30799313893652;898.2079931389364;Line 329;0;147.96479684038
-23.218789763;-46.881530417;751.6;44160;143.21070325900513;898.110703259005;Line 329;0;147.96479684038
-23.219021229;-46.881378188;752.4;44130;143.11341337907376;898.0134133790738;Line 329;0;147.96479684038
-23.219252694;-46.881225958;752.3;44100;143.01612349914237;897.9161234991424;Line 329;0;147.96479684038
-23.219484159;-46.881073728;752.0;44070;142.91883361921097;897.818833619211;Line 329;0;147.96479684038
-23.219715625;-46.880921498;751.2;44040;142.82154373927958;897.7215437392796;Line 329;0;147.96479684038
-23.21994709;-46.880769266;750.2;44010;142.72425385934818;897.6242538593482;Line 329;0;147.96479684038
-23.220178554;-46.880617035;749.2;43980;142.62696397941681;897.5269639794168;Line 329;0;147.96479684038
-23.220410019;-46.880464803;748.1;43950;142.52967409948542;897.4296740994854;Line 329;0;147.96479684038
-23.220641484;-46.88031257;746.7;43920;142.43238421955402;897.332384219554;Line 329;0;147.96479684038
-23.220872948;-46.880160337;744.9;43890;142.33509433962263;897.2350943396226;Line 329;0;147.96479684038
-23.221104413;-46.880008103;741.5;43860;142.23780445969123;897.1378044596912;Line 329;0;147.96479684038
-23.221335877;-46.879855869;739.2;43830;142.14051457975987;897.0405145797598;Line 329;0;147.96479684038
-23.221567341;-46.879703634;737.1;43800;142.04322469982847;896.9432246998284;Line 329;0;147.96479684038
-23.221798805;-46.879551399;735.2;43770;141.94593481989708;896.845934819897;Line 329;0;147.96479684038
-23.222030269;-46.879399163;733.4;43740;141.84864493996568;896.7486449399656;Line 329;0;147.96479684038
-23.222261733;-46.879246927;732.0;43710;141.75135506003429;896.6513550600342;Line 329;0;147.96479684038
-23.222493197;-46.87909469;731.2;43680;141.65406518010292;896.554065180103;Line 329;0;147.96479684038
-23.22272466;-46.878942453;732.5;43650;141.55677530017152;896.4567753001716;Line 329;0;147.96479684038
-23.222956124;-46.878790215;733.8;43620;141.45948542024013;896.3594854202402;Line 329;0;147.96479684038
-23.223187587;-46.878637977;735.0;43590;141.36219554030873;896.2621955403088;Line 329;0;147.96479684038
-23.22341905;-46.878485738;736.5;43560;141.26490566037734;896.1649056603774;Line 329;0;147.96479684038
-23.223650513;-46.878333499;738.7;43530;141.16761578044597;896.067615780446;Line 329;0;147.96479684038
-23.223881976;-46.878181259;741.3;43500;141.07032590051458;895.9703259005146;Line 329;0;147.96479684038
-23.224113439;-46.878029019;744.0;43470;140.97303602058318;895.8730360205832;Line 329;0;147.96479684038
-23.224344902;-46.877876778;747.4;43440;140.87574614065178;895.7757461406518;Line 329;0;147.96479684038
-23.224576364;-46.877724537;751.1;43410;140.7784562607204;895.6784562607204;Line 329;0;147.96479684038
-23.224807827;-46.877572295;755.0;43380;140.68116638078902;895.581166380789;Line 329;0;147.96479684038
-23.225039289;-46.877420053;758.1;43350;140.58387650085763;895.4838765008576;Line 329;0;147.96479684038
-23.225270751;-46.87726781;759.8;43320;140.48658662092623;895.3865866209262;Line 329;0;147.96479684038
-23.225502213;-46.877115567;761.8;43290;140.38929674099484;895.2892967409948;Line 329;0;147.96479684038
-23.225733675;-46.876963323;764.3;43260;140.29200686106344;895.1920068610634;Line 329;0;147.96479684038
-23.225965137;-46.876811078;767.4;43230;140.19471698113207;895.094716981132;Line 329;0;147.96479684038
-23.226196599;-46.876658834;770.7;43200;140.09742710120068;894.9974271012006;Line 329;0;147.96479684038
-23.226428061;-46.876506588;771.9;43170;140.00013722126928;894.9001372212692;Line 329;0;147.96479684038
-23.226659522;-46.876354342;773.2;43140;139.9028473413379;894.8028473413378;Line 329;0;147.96479684038
-23.226890984;-46.876202096;770.9;43110;139.8055574614065;894.7055574614064;Line 329;0;147.96479684038
-23.227122445;-46.876049849;768.5;43080;139.70826758147513;894.608267581475;Line 329;0;147.96479684038
-23.227353906;-46.875897602;766.1;43050;139.61097770154373;894.5109777015437;Line 329;0;147.96479684038
-23.227585367;-46.875745354;762.0;43020;139.51368782161234;894.4136878216123;Line 329;0;147.96479684038
-23.227816828;-46.875593106;756.1;42990;139.41639794168094;894.3163979416809;Line 329;0;147.96479684038
-23.228048289;-46.875440857;751.0;42960;139.31910806174955;894.2191080617495;Line 329;0;147.96479684038
-23.228279749;-46.875288607;746.9;42930;139.22181818181818;894.1218181818182;Line 329;0;147.96479684038
-23.22851121;-46.875136357;743.9;42900;139.12452830188678;894.0245283018868;Line 329;0;147.96479684038
-23.22874267;-46.874984107;741.6;42870;139.0272384219554;893.9272384219554;Line 329;0;147.96479684038
-23.228974131;-46.874831856;740.9;42840;138.929948542024;893.829948542024;Line 329;0;147.96479684038
-23.229205591;-46.874679605;740.6;42810;138.8326586620926;893.7326586620926;Line 329;0;147.96479684038
-23.229437051;-46.874527353;739.9;42780;138.73536878216123;893.6353687821612;Line 329;0;147.96479684038
-23.229668511;-46.8743751;739.1;42750;138.63807890222984;893.5380789022298;Line 329;0;147.96479684038
-23.229899971;-46.874222847;738.4;42720;138.54078902229844;893.4407890222984;Line 329;0;147.96479684038
-23.230131431;-46.874070594;739.9;42690;138.44349914236705;893.343499142367;Line 329;0;147.96479684038
-23.23036289;-46.87391834;743.0;42660;138.34620926243565;893.2462092624356;Line 329;0;147.96479684038
-23.23059435;-46.873766086;746.1;42630;138.24891938250428;893.1489193825042;Line 329;0;147.96479684038
-23.230825809;-46.873613831;749.3;42600;138.1516295025729;893.0516295025728;Line 329;0;147.96479684038
-23.231057268;-46.873461575;752.8;42570;138.0543396226415;892.9543396226414;Line 329;0;147.96479684038
-23.231288727;-46.873309319;756.5;42540;137.9570497427101;892.85704974271;Line 329;0;147.96479684038
-23.231520186;-46.873157063;758.9;42510;137.8597598627787;892.7597598627787;Line 329;0;147.96479684038
-23.231751645;-46.873004806;760.5;42480;137.76246998284734;892.6624699828474;Line 329;0;147.96479684038
-23.231983104;-46.872852548;761.3;42450;137.66518010291594;892.565180102916;Line 329;0;147.96479684038
-23.232214563;-46.87270029;761.6;42420;137.56789022298454;892.4678902229846;Line 329;0;147.96479684038
-23.232446021;-46.872548032;761.3;42390;137.47060034305315;892.3706003430532;Line 329;0;147.96479684038
-23.23267748;-46.872395773;763.5;42360;137.37331046312175;892.2733104631218;Line 329;0;147.96479684038
-23.232908938;-46.872243513;766.1;42330;137.2760205831904;892.1760205831904;Line 329;0;147.96479684038
-23.233140396;-46.872091253;767.7;42300;137.178730703259;892.078730703259;Line 329;0;147.96479684038
-23.233371854;-46.871938993;768.6;42270;137.0814408233276;891.9814408233276;Line 329;0;147.96479684038
-23.233603312;-46.871786732;769.1;42240;136.9841509433962;891.8841509433962;Line 329;0;147.96479684038
-23.23383477;-46.87163447;769.2;42210;136.88686106346483;891.7868610634648;Line 329;0;147.96479684038
-23.234066227;-46.871482208;769.1;42180;136.78957118353344;891.6895711835334;Line 329;0;147.96479684038
-23.234297685;-46.871329946;768.3;42150;136.69228130360204;891.592281303602;Line 329;0;147.96479684038
-23.234529142;-46.871177682;766.7;42120;136.59499142367068;891.4949914236706;Line 329;0;147.96479684038
-23.2347606;-46.871025419;764.5;42090;136.49770154373928;891.3977015437392;Line 329;0;147.96479684038
-23.234992057;-46.870873155;761.6;42060;136.4004116638079;891.3004116638078;Line 329;0;147.96479684038
-23.235223514;-46.87072089;760.3;42030;136.30312178387652;891.2031217838764;Line 329;0;147.96479684038
-23.235454971;-46.870568625;759.3;42000;136.20583190394512;891.105831903945;Line 329;0;147.96479684038
-23.235686428;-46.87041636;758.7;41970;136.10854202401373;891.0085420240137;Line 329;0;147.96479684038
-23.235917885;-46.870264093;757.5;41940;136.01125214408233;890.9112521440823;Line 329;0;147.96479684038
-23.236149341;-46.870111827;754.8;41910;135.91396226415094;890.8139622641509;Line 329;0;147.96479684038
-23.236380798;-46.86995956;752.2;41880;135.81667238421957;890.7166723842196;Line 329;0;147.96479684038
-23.236612254;-46.869807292;750.3;41850;135.71938250428818;890.6193825042882;Line 329;0;147.96479684038
-23.23684371;-46.869655024;748.1;41820;135.62209262435678;890.5220926243568;Line 329;0;147.96479684038
-23.237075166;-46.869502755;745.5;41790;135.5248027444254;890.4248027444254;Line 329;0;147.96479684038
-23.237306622;-46.869350486;742.4;41760;135.427512864494;890.327512864494;Line 329;0;147.96479684038
-23.237538078;-46.869198217;739.4;41730;135.33022298456262;890.2302229845626;Line 329;0;147.96479684038
-23.237769534;-46.869045946;740.3;41700;135.23293310463123;890.1329331046312;Line 329;0;147.96479684038
-23.23800099;-46.868893676;741.6;41670;135.13564322469983;890.0356432246998;Line 329;0;147.96479684038
-23.238232445;-46.868741405;742.9;41640;135.03835334476844;889.9383533447684;Line 329;0;147.96479684038
-23.238463901;-46.868589133;743.8;41610;134.94106346483704;889.841063464837;Line 329;0;147.96479684038
-23.238695356;-46.868436861;744.8;41580;134.84377358490568;889.7437735849056;Line 329;0;147.96479684038
-23.238926811;-46.868284588;746.7;41550;134.74648370497428;889.6464837049742;Line 329;0;147.96479684038
-23.239158266;-46.868132315;750.6;41520;134.6491938250429;889.5491938250428;Line 329;0;147.96479684038
-23.239389721;-46.867980041;752.0;41490;134.5519039451115;889.4519039451114;Line 329;0;147.96479684038
-23.239621176;-46.867827767;752.8;41460;134.4546140651801;889.35461406518;Line 329;0;147.96479684038
-23.23985263;-46.867675492;753.0;41430;134.35732418524873;889.2573241852488;Line 329;0;147.96479684038
-23.240084085;-46.867523217;752.6;41400;134.26003430531733;889.1600343053174;Line 329;0;147.96479684038
-23.240315539;-46.867370941;752.7;41370;134.16274442538594;889.062744425386;Line 329;0;147.96479684038
-23.240546994;-46.867218665;752.8;41340;134.06545454545454;888.9654545454546;Line 329;0;147.96479684038
-23.240778448;-46.867066388;752.6;41310;133.96816466552315;888.8681646655232;Line 329;0;147.96479684038
-23.241009902;-46.866914111;755.0;41280;133.87087478559178;888.7708747855918;Line 329;0;147.96479684038
-23.241241356;-46.866761833;757.8;41250;133.77358490566039;888.6735849056604;Line 329;0;147.96479684038
-23.24147281;-46.866609555;760.8;41220;133.676295025729;888.576295025729;Line 329;0;147.96479684038
-23.241704264;-46.866457276;764.9;41190;133.5790051457976;888.4790051457976;Line 329;0;147.96479684038
-23.241935717;-46.866304997;769.7;41160;133.4817152658662;888.3817152658662;Line 329;0;147.96479684038
-23.242167171;-46.866152717;774.1;41130;133.38442538593483;888.2844253859348;Line 329;0;147.96479684038
-23.242398624;-46.866000437;778.1;41100;133.28713550600344;888.1871355060034;Line 329;0;147.96479684038
-23.242630077;-46.865848156;780.0;41070;133.18984562607204;888.089845626072;Line 329;0;147.96479684038
-23.24286153;-46.865695875;778.1;41040;133.09255574614065;887.9925557461406;Line 329;0;147.96479684038
-23.243092983;-46.865543593;774.4;41010;132.99526586620925;887.8952658662092;Line 329;0;147.96479684038
-23.243324436;-46.865391311;769.1;40980;132.89797598627788;887.7979759862778;Line 329;0;147.96479684038
-23.243555889;-46.865239028;766.9;40950;132.8006861063465;887.7006861063464;Line 329;0;147.96479684038
-23.243787342;-46.865086745;765.8;40920;132.7033962264151;887.603396226415;Line 329;0;147.96479684038
-23.244018794;-46.864934461;765.3;40890;132.6061063464837;887.5061063464836;Line 329;0;147.96479684038
-23.244250246;-46.864782177;765.2;40860;132.50881646655233;887.4088164665523;Line 329;0;147.96479684038
-23.244481699;-46.864629892;766.7;40830;132.41152658662094;887.3115265866209;Line 329;0;147.96479684038
-23.244713151;-46.864477606;768.6;40800;132.31423670668954;887.2142367066895;Line 329;0;147.96479684038
-23.244944603;-46.86432532;770.9;40770;132.21694682675815;887.1169468267581;Line 329;0;147.96479684038
-23.245176055;-46.864173034;773.9;40740;132.11965694682675;887.0196569468267;Line 329;0;147.96479684038
-23.245407507;-46.864020747;777.7;40710;132.02236706689538;886.9223670668954;Line 329;0;147.96479684038
-23.245638958;-46.86386846;781.7;40680;131.925077186964;886.825077186964;Line 329;0;147.96479684038
-23.24587041;-46.863716172;784.8;40650;131.8277873070326;886.7277873070326;Line 329;0;147.96479684038
-23.246101861;-46.863563884;782.5;40620;131.7304974271012;886.6304974271012;Line 329;0;147.96479684038
-23.246333313;-46.863411595;779.2;40590;131.6332075471698;886.5332075471698;Line 329;0;147.96479684038
-23.246564764;-46.863259305;775.0;40560;131.53591766723844;886.4359176672384;Line 329;0;147.96479684038
-23.246796215;-46.863107015;770.3;40530;131.43862778730704;886.338627787307;Line 329;0;147.96479684038
-23.247027666;-46.862954725;766.1;40500;131.34133790737565;886.2413379073756;Line 329;0;147.96479684038
-23.247259117;-46.862802434;762.9;40470;131.24404802744425;886.1440480274442;Line 329;0;147.96479684038
-23.247490567;-46.862650143;760.5;40440;131.14675814751286;886.0467581475128;Line 329;0;147.96479684038
-23.247722018;-46.862497851;762.3;40410;131.0494682675815;885.9494682675814;Line 329;0;147.96479684038
-23.247953468;-46.862345558;765.2;40380;130.9521783876501;885.85217838765;Line 329;0;147.96479684038
-23.248184919;-46.862193265;769.3;40350;130.8548885077187;885.7548885077186;Line 329;0;147.96479684038
-23.248416369;-46.862040972;772.8;40320;130.7575986277873;885.6575986277873;Line 329;0;147.96479684038
-23.248647819;-46.861888678;772.7;40290;130.6603087478559;885.5603087478559;Line 329;0;147.96479684038
-23.248879269;-46.861736383;772.3;40260;130.56301886792454;885.4630188679246;Line 329;0;147.96479684038
-23.249110719;-46.861584088;771.5;40230;130.46572898799315;885.3657289879932;Line 329;0;147.96479684038
-23.249342169;-46.861431793;770.1;40200;130.36843910806175;885.2684391080618;Line 329;0;147.96479684038
-23.249573618;-46.861279497;767.6;40170;130.27114922813035;885.1711492281304;Line 329;0;147.96479684038
-23.249805068;-46.8611272;763.9;40140;130.17385934819896;885.073859348199;Line 329;0;147.96479684038
-23.250036517;-46.860974903;760.3;40110;130.0765694682676;884.9765694682676;Line 329;0;147.96479684038
-23.250267967;-46.860822606;761.3;40080;129.9792795883362;884.8792795883362;Line 329;0;147.96479684038
-23.250499416;-46.860670308;761.2;40050;129.8819897084048;884.7819897084048;Line 329;0;147.96479684038
-23.250730865;-46.860518009;760.8;40020;129.7846998284734;884.6846998284734;Line 329;0;147.96479684038
-23.250962314;-46.86036571;761.8;39990;129.687409948542;884.587409948542;Line 329;0;147.96479684038
-23.251193762;-46.860213411;763.0;39960;129.59012006861064;884.4901200686106;Line 329;0;147.96479684038
-23.251425211;-46.860061111;763.3;39930;129.49283018867925;884.3928301886792;Line 329;0;147.96479684038
-23.25165666;-46.85990881;765.1;39900;129.39554030874785;884.2955403087478;Line 329;0;147.96479684038
-23.251888108;-46.859756509;770.6;39870;129.29825042881646;884.1982504288164;Line 329;0;147.96479684038
-23.252119556;-46.859604207;775.1;39840;129.20096054888506;884.100960548885;Line 329;0;147.96479684038
-23.252351005;-46.859451905;778.4;39810;129.1036706689537;884.0036706689536;Line 329;0;147.96479684038
-23.252582453;-46.859299603;781.3;39780;129.0063807890223;883.9063807890223;Line 329;0;147.96479684038
-23.252813901;-46.8591473;784.7;39750;128.9090909090909;883.8090909090909;Line 329;0;147.96479684038
-23.253045348;-46.858994996;789.3;39720;128.8118010291595;883.7118010291595;Line 329;0;147.96479684038
-23.253276796;-46.858842692;793.9;39690;128.71451114922812;883.6145111492281;Line 329;0;147.96479684038
-23.253508244;-46.858690387;798.6;39660;128.61722126929675;883.5172212692967;Line 329;0;147.96479684038
-23.253739691;-46.858538082;803.5;39630;128.51993138936535;883.4199313893653;Line 329;0;147.96479684038
-23.253971139;-46.858385776;808.5;39600;128.42264150943396;883.3226415094339;Line 329;0;147.96479684038
-23.254202586;-46.85823347;812.9;39570;128.32535162950256;883.2253516295025;Line 329;0;147.96479684038
-23.254434033;-46.858081164;814.1;39540;128.22806174957117;883.1280617495711;Line 329;0;147.96479684038
-23.25466548;-46.857928857;816.0;39510;128.1307718696398;883.0307718696398;Line 329;0;147.96479684038
-23.254896927;-46.857776549;818.6;39480;128.0334819897084;882.9334819897084;Line 329;0;147.96479684038
-23.255128373;-46.857624241;819.1;39450;127.93619210977701;882.836192109777;Line 329;0;147.96479684038
-23.25535982;-46.857471932;817.0;39420;127.83890222984562;882.7389022298456;Line 329;0;147.96479684038
-23.255591267;-46.857319623;812.3;39390;127.74161234991422;882.6416123499142;Line 329;0;147.96479684038
-23.255822713;-46.857167313;807.8;39360;127.64432246998285;882.5443224699828;Line 329;0;147.96479684038
-23.256054159;-46.857015003;801.2;39330;127.54703259005146;882.4470325900514;Line 329;0;147.96479684038
-23.256285605;-46.856862692;794.3;39300;127.44974271012006;882.34974271012;Line 329;0;147.96479684038
-23.256517051;-46.856710381;787.4;39270;127.35245283018867;882.2524528301886;Line 329;0;147.96479684038
-23.256748497;-46.856558069;782.1;39240;127.25516295025727;882.1551629502572;Line 329;0;147.96479684038
-23.256979943;-46.856405757;780.7;39210;127.1578730703259;882.0578730703259;Line 329;0;147.96479684038
-23.257211389;-46.856253444;779.4;39180;127.06058319039451;881.9605831903945;Line 329;0;147.96479684038
-23.257442834;-46.856101131;778.0;39150;126.96329331046311;881.8632933104631;Line 329;0;147.96479684038
-23.25767428;-46.855948817;778.0;39120;126.86600343053173;881.7660034305317;Line 329;0;147.96479684038
-23.257905725;-46.855796503;778.3;39090;126.76871355060034;881.6687135506003;Line 329;0;147.96479684038
-23.25813717;-46.855644188;780.2;39060;126.67142367066896;881.571423670669;Line 329;0;147.96479684038
-23.258368615;-46.855491873;781.5;39030;126.57413379073758;881.4741337907376;Line 329;0;147.96479684038
-23.25860006;-46.855339557;783.5;39000;126.47684391080618;881.3768439108062;Line 329;0;147.96479684038
-23.258831505;-46.855187241;784.6;38970;126.37955403087479;881.2795540308748;Line 329;0;147.96479684038
-23.25906295;-46.855034924;784.9;38940;126.28226415094339;881.1822641509434;Line 329;0;147.96479684038
-23.259294394;-46.854882607;787.7;38910;126.18497427101202;881.084974271012;Line 329;0;147.96479684038
-23.259525839;-46.854730289;792.0;38880;126.08768439108063;880.9876843910806;Line 329;0;147.96479684038
-23.259757283;-46.854577971;796.7;38850;125.99039451114923;880.8903945111492;Line 329;0;147.96479684038
-23.259988727;-46.854425652;802.0;38820;125.89310463121784;880.7931046312178;Line 329;0;147.96479684038
-23.260220171;-46.854273333;806.0;38790;125.79581475128644;880.6958147512864;Line 329;0;147.96479684038
-23.260451615;-46.854121013;809.7;38760;125.69852487135508;880.598524871355;Line 329;0;147.96479684038
-23.260683059;-46.853968692;814.2;38730;125.60123499142368;880.5012349914236;Line 329;0;147.96479684038
-23.260914503;-46.853816372;820.6;38700;125.50394511149229;880.4039451114922;Line 329;0;147.96479684038
-23.261145947;-46.85366405;829.0;38670;125.40665523156089;880.3066552315609;Line 329;0;147.96479684038
-23.26137739;-46.853511728;837.3;38640;125.3093653516295;880.2093653516295;Line 329;0;147.96479684038
-23.261608833;-46.853359406;845.3;38610;125.21207547169813;880.1120754716981;Line 329;0;147.96479684038
-23.261840277;-46.853207083;848.8;38580;125.11478559176673;880.0147855917667;Line 329;0;147.96479684038
-23.26207172;-46.85305476;849.8;38550;125.01749571183534;879.9174957118353;Line 329;0;147.96479684038
-23.262303163;-46.852902436;849.4;38520;124.92020583190394;879.8202058319039;Line 329;0;147.96479684038
-23.262534606;-46.852750111;846.5;38490;124.82291595197255;879.7229159519725;Line 329;0;147.96479684038
-23.262766048;-46.852597786;836.5;38460;124.72562607204118;879.6256260720412;Line 329;0;147.96479684038
-23.262997491;-46.852445461;826.7;38430;124.62833619210978;879.5283361921098;Line 329;0;147.96479684038
-23.263228934;-46.852293135;820.1;38400;124.53104631217839;879.4310463121784;Line 329;0;147.96479684038
-23.263460376;-46.852140809;818.6;38370;124.433756432247;879.333756432247;Line 329;0;147.96479684038
-23.263691818;-46.851988482;821.2;38340;124.3364665523156;879.2364665523156;Line 329;0;147.96479684038
-23.26392326;-46.851836154;824.9;38310;124.23917667238423;879.1391766723842;Line 329;0;147.96479684038
-23.264154702;-46.851683826;829.5;38280;124.14188679245284;879.0418867924528;Line 329;0;147.96479684038
-23.264386144;-46.851531498;831.3;38250;124.04459691252144;878.9445969125214;Line 329;0;147.96479684038
-23.264617586;-46.851379169;830.7;38220;123.94730703259005;878.84730703259;Line 329;0;147.96479684038
-23.264849028;-46.851226839;828.1;38190;123.85001715265865;878.7500171526586;Line 329;0;147.96479684038
-23.265080469;-46.851074509;822.4;38160;123.75272727272728;878.6527272727272;Line 329;0;147.96479684038
-23.265311911;-46.850922179;814.1;38130;123.65543739279589;878.5554373927959;Line 329;0;147.96479684038
-23.265543352;-46.850769848;806.7;38100;123.5581475128645;878.4581475128645;Line 329;0;147.96479684038
-23.265774793;-46.850617516;801.9;38070;123.4608576329331;878.3608576329331;Line 329;0;147.96479684038
-23.266006234;-46.850465184;802.1;38040;123.3635677530017;878.2635677530017;Line 329;0;147.96479684038
-23.266237675;-46.850312852;804.6;38010;123.26627787307034;878.1662778730703;Line 329;0;147.96479684038
-23.266469116;-46.850160519;808.0;37980;123.16898799313894;878.0689879931389;Line 329;0;147.96479684038
-23.266700557;-46.850008185;811.8;37950;123.07169811320755;877.9716981132075;Line 329;0;147.96479684038
-23.266931998;-46.849855851;814.2;37920;122.97440823327615;877.8744082332761;Line 329;0;147.96479684038
-23.267163438;-46.849703517;816.5;37890;122.87711835334476;877.7771183533447;Line 329;0;147.96479684038
-23.267394878;-46.849551181;818.7;37860;122.77982847341339;877.6798284734134;Line 329;0;147.96479684038
-23.267626319;-46.849398846;822.2;37830;122.682538593482;877.582538593482;Line 329;0;147.96479684038
-23.267857759;-46.84924651;826.1;37800;122.5852487135506;877.4852487135506;Line 329;0;147.96479684038
-23.268089199;-46.849094173;830.3;37770;122.4879588336192;877.3879588336192;Line 329;0;147.96479684038
-23.268320639;-46.848941836;835.1;37740;122.39066895368781;877.2906689536878;Line 329;0;147.96479684038
-23.268552078;-46.848789499;839.5;37710;122.29337907375644;877.1933790737564;Line 329;0;147.96479684038
-23.268783518;-46.84863716;843.0;37680;122.19608919382505;877.096089193825;Line 329;0;147.96479684038
-23.269014958;-46.848484822;845.4;37650;122.09879931389365;876.9987993138936;Line 329;0;147.96479684038
-23.269246397;-46.848332483;846.6;37620;122.00150943396226;876.9015094339622;Line 329;0;147.96479684038
-23.269477836;-46.848180143;847.7;37590;121.90421955403086;876.8042195540309;Line 329;0;147.96479684038
-23.269709275;-46.848027803;850.0;37560;121.8069296740995;876.7069296740995;Line 329;0;147.96479684038
-23.269940714;-46.847875462;853.3;37530;121.7096397941681;876.6096397941681;Line 329;0;147.96479684038
-23.270172153;-46.847723121;856.9;37500;121.6123499142367;876.5123499142367;Line 329;0;147.96479684038
-23.270403592;-46.847570779;860.4;37470;121.51506003430531;876.4150600343053;Line 329;0;147.96479684038
-23.270635031;-46.847418437;862.7;37440;121.41777015437391;876.3177701543739;Line 329;0;147.96479684038
-23.270866469;-46.847266095;864.6;37410;121.32048027444255;876.2204802744425;Line 329;0;147.96479684038
-23.271097908;-46.847113751;867.6;37380;121.22319039451115;876.1231903945111;Line 329;0;147.96479684038
-23.271329346;-46.846961408;872.2;37350;121.12590051457975;876.0259005145797;Line 329;0;147.96479684038
-23.271560784;-46.846809063;878.4;37320;121.02861063464836;875.9286106346483;Line 329;1;147.96479684038
-23.271792222;-46.846656719;885.5;37290;120.93132075471696;875.8313207547169;Line 329;1;147.96479684038
-23.27202366;-46.846504373;891.4;37260;120.8340308747856;875.7340308747856;Line 329;1;147.96479684038
-23.272255098;-46.846352028;897.9;37230;120.7367409948542;875.6367409948542;Line 329;1;147.96479684038
-23.272486536;-46.846199681;905.1;37200;120.6394511149228;875.5394511149228;Line 329;1;147.96479684038
-23.272717973;-46.846047335;909.4;37170;120.54216123499141;875.4421612349914;Line 329;1;147.96479684038
-23.272949411;-46.845894987;912.3;37140;120.44487135506003;875.34487135506;Line 329;1;147.96479684038
-23.273180848;-46.84574264;913.4;37110;120.34758147512865;875.2475814751286;Line 329;1;147.96479684038
-23.273412285;-46.845590291;910.4;37080;120.25029159519725;875.1502915951972;Line 329;1;147.96479684038
-23.273643722;-46.845437943;901.5;37050;120.15300171526587;875.0530017152659;Line 329;1;147.96479684038
-23.273875159;-46.845285593;892.3;37020;120.05571183533448;874.9557118353345;Line 329;1;147.96479684038
-23.274106596;-46.845133244;883.0;36990;119.95842195540308;874.8584219554031;Line 329;1;147.96479684038
-23.274338033;-46.844980893;872.6;36960;119.8611320754717;874.7611320754717;Line 329;0;147.96479684038
-23.274569469;-46.844828542;862.0;36930;119.7638421955403;874.6638421955403;Line 329;0;147.96479684038
-23.274800906;-46.844676191;852.2;36900;119.66655231560893;874.5665523156089;Line 329;0;147.96479684038
-23.275032342;-46.844523839;843.6;36870;119.56926243567753;874.4692624356775;Line 329;0;147.96479684038
-23.275263779;-46.844371487;837.4;36840;119.47197255574615;874.3719725557461;Line 329;0;147.96479684038
-23.275495215;-46.844219134;829.2;36810;119.37468267581475;874.2746826758147;Line 329;0;147.96479684038
-23.275726651;-46.844066781;820.2;36780;119.27739279588336;874.1773927958833;Line 329;0;147.96479684038
-23.275958087;-46.843914427;814.1;36750;119.18010291595198;874.080102915952;Line 329;0;147.96479684038
-23.276189522;-46.843762073;810.9;36720;119.08281303602058;873.9828130360206;Line 329;0;147.96479684038
-23.276420958;-46.843609718;808.5;36690;118.9855231560892;873.8855231560892;Line 329;0;147.96479684038
-23.276652394;-46.843457362;806.8;36660;118.8882332761578;873.7882332761578;Line 329;0;147.96479684038
-23.276883829;-46.843305006;810.5;36630;118.79094339622641;873.6909433962264;Line 329;0;147.96479684038
-23.277115264;-46.84315265;815.6;36600;118.69365351629503;873.593653516295;Line 329;0;147.96479684038
-23.277346699;-46.843000293;820.4;36570;118.59636363636363;873.4963636363636;Line 329;0;147.96479684038
-23.277578134;-46.842847936;823.7;36540;118.49907375643225;873.3990737564322;Line 329;0;147.96479684038
-23.277809569;-46.842695578;825.3;36510;118.40178387650086;873.3017838765008;Line 329;0;147.96479684038
-23.278041004;-46.842543219;827.4;36480;118.30449399656946;873.2044939965695;Line 329;0;147.96479684038
-23.278272439;-46.84239086;830.5;36450;118.20720411663808;873.1072041166381;Line 329;0;147.96479684038
-23.278503873;-46.842238501;833.0;36420;118.10991423670669;873.0099142367067;Line 329;0;147.96479684038
-23.278735308;-46.842086141;833.2;36390;118.0126243567753;872.9126243567753;Line 329;0;147.96479684038
-23.278966742;-46.84193378;831.1;36360;117.91533447684391;872.8153344768439;Line 329;0;147.96479684038
-23.279198176;-46.841781419;828.0;36330;117.81804459691251;872.7180445969125;Line 329;0;147.96479684038
-23.27942961;-46.841629058;831.6;36300;117.72075471698113;872.6207547169811;Line 329;0;147.96479684038
-23.279661044;-46.841476696;833.7;36270;117.62346483704974;872.5234648370497;Line 329;0;147.96479684038
-23.279892478;-46.841324333;833.5;36240;117.52617495711836;872.4261749571183;Line 329;0;147.96479684038
-23.280123912;-46.84117197;830.4;36210;117.42888507718696;872.3288850771869;Line 329;0;147.96479684038
-23.280355345;-46.841019607;826.0;36180;117.33159519725557;872.2315951972555;Line 329;0;147.96479684038
-23.280586779;-46.840867243;821.0;36150;117.23430531732419;872.1343053173241;Line 329;0;147.96479684038
-23.280818212;-46.840714878;817.4;36120;117.13701543739279;872.0370154373927;Line 329;0;147.96479684038
-23.281049645;-46.840562513;820.6;36090;117.03972555746141;871.9397255574614;Line 329;0;147.96479684038
-23.281281079;-46.840410148;824.0;36060;116.94243567753001;871.84243567753;Line 329;0;147.96479684038
-23.281512512;-46.840257782;827.3;36030;116.84514579759862;871.7451457975986;Line 329;0;147.96479684038
-23.281743944;-46.840105415;830.3;36000;116.74785591766724;871.6478559176672;Line 329;0;147.96479684038
-23.281975377;-46.839953048;833.7;35970;116.65056603773584;871.5505660377358;Line 329;0;147.96479684038
-23.28220681;-46.839800681;839.3;35940;116.55327615780446;871.4532761578045;Line 329;0;147.96479684038
-23.282438242;-46.839648312;844.8;35910;116.45598627787307;871.3559862778731;Line 329;0;147.96479684038
-23.282669675;-46.839495944;849.7;35880;116.35869639794167;871.2586963979417;Line 329;0;147.96479684038
-23.282901107;-46.839343575;853.8;35850;116.26140651801029;871.1614065180103;Line 329;0;147.96479684038
-23.283132539;-46.839191205;857.0;35820;116.1641166380789;871.0641166380789;Line 329;0;147.96479684038
-23.283363971;-46.839038835;862.4;35790;116.06682675814751;870.9668267581475;Line 329;0;147.96479684038
-23.283595403;-46.838886464;868.2;35760;115.96953687821612;870.8695368782161;Line 329;0;147.96479684038
-23.283826835;-46.838734093;874.7;35730;115.87224699828472;870.7722469982847;Line 329;1;147.96479684038
-23.284058266;-46.838581722;882.1;35700;115.77495711835334;870.6749571183533;Line 329;1;147.96479684038
-23.284289698;-46.838429349;889.7;35670;115.67766723842195;870.5776672384219;Line 329;1;147.96479684038
-23.284521129;-46.838276977;895.5;35640;115.58037735849057;870.4803773584905;Line 329;1;147.96479684038
-23.284752561;-46.838124604;901.0;35610;115.48308747855917;870.3830874785591;Line 329;1;147.96479684038
-23.284983992;-46.83797223;908.1;35580;115.38579759862778;870.2857975986277;Line 329;1;147.96479684038
-23.285215423;-46.837819856;916.9;35550;115.2885077186964;870.1885077186964;Line 329;1;147.96479684038
-23.285446854;-46.837667481;924.7;35520;115.191217838765;870.091217838765;Line 329;1;147.96479684038
-23.285678285;-46.837515106;931.5;35490;115.09392795883362;869.9939279588336;Line 329;1;147.96479684038
-23.285909715;-46.83736273;935.2;35460;114.99663807890222;869.8966380789022;Line 329;1;147.96479684038
-23.286141146;-46.837210354;941.2;35430;114.89934819897083;869.7993481989708;Line 329;1;147.96479684038
-23.286372576;-46.837057977;948.0;35400;114.80205831903945;869.7020583190395;Line 329;1;147.96479684038
-23.286604007;-46.8369056;955.8;35370;114.70476843910805;869.604768439108;Line 329;1;147.96479684038
-23.286835437;-46.836753222;958.6;35340;114.60747855917667;869.5074785591767;Line 329;1;147.96479684038
-23.287066867;-46.836600844;958.0;35310;114.51018867924527;869.4101886792453;Line 329;1;147.96479684038
-23.287298297;-46.836448465;956.3;35280;114.41289879931388;869.3128987993139;Line 329;1;147.96479684038
-23.287529727;-46.836296086;952.4;35250;114.3156089193825;869.2156089193825;Line 329;1;147.96479684038
-23.287761156;-46.836143706;942.1;35220;114.2183190394511;869.1183190394511;Line 329;1;147.96479684038
-23.287992586;-46.835991326;930.0;35190;114.12102915951972;869.0210291595197;Line 329;1;147.96479684038
-23.288224015;-46.835838945;916.1;35160;114.02373927958833;868.9237392795883;Line 329;1;147.96479684038
-23.288455445;-46.835686564;904.8;35130;113.92644939965695;868.8264493996569;Line 329;1;147.96479684038
-23.288686874;-46.835534182;895.3;35100;113.82915951972556;868.7291595197255;Line 329;1;147.96479684038
-23.288918303;-46.835381799;884.9;35070;113.73186963979417;868.6318696397941;Line 329;1;147.96479684038
-23.289149732;-46.835229417;873.7;35040;113.63457975986279;868.5345797598627;Line 329;1;147.96479684038
-23.289381161;-46.835077033;871.1;35010;113.5372898799314;868.4372898799313;Line 329;1;147.96479684038
-23.28961259;-46.834924649;870.5;34980;113.44;868.3399999999999;Line 329;1;147.96479684038
-23.289844018;-46.834772265;869.8;34950;113.34271012006862;868.2427101200686;Line 329;1;147.96479684038
-23.290075447;-46.83461988;869.1;34920;113.24542024013722;868.1454202401372;Line 329;1;147.96479684038
-23.290306875;-46.834467495;870.5;34890;113.14813036020584;868.0481303602058;Line 329;1;147.96479684038
-23.290538303;-46.834315109;871.6;34860;113.05084048027445;867.9508404802745;Line 329;1;147.96479684038
-23.290769732;-46.834162723;872.5;34830;112.95355060034305;867.853550600343;Line 329;1;147.96479684038
-23.29100116;-46.834010336;874.1;34800;112.85626072041167;867.7562607204117;Line 329;1;147.96479684038
-23.291232588;-46.833857948;876.0;34770;112.75897084048027;867.6589708404803;Line 329;1;147.96479684038
-23.291464015;-46.83370556;877.7;34740;112.66168096054889;867.5616809605489;Line 329;1;147.96479684038
-23.291695443;-46.833553172;879.2;34710;112.5643910806175;867.4643910806175;Line 329;1;147.96479684038
-23.29192687;-46.833400783;879.8;34680;112.4671012006861;867.3671012006861;Line 329;1;147.96479684038
-23.292158298;-46.833248393;881.0;34650;112.36981132075472;867.2698113207547;Line 329;1;147.96479684038
-23.292389725;-46.833096003;882.6;34620;112.27252144082333;867.1725214408233;Line 329;1;147.96479684038
-23.292621152;-46.832943613;883.9;34590;112.17523156089194;867.0752315608919;Line 329;1;147.96479684038
-23.292852579;-46.832791222;885.1;34560;112.07794168096055;866.9779416809605;Line 329;1;147.96479684038
-23.293084006;-46.832638831;887.3;34530;111.98065180102915;866.8806518010291;Line 329;1;147.96479684038
-23.293315433;-46.832486439;890.2;34500;111.88336192109777;866.7833619210977;Line 329;1;147.96479684038
-23.29354686;-46.832334046;888.6;34470;111.78607204116638;866.6860720411663;Line 329;1;147.96479684038
-23.293778286;-46.832181653;887.1;34440;111.688782161235;866.588782161235;Line 329;1;147.96479684038
-23.294009713;-46.83202926;885.9;34410;111.5914922813036;866.4914922813036;Line 329;1;147.96479684038
-23.294241139;-46.831876866;883.1;34380;111.4942024013722;866.3942024013722;Line 329;1;147.96479684038
-23.294472565;-46.831724471;876.6;34350;111.39691252144083;866.2969125214408;Line 329;1;147.96479684038
-23.294703991;-46.831572076;869.4;34320;111.29962264150943;866.1996226415094;Line 329;1;147.96479684038
-23.294935417;-46.83141968;861.5;34290;111.20233276157805;866.102332761578;Line 329;0;147.96479684038
-23.295166843;-46.831267284;857.4;34260;111.10504288164665;866.0050428816467;Line 329;0;147.96479684038
-23.295398269;-46.831114888;856.8;34230;111.00775300171526;865.9077530017153;Line 329;0;147.96479684038
-23.295629695;-46.830962491;858.5;34200;110.91046312178388;865.8104631217839;Line 329;0;147.96479684038
-23.29586112;-46.830810093;862.9;34170;110.81317324185248;865.7131732418525;Line 329;0;147.96479684038
-23.296092545;-46.830657695;869.9;34140;110.7158833619211;865.6158833619211;Line 329;1;147.96479684038
-23.296323971;-46.830505296;876.3;34110;110.6185934819897;865.5185934819897;Line 329;1;147.96479684038
-23.296555396;-46.830352897;882.3;34080;110.52130360205831;865.4213036020583;Line 329;1;147.96479684038
-23.296786821;-46.830200498;882.0;34050;110.42401372212693;865.3240137221269;Line 329;1;147.96479684038
-23.297018246;-46.830048097;875.5;34020;110.32672384219553;865.2267238421955;Line 329;1;147.96479684038
-23.29724967;-46.829895697;868.4;33990;110.22943396226415;865.1294339622641;Line 329;1;147.96479684038
-23.297481095;-46.829743296;862.4;33960;110.13214408233276;865.0321440823327;Line 329;0;147.96479684038
-23.297712519;-46.829590894;851.3;33930;110.03485420240136;864.9348542024013;Line 329;0;147.96479684038
-23.297943944;-46.829438492;840.0;33900;109.93756432246998;864.8375643224699;Line 329;0;147.96479684038
-23.298175368;-46.829286089;829.2;33870;109.84027444253859;864.7402744425385;Line 329;0;147.96479684038
-23.298406792;-46.829133686;820.8;33840;109.7429845626072;864.6429845626071;Line 329;0;147.96479684038
-23.298638216;-46.828981282;818.1;33810;109.64569468267581;864.5456946826757;Line 329;0;147.96479684038
-23.29886964;-46.828828878;816.9;33780;109.54840480274441;864.4484048027443;Line 329;0;147.96479684038
-23.299101064;-46.828676473;817.2;33750;109.45111492281303;864.351114922813;Line 329;0;147.96479684038
-23.299332488;-46.828524068;822.9;33720;109.35382504288164;864.2538250428817;Line 329;0;147.96479684038
-23.299563911;-46.828371662;830.8;33690;109.25653516295026;864.1565351629503;Line 329;0;147.96479684038
-23.299795334;-46.828219256;838.8;33660;109.15924528301886;864.0592452830189;Line 329;0;147.96479684038
-23.300026758;-46.828066849;846.2;33630;109.06195540308747;863.9619554030875;Line 329;0;147.96479684038
-23.300258181;-46.827914442;848.9;33600;108.96466552315609;863.8646655231561;Line 329;0;147.96479684038
-23.300489604;-46.827762034;850.5;33570;108.86737564322469;863.7673756432247;Line 329;0;147.96479684038
-23.300721027;-46.827609626;851.0;33540;108.77008576329331;863.6700857632933;Line 329;0;147.96479684038
-23.30095245;-46.827457217;847.9;33510;108.67279588336191;863.5727958833619;Line 329;0;147.96479684038
-23.301183872;-46.827304808;839.7;33480;108.57550600343052;863.4755060034305;Line 329;0;147.96479684038
-23.301415295;-46.827152398;830.8;33450;108.47821612349914;863.3782161234991;Line 329;0;147.96479684038
-23.301646717;-46.826999988;821.2;33420;108.38092624356774;863.2809262435677;Line 329;0;147.96479684038
-23.30187814;-46.826847577;811.7;33390;108.28363636363636;863.1836363636363;Line 329;0;147.96479684038
-23.302109562;-46.826695166;803.7;33360;108.18634648370497;863.0863464837049;Line 329;0;147.96479684038
-23.302340984;-46.826542754;802.0;33330;108.08905660377357;862.9890566037735;Line 329;0;147.96479684038
-23.302572406;-46.826390342;801.7;33300;107.99176672384219;862.8917667238421;Line 329;0;147.96479684038
-23.302803828;-46.826237929;802.1;33270;107.8944768439108;862.7944768439107;Line 329;0;147.96479684038
-23.303035249;-46.826085515;802.9;33240;107.79718696397941;862.6971869639794;Line 329;0;147.96479684038
-23.303266671;-46.825933101;804.2;33210;107.69989708404802;862.599897084048;Line 329;0;147.96479684038
-23.303498092;-46.825780687;800.4;33180;107.60260720411662;862.5026072041167;Line 329;0;147.96479684038
-23.303729514;-46.825628272;792.3;33150;107.50531732418524;862.4053173241853;Line 329;0;147.96479684038
-23.303960935;-46.825475857;784.6;33120;107.40802744425386;862.3080274442539;Line 329;0;147.96479684038
-23.304192356;-46.825323441;777.7;33090;107.31073756432247;862.2107375643225;Line 329;0;147.96479684038
-23.304423777;-46.825171024;773.2;33060;107.21344768439108;862.1134476843911;Line 329;0;147.96479684038
-23.304655198;-46.825018608;768.8;33030;107.11615780445969;862.0161578044597;Line 329;0;147.96479684038
-23.304886619;-46.82486619;766.3;33000;107.01886792452831;861.9188679245283;Line 329;0;147.96479684038
-23.305118039;-46.824713772;767.3;32970;106.92157804459691;861.8215780445969;Line 329;0;147.96479684038
-23.30534946;-46.824561354;770.2;32940;106.82428816466553;861.7242881646655;Line 329;0;147.96479684038
-23.30558088;-46.824408935;773.1;32910;106.72699828473414;861.6269982847341;Line 329;0;147.96479684038
-23.3058123;-46.824256515;775.8;32880;106.62970840480274;861.5297084048027;Line 329;0;147.96479684038
-23.306043721;-46.824104095;784.4;32850;106.53241852487136;861.4324185248713;Line 329;0;147.96479684038
-23.306275141;-46.823951675;793.2;32820;106.43512864493997;861.3351286449399;Line 329;0;147.96479684038
-23.30650656;-46.823799254;801.5;32790;106.33783876500858;861.2378387650085;Line 329;0;147.96479684038
-23.30673798;-46.823646832;806.9;32760;106.24054888507719;861.1405488850771;Line 329;0;147.96479684038
-23.3069694;-46.82349441;807.7;32730;106.1432590051458;861.0432590051457;Line 329;0;147.96479684038
-23.307200819;-46.823341988;809.8;32700;106.04596912521441;860.9459691252143;Line 329;0;147.96479684038
-23.307432239;-46.823189565;813.4;32670;105.94867924528302;860.8486792452829;Line 329;0;147.96479684038
-23.307663658;-46.823037141;815.8;32640;105.85138936535164;860.7513893653517;Line 329;0;147.96479684038
-23.307895077;-46.822884717;817.5;32610;105.75409948542024;860.6540994854203;Line 329;0;147.96479684038
-23.308126496;-46.822732292;819.5;32580;105.65680960548885;860.5568096054889;Line 329;0;147.96479684038
-23.308357915;-46.822579867;821.4;32550;105.55951972555746;860.4595197255575;Line 329;0;147.96479684038
-23.308589334;-46.822427442;819.7;32520;105.46222984562607;860.3622298456261;Line 329;0;147.96479684038
-23.308820753;-46.822275016;816.9;32490;105.36493996569469;860.2649399656947;Line 329;0;147.96479684038
-23.309052171;-46.822122589;814.3;32460;105.2676500857633;860.1676500857633;Line 329;0;147.96479684038
-23.30928359;-46.821970162;812.2;32430;105.1703602058319;860.0703602058319;Line 329;0;147.96479684038
-23.309515008;-46.821817734;810.4;32400;105.07307032590052;859.9730703259005;Line 329;0;147.96479684038
-23.309746426;-46.821665306;808.3;32370;104.97578044596912;859.8757804459691;Line 329;0;147.96479684038
-23.309977844;-46.821512878;807.4;32340;104.87849056603774;859.7784905660377;Line 329;0;147.96479684038
-23.310209262;-46.821360448;806.6;32310;104.78120068610635;859.6812006861063;Line 329;0;147.96479684038
-23.31044068;-46.821208019;804.6;32280;104.68391080617495;859.5839108061749;Line 329;0;147.96479684038
-23.310672098;-46.821055589;801.3;32250;104.58662092624357;859.4866209262435;Line 329;0;147.96479684038
-23.310903515;-46.820903158;796.1;32220;104.48933104631217;859.3893310463121;Line 329;0;147.96479684038
-23.311134933;-46.820750727;786.9;32190;104.39204116638079;859.2920411663807;Line 329;0;147.96479684038
-23.31136635;-46.820598295;777.3;32160;104.2947512864494;859.1947512864493;Line 329;0;147.96479684038
-23.311597767;-46.820445863;768.4;32130;104.197461406518;859.0974614065179;Line 329;0;147.96479684038
-23.311829184;-46.82029343;763.2;32100;104.10017152658662;859.0001715265867;Line 329;0;147.96479684038
-23.312060601;-46.820140997;759.6;32070;104.00288164665523;858.9028816466553;Line 329;0;147.96479684038
-23.312292018;-46.819988563;756.5;32040;103.90559176672384;858.8055917667239;Line 329;0;147.96479684038
-23.312523435;-46.819836129;755.1;32010;103.80830188679245;858.7083018867925;Line 329;0;147.96479684038
-23.312754851;-46.819683694;758.6;31980;103.71101200686105;858.6110120068611;Line 329;0;147.96479684038
-23.312986268;-46.819531259;762.5;31950;103.61372212692967;858.5137221269297;Line 329;0;147.96479684038
-23.313217684;-46.819378823;766.7;31920;103.51643224699828;858.4164322469983;Line 329;0;147.96479684038
-23.313449101;-46.819226387;771.0;31890;103.4191423670669;858.3191423670669;Line 329;0;147.96479684038
-23.313680517;-46.81907395;774.5;31860;103.3218524871355;858.2218524871355;Line 329;0;147.96479684038
-23.313911933;-46.818921513;777.1;31830;103.2245626072041;858.1245626072041;Line 329;0;147.96479684038
-23.314143349;-46.818769075;779.3;31800;103.12727272727273;858.0272727272727;Line 329;0;147.96479684038
-23.314374764;-46.818616637;779.4;31770;103.02998284734133;857.9299828473413;Line 329;0;147.96479684038
-23.31460618;-46.818464198;778.6;31740;102.93269296740995;857.8326929674099;Line 329;0;147.96479684038
-23.314837595;-46.818311758;777.5;31710;102.83540308747855;857.7354030874785;Line 329;0;147.96479684038
-23.315069011;-46.818159318;780.1;31680;102.73811320754716;857.6381132075471;Line 329;0;147.96479684038
-23.315300426;-46.818006878;782.4;31650;102.64082332761578;857.5408233276157;Line 329;0;147.96479684038
-23.315531841;-46.817854437;782.5;31620;102.54353344768438;857.4435334476843;Line 329;0;147.96479684038
-23.315763256;-46.817701996;780.5;31590;102.446243567753;857.3462435677529;Line 329;0;147.96479684038
-23.315994671;-46.817549554;779.8;31560;102.3489536878216;857.2489536878215;Line 329;0;147.96479684038
-23.316226086;-46.817397112;783.7;31530;102.25166380789021;857.1516638078901;Line 329;0;147.96479684038
-23.316457501;-46.817244669;788.6;31500;102.15437392795883;857.0543739279587;Line 329;0;147.96479684038
-23.316688915;-46.817092225;792.6;31470;102.05708404802743;856.9570840480274;Line 329;0;147.96479684038
-23.31692033;-46.816939781;797.6;31440;101.95979416809605;856.8597941680961;Line 329;0;147.96479684038
-23.317151744;-46.816787337;799.7;31410;101.86250428816466;856.7625042881647;Line 329;0;147.96479684038
-23.317383158;-46.816634892;800.2;31380;101.76521440823326;856.6652144082333;Line 329;0;147.96479684038
-23.317614572;-46.816482446;805.3;31350;101.66792452830188;856.5679245283019;Line 329;0;147.96479684038
-23.317845986;-46.81633;810.8;31320;101.57063464837049;856.4706346483705;Line 329;0;147.96479684038
-23.3180774;-46.816177554;814.7;31290;101.4733447684391;856.3733447684391;Line 329;0;147.96479684038
-23.318308813;-46.816025107;817.1;31260;101.37605488850771;856.2760548885077;Line 329;0;147.96479684038
-23.318540227;-46.81587266;820.7;31230;101.27876500857631;856.1787650085763;Line 329;0;147.96479684038
-23.31877164;-46.815720211;827.1;31200;101.18147512864493;856.0814751286449;Line 329;0;147.96479684038
-23.319003054;-46.815567763;833.8;31170;101.08418524871354;855.9841852487135;Line 329;0;147.96479684038
-23.319234467;-46.815415314;838.9;31140;100.98689536878216;855.8868953687821;Line 329;0;147.96479684038
-23.31946588;-46.815262864;840.4;31110;100.88960548885078;855.7896054888507;Line 329;0;147.96479684038
-23.319697293;-46.815110414;840.4;31080;100.79231560891938;855.6923156089193;Line 329;0;147.96479684038
-23.319928706;-46.814957964;838.4;31050;100.695025728988;855.5950257289879;Line 329;0;147.96479684038
-23.320160118;-46.814805513;835.3;31020;100.5977358490566;855.4977358490565;Line 329;0;147.96479684038
-23.320391531;-46.814653061;831.8;30990;100.50044596912522;855.4004459691253;Line 329;0;147.96479684038
-23.320622944;-46.814500609;827.4;30960;100.40315608919383;855.3031560891939;Line 329;0;147.96479684038
-23.320854356;-46.814348156;822.4;30930;100.30586620926243;855.2058662092625;Line 329;0;147.96479684038
-23.321085768;-46.814195703;818.9;30900;100.20857632933105;855.1085763293311;Line 329;0;147.96479684038
-23.32131718;-46.81404325;812.8;30870;100.11128644939966;855.0112864493997;Line 329;0;147.96479684038
-23.321548592;-46.813890796;806.0;30840;100.01399656946828;854.9139965694683;Line 329;0;147.96479684038
-23.321780004;-46.813738341;799.2;30810;99.91670668953688;854.8167066895369;Line 329;0;147.96479684038
-23.322011416;-46.813585886;793.0;30780;99.81941680960549;854.7194168096055;Line 329;0;147.96479684038
-23.322242827;-46.81343343;787.2;30750;99.7221269296741;854.6221269296741;Line 329;0;147.96479684038
-23.322474239;-46.813280974;782.3;30720;99.62483704974271;854.5248370497427;Line 329;0;147.96479684038
-23.32270565;-46.813128517;781.1;30690;99.52754716981133;854.4275471698113;Line 329;0;147.96479684038
-23.322937061;-46.81297606;780.3;30660;99.43025728987993;854.3302572898799;Line 329;0;147.96479684038
-23.323168473;-46.812823602;779.5;30630;99.33296740994854;854.2329674099485;Line 329;0;147.96479684038
-23.323399884;-46.812671144;777.5;30600;99.23567753001716;854.1356775300171;Line 329;0;147.96479684038
-23.323631294;-46.812518686;772.6;30570;99.13838765008576;854.0383876500857;Line 329;0;147.96479684038
-23.323862705;-46.812366226;769.8;30540;99.04109777015438;853.9410977701543;Line 329;0;147.96479684038
-23.324094116;-46.812213767;768.0;30510;98.94380789022298;853.8438078902229;Line 329;0;147.96479684038
-23.324325526;-46.812061306;767.2;30480;98.84651801029159;853.7465180102915;Line 329;0;147.96479684038
-23.324556937;-46.811908846;766.4;30450;98.74922813036021;853.6492281303601;Line 329;0;147.96479684038
-23.324788347;-46.811756384;765.3;30420;98.65193825042881;853.5519382504287;Line 329;0;147.96479684038
-23.325019757;-46.811603923;764.0;30390;98.55464837049743;853.4546483704974;Line 329;0;147.96479684038
-23.325251167;-46.81145146;765.2;30360;98.45735849056604;853.357358490566;Line 329;0;147.96479684038
-23.325482577;-46.811298997;765.9;30330;98.36006861063464;853.2600686106346;Line 329;0;147.96479684038
-23.325713987;-46.811146534;766.1;30300;98.26277873070326;853.1627787307033;Line 329;0;147.96479684038
-23.325945397;-46.81099407;766.9;30270;98.16548885077187;853.0654888507719;Line 329;0;147.96479684038
-23.326176806;-46.810841606;768.6;30240;98.06819897084048;852.9681989708405;Line 329;0;147.96479684038
-23.326408216;-46.810689141;770.0;30210;97.97090909090909;852.8709090909091;Line 329;0;147.96479684038
-23.326639625;-46.810536676;771.1;30180;97.8736192109777;852.7736192109777;Line 329;0;147.96479684038
-23.326871034;-46.81038421;771.2;30150;97.77632933104631;852.6763293310463;Line 329;0;147.96479684038
-23.327102443;-46.810231744;771.3;30120;97.67903945111492;852.5790394511149;Line 329;0;147.96479684038
-23.327333852;-46.810079277;771.5;30090;97.58174957118354;852.4817495711835;Line 329;0;147.96479684038
-23.327565261;-46.809926809;775.5;30060;97.48445969125214;852.3844596912521;Line 329;0;147.96479684038
-23.327796669;-46.809774341;784.0;30030;97.38716981132075;852.2871698113207;Line 329;0;147.96479684038
-23.328028078;-46.809621873;791.7;30000;97.28987993138936;852.1898799313893;Line 329;0;147.96479684038
-23.328259486;-46.809469404;798.8;29970;97.19259005145797;852.0925900514579;Line 329;0;147.96479684038
-23.328490895;-46.809316935;804.9;29940;97.09530017152659;851.9953001715265;Line 329;0;147.96479684038
-23.328722303;-46.809164465;810.7;29910;96.9980102915952;851.8980102915951;Line 329;0;147.96479684038
-23.328953711;-46.809011994;813.0;29880;96.9007204116638;851.8007204116637;Line 329;0;147.96479684038
-23.329185119;-46.808859523;816.0;29850;96.80343053173242;851.7034305317324;Line 329;0;147.96479684038
-23.329416527;-46.808707052;820.3;29820;96.70614065180102;851.606140651801;Line 329;0;147.96479684038
-23.329647935;-46.80855458;824.6;29790;96.60885077186964;851.5088507718697;Line 329;0;147.96479684038
-23.329879342;-46.808402107;828.8;29760;96.51156089193825;851.4115608919383;Line 329;0;147.96479684038
-23.33011075;-46.808249634;831.0;29730;96.41427101200685;851.3142710120069;Line 329;0;147.96479684038
-23.330342157;-46.808097161;830.6;29700;96.31698113207547;851.2169811320755;Line 329;0;147.96479684038
-23.330573564;-46.807944687;829.5;29670;96.21969125214407;851.1196912521441;Line 329;0;147.96479684038
-23.330804971;-46.807792212;827.5;29640;96.12240137221269;851.0224013722127;Line 329;0;147.96479684038
-23.331036378;-46.807639737;822.7;29610;96.0251114922813;850.9251114922813;Line 329;0;147.96479684038
-23.331267785;-46.807487262;816.4;29580;95.9278216123499;850.8278216123499;Line 329;0;147.96479684038
-23.331499192;-46.807334786;809.3;29550;95.83053173241852;850.7305317324185;Line 329;0;147.96479684038
-23.331730598;-46.807182309;803.4;29520;95.73324185248713;850.6332418524871;Line 329;0;147.96479684038
-23.331962005;-46.807029832;799.9;29490;95.63595197255574;850.5359519725557;Line 329;0;147.96479684038
-23.332193411;-46.806877355;796.3;29460;95.53866209262435;850.4386620926243;Line 329;0;147.96479684038
-23.332424818;-46.806724876;792.5;29430;95.44137221269295;850.3413722126929;Line 329;0;147.96479684038
-23.332656224;-46.806572398;792.4;29400;95.34408233276157;850.2440823327615;Line 329;0;147.96479684038
-23.33288763;-46.806419919;795.8;29370;95.24679245283018;850.1467924528301;Line 329;0;147.96479684038
-23.333119036;-46.806267439;800.4;29340;95.1495025728988;850.0495025728987;Line 329;0;147.96479684038
-23.333350441;-46.806114959;806.2;29310;95.0522126929674;849.9522126929674;Line 329;0;147.96479684038
-23.333581847;-46.805962478;810.0;29280;94.954922813036;849.854922813036;Line 329;0;147.96479684038
-23.333813252;-46.805809997;813.0;29250;94.85763293310463;849.7576329331046;Line 329;0;147.96479684038
-23.334044658;-46.805657516;817.1;29220;94.76034305317323;849.6603430531732;Line 329;0;147.96479684038
-23.334276063;-46.805505033;823.8;29190;94.66305317324185;849.5630531732418;Line 329;0;147.96479684038
-23.334507468;-46.805352551;831.6;29160;94.56576329331045;849.4657632933104;Line 329;0;147.96479684038
-23.334738873;-46.805200067;838.0;29130;94.46847341337907;849.3684734133791;Line 329;0;147.96479684038
-23.334970278;-46.805047584;843.0;29100;94.37118353344768;849.2711835334477;Line 329;0;147.96479684038
-23.335201683;-46.8048951;848.3;29070;94.2738936535163;849.1738936535163;Line 329;0;147.96479684038
-23.335433088;-46.804742615;852.4;29040;94.17660377358492;849.0766037735849;Line 329;1;147.96479684038
-23.335664492;-46.80459013;855.9;29010;94.07931389365352;848.9793138936535;Line 329;1;147.96479684038
-23.335895897;-46.804437644;859.3;28980;93.98202401372212;848.8820240137221;Line 329;1;147.96479684038
-23.336127301;-46.804285158;864.5;28950;93.88473413379074;848.7847341337907;Line 329;1;147.96479684038
-23.336358705;-46.804132671;869.4;28920;93.78744425385935;848.6874442538593;Line 329;1;147.96479684038
-23.336590109;-46.803980183;873.3;28890;93.69015437392797;848.5901543739279;Line 329;1;147.96479684038
-23.336821513;-46.803827696;875.5;28860;93.59286449399657;848.4928644939965;Line 329;1;147.96479684038
-23.337052917;-46.803675207;876.6;28830;93.49557461406518;848.3955746140651;Line 329;1;147.96479684038
-23.33728432;-46.803522719;877.4;28800;93.3982847341338;848.2982847341337;Line 329;1;147.96479684038
-23.337515724;-46.803370229;877.6;28770;93.3009948542024;848.2009948542023;Line 329;1;147.96479684038
-23.337747127;-46.803217739;870.8;28740;93.20370497427102;848.103704974271;Line 329;1;147.96479684038
-23.337978531;-46.803065249;863.3;28710;93.10641509433962;848.0064150943396;Line 329;1;147.96479684038
-23.338209934;-46.802912758;855.0;28680;93.00912521440823;847.9091252144082;Line 329;1;147.96479684038
-23.338441337;-46.802760267;848.0;28650;92.91183533447685;847.8118353344769;Line 329;1;147.96479684038
-23.33867274;-46.802607775;843.5;28620;92.81454545454545;847.7145454545455;Line 329;0;147.96479684038
-23.338904143;-46.802455283;839.6;28590;92.71725557461407;847.6172555746141;Line 329;0;147.96479684038
-23.339135545;-46.80230279;836.2;28560;92.61996569468268;847.5199656946827;Line 329;0;147.96479684038
-23.339366948;-46.802150296;839.6;28530;92.52267581475128;847.4226758147513;Line 329;0;147.96479684038
-23.339598351;-46.801997802;843.2;28500;92.4253859348199;847.3253859348199;Line 329;0;147.96479684038
-23.339829753;-46.801845308;845.9;28470;92.3280960548885;847.2280960548885;Line 329;0;147.96479684038
-23.340061155;-46.801692813;848.7;28440;92.23080617495712;847.1308061749571;Line 329;1;147.96479684038
-23.340292557;-46.801540317;858.6;28410;92.13351629502573;847.0335162950257;Line 329;1;147.96479684038
-23.340523959;-46.801387822;867.8;28380;92.03622641509433;846.9362264150943;Line 329;1;147.96479684038
-23.340755361;-46.801235325;875.4;28350;91.93893653516295;846.8389365351629;Line 329;1;147.96479684038
-23.340986763;-46.801082828;878.7;28320;91.84164665523156;846.7416466552315;Line 329;1;147.96479684038
-23.341218164;-46.800930331;880.3;28290;91.74435677530018;846.6443567753001;Line 329;1;147.96479684038
-23.341449566;-46.800777833;880.9;28260;91.64706689536878;846.5470668953687;Line 329;1;147.96479684038
-23.341680967;-46.800625334;878.5;28230;91.54977701543739;846.4497770154373;Line 329;1;147.96479684038
-23.341912368;-46.800472835;874.5;28200;91.452487135506;846.352487135506;Line 329;1;147.96479684038
-23.342143769;-46.800320336;872.6;28170;91.35519725557461;846.2551972555746;Line 329;1;147.96479684038
-23.34237517;-46.800167835;872.9;28140;91.25790737564323;846.1579073756432;Line 329;1;147.96479684038
-23.342606571;-46.800015335;871.3;28110;91.16061749571183;846.0606174957118;Line 329;1;147.96479684038
-23.342837972;-46.799862834;863.2;28080;91.06332761578044;845.9633276157804;Line 329;1;147.96479684038
-23.343069373;-46.799710332;854.4;28050;90.96603773584906;845.866037735849;Line 329;1;147.96479684038
-23.343300773;-46.79955783;844.9;28020;90.86874785591766;845.7687478559176;Line 329;0;147.96479684038
-23.343532174;-46.799405328;842.7;27990;90.77145797598628;845.6714579759863;Line 329;0;147.96479684038
-23.343763574;-46.799252824;842.5;27960;90.67416809605488;845.5741680960549;Line 329;0;147.96479684038
-23.343994974;-46.799100321;843.5;27930;90.57687821612349;845.4768782161235;Line 329;0;147.96479684038
-23.344226374;-46.798947817;845.3;27900;90.47958833619211;845.3795883361921;Line 329;0;147.96479684038
-23.344457774;-46.798795312;845.3;27870;90.38229845626071;845.2822984562607;Line 329;1;147.96479684038
-23.344689174;-46.798642807;844.8;27840;90.28500857632933;845.1850085763293;Line 329;0;147.96479684038
-23.344920573;-46.798490301;843.7;27810;90.18771869639794;845.0877186963979;Line 329;0;147.96479684038
-23.345151973;-46.798337795;837.3;27780;90.09042881646654;844.9904288164665;Line 329;0;147.96479684038
-23.345383372;-46.798185288;829.2;27750;89.99313893653516;844.8931389365351;Line 329;0;147.96479684038
-23.345614771;-46.798032781;820.7;27720;89.89584905660377;844.7958490566037;Line 329;0;147.96479684038
-23.345846171;-46.797880273;811.5;27690;89.79855917667238;844.6985591766723;Line 329;0;147.96479684038
-23.34607757;-46.797727765;803.5;27660;89.70126929674099;844.601269296741;Line 329;0;147.96479684038
-23.346308969;-46.797575257;795.5;27630;89.6039794168096;844.5039794168096;Line 329;0;147.96479684038
-23.346540367;-46.797422747;790.3;27600;89.50668953687821;844.4066895368782;Line 329;0;147.96479684038
-23.346771766;-46.797270238;791.2;27570;89.40939965694682;844.3093996569468;Line 329;0;147.96479684038
-23.347003165;-46.797117727;795.9;27540;89.31210977701544;844.2121097770154;Line 329;0;147.96479684038
-23.347234563;-46.796965217;800.8;27510;89.21481989708404;844.114819897084;Line 329;0;147.96479684038
-23.347465961;-46.796812705;805.7;27480;89.11753001715265;844.0175300171526;Line 329;0;147.96479684038
-23.347697359;-46.796660193;806.3;27450;89.02024013722126;843.9202401372213;Line 329;0;147.96479684038
-23.347928757;-46.796507681;804.8;27420;88.92295025728987;843.8229502572899;Line 329;0;147.96479684038
-23.348160155;-46.796355168;802.7;27390;88.82566037735849;843.7256603773585;Line 329;0;147.96479684038
-23.348391553;-46.796202655;800.1;27360;88.7283704974271;843.6283704974271;Line 329;0;147.96479684038
-23.348622951;-46.796050141;797.4;27330;88.6310806174957;843.5310806174957;Line 329;0;147.96479684038
-23.348854348;-46.795897627;793.4;27300;88.53379073756432;843.4337907375643;Line 329;0;147.96479684038
-23.349085746;-46.795745112;788.5;27270;88.43650085763292;843.3365008576329;Line 329;0;147.96479684038
-23.349317143;-46.795592597;788.6;27240;88.33921097770154;843.2392109777015;Line 329;0;147.96479684038
-23.34954854;-46.795440081;792.5;27210;88.24192109777015;843.1419210977701;Line 329;0;147.96479684038
-23.349779938;-46.795287564;798.0;27180;88.14463121783875;843.0446312178387;Line 329;0;147.96479684038
-23.350011334;-46.795135047;804.8;27150;88.04734133790737;842.9473413379073;Line 329;0;147.96479684038
-23.350242731;-46.79498253;809.3;27120;87.95005145797599;842.850051457976;Line 329;0;147.96479684038
-23.350474128;-46.794830012;810.1;27090;87.85276157804459;842.7527615780446;Line 329;0;147.96479684038
-23.350705525;-46.794677494;809.6;27060;87.75547169811321;842.6554716981132;Line 329;0;147.96479684038
-23.350936921;-46.794524975;807.8;27030;87.65818181818182;842.5581818181818;Line 329;0;147.96479684038
-23.351168317;-46.794372455;806.9;27000;87.56089193825044;842.4608919382504;Line 329;0;147.96479684038
-23.351399714;-46.794219935;807.6;26970;87.46360205831904;842.363602058319;Line 329;0;147.96479684038
-23.35163111;-46.794067415;809.4;26940;87.36631217838766;842.2663121783876;Line 329;0;147.96479684038
-23.351862506;-46.793914894;812.1;26910;87.26902229845626;842.1690222984562;Line 329;0;147.96479684038
-23.352093902;-46.793762372;815.6;26880;87.17173241852487;842.0717324185248;Line 329;0;147.96479684038
-23.352325297;-46.79360985;820.0;26850;87.07444253859349;841.9744425385935;Line 329;0;147.96479684038
-23.352556693;-46.793457328;825.1;26820;86.97715265866209;841.8771526586621;Line 329;0;147.96479684038
-23.352788088;-46.793304805;831.1;26790;86.87986277873071;841.7798627787307;Line 329;0;147.96479684038
-23.353019484;-46.793152281;838.2;26760;86.78257289879932;841.6825728987993;Line 329;0;147.96479684038
-23.353250879;-46.792999757;847.2;26730;86.68528301886792;841.5852830188679;Line 329;1;147.96479684038
-23.353482274;-46.792847233;851.0;26700;86.58799313893654;841.4879931389365;Line 329;1;147.96479684038
-23.353713669;-46.792694707;852.2;26670;86.49070325900514;841.3907032590051;Line 329;1;147.96479684038
-23.353945064;-46.792542182;854.5;26640;86.39341337907376;841.2934133790737;Line 329;1;147.96479684038
-23.354176459;-46.792389656;855.5;26610;86.29612349914237;841.1961234991423;Line 329;1;147.96479684038
-23.354407853;-46.792237129;849.5;26580;86.19883361921097;841.098833619211;Line 329;1;147.96479684038
-23.354639248;-46.792084602;843.1;26550;86.10154373927959;841.0015437392796;Line 329;1;147.96479684038
-23.354870642;-46.791932074;836.5;26520;86.0042538593482;840.9042538593482;Line 329;0;147.96479684038
-23.355102036;-46.791779546;831.9;26490;85.90696397941682;840.8069639794168;Line 329;0;147.96479684038
-23.355333431;-46.791627018;829.4;26460;85.80967409948542;840.7096740994854;Line 329;0;147.96479684038
-23.355564825;-46.791474488;827.7;26430;85.71238421955402;840.612384219554;Line 329;0;147.96479684038
-23.355796218;-46.791321959;825.2;26400;85.61509433962264;840.5150943396226;Line 329;0;147.96479684038
-23.356027612;-46.791169429;828.6;26370;85.51780445969125;840.4178044596912;Line 329;0;147.96479684038
-23.356259006;-46.791016898;831.1;26340;85.42051457975987;840.3205145797599;Line 329;0;147.96479684038
-23.356490399;-46.790864367;831.4;26310;85.32322469982847;840.2232246998285;Line 329;0;147.96479684038
-23.356721793;-46.790711835;833.4;26280;85.22593481989708;840.1259348198971;Line 329;0;147.96479684038
-23.356953186;-46.790559303;845.4;26250;85.1286449399657;840.0286449399657;Line 329;1;147.96479684038
-23.357184579;-46.79040677;857.6;26220;85.0313550600343;839.9313550600343;Line 329;1;147.96479684038
-23.357415972;-46.790254237;869.9;26190;84.93406518010292;839.8340651801029;Line 329;1;147.96479684038
-23.357647365;-46.790101703;880.9;26160;84.83677530017152;839.7367753001715;Line 329;1;147.96479684038
-23.357878758;-46.789949169;890.8;26130;84.73948542024013;839.6394854202401;Line 329;1;147.96479684038
-23.358110151;-46.789796634;900.2;26100;84.64219554030875;839.5421955403087;Line 329;1;147.96479684038
-23.358341543;-46.789644099;909.8;26070;84.54490566037735;839.4449056603773;Line 329;1;147.96479684038
-23.358572935;-46.789491563;907.3;26040;84.44761578044597;839.347615780446;Line 329;1;147.96479684038
-23.358804328;-46.789339026;903.9;26010;84.35032590051458;839.2503259005146;Line 329;1;147.96479684038
-23.35903572;-46.78918649;899.7;25980;84.25303602058318;839.1530360205832;Line 329;1;147.96479684038
-23.359267112;-46.789033952;891.8;25950;84.1557461406518;839.0557461406518;Line 329;1;147.96479684038
-23.359498504;-46.788881414;880.2;25920;84.0584562607204;838.9584562607204;Line 329;1;147.96479684038
-23.359729896;-46.788728876;870.7;25890;83.96116638078902;838.861166380789;Line 329;1;147.96479684038
-23.359961287;-46.788576337;863.5;25860;83.86387650085763;838.7638765008576;Line 329;1;147.96479684038
-23.360192679;-46.788423798;857.7;25830;83.76658662092623;838.6665866209262;Line 329;1;147.96479684038
-23.36042407;-46.788271258;851.6;25800;83.66929674099485;838.5692967409948;Line 329;1;147.96479684038
-23.360655462;-46.788118717;845.2;25770;83.57200686106346;838.4720068610634;Line 329;1;147.96479684038
-23.360886853;-46.787966177;839.0;25740;83.47471698113208;838.374716981132;Line 329;1;147.96479684038
-23.361118244;-46.787813635;832.7;25710;83.37742710120068;838.2774271012006;Line 329;0;147.96479684038
-23.361349635;-46.787661093;827.0;25680;83.28013722126929;838.1801372212692;Line 329;0;147.96479684038
-23.361581026;-46.787508551;821.9;25650;83.1828473413379;838.0828473413379;Line 329;0;147.96479684038
-23.361812416;-46.787356008;822.1;25620;83.08555746140651;837.9855574614065;Line 329;0;147.96479684038
-23.362043807;-46.787203464;823.5;25590;82.98826758147513;837.8882675814751;Line 329;0;147.96479684038
-23.362275197;-46.78705092;823.7;25560;82.89097770154373;837.7909777015437;Line 329;0;147.96479684038
-23.362506588;-46.786898376;822.6;25530;82.79368782161234;837.6936878216123;Line 329;0;147.96479684038
-23.362737978;-46.786745831;817.2;25500;82.69639794168096;837.596397941681;Line 329;0;147.96479684038
-23.362969368;-46.786593285;811.4;25470;82.59910806174956;837.4991080617496;Line 329;0;147.96479684038
-23.363200758;-46.786440739;806.3;25440;82.50181818181818;837.4018181818182;Line 329;0;147.96479684038
-23.363432148;-46.786288193;805.2;25410;82.40452830188678;837.3045283018868;Line 329;0;147.96479684038
-23.363663538;-46.786135646;808.6;25380;82.30723842195539;837.2072384219554;Line 329;0;147.96479684038
-23.363894927;-46.785983098;811.9;25350;82.20994854202401;837.109948542024;Line 329;0;147.96479684038
-23.364126317;-46.78583055;815.0;25320;82.11265866209261;837.0126586620926;Line 329;0;147.96479684038
-23.364357706;-46.785678001;818.4;25290;82.01536878216123;836.9153687821612;Line 329;0;147.96479684038
-23.364589095;-46.785525452;821.6;25260;81.91807890222984;836.8180789022298;Line 329;0;147.96479684038
-23.364820484;-46.785372903;824.2;25230;81.82078902229844;836.7207890222984;Line 329;0;147.96479684038
-23.365051873;-46.785220352;826.2;25200;81.72349914236706;836.623499142367;Line 329;0;147.96479684038
-23.365283262;-46.785067802;828.5;25170;81.62620926243567;836.5262092624356;Line 329;0;147.96479684038
-23.365514651;-46.784915251;830.0;25140;81.52891938250428;836.4289193825043;Line 329;0;147.96479684038
-23.36574604;-46.784762699;830.8;25110;81.43162950257289;836.3316295025729;Line 329;0;147.96479684038
-23.365977428;-46.784610147;828.3;25080;81.33433962264151;836.2343396226415;Line 329;0;147.96479684038
-23.366208816;-46.784457594;823.9;25050;81.23704974271013;836.1370497427101;Line 329;0;147.96479684038
-23.366440205;-46.784305041;819.7;25020;81.13975986277873;836.0397598627787;Line 329;0;147.96479684038
-23.366671593;-46.784152487;815.6;24990;81.04246998284735;835.9424699828473;Line 329;0;147.96479684038
-23.366902981;-46.783999933;805.6;24960;80.94518010291596;835.845180102916;Line 329;0;147.96479684038
-23.367134369;-46.783847378;795.2;24930;80.84789022298456;835.7478902229846;Line 329;0;147.96479684038
-23.367365756;-46.783694823;784.3;24900;80.75060034305318;835.6506003430532;Line 329;0;147.96479684038
-23.367597144;-46.783542267;774.4;24870;80.65331046312178;835.5533104631218;Line 329;0;147.96479684038
-23.367828531;-46.783389711;766.9;24840;80.5560205831904;835.4560205831904;Line 329;0;147.96479684038
-23.368059919;-46.783237154;762.3;24810;80.45873070325901;835.358730703259;Line 329;0;147.96479684038
-23.368291306;-46.783084597;758.7;24780;80.36144082332761;835.2614408233276;Line 329;0;147.96479684038
-23.368522693;-46.782932039;760.1;24750;80.26415094339623;835.1641509433962;Line 329;0;147.96479684038
-23.36875408;-46.782779481;761.5;24720;80.16686106346484;835.0668610634648;Line 329;0;147.96479684038
-23.368985467;-46.782626922;761.8;24690;80.06957118353345;834.9695711835334;Line 329;0;147.96479684038
-23.369216854;-46.782474363;762.1;24660;79.97228130360206;834.872281303602;Line 329;0;147.96479684038
-23.369448241;-46.782321803;767.3;24630;79.87499142367066;834.7749914236706;Line 329;0;147.96479684038
-23.369679627;-46.782169242;772.3;24600;79.77770154373928;834.6777015437392;Line 329;0;147.96479684038
-23.369911014;-46.782016681;777.2;24570;79.68041166380789;834.5804116638078;Line 329;0;147.96479684038
-23.3701424;-46.78186412;779.1;24540;79.5831217838765;834.4831217838765;Line 329;0;147.96479684038
-23.370373786;-46.781711558;777.3;24510;79.48583190394511;834.3858319039451;Line 329;0;147.96479684038
-23.370605172;-46.781558996;772.7;24480;79.38854202401372;834.2885420240137;Line 329;0;147.96479684038
-23.370836558;-46.781406433;767.1;24450;79.29125214408234;834.1912521440823;Line 329;0;147.96479684038
-23.371067944;-46.781253869;763.9;24420;79.19396226415094;834.093962264151;Line 329;0;147.96479684038
-23.371299329;-46.781101305;761.7;24390;79.09667238421956;833.9966723842196;Line 329;0;147.96479684038
-23.371530715;-46.780948741;760.5;24360;78.99938250428816;833.8993825042882;Line 329;0;147.96479684038
-23.3717621;-46.780796176;762.0;24330;78.90209262435677;833.8020926243568;Line 329;0;147.96479684038
-23.371993486;-46.780643611;767.5;24300;78.80480274442539;833.7048027444254;Line 329;0;147.96479684038
-23.372224871;-46.780491045;773.5;24270;78.70751286449399;833.607512864494;Line 329;0;147.96479684038
-23.372456256;-46.780338478;780.0;24240;78.61022298456261;833.5102229845626;Line 329;0;147.96479684038
-23.372687641;-46.780185911;786.4;24210;78.51293310463122;833.4129331046312;Line 329;0;147.96479684038
-23.372919026;-46.780033344;793.1;24180;78.41564322469982;833.3156432246998;Line 329;0;147.96479684038
-23.37315041;-46.779880775;797.9;24150;78.31835334476844;833.2183533447684;Line 329;0;147.96479684038
-23.373381795;-46.779728207;802.2;24120;78.22106346483704;833.121063464837;Line 329;0;147.96479684038
-23.373613179;-46.779575638;804.9;24090;78.12377358490566;833.0237735849056;Line 329;0;147.96479684038
-23.373844563;-46.779423068;808.1;24060;78.02648370497427;832.9264837049742;Line 329;0;147.96479684038
-23.374075948;-46.779270498;812.0;24030;77.92919382504287;832.8291938250428;Line 329;0;147.96479684038
-23.374307332;-46.779117928;812.1;24000;77.83190394511149;832.7319039451115;Line 329;0;147.96479684038
-23.374538716;-46.778965357;807.3;23970;77.7346140651801;832.6346140651801;Line 329;0;147.96479684038
-23.3747701;-46.778812785;802.2;23940;77.63732418524872;832.5373241852487;Line 329;0;147.96479684038
-23.375001483;-46.778660213;796.9;23910;77.54003430531732;832.4400343053173;Line 329;0;147.96479684038
-23.375232867;-46.77850764;794.7;23880;77.44274442538592;832.342744425386;Line 329;0;147.96479684038
-23.37546425;-46.778355067;793.3;23850;77.34545454545454;832.2454545454545;Line 329;0;147.96479684038
-23.375695634;-46.778202493;793.5;23820;77.24816466552315;832.1481646655232;Line 329;0;147.96479684038
-23.375927017;-46.778049919;796.2;23790;77.15087478559177;832.0508747855918;Line 329;0;147.96479684038
-23.3761584;-46.777897344;801.3;23760;77.05358490566037;831.9535849056604;Line 329;0;147.96479684038
-23.376389783;-46.777744769;806.4;23730;76.95629502572898;831.856295025729;Line 329;0;147.96479684038
-23.376621166;-46.777592193;811.5;23700;76.8590051457976;831.7590051457976;Line 329;0;147.96479684038
-23.376852548;-46.777439617;812.6;23670;76.7617152658662;831.6617152658662;Line 329;0;147.96479684038
-23.377083931;-46.77728704;812.4;23640;76.66442538593482;831.5644253859348;Line 329;0;147.96479684038
-23.377315313;-46.777134463;812.3;23610;76.56713550600342;831.4671355060034;Line 329;0;147.96479684038
-23.377546696;-46.776981885;811.7;23580;76.46984562607203;831.369845626072;Line 329;0;147.96479684038
-23.377778078;-46.776829307;810.0;23550;76.37255574614065;831.2725557461406;Line 329;0;147.96479684038
-23.37800946;-46.776676728;809.3;23520;76.27526586620925;831.1752658662092;Line 329;0;147.96479684038
-23.378240842;-46.776524149;811.1;23490;76.17797598627787;831.0779759862778;Line 329;0;147.96479684038
-23.378472224;-46.776371569;814.1;23460;76.08068610634648;830.9806861063464;Line 329;0;147.96479684038
-23.378703606;-46.776218989;817.0;23430;75.98339622641508;830.883396226415;Line 329;0;147.96479684038
-23.378934987;-46.776066408;819.8;23400;75.8861063464837;830.7861063464836;Line 329;0;147.96479684038
-23.379166369;-46.775913827;822.3;23370;75.7888164665523;830.6888164665522;Line 329;0;147.96479684038
-23.37939775;-46.775761245;825.3;23340;75.69152658662092;830.591526586621;Line 329;0;147.96479684038
-23.379629131;-46.775608663;827.8;23310;75.59423670668953;830.4942367066895;Line 329;0;147.96479684038
-23.379860512;-46.77545608;830.3;23280;75.49694682675813;830.3969468267582;Line 329;0;147.96479684038
-23.380091893;-46.775303496;832.4;23250;75.39965694682675;830.2996569468268;Line 329;1;147.96479684038
-23.380323274;-46.775150912;833.8;23220;75.30236706689536;830.2023670668954;Line 329;1;147.96479684038
-23.380554655;-46.774998328;835.0;23190;75.20507718696398;830.105077186964;Line 329;1;147.96479684038
-23.380786036;-46.774845743;835.1;23160;75.10778730703258;830.0077873070326;Line 329;1;147.96479684038
-23.381017416;-46.774693158;831.1;23130;75.0104974271012;829.9104974271012;Line 329;1;147.96479684038
-23.381248796;-46.774540572;826.4;23100;74.9132075471698;829.8132075471698;Line 329;0;147.96479684038
-23.381480177;-46.774387985;822.1;23070;74.81591766723842;829.7159176672384;Line 329;0;147.96479684038
-23.381711557;-46.774235398;818.7;23040;74.71862778730704;829.618627787307;Line 329;0;147.96479684038
-23.381942937;-46.774082811;817.5;23010;74.62133790737565;829.5213379073756;Line 329;0;147.96479684038
-23.382174317;-46.773930223;816.6;22980;74.52404802744425;829.4240480274442;Line 329;0;147.96479684038
-23.382405696;-46.773777634;816.2;22950;74.42675814751287;829.3267581475128;Line 329;0;147.96479684038
-23.382637076;-46.773625045;819.0;22920;74.32946826758148;829.2294682675814;Line 329;0;147.96479684038
-23.382868456;-46.773472456;823.2;22890;74.2321783876501;829.1321783876501;Line 329;0;147.96479684038
-23.383099835;-46.773319865;826.6;22860;74.1348885077187;829.0348885077187;Line 329;0;147.96479684038
-23.383331214;-46.773167275;829.0;22830;74.0375986277873;828.9375986277873;Line 329;1;147.96479684038
-23.383562593;-46.773014684;821.5;22800;73.94030874785592;828.8403087478559;Line 329;0;147.96479684038
-23.383793972;-46.772862092;813.0;22770;73.84301886792453;828.7430188679245;Line 329;0;147.96479684038
-23.384025351;-46.7727095;803.4;22740;73.74572898799315;828.6457289879932;Line 329;0;147.96479684038
-23.38425673;-46.772556908;792.9;22710;73.64843910806175;828.5484391080618;Line 329;0;147.96479684038
-23.384488109;-46.772404314;783.3;22680;73.55114922813036;828.4511492281304;Line 329;0;147.96479684038
-23.384719487;-46.772251721;775.0;22650;73.45385934819897;828.353859348199;Line 329;0;147.96479684038
-23.384950866;-46.772099127;767.1;22620;73.35656946826758;828.2565694682676;Line 329;0;147.96479684038
-23.385182244;-46.771946532;762.7;22590;73.2592795883362;828.1592795883362;Line 329;0;147.96479684038
-23.385413622;-46.771793937;760.0;22560;73.1619897084048;828.0619897084048;Line 329;0;147.96479684038
-23.385645;-46.771641341;758.3;22530;73.06469982847341;827.9646998284734;Line 329;0;147.96479684038
-23.385876378;-46.771488745;758.1;22500;72.96740994854203;827.867409948542;Line 329;0;147.96479684038
-23.386107756;-46.771336148;759.0;22470;72.87012006861063;827.7701200686106;Line 329;0;147.96479684038
-23.386339133;-46.771183551;760.6;22440;72.77283018867925;827.6728301886792;Line 329;0;147.96479684038
-23.386570511;-46.771030953;762.9;22410;72.67554030874786;827.5755403087478;Line 329;0;147.96479684038
-23.386801888;-46.770878355;765.1;22380;72.57825042881646;827.4782504288164;Line 329;0;147.96479684038
-23.387033266;-46.770725756;763.5;22350;72.48096054888508;827.380960548885;Line 329;0;147.96479684038
-23.387264643;-46.770573157;760.4;22320;72.38367066895368;827.2836706689536;Line 329;0;147.96479684038
-23.38749602;-46.770420557;757.1;22290;72.2863807890223;827.1863807890222;Line 329;0;147.96479684038
-23.387727397;-46.770267957;750.1;22260;72.18909090909091;827.0890909090908;Line 329;0;147.96479684038
-23.387958774;-46.770115356;742.5;22230;72.09180102915951;826.9918010291594;Line 329;0;147.96479684038
-23.38819015;-46.769962755;734.4;22200;71.99451114922813;826.8945111492282;Line 329;0;147.96479684038
-23.388421527;-46.769810153;729.4;22170;71.89722126929674;826.7972212692968;Line 329;0;147.96479684038
-23.388652903;-46.76965755;728.8;22140;71.79993138936536;826.6999313893654;Line 329;0;147.96479684038
-23.38888428;-46.769504948;729.1;22110;71.70264150943396;826.602641509434;Line 329;0;147.96479684038
-23.389115656;-46.769352344;730.2;22080;71.60535162950256;826.5053516295026;Line 329;0;147.96479684038
-23.389347032;-46.76919974;730.7;22050;71.50806174957118;826.4080617495712;Line 329;0;147.96479684038
-23.389578408;-46.769047136;730.6;22020;71.41077186963979;826.3107718696398;Line 329;0;147.96479684038
-23.389809784;-46.768894531;731.4;21990;71.31348198970841;826.2134819897084;Line 329;0;147.96479684038
-23.390041159;-46.768741926;733.1;21960;71.21619210977701;826.116192109777;Line 329;0;147.96479684038
-23.390272535;-46.76858932;734.8;21930;71.11890222984562;826.0189022298456;Line 329;0;147.96479684038
-23.39050391;-46.768436713;736.8;21900;71.02161234991424;825.9216123499142;Line 329;0;147.96479684038
-23.390735286;-46.768284106;738.7;21870;70.92432246998284;825.8243224699828;Line 329;0;147.96479684038
-23.390966661;-46.768131499;738.2;21840;70.82703259005146;825.7270325900514;Line 329;0;147.96479684038
-23.391198036;-46.767978891;736.5;21810;70.72974271012006;825.62974271012;Line 329;0;147.96479684038
-23.391429411;-46.767826282;734.9;21780;70.63245283018867;825.5324528301886;Line 329;0;147.96479684038
-23.391660786;-46.767673673;733.4;21750;70.53516295025729;825.4351629502572;Line 329;0;147.96479684038
-23.39189216;-46.767521064;731.5;21720;70.43787307032589;825.3378730703258;Line 329;0;147.96479684038
-23.392123535;-46.767368454;729.4;21690;70.34058319039451;825.2405831903945;Line 329;0;147.96479684038
-23.392354909;-46.767215843;726.8;21660;70.24329331046312;825.1432933104632;Line 329;0;147.96479684038
-23.392586284;-46.767063232;725.3;21630;70.14600343053172;825.0460034305318;Line 329;0;147.96479684038
-23.392817658;-46.76691062;726.3;21600;70.04871355060034;824.9487135506004;Line 329;0;147.96479684038
-23.393049032;-46.766758008;727.5;21570;69.95142367066894;824.851423670669;Line 329;0;147.96479684038
-23.393280406;-46.766605396;728.9;21540;69.85413379073756;824.7541337907376;Line 329;0;147.96479684038
-23.39351178;-46.766452783;732.9;21510;69.75684391080617;824.6568439108062;Line 329;0;147.96479684038
-23.393743153;-46.766300169;737.9;21480;69.65955403087477;824.5595540308748;Line 329;0;147.96479684038
-23.393974527;-46.766147555;743.2;21450;69.56226415094339;824.4622641509434;Line 329;0;147.96479684038
-23.394205901;-46.76599494;748.6;21420;69.464974271012;824.364974271012;Line 329;0;147.96479684038
-23.394437274;-46.765842325;752.8;21390;69.36768439108062;824.2676843910806;Line 329;0;147.96479684038
-23.394668647;-46.765689709;755.7;21360;69.27039451114922;824.1703945111492;Line 329;0;147.96479684038
-23.39490002;-46.765537093;759.2;21330;69.17310463121783;824.0731046312178;Line 329;0;147.96479684038
-23.395131393;-46.765384477;763.6;21300;69.07581475128644;823.9758147512864;Line 329;0;147.96479684038
-23.395362766;-46.765231859;768.7;21270;68.97852487135505;823.878524871355;Line 329;0;147.96479684038
-23.395594139;-46.765079242;774.2;21240;68.88123499142367;823.7812349914236;Line 329;0;147.96479684038
-23.395825511;-46.764926623;779.3;21210;68.78394511149227;823.6839451114922;Line 329;0;147.96479684038
-23.396056884;-46.764774005;779.2;21180;68.68665523156088;823.5866552315608;Line 329;0;147.96479684038
-23.396288256;-46.764621385;780.2;21150;68.5893653516295;823.4893653516294;Line 329;0;147.96479684038
-23.396519628;-46.764468766;782.5;21120;68.4920754716981;823.392075471698;Line 329;0;147.96479684038
-23.396751001;-46.764316145;784.0;21090;68.39478559176672;823.2947855917666;Line 329;0;147.96479684038
-23.396982373;-46.764163524;783.4;21060;68.29749571183534;823.1974957118354;Line 329;0;147.96479684038
-23.397213744;-46.764010903;783.6;21030;68.20020583190394;823.100205831904;Line 329;0;147.96479684038
-23.397445116;-46.763858281;785.1;21000;68.10291595197256;823.0029159519726;Line 329;0;147.96479684038
-23.397676488;-46.763705659;787.0;20970;68.00562607204117;822.9056260720412;Line 329;0;147.96479684038
-23.397907859;-46.763553036;788.8;20940;67.90833619210979;822.8083361921098;Line 329;0;147.96479684038
-23.398139231;-46.763400413;790.6;20910;67.81104631217839;822.7110463121784;Line 329;0;147.96479684038
-23.398370602;-46.763247789;791.4;20880;67.713756432247;822.613756432247;Line 329;0;147.96479684038
-23.398601973;-46.763095164;790.2;20850;67.61646655231561;822.5164665523156;Line 329;0;147.96479684038
-23.398833344;-46.76294254;788.3;20820;67.51917667238422;822.4191766723842;Line 329;0;147.96479684038
-23.399064715;-46.762789914;785.8;20790;67.42188679245284;822.3218867924528;Line 329;0;147.96479684038
-23.399296086;-46.762637288;781.4;20760;67.32459691252144;822.2245969125214;Line 329;0;147.96479684038
-23.399527456;-46.762484662;775.9;20730;67.22730703259005;822.12730703259;Line 329;0;147.96479684038
-23.399758827;-46.762332035;770.0;20700;67.13001715265867;822.0300171526586;Line 329;0;147.96479684038
-23.399990197;-46.762179407;764.2;20670;67.03272727272727;821.9327272727272;Line 329;0;147.96479684038
-23.400221567;-46.762026779;757.5;20640;66.93543739279589;821.8354373927958;Line 329;0;147.96479684038
-23.400452937;-46.761874151;750.8;20610;66.8381475128645;821.7381475128644;Line 329;0;147.96479684038
-23.400684307;-46.761721522;744.2;20580;66.7408576329331;821.640857632933;Line 329;0;147.96479684038
-23.400915677;-46.761568892;740.0;20550;66.64356775300172;821.5435677530018;Line 329;0;147.96479684038
-23.401147047;-46.761416262;740.7;20520;66.54627787307032;821.4462778730704;Line 329;0;147.96479684038
-23.401378417;-46.761263632;741.8;20490;66.44898799313894;821.348987993139;Line 329;0;147.96479684038
-23.401609786;-46.761111001;743.3;20460;66.35169811320755;821.2516981132076;Line 329;0;147.96479684038
-23.401841156;-46.760958369;748.2;20430;66.25440823327617;821.1544082332762;Line 329;0;147.96479684038
-23.402072525;-46.760805737;753.8;20400;66.15711835334477;821.0571183533448;Line 329;0;147.96479684038
-23.402303894;-46.760653104;759.5;20370;66.05982847341338;820.9598284734134;Line 329;0;147.96479684038
-23.402535263;-46.760500471;765.0;20340;65.962538593482;820.862538593482;Line 329;0;147.96479684038
-23.402766632;-46.760347838;771.5;20310;65.8652487135506;820.7652487135506;Line 329;0;147.96479684038
-23.402998001;-46.760195204;777.9;20280;65.76795883361922;820.6679588336192;Line 329;0;147.96479684038
-23.403229369;-46.760042569;784.2;20250;65.67066895368782;820.5706689536878;Line 329;0;147.96479684038
-23.403460738;-46.759889934;786.9;20220;65.57337907375643;820.4733790737564;Line 329;0;147.96479684038
-23.403692106;-46.759737298;787.3;20190;65.47608919382505;820.376089193825;Line 329;0;147.96479684038
-23.403923475;-46.759584662;788.0;20160;65.37879931389365;820.2787993138936;Line 329;0;147.96479684038
-23.404154843;-46.759432025;789.2;20130;65.28150943396227;820.1815094339622;Line 329;0;147.96479684038
-23.404386211;-46.759279388;788.7;20100;65.18421955403088;820.0842195540308;Line 329;0;147.96479684038
-23.404617579;-46.75912675;788.1;20070;65.08692967409948;819.9869296740994;Line 329;0;147.96479684038
-23.404848947;-46.758974112;786.1;20040;64.9896397941681;819.889639794168;Line 329;0;147.96479684038
-23.405080314;-46.758821473;782.7;20010;64.8923499142367;819.7923499142366;Line 329;0;147.96479684038
-23.405311682;-46.758668834;778.0;19980;64.79506003430532;819.6950600343052;Line 329;0;147.96479684038
-23.405543049;-46.758516194;774.0;19950;64.69777015437393;819.5977701543738;Line 329;0;147.96479684038
-23.405774416;-46.758363554;770.7;19920;64.60048027444253;819.5004802744425;Line 329;0;147.96479684038
-23.406005784;-46.758210913;770.1;19890;64.50319039451115;819.4031903945112;Line 329;0;147.96479684038
-23.406237151;-46.758058272;770.0;19860;64.40590051457976;819.3059005145798;Line 329;0;147.96479684038
-23.406468518;-46.75790563;769.7;19830;64.30861063464837;819.2086106346484;Line 329;0;147.96479684038
-23.406699884;-46.757752988;769.5;19800;64.21132075471698;819.111320754717;Line 329;0;147.96479684038
-23.406931251;-46.757600345;770.7;19770;64.11403087478558;819.0140308747856;Line 329;0;147.96479684038
-23.407162618;-46.757447701;772.1;19740;64.0167409948542;818.9167409948542;Line 329;0;147.96479684038
-23.407393984;-46.757295057;774.4;19710;63.91945111492281;818.8194511149228;Line 329;0;147.96479684038
-23.40762535;-46.757142413;777.9;19680;63.82216123499143;818.7221612349914;Line 329;0;147.96479684038
-23.407856716;-46.756989768;781.8;19650;63.72487135506003;818.62487135506;Line 329;0;147.96479684038
-23.408088083;-46.756837123;785.1;19620;63.627581475128636;818.5275814751286;Line 329;0;147.96479684038
-23.408319448;-46.756684477;787.9;19590;63.530291595197255;818.4302915951972;Line 329;0;147.96479684038
-23.408550814;-46.75653183;786.4;19560;63.43300171526587;818.3330017152658;Line 329;0;147.96479684038
-23.40878218;-46.756379183;784.7;19530;63.33571183533448;818.2357118353344;Line 329;0;147.96479684038
-23.409013545;-46.756226536;782.9;19500;63.23842195540309;818.138421955403;Line 329;0;147.96479684038
-23.409244911;-46.756073888;781.9;19470;63.141132075471695;818.0411320754716;Line 329;0;147.96479684038
-23.409476276;-46.755921239;782.4;19440;63.043842195540314;817.9438421955402;Line 329;0;147.96479684038
-23.409707641;-46.75576859;782.9;19410;62.94655231560892;817.8465523156088;Line 329;0;147.96479684038
-23.409939006;-46.755615941;783.6;19380;62.84926243567754;817.7492624356776;Line 329;0;147.96479684038
-23.410170371;-46.755463291;784.0;19350;62.75197255574614;817.6519725557462;Line 329;0;147.96479684038
-23.410401736;-46.75531064;784.0;19320;62.65468267581475;817.5546826758148;Line 329;0;147.96479684038
-23.410633101;-46.755157989;783.7;19290;62.557392795883366;817.4573927958834;Line 329;0;147.96479684038
-23.410864466;-46.755005338;782.9;19260;62.46010291595197;817.360102915952;Line 329;0;147.96479684038
-23.41109583;-46.754852685;780.2;19230;62.36281303602059;817.2628130360206;Line 329;0;147.96479684038
-23.411327194;-46.754700033;777.7;19200;62.265523156089195;817.1655231560892;Line 329;0;147.96479684038
-23.411558558;-46.75454738;775.4;19170;62.1682332761578;817.0682332761578;Line 329;0;147.96479684038
-23.411789923;-46.754394726;774.3;19140;62.07094339622642;816.9709433962264;Line 329;0;147.96479684038
-23.412021286;-46.754242072;774.6;19110;61.97365351629502;816.873653516295;Line 329;0;147.96479684038
-23.41225265;-46.754089417;775.4;19080;61.87636363636364;816.7763636363636;Line 329;0;147.96479684038
-23.412484014;-46.753936762;776.0;19050;61.77907375643225;816.6790737564322;Line 329;0;147.96479684038
-23.412715378;-46.753784106;774.6;19020;61.68178387650085;816.5817838765008;Line 329;0;147.96479684038
-23.412946741;-46.75363145;772.5;18990;61.58449399656947;816.4844939965694;Line 329;0;147.96479684038
-23.413178104;-46.753478793;769.8;18960;61.487204116638075;816.387204116638;Line 329;0;147.96479684038
-23.413409468;-46.753326136;767.0;18930;61.389914236706694;816.2899142367066;Line 329;0;147.96479684038
-23.413640831;-46.753173478;765.9;18900;61.2926243567753;816.1926243567752;Line 329;0;147.96479684038
-23.413872194;-46.75302082;765.2;18870;61.195334476843904;816.0953344768438;Line 329;0;147.96479684038
-23.414103556;-46.752868161;765.0;18840;61.09804459691252;815.9980445969125;Line 329;0;147.96479684038
-23.414334919;-46.752715502;764.7;18810;61.00075471698113;815.900754716981;Line 329;0;147.96479684038
-23.414566282;-46.752562842;764.7;18780;60.90346483704975;815.8034648370498;Line 329;0;147.96479684038
-23.414797644;-46.752410182;767.2;18750;60.80617495711835;815.7061749571184;Line 329;0;147.96479684038
-23.415029007;-46.752257521;771.6;18720;60.708885077186956;815.608885077187;Line 329;0;147.96479684038
-23.415260369;-46.75210486;777.7;18690;60.611595197255575;815.5115951972556;Line 329;0;147.96479684038
-23.415491731;-46.751952198;783.5;18660;60.51430531732418;815.4143053173242;Line 329;0;147.96479684038
-23.415723093;-46.751799536;789.2;18630;60.4170154373928;815.3170154373928;Line 329;0;147.96479684038
-23.415954455;-46.751646873;793.7;18600;60.3197255574614;815.2197255574614;Line 329;0;147.96479684038
-23.416185816;-46.751494209;792.7;18570;60.222435677530015;815.12243567753;Line 329;0;147.96479684038
-23.416417178;-46.751341546;790.2;18540;60.12514579759863;815.0251457975986;Line 329;0;147.96479684038
-23.416648539;-46.751188881;786.3;18510;60.02785591766724;814.9278559176672;Line 329;0;147.96479684038
-23.416879901;-46.751036216;781.3;18480;59.93056603773585;814.8305660377358;Line 329;0;147.96479684038
-23.417111262;-46.750883551;776.4;18450;59.83327615780446;814.7332761578044;Line 329;0;147.96479684038
-23.417342623;-46.750730885;773.9;18420;59.735986277873074;814.635986277873;Line 329;0;147.96479684038
-23.417573984;-46.750578218;773.9;18390;59.63869639794168;814.5386963979416;Line 329;0;147.96479684038
-23.417805345;-46.750425551;775.9;18360;59.54140651801029;814.4414065180102;Line 329;0;147.96479684038
-23.418036706;-46.750272884;779.4;18330;59.4441166380789;814.3441166380788;Line 329;0;147.96479684038
-23.418268066;-46.750120216;784.3;18300;59.346826758147515;814.2468267581474;Line 329;0;147.96479684038
-23.418499427;-46.749967547;790.7;18270;59.24953687821613;814.149536878216;Line 329;0;147.96479684038
-23.418730787;-46.749814878;797.8;18240;59.15224699828473;814.0522469982847;Line 329;0;147.96479684038
-23.418962147;-46.749662209;803.8;18210;59.05495711835334;813.9549571183534;Line 329;0;147.96479684038
-23.419193507;-46.749509539;808.6;18180;58.957667238421955;813.857667238422;Line 329;0;147.96479684038
-23.419424867;-46.749356868;811.7;18150;58.86037735849057;813.7603773584906;Line 329;0;147.96479684038
-23.419656227;-46.749204197;814.4;18120;58.76308747855918;813.6630874785592;Line 329;1;147.96479684038
-23.419887587;-46.749051525;814.1;18090;58.66579759862778;813.5657975986278;Line 329;1;147.96479684038
-23.420118947;-46.748898853;812.3;18060;58.568507718696395;813.4685077186964;Line 329;0;147.96479684038
-23.420350306;-46.748746181;810.4;18030;58.47121783876501;813.371217838765;Line 329;0;147.96479684038
-23.420581666;-46.748593507;808.2;18000;58.37392795883362;813.2739279588336;Line 329;0;147.96479684038
-23.420813025;-46.748440834;805.8;17970;58.27663807890223;813.1766380789022;Line 329;0;147.96479684038
-23.421044384;-46.74828816;804.1;17940;58.179348198970835;813.0793481989708;Line 329;0;147.96479684038
-23.421275743;-46.748135485;802.7;17910;58.08205831903945;812.9820583190394;Line 329;0;147.96479684038
-23.421507102;-46.74798281;801.4;17880;57.98476843910806;812.884768439108;Line 329;0;147.96479684038
-23.42173846;-46.747830134;799.4;17850;57.88747855917667;812.7874785591766;Line 329;0;147.96479684038
-23.421969819;-46.747677458;797.3;17820;57.79018867924528;812.6901886792452;Line 329;0;147.96479684038
-23.422201178;-46.747524781;797.0;17790;57.69289879931389;812.5928987993138;Line 329;0;147.96479684038
-23.422432536;-46.747372104;797.9;17760;57.5956089193825;812.4956089193824;Line 329;0;147.96479684038
-23.422663894;-46.747219426;798.5;17730;57.49831903945111;812.398319039451;Line 329;0;147.96479684038
-23.422895252;-46.747066748;799.1;17700;57.40102915951972;812.3010291595197;Line 329;0;147.96479684038
-23.42312661;-46.746914069;800.3;17670;57.303739279588335;812.2037392795883;Line 329;0;147.96479684038
-23.423357968;-46.74676139;801.5;17640;57.20644939965694;812.1064493996569;Line 329;0;147.96479684038
-23.423589326;-46.74660871;795.6;17610;57.10915951972555;812.0091595197255;Line 329;0;147.96479684038
-23.423820684;-46.746456029;787.5;17580;57.01186963979416;811.9118696397942;Line 329;0;147.96479684038
-23.424052041;-46.746303348;779.9;17550;56.91457975986278;811.8145797598628;Line 329;0;147.96479684038
-23.424283398;-46.746150667;772.7;17520;56.817289879931394;811.7172898799314;Line 329;0;147.96479684038
-23.424514756;-46.745997985;766.2;17490;56.72;811.62;Line 329;0;147.96479684038
-23.424746113;-46.745845303;760.6;17460;56.62271012006861;811.5227101200686;Line 329;0;147.96479684038
-23.42497747;-46.74569262;756.8;17430;56.52542024013722;811.4254202401372;Line 329;0;147.96479684038
-23.425208827;-46.745539936;759.6;17400;56.428130360205834;811.3281303602058;Line 329;0;147.96479684038
-23.425440183;-46.745387253;763.2;17370;56.330840480274446;811.2308404802744;Line 329;0;147.96479684038
-23.42567154;-46.745234568;766.8;17340;56.23355060034305;811.133550600343;Line 329;0;147.96479684038
-23.425902897;-46.745081883;770.8;17310;56.13626072041166;811.0362607204116;Line 329;0;147.96479684038
-23.426134253;-46.744929198;776.2;17280;56.038970840480275;810.9389708404802;Line 329;0;147.96479684038
-23.426365609;-46.744776512;781.7;17250;55.94168096054889;810.8416809605488;Line 329;0;147.96479684038
-23.426596965;-46.744623825;787.0;17220;55.8443910806175;810.7443910806174;Line 329;0;147.96479684038
-23.426828321;-46.744471138;789.3;17190;55.7471012006861;810.647101200686;Line 329;0;147.96479684038
-23.427059677;-46.744318451;790.3;17160;55.649811320754715;810.5498113207547;Line 329;0;147.96479684038
-23.427291033;-46.744165763;791.2;17130;55.55252144082333;810.4525214408233;Line 329;0;147.96479684038
-23.427522389;-46.744013074;790.8;17100;55.45523156089194;810.3552315608919;Line 329;0;147.96479684038
-23.427753744;-46.743860385;790.3;17070;55.35794168096055;810.2579416809606;Line 329;0;147.96479684038
-23.4279851;-46.743707695;790.3;17040;55.260651801029155;810.1606518010292;Line 329;0;147.96479684038
-23.428216455;-46.743555005;790.8;17010;55.16336192109777;810.0633619210978;Line 329;0;147.96479684038
-23.42844781;-46.743402315;791.0;16980;55.06607204116638;809.9660720411664;Line 329;0;147.96479684038
-23.428679165;-46.743249623;790.1;16950;54.96878216123499;809.868782161235;Line 329;0;147.96479684038
-23.42891052;-46.743096932;789.4;16920;54.8714922813036;809.7714922813036;Line 329;0;147.96479684038
-23.429141875;-46.74294424;789.4;16890;54.77420240137221;809.6742024013722;Line 329;0;147.96479684038
-23.429373229;-46.742791547;789.7;16860;54.67691252144082;809.5769125214408;Line 329;0;147.96479684038
-23.429604584;-46.742638854;789.8;16830;54.57962264150943;809.4796226415094;Line 329;0;147.96479684038
-23.429835938;-46.74248616;789.7;16800;54.48233276157804;809.382332761578;Line 329;0;147.96479684038
-23.430067293;-46.742333466;790.3;16770;54.385042881646655;809.2850428816466;Line 329;0;147.96479684038
-23.430298647;-46.742180771;791.7;16740;54.28775300171526;809.1877530017152;Line 329;0;147.96479684038
-23.430530001;-46.742028076;793.0;16710;54.19046312178387;809.0904631217838;Line 329;0;147.96479684038
-23.430761355;-46.74187538;794.4;16680;54.09317324185248;808.9931732418524;Line 329;0;147.96479684038
-23.430992708;-46.741722684;794.9;16650;53.995883361921095;808.895883361921;Line 329;0;147.96479684038
-23.431224062;-46.741569987;794.1;16620;53.89859348198971;808.7985934819897;Line 329;0;147.96479684038
-23.431455416;-46.74141729;794.0;16590;53.80130360205831;808.7013036020583;Line 329;0;147.96479684038
-23.431686769;-46.741264592;795.2;16560;53.70401372212693;808.6040137221269;Line 329;0;147.96479684038
-23.431918122;-46.741111894;800.1;16530;53.60672384219554;808.5067238421955;Line 329;0;147.96479684038
-23.432149475;-46.740959195;805.1;16500;53.509433962264154;808.4094339622641;Line 329;0;147.96479684038
-23.432380829;-46.740806495;810.2;16470;53.412144082332766;808.3121440823328;Line 329;1;147.96479684038
-23.432612181;-46.740653796;816.1;16440;53.31485420240137;808.2148542024014;Line 329;1;147.96479684038
-23.432843534;-46.740501095;822.7;16410;53.21756432246998;808.11756432247;Line 329;1;147.96479684038
-23.433074887;-46.740348394;829.1;16380;53.120274442538594;808.0202744425386;Line 329;1;147.96479684038
-23.433306239;-46.740195693;835.2;16350;53.022984562607206;807.9229845626072;Line 329;1;147.96479684038
-23.433537592;-46.740042991;836.7;16320;52.92569468267582;807.8256946826758;Line 329;1;147.96479684038
-23.433768944;-46.739890288;836.7;16290;52.82840480274442;807.7284048027444;Line 329;1;147.96479684038
-23.434000296;-46.739737585;836.9;16260;52.731114922813035;807.631114922813;Line 329;1;147.96479684038
-23.434231648;-46.739584882;837.6;16230;52.63382504288165;807.5338250428816;Line 329;1;147.96479684038
-23.434463;-46.739432178;838.2;16200;52.53653516295026;807.4365351629502;Line 329;1;147.96479684038
-23.434694352;-46.739279474;839.0;16170;52.43924528301887;807.3392452830188;Line 329;1;147.96479684038
-23.434925704;-46.739126769;839.7;16140;52.341955403087475;807.2419554030874;Line 329;1;147.96479684038
-23.435157055;-46.738974063;839.1;16110;52.24466552315609;807.144665523156;Line 329;1;147.96479684038
-23.435388407;-46.738821357;838.2;16080;52.1473756432247;807.0473756432247;Line 329;1;147.96479684038
-23.435619758;-46.73866865;837.5;16050;52.05008576329331;806.9500857632933;Line 329;1;147.96479684038
-23.435851109;-46.738515943;837.0;16020;51.95279588336192;806.8527958833619;Line 329;1;147.96479684038
-23.43608246;-46.738363236;837.0;15990;51.85550600343053;806.7555060034305;Line 329;1;147.96479684038
-23.436313811;-46.738210528;836.3;15960;51.75821612349914;806.6582161234991;Line 329;1;147.96479684038
-23.436545162;-46.738057819;835.6;15930;51.66092624356775;806.5609262435677;Line 329;1;147.96479684038
-23.436776513;-46.73790511;834.7;15900;51.56363636363636;806.4636363636364;Line 329;1;147.96479684038
-23.437007863;-46.7377524;833.2;15870;51.466346483704974;806.366346483705;Line 329;1;147.96479684038
-23.437239214;-46.73759969;831.6;15840;51.36905660377358;806.2690566037736;Line 329;1;147.96479684038
-23.437470564;-46.737446979;829.7;15810;51.27176672384219;806.1717667238422;Line 329;1;147.96479684038
-23.437701914;-46.737294268;827.9;15780;51.1744768439108;806.0744768439108;Line 329;1;147.96479684038
-23.437933264;-46.737141557;826.4;15750;51.077186963979415;805.9771869639794;Line 329;1;147.96479684038
-23.438164614;-46.736988844;825.1;15720;50.97989708404803;805.879897084048;Line 329;1;147.96479684038
-23.438395964;-46.736836132;824.6;15690;50.88260720411663;805.7826072041166;Line 329;1;147.96479684038
-23.438627313;-46.736683418;826.2;15660;50.78531732418524;805.6853173241852;Line 329;1;147.96479684038
-23.438858663;-46.736530705;828.7;15630;50.688027444253855;805.5880274442538;Line 329;1;147.96479684038
-23.439090012;-46.73637799;832.0;15600;50.59073756432247;805.4907375643224;Line 329;1;147.96479684038
-23.439321362;-46.736225276;834.9;15570;50.49344768439108;805.393447684391;Line 329;1;147.96479684038
-23.439552711;-46.73607256;837.2;15540;50.39615780445969;805.2961578044597;Line 329;1;147.96479684038
-23.43978406;-46.735919844;839.3;15510;50.2988679245283;805.1988679245283;Line 329;1;147.96479684038
-23.440015409;-46.735767128;841.6;15480;50.201578044596914;805.1015780445969;Line 329;1;147.96479684038
-23.440246758;-46.735614411;843.6;15450;50.104288164665526;805.0042881646655;Line 329;1;147.96479684038
-23.440478106;-46.735461694;845.3;15420;50.00699828473414;804.9069982847341;Line 329;1;147.96479684038
-23.440709455;-46.735308976;846.9;15390;49.90970840480274;804.8097084048027;Line 329;1;147.96479684038
-23.440940803;-46.735156258;847.8;15360;49.812418524871354;804.7124185248713;Line 329;1;147.96479684038
-23.441172152;-46.735003539;848.2;15330;49.715128644939966;804.6151286449399;Line 329;1;147.96479684038
-23.4414035;-46.734850819;848.4;15300;49.61783876500858;804.5178387650086;Line 329;1;147.96479684038
-23.441634848;-46.734698099;848.8;15270;49.52054888507719;804.4205488850772;Line 329;1;147.96479684038
-23.441866196;-46.734545379;848.9;15240;49.423259005145795;804.3232590051458;Line 329;1;147.96479684038
-23.442097544;-46.734392658;847.9;15210;49.32596912521441;804.2259691252144;Line 329;1;147.96479684038
-23.442328891;-46.734239937;845.9;15180;49.22867924528302;804.128679245283;Line 329;1;147.96479684038
-23.442560239;-46.734087215;842.8;15150;49.13138936535163;804.0313893653516;Line 329;1;147.96479684038
-23.442791586;-46.733934492;839.4;15120;49.03409948542024;803.9340994854202;Line 329;1;147.96479684038
-23.443022934;-46.733781769;836.2;15090;48.93680960548885;803.8368096054888;Line 329;1;147.96479684038
-23.443254281;-46.733629045;833.2;15060;48.83951972555746;803.7395197255574;Line 329;1;147.96479684038
-23.443485628;-46.733476321;833.6;15030;48.74222984562607;803.642229845626;Line 329;1;147.96479684038
-23.443716975;-46.733323597;836.0;15000;48.64493996569468;803.5449399656947;Line 329;1;147.96479684038
-23.443948322;-46.733170872;838.6;14970;48.547650085763294;803.4476500857633;Line 329;1;147.96479684038
-23.444179668;-46.733018146;841.4;14940;48.4503602058319;803.3503602058319;Line 329;1;147.96479684038
-23.444411015;-46.73286542;842.7;14910;48.35307032590051;803.2530703259005;Line 329;1;147.96479684038
-23.444642361;-46.732712693;843.8;14880;48.25578044596912;803.1557804459691;Line 329;1;147.96479684038
-23.444873708;-46.732559966;844.6;14850;48.158490566037734;803.0584905660377;Line 329;1;147.96479684038
-23.445105054;-46.732407239;843.6;14820;48.061200686106346;802.9612006861063;Line 329;1;147.96479684038
-23.4453364;-46.732254511;841.4;14790;47.96391080617495;802.8639108061749;Line 329;1;147.96479684038
-23.445567746;-46.732101782;839.4;14760;47.86662092624356;802.7666209262435;Line 329;1;147.96479684038
-23.445799092;-46.731949053;837.7;14730;47.769331046312175;802.6693310463122;Line 329;1;147.96479684038
-23.446030437;-46.731796323;834.6;14700;47.67204116638079;802.5720411663808;Line 329;1;147.96479684038
-23.446261783;-46.731643593;831.3;14670;47.5747512864494;802.4747512864494;Line 329;1;147.96479684038
-23.446493128;-46.731490862;829.9;14640;47.477461406518;802.377461406518;Line 329;1;147.96479684038
-23.446724474;-46.731338131;829.6;14610;47.380171526586615;802.2801715265866;Line 329;1;147.96479684038
-23.446955819;-46.731185399;830.7;14580;47.28288164665523;802.1828816466552;Line 329;1;147.96479684038
-23.447187164;-46.731032667;832.3;14550;47.18559176672384;802.0855917667238;Line 329;1;147.96479684038
-23.447418509;-46.730879934;834.3;14520;47.08830188679246;801.9883018867924;Line 329;1;147.96479684038
-23.447649854;-46.730727201;836.6;14490;46.99101200686106;801.891012006861;Line 329;1;147.96479684038
-23.447881198;-46.730574467;839.0;14460;46.893722126929674;801.7937221269297;Line 329;1;147.96479684038
-23.448112543;-46.730421732;841.6;14430;46.796432246998286;801.6964322469983;Line 329;1;147.96479684038
-23.448343887;-46.730268998;844.5;14400;46.6991423670669;801.5991423670669;Line 329;1;147.96479684038
-23.448575232;-46.730116262;847.1;14370;46.60185248713551;801.5018524871355;Line 329;1;147.96479684038
-23.448806576;-46.729963526;849.9;14340;46.504562607204114;801.4045626072041;Line 329;1;147.96479684038
-23.44903792;-46.72981079;851.9;14310;46.407272727272726;801.3072727272727;Line 329;1;147.96479684038
-23.449269264;-46.729658053;853.8;14280;46.30998284734134;801.2099828473413;Line 329;1;147.96479684038
-23.449500608;-46.729505316;855.4;14250;46.21269296740995;801.1126929674099;Line 329;1;147.96479684038
-23.449731952;-46.729352578;856.4;14220;46.11540308747856;801.0154030874785;Line 329;1;147.96479684038
-23.449963295;-46.729199839;857.0;14190;46.01811320754717;800.9181132075471;Line 329;1;147.96479684038
-23.450194639;-46.7290471;856.8;14160;45.92082332761578;800.8208233276157;Line 329;1;147.96479684038
-23.450425982;-46.728894361;855.5;14130;45.82353344768439;800.7235334476844;Line 329;1;147.96479684038
-23.450657325;-46.728741621;853.1;14100;45.726243567753;800.626243567753;Line 329;1;147.96479684038
-23.450888668;-46.72858888;850.0;14070;45.628953687821614;800.5289536878216;Line 329;1;147.96479684038
-23.451120011;-46.728436139;847.0;14040;45.53166380789022;800.4316638078902;Line 329;1;147.96479684038
-23.451351354;-46.728283398;844.9;14010;45.43437392795883;800.3343739279588;Line 329;1;147.96479684038
-23.451582697;-46.728130656;844.6;13980;45.33708404802744;800.2370840480274;Line 329;1;147.96479684038
-23.451814039;-46.727977913;844.6;13950;45.239794168096054;800.139794168096;Line 329;1;147.96479684038
-23.452045382;-46.72782517;845.7;13920;45.142504288164666;800.0425042881647;Line 329;1;147.96479684038
-23.452276724;-46.727672426;847.8;13890;45.04521440823327;799.9452144082333;Line 329;1;147.96479684038
-23.452508066;-46.727519682;851.0;13860;44.94792452830188;799.8479245283019;Line 329;1;147.96479684038
-23.452739408;-46.727366938;855.4;13830;44.850634648370495;799.7506346483705;Line 329;1;147.96479684038
-23.45297075;-46.727214192;859.5;13800;44.753344768439106;799.6533447684391;Line 329;1;147.96479684038
-23.453202092;-46.727061447;863.2;13770;44.65605488850772;799.5560548885077;Line 329;1;147.96479684038
-23.453433434;-46.726908701;867.2;13740;44.55876500857632;799.4587650085763;Line 329;1;147.96479684038
-23.453664775;-46.726755954;872.4;13710;44.461475128644935;799.3614751286449;Line 329;1;147.96479684038
-23.453896117;-46.726603207;878.6;13680;44.36418524871355;799.2641852487135;Line 329;1;147.96479684038
-23.454127458;-46.726450459;885.3;13650;44.26689536878216;799.1668953687821;Line 329;1;147.96479684038
-23.454358799;-46.726297711;892.8;13620;44.16960548885077;799.0696054888507;Line 329;1;147.96479684038
-23.45459014;-46.726144962;901.3;13590;44.072315608919375;798.9723156089193;Line 329;1;147.96479684038
-23.454821481;-46.725992213;910.9;13560;43.975025728987994;798.875025728988;Line 329;1;147.96479684038
-23.455052822;-46.725839463;921.6;13530;43.877735849056606;798.7777358490566;Line 329;1;147.96479684038
-23.455284163;-46.725686713;933.6;13500;43.78044596912522;798.6804459691252;Line 329;1;147.96479684038
-23.455515504;-46.725533962;944.9;13470;43.68315608919383;798.5831560891938;Line 329;1;147.96479684038
-23.455746844;-46.72538121;955.3;13440;43.585866209262434;798.4858662092624;Line 329;1;147.96479684038
-23.455978184;-46.725228459;958.7;13410;43.488576329331046;798.388576329331;Line 329;1;147.96479684038
-23.456209525;-46.725075706;956.0;13380;43.39128644939966;798.2912864493996;Line 329;1;147.96479684038
-23.456440865;-46.724922953;951.0;13350;43.29399656946827;798.1939965694683;Line 329;1;147.96479684038
-23.456672205;-46.7247702;945.9;13320;43.19670668953688;798.0967066895369;Line 329;1;147.96479684038
-23.456903544;-46.724617446;936.3;13290;43.099416809605486;797.9994168096055;Line 329;1;147.96479684038
-23.457134884;-46.724464692;927.1;13260;43.0021269296741;797.9021269296741;Line 329;1;147.96479684038
-23.457366224;-46.724311937;918.3;13230;42.90483704974271;797.8048370497427;Line 329;1;147.96479684038
-23.457597563;-46.724159181;910.5;13200;42.80754716981132;797.7075471698113;Line 329;1;147.96479684038
-23.457828903;-46.724006425;903.8;13170;42.710257289879934;797.6102572898799;Line 329;1;147.96479684038
-23.458060242;-46.723853669;897.5;13140;42.61296740994854;797.5129674099485;Line 329;1;147.96479684038
-23.458291581;-46.723700912;891.7;13110;42.51567753001715;797.4156775300171;Line 329;1;147.96479684038
-23.45852292;-46.723548154;882.8;13080;42.41838765008576;797.3183876500857;Line 329;1;147.96479684038
-23.458754259;-46.723395396;872.2;13050;42.321097770154374;797.2210977701543;Line 329;1;147.96479684038
-23.458985597;-46.723242638;860.3;13020;42.223807890222986;797.1238078902229;Line 329;1;147.96479684038
-23.459216936;-46.723089879;849.6;12990;42.12651801029159;797.0265180102915;Line 329;1;147.96479684038
-23.459448274;-46.722937119;842.8;12960;42.0292281303602;796.9292281303602;Line 329;1;147.96479684038
-23.459679613;-46.722784359;835.6;12930;41.931938250428814;796.8319382504288;Line 329;1;147.96479684038
-23.459910951;-46.722631598;828.0;12900;41.834648370497426;796.7346483704974;Line 329;1;147.96479684038
-23.460142289;-46.722478837;825.6;12870;41.73735849056604;796.637358490566;Line 329;1;147.96479684038
-23.460373627;-46.722326076;828.0;12840;41.64006861063464;796.5400686106346;Line 329;1;147.96479684038
-23.460604965;-46.722173314;829.6;12810;41.542778730703255;796.4427787307033;Line 329;1;147.96479684038
-23.460836303;-46.722020551;830.4;12780;41.445488850771866;796.3454888507719;Line 329;1;147.96479684038
-23.46106764;-46.721867788;827.1;12750;41.34819897084048;796.2481989708405;Line 329;1;147.96479684038
-23.461298978;-46.721715024;822.0;12720;41.25090909090909;796.1509090909091;Line 329;1;147.96479684038
-23.461530315;-46.72156226;818.1;12690;41.153619210977695;796.0536192109777;Line 329;1;147.96479684038
-23.461761652;-46.721409495;816.7;12660;41.05632933104631;795.9563293310463;Line 329;1;147.96479684038
-23.461992989;-46.72125673;817.8;12630;40.95903945111492;795.8590394511149;Line 329;1;147.96479684038
-23.462224326;-46.721103964;819.6;12600;40.86174957118353;795.7617495711835;Line 329;1;147.96479684038
-23.462455663;-46.720951198;822.1;12570;40.76445969125214;795.6644596912521;Line 329;1;147.96479684038
-23.462687;-46.720798431;824.2;12540;40.667169811320754;795.5671698113207;Line 329;1;147.96479684038
-23.462918336;-46.720645664;825.4;12510;40.569879931389366;795.4698799313893;Line 329;1;147.96479684038
-23.463149673;-46.720492896;826.1;12480;40.47259005145798;795.3725900514579;Line 329;1;147.96479684038
-23.463381009;-46.720340128;825.9;12450;40.37530017152659;795.2753001715266;Line 329;1;147.96479684038
-23.463612345;-46.720187359;823.2;12420;40.2780102915952;795.1780102915952;Line 329;1;147.96479684038
-23.463843681;-46.720034589;819.2;12390;40.180720411663806;795.0807204116638;Line 329;1;147.96479684038
-23.464075017;-46.71988182;811.1;12360;40.08343053173242;794.9834305317324;Line 329;1;147.96479684038
-23.464306353;-46.719729049;802.3;12330;39.98614065180103;794.886140651801;Line 329;1;147.96479684038
-23.464537689;-46.719576278;795.3;12300;39.88885077186964;794.7888507718696;Line 329;1;147.96479684038
-23.464769025;-46.719423507;790.2;12270;39.79156089193825;794.6915608919383;Line 329;0;147.96479684038
-23.46500036;-46.719270735;786.9;12240;39.69427101200686;794.5942710120069;Line 329;0;147.96479684038
-23.465231695;-46.719117962;787.6;12210;39.59698113207547;794.4969811320755;Line 329;0;147.96479684038
-23.465463031;-46.71896519;790.0;12180;39.49969125214408;794.3996912521441;Line 329;0;147.96479684038
-23.465694366;-46.718812416;792.7;12150;39.402401372212694;794.3024013722127;Line 329;0;147.96479684038
-23.465925701;-46.718659642;796.3;12120;39.305111492281306;794.2051114922813;Line 329;1;147.96479684038
-23.466157035;-46.718506868;800.4;12090;39.20782161234991;794.1078216123499;Line 329;1;147.96479684038
-23.46638837;-46.718354092;804.1;12060;39.11053173241852;794.0105317324185;Line 329;1;147.96479684038
-23.466619705;-46.718201317;807.5;12030;39.013241852487134;793.9132418524871;Line 329;1;147.96479684038
-23.466851039;-46.718048541;810.0;12000;38.915951972555746;793.8159519725557;Line 329;1;147.96479684038
-23.467082374;-46.717895764;811.1;11970;38.81866209262436;793.7186620926243;Line 329;1;147.96479684038
-23.467313708;-46.717742987;811.1;11940;38.72137221269296;793.6213722126929;Line 329;1;147.96479684038
-23.467545042;-46.71759021;809.8;11910;38.624082332761574;793.5240823327615;Line 329;1;147.96479684038
-23.467776376;-46.717437431;806.5;11880;38.526792452830186;793.4267924528301;Line 329;1;147.96479684038
-23.46800771;-46.717284653;801.1;11850;38.4295025728988;793.3295025728987;Line 329;1;147.96479684038
-23.468239043;-46.717131874;795.8;11820;38.33221269296741;793.2322126929674;Line 329;1;147.96479684038
-23.468470377;-46.716979094;791.6;11790;38.234922813036015;793.134922813036;Line 329;0;147.96479684038
-23.46870171;-46.716826314;788.8;11760;38.137632933104626;793.0376329331046;Line 329;0;147.96479684038
-23.468933044;-46.716673533;787.0;11730;38.04034305317324;792.9403430531733;Line 329;0;147.96479684038
-23.469164377;-46.716520752;785.0;11700;37.94305317324185;792.8430531732419;Line 329;0;147.96479684038
-23.46939571;-46.71636797;780.3;11670;37.84576329331046;792.7457632933105;Line 329;0;147.96479684038
-23.469627043;-46.716215188;776.2;11640;37.74847341337907;792.6484734133791;Line 329;0;147.96479684038
-23.469858376;-46.716062405;772.6;11610;37.65118353344768;792.5511835334477;Line 329;0;147.96479684038
-23.470089709;-46.715909622;769.7;11580;37.55389365351629;792.4538936535163;Line 329;0;147.96479684038
-23.470321041;-46.715756838;768.8;11550;37.4566037735849;792.3566037735849;Line 329;0;147.96479684038
-23.470552374;-46.715604054;770.1;11520;37.35931389365352;792.2593138936535;Line 329;0;147.96479684038
-23.470783706;-46.715451269;771.6;11490;37.262024013722126;792.1620240137221;Line 329;0;147.96479684038
-23.471015038;-46.715298484;773.3;11460;37.16473413379074;792.0647341337907;Line 329;0;147.96479684038
-23.47124637;-46.715145698;775.2;11430;37.06744425385935;791.9674442538593;Line 329;0;147.96479684038
-23.471477702;-46.714992911;777.4;11400;36.97015437392796;791.8701543739279;Line 329;0;147.96479684038
-23.471709034;-46.714840125;779.8;11370;36.87286449399657;791.7728644939965;Line 329;0;147.96479684038
-23.471940366;-46.714687337;781.1;11340;36.77557461406518;791.6755746140651;Line 329;0;147.96479684038
-23.472171697;-46.714534549;782.2;11310;36.67828473413379;791.5782847341337;Line 329;0;147.96479684038
-23.472403029;-46.714381761;783.1;11280;36.5809948542024;791.4809948542024;Line 329;0;147.96479684038
-23.47263436;-46.714228972;785.0;11250;36.483704974271014;791.383704974271;Line 329;0;147.96479684038
-23.472865691;-46.714076182;785.5;11220;36.386415094339625;791.2864150943396;Line 329;0;147.96479684038
-23.473097022;-46.713923392;783.7;11190;36.28912521440823;791.1891252144083;Line 329;0;147.96479684038
-23.473328353;-46.713770602;780.8;11160;36.19183533447684;791.0918353344769;Line 329;0;147.96479684038
-23.473559684;-46.713617811;780.8;11130;36.094545454545454;790.9945454545455;Line 329;0;147.96479684038
-23.473791015;-46.713465019;781.0;11100;35.997255574614066;790.8972555746141;Line 329;0;147.96479684038
-23.474022346;-46.713312227;781.3;11070;35.89996569468268;790.7999656946827;Line 329;0;147.96479684038
-23.474253676;-46.713159435;780.6;11040;35.80267581475128;790.7026758147513;Line 329;0;147.96479684038
-23.474485006;-46.713006642;779.3;11010;35.705385934819894;790.6053859348199;Line 329;0;147.96479684038
-23.474716337;-46.712853848;778.3;10980;35.608096054888506;790.5080960548885;Line 329;0;147.96479684038
-23.474947667;-46.712701054;777.4;10950;35.51080617495712;790.4108061749571;Line 329;0;147.96479684038
-23.475178997;-46.712548259;774.2;10920;35.41351629502573;790.3135162950257;Line 329;0;147.96479684038
-23.475410326;-46.712395464;770.3;10890;35.316226415094334;790.2162264150943;Line 329;0;147.96479684038
-23.475641656;-46.712242669;766.7;10860;35.218936535162946;790.1189365351629;Line 329;0;147.96479684038
-23.475872986;-46.712089872;763.9;10830;35.12164665523156;790.0216466552315;Line 329;0;147.96479684038
-23.476104315;-46.711937076;761.4;10800;35.02435677530017;789.9243567753001;Line 329;0;147.96479684038
-23.476335645;-46.711784279;759.4;10770;34.92706689536878;789.8270668953687;Line 329;0;147.96479684038
-23.476566974;-46.711631481;758.0;10740;34.82977701543739;789.7297770154373;Line 329;0;147.96479684038
-23.476798303;-46.711478683;759.7;10710;34.732487135506;789.6324871355059;Line 329;0;147.96479684038
-23.477029632;-46.711325884;762.9;10680;34.63519725557461;789.5351972555745;Line 329;0;147.96479684038
-23.477260961;-46.711173085;765.5;10650;34.53790737564322;789.4379073756432;Line 329;0;147.96479684038
-23.477492289;-46.711020285;767.7;10620;34.440617495711834;789.3406174957119;Line 329;0;147.96479684038
-23.477723618;-46.710867484;768.7;10590;34.34332761578044;789.2433276157805;Line 329;0;147.96479684038
-23.477954946;-46.710714684;769.7;10560;34.24603773584905;789.1460377358491;Line 329;0;147.96479684038
-23.478186275;-46.710561882;771.1;10530;34.14874785591767;789.0487478559177;Line 329;0;147.96479684038
-23.478417603;-46.710409081;772.5;10500;34.05145797598628;788.9514579759863;Line 329;0;147.96479684038
-23.478648931;-46.710256278;773.5;10470;33.95416809605489;788.8541680960549;Line 329;0;147.96479684038
-23.478880259;-46.710103475;775.5;10440;33.8568782161235;788.7568782161235;Line 329;0;147.96479684038
-23.479111587;-46.709950672;777.9;10410;33.75958833619211;788.6595883361921;Line 329;0;147.96479684038
-23.479342914;-46.709797868;774.9;10380;33.66229845626072;788.5622984562607;Line 329;0;147.96479684038
-23.479574242;-46.709645064;770.8;10350;33.56500857632933;788.4650085763293;Line 329;0;147.96479684038
-23.47980557;-46.709492259;767.1;10320;33.467718696397945;788.3677186963979;Line 329;0;147.96479684038
-23.480036897;-46.709339453;763.5;10290;33.37042881646655;788.2704288164665;Line 329;0;147.96479684038
-23.480268224;-46.709186647;759.3;10260;33.27313893653516;788.1731389365351;Line 329;0;147.96479684038
-23.480499551;-46.709033841;753.9;10230;33.175849056603774;788.0758490566037;Line 329;0;147.96479684038
-23.480730878;-46.708881034;749.1;10200;33.078559176672385;787.9785591766723;Line 329;0;147.96479684038
-23.480962205;-46.708728226;745.8;10170;32.981269296741;787.8812692967409;Line 329;0;147.96479684038
-23.481193532;-46.708575418;743.5;10140;32.88397941680961;787.7839794168096;Line 329;0;147.96479684038
-23.481424858;-46.70842261;741.4;10110;32.786689536878214;787.6866895368782;Line 329;0;147.96479684038
-23.481656185;-46.708269801;740.1;10080;32.689399656946826;787.5893996569469;Line 329;0;147.96479684038
-23.481887511;-46.708116991;740.5;10050;32.59210977701544;787.4921097770155;Line 329;0;147.96479684038
-23.482118837;-46.707964181;741.4;10020;32.49481989708405;787.3948198970841;Line 329;0;147.96479684038
-23.482350163;-46.70781137;742.7;9990;32.39753001715266;787.2975300171527;Line 329;0;147.96479684038
-23.482581489;-46.707658559;744.2;9960;32.300240137221266;787.2002401372213;Line 329;0;147.96479684038
-23.482812815;-46.707505747;745.7;9930;32.20295025728988;787.1029502572899;Line 329;0;147.96479684038
-23.483044141;-46.707352935;748.4;9900;32.10566037735849;787.0056603773585;Line 329;0;147.96479684038
-23.483275466;-46.707200123;750.9;9870;32.0083704974271;786.9083704974271;Line 329;0;147.96479684038
-23.483506792;-46.707047309;752.5;9840;31.911080617495713;786.8110806174957;Line 329;0;147.96479684038
-23.483738117;-46.706894496;752.9;9810;31.813790737564318;786.7137907375643;Line 329;0;147.96479684038
-23.483969442;-46.706741681;752.4;9780;31.716500857632933;786.6165008576329;Line 329;0;147.96479684038
-23.484200767;-46.706588867;751.5;9750;31.619210977701545;786.5192109777015;Line 329;0;147.96479684038
-23.484432092;-46.706436051;753.8;9720;31.521921097770157;786.4219210977701;Line 329;0;147.96479684038
-23.484663417;-46.706283236;755.5;9690;31.42463121783877;786.3246312178387;Line 329;0;147.96479684038
-23.484894742;-46.706130419;756.4;9660;31.327341337907374;786.2273413379073;Line 329;0;147.96479684038
-23.485126066;-46.705977603;757.8;9630;31.230051457975986;786.1300514579759;Line 329;0;147.96479684038
-23.485357391;-46.705824785;760.6;9600;31.132761578044597;786.0327615780445;Line 329;0;147.96479684038
-23.485588715;-46.705671967;765.1;9570;31.03547169811321;785.9354716981131;Line 329;0;147.96479684038
-23.485820039;-46.705519149;769.3;9540;30.93818181818182;785.8381818181819;Line 329;0;147.96479684038
-23.486051363;-46.70536633;767.9;9510;30.840891938250426;785.7408919382505;Line 329;0;147.96479684038
-23.486282687;-46.705213511;765.9;9480;30.743602058319038;785.6436020583191;Line 329;0;147.96479684038
-23.486514011;-46.705060691;763.7;9450;30.64631217838765;785.5463121783877;Line 329;0;147.96479684038
-23.486745335;-46.704907871;762.5;9420;30.54902229845626;785.4490222984563;Line 329;0;147.96479684038
-23.486976658;-46.70475505;764.1;9390;30.451732418524873;785.3517324185249;Line 329;0;147.96479684038
-23.487207982;-46.704602228;766.6;9360;30.354442538593478;785.2544425385935;Line 329;0;147.96479684038
-23.487439305;-46.704449406;769.8;9330;30.25715265866209;785.1571526586621;Line 329;0;147.96479684038
-23.487670628;-46.704296584;773.0;9300;30.1598627787307;785.0598627787307;Line 329;0;147.96479684038
-23.487901952;-46.704143761;775.2;9270;30.062572898799313;784.9625728987993;Line 329;0;147.96479684038
-23.488133274;-46.703990937;776.9;9240;29.965283018867925;784.8652830188679;Line 329;0;147.96479684038
-23.488364597;-46.703838113;777.8;9210;29.867993138936537;784.7679931389365;Line 329;0;147.96479684038
-23.48859592;-46.703685289;777.5;9180;29.770703259005145;784.6707032590051;Line 329;0;147.96479684038
-23.488827243;-46.703532463;777.8;9150;29.673413379073757;784.5734133790737;Line 329;0;147.96479684038
-23.489058565;-46.703379638;778.7;9120;29.576123499142366;784.4761234991423;Line 329;0;147.96479684038
-23.489289887;-46.703226812;777.7;9090;29.478833619210977;784.3788336192109;Line 329;0;147.96479684038
-23.489521209;-46.703073985;775.2;9060;29.38154373927959;784.2815437392795;Line 329;0;147.96479684038
-23.489752532;-46.702921158;772.3;9030;29.284253859348198;784.1842538593481;Line 329;0;147.96479684038
-23.489983853;-46.70276833;769.0;9000;29.18696397941681;784.0869639794167;Line 329;0;147.96479684038
-23.490215175;-46.702615502;766.1;8970;29.089674099485418;783.9896740994853;Line 329;0;147.96479684038
-23.490446497;-46.702462674;763.1;8940;28.99238421955403;783.8923842195541;Line 329;0;147.96479684038
-23.490677819;-46.702309844;760.2;8910;28.89509433962264;783.7950943396227;Line 329;0;147.96479684038
-23.49090914;-46.702157015;757.5;8880;28.79780445969125;783.6978044596913;Line 329;0;147.96479684038
-23.491140461;-46.702004184;756.0;8850;28.70051457975986;783.6005145797599;Line 329;0;147.96479684038
-23.491371782;-46.701851354;754.1;8820;28.60322469982847;783.5032246998285;Line 329;0;147.96479684038
-23.491603104;-46.701698522;751.6;8790;28.50593481989708;783.4059348198971;Line 329;0;147.96479684038
-23.491834424;-46.701545691;749.4;8760;28.408644939965697;783.3086449399657;Line 329;0;147.96479684038
-23.492065745;-46.701392858;747.6;8730;28.311355060034305;783.2113550600343;Line 329;0;147.96479684038
-23.492297066;-46.701240026;745.9;8700;28.214065180102917;783.1140651801029;Line 329;0;147.96479684038
-23.492528387;-46.701087192;744.4;8670;28.116775300171525;783.0167753001715;Line 329;0;147.96479684038
-23.492759707;-46.700934358;742.2;8640;28.019485420240137;782.9194854202401;Line 329;0;147.96479684038
-23.492991027;-46.700781524;740.7;8610;27.92219554030875;782.8221955403087;Line 329;0;147.96479684038
-23.493222347;-46.700628689;740.4;8580;27.824905660377357;782.7249056603773;Line 329;0;147.96479684038
-23.493453668;-46.700475854;741.5;8550;27.72761578044597;782.6276157804459;Line 329;0;147.96479684038
-23.493684987;-46.700323018;743.5;8520;27.630325900514578;782.5303259005145;Line 329;0;147.96479684038
-23.493916307;-46.700170181;745.9;8490;27.53303602058319;782.4330360205831;Line 329;0;147.96479684038
-23.494147627;-46.700017344;748.7;8460;27.4357461406518;782.3357461406517;Line 329;0;147.96479684038
-23.494378946;-46.699864507;750.3;8430;27.33845626072041;782.2384562607203;Line 329;0;147.96479684038
-23.494610266;-46.699711669;752.0;8400;27.24116638078902;782.141166380789;Line 329;0;147.96479684038
-23.494841585;-46.69955883;753.8;8370;27.14387650085763;782.0438765008576;Line 329;0;147.96479684038
-23.495072904;-46.699405991;756.5;8340;27.04658662092624;781.9465866209263;Line 329;0;147.96479684038
-23.495304223;-46.699253152;760.3;8310;26.949296740994853;781.8492967409949;Line 329;0;147.96479684038
-23.495535542;-46.699100312;763.6;8280;26.852006861063465;781.7520068610635;Line 329;0;147.96479684038
-23.495766861;-46.698947471;766.5;8250;26.754716981132077;781.6547169811321;Line 329;0;147.96479684038
-23.49599818;-46.69879463;766.6;8220;26.657427101200685;781.5574271012007;Line 329;0;147.96479684038
-23.496229498;-46.698641789;765.4;8190;26.560137221269297;781.4601372212693;Line 329;0;147.96479684038
-23.496460817;-46.698488947;763.7;8160;26.46284734133791;781.3628473413379;Line 329;0;147.96479684038
-23.496692135;-46.698336104;762.2;8130;26.365557461406517;781.2655574614065;Line 329;0;147.96479684038
-23.496923453;-46.698183261;764.9;8100;26.26826758147513;781.1682675814751;Line 329;0;147.96479684038
-23.497154771;-46.698030417;766.4;8070;26.170977701543737;781.0709777015437;Line 329;0;147.96479684038
-23.497386089;-46.697877573;766.9;8040;26.07368782161235;780.9736878216123;Line 329;0;147.96479684038
-23.497617407;-46.697724728;767.1;8010;25.97639794168096;780.8763979416809;Line 329;0;147.96479684038
-23.497848725;-46.697571883;767.9;7980;25.87910806174957;780.7791080617495;Line 329;0;147.96479684038
-23.498080042;-46.697419037;767.8;7950;25.78181818181818;780.6818181818181;Line 329;0;147.96479684038
-23.49831136;-46.697266191;766.6;7920;25.68452830188679;780.5845283018867;Line 329;0;147.96479684038
-23.498542677;-46.697113344;764.7;7890;25.5872384219554;780.4872384219553;Line 329;0;147.96479684038
-23.498773994;-46.696960497;762.8;7860;25.489948542024013;780.389948542024;Line 329;0;147.96479684038
-23.499005311;-46.696807649;760.8;7830;25.39265866209262;780.2926586620925;Line 329;0;147.96479684038
-23.499236628;-46.696654801;759.3;7800;25.295368782161233;780.1953687821613;Line 329;0;147.96479684038
-23.499467945;-46.696501952;758.9;7770;25.198078902229845;780.0980789022299;Line 329;0;147.96479684038
-23.499699262;-46.696349103;757.7;7740;25.100789022298457;780.0007890222985;Line 329;0;147.96479684038
-23.499930578;-46.696196253;755.7;7710;25.00349914236707;779.9034991423671;Line 329;0;147.96479684038
-23.500161894;-46.696043403;752.8;7680;24.906209262435677;779.8062092624357;Line 329;0;147.96479684038
-23.500393211;-46.695890552;749.9;7650;24.80891938250429;779.7089193825043;Line 329;0;147.96479684038
-23.500624527;-46.6957377;746.9;7620;24.711629502572897;779.6116295025729;Line 329;0;147.96479684038
-23.500855843;-46.695584848;743.8;7590;24.61433962264151;779.5143396226415;Line 329;0;147.96479684038
-23.501087159;-46.695431996;740.8;7560;24.51704974271012;779.4170497427101;Line 329;0;147.96479684038
-23.501318475;-46.695279143;737.9;7530;24.41975986277873;779.3197598627787;Line 329;0;147.96479684038
-23.50154979;-46.695126289;735.1;7500;24.32246998284734;779.2224699828473;Line 329;0;147.96479684038
-23.501781106;-46.694973435;733.2;7470;24.22518010291595;779.1251801029159;Line 329;0;147.96479684038
-23.502012421;-46.694820581;733.4;7440;24.12789022298456;779.0278902229845;Line 329;0;147.96479684038
-23.502243737;-46.694667726;733.6;7410;24.030600343053173;778.9306003430531;Line 329;0;147.96479684038
-23.502475052;-46.69451487;733.8;7380;23.93331046312178;778.8333104631217;Line 329;0;147.96479684038
-23.502706367;-46.694362014;732.4;7350;23.836020583190393;778.7360205831903;Line 329;0;147.96479684038
-23.502937682;-46.694209158;731.0;7320;23.738730703259;778.638730703259;Line 329;0;147.96479684038
-23.503168996;-46.694056301;730.1;7290;23.641440823327613;778.5414408233275;Line 329;0;147.96479684038
-23.503400311;-46.693903443;729.1;7260;23.54415094339623;778.4441509433962;Line 329;0;147.96479684038
-23.503631626;-46.693750585;728.6;7230;23.446861063464837;778.3468610634648;Line 329;0;147.96479684038
-23.50386294;-46.693597726;728.0;7200;23.34957118353345;778.2495711835335;Line 329;0;147.96479684038
-23.504094254;-46.693444867;727.2;7170;23.252281303602057;778.1522813036021;Line 329;0;147.96479684038
-23.504325568;-46.693292007;727.2;7140;23.15499142367067;778.0549914236707;Line 329;0;147.96479684038
-23.504556882;-46.693139147;727.5;7110;23.05770154373928;777.9577015437393;Line 329;0;147.96479684038
-23.504788196;-46.692986287;727.5;7080;22.96041166380789;777.8604116638079;Line 329;0;147.96479684038
-23.50501951;-46.692833425;727.4;7050;22.8631217838765;777.7631217838765;Line 329;0;147.96479684038
-23.505250824;-46.692680564;727.0;7020;22.76583190394511;777.6658319039451;Line 329;0;147.96479684038
-23.505482137;-46.692527701;726.5;6990;22.66854202401372;777.5685420240137;Line 329;0;147.96479684038
-23.505713451;-46.692374838;726.3;6960;22.571252144082333;777.4712521440823;Line 329;0;147.96479684038
-23.505944764;-46.692221975;726.5;6930;22.47396226415094;777.3739622641509;Line 329;0;147.96479684038
-23.506176077;-46.692069111;727.2;6900;22.376672384219553;777.2766723842195;Line 329;0;147.96479684038
-23.50640739;-46.691916247;728.1;6870;22.27938250428816;777.1793825042881;Line 329;0;147.96479684038
-23.506638703;-46.691763382;729.4;6840;22.182092624356773;777.0820926243567;Line 329;0;147.96479684038
-23.506870016;-46.691610517;729.6;6810;22.084802744425385;776.9848027444253;Line 329;0;147.96479684038
-23.507101328;-46.691457651;728.8;6780;21.987512864493997;776.8875128644939;Line 329;0;147.96479684038
-23.507332641;-46.691304785;728.0;6750;21.89022298456261;776.7902229845625;Line 329;0;147.96479684038
-23.507563953;-46.691151918;727.0;6720;21.792933104631217;776.6929331046312;Line 329;0;147.96479684038
-23.507795265;-46.69099905;726.0;6690;21.69564322469983;776.5956432246998;Line 329;0;147.96479684038
-23.508026578;-46.690846182;724.8;6660;21.59835334476844;776.4983533447685;Line 329;0;147.96479684038
-23.50825789;-46.690693314;724.0;6630;21.50106346483705;776.4010634648371;Line 329;0;147.96479684038
-23.508489202;-46.690540445;723.5;6600;21.40377358490566;776.3037735849057;Line 329;0;147.96479684038
-23.508720513;-46.690387575;723.0;6570;21.30648370497427;776.2064837049743;Line 329;0;147.96479684038
-23.508951825;-46.690234705;722.2;6540;21.20919382504288;776.1091938250429;Line 329;0;147.96479684038
-23.509183136;-46.690081835;721.4;6510;21.111903945111493;776.0119039451115;Line 329;0;147.96479684038
-23.509414448;-46.689928964;723.4;6480;21.0146140651801;775.9146140651801;Line 329;0;147.96479684038
-23.509645759;-46.689776092;725.2;6450;20.917324185248713;775.8173241852487;Line 329;0;147.96479684038
-23.50987707;-46.68962322;726.7;6420;20.82003430531732;775.7200343053173;Line 329;0;147.96479684038
-23.510108381;-46.689470347;727.4;6390;20.722744425385933;775.6227444253859;Line 329;0;147.96479684038
-23.510339692;-46.689317474;727.6;6360;20.625454545454545;775.5254545454545;Line 329;0;147.96479684038
-23.510571003;-46.689164601;728.1;6330;20.528164665523153;775.4281646655231;Line 329;0;147.96479684038
-23.510802313;-46.689011727;728.9;6300;20.430874785591765;775.3308747855917;Line 329;0;147.96479684038
-23.511033624;-46.688858852;729.0;6270;20.333584905660377;775.2335849056603;Line 329;0;147.96479684038
-23.511264934;-46.688705977;729.0;6240;20.23629502572899;775.1362950257289;Line 329;0;147.96479684038
-23.511496245;-46.688553101;729.0;6210;20.1390051457976;775.0390051457975;Line 329;0;147.96479684038
-23.511727555;-46.688400225;728.9;6180;20.04171526586621;774.9417152658662;Line 329;0;147.96479684038
-23.511958865;-46.688247348;728.6;6150;19.94442538593482;774.8444253859348;Line 329;0;147.96479684038
-23.512190174;-46.688094471;728.3;6120;19.84713550600343;774.7471355060034;Line 329;0;147.96479684038
-23.512421484;-46.687941593;728.0;6090;19.74984562607204;774.649845626072;Line 329;0;147.96479684038
-23.512652794;-46.687788715;727.8;6060;19.652555746140653;774.5525557461407;Line 329;0;147.96479684038
-23.512884103;-46.687635836;727.5;6030;19.55526586620926;774.4552658662093;Line 329;0;147.96479684038
-23.513115413;-46.687482957;727.2;6000;19.457975986277873;774.3579759862779;Line 329;0;147.96479684038
-23.513346722;-46.687330077;726.6;5970;19.36068610634648;774.2606861063465;Line 329;0;147.96479684038
-23.513578031;-46.687177196;726.2;5940;19.263396226415093;774.1633962264151;Line 329;0;147.96479684038
-23.51380934;-46.687024315;725.9;5910;19.166106346483705;774.0661063464837;Line 329;0;147.96479684038
-23.514040649;-46.686871434;725.5;5880;19.068816466552313;773.9688164665523;Line 329;0;147.96479684038
-23.514271958;-46.686718552;725.2;5850;18.971526586620925;773.8715265866209;Line 329;0;147.96479684038
-23.514503266;-46.68656567;725.5;5820;18.874236706689533;773.7742367066895;Line 329;0;147.96479684038
-23.514734575;-46.686412787;725.9;5790;18.776946826758145;773.6769468267581;Line 329;0;147.96479684038
-23.514965883;-46.686259903;726.4;5760;18.67965694682676;773.5796569468267;Line 329;0;147.96479684038
-23.515197191;-46.686107019;726.7;5730;18.58236706689537;773.4823670668953;Line 329;0;147.96479684038
-23.515428499;-46.685954135;726.9;5700;18.48507718696398;773.3850771869639;Line 329;0;147.96479684038
-23.515659807;-46.68580125;727.0;5670;18.38778730703259;773.2877873070325;Line 329;0;147.96479684038
-23.515891115;-46.685648364;727.0;5640;18.2904974271012;773.1904974271011;Line 329;0;147.96479684038
-23.516122423;-46.685495478;727.0;5610;18.193207547169813;773.0932075471698;Line 329;0;147.96479684038
-23.516353731;-46.685342592;727.0;5580;18.09591766723842;772.9959176672384;Line 329;0;147.96479684038
-23.516585038;-46.685189705;727.0;5550;17.998627787307033;772.898627787307;Line 329;0;147.96479684038
-23.516816345;-46.685036817;727.0;5520;17.90133790737564;772.8013379073756;Line 329;0;147.96479684038
-23.517047653;-46.684883929;727.2;5490;17.804048027444253;772.7040480274443;Line 329;0;147.96479684038
-23.51727896;-46.68473104;727.2;5460;17.706758147512865;772.6067581475129;Line 329;0;147.96479684038
-23.517510267;-46.684578151;727.0;5430;17.609468267581473;772.5094682675815;Line 329;0;147.96479684038
-23.517741573;-46.684425261;726.1;5400;17.512178387650085;772.4121783876501;Line 329;0;147.96479684038
-23.51797288;-46.684272371;725.6;5370;17.414888507718693;772.3148885077187;Line 329;0;147.96479684038
-23.518204187;-46.68411948;725.2;5340;17.317598627787305;772.2175986277873;Line 329;0;147.96479684038
-23.518435493;-46.683966589;725.1;5310;17.220308747855917;772.1203087478559;Line 329;0;147.96479684038
-23.5186668;-46.683813697;726.4;5280;17.123018867924525;772.0230188679245;Line 329;0;147.96479684038
-23.518898106;-46.683660805;728.1;5250;17.02572898799314;771.9257289879931;Line 329;0;147.96479684038
-23.519129412;-46.683507912;730.3;5220;16.92843910806175;771.8284391080617;Line 329;0;147.96479684038
-23.519360718;-46.683355019;731.0;5190;16.83114922813036;771.7311492281303;Line 329;0;147.96479684038
-23.519592024;-46.683202125;730.8;5160;16.733859348198973;771.6338593481989;Line 329;0;147.96479684038
-23.519823329;-46.683049231;730.9;5130;16.63656946826758;771.5365694682675;Line 329;0;147.96479684038
-23.520054635;-46.682896336;730.9;5100;16.539279588336193;771.4392795883361;Line 329;0;147.96479684038
-23.52028594;-46.682743441;730.7;5070;16.441989708404805;771.3419897084048;Line 329;0;147.96479684038
-23.520517246;-46.682590545;730.4;5040;16.344699828473413;771.2446998284734;Line 329;0;147.96479684038
-23.520748551;-46.682437648;730.1;5010;16.247409948542025;771.147409948542;Line 329;0;147.96479684038
-23.520979856;-46.682284752;730.0;4980;16.150120068610633;771.0501200686106;Line 329;0;147.96479684038
-23.521211161;-46.682131854;729.8;4950;16.052830188679245;770.9528301886792;Line 329;0;147.96479684038
-23.521442466;-46.681978956;729.4;4920;15.955540308747857;770.8555403087478;Line 329;0;147.96479684038
-23.521673771;-46.681826058;729.0;4890;15.858250428816467;770.7582504288165;Line 329;0;147.96479684038
-23.521905075;-46.681673159;728.7;4860;15.760960548885079;770.6609605488851;Line 329;0;147.96479684038
-23.52213638;-46.681520259;728.5;4830;15.663670668953687;770.5636706689537;Line 329;0;147.96479684038
-23.522367684;-46.681367359;728.5;4800;15.566380789022299;770.4663807890223;Line 329;0;147.96479684038
-23.522598988;-46.681214459;728.9;4770;15.46909090909091;770.3690909090909;Line 329;0;147.96479684038
-23.522830292;-46.681061558;729.5;4740;15.371801029159519;770.2718010291595;Line 329;0;147.96479684038
-23.523061596;-46.680908656;729.3;4710;15.27451114922813;770.1745111492281;Line 329;0;147.96479684038
-23.5232929;-46.680755754;728.8;4680;15.177221269296739;770.0772212692967;Line 329;0;147.96479684038
-23.523524204;-46.680602851;728.7;4650;15.07993138936535;769.9799313893653;Line 329;0;147.96479684038
-23.523755507;-46.680449948;728.8;4620;14.982641509433963;769.8826415094339;Line 329;0;147.96479684038
-23.523986811;-46.680297045;729.0;4590;14.885351629502573;769.7853516295025;Line 329;0;147.96479684038
-23.524218114;-46.68014414;729.3;4560;14.788061749571183;769.6880617495711;Line 329;0;147.96479684038
-23.524449417;-46.679991236;730.0;4530;14.690771869639795;769.5907718696398;Line 329;0;147.96479684038
-23.52468072;-46.67983833;731.1;4500;14.593481989708405;769.4934819897084;Line 329;0;147.96479684038
-23.524912023;-46.679685425;732.4;4470;14.496192109777015;769.396192109777;Line 329;0;147.96479684038
-23.525143326;-46.679532519;734.2;4440;14.398902229845625;769.2989022298456;Line 329;0;147.96479684038
-23.525374628;-46.679379612;736.2;4410;14.301612349914235;769.2016123499142;Line 329;0;147.96479684038
-23.525605931;-46.679226704;738.2;4380;14.204322469982849;769.1043224699828;Line 329;0;147.96479684038
-23.525837233;-46.679073797;739.8;4350;14.107032590051459;769.0070325900514;Line 329;0;147.96479684038
-23.526068536;-46.678920888;739.3;4320;14.009742710120069;768.9097427101201;Line 329;0;147.96479684038
-23.526299838;-46.67876798;739.3;4290;13.912452830188679;768.8124528301887;Line 329;0;147.96479684038
-23.52653114;-46.67861507;739.8;4260;13.815162950257289;768.7151629502573;Line 329;0;147.96479684038
-23.526762442;-46.67846216;740.0;4230;13.7178730703259;768.6178730703259;Line 329;0;147.96479684038
-23.526993744;-46.67830925;739.2;4200;13.62058319039451;768.5205831903945;Line 329;0;147.96479684038
-23.527225045;-46.678156339;739.3;4170;13.52329331046312;768.4232933104631;Line 329;0;147.96479684038
-23.527456347;-46.678003428;739.7;4140;13.426003430531733;768.3260034305317;Line 329;0;147.96479684038
-23.527687648;-46.677850516;741.0;4110;13.328713550600343;768.2287135506003;Line 329;0;147.96479684038
-23.52791895;-46.677697603;742.4;4080;13.231423670668955;768.1314236706689;Line 329;0;147.96479684038
-23.528150251;-46.67754469;743.7;4050;13.134133790737565;768.0341337907375;Line 329;0;147.96479684038
-23.528381552;-46.677391777;744.0;4020;13.036843910806175;767.9368439108061;Line 329;0;147.96479684038
-23.528612853;-46.677238863;743.3;3990;12.939554030874785;767.8395540308748;Line 329;0;147.96479684038
-23.528844153;-46.677085948;742.7;3960;12.842264150943395;767.7422641509434;Line 329;0;147.96479684038
-23.529075454;-46.676933033;742.0;3930;12.744974271012007;767.644974271012;Line 329;0;147.96479684038
-23.529306755;-46.676780118;741.8;3900;12.647684391080617;767.5476843910806;Line 329;0;147.96479684038
-23.529538055;-46.676627202;742.2;3870;12.550394511149229;767.4503945111492;Line 329;0;147.96479684038
-23.529769355;-46.676474285;743.3;3840;12.453104631217839;767.3531046312178;Line 329;0;147.96479684038
-23.530000656;-46.676321368;744.5;3810;12.355814751286449;767.2558147512864;Line 329;0;147.96479684038
-23.530231956;-46.67616845;745.9;3780;12.25852487135506;767.158524871355;Line 329;0;147.96479684038
-23.530463255;-46.676015532;747.1;3750;12.16123499142367;767.0612349914237;Line 329;0;147.96479684038
-23.530694555;-46.675862614;747.9;3720;12.06394511149228;766.9639451114923;Line 329;0;147.96479684038
-23.530925855;-46.675709694;748.2;3690;11.96665523156089;766.8666552315609;Line 329;0;147.96479684038
-23.531157154;-46.675556775;748.2;3660;11.8693653516295;766.7693653516295;Line 329;0;147.96479684038
-23.531388454;-46.675403854;748.4;3630;11.772075471698114;766.6720754716981;Line 329;0;147.96479684038
-23.531619753;-46.675250934;749.0;3600;11.674785591766724;766.5747855917667;Line 329;0;147.96479684038
-23.531851052;-46.675098012;750.5;3570;11.577495711835335;766.4774957118353;Line 329;0;147.96479684038
-23.532082351;-46.674945091;752.0;3540;11.480205831903945;766.3802058319039;Line 329;0;147.96479684038
-23.53231365;-46.674792168;752.6;3510;11.382915951972555;766.2829159519725;Line 329;0;147.96479684038
-23.532544949;-46.674639246;752.8;3480;11.285626072041167;766.1856260720411;Line 329;0;147.96479684038
-23.532776247;-46.674486322;752.0;3450;11.188336192109777;766.0883361921098;Line 329;0;147.96479684038
-23.533007546;-46.674333398;751.8;3420;11.091046312178387;765.9910463121784;Line 329;0;147.96479684038
-23.533238844;-46.674180474;752.0;3390;10.993756432246999;765.893756432247;Line 329;0;147.96479684038
-23.533470143;-46.674027549;753.1;3360;10.896466552315609;765.7964665523156;Line 329;0;147.96479684038
-23.533701441;-46.673874624;754.2;3330;10.79917667238422;765.6991766723842;Line 329;0;147.96479684038
-23.533932739;-46.673721698;755.6;3300;10.70188679245283;765.6018867924528;Line 329;0;147.96479684038
-23.534164037;-46.673568771;757.2;3270;10.60459691252144;765.5045969125214;Line 329;0;147.96479684038
-23.534395334;-46.673415844;758.5;3240;10.50730703259005;765.40730703259;Line 329;0;147.96479684038
-23.534626632;-46.673262917;759.8;3210;10.41001715265866;765.3100171526586;Line 329;0;147.96479684038
-23.534857929;-46.673109989;761.6;3180;10.312727272727273;765.2127272727273;Line 329;0;147.96479684038
-23.535089227;-46.672957061;764.1;3150;10.215437392795883;765.1154373927959;Line 329;0;147.96479684038
-23.535320524;-46.672804131;767.4;3120;10.118147512864494;765.0181475128645;Line 329;1;147.96479684038
-23.535551821;-46.672651202;770.9;3090;10.020857632933104;764.9208576329331;Line 329;1;147.96479684038
-23.535783118;-46.672498272;774.8;3060;9.923567753001715;764.8235677530017;Line 329;1;147.96479684038
-23.536014415;-46.672345341;776.9;3030;9.826277873070326;764.7262778730703;Line 329;1;147.96479684038
-23.536245712;-46.67219241;778.8;3000;9.728987993138936;764.6289879931389;Line 329;1;147.96479684038
-23.536477008;-46.672039479;780.9;2970;9.631698113207547;764.5316981132075;Line 329;1;147.96479684038
-23.536708305;-46.671886546;783.4;2940;9.534408233276157;764.4344082332761;Line 329;1;147.96479684038
-23.536939601;-46.671733614;786.8;2910;9.437118353344767;764.3371183533447;Line 329;1;147.96479684038
-23.537170897;-46.671580681;789.1;2880;9.33982847341338;764.2398284734134;Line 329;1;147.96479684038
-23.537402194;-46.671427747;790.9;2850;9.24253859348199;764.142538593482;Line 329;1;147.96479684038
-23.53763349;-46.671274813;793.2;2820;9.1452487135506;764.0452487135506;Line 329;1;147.96479684038
-23.537864785;-46.671121878;795.6;2790;9.04795883361921;763.9479588336192;Line 329;1;147.96479684038
-23.538096081;-46.670968943;797.9;2760;8.95066895368782;763.8506689536878;Line 329;1;147.96479684038
-23.538327377;-46.670816007;800.1;2730;8.853379073756432;763.7533790737564;Line 329;1;147.96479684038
-23.538558672;-46.670663071;804.2;2700;8.756089193825042;763.656089193825;Line 329;1;147.96479684038
-23.538789968;-46.670510134;807.8;2670;8.658799313893653;763.5587993138936;Line 329;1;147.96479684038
-23.539021263;-46.670357197;810.8;2640;8.561509433962263;763.4615094339622;Line 329;1;147.96479684038
-23.539252558;-46.670204259;812.7;2610;8.464219554030874;763.3642195540308;Line 329;1;147.96479684038
-23.539483853;-46.67005132;813.6;2580;8.366929674099486;763.2669296740995;Line 329;1;147.96479684038
-23.539715148;-46.669898382;813.9;2550;8.269639794168096;763.1696397941681;Line 329;1;147.96479684038
-23.539946442;-46.669745442;813.9;2520;8.172349914236706;763.0723499142367;Line 329;1;147.96479684038
-23.540177737;-46.669592502;813.2;2490;8.075060034305316;762.9750600343053;Line 329;1;147.96479684038
-23.540409031;-46.669439562;812.3;2460;7.977770154373928;762.8777701543739;Line 329;1;147.96479684038
-23.540640326;-46.669286621;811.5;2430;7.880480274442539;762.7804802744425;Line 329;1;147.96479684038
-23.54087162;-46.669133679;810.2;2400;7.783190394511149;762.6831903945111;Line 329;1;147.96479684038
-23.541102914;-46.668980738;806.8;2370;7.685900514579759;762.5859005145797;Line 329;1;147.96479684038
-23.541334208;-46.668827795;803.6;2340;7.5886106346483695;762.4886106346484;Line 329;1;147.96479684038
-23.541565502;-46.668674852;800.5;2310;7.491320754716981;762.391320754717;Line 329;1;147.96479684038
-23.541796796;-46.668521908;797.5;2280;7.394030874785591;762.2940308747856;Line 329;1;147.96479684038
-23.542028089;-46.668368964;795.3;2250;7.296740994854202;762.1967409948542;Line 329;1;147.96479684038
-23.542259383;-46.66821602;793.5;2220;7.199451114922812;762.0994511149228;Line 329;1;147.96479684038
-23.542490676;-46.668063075;792.1;2190;7.102161234991424;762.0021612349914;Line 329;1;147.96479684038
-23.542721969;-46.667910129;789.5;2160;7.004871355060034;761.90487135506;Line 329;1;147.96479684038
-23.542953262;-46.667757183;787.2;2130;6.907581475128644;761.8075814751286;Line 329;1;147.96479684038
-23.543184555;-46.667604236;785.2;2100;6.810291595197255;761.7102915951972;Line 329;1;147.96479684038
-23.543415848;-46.667451289;782.0;2070;6.713001715265866;761.6130017152658;Line 329;1;147.96479684038
-23.543647141;-46.667298342;776.5;2040;6.615711835334477;761.5157118353344;Line 329;1;147.96479684038
-23.543878433;-46.667145393;771.6;2010;6.518421955403087;761.4184219554031;Line 329;1;147.96479684038
-23.544109726;-46.666992445;767.1;1980;6.421132075471697;761.3211320754717;Line 329;1;147.96479684038
-23.544341018;-46.666839495;763.1;1950;6.323842195540308;761.2238421955403;Line 329;1;147.96479684038
-23.54457231;-46.666686546;759.7;1920;6.226552315608919;761.1265523156089;Line 329;0;147.96479684038
-23.544803602;-46.666533595;756.9;1890;6.12926243567753;761.0292624356775;Line 329;0;147.96479684038
-23.545034894;-46.666380645;755.2;1860;6.03197255574614;760.9319725557461;Line 329;0;147.96479684038
-23.545266186;-46.666227693;756.7;1830;5.93468267581475;760.8346826758147;Line 329;0;147.96479684038
-23.545497478;-46.666074741;758.3;1800;5.837392795883362;760.7373927958834;Line 329;0;147.96479684038
-23.545728769;-46.665921789;760.1;1770;5.740102915951972;760.640102915952;Line 329;0;147.96479684038
-23.54596006;-46.665768836;762.4;1740;5.642813036020583;760.5428130360206;Line 329;1;147.96479684038
-23.546191352;-46.665615883;765.1;1710;5.545523156089193;760.4455231560892;Line 329;1;147.96479684038
-23.546422643;-46.665462929;767.7;1680;5.448233276157804;760.3482332761578;Line 329;1;147.96479684038
-23.546653934;-46.665309974;770.1;1650;5.350943396226415;760.2509433962264;Line 329;1;147.96479684038
-23.546885225;-46.66515702;770.6;1620;5.253653516295025;760.153653516295;Line 329;1;147.96479684038
-23.547116516;-46.665004064;770.5;1590;5.156363636363636;760.0563636363636;Line 329;1;147.96479684038
-23.547347806;-46.664851108;771.9;1560;5.059073756432247;759.9590737564322;Line 329;1;147.96479684038
-23.547579097;-46.664698152;773.1;1530;4.961783876500857;759.8617838765008;Line 329;1;147.96479684038
-23.547810387;-46.664545195;774.1;1500;4.864493996569468;759.7644939965694;Line 329;1;147.96479684038
-23.548041678;-46.664392237;776.2;1470;4.767204116638078;759.667204116638;Line 329;1;147.96479684038
-23.548272968;-46.664239279;779.2;1440;4.66991423670669;759.5699142367067;Line 329;1;147.96479684038
-23.548504258;-46.66408632;781.2;1410;4.5726243567753;759.4726243567753;Line 329;1;147.96479684038
-23.548735548;-46.663933361;782.0;1380;4.47533447684391;759.3753344768439;Line 329;1;147.96479684038
-23.548966837;-46.663780402;782.5;1350;4.378044596912521;759.2780445969125;Line 329;1;147.96479684038
-23.549198127;-46.663627442;782.8;1320;4.280754716981131;759.1807547169811;Line 329;1;147.96479684038
-23.549429417;-46.663474481;782.0;1290;4.183464837049743;759.0834648370497;Line 329;1;147.96479684038
-23.549660706;-46.66332152;780.5;1260;4.086174957118353;758.9861749571184;Line 329;1;147.96479684038
-23.549891995;-46.663168558;778.7;1230;3.988885077186964;758.888885077187;Line 329;1;147.96479684038
-23.550123284;-46.663015596;780.1;1200;3.8915951972555747;758.7915951972556;Line 329;1;147.96479684038
-23.550354573;-46.662862633;783.6;1170;3.7943053173241847;758.6943053173242;Line 329;1;147.96479684038
-23.550585862;-46.66270967;786.5;1140;3.6970154373927957;758.5970154373928;Line 329;1;147.96479684038
-23.550817151;-46.662556706;788.8;1110;3.599725557461406;758.4997255574614;Line 329;1;147.96479684038
-23.55104844;-46.662403742;794.3;1080;3.502435677530017;758.40243567753;Line 329;1;147.96479684038
-23.551279728;-46.662250777;800.3;1050;3.4051457975986277;758.3051457975986;Line 329;1;147.96479684038
-23.551511016;-46.662097812;806.0;1020;3.3078559176672386;758.2078559176672;Line 329;1;147.96479684038
-23.551742305;-46.661944846;811.3;990;3.2105660377358487;758.1105660377358;Line 329;1;147.96479684038
-23.551973593;-46.66179188;816.2;960;3.1132761578044597;758.0132761578044;Line 329;1;147.96479684038
-23.552204881;-46.661638913;820.4;930;3.01598627787307;757.915986277873;Line 329;1;147.96479684038
-23.552436169;-46.661485945;823.9;900;2.918696397941681;757.8186963979416;Line 329;1;147.96479684038
-23.552667456;-46.661332978;826.1;870;2.8214065180102916;757.7214065180102;Line 329;1;147.96479684038
-23.552898744;-46.661180009;828.0;840;2.724116638078902;757.6241166380789;Line 329;1;147.96479684038
-23.553130032;-46.66102704;829.7;810;2.6268267581475127;757.5268267581475;Line 329;1;147.96479684038
-23.553361319;-46.660874071;830.9;780;2.5295368782161236;757.4295368782161;Line 329;1;147.96479684038
-23.553592606;-46.660721101;828.3;750;2.432246998284734;757.3322469982847;Line 329;1;147.96479684038
-23.553823893;-46.66056813;827.0;720;2.334957118353345;757.2349571183533;Line 329;1;147.96479684038
-23.55405518;-46.660415159;827.4;690;2.237667238421955;757.137667238422;Line 329;1;147.96479684038
-23.554286467;-46.660262188;830.1;660;2.1403773584905657;757.0403773584906;Line 329;1;147.96479684038
-23.554517754;-46.660109216;834.1;630;2.0430874785591766;756.9430874785592;Line 329;1;147.96479684038
-23.55474904;-46.659956243;837.8;600;1.9457975986277873;756.8457975986278;Line 329;1;147.96479684038
-23.554980327;-46.65980327;840.0;570;1.8485077186963979;756.7485077186964;Line 329;1;147.96479684038
-23.555211613;-46.659650296;839.1;540;1.7512178387650086;756.651217838765;Line 329;1;147.96479684038
-23.555442899;-46.659497322;837.4;510;1.6539279588336193;756.5539279588336;Line 329;1;147.96479684038
-23.555674186;-46.659344348;835.3;480;1.5566380789022298;756.4566380789022;Line 329;1;147.96479684038
-23.555905472;-46.659191372;832.5;450;1.4593481989708406;756.3593481989708;Line 329;1;147.96479684038
-23.556136757;-46.659038397;829.1;420;1.362058319039451;756.2620583190394;Line 329;1;147.96479684038
-23.556368043;-46.65888542;826.0;390;1.2647684391080618;756.164768439108;Line 329;1;147.96479684038
-23.556599329;-46.658732444;823.4;360;1.1674785591766725;756.0674785591766;Line 329;1;147.96479684038
-23.556830614;-46.658579466;823.3;330;1.0701886792452828;755.9701886792452;Line 329;1;147.96479684038
-23.557061899;-46.658426489;824.9;300;0.9728987993138937;755.8728987993138;Line 329;1;147.96479684038
-23.557293185;-46.65827351;826.8;270;0.8756089193825043;755.7756089193825;Line 329;1;147.96479684038
-23.55752447;-46.658120532;828.3;240;0.7783190394511149;755.6783190394511;Line 329;1;147.96479684038
-23.557755755;-46.657967552;828.6;210;0.6810291595197255;755.5810291595197;Line 329;1;147.96479684038
-23.55798704;-46.657814572;828.7;180;0.5837392795883363;755.4837392795883;Line 329;1;147.96479684038
-23.558218324;-46.657661592;828.6;150;0.48644939965694683;755.386449399657;Line 329;1;147.96479684038
-23.558449609;-46.657508611;827.8;120;0.38915951972555746;755.2891595197256;Line 329;1;147.96479684038
-23.558680893;-46.65735563;826.4;90;0.29186963979416813;755.1918696397942;Line 329;1;147.96479684038
-23.558912178;-46.657202648;824.8;60;0.19457975986277873;755.0945797598628;Line 329;1;147.96479684038
-23.559143462;-46.657049666;822.9;30;0.09728987993138936;754.9972898799314;Line 329;1;147.96479684038
-23.559374746;-46.656896683;825.3;0;0.0;754.9;Line 329;1;147.96479684038
