latitude;longitude;altitude (m);distance_m;alt_x;alt_y;name;obstrucao;angle 
-23.338828987;-46.015129796;646.8;69960;333.98;981.78;Line 70;0;249.002680785548
-23.338924298;-46.015404476;645.5;69930;333.8367838765009;981.6367838765009;Line 70;0;249.002680785548
-23.339019609;-46.015679158;644.3;69900;333.69356775300173;981.4935677530017;Line 70;0;249.002680785548
-23.33911492;-46.015953839;641.8;69870;333.5503516295026;981.3503516295025;Line 70;0;249.002680785548
-23.33921023;-46.016228521;637.1;69840;333.4071355060035;981.2071355060034;Line 70;0;249.002680785548
-23.33930554;-46.016503204;632.2;69810;333.2639193825043;981.0639193825043;Line 70;0;249.002680785548
-23.339400849;-46.016777887;627.1;69780;333.12070325900515;980.9207032590051;Line 70;0;249.002680785548
-23.339496158;-46.01705257;621.6;69750;332.977487135506;980.7774871355059;Line 70;0;249.002680785548
-23.339591466;-46.017327253;616.2;69720;332.83427101200687;980.6342710120068;Line 70;0;249.002680785548
-23.339686774;-46.017601937;612.1;69690;332.6910548885078;980.4910548885077;Line 70;0;249.002680785548
-23.339782081;-46.017876621;610.4;69660;332.5478387650086;980.3478387650085;Line 70;0;249.002680785548
-23.339877387;-46.018151306;608.8;69630;332.4046226415095;980.2046226415094;Line 70;0;249.002680785548
-23.339972694;-46.018425991;610.7;69600;332.2614065180103;980.0614065180102;Line 70;0;249.002680785548
-23.340067999;-46.018700676;618.3;69570;332.11819039451115;979.9181903945112;Line 70;0;249.002680785548
-23.340163305;-46.018975362;625.1;69540;331.97497427101206;979.7749742710121;Line 70;0;249.002680785548
-23.340258609;-46.019250048;630.6;69510;331.83175814751286;979.6317581475128;Line 70;0;249.002680785548
-23.340353913;-46.019524735;633.8;69480;331.68854202401377;979.4885420240137;Line 70;0;249.002680785548
-23.340449217;-46.019799422;637.3;69450;331.54532590051457;979.3453259005146;Line 70;0;249.002680785548
-23.34054452;-46.020074109;639.7;69420;331.4021097770155;979.2021097770155;Line 70;0;249.002680785548
-23.340639823;-46.020348797;639.2;69390;331.25889365351634;979.0588936535163;Line 70;0;249.002680785548
-23.340735125;-46.020623485;639.7;69360;331.11567753001714;978.9156775300171;Line 70;0;249.002680785548
-23.340830427;-46.020898173;639.6;69330;330.97246140651805;978.772461406518;Line 70;0;249.002680785548
-23.340925728;-46.021172862;632.5;69300;330.82924528301885;978.6292452830188;Line 70;0;249.002680785548
-23.341021029;-46.021447551;625.8;69270;330.68602915951976;978.4860291595197;Line 70;0;249.002680785548
-23.341116329;-46.021722241;619.3;69240;330.5428130360206;978.3428130360205;Line 70;0;249.002680785548
-23.341211629;-46.021996931;612.0;69210;330.3995969125215;978.1995969125214;Line 70;0;249.002680785548
-23.341306928;-46.022271621;605.1;69180;330.25638078902233;978.0563807890223;Line 70;0;249.002680785548
-23.341402227;-46.022546312;600.5;69150;330.11316466552313;977.913164665523;Line 70;0;249.002680785548
-23.341497525;-46.022821003;605.9;69120;329.96994854202404;977.7699485420239;Line 70;0;249.002680785548
-23.341592823;-46.023095694;612.1;69090;329.8267324185249;977.6267324185249;Line 70;0;249.002680785548
-23.34168812;-46.023370386;618.9;69060;329.68351629502575;977.4835162950258;Line 70;0;249.002680785548
-23.341783417;-46.023645078;625.1;69030;329.5403001715266;977.3403001715266;Line 70;0;249.002680785548
-23.341878713;-46.02391977;631.1;69000;329.39708404802747;977.1970840480274;Line 70;0;249.002680785548
-23.341974009;-46.024194463;636.3;68970;329.2538679245283;977.0538679245283;Line 70;0;249.002680785548
-23.342069304;-46.024469157;637.0;68940;329.1106518010292;976.9106518010292;Line 70;0;249.002680785548
-23.342164599;-46.02474385;638.2;68910;328.96743567753003;976.76743567753;Line 70;0;249.002680785548
-23.342259893;-46.025018544;639.5;68880;328.8242195540309;976.6242195540308;Line 70;0;249.002680785548
-23.342355187;-46.025293239;637.6;68850;328.68100343053175;976.4810034305317;Line 70;0;249.002680785548
-23.34245048;-46.025567933;636.6;68820;328.5377873070326;976.3377873070326;Line 70;0;249.002680785548
-23.342545773;-46.025842629;635.9;68790;328.3945711835335;976.1945711835335;Line 70;0;249.002680785548
-23.342641065;-46.026117324;630.8;68760;328.2513550600343;976.0513550600342;Line 70;0;249.002680785548
-23.342736357;-46.02639202;625.6;68730;328.10813893653517;975.9081389365351;Line 70;0;249.002680785548
-23.342831648;-46.026666716;620.4;68700;327.964922813036;975.764922813036;Line 70;0;249.002680785548
-23.342926939;-46.026941413;612.9;68670;327.8217066895369;975.6217066895368;Line 70;0;249.002680785548
-23.343022229;-46.02721611;605.6;68640;327.6784905660378;975.4784905660377;Line 70;0;249.002680785548
-23.343117519;-46.027490807;598.5;68610;327.5352744425386;975.3352744425385;Line 70;0;249.002680785548
-23.343212809;-46.027765505;594.9;68580;327.3920583190395;975.1920583190395;Line 70;0;249.002680785548
-23.343308097;-46.028040203;591.2;68550;327.2488421955403;975.0488421955403;Line 70;0;249.002680785548
-23.343403386;-46.028314902;587.8;68520;327.10562607204116;974.9056260720411;Line 70;0;249.002680785548
-23.343498673;-46.028589601;590.7;68490;326.9624099485421;974.762409948542;Line 70;0;249.002680785548
-23.343593961;-46.0288643;594.5;68460;326.8191938250429;974.6191938250429;Line 70;0;249.002680785548
-23.343689248;-46.029139;598.8;68430;326.6759777015438;974.4759777015438;Line 70;0;249.002680785548
-23.343784534;-46.0294137;603.0;68400;326.5327615780446;974.3327615780445;Line 70;0;249.002680785548
-23.34387982;-46.0296884;607.3;68370;326.3895454545455;974.1895454545454;Line 70;0;249.002680785548
-23.343975105;-46.029963101;611.6;68340;326.24632933104635;974.0463293310463;Line 70;0;249.002680785548
-23.34407039;-46.030237802;613.9;68310;326.10311320754715;973.9031132075471;Line 70;0;249.002680785548
-23.344165674;-46.030512504;615.6;68280;325.95989708404807;973.759897084048;Line 70;0;249.002680785548
-23.344260958;-46.030787206;615.5;68250;325.81668096054887;973.6166809605488;Line 70;0;249.002680785548
-23.344356241;-46.031061908;616.4;68220;325.6734648370498;973.4734648370497;Line 70;0;249.002680785548
-23.344451524;-46.03133661;617.7;68190;325.53024871355063;973.3302487135506;Line 70;0;249.002680785548
-23.344546806;-46.031611313;619.2;68160;325.3870325900515;973.1870325900514;Line 70;0;249.002680785548
-23.344642088;-46.031886017;622.0;68130;325.24381646655235;973.0438164665522;Line 70;0;249.002680785548
-23.34473737;-46.032160721;625.3;68100;325.10060034305315;972.9006003430532;Line 70;0;249.002680785548
-23.344832651;-46.032435425;628.8;68070;324.95738421955406;972.7573842195541;Line 70;0;249.002680785548
-23.344927931;-46.032710129;632.7;68040;324.8141680960549;972.6141680960549;Line 70;0;249.002680785548
-23.345023211;-46.032984834;636.6;68010;324.67095197255577;972.4709519725557;Line 70;0;249.002680785548
-23.34511849;-46.03325954;638.7;67980;324.5277358490566;972.3277358490566;Line 70;0;249.002680785548
-23.345213769;-46.033534245;637.9;67950;324.3845197255575;972.1845197255575;Line 70;0;249.002680785548
-23.345309047;-46.033808951;636.3;67920;324.24130360205834;972.0413036020583;Line 70;0;249.002680785548
-23.345404325;-46.034083658;635.1;67890;324.0980874785592;971.8980874785591;Line 70;0;249.002680785548
-23.345499603;-46.034358364;635.5;67860;323.95487135506005;971.75487135506;Line 70;0;249.002680785548
-23.345594879;-46.034633072;637.2;67830;323.8116552315609;971.6116552315609;Line 70;0;249.002680785548
-23.345690156;-46.034907779;639.9;67800;323.66843910806176;971.4684391080617;Line 70;0;249.002680785548
-23.345785432;-46.035182487;644.2;67770;323.5252229845626;971.3252229845625;Line 70;0;249.002680785548
-23.345880707;-46.035457195;648.6;67740;323.38200686106353;971.1820068610634;Line 70;0;249.002680785548
-23.345975982;-46.035731904;651.6;67710;323.23879073756433;971.0387907375643;Line 70;0;249.002680785548
-23.346071256;-46.036006613;653.1;67680;323.0955746140652;970.8955746140651;Line 70;0;249.002680785548
-23.34616653;-46.036281322;653.8;67650;322.95235849056604;970.7523584905659;Line 70;0;249.002680785548
-23.346261804;-46.036556032;654.2;67620;322.8091423670669;970.6091423670669;Line 70;0;249.002680785548
-23.346357076;-46.036830742;656.9;67590;322.6659262435678;970.4659262435678;Line 70;0;249.002680785548
-23.346452349;-46.037105453;661.9;67560;322.5227101200686;970.3227101200686;Line 70;0;249.002680785548
-23.346547621;-46.037380164;667.8;67530;322.3794939965695;970.1794939965695;Line 70;0;249.002680785548
-23.346642892;-46.037654875;672.8;67500;322.2362778730703;970.0362778730703;Line 70;0;249.002680785548
-23.346738163;-46.037929587;674.9;67470;322.0930617495712;969.8930617495712;Line 70;0;249.002680785548
-23.346833433;-46.038204299;676.0;67440;321.9498456260721;969.7498456260721;Line 70;0;249.002680785548
-23.346928703;-46.038479011;674.8;67410;321.8066295025729;969.6066295025728;Line 70;0;249.002680785548
-23.347023973;-46.038753724;673.2;67380;321.6634133790738;969.4634133790737;Line 70;0;249.002680785548
-23.347119242;-46.039028437;673.0;67350;321.5201972555746;969.3201972555746;Line 70;0;249.002680785548
-23.34721451;-46.039303151;675.5;67320;321.3769811320755;969.1769811320755;Line 70;0;249.002680785548
-23.347309778;-46.039577864;680.4;67290;321.23376500857637;969.0337650085763;Line 70;0;249.002680785548
-23.347405045;-46.039852579;687.1;67260;321.0905488850772;968.8905488850771;Line 70;0;249.002680785548
-23.347500312;-46.040127293;691.2;67230;320.9473327615781;968.747332761578;Line 70;0;249.002680785548
-23.347595579;-46.040402008;691.0;67200;320.8041166380789;968.6041166380788;Line 70;0;249.002680785548
-23.347690845;-46.040676724;691.3;67170;320.6609005145798;968.4609005145797;Line 70;0;249.002680785548
-23.34778611;-46.04095144;690.7;67140;320.51768439108065;968.3176843910805;Line 70;0;249.002680785548
-23.347881375;-46.041226156;688.3;67110;320.3744682675815;968.1744682675815;Line 70;0;249.002680785548
-23.34797664;-46.041500872;685.5;67080;320.23125214408236;968.0312521440824;Line 70;0;249.002680785548
-23.348071903;-46.041775589;682.2;67050;320.0880360205832;967.8880360205832;Line 70;0;249.002680785548
-23.348167167;-46.042050306;678.4;67020;319.9448198970841;967.744819897084;Line 70;0;249.002680785548
-23.34826243;-46.042325024;674.5;66990;319.80160377358493;967.6016037735849;Line 70;0;249.002680785548
-23.348357692;-46.042599742;670.4;66960;319.6583876500858;967.4583876500858;Line 70;0;249.002680785548
-23.348452954;-46.04287446;666.2;66930;319.51517152658664;967.3151715265866;Line 70;0;249.002680785548
-23.348548216;-46.043149179;662.1;66900;319.3719554030875;967.1719554030874;Line 70;0;249.002680785548
-23.348643477;-46.043423898;658.3;66870;319.22873927958835;967.0287392795883;Line 70;0;249.002680785548
-23.348738737;-46.043698618;654.9;66840;319.0855231560892;966.8855231560892;Line 70;0;249.002680785548
-23.348833997;-46.043973338;651.5;66810;318.94230703259007;966.74230703259;Line 70;0;249.002680785548
-23.348929257;-46.044248058;647.8;66780;318.7990909090909;966.5990909090908;Line 70;0;249.002680785548
-23.349024516;-46.044522779;643.4;66750;318.6558747855918;966.4558747855917;Line 70;0;249.002680785548
-23.349119774;-46.0447975;638.7;66720;318.51265866209263;966.3126586620926;Line 70;0;249.002680785548
-23.349215032;-46.045072221;633.9;66690;318.36944253859355;966.1694425385936;Line 70;0;249.002680785548
-23.349310289;-46.045346943;629.9;66660;318.22622641509435;966.0262264150942;Line 70;0;249.002680785548
-23.349405546;-46.045621665;626.0;66630;318.0830102915952;965.8830102915952;Line 70;0;249.002680785548
-23.349500803;-46.045896388;623.1;66600;317.93979416809606;965.7397941680961;Line 70;0;249.002680785548
-23.349596059;-46.04617111;623.8;66570;317.7965780445969;965.5965780445969;Line 70;0;249.002680785548
-23.349691314;-46.046445834;624.9;66540;317.6533619210978;965.4533619210978;Line 70;0;249.002680785548
-23.349786569;-46.046720557;626.0;66510;317.5101457975986;965.3101457975986;Line 70;0;249.002680785548
-23.349881824;-46.046995281;626.7;66480;317.36692967409954;965.1669296740995;Line 70;0;249.002680785548
-23.349977078;-46.047270006;627.0;66450;317.22371355060034;965.0237135506003;Line 70;0;249.002680785548
-23.350072331;-46.047544731;626.9;66420;317.08049742710125;964.8804974271012;Line 70;0;249.002680785548
-23.350167584;-46.047819456;624.0;66390;316.9372813036021;964.737281303602;Line 70;0;249.002680785548
-23.350262837;-46.048094181;620.5;66360;316.7940651801029;964.5940651801029;Line 70;0;249.002680785548
-23.350358089;-46.048368907;616.6;66330;316.6508490566038;964.4508490566038;Line 70;0;249.002680785548
-23.35045334;-46.048643633;614.0;66300;316.5076329331046;964.3076329331045;Line 70;0;249.002680785548
-23.350548591;-46.04891836;611.5;66270;316.36441680960553;964.1644168096054;Line 70;0;249.002680785548
-23.350643842;-46.049193087;609.0;66240;316.2212006861064;964.0212006861063;Line 70;0;249.002680785548
-23.350739092;-46.049467814;607.9;66210;316.07798456260724;963.8779845626073;Line 70;0;249.002680785548
-23.350834341;-46.049742542;608.0;66180;315.9347684391081;963.734768439108;Line 70;0;249.002680785548
-23.35092959;-46.05001727;609.1;66150;315.7915523156089;963.5915523156089;Line 70;0;249.002680785548
-23.351024839;-46.050291999;608.7;66120;315.6483361921098;963.4483361921098;Line 70;0;249.002680785548
-23.351120087;-46.050566728;608.0;66090;315.50512006861067;963.3051200686107;Line 70;0;249.002680785548
-23.351215334;-46.050841457;607.1;66060;315.3619039451115;963.1619039451115;Line 70;0;249.002680785548
-23.351310581;-46.051116187;605.3;66030;315.2186878216124;963.0186878216123;Line 70;0;249.002680785548
-23.351405828;-46.051390917;603.7;66000;315.07547169811323;962.8754716981132;Line 70;0;249.002680785548
-23.351501074;-46.051665647;602.2;65970;314.9322555746141;962.7322555746141;Line 70;0;249.002680785548
-23.35159632;-46.051940378;599.7;65940;314.78903945111495;962.5890394511149;Line 70;0;249.002680785548
-23.351691565;-46.052215109;596.4;65910;314.6458233276158;962.4458233276157;Line 70;0;249.002680785548
-23.351786809;-46.05248984;593.4;65880;314.50260720411666;962.3026072041166;Line 70;0;249.002680785548
-23.351882053;-46.052764572;592.4;65850;314.3593910806175;962.1593910806175;Line 70;0;249.002680785548
-23.351977297;-46.053039305;591.5;65820;314.21617495711837;962.0161749571183;Line 70;0;249.002680785548
-23.35207254;-46.053314037;590.5;65790;314.0729588336193;961.8729588336192;Line 70;0;249.002680785548
-23.352167782;-46.05358877;590.4;65760;313.9297427101201;961.72974271012;Line 70;0;249.002680785548
-23.352263024;-46.053863504;590.3;65730;313.78652658662094;961.586526586621;Line 70;0;249.002680785548
-23.352358266;-46.054138237;589.9;65700;313.6433104631218;961.4433104631217;Line 70;0;249.002680785548
-23.352453507;-46.054412972;591.5;65670;313.50009433962265;961.3000943396225;Line 70;0;249.002680785548
-23.352548748;-46.054687706;593.6;65640;313.35687821612356;961.1568782161235;Line 70;0;249.002680785548
-23.352643988;-46.054962441;595.8;65610;313.21366209262436;961.0136620926244;Line 70;0;249.002680785548
-23.352739227;-46.055237176;598.5;65580;313.0704459691253;960.8704459691253;Line 70;0;249.002680785548
-23.352834466;-46.055511912;600.7;65550;312.9272298456261;960.727229845626;Line 70;0;249.002680785548
-23.352929705;-46.055786648;602.4;65520;312.78401372212693;960.5840137221269;Line 70;0;249.002680785548
-23.353024943;-46.056061384;604.1;65490;312.64079759862784;960.4407975986278;Line 70;0;249.002680785548
-23.35312018;-46.056336121;605.7;65460;312.49758147512864;960.2975814751286;Line 70;0;249.002680785548
-23.353215417;-46.056610858;606.9;65430;312.35436535162955;960.1543653516295;Line 70;0;249.002680785548
-23.353310654;-46.056885596;609.4;65400;312.21114922813035;960.0111492281303;Line 70;0;249.002680785548
-23.35340589;-46.057160333;612.7;65370;312.06793310463127;959.8679331046312;Line 70;0;249.002680785548
-23.353501126;-46.057435072;615.8;65340;311.9247169811321;959.7247169811321;Line 70;0;249.002680785548
-23.353596361;-46.05770981;619.4;65310;311.7815008576329;959.5815008576328;Line 70;0;249.002680785548
-23.353691595;-46.057984549;623.3;65280;311.63828473413383;959.4382847341337;Line 70;0;249.002680785548
-23.353786829;-46.058259289;627.1;65250;311.49506861063463;959.2950686106346;Line 70;0;249.002680785548
-23.353882063;-46.058534028;629.8;65220;311.35185248713555;959.1518524871356;Line 70;0;249.002680785548
-23.353977296;-46.058808769;632.0;65190;311.2086363636364;959.0086363636364;Line 70;0;249.002680785548
-23.354072529;-46.059083509;634.2;65160;311.06542024013726;958.8654202401372;Line 70;0;249.002680785548
-23.354167761;-46.05935825;633.6;65130;310.9222041166381;958.7222041166381;Line 70;0;249.002680785548
-23.354262992;-46.059632991;630.7;65100;310.7789879931389;958.5789879931389;Line 70;0;249.002680785548
-23.354358224;-46.059907733;627.8;65070;310.6357718696398;958.4357718696398;Line 70;0;249.002680785548
-23.354453454;-46.060182475;624.7;65040;310.4925557461407;958.2925557461406;Line 70;0;249.002680785548
-23.354548684;-46.060457217;622.1;65010;310.34933962264154;958.1493396226415;Line 70;0;249.002680785548
-23.354643914;-46.06073196;620.2;64980;310.2061234991424;958.0061234991424;Line 70;0;249.002680785548
-23.354739143;-46.061006703;618.7;64950;310.06290737564325;957.8629073756432;Line 70;0;249.002680785548
-23.354834372;-46.061281447;617.8;64920;309.9196912521441;957.719691252144;Line 70;0;249.002680785548
-23.3549296;-46.06155619;617.5;64890;309.77647512864496;957.5764751286449;Line 70;0;249.002680785548
-23.355024827;-46.061830935;617.3;64860;309.6332590051458;957.4332590051458;Line 70;0;249.002680785548
-23.355120054;-46.062105679;616.4;64830;309.4900428816467;957.2900428816466;Line 70;0;249.002680785548
-23.355215281;-46.062380424;616.1;64800;309.34682675814753;957.1468267581474;Line 70;0;249.002680785548
-23.355310507;-46.06265517;615.9;64770;309.2036106346484;957.0036106346483;Line 70;0;249.002680785548
-23.355405733;-46.062929915;615.6;64740;309.0603945111493;956.8603945111493;Line 70;0;249.002680785548
-23.355500958;-46.063204662;615.3;64710;308.9171783876501;956.71717838765;Line 70;0;249.002680785548
-23.355596183;-46.063479408;614.3;64680;308.77396226415095;956.5739622641509;Line 70;0;249.002680785548
-23.355691407;-46.063754155;612.6;64650;308.6307461406518;956.4307461406518;Line 70;0;249.002680785548
-23.35578663;-46.064028902;610.9;64620;308.48753001715266;956.2875300171527;Line 70;0;249.002680785548
-23.355881853;-46.06430365;607.3;64590;308.3443138936536;956.1443138936536;Line 70;0;249.002680785548
-23.355977076;-46.064578398;602.1;64560;308.2010977701544;956.0010977701543;Line 70;0;249.002680785548
-23.356072298;-46.064853146;597.2;64530;308.0578816466553;955.8578816466552;Line 70;0;249.002680785548
-23.35616752;-46.065127895;593.8;64500;307.9146655231561;955.7146655231561;Line 70;0;249.002680785548
-23.356262741;-46.065402644;592.1;64470;307.77144939965694;955.5714493996569;Line 70;0;249.002680785548
-23.356357962;-46.065677394;590.5;64440;307.62823327615786;955.4282332761578;Line 70;0;249.002680785548
-23.356453182;-46.065952143;589.9;64410;307.48501715265866;955.2850171526586;Line 70;0;249.002680785548
-23.356548401;-46.066226894;590.6;64380;307.34180102915957;955.1418010291595;Line 70;0;249.002680785548
-23.356643621;-46.066501644;591.5;64350;307.19858490566037;954.9985849056603;Line 70;0;249.002680785548
-23.356738839;-46.066776395;593.2;64320;307.0553687821613;954.8553687821612;Line 70;0;249.002680785548
-23.356834057;-46.067051147;595.1;64290;306.91215265866214;954.712152658662;Line 70;0;249.002680785548
-23.356929275;-46.067325898;596.7;64260;306.76893653516294;954.568936535163;Line 70;0;249.002680785548
-23.357024492;-46.06760065;599.3;64230;306.62572041166385;954.4257204116639;Line 70;0;249.002680785548
-23.357119709;-46.067875403;604.0;64200;306.48250428816465;954.2825042881645;Line 70;0;249.002680785548
-23.357214925;-46.068150156;608.5;64170;306.33928816466556;954.1392881646655;Line 70;0;249.002680785548
-23.357310141;-46.068424909;612.5;64140;306.1960720411664;953.9960720411664;Line 70;0;249.002680785548
-23.357405356;-46.068699663;615.9;64110;306.0528559176673;953.8528559176673;Line 70;0;249.002680785548
-23.357500571;-46.068974417;619.7;64080;305.90963979416813;953.7096397941681;Line 70;0;249.002680785548
-23.357595785;-46.069249171;621.9;64050;305.7664236706689;953.5664236706689;Line 70;0;249.002680785548
-23.357690998;-46.069523926;622.9;64020;305.62320754716984;953.4232075471698;Line 70;0;249.002680785548
-23.357786212;-46.069798681;623.9;63990;305.4799914236707;953.2799914236707;Line 70;0;249.002680785548
-23.357881424;-46.070073436;624.5;63960;305.33677530017155;953.1367753001715;Line 70;0;249.002680785548
-23.357976636;-46.070348192;624.0;63930;305.1935591766724;952.9935591766723;Line 70;0;249.002680785548
-23.358071848;-46.070622948;623.8;63900;305.05034305317326;952.8503430531732;Line 70;0;249.002680785548
-23.358167059;-46.070897705;623.7;63870;304.9071269296741;952.7071269296741;Line 70;0;249.002680785548
-23.35826227;-46.071172462;623.4;63840;304.763910806175;952.5639108061749;Line 70;0;249.002680785548
-23.35835748;-46.071447219;623.3;63810;304.62069468267583;952.4206946826757;Line 70;0;249.002680785548
-23.35845269;-46.071721977;623.5;63780;304.4774785591767;952.2774785591766;Line 70;0;249.002680785548
-23.358547899;-46.071996735;624.6;63750;304.33426243567754;952.1342624356776;Line 70;0;249.002680785548
-23.358643108;-46.072271494;625.7;63720;304.1910463121784;951.9910463121784;Line 70;0;249.002680785548
-23.358738316;-46.072546252;626.6;63690;304.0478301886793;951.8478301886793;Line 70;0;249.002680785548
-23.358833524;-46.072821012;627.1;63660;303.9046140651801;951.7046140651801;Line 70;0;249.002680785548
-23.358928731;-46.073095771;627.3;63630;303.76139794168097;951.561397941681;Line 70;0;249.002680785548
-23.359023938;-46.073370531;627.2;63600;303.6181818181818;951.4181818181818;Line 70;0;249.002680785548
-23.359119144;-46.073645292;625.6;63570;303.4749656946827;951.2749656946826;Line 70;0;249.002680785548
-23.359214349;-46.073920052;624.6;63540;303.3317495711836;951.1317495711835;Line 70;0;249.002680785548
-23.359309555;-46.074194813;623.4;63510;303.1885334476844;950.9885334476844;Line 70;0;249.002680785548
-23.359404759;-46.074469575;621.3;63480;303.0453173241853;950.8453173241853;Line 70;0;249.002680785548
-23.359499964;-46.074744337;619.3;63450;302.9021012006861;950.702101200686;Line 70;0;249.002680785548
-23.359595167;-46.075019099;617.5;63420;302.75888507718696;950.5588850771869;Line 70;0;249.002680785548
-23.359690371;-46.075293861;617.5;63390;302.6156689536879;950.4156689536878;Line 70;0;249.002680785548
-23.359785573;-46.075568624;617.8;63360;302.4724528301887;950.2724528301886;Line 70;0;249.002680785548
-23.359880775;-46.075843388;618.5;63330;302.3292367066896;950.1292367066895;Line 70;0;249.002680785548
-23.359975977;-46.076118151;618.4;63300;302.1860205831904;949.9860205831903;Line 70;0;249.002680785548
-23.360071178;-46.076392916;618.0;63270;302.0428044596913;949.8428044596913;Line 70;0;249.002680785548
-23.360166379;-46.07666768;617.2;63240;301.89958833619215;949.6995883361922;Line 70;0;249.002680785548
-23.360261579;-46.076942445;618.0;63210;301.75637221269295;949.5563722126928;Line 70;0;249.002680785548
-23.360356779;-46.07721721;618.9;63180;301.61315608919386;949.4131560891938;Line 70;0;249.002680785548
-23.360451978;-46.077491976;619.8;63150;301.46993996569466;949.2699399656947;Line 70;0;249.002680785548
-23.360547177;-46.077766742;621.6;63120;301.3267238421956;949.1267238421956;Line 70;0;249.002680785548
-23.360642375;-46.078041508;623.3;63090;301.18350771869643;948.9835077186964;Line 70;0;249.002680785548
-23.360737573;-46.078316275;625.1;63060;301.0402915951973;948.8402915951972;Line 70;0;249.002680785548
-23.36083277;-46.078591042;624.1;63030;300.89707547169814;948.6970754716981;Line 70;0;249.002680785548
-23.360927967;-46.078865809;623.2;63000;300.75385934819894;948.5538593481989;Line 70;0;249.002680785548
-23.361023163;-46.079140577;622.2;62970;300.61064322469986;948.4106432246998;Line 70;0;249.002680785548
-23.361118359;-46.079415345;621.2;62940;300.4674271012007;948.2674271012006;Line 70;0;249.002680785548
-23.361213554;-46.079690114;620.1;62910;300.32421097770157;948.1242109777015;Line 70;0;249.002680785548
-23.361308749;-46.079964883;618.8;62880;300.1809948542024;947.9809948542024;Line 70;0;249.002680785548
-23.361403943;-46.080239652;618.2;62850;300.0377787307033;947.8377787307032;Line 70;0;249.002680785548
-23.361499137;-46.080514422;617.8;62820;299.89456260720414;947.694562607204;Line 70;0;249.002680785548
-23.36159433;-46.080789192;617.4;62790;299.751346483705;947.551346483705;Line 70;0;249.002680785548
-23.361689523;-46.081063962;615.7;62760;299.60813036020585;947.4081303602059;Line 70;0;249.002680785548
-23.361784715;-46.081338733;613.4;62730;299.4649142367067;947.2649142367067;Line 70;0;249.002680785548
-23.361879907;-46.081613504;611.1;62700;299.32169811320756;947.1216981132075;Line 70;0;249.002680785548
-23.361975098;-46.081888276;610.9;62670;299.1784819897084;946.9784819897084;Line 70;0;249.002680785548
-23.362070289;-46.082163048;611.0;62640;299.03526586620933;946.8352658662093;Line 70;0;249.002680785548
-23.362165479;-46.08243782;610.9;62610;298.8920497427101;946.6920497427101;Line 70;0;249.002680785548
-23.362260669;-46.082712593;612.4;62580;298.748833619211;946.5488336192109;Line 70;0;249.002680785548
-23.362355858;-46.082987366;614.6;62550;298.60561749571184;946.4056174957118;Line 70;0;249.002680785548
-23.362451047;-46.083262139;617.1;62520;298.4624013722127;946.2624013722127;Line 70;0;249.002680785548
-23.362546235;-46.083536913;616.3;62490;298.3191852487136;946.1191852487136;Line 70;0;249.002680785548
-23.362641423;-46.083811687;614.2;62460;298.1759691252144;945.9759691252143;Line 70;0;249.002680785548
-23.36273661;-46.084086462;612.6;62430;298.0327530017153;945.8327530017152;Line 70;0;249.002680785548
-23.362831797;-46.084361237;613.8;62400;297.8895368782161;945.6895368782161;Line 70;0;249.002680785548
-23.362926983;-46.084636012;615.5;62370;297.746320754717;945.5463207547169;Line 70;0;249.002680785548
-23.363022169;-46.084910788;617.0;62340;297.6031046312179;945.4031046312178;Line 70;0;249.002680785548
-23.363117354;-46.085185564;620.1;62310;297.4598885077187;945.2598885077186;Line 70;0;249.002680785548
-23.363212539;-46.08546034;624.8;62280;297.3166723842196;945.1166723842196;Line 70;0;249.002680785548
-23.363307723;-46.085735117;630.0;62250;297.1734562607204;944.9734562607204;Line 70;0;249.002680785548
-23.363402907;-46.086009894;632.1;62220;297.0302401372213;944.8302401372213;Line 70;0;249.002680785548
-23.363498091;-46.086284672;632.5;62190;296.88702401372217;944.6870240137221;Line 70;0;249.002680785548
-23.363593273;-46.08655945;632.9;62160;296.74380789022297;944.543807890223;Line 70;0;249.002680785548
-23.363688456;-46.086834228;633.9;62130;296.6005917667239;944.4005917667239;Line 70;0;249.002680785548
-23.363783637;-46.087109007;635.7;62100;296.4573756432247;944.2573756432246;Line 70;0;249.002680785548
-23.363878819;-46.087383786;638.0;62070;296.3141595197256;944.1141595197255;Line 70;0;249.002680785548
-23.363973999;-46.087658565;641.6;62040;296.17094339622645;943.9709433962264;Line 70;0;249.002680785548
-23.36406918;-46.087933345;646.0;62010;296.0277272727273;943.8277272727273;Line 70;0;249.002680785548
-23.36416436;-46.088208125;650.7;61980;295.88451114922816;943.6845111492281;Line 70;0;249.002680785548
-23.364259539;-46.088482906;656.5;61950;295.741295025729;943.5412950257289;Line 70;0;249.002680785548
-23.364354718;-46.088757687;663.5;61920;295.5980789022299;943.3980789022298;Line 70;0;249.002680785548
-23.364449896;-46.089032468;670.9;61890;295.4548627787307;943.2548627787307;Line 70;0;249.002680785548
-23.364545074;-46.08930725;678.0;61860;295.3116466552316;943.1116466552315;Line 70;0;249.002680785548
-23.364640251;-46.089582032;684.6;61830;295.16843053173244;942.9684305317323;Line 70;0;249.002680785548
-23.364735428;-46.089856814;691.1;61800;295.0252144082333;942.8252144082333;Line 70;0;249.002680785548
-23.364830604;-46.090131597;693.6;61770;294.88199828473415;942.6819982847342;Line 70;0;249.002680785548
-23.36492578;-46.09040638;691.7;61740;294.738782161235;942.538782161235;Line 70;0;249.002680785548
-23.365020955;-46.090681164;689.7;61710;294.59556603773586;942.3955660377358;Line 70;0;249.002680785548
-23.36511613;-46.090955948;686.0;61680;294.4523499142367;942.2523499142367;Line 70;0;249.002680785548
-23.365211304;-46.091230732;681.0;61650;294.3091337907376;942.1091337907376;Line 70;0;249.002680785548
-23.365306478;-46.091505517;676.2;61620;294.16591766723843;941.9659176672384;Line 70;0;249.002680785548
-23.365401652;-46.091780302;672.1;61590;294.02270154373934;941.8227015437393;Line 70;0;249.002680785548
-23.365496824;-46.092055087;668.8;61560;293.87948542024014;941.6794854202401;Line 70;0;249.002680785548
-23.365591997;-46.092329873;665.3;61530;293.736269296741;941.536269296741;Line 70;0;249.002680785548
-23.365687168;-46.092604659;662.7;61500;293.59305317324186;941.3930531732418;Line 70;0;249.002680785548
-23.36578234;-46.092879445;661.7;61470;293.4498370497427;941.2498370497426;Line 70;0;249.002680785548
-23.365877511;-46.093154232;660.9;61440;293.3066209262436;941.1066209262435;Line 70;0;249.002680785548
-23.365972681;-46.09342902;661.2;61410;293.1634048027444;940.9634048027444;Line 70;0;249.002680785548
-23.366067851;-46.093703807;661.9;61380;293.02018867924534;940.8201886792453;Line 70;0;249.002680785548
-23.36616302;-46.093978595;662.5;61350;292.87697255574614;940.676972555746;Line 70;0;249.002680785548
-23.366258189;-46.094253384;663.8;61320;292.733756432247;940.533756432247;Line 70;0;249.002680785548
-23.366353357;-46.094528173;666.2;61290;292.59054030874785;940.3905403087479;Line 70;0;249.002680785548
-23.366448525;-46.094802962;668.5;61260;292.4473241852487;940.2473241852487;Line 70;0;249.002680785548
-23.366543692;-46.095077751;670.7;61230;292.3041080617496;940.1041080617496;Line 70;0;249.002680785548
-23.366638859;-46.095352541;672.6;61200;292.1608919382504;939.9608919382504;Line 70;0;249.002680785548
-23.366734026;-46.095627331;674.9;61170;292.0176758147513;939.8176758147513;Line 70;0;249.002680785548
-23.366829191;-46.095902122;677.4;61140;291.8744596912521;939.6744596912521;Line 70;0;249.002680785548
-23.366924357;-46.096176913;680.5;61110;291.73124356775304;939.531243567753;Line 70;0;249.002680785548
-23.367019522;-46.096451704;683.6;61080;291.5880274442539;939.3880274442538;Line 70;0;249.002680785548
-23.367114686;-46.096726496;686.5;61050;291.4448113207547;939.2448113207547;Line 70;0;249.002680785548
-23.36720985;-46.097001288;688.4;61020;291.3015951972556;939.1015951972556;Line 70;0;249.002680785548
-23.367305013;-46.097276081;690.2;60990;291.1583790737564;938.9583790737563;Line 70;0;249.002680785548
-23.367400176;-46.097550874;690.6;60960;291.0151629502573;938.8151629502572;Line 70;0;249.002680785548
-23.367495338;-46.097825667;685.7;60930;290.8719468267582;938.6719468267581;Line 70;0;249.002680785548
-23.3675905;-46.098100461;679.9;60900;290.72873070325903;938.528730703259;Line 70;0;249.002680785548
-23.367685661;-46.098375255;673.8;60870;290.5855145797599;938.3855145797598;Line 70;0;249.002680785548
-23.367780822;-46.098650049;667.8;60840;290.4422984562607;938.2422984562606;Line 70;0;249.002680785548
-23.367875983;-46.098924844;662.1;60810;290.2990823327616;938.0990823327616;Line 70;0;249.002680785548
-23.367971143;-46.099199639;657.3;60780;290.15586620926246;937.9558662092625;Line 70;0;249.002680785548
-23.368066302;-46.099474434;655.6;60750;290.0126500857633;937.8126500857633;Line 70;0;249.002680785548
-23.368161461;-46.09974923;653.9;60720;289.86943396226417;937.6694339622641;Line 70;0;249.002680785548
-23.368256619;-46.100024027;652.0;60690;289.726217838765;937.526217838765;Line 70;0;249.002680785548
-23.368351777;-46.100298823;649.1;60660;289.5830017152659;937.3830017152659;Line 70;0;249.002680785548
-23.368446934;-46.10057362;646.8;60630;289.43978559176674;937.2397855917667;Line 70;0;249.002680785548
-23.368542091;-46.100848418;645.2;60600;289.2965694682676;937.0965694682675;Line 70;0;249.002680785548
-23.368637248;-46.101123215;645.8;60570;289.15335334476845;936.9533533447684;Line 70;0;249.002680785548
-23.368732403;-46.101398014;647.0;60540;289.0101372212693;936.8101372212693;Line 70;0;249.002680785548
-23.368827559;-46.101672812;648.7;60510;288.86692109777016;936.6669210977701;Line 70;0;249.002680785548
-23.368922714;-46.101947611;651.4;60480;288.723704974271;936.5237049742709;Line 70;0;249.002680785548
-23.369017868;-46.10222241;654.2;60450;288.58048885077187;936.3804888507718;Line 70;0;249.002680785548
-23.369113022;-46.10249721;657.1;60420;288.4372727272727;936.2372727272727;Line 70;0;249.002680785548
-23.369208175;-46.10277201;657.1;60390;288.2940566037736;936.0940566037735;Line 70;0;249.002680785548
-23.369303328;-46.10304681;655.9;60360;288.15084048027444;935.9508404802743;Line 70;0;249.002680785548
-23.36939848;-46.103321611;654.4;60330;288.00762435677535;935.8076243567752;Line 70;0;249.002680785548
-23.369493632;-46.103596412;652.3;60300;287.86440823327615;935.6644082332762;Line 70;0;249.002680785548
-23.369588784;-46.103871213;649.7;60270;287.72119210977706;935.5211921097771;Line 70;0;249.002680785548
-23.369683935;-46.104146015;646.7;60240;287.57797598627786;935.3779759862778;Line 70;0;249.002680785548
-23.369779085;-46.104420818;641.6;60210;287.4347598627787;935.2347598627787;Line 70;0;249.002680785548
-23.369874235;-46.10469562;636.9;60180;287.29154373927963;935.0915437392796;Line 70;0;249.002680785548
-23.369969384;-46.104970423;632.6;60150;287.14832761578043;934.9483276157804;Line 70;0;249.002680785548
-23.370064533;-46.105245227;632.3;60120;287.00511149228134;934.8051114922813;Line 70;0;249.002680785548
-23.370159681;-46.10552003;633.0;60090;286.86189536878214;934.6618953687821;Line 70;0;249.002680785548
-23.370254829;-46.105794834;634.1;60060;286.71867924528306;934.518679245283;Line 70;0;249.002680785548
-23.370349977;-46.106069639;636.2;60030;286.5754631217839;934.3754631217839;Line 70;0;249.002680785548
-23.370445124;-46.106344444;638.6;60000;286.4322469982847;934.2322469982846;Line 70;0;249.002680785548
-23.37054027;-46.106619249;641.2;59970;286.2890308747856;934.0890308747855;Line 70;0;249.002680785548
-23.370635416;-46.106894055;641.7;59940;286.1458147512864;933.9458147512864;Line 70;0;249.002680785548
-23.370730561;-46.10716886;641.6;59910;286.00259862778734;933.8025986277873;Line 70;0;249.002680785548
-23.370825706;-46.107443667;641.2;59880;285.8593825042882;933.6593825042881;Line 70;0;249.002680785548
-23.370920851;-46.107718474;643.8;59850;285.71616638078905;933.516166380789;Line 70;0;249.002680785548
-23.371015994;-46.107993281;646.9;59820;285.5729502572899;933.3729502572899;Line 70;0;249.002680785548
-23.371111138;-46.108268088;649.7;59790;285.4297341337907;933.2297341337907;Line 70;0;249.002680785548
-23.371206281;-46.108542896;652.5;59760;285.2865180102916;933.0865180102916;Line 70;0;249.002680785548
-23.371301423;-46.108817704;655.3;59730;285.14330188679247;932.9433018867924;Line 70;0;249.002680785548
-23.371396565;-46.109092513;657.8;59700;285.0000857632933;932.8000857632933;Line 70;0;249.002680785548
-23.371491706;-46.109367322;656.1;59670;284.8568696397942;932.6568696397942;Line 70;0;249.002680785548
-23.371586847;-46.109642131;652.9;59640;284.71365351629504;932.513653516295;Line 70;0;249.002680785548
-23.371681988;-46.109916941;649.9;59610;284.5704373927959;932.3704373927958;Line 70;0;249.002680785548
-23.371777128;-46.110191751;649.9;59580;284.42722126929675;932.2272212692967;Line 70;0;249.002680785548
-23.371872267;-46.110466561;650.3;59550;284.2840051457976;932.0840051457976;Line 70;0;249.002680785548
-23.371967406;-46.110741372;650.2;59520;284.14078902229846;931.9407890222984;Line 70;0;249.002680785548
-23.372062544;-46.111016183;649.8;59490;283.9975728987993;931.7975728987992;Line 70;0;249.002680785548
-23.372157682;-46.111290995;649.1;59460;283.8543567753002;931.6543567753001;Line 70;0;249.002680785548
-23.37225282;-46.111565807;647.7;59430;283.7111406518011;931.511140651801;Line 70;0;249.002680785548
-23.372347956;-46.111840619;644.1;59400;283.5679245283019;931.3679245283018;Line 70;0;249.002680785548
-23.372443093;-46.112115432;639.6;59370;283.42470840480274;931.2247084048026;Line 70;0;249.002680785548
-23.372538229;-46.112390245;635.2;59340;283.2814922813036;931.0814922813036;Line 70;0;249.002680785548
-23.372633364;-46.112665058;631.1;59310;283.13827615780446;930.9382761578045;Line 70;0;249.002680785548
-23.372728499;-46.112939872;627.8;59280;282.99506003430537;930.7950600343054;Line 70;0;249.002680785548
-23.372823633;-46.113214686;625.0;59250;282.85184391080617;930.6518439108061;Line 70;0;249.002680785548
-23.372918767;-46.113489501;624.5;59220;282.7086277873071;930.508627787307;Line 70;0;249.002680785548
-23.373013901;-46.113764316;625.5;59190;282.5654116638079;930.3654116638079;Line 70;0;249.002680785548
-23.373109034;-46.114039131;626.7;59160;282.42219554030873;930.2221955403087;Line 70;0;249.002680785548
-23.373204166;-46.114313947;629.3;59130;282.27897941680965;930.0789794168096;Line 70;0;249.002680785548
-23.373299298;-46.114588763;632.9;59100;282.13576329331045;929.9357632933104;Line 70;0;249.002680785548
-23.373394429;-46.114863579;636.6;59070;281.99254716981136;929.7925471698113;Line 70;0;249.002680785548
-23.37348956;-46.115138396;640.5;59040;281.84933104631216;929.6493310463121;Line 70;0;249.002680785548
-23.373584691;-46.115413213;644.7;59010;281.7061149228131;929.506114922813;Line 70;0;249.002680785548
-23.373679821;-46.115688031;649.0;58980;281.5628987993139;929.3628987993138;Line 70;0;249.002680785548
-23.37377495;-46.115962849;651.0;58950;281.4196826758147;929.2196826758147;Line 70;0;249.002680785548
-23.373870079;-46.116237667;650.1;58920;281.27646655231564;929.0764665523157;Line 70;0;249.002680785548
-23.373965207;-46.116512486;649.3;58890;281.13325042881644;928.9332504288163;Line 70;0;249.002680785548
-23.374060335;-46.116787305;649.6;58860;280.99003430531735;928.7900343053172;Line 70;0;249.002680785548
-23.374155463;-46.117062124;650.9;58830;280.8468181818182;928.6468181818182;Line 70;0;249.002680785548
-23.37425059;-46.117336944;652.5;58800;280.70360205831906;928.5036020583191;Line 70;0;249.002680785548
-23.374345716;-46.117611764;656.9;58770;280.5603859348199;928.3603859348199;Line 70;0;249.002680785548
-23.374440842;-46.117886585;664.6;58740;280.4171698113207;928.2171698113207;Line 70;0;249.002680785548
-23.374535967;-46.118161406;671.8;58710;280.27395368782163;928.0739536878216;Line 70;0;249.002680785548
-23.374631092;-46.118436227;676.1;58680;280.1307375643225;927.9307375643225;Line 70;0;249.002680785548
-23.374726217;-46.118711049;675.8;58650;279.98752144082334;927.7875214408233;Line 70;0;249.002680785548
-23.374821341;-46.118985871;675.0;58620;279.8443053173242;927.6443053173241;Line 70;0;249.002680785548
-23.374916464;-46.119260693;672.2;58590;279.70108919382506;927.501089193825;Line 70;0;249.002680785548
-23.375011587;-46.119535516;666.4;58560;279.5578730703259;927.3578730703259;Line 70;0;249.002680785548
-23.37510671;-46.119810339;659.7;58530;279.41465694682677;927.2146569468267;Line 70;0;249.002680785548
-23.375201831;-46.120085163;653.2;58500;279.2714408233276;927.0714408233275;Line 70;0;249.002680785548
-23.375296953;-46.120359987;647.7;58470;279.1282246998285;926.9282246998284;Line 70;0;249.002680785548
-23.375392074;-46.120634811;642.7;58440;278.98500857632934;926.7850085763293;Line 70;0;249.002680785548
-23.375487194;-46.120909636;638.7;58410;278.8417924528302;926.6417924528301;Line 70;0;249.002680785548
-23.375582314;-46.121184461;637.1;58380;278.6985763293311;926.4985763293311;Line 70;0;249.002680785548
-23.375677434;-46.121459286;636.1;58350;278.5553602058319;926.3553602058319;Line 70;0;249.002680785548
-23.375772553;-46.121734112;635.7;58320;278.41214408233276;926.2121440823328;Line 70;0;249.002680785548
-23.375867671;-46.122008938;635.6;58290;278.2689279588336;926.0689279588336;Line 70;0;249.002680785548
-23.375962789;-46.122283765;635.4;58260;278.12571183533447;925.9257118353344;Line 70;0;249.002680785548
-23.376057906;-46.122558591;635.9;58230;277.9824957118354;925.7824957118353;Line 70;0;249.002680785548
-23.376153023;-46.122833419;638.2;58200;277.8392795883362;925.6392795883362;Line 70;0;249.002680785548
-23.37624814;-46.123108246;641.1;58170;277.6960634648371;925.4960634648371;Line 70;0;249.002680785548
-23.376343256;-46.123383074;644.7;58140;277.5528473413379;925.3528473413378;Line 70;0;249.002680785548
-23.376438371;-46.123657903;648.8;58110;277.40963121783875;925.2096312178387;Line 70;0;249.002680785548
-23.376533486;-46.123932732;652.6;58080;277.26641509433966;925.0664150943396;Line 70;0;249.002680785548
-23.3766286;-46.124207561;656.1;58050;277.12319897084046;924.9231989708404;Line 70;0;249.002680785548
-23.376723714;-46.12448239;658.5;58020;276.9799828473414;924.7799828473413;Line 70;0;249.002680785548
-23.376818828;-46.12475722;660.0;57990;276.8367667238422;924.6367667238421;Line 70;0;249.002680785548
-23.376913941;-46.12503205;660.9;57960;276.6935506003431;924.493550600343;Line 70;0;249.002680785548
-23.377009053;-46.125306881;661.5;57930;276.55033447684394;924.350334476844;Line 70;0;249.002680785548
-23.377104165;-46.125581712;662.1;57900;276.40711835334474;924.2071183533446;Line 70;0;249.002680785548
-23.377199277;-46.125856543;663.0;57870;276.26390222984566;924.0639022298456;Line 70;0;249.002680785548
-23.377294388;-46.126131375;666.6;57840;276.12068610634645;923.9206861063465;Line 70;0;249.002680785548
-23.377389498;-46.126406207;671.0;57810;275.97746998284737;923.7774699828474;Line 70;0;249.002680785548
-23.377484608;-46.12668104;676.1;57780;275.8342538593482;923.6342538593482;Line 70;0;249.002680785548
-23.377579717;-46.126955873;679.4;57750;275.6910377358491;923.491037735849;Line 70;0;249.002680785548
-23.377674826;-46.127230706;682.9;57720;275.54782161234994;923.3478216123499;Line 70;0;249.002680785548
-23.377769935;-46.127505539;686.2;57690;275.40460548885073;923.2046054888507;Line 70;0;249.002680785548
-23.377865043;-46.127780373;684.6;57660;275.26138936535165;923.0613893653516;Line 70;0;249.002680785548
-23.37796015;-46.128055208;682.2;57630;275.1181732418525;922.9181732418524;Line 70;0;249.002680785548
-23.378055257;-46.128330043;679.0;57600;274.97495711835336;922.7749571183533;Line 70;0;249.002680785548
-23.378150364;-46.128604878;674.7;57570;274.8317409948542;922.6317409948542;Line 70;0;249.002680785548
-23.37824547;-46.128879713;670.4;57540;274.68852487135507;922.488524871355;Line 70;0;249.002680785548
-23.378340575;-46.129154549;666.2;57510;274.5453087478559;922.3453087478558;Line 70;0;249.002680785548
-23.37843568;-46.129429385;662.7;57480;274.4020926243568;922.2020926243567;Line 70;0;249.002680785548
-23.378530784;-46.129704222;659.7;57450;274.25887650085764;922.0588765008577;Line 70;0;249.002680785548
-23.378625888;-46.129979059;657.0;57420;274.1156603773585;921.9156603773584;Line 70;0;249.002680785548
-23.378720992;-46.130253896;656.8;57390;273.97244425385935;921.7724442538592;Line 70;0;249.002680785548
-23.378816095;-46.130528734;657.1;57360;273.8292281303602;921.6292281303602;Line 70;0;249.002680785548
-23.378911197;-46.130803572;657.6;57330;273.6860120068611;921.4860120068611;Line 70;0;249.002680785548
-23.379006299;-46.131078411;659.6;57300;273.5427958833619;921.3427958833619;Line 70;0;249.002680785548
-23.379101401;-46.131353249;661.4;57270;273.3995797598628;921.1995797598627;Line 70;0;249.002680785548
-23.379196502;-46.131628089;663.2;57240;273.25636363636363;921.0563636363636;Line 70;0;249.002680785548
-23.379291602;-46.131902928;664.6;57210;273.1131475128645;920.9131475128645;Line 70;0;249.002680785548
-23.379386702;-46.132177768;665.6;57180;272.9699313893654;920.7699313893654;Line 70;0;249.002680785548
-23.379481802;-46.132452608;666.3;57150;272.8267152658662;920.6267152658661;Line 70;0;249.002680785548
-23.3795769;-46.132727449;669.0;57120;272.6834991423671;920.483499142367;Line 70;0;249.002680785548
-23.379671999;-46.13300229;671.8;57090;272.5402830188679;920.3402830188679;Line 70;0;249.002680785548
-23.379767097;-46.133277132;674.3;57060;272.39706689536877;920.1970668953687;Line 70;0;249.002680785548
-23.379862194;-46.133551974;675.8;57030;272.2538507718697;920.0538507718696;Line 70;0;249.002680785548
-23.379957291;-46.133826816;676.4;57000;272.1106346483705;919.9106346483704;Line 70;0;249.002680785548
-23.380052388;-46.134101658;676.8;56970;271.9674185248714;919.7674185248713;Line 70;0;249.002680785548
-23.380147484;-46.134376501;675.1;56940;271.8242024013722;919.6242024013721;Line 70;0;249.002680785548
-23.380242579;-46.134651345;673.1;56910;271.6809862778731;919.4809862778731;Line 70;0;249.002680785548
-23.380337674;-46.134926188;671.5;56880;271.53777015437396;919.3377701543739;Line 70;0;249.002680785548
-23.380432769;-46.135201032;670.4;56850;271.39455403087476;919.1945540308748;Line 70;0;249.002680785548
-23.380527863;-46.135475877;669.3;56820;271.25133790737567;919.0513379073757;Line 70;0;249.002680785548
-23.380622956;-46.135750722;668.2;56790;271.10812178387647;918.9081217838764;Line 70;0;249.002680785548
-23.380718049;-46.136025567;666.9;56760;270.9649056603774;918.7649056603773;Line 70;0;249.002680785548
-23.380813141;-46.136300412;665.0;56730;270.82168953687824;918.6216895368782;Line 70;0;249.002680785548
-23.380908233;-46.136575258;662.8;56700;270.6784734133791;918.4784734133791;Line 70;0;249.002680785548
-23.381003325;-46.136850105;660.0;56670;270.53525728987995;918.3352572898799;Line 70;0;249.002680785548
-23.381098416;-46.137124951;656.9;56640;270.3920411663808;918.1920411663807;Line 70;0;249.002680785548
-23.381193506;-46.137399798;653.7;56610;270.24882504288166;918.0488250428816;Line 70;0;249.002680785548
-23.381288596;-46.137674646;650.7;56580;270.1056089193825;917.9056089193825;Line 70;0;249.002680785548
-23.381383686;-46.137949494;648.0;56550;269.9623927958834;917.7623927958833;Line 70;0;249.002680785548
-23.381478775;-46.138224342;645.6;56520;269.81917667238423;917.6191766723841;Line 70;0;249.002680785548
-23.381573863;-46.13849919;646.1;56490;269.6759605488851;917.475960548885;Line 70;0;249.002680785548
-23.381668951;-46.138774039;648.7;56460;269.53274442538594;917.332744425386;Line 70;0;249.002680785548
-23.381764039;-46.139048889;651.4;56430;269.3895283018868;917.1895283018868;Line 70;0;249.002680785548
-23.381859126;-46.139323738;655.1;56400;269.24631217838765;917.0463121783876;Line 70;0;249.002680785548
-23.381954212;-46.139598588;659.8;56370;269.1030960548885;916.9030960548885;Line 70;0;249.002680785548
-23.382049298;-46.139873439;664.7;56340;268.95987993138937;916.7598799313894;Line 70;0;249.002680785548
-23.382144384;-46.14014829;670.9;56310;268.8166638078902;916.6166638078902;Line 70;0;249.002680785548
-23.382239468;-46.140423141;677.7;56280;268.67344768439114;916.4734476843911;Line 70;0;249.002680785548
-23.382334553;-46.140697992;684.4;56250;268.53023156089193;916.3302315608919;Line 70;0;249.002680785548
-23.382429637;-46.140972844;690.1;56220;268.3870154373928;916.1870154373928;Line 70;0;249.002680785548
-23.38252472;-46.141247697;694.9;56190;268.24379931389365;916.0437993138936;Line 70;0;249.002680785548
-23.382619803;-46.141522549;699.2;56160;268.1005831903945;915.9005831903944;Line 70;0;249.002680785548
-23.382714886;-46.141797402;700.7;56130;267.9573670668954;915.7573670668953;Line 70;0;249.002680785548
-23.382809968;-46.142072256;699.4;56100;267.8141509433962;915.6141509433962;Line 70;0;249.002680785548
-23.382905049;-46.142347109;697.7;56070;267.6709348198971;915.4709348198971;Line 70;0;249.002680785548
-23.38300013;-46.142621964;694.1;56040;267.5277186963979;915.3277186963978;Line 70;0;249.002680785548
-23.383095211;-46.142896818;688.9;56010;267.3845025728988;915.1845025728987;Line 70;0;249.002680785548
-23.383190291;-46.143171673;684.2;55980;267.2412864493997;915.0412864493996;Line 70;0;249.002680785548
-23.38328537;-46.143446528;679.4;55950;267.0980703259005;914.8980703259004;Line 70;0;249.002680785548
-23.383380449;-46.143721384;673.8;55920;266.9548542024014;914.7548542024014;Line 70;0;249.002680785548
-23.383475528;-46.14399624;668.1;55890;266.8116380789022;914.6116380789022;Line 70;0;249.002680785548
-23.383570606;-46.144271096;663.0;55860;266.6684219554031;914.4684219554031;Line 70;0;249.002680785548
-23.383665683;-46.144545953;658.4;55830;266.525205831904;914.325205831904;Line 70;0;249.002680785548
-23.38376076;-46.14482081;654.2;55800;266.38198970840483;914.1819897084048;Line 70;0;249.002680785548
-23.383855837;-46.145095668;651.1;55770;266.2387735849057;914.0387735849056;Line 70;0;249.002680785548
-23.383950913;-46.145370526;649.3;55740;266.0955574614065;913.8955574614065;Line 70;0;249.002680785548
-23.384045988;-46.145645384;647.2;55710;265.9523413379074;913.7523413379074;Line 70;0;249.002680785548
-23.384141063;-46.145920242;644.9;55680;265.80912521440825;913.6091252144082;Line 70;0;249.002680785548
-23.384236137;-46.146195101;644.3;55650;265.6659090909091;913.465909090909;Line 70;0;249.002680785548
-23.384331211;-46.146469961;644.3;55620;265.52269296740997;913.3226929674099;Line 70;0;249.002680785548
-23.384426285;-46.146744821;645.1;55590;265.3794768439108;913.1794768439108;Line 70;0;249.002680785548
-23.384521358;-46.147019681;647.3;55560;265.2362607204117;913.0362607204116;Line 70;0;249.002680785548
-23.38461643;-46.147294541;649.5;55530;265.09304459691253;912.8930445969124;Line 70;0;249.002680785548
-23.384711502;-46.147569402;651.9;55500;264.9498284734134;912.7498284734133;Line 70;0;249.002680785548
-23.384806574;-46.147844263;655.7;55470;264.80661234991425;912.6066123499143;Line 70;0;249.002680785548
-23.384901645;-46.148119125;659.6;55440;264.6633962264151;912.4633962264151;Line 70;0;249.002680785548
-23.384996715;-46.148393987;663.9;55410;264.52018010291596;912.3201801029159;Line 70;0;249.002680785548
-23.385091785;-46.148668849;668.6;55380;264.3769639794168;912.1769639794168;Line 70;0;249.002680785548
-23.385186855;-46.148943712;673.7;55350;264.23374785591767;912.0337478559177;Line 70;0;249.002680785548
-23.385281924;-46.149218575;678.7;55320;264.0905317324185;911.8905317324185;Line 70;0;249.002680785548
-23.385376992;-46.149493439;681.3;55290;263.9473156089194;911.7473156089193;Line 70;0;249.002680785548
-23.38547206;-46.149768302;684.0;55260;263.80409948542024;911.6040994854202;Line 70;0;249.002680785548
-23.385567128;-46.150043167;686.0;55230;263.66088336192115;911.4608833619211;Line 70;0;249.002680785548
-23.385662195;-46.150318031;683.8;55200;263.51766723842195;911.3176672384219;Line 70;0;249.002680785548
-23.385757261;-46.150592896;681.8;55170;263.3744511149228;911.1744511149227;Line 70;0;249.002680785548
-23.385852327;-46.150867762;679.6;55140;263.23123499142366;911.0312349914236;Line 70;0;249.002680785548
-23.385947393;-46.151142627;677.2;55110;263.0880188679245;910.8880188679245;Line 70;0;249.002680785548
-23.386042457;-46.151417493;674.8;55080;262.94480274442543;910.7448027444254;Line 70;0;249.002680785548
-23.386137522;-46.15169236;672.2;55050;262.80158662092623;910.6015866209261;Line 70;0;249.002680785548
-23.386232586;-46.151967227;669.4;55020;262.65837049742714;910.458370497427;Line 70;0;249.002680785548
-23.386327649;-46.152242094;666.6;54990;262.51515437392794;910.315154373928;Line 70;0;249.002680785548
-23.386422712;-46.152516962;663.7;54960;262.37193825042885;910.1719382504289;Line 70;0;249.002680785548
-23.386517775;-46.152791829;658.4;54930;262.2287221269297;910.0287221269297;Line 70;0;249.002680785548
-23.386612837;-46.153066698;653.4;54900;262.0855060034305;909.8855060034305;Line 70;0;249.002680785548
-23.386707898;-46.153341567;649.2;54870;261.9422898799314;909.7422898799314;Line 70;0;249.002680785548
-23.386802959;-46.153616436;649.9;54840;261.7990737564322;909.5990737564322;Line 70;0;249.002680785548
-23.38689802;-46.153891305;651.3;54810;261.65585763293313;909.4558576329331;Line 70;0;249.002680785548
-23.38699308;-46.154166175;653.3;54780;261.512641509434;909.3126415094339;Line 70;0;249.002680785548
-23.387088139;-46.154441045;654.5;54750;261.36942538593485;909.1694253859348;Line 70;0;249.002680785548
-23.387183198;-46.154715916;655.0;54720;261.2262092624357;909.0262092624357;Line 70;0;249.002680785548
-23.387278257;-46.154990787;654.8;54690;261.0829931389365;908.8829931389364;Line 70;0;249.002680785548
-23.387373315;-46.155265658;651.7;54660;260.9397770154374;908.7397770154373;Line 70;0;249.002680785548
-23.387468372;-46.15554053;648.0;54630;260.79656089193827;908.5965608919382;Line 70;0;249.002680785548
-23.387563429;-46.155815402;644.2;54600;260.6533447684391;908.4533447684391;Line 70;0;249.002680785548
-23.387658486;-46.156090274;643.5;54570;260.51012864494;908.3101286449399;Line 70;0;249.002680785548
-23.387753542;-46.156365147;642.2;54540;260.36691252144084;908.1669125214407;Line 70;0;249.002680785548
-23.387848597;-46.15664002;640.1;54510;260.2236963979417;908.0236963979416;Line 70;0;249.002680785548
-23.387943652;-46.156914894;639.6;54480;260.08048027444255;907.8804802744426;Line 70;0;249.002680785548
-23.388038707;-46.157189768;639.2;54450;259.9372641509434;907.7372641509434;Line 70;0;249.002680785548
-23.38813376;-46.157464642;638.5;54420;259.79404802744426;907.5940480274442;Line 70;0;249.002680785548
-23.388228814;-46.157739517;637.3;54390;259.6508319039451;907.4508319039451;Line 70;0;249.002680785548
-23.388323867;-46.158014392;636.9;54360;259.507615780446;907.307615780446;Line 70;0;249.002680785548
-23.388418919;-46.158289267;636.1;54330;259.3643996569469;907.1643996569469;Line 70;0;249.002680785548
-23.388513971;-46.158564143;634.2;54300;259.2211835334477;907.0211835334476;Line 70;0;249.002680785548
-23.388609023;-46.158839019;632.0;54270;259.07796740994854;906.8779674099485;Line 70;0;249.002680785548
-23.388704074;-46.159113895;629.6;54240;258.9347512864494;906.7347512864494;Line 70;0;249.002680785548
-23.388799124;-46.159388772;627.2;54210;258.79153516295025;906.5915351629502;Line 70;0;249.002680785548
-23.388894174;-46.15966365;625.4;54180;258.64831903945117;906.4483190394511;Line 70;0;249.002680785548
-23.388989224;-46.159938527;624.2;54150;258.50510291595197;906.3051029159519;Line 70;0;249.002680785548
-23.389084273;-46.160213405;625.6;54120;258.3618867924529;906.1618867924528;Line 70;0;249.002680785548
-23.389179321;-46.160488284;628.3;54090;258.2186706689537;906.0186706689536;Line 70;0;249.002680785548
-23.389274369;-46.160763163;631.0;54060;258.07545454545453;905.8754545454544;Line 70;0;249.002680785548
-23.389369417;-46.161038042;633.0;54030;257.93223842195545;905.7322384219553;Line 70;0;249.002680785548
-23.389464464;-46.161312921;635.0;54000;257.78902229845625;905.5890222984563;Line 70;0;249.002680785548
-23.38955951;-46.161587801;636.9;53970;257.64580617495716;905.4458061749572;Line 70;0;249.002680785548
-23.389654556;-46.161862681;637.8;53940;257.50259005145796;905.3025900514579;Line 70;0;249.002680785548
-23.389749602;-46.162137562;638.6;53910;257.35937392795887;905.1593739279588;Line 70;0;249.002680785548
-23.389844647;-46.162412443;639.9;53880;257.2161578044597;905.0161578044597;Line 70;0;249.002680785548
-23.389939691;-46.162687324;641.7;53850;257.0729416809605;904.8729416809605;Line 70;0;249.002680785548
-23.390034735;-46.162962206;643.5;53820;256.92972555746144;904.7297255574614;Line 70;0;249.002680785548
-23.390129778;-46.163237088;645.0;53790;256.78650943396224;904.5865094339622;Line 70;0;249.002680785548
-23.390224821;-46.163511971;646.0;53760;256.64329331046315;904.4432933104631;Line 70;0;249.002680785548
-23.390319864;-46.163786854;646.8;53730;256.500077186964;904.300077186964;Line 70;0;249.002680785548
-23.390414906;-46.164061737;647.9;53700;256.35686106346486;904.1568610634648;Line 70;0;249.002680785548
-23.390509947;-46.164336621;648.8;53670;256.2136449399657;904.0136449399656;Line 70;0;249.002680785548
-23.390604988;-46.164611504;649.7;53640;256.0704288164665;903.8704288164665;Line 70;0;249.002680785548
-23.390700029;-46.164886389;650.7;53610;255.92721269296743;903.7272126929674;Line 70;0;249.002680785548
-23.390795069;-46.165161274;651.3;53580;255.7839965694683;903.5839965694682;Line 70;0;249.002680785548
-23.390890108;-46.165436159;650.5;53550;255.6407804459691;903.440780445969;Line 70;0;249.002680785548
-23.390985147;-46.165711044;649.4;53520;255.49756432247;903.29756432247;Line 70;0;249.002680785548
-23.391080186;-46.16598593;649.2;53490;255.35434819897083;903.1543481989708;Line 70;0;249.002680785548
-23.391175224;-46.166260816;649.8;53460;255.2111320754717;903.0111320754717;Line 70;0;249.002680785548
-23.391270261;-46.166535703;650.8;53430;255.0679159519726;902.8679159519726;Line 70;0;249.002680785548
-23.391365298;-46.16681059;652.7;53400;254.92469982847342;902.7246998284734;Line 70;0;249.002680785548
-23.391460335;-46.167085477;655.6;53370;254.7814837049743;902.5814837049743;Line 70;0;249.002680785548
-23.391555371;-46.167360365;659.1;53340;254.6382675814751;902.4382675814751;Line 70;0;249.002680785548
-23.391650406;-46.167635253;661.5;53310;254.495051457976;902.2950514579759;Line 70;0;249.002680785548
-23.391745441;-46.167910142;661.1;53280;254.35183533447687;902.1518353344768;Line 70;0;249.002680785548
-23.391840475;-46.16818503;660.6;53250;254.2086192109777;902.0086192109777;Line 70;0;249.002680785548
-23.391935509;-46.16845992;660.3;53220;254.0654030874786;901.8654030874785;Line 70;0;249.002680785548
-23.392030543;-46.168734809;660.6;53190;253.9221869639794;901.7221869639793;Line 70;0;249.002680785548
-23.392125576;-46.169009699;661.8;53160;253.7789708404803;901.5789708404802;Line 70;0;249.002680785548
-23.392220608;-46.169284589;663.9;53130;253.63575471698115;901.4357547169811;Line 70;0;249.002680785548
-23.39231564;-46.16955948;666.7;53100;253.49253859348198;901.2925385934819;Line 70;0;249.002680785548
-23.392410672;-46.169834371;669.9;53070;253.34932246998287;901.1493224699828;Line 70;0;249.002680785548
-23.392505703;-46.170109263;672.3;53040;253.2061063464837;901.0061063464836;Line 70;0;249.002680785548
-23.392600733;-46.170384154;673.5;53010;253.06289022298458;900.8628902229846;Line 70;0;249.002680785548
-23.392695763;-46.170659047;675.2;52980;252.91967409948546;900.7196740994855;Line 70;0;249.002680785548
-23.392790793;-46.170933939;676.4;52950;252.7764579759863;900.5764579759863;Line 70;0;249.002680785548
-23.392885822;-46.171208832;676.0;52920;252.63324185248715;900.4332418524871;Line 70;0;249.002680785548
-23.39298085;-46.171483726;675.3;52890;252.49002572898797;900.290025728988;Line 70;0;249.002680785548
-23.393075878;-46.171758619;674.0;52860;252.34680960548886;900.1468096054888;Line 70;0;249.002680785548
-23.393170905;-46.172033513;672.2;52830;252.20359348198974;900.0035934819897;Line 70;0;249.002680785548
-23.393265932;-46.172308408;670.3;52800;252.06037735849057;899.8603773584905;Line 70;0;249.002680785548
-23.393360959;-46.172583302;668.6;52770;251.91716123499145;899.7171612349914;Line 70;0;249.002680785548
-23.393455985;-46.172858198;667.3;52740;251.77394511149228;899.5739451114922;Line 70;0;249.002680785548
-23.39355101;-46.173133093;665.7;52710;251.63072898799314;899.4307289879931;Line 70;0;249.002680785548
-23.393646035;-46.173407989;663.8;52680;251.48751286449402;899.2875128644939;Line 70;0;249.002680785548
-23.39374106;-46.173682885;661.2;52650;251.34429674099485;899.1442967409948;Line 70;0;249.002680785548
-23.393836084;-46.173957782;658.2;52620;251.20108061749573;899.0010806174957;Line 70;0;249.002680785548
-23.393931107;-46.174232679;655.7;52590;251.05786449399656;898.8578644939965;Line 70;0;249.002680785548
-23.39402613;-46.174507577;656.0;52560;250.91464837049745;898.7146483704973;Line 70;0;249.002680785548
-23.394121153;-46.174782474;656.5;52530;250.77143224699833;898.5714322469983;Line 70;0;249.002680785548
-23.394216175;-46.175057373;657.3;52500;250.62821612349913;898.428216123499;Line 70;0;249.002680785548
-23.394311196;-46.175332271;657.6;52470;250.485;898.285;Line 70;0;249.002680785548
-23.394406217;-46.17560717;658.2;52440;250.34178387650084;898.1417838765008;Line 70;0;249.002680785548
-23.394501237;-46.175882069;658.8;52410;250.19856775300173;897.9985677530017;Line 70;0;249.002680785548
-23.394596257;-46.176156969;659.0;52380;250.0553516295026;897.8553516295026;Line 70;0;249.002680785548
-23.394691277;-46.176431869;659.3;52350;249.91213550600344;897.7121355060034;Line 70;0;249.002680785548
-23.394786296;-46.176706769;659.6;52320;249.76891938250432;897.5689193825043;Line 70;0;249.002680785548
-23.394881314;-46.17698167;658.4;52290;249.62570325900512;897.4257032590051;Line 70;0;249.002680785548
-23.394976332;-46.177256571;657.1;52260;249.482487135506;897.282487135506;Line 70;0;249.002680785548
-23.39507135;-46.177531473;655.6;52230;249.3392710120069;897.1392710120068;Line 70;0;249.002680785548
-23.395166367;-46.177806375;654.8;52200;249.19605488850772;896.9960548885076;Line 70;0;249.002680785548
-23.395261383;-46.178081277;653.9;52170;249.0528387650086;896.8528387650085;Line 70;0;249.002680785548
-23.395356399;-46.178356179;652.9;52140;248.90962264150943;896.7096226415094;Line 70;0;249.002680785548
-23.395451414;-46.178631082;651.9;52110;248.7664065180103;896.5664065180102;Line 70;0;249.002680785548
-23.395546429;-46.178905986;650.7;52080;248.62319039451117;896.4231903945112;Line 70;0;249.002680785548
-23.395641444;-46.17918089;649.2;52050;248.479974271012;896.279974271012;Line 70;0;249.002680785548
-23.395736458;-46.179455794;647.0;52020;248.33675814751288;896.1367581475129;Line 70;0;249.002680785548
-23.395831471;-46.179730698;644.6;51990;248.1935420240137;895.9935420240137;Line 70;0;249.002680785548
-23.395926484;-46.180005603;641.9;51960;248.0503259005146;895.8503259005146;Line 70;0;249.002680785548
-23.396021497;-46.180280508;641.3;51930;247.90710977701548;895.7071097770154;Line 70;0;249.002680785548
-23.396116509;-46.180555414;641.5;51900;247.7638936535163;895.5638936535163;Line 70;0;249.002680785548
-23.39621152;-46.18083032;642.5;51870;247.62067753001716;895.4206775300171;Line 70;0;249.002680785548
-23.396306531;-46.181105226;645.0;51840;247.477461406518;895.2774614065179;Line 70;0;249.002680785548
-23.396401541;-46.181380133;648.0;51810;247.33424528301887;895.1342452830188;Line 70;0;249.002680785548
-23.396496551;-46.18165504;651.5;51780;247.19102915951976;894.9910291595197;Line 70;0;249.002680785548
-23.396591561;-46.181929948;652.4;51750;247.04781303602059;894.8478130360205;Line 70;0;249.002680785548
-23.39668657;-46.182204855;652.6;51720;246.90459691252147;894.7045969125214;Line 70;0;249.002680785548
-23.396781578;-46.182479764;652.1;51690;246.7613807890223;894.5613807890222;Line 70;0;249.002680785548
-23.396876586;-46.182754672;647.0;51660;246.61816466552315;894.4181646655231;Line 70;0;249.002680785548
-23.396971594;-46.183029581;641.4;51630;246.47494854202404;894.274948542024;Line 70;0;249.002680785548
-23.3970666;-46.183304491;635.6;51600;246.33173241852487;894.1317324185248;Line 70;0;249.002680785548
-23.397161607;-46.1835794;633.2;51570;246.18851629502575;893.9885162950256;Line 70;0;249.002680785548
-23.397256613;-46.18385431;630.9;51540;246.04530017152658;893.8453001715266;Line 70;0;249.002680785548
-23.397351618;-46.184129221;628.4;51510;245.90208404802746;893.7020840480275;Line 70;0;249.002680785548
-23.397446623;-46.184404132;629.5;51480;245.75886792452835;893.5588679245283;Line 70;0;249.002680785548
-23.397541628;-46.184679043;631.1;51450;245.61565180102917;893.4156518010291;Line 70;0;249.002680785548
-23.397636632;-46.184953954;633.0;51420;245.47243567753003;893.27243567753;Line 70;0;249.002680785548
-23.397731635;-46.185228866;638.0;51390;245.32921955403086;893.1292195540308;Line 70;0;249.002680785548
-23.397826638;-46.185503779;643.5;51360;245.18600343053174;892.9860034305317;Line 70;0;249.002680785548
-23.39792164;-46.185778691;649.0;51330;245.04278730703263;892.8427873070326;Line 70;0;249.002680785548
-23.398016642;-46.186053604;652.3;51300;244.89957118353345;892.6995711835334;Line 70;0;249.002680785548
-23.398111644;-46.186328518;655.5;51270;244.75635506003434;892.5563550600343;Line 70;0;249.002680785548
-23.398206645;-46.186603432;659.1;51240;244.61313893653517;892.4131389365351;Line 70;0;249.002680785548
-23.398301645;-46.186878346;658.7;51210;244.46992281303602;892.2699228130359;Line 70;0;249.002680785548
-23.398396645;-46.18715326;656.2;51180;244.3267066895369;892.1267066895368;Line 70;0;249.002680785548
-23.398491645;-46.187428175;653.3;51150;244.18349056603773;891.9834905660377;Line 70;0;249.002680785548
-23.398586643;-46.187703091;651.2;51120;244.04027444253862;891.8402744425385;Line 70;0;249.002680785548
-23.398681642;-46.187978006;649.1;51090;243.89705831903944;891.6970583190393;Line 70;0;249.002680785548
-23.39877664;-46.188252922;646.9;51060;243.75384219554033;891.5538421955403;Line 70;0;249.002680785548
-23.398871637;-46.188527839;645.1;51030;243.61062607204119;891.4106260720412;Line 70;0;249.002680785548
-23.398966634;-46.188802756;644.1;51000;243.467409948542;891.267409948542;Line 70;0;249.002680785548
-23.399061631;-46.189077673;643.7;50970;243.3241938250429;891.1241938250429;Line 70;0;249.002680785548
-23.399156626;-46.18935259;641.5;50940;243.18097770154372;890.9809777015437;Line 70;0;249.002680785548
-23.399251622;-46.189627508;636.7;50910;243.0377615780446;890.8377615780446;Line 70;0;249.002680785548
-23.399346617;-46.189902426;632.0;50880;242.8945454545455;890.6945454545455;Line 70;0;249.002680785548
-23.399441611;-46.190177345;627.0;50850;242.75132933104632;890.5513293310463;Line 70;0;249.002680785548
-23.399536605;-46.190452264;622.3;50820;242.60811320754718;890.4081132075471;Line 70;0;249.002680785548
-23.399631599;-46.190727183;618.3;50790;242.464897084048;890.264897084048;Line 70;0;249.002680785548
-23.399726591;-46.191002103;617.9;50760;242.3216809605489;890.1216809605488;Line 70;0;249.002680785548
-23.399821584;-46.191277023;619.4;50730;242.17846483704977;889.9784648370497;Line 70;0;249.002680785548
-23.399916576;-46.191551944;621.1;50700;242.0352487135506;889.8352487135505;Line 70;0;249.002680785548
-23.400011567;-46.191826865;624.7;50670;241.89203259005149;889.6920325900514;Line 70;0;249.002680785548
-23.400106558;-46.192101786;629.0;50640;241.7488164665523;889.5488164665522;Line 70;0;249.002680785548
-23.400201549;-46.192376708;632.9;50610;241.6056003430532;889.4056003430532;Line 70;0;249.002680785548
-23.400296538;-46.19265163;636.8;50580;241.46238421955405;889.262384219554;Line 70;0;249.002680785548
-23.400391528;-46.192926552;641.0;50550;241.31916809605488;889.1191680960549;Line 70;0;249.002680785548
-23.400486517;-46.193201475;645.5;50520;241.17595197255577;888.9759519725558;Line 70;0;249.002680785548
-23.400581505;-46.193476398;649.1;50490;241.0327358490566;888.8327358490566;Line 70;0;249.002680785548
-23.400676493;-46.193751321;652.1;50460;240.88951972555748;888.6895197255574;Line 70;0;249.002680785548
-23.400771481;-46.194026245;655.8;50430;240.74630360205836;888.5463036020583;Line 70;0;249.002680785548
-23.400866467;-46.194301169;657.2;50400;240.6030874785592;888.4030874785592;Line 70;0;249.002680785548
-23.400961454;-46.194576094;655.3;50370;240.45987135506005;888.25987135506;Line 70;0;249.002680785548
-23.40105644;-46.194851019;653.3;50340;240.31665523156087;888.1166552315608;Line 70;0;249.002680785548
-23.401151425;-46.195125944;650.4;50310;240.17343910806176;887.9734391080617;Line 70;0;249.002680785548
-23.40124641;-46.19540087;646.7;50280;240.03022298456264;887.8302229845626;Line 70;0;249.002680785548
-23.401341394;-46.195675796;642.9;50250;239.88700686106347;887.6870068610634;Line 70;0;249.002680785548
-23.401436378;-46.195950723;639.8;50220;239.74379073756435;887.5437907375643;Line 70;0;249.002680785548
-23.401531362;-46.19622565;638.5;50190;239.6005746140652;887.4005746140651;Line 70;0;249.002680785548
-23.401626345;-46.196500577;638.0;50160;239.45735849056604;887.257358490566;Line 70;0;249.002680785548
-23.401721327;-46.196775504;637.6;50130;239.3141423670669;887.1141423670668;Line 70;0;249.002680785548
-23.401816309;-46.197050432;636.5;50100;239.17092624356775;886.9709262435676;Line 70;0;249.002680785548
-23.40191129;-46.197325361;635.2;50070;239.02771012006863;886.8277101200686;Line 70;0;249.002680785548
-23.402006271;-46.197600289;634.2;50040;238.8844939965695;886.6844939965695;Line 70;0;249.002680785548
-23.402101252;-46.197875218;634.0;50010;238.74127787307035;886.5412778730703;Line 70;0;249.002680785548
-23.402196232;-46.198150148;633.7;49980;238.5980617495712;886.3980617495712;Line 70;0;249.002680785548
-23.402291211;-46.198425078;633.7;49950;238.45484562607203;886.254845626072;Line 70;0;249.002680785548
-23.40238619;-46.198700008;634.0;49920;238.3116295025729;886.1116295025729;Line 70;0;249.002680785548
-23.402481168;-46.198974938;634.5;49890;238.16841337907377;885.9684133790737;Line 70;0;249.002680785548
-23.402576146;-46.199249869;635.3;49860;238.02519725557462;885.8251972555746;Line 70;0;249.002680785548
-23.402671123;-46.199524801;636.7;49830;237.88198113207548;885.6819811320754;Line 70;0;249.002680785548
-23.4027661;-46.199799732;638.2;49800;237.73876500857634;885.5387650085763;Line 70;0;249.002680785548
-23.402861077;-46.200074664;640.0;49770;237.59554888507722;885.3955488850772;Line 70;0;249.002680785548
-23.402956053;-46.200349597;642.3;49740;237.45233276157805;885.252332761578;Line 70;0;249.002680785548
-23.403051028;-46.20062453;644.7;49710;237.3091166380789;885.1091166380788;Line 70;0;249.002680785548
-23.403146003;-46.200899463;646.5;49680;237.16590051457976;884.9659005145797;Line 70;0;249.002680785548
-23.403240977;-46.201174396;646.9;49650;237.02268439108062;884.8226843910805;Line 70;0;249.002680785548
-23.403335951;-46.20144933;647.7;49620;236.8794682675815;884.6794682675815;Line 70;0;249.002680785548
-23.403430925;-46.201724265;648.2;49590;236.73625214408236;884.5362521440823;Line 70;0;249.002680785548
-23.403525897;-46.201999199;647.5;49560;236.5930360205832;884.3930360205832;Line 70;0;249.002680785548
-23.40362087;-46.202274134;647.0;49530;236.44981989708404;884.249819897084;Line 70;0;249.002680785548
-23.403715842;-46.20254907;646.9;49500;236.3066037735849;884.1066037735849;Line 70;0;249.002680785548
-23.403810813;-46.202824005;648.5;49470;236.16338765008578;883.9633876500857;Line 70;0;249.002680785548
-23.403905784;-46.203098942;650.0;49440;236.02017152658664;883.8201715265866;Line 70;0;249.002680785548
-23.404000754;-46.203373878;651.4;49410;235.8769554030875;883.6769554030875;Line 70;0;249.002680785548
-23.404095724;-46.203648815;653.3;49380;235.73373927958835;883.5337392795883;Line 70;0;249.002680785548
-23.404190693;-46.203923752;654.9;49350;235.5905231560892;883.3905231560891;Line 70;0;249.002680785548
-23.404285662;-46.20419869;655.8;49320;235.44730703259006;883.24730703259;Line 70;0;249.002680785548
-23.404380631;-46.204473628;654.6;49290;235.30409090909092;883.1040909090909;Line 70;0;249.002680785548
-23.404475599;-46.204748566;653.8;49260;235.16087478559177;882.9608747855917;Line 70;0;249.002680785548
-23.404570566;-46.205023505;653.4;49230;235.01765866209263;882.8176586620925;Line 70;0;249.002680785548
-23.404665533;-46.205298444;652.9;49200;234.87444253859348;882.6744425385934;Line 70;0;249.002680785548
-23.404760499;-46.205573384;651.4;49170;234.73122641509437;882.5312264150944;Line 70;0;249.002680785548
-23.404855465;-46.205848324;649.0;49140;234.58801029159522;882.3880102915952;Line 70;0;249.002680785548
-23.40495043;-46.206123264;644.4;49110;234.44479416809605;882.244794168096;Line 70;0;249.002680785548
-23.405045395;-46.206398204;640.1;49080;234.3015780445969;882.1015780445969;Line 70;0;249.002680785548
-23.40514036;-46.206673145;636.8;49050;234.15836192109776;881.9583619210978;Line 70;0;249.002680785548
-23.405235323;-46.206948087;637.7;49020;234.01514579759865;881.8151457975986;Line 70;0;249.002680785548
-23.405330287;-46.207223029;638.4;48990;233.8719296740995;881.6719296740995;Line 70;0;249.002680785548
-23.40542525;-46.207497971;639.0;48960;233.72871355060036;881.5287135506003;Line 70;0;249.002680785548
-23.405520212;-46.207772913;636.8;48930;233.58549742710122;881.3854974271012;Line 70;0;249.002680785548
-23.405615174;-46.208047856;633.9;48900;233.44228130360204;881.242281303602;Line 70;0;249.002680785548
-23.405710135;-46.208322799;630.6;48870;233.29906518010293;881.0990651801029;Line 70;0;249.002680785548
-23.405805096;-46.208597743;628.5;48840;233.15584905660378;880.9558490566037;Line 70;0;249.002680785548
-23.405900056;-46.208872687;626.8;48810;233.01263293310464;880.8126329331046;Line 70;0;249.002680785548
-23.405995016;-46.209147631;625.5;48780;232.8694168096055;880.6694168096054;Line 70;0;249.002680785548
-23.406089976;-46.209422576;627.1;48750;232.72620068610635;880.5262006861063;Line 70;0;249.002680785548
-23.406184934;-46.209697521;629.5;48720;232.58298456260724;880.3829845626071;Line 70;0;249.002680785548
-23.406279893;-46.209972466;632.7;48690;232.43976843910806;880.239768439108;Line 70;0;249.002680785548
-23.406374851;-46.210247412;635.3;48660;232.29655231560892;880.0965523156088;Line 70;0;249.002680785548
-23.406469808;-46.210522358;637.9;48630;232.15333619210978;879.9533361921098;Line 70;0;249.002680785548
-23.406564765;-46.210797305;640.5;48600;232.01012006861063;879.8101200686106;Line 70;0;249.002680785548
-23.406659721;-46.211072252;643.3;48570;231.86690394511152;879.6669039451115;Line 70;0;249.002680785548
-23.406754677;-46.211347199;645.8;48540;231.72368782161237;879.5236878216124;Line 70;0;249.002680785548
-23.406849632;-46.211622147;647.9;48510;231.58047169811323;879.3804716981132;Line 70;0;249.002680785548
-23.406944587;-46.211897095;647.5;48480;231.43725557461408;879.237255574614;Line 70;0;249.002680785548
-23.407039541;-46.212172043;646.5;48450;231.2940394511149;879.0940394511149;Line 70;0;249.002680785548
-23.407134495;-46.212446992;645.5;48420;231.1508233276158;878.9508233276158;Line 70;0;249.002680785548
-23.407229449;-46.212721941;644.4;48390;231.00760720411665;878.8076072041166;Line 70;0;249.002680785548
-23.407324401;-46.212996891;643.2;48360;230.8643910806175;878.6643910806174;Line 70;0;249.002680785548
-23.407419354;-46.213271841;642.0;48330;230.72117495711836;878.5211749571183;Line 70;0;249.002680785548
-23.407514306;-46.213546791;643.3;48300;230.57795883361922;878.3779588336192;Line 70;0;249.002680785548
-23.407609257;-46.213821742;645.2;48270;230.43474271012008;878.23474271012;Line 70;0;249.002680785548
-23.407704208;-46.214096693;646.9;48240;230.29152658662093;878.0915265866208;Line 70;0;249.002680785548
-23.407799158;-46.214371644;647.5;48210;230.1483104631218;877.9483104631217;Line 70;0;249.002680785548
-23.407894108;-46.214646596;648.0;48180;230.00509433962264;877.8050943396227;Line 70;0;249.002680785548
-23.407989057;-46.214921548;648.8;48150;229.8618782161235;877.6618782161235;Line 70;0;249.002680785548
-23.408084006;-46.215196501;648.6;48120;229.71866209262438;877.5186620926244;Line 70;0;249.002680785548
-23.408178954;-46.215471454;648.1;48090;229.57544596912524;877.3754459691252;Line 70;0;249.002680785548
-23.408273902;-46.215746407;647.8;48060;229.4322298456261;877.2322298456261;Line 70;0;249.002680785548
-23.408368849;-46.21602136;649.0;48030;229.28901372212692;877.0890137221269;Line 70;0;249.002680785548
-23.408463796;-46.216296314;651.1;48000;229.14579759862778;876.9457975986277;Line 70;0;249.002680785548
-23.408558743;-46.216571269;653.3;47970;229.00258147512866;876.8025814751286;Line 70;0;249.002680785548
-23.408653688;-46.216846224;656.5;47940;228.85936535162952;876.6593653516295;Line 70;0;249.002680785548
-23.408748634;-46.217121179;660.3;47910;228.71614922813038;876.5161492281303;Line 70;0;249.002680785548
-23.408843578;-46.217396134;664.3;47880;228.57293310463123;876.3729331046312;Line 70;0;249.002680785548
-23.408938523;-46.21767109;667.7;47850;228.4297169811321;876.229716981132;Line 70;0;249.002680785548
-23.409033467;-46.217946046;670.5;47820;228.28650085763294;876.0865008576329;Line 70;0;249.002680785548
-23.40912841;-46.218221003;673.1;47790;228.1432847341338;875.9432847341337;Line 70;0;249.002680785548
-23.409223353;-46.21849596;673.5;47760;228.00006861063466;875.8000686106346;Line 70;0;249.002680785548
-23.409318295;-46.218770917;672.8;47730;227.8568524871355;875.6568524871354;Line 70;0;249.002680785548
-23.409413237;-46.219045875;672.0;47700;227.71363636363637;875.5136363636364;Line 70;0;249.002680785548
-23.409508178;-46.219320833;670.0;47670;227.57042024013725;875.3704202401373;Line 70;0;249.002680785548
-23.409603119;-46.219595792;666.5;47640;227.4272041166381;875.2272041166381;Line 70;0;249.002680785548
-23.409698059;-46.21987075;662.3;47610;227.28398799313894;875.0839879931389;Line 70;0;249.002680785548
-23.409792999;-46.22014571;658.8;47580;227.1407718696398;874.9407718696398;Line 70;0;249.002680785548
-23.409887938;-46.220420669;656.3;47550;226.99755574614065;874.7975557461406;Line 70;0;249.002680785548
-23.409982877;-46.220695629;653.9;47520;226.85433962264153;874.6543396226415;Line 70;0;249.002680785548
-23.410077815;-46.22097059;652.6;47490;226.7111234991424;874.5111234991423;Line 70;0;249.002680785548
-23.410172753;-46.22124555;652.6;47460;226.56790737564324;874.3679073756432;Line 70;0;249.002680785548
-23.41026769;-46.221520511;652.8;47430;226.4246912521441;874.2246912521441;Line 70;0;249.002680785548
-23.410362627;-46.221795473;652.8;47400;226.28147512864493;874.0814751286449;Line 70;0;249.002680785548
-23.410457563;-46.222070435;653.0;47370;226.1382590051458;873.9382590051457;Line 70;0;249.002680785548
-23.410552499;-46.222345397;653.7;47340;225.99504288164667;873.7950428816466;Line 70;0;249.002680785548
-23.410647434;-46.222620359;653.5;47310;225.85182675814752;873.6518267581475;Line 70;0;249.002680785548
-23.410742369;-46.222895322;652.0;47280;225.70861063464838;873.5086106346483;Line 70;0;249.002680785548
-23.410837303;-46.223170286;650.8;47250;225.56539451114924;873.3653945111491;Line 70;0;249.002680785548
-23.410932237;-46.223445249;648.3;47220;225.42217838765012;873.22217838765;Line 70;0;249.002680785548
-23.41102717;-46.223720213;644.0;47190;225.27896226415095;873.078962264151;Line 70;0;249.002680785548
-23.411122103;-46.223995178;639.7;47160;225.1357461406518;872.9357461406518;Line 70;0;249.002680785548
-23.411217035;-46.224270143;636.1;47130;224.99253001715266;872.7925300171526;Line 70;0;249.002680785548
-23.411311967;-46.224545108;633.6;47100;224.84931389365352;872.6493138936535;Line 70;0;249.002680785548
-23.411406898;-46.224820073;631.0;47070;224.7060977701544;872.5060977701544;Line 70;0;249.002680785548
-23.411501829;-46.225095039;628.7;47040;224.56288164665526;872.3628816466552;Line 70;0;249.002680785548
-23.41159676;-46.225370006;627.3;47010;224.4196655231561;872.2196655231561;Line 70;0;249.002680785548
-23.411691689;-46.225644972;625.9;46980;224.27644939965694;872.0764493996569;Line 70;0;249.002680785548
-23.411786619;-46.225919939;625.9;46950;224.1332332761578;871.9332332761578;Line 70;0;249.002680785548
-23.411881547;-46.226194907;628.1;46920;223.99001715265868;871.7900171526586;Line 70;0;249.002680785548
-23.411976476;-46.226469874;630.7;46890;223.84680102915954;871.6468010291595;Line 70;0;249.002680785548
-23.412071403;-46.226744843;633.7;46860;223.7035849056604;871.5035849056603;Line 70;0;249.002680785548
-23.412166331;-46.227019811;637.2;46830;223.56036878216125;871.3603687821612;Line 70;0;249.002680785548
-23.412261257;-46.22729478;640.8;46800;223.4171526586621;871.217152658662;Line 70;0;249.002680785548
-23.412356183;-46.227569749;644.4;46770;223.27393653516296;871.0739365351629;Line 70;0;249.002680785548
-23.412451109;-46.227844719;647.8;46740;223.13072041166382;870.9307204116637;Line 70;0;249.002680785548
-23.412546034;-46.228119689;651.1;46710;222.98750428816467;870.7875042881647;Line 70;0;249.002680785548
-23.412640959;-46.228394659;654.1;46680;222.84428816466553;870.6442881646655;Line 70;0;249.002680785548
-23.412735883;-46.22866963;656.7;46650;222.70107204116638;870.5010720411664;Line 70;0;249.002680785548
-23.412830807;-46.228944601;659.9;46620;222.55785591766727;870.3578559176672;Line 70;0;249.002680785548
-23.41292573;-46.229219573;663.3;46590;222.41463979416812;870.2146397941681;Line 70;0;249.002680785548
-23.413020653;-46.229494544;665.1;46560;222.27142367066895;870.0714236706689;Line 70;0;249.002680785548
-23.413115575;-46.229769517;666.5;46530;222.1282075471698;869.9282075471698;Line 70;0;249.002680785548
-23.413210497;-46.230044489;666.9;46500;221.98499142367066;869.7849914236706;Line 70;0;249.002680785548
-23.413305418;-46.230319462;664.8;46470;221.84177530017155;869.6417753001715;Line 70;0;249.002680785548
-23.413400339;-46.230594436;661.7;46440;221.6985591766724;869.4985591766724;Line 70;0;249.002680785548
-23.413495259;-46.230869409;657.5;46410;221.55534305317326;869.3553430531732;Line 70;0;249.002680785548
-23.413590179;-46.231144383;651.1;46380;221.41212692967412;869.212126929674;Line 70;0;249.002680785548
-23.413685098;-46.231419358;645.0;46350;221.26891080617494;869.0689108061749;Line 70;0;249.002680785548
-23.413780017;-46.231694333;639.6;46320;221.12569468267583;868.9256946826758;Line 70;0;249.002680785548
-23.413874935;-46.231969308;636.4;46290;220.98247855917668;868.7824785591766;Line 70;0;249.002680785548
-23.413969853;-46.232244284;633.4;46260;220.83926243567754;868.6392624356774;Line 70;0;249.002680785548
-23.41406477;-46.232519259;631.2;46230;220.6960463121784;868.4960463121784;Line 70;0;249.002680785548
-23.414159687;-46.232794236;633.8;46200;220.55283018867925;868.3528301886793;Line 70;0;249.002680785548
-23.414254603;-46.233069212;636.1;46170;220.40961406518014;868.2096140651801;Line 70;0;249.002680785548
-23.414349519;-46.23334419;637.8;46140;220.26639794168096;868.0663979416809;Line 70;0;249.002680785548
-23.414444434;-46.233619167;639.2;46110;220.12318181818182;867.9231818181818;Line 70;0;249.002680785548
-23.414539349;-46.233894145;640.7;46080;219.97996569468268;867.7799656946827;Line 70;0;249.002680785548
-23.414634263;-46.234169123;642.2;46050;219.83674957118353;867.6367495711835;Line 70;0;249.002680785548
-23.414729176;-46.234444102;642.9;46020;219.69353344768442;867.4935334476844;Line 70;0;249.002680785548
-23.41482409;-46.23471908;644.3;45990;219.55031732418527;867.3503173241852;Line 70;0;249.002680785548
-23.414919002;-46.23499406;646.5;45960;219.40710120068613;867.2071012006861;Line 70;0;249.002680785548
-23.415013915;-46.235269039;649.8;45930;219.26388507718696;867.0638850771869;Line 70;0;249.002680785548
-23.415108826;-46.235544019;651.7;45900;219.1206689536878;866.9206689536877;Line 70;0;249.002680785548
-23.415203737;-46.235819;653.4;45870;218.9774528301887;866.7774528301886;Line 70;0;249.002680785548
-23.415298648;-46.236093981;653.9;45840;218.83423670668955;866.6342367066895;Line 70;0;249.002680785548
-23.415393558;-46.236368962;654.2;45810;218.6910205831904;866.4910205831903;Line 70;0;249.002680785548
-23.415488468;-46.236643943;654.4;45780;218.54780445969126;866.3478044596912;Line 70;0;249.002680785548
-23.415583377;-46.236918925;652.8;45750;218.40458833619212;866.204588336192;Line 70;0;249.002680785548
-23.415678286;-46.237193908;651.3;45720;218.26137221269298;866.061372212693;Line 70;0;249.002680785548
-23.415773194;-46.23746889;650.4;45690;218.11815608919383;865.9181560891938;Line 70;0;249.002680785548
-23.415868102;-46.237743873;650.7;45660;217.9749399656947;865.7749399656947;Line 70;0;249.002680785548
-23.415963009;-46.238018857;651.4;45630;217.83172384219554;865.6317238421955;Line 70;0;249.002680785548
-23.416057915;-46.23829384;652.3;45600;217.6885077186964;865.4885077186964;Line 70;0;249.002680785548
-23.416152822;-46.238568824;654.5;45570;217.54529159519728;865.3452915951973;Line 70;0;249.002680785548
-23.416247727;-46.238843809;656.9;45540;217.40207547169814;865.2020754716981;Line 70;0;249.002680785548
-23.416342632;-46.239118794;659.3;45510;217.25885934819897;865.0588593481989;Line 70;0;249.002680785548
-23.416437537;-46.239393779;660.0;45480;217.11564322469982;864.9156432246998;Line 70;0;249.002680785548
-23.416532441;-46.239668765;660.2;45450;216.97242710120068;864.7724271012006;Line 70;0;249.002680785548
-23.416627345;-46.239943751;660.2;45420;216.82921097770156;864.6292109777015;Line 70;0;249.002680785548
-23.416722248;-46.240218737;659.2;45390;216.68599485420242;864.4859948542023;Line 70;0;249.002680785548
-23.416817151;-46.240493724;658.1;45360;216.54277873070328;864.3427787307032;Line 70;0;249.002680785548
-23.416912053;-46.240768711;657.2;45330;216.39956260720413;864.1995626072041;Line 70;0;249.002680785548
-23.417006955;-46.241043698;656.7;45300;216.256346483705;864.0563464837049;Line 70;0;249.002680785548
-23.417101856;-46.241318686;656.9;45270;216.11313036020584;863.9131303602057;Line 70;0;249.002680785548
-23.417196756;-46.241593674;657.7;45240;215.9699142367067;863.7699142367067;Line 70;0;249.002680785548
-23.417291656;-46.241868663;660.9;45210;215.82669811320756;863.6266981132076;Line 70;0;249.002680785548
-23.417386556;-46.242143652;664.6;45180;215.6834819897084;863.4834819897084;Line 70;0;249.002680785548
-23.417481455;-46.242418641;668.0;45150;215.54026586620927;863.3402658662092;Line 70;0;249.002680785548
-23.417576354;-46.242693631;674.7;45120;215.39704974271015;863.1970497427101;Line 70;0;249.002680785548
-23.417671252;-46.242968621;682.0;45090;215.25383361921098;863.053833619211;Line 70;0;249.002680785548
-23.41776615;-46.243243612;688.2;45060;215.11061749571184;862.9106174957118;Line 70;0;249.002680785548
-23.417861047;-46.243518602;690.4;45030;214.9674013722127;862.7674013722126;Line 70;0;249.002680785548
-23.417955943;-46.243793594;691.0;45000;214.82418524871355;862.6241852487135;Line 70;0;249.002680785548
-23.41805084;-46.244068585;691.6;44970;214.68096912521443;862.4809691252144;Line 70;0;249.002680785548
-23.418145735;-46.244343577;696.0;44940;214.5377530017153;862.3377530017152;Line 70;0;249.002680785548
-23.41824063;-46.244618569;703.0;44910;214.39453687821614;862.1945368782161;Line 70;0;249.002680785548
-23.418335525;-46.244893562;710.7;44880;214.251320754717;862.0513207547169;Line 70;0;249.002680785548
-23.418430419;-46.245168555;717.1;44850;214.10810463121783;861.9081046312178;Line 70;0;249.002680785548
-23.418525313;-46.245443549;721.3;44820;213.9648885077187;861.7648885077186;Line 70;0;249.002680785548
-23.418620206;-46.245718542;725.0;44790;213.82167238421957;861.6216723842196;Line 70;0;249.002680785548
-23.418715098;-46.245993537;724.7;44760;213.67845626072042;861.4784562607203;Line 70;0;249.002680785548
-23.41880999;-46.246268531;723.0;44730;213.53524013722128;861.3352401372213;Line 70;0;249.002680785548
-23.418904882;-46.246543526;722.5;44700;213.39202401372214;861.1920240137221;Line 70;0;249.002680785548
-23.418999773;-46.246818521;723.1;44670;213.24880789022302;861.048807890223;Line 70;0;249.002680785548
-23.419094664;-46.247093517;724.0;44640;213.10559176672385;860.9055917667238;Line 70;0;249.002680785548
-23.419189554;-46.247368513;724.7;44610;212.9623756432247;860.7623756432247;Line 70;0;249.002680785548
-23.419284443;-46.247643509;722.3;44580;212.81915951972556;860.6191595197255;Line 70;0;249.002680785548
-23.419379333;-46.247918506;718.1;44550;212.67594339622642;860.4759433962264;Line 70;0;249.002680785548
-23.419474221;-46.248193503;713.1;44520;212.5327272727273;860.3327272727272;Line 70;0;249.002680785548
-23.419569109;-46.248468501;707.0;44490;212.38951114922816;860.1895111492281;Line 70;0;249.002680785548
-23.419663997;-46.248743499;700.9;44460;212.246295025729;860.046295025729;Line 70;0;249.002680785548
-23.419758884;-46.249018497;695.4;44430;212.10307890222984;859.9030789022298;Line 70;0;249.002680785548
-23.419853771;-46.249293495;691.8;44400;211.9598627787307;859.7598627787306;Line 70;0;249.002680785548
-23.419948657;-46.249568494;690.9;44370;211.81664665523158;859.6166466552315;Line 70;0;249.002680785548
-23.420043542;-46.249843494;691.8;44340;211.67343053173244;859.4734305317324;Line 70;0;249.002680785548
-23.420138427;-46.250118494;696.2;44310;211.5302144082333;859.3302144082332;Line 70;0;249.002680785548
-23.420233312;-46.250393494;703.0;44280;211.38699828473415;859.186998284734;Line 70;0;249.002680785548
-23.420328196;-46.250668494;708.9;44250;211.243782161235;859.043782161235;Line 70;0;249.002680785548
-23.420423079;-46.250943495;712.0;44220;211.10056603773586;858.9005660377359;Line 70;0;249.002680785548
-23.420517963;-46.251218496;711.1;44190;210.95734991423672;858.7573499142367;Line 70;0;249.002680785548
-23.420612845;-46.251493498;709.1;44160;210.81413379073757;858.6141337907375;Line 70;0;249.002680785548
-23.420707727;-46.2517685;705.2;44130;210.67091766723843;858.4709176672384;Line 70;0;249.002680785548
-23.420802609;-46.252043502;698.9;44100;210.52770154373928;858.3277015437393;Line 70;0;249.002680785548
-23.42089749;-46.252318505;693.6;44070;210.38448542024017;858.1844854202401;Line 70;0;249.002680785548
-23.42099237;-46.252593508;689.7;44040;210.24126929674102;858.041269296741;Line 70;0;249.002680785548
-23.42108725;-46.252868511;687.1;44010;210.09805317324185;857.8980531732418;Line 70;0;249.002680785548
-23.42118213;-46.253143515;683.8;43980;209.9548370497427;857.7548370497427;Line 70;0;249.002680785548
-23.421277009;-46.253418519;680.1;43950;209.81162092624356;857.6116209262435;Line 70;0;249.002680785548
-23.421371888;-46.253693524;676.4;43920;209.66840480274445;857.4684048027444;Line 70;0;249.002680785548
-23.421466766;-46.253968529;671.3;43890;209.5251886792453;857.3251886792452;Line 70;0;249.002680785548
-23.421561643;-46.254243534;665.3;43860;209.38197255574616;857.1819725557461;Line 70;0;249.002680785548
-23.42165652;-46.25451854;660.2;43830;209.23875643224702;857.0387564322469;Line 70;0;249.002680785548
-23.421751397;-46.254793546;658.6;43800;209.09554030874784;856.8955403087477;Line 70;0;249.002680785548
-23.421846273;-46.255068552;658.4;43770;208.95232418524873;856.7523241852487;Line 70;0;249.002680785548
-23.421941148;-46.255343559;662.2;43740;208.80910806174958;856.6091080617496;Line 70;0;249.002680785548
-23.422036023;-46.255618566;666.6;43710;208.66589193825044;856.4658919382504;Line 70;0;249.002680785548
-23.422130898;-46.255893574;670.4;43680;208.5226758147513;856.3226758147513;Line 70;0;249.002680785548
-23.422225772;-46.256168582;670.5;43650;208.37945969125215;856.1794596912521;Line 70;0;249.002680785548
-23.422320645;-46.25644359;669.9;43620;208.23624356775304;856.036243567753;Line 70;0;249.002680785548
-23.422415518;-46.256718599;669.0;43590;208.09302744425386;855.8930274442538;Line 70;0;249.002680785548
-23.422510391;-46.256993608;670.1;43560;207.94981132075472;855.7498113207547;Line 70;0;249.002680785548
-23.422605263;-46.257268617;673.9;43530;207.80659519725558;855.6065951972555;Line 70;0;249.002680785548
-23.422700134;-46.257543627;677.9;43500;207.66337907375643;855.4633790737564;Line 70;0;249.002680785548
-23.422795005;-46.257818637;680.4;43470;207.52016295025732;855.3201629502573;Line 70;0;249.002680785548
-23.422889876;-46.258093648;682.3;43440;207.37694682675817;855.1769468267581;Line 70;0;249.002680785548
-23.422984746;-46.258368658;682.8;43410;207.23373070325903;855.0337307032589;Line 70;0;249.002680785548
-23.423079615;-46.25864367;678.0;43380;207.09051457975985;854.8905145797598;Line 70;0;249.002680785548
-23.423174484;-46.258918681;672.1;43350;206.9472984562607;854.7472984562606;Line 70;0;249.002680785548
-23.423269353;-46.259193693;665.4;43320;206.8040823327616;854.6040823327615;Line 70;0;249.002680785548
-23.423364221;-46.259468706;662.4;43290;206.66086620926245;854.4608662092623;Line 70;0;249.002680785548
-23.423459088;-46.259743718;659.7;43260;206.5176500857633;854.3176500857633;Line 70;0;249.002680785548
-23.423553955;-46.260018732;658.1;43230;206.37443396226416;854.1744339622642;Line 70;0;249.002680785548
-23.423648822;-46.260293745;663.6;43200;206.23121783876502;854.031217838765;Line 70;0;249.002680785548
-23.423743688;-46.260568759;670.0;43170;206.08800171526588;853.8880017152658;Line 70;0;249.002680785548
-23.423838553;-46.260843773;677.0;43140;205.94478559176673;853.7447855917667;Line 70;0;249.002680785548
-23.423933418;-46.261118788;681.4;43110;205.8015694682676;853.6015694682676;Line 70;0;249.002680785548
-23.424028283;-46.261393803;686.1;43080;205.65835334476844;853.4583533447684;Line 70;0;249.002680785548
-23.424123147;-46.261668818;690.9;43050;205.5151372212693;853.3151372212692;Line 70;0;249.002680785548
-23.42421801;-46.261943834;688.2;43020;205.37192109777018;853.1719210977701;Line 70;0;249.002680785548
-23.424312873;-46.26221885;685.1;42990;205.22870497427104;853.028704974271;Line 70;0;249.002680785548
-23.424407736;-46.262493866;681.9;42960;205.08548885077187;852.8854888507718;Line 70;0;249.002680785548
-23.424502598;-46.262768883;684.7;42930;204.94227272727272;852.7422727272726;Line 70;0;249.002680785548
-23.424597459;-46.2630439;688.0;42900;204.79905660377358;852.5990566037735;Line 70;0;249.002680785548
-23.42469232;-46.263318918;691.9;42870;204.65584048027446;852.4558404802744;Line 70;0;249.002680785548
-23.424787181;-46.263593936;697.0;42840;204.51262435677532;852.3126243567752;Line 70;0;249.002680785548
-23.424882041;-46.263868954;702.5;42810;204.36940823327618;852.1694082332762;Line 70;0;249.002680785548
-23.4249769;-46.264143973;708.1;42780;204.22619210977703;852.026192109777;Line 70;0;249.002680785548
-23.425071759;-46.264418992;707.5;42750;204.0829759862779;851.8829759862779;Line 70;0;249.002680785548
-23.425166617;-46.264694011;707.3;42720;203.93975986277874;851.7397598627787;Line 70;0;249.002680785548
-23.425261475;-46.264969031;708.6;42690;203.7965437392796;851.5965437392796;Line 70;0;249.002680785548
-23.425356333;-46.265244051;712.3;42660;203.65332761578046;851.4533276157804;Line 70;0;249.002680785548
-23.42545119;-46.265519072;716.6;42630;203.5101114922813;851.3101114922813;Line 70;0;249.002680785548
-23.425546046;-46.265794093;721.4;42600;203.36689536878217;851.1668953687821;Line 70;0;249.002680785548
-23.425640902;-46.266069114;724.7;42570;203.22367924528305;851.023679245283;Line 70;0;249.002680785548
-23.425735757;-46.266344135;726.8;42540;203.08046312178388;850.8804631217838;Line 70;0;249.002680785548
-23.425830612;-46.266619158;728.2;42510;202.93724699828473;850.7372469982847;Line 70;0;249.002680785548
-23.425925467;-46.26689418;724.8;42480;202.7940308747856;850.5940308747855;Line 70;0;249.002680785548
-23.426020321;-46.267169203;720.4;42450;202.65081475128645;850.4508147512864;Line 70;0;249.002680785548
-23.426115174;-46.267444226;715.2;42420;202.50759862778733;850.3075986277872;Line 70;0;249.002680785548
-23.426210027;-46.267719249;710.3;42390;202.3643825042882;850.1643825042881;Line 70;0;249.002680785548
-23.42630488;-46.267994273;705.8;42360;202.22116638078904;850.021166380789;Line 70;0;249.002680785548
-23.426399731;-46.268269297;701.4;42330;202.0779502572899;849.8779502572899;Line 70;0;249.002680785548
-23.426494583;-46.268544322;703.1;42300;201.93473413379073;849.7347341337907;Line 70;0;249.002680785548
-23.426589434;-46.268819347;706.5;42270;201.7915180102916;849.5915180102916;Line 70;0;249.002680785548
-23.426684284;-46.269094372;709.7;42240;201.64830188679247;849.4483018867925;Line 70;0;249.002680785548
-23.426779134;-46.269369398;711.8;42210;201.50508576329332;849.3050857632933;Line 70;0;249.002680785548
-23.426873983;-46.269644424;713.3;42180;201.36186963979418;849.1618696397941;Line 70;0;249.002680785548
-23.426968832;-46.269919451;714.4;42150;201.21865351629503;849.018653516295;Line 70;0;249.002680785548
-23.427063681;-46.270194478;713.1;42120;201.0754373927959;848.8754373927959;Line 70;0;249.002680785548
-23.427158529;-46.270469505;711.5;42090;200.93222126929675;848.7322212692967;Line 70;0;249.002680785548
-23.427253376;-46.270744532;710.7;42060;200.7890051457976;848.5890051457975;Line 70;0;249.002680785548
-23.427348223;-46.27101956;711.3;42030;200.64578902229846;848.4457890222984;Line 70;0;249.002680785548
-23.427443069;-46.271294589;711.9;42000;200.50257289879931;848.3025728987993;Line 70;0;249.002680785548
-23.427537915;-46.271569617;711.5;41970;200.3593567753002;848.1593567753001;Line 70;0;249.002680785548
-23.427632761;-46.271844646;709.1;41940;200.21614065180106;848.016140651801;Line 70;0;249.002680785548
-23.427727605;-46.272119676;706.1;41910;200.0729245283019;847.8729245283018;Line 70;0;249.002680785548
-23.42782245;-46.272394706;702.8;41880;199.92970840480274;847.7297084048028;Line 70;0;249.002680785548
-23.427917294;-46.272669736;698.6;41850;199.7864922813036;847.5864922813035;Line 70;0;249.002680785548
-23.428012137;-46.272944766;694.2;41820;199.64327615780448;847.4432761578045;Line 70;0;249.002680785548
-23.42810698;-46.273219797;690.4;41790;199.50006003430533;847.3000600343053;Line 70;0;249.002680785548
-23.428201822;-46.273494829;686.7;41760;199.3568439108062;847.1568439108062;Line 70;0;249.002680785548
-23.428296664;-46.27376986;683.3;41730;199.21362778730705;847.013627787307;Line 70;0;249.002680785548
-23.428391505;-46.274044892;681.2;41700;199.0704116638079;846.8704116638079;Line 70;0;249.002680785548
-23.428486346;-46.274319925;681.1;41670;198.92719554030876;846.7271955403087;Line 70;0;249.002680785548
-23.428581187;-46.274594958;682.1;41640;198.78397941680961;846.5839794168096;Line 70;0;249.002680785548
-23.428676026;-46.274869991;683.3;41610;198.64076329331047;846.4407632933104;Line 70;0;249.002680785548
-23.428770866;-46.275145024;685.8;41580;198.49754716981133;846.2975471698113;Line 70;0;249.002680785548
-23.428865705;-46.275420058;689.3;41550;198.35433104631218;846.1543310463121;Line 70;0;249.002680785548
-23.428960543;-46.275695092;693.2;41520;198.21111492281307;846.011114922813;Line 70;0;249.002680785548
-23.429055381;-46.275970127;696.8;41490;198.06789879931392;845.8678987993139;Line 70;0;249.002680785548
-23.429150218;-46.276245162;700.3;41460;197.92468267581475;845.7246826758147;Line 70;0;249.002680785548
-23.429245055;-46.276520197;705.1;41430;197.7814665523156;845.5814665523155;Line 70;0;249.002680785548
-23.429339891;-46.276795233;708.7;41400;197.63825042881646;845.4382504288164;Line 70;0;249.002680785548
-23.429434727;-46.277070269;710.7;41370;197.49503430531735;845.2950343053174;Line 70;0;249.002680785548
-23.429529562;-46.277345306;713.6;41340;197.3518181818182;845.1518181818182;Line 70;0;249.002680785548
-23.429624397;-46.277620343;716.6;41310;197.20860205831906;845.008602058319;Line 70;0;249.002680785548
-23.429719232;-46.27789538;719.3;41280;197.06538593481991;844.8653859348199;Line 70;0;249.002680785548
-23.429814065;-46.278170417;721.9;41250;196.92216981132074;844.7221698113207;Line 70;0;249.002680785548
-23.429908899;-46.278445455;726.0;41220;196.77895368782163;844.5789536878216;Line 70;0;249.002680785548
-23.430003732;-46.278720494;731.8;41190;196.63573756432248;844.4357375643224;Line 70;0;249.002680785548
-23.430098564;-46.278995533;735.9;41160;196.49252144082334;844.2925214408233;Line 70;0;249.002680785548
-23.430193396;-46.279270572;739.1;41130;196.3493053173242;844.1493053173242;Line 70;0;249.002680785548
-23.430288227;-46.279545611;740.6;41100;196.20608919382505;844.006089193825;Line 70;0;249.002680785548
-23.430383058;-46.279820651;742.0;41070;196.06287307032594;843.8628730703259;Line 70;0;249.002680785548
-23.430477888;-46.280095691;743.0;41040;195.91965694682676;843.7196569468267;Line 70;0;249.002680785548
-23.430572718;-46.280370732;742.9;41010;195.77644082332762;843.5764408233276;Line 70;0;249.002680785548
-23.430667547;-46.280645773;742.2;40980;195.63322469982847;843.4332246998284;Line 70;0;249.002680785548
-23.430762376;-46.280920814;743.0;40950;195.49000857632933;843.2900085763292;Line 70;0;249.002680785548
-23.430857204;-46.281195856;747.3;40920;195.34679245283021;843.1467924528301;Line 70;0;249.002680785548
-23.430952032;-46.281470898;750.5;40890;195.20357632933107;843.003576329331;Line 70;0;249.002680785548
-23.431046859;-46.28174594;751.8;40860;195.06036020583193;842.8603602058319;Line 70;0;249.002680785548
-23.431141686;-46.282020983;748.4;40830;194.91714408233275;842.7171440823327;Line 70;0;249.002680785548
-23.431236512;-46.282296026;744.6;40800;194.7739279588336;842.5739279588336;Line 70;0;249.002680785548
-23.431331338;-46.28257107;740.5;40770;194.6307118353345;842.4307118353345;Line 70;0;249.002680785548
-23.431426163;-46.282846114;736.7;40740;194.48749571183535;842.2874957118353;Line 70;0;249.002680785548
-23.431520988;-46.283121158;733.0;40710;194.3442795883362;842.1442795883362;Line 70;0;249.002680785548
-23.431615812;-46.283396202;730.3;40680;194.20106346483706;842.001063464837;Line 70;0;249.002680785548
-23.431710636;-46.283671248;730.7;40650;194.05784734133792;841.8578473413379;Line 70;0;249.002680785548
-23.431805459;-46.283946293;730.6;40620;193.91463121783877;841.7146312178387;Line 70;0;249.002680785548
-23.431900282;-46.284221339;730.3;40590;193.77141509433963;841.5714150943396;Line 70;0;249.002680785548
-23.431995104;-46.284496385;727.3;40560;193.6281989708405;841.4281989708404;Line 70;0;249.002680785548
-23.432089926;-46.284771431;724.0;40530;193.48498284734134;841.2849828473413;Line 70;0;249.002680785548
-23.432184747;-46.285046478;721.2;40500;193.3417667238422;841.1417667238421;Line 70;0;249.002680785548
-23.432279568;-46.285321525;722.8;40470;193.19855060034308;840.998550600343;Line 70;0;249.002680785548
-23.432374388;-46.285596573;726.0;40440;193.05533447684394;840.8553344768438;Line 70;0;249.002680785548
-23.432469208;-46.285871621;730.3;40410;192.91211835334477;840.7121183533447;Line 70;0;249.002680785548
-23.432564027;-46.286146669;732.1;40380;192.76890222984562;840.5689022298455;Line 70;0;249.002680785548
-23.432658846;-46.286421718;733.8;40350;192.62568610634648;840.4256861063465;Line 70;0;249.002680785548
-23.432753664;-46.286696767;734.5;40320;192.48246998284736;840.2824699828473;Line 70;0;249.002680785548
-23.432848482;-46.286971817;730.6;40290;192.33925385934822;840.1392538593482;Line 70;0;249.002680785548
-23.432943299;-46.287246867;727.1;40260;192.19603773584907;839.9960377358491;Line 70;0;249.002680785548
-23.433038116;-46.287521917;723.9;40230;192.05282161234993;839.8528216123499;Line 70;0;249.002680785548
-23.433132932;-46.287796967;720.4;40200;191.90960548885076;839.7096054888507;Line 70;0;249.002680785548
-23.433227748;-46.288072018;717.0;40170;191.76638936535164;839.5663893653516;Line 70;0;249.002680785548
-23.433322563;-46.28834707;713.6;40140;191.6231732418525;839.4231732418525;Line 70;0;249.002680785548
-23.433417377;-46.288622121;706.8;40110;191.47995711835335;839.2799571183533;Line 70;0;249.002680785548
-23.433512192;-46.288897173;700.5;40080;191.3367409948542;839.1367409948541;Line 70;0;249.002680785548
-23.433607005;-46.289172226;695.0;40050;191.19352487135507;838.993524871355;Line 70;0;249.002680785548
-23.433701818;-46.289447279;693.2;40020;191.05030874785595;838.8503087478559;Line 70;0;249.002680785548
-23.433796631;-46.289722332;691.8;39990;190.90709262435678;838.7070926243567;Line 70;0;249.002680785548
-23.433891443;-46.289997385;690.7;39960;190.76387650085763;838.5638765008575;Line 70;0;249.002680785548
-23.433986255;-46.290272439;692.8;39930;190.6206603773585;838.4206603773584;Line 70;0;249.002680785548
-23.434081066;-46.290547494;695.6;39900;190.47744425385935;838.2774442538594;Line 70;0;249.002680785548
-23.434175877;-46.290822548;699.1;39870;190.33422813036023;838.1342281303602;Line 70;0;249.002680785548
-23.434270687;-46.291097603;700.4;39840;190.1910120068611;837.9910120068611;Line 70;0;249.002680785548
-23.434365497;-46.291372659;702.3;39810;190.04779588336194;837.8477958833619;Line 70;0;249.002680785548
-23.434460306;-46.291647715;704.7;39780;189.90457975986277;837.7045797598628;Line 70;0;249.002680785548
-23.434555114;-46.291922771;707.7;39750;189.76136363636363;837.5613636363636;Line 70;0;249.002680785548
-23.434649923;-46.292197827;708.8;39720;189.6181475128645;837.4181475128645;Line 70;0;249.002680785548
-23.43474473;-46.292472884;708.1;39690;189.47493138936537;837.2749313893653;Line 70;0;249.002680785548
-23.434839537;-46.292747941;711.8;39660;189.33171526586622;837.1317152658662;Line 70;0;249.002680785548
-23.434934344;-46.293022999;716.8;39630;189.18849914236708;836.988499142367;Line 70;0;249.002680785548
-23.43502915;-46.293298057;722.3;39600;189.04528301886793;836.8452830188679;Line 70;0;249.002680785548
-23.435123956;-46.293573115;725.5;39570;188.9020668953688;836.7020668953687;Line 70;0;249.002680785548
-23.435218761;-46.293848174;729.1;39540;188.75885077186965;836.5588507718696;Line 70;0;249.002680785548
-23.435313566;-46.294123233;733.6;39510;188.6156346483705;836.4156346483704;Line 70;0;249.002680785548
-23.43540837;-46.294398293;733.0;39480;188.47241852487136;836.2724185248713;Line 70;0;249.002680785548
-23.435503173;-46.294673353;732.3;39450;188.3292024013722;836.1292024013721;Line 70;0;249.002680785548
-23.435597976;-46.294948413;732.6;39420;188.1859862778731;835.985986277873;Line 70;0;249.002680785548
-23.435692779;-46.295223474;731.3;39390;188.04277015437395;835.842770154374;Line 70;0;249.002680785548
-23.435787581;-46.295498535;729.0;39360;187.8995540308748;835.6995540308748;Line 70;0;249.002680785548
-23.435882383;-46.295773596;725.7;39330;187.75633790737564;835.5563379073756;Line 70;0;249.002680785548
-23.435977184;-46.296048658;726.8;39300;187.6131217838765;835.4131217838765;Line 70;0;249.002680785548
-23.436071985;-46.29632372;729.0;39270;187.46990566037738;835.2699056603774;Line 70;0;249.002680785548
-23.436166785;-46.296598782;731.0;39240;187.32668953687823;835.1266895368782;Line 70;0;249.002680785548
-23.436261584;-46.296873845;735.5;39210;187.1834734133791;834.983473413379;Line 70;0;249.002680785548
-23.436356383;-46.297148908;740.6;39180;187.04025728987995;834.8402572898799;Line 70;0;249.002680785548
-23.436451182;-46.297423972;745.5;39150;186.8970411663808;834.6970411663808;Line 70;0;249.002680785548
-23.43654598;-46.297699036;749.5;39120;186.75382504288166;834.5538250428816;Line 70;0;249.002680785548
-23.436640778;-46.2979741;753.9;39090;186.6106089193825;834.4106089193824;Line 70;0;249.002680785548
-23.436735575;-46.298249165;759.7;39060;186.46739279588337;834.2673927958833;Line 70;0;249.002680785548
-23.436830371;-46.29852423;766.4;39030;186.32417667238423;834.1241766723842;Line 70;0;249.002680785548
-23.436925167;-46.298799295;772.7;39000;186.18096054888508;833.980960548885;Line 70;0;249.002680785548
-23.437019963;-46.299074361;778.0;38970;186.03774442538597;833.837744425386;Line 70;0;249.002680785548
-23.437114758;-46.299349427;782.4;38940;185.89452830188682;833.6945283018867;Line 70;0;249.002680785548
-23.437209552;-46.299624494;786.0;38910;185.75131217838765;833.5513121783877;Line 70;0;249.002680785548
-23.437304347;-46.299899561;788.9;38880;185.6080960548885;833.4080960548885;Line 70;0;249.002680785548
-23.43739914;-46.300174628;789.4;38850;185.46487993138936;833.2648799313893;Line 70;0;249.002680785548
-23.437493933;-46.300449695;788.9;38820;185.32166380789025;833.1216638078902;Line 70;0;249.002680785548
-23.437588726;-46.300724763;788.4;38790;185.1784476843911;832.9784476843911;Line 70;0;249.002680785548
-23.437683518;-46.300999832;784.7;38760;185.03523156089196;832.8352315608919;Line 70;0;249.002680785548
-23.437778309;-46.301274901;779.3;38730;184.8920154373928;832.6920154373928;Line 70;0;249.002680785548
-23.4378731;-46.30154997;774.7;38700;184.74879931389364;832.5487993138936;Line 70;0;249.002680785548
-23.437967891;-46.301825039;773.6;38670;184.60558319039453;832.4055831903945;Line 70;0;249.002680785548
-23.438062681;-46.302100109;775.1;38640;184.46236706689538;832.2623670668953;Line 70;0;249.002680785548
-23.43815747;-46.302375179;777.1;38610;184.31915094339624;832.1191509433962;Line 70;0;249.002680785548
-23.438252259;-46.30265025;780.7;38580;184.1759348198971;831.975934819897;Line 70;0;249.002680785548
-23.438347048;-46.302925321;785.3;38550;184.03271869639795;831.8327186963979;Line 70;0;249.002680785548
-23.438441836;-46.303200392;789.5;38520;183.88950257289883;831.6895025728988;Line 70;0;249.002680785548
-23.438536623;-46.303475464;794.0;38490;183.74628644939966;831.5462864493996;Line 70;0;249.002680785548
-23.43863141;-46.303750536;799.0;38460;183.60307032590052;831.4030703259004;Line 70;0;249.002680785548
-23.438726197;-46.304025609;803.9;38430;183.45985420240137;831.2598542024014;Line 70;0;249.002680785548
-23.438820983;-46.304300681;807.4;38400;183.31663807890223;831.1166380789022;Line 70;0;249.002680785548
-23.438915768;-46.304575755;808.9;38370;183.17342195540311;830.9734219554031;Line 70;0;249.002680785548
-23.439010553;-46.304850828;809.6;38340;183.03020583190397;830.8302058319039;Line 70;0;249.002680785548
-23.439105338;-46.305125902;809.0;38310;182.88698970840483;830.6869897084048;Line 70;0;249.002680785548
-23.439200122;-46.305400976;806.6;38280;182.74377358490565;830.5437735849056;Line 70;0;249.002680785548
-23.439294905;-46.305676051;803.0;38250;182.6005574614065;830.4005574614065;Line 70;0;249.002680785548
-23.439389688;-46.305951126;799.2;38220;182.4573413379074;830.2573413379073;Line 70;0;249.002680785548
-23.439484471;-46.306226202;795.5;38190;182.31412521440825;830.1141252144082;Line 70;0;249.002680785548
-23.439579253;-46.306501277;792.2;38160;182.1709090909091;829.9709090909091;Line 70;0;249.002680785548
-23.439674034;-46.306776354;791.3;38130;182.02769296740996;829.8276929674099;Line 70;0;249.002680785548
-23.439768815;-46.30705143;793.5;38100;181.88447684391082;829.6844768439107;Line 70;0;249.002680785548
-23.439863596;-46.307326507;795.8;38070;181.74126072041167;829.5412607204116;Line 70;0;249.002680785548
-23.439958376;-46.307601584;797.3;38040;181.59804459691253;829.3980445969125;Line 70;0;249.002680785548
-23.440053155;-46.307876662;796.8;38010;181.4548284734134;829.2548284734133;Line 70;0;249.002680785548
-23.440147934;-46.30815174;796.1;37980;181.31161234991424;829.1116123499141;Line 70;0;249.002680785548
-23.440242713;-46.308426818;794.9;37950;181.1683962264151;828.968396226415;Line 70;0;249.002680785548
-23.44033749;-46.308701897;792.9;37920;181.02518010291598;828.825180102916;Line 70;0;249.002680785548
-23.440432268;-46.308976976;791.1;37890;180.88196397941684;828.6819639794168;Line 70;0;249.002680785548
-23.440527045;-46.309252056;790.0;37860;180.73874785591767;828.5387478559176;Line 70;0;249.002680785548
-23.440621821;-46.309527136;790.6;37830;180.59553173241852;828.3955317324185;Line 70;0;249.002680785548
-23.440716597;-46.309802216;791.7;37800;180.45231560891938;828.2523156089194;Line 70;0;249.002680785548
-23.440811373;-46.310077297;792.9;37770;180.30909948542026;828.1090994854202;Line 70;0;249.002680785548
-23.440906148;-46.310352378;792.5;37740;180.16588336192112;827.9658833619211;Line 70;0;249.002680785548
-23.441000922;-46.310627459;792.2;37710;180.02266723842197;827.8226672384219;Line 70;0;249.002680785548
-23.441095696;-46.310902541;791.7;37680;179.87945111492283;827.6794511149228;Line 70;0;249.002680785548
-23.441190469;-46.311177623;790.5;37650;179.73623499142366;827.5362349914236;Line 70;0;249.002680785548
-23.441285242;-46.311452705;789.7;37620;179.59301886792454;827.3930188679245;Line 70;0;249.002680785548
-23.441380015;-46.311727788;789.3;37590;179.4498027444254;827.2498027444253;Line 70;0;249.002680785548
-23.441474787;-46.312002871;787.9;37560;179.30658662092625;827.1065866209262;Line 70;0;249.002680785548
-23.441569558;-46.312277955;786.4;37530;179.1633704974271;826.963370497427;Line 70;0;249.002680785548
-23.441664329;-46.312553039;784.0;37500;179.02015437392797;826.820154373928;Line 70;0;249.002680785548
-23.441759099;-46.312828123;778.4;37470;178.87693825042885;826.6769382504287;Line 70;0;249.002680785548
-23.441853869;-46.313103208;772.7;37440;178.73372212692968;826.5337221269297;Line 70;0;249.002680785548
-23.441948638;-46.313378293;767.4;37410;178.59050600343053;826.3905060034305;Line 70;0;249.002680785548
-23.442043407;-46.313653378;763.2;37380;178.4472898799314;826.2472898799314;Line 70;0;249.002680785548
-23.442138176;-46.313928464;759.1;37350;178.30407375643225;826.1040737564322;Line 70;0;249.002680785548
-23.442232944;-46.31420355;755.4;37320;178.16085763293313;825.9608576329331;Line 70;0;249.002680785548
-23.442327711;-46.314478637;753.3;37290;178.017641509434;825.817641509434;Line 70;0;249.002680785548
-23.442422478;-46.314753724;751.5;37260;177.87442538593484;825.6744253859348;Line 70;0;249.002680785548
-23.442517244;-46.315028811;750.0;37230;177.73120926243567;825.5312092624356;Line 70;0;249.002680785548
-23.44261201;-46.315303899;750.1;37200;177.58799313893653;825.3879931389365;Line 70;0;249.002680785548
-23.442706775;-46.315578987;750.4;37170;177.4447770154374;825.2447770154374;Line 70;0;249.002680785548
-23.44280154;-46.315854075;750.8;37140;177.30156089193827;825.1015608919382;Line 70;0;249.002680785548
-23.442896305;-46.316129164;752.9;37110;177.15834476843912;824.958344768439;Line 70;0;249.002680785548
-23.442991068;-46.316404253;754.7;37080;177.01512864493998;824.8151286449399;Line 70;0;249.002680785548
-23.443085832;-46.316679343;756.4;37050;176.87191252144083;824.6719125214408;Line 70;0;249.002680785548
-23.443180595;-46.316954432;760.6;37020;176.7286963979417;824.5286963979416;Line 70;0;249.002680785548
-23.443275357;-46.317229523;764.8;36990;176.58548027444255;824.3854802744424;Line 70;0;249.002680785548
-23.443370119;-46.317504613;768.3;36960;176.4422641509434;824.2422641509434;Line 70;0;249.002680785548
-23.44346488;-46.317779704;768.3;36930;176.29904802744426;824.0990480274443;Line 70;0;249.002680785548
-23.443559641;-46.318054796;768.3;36900;176.1558319039451;823.9558319039451;Line 70;0;249.002680785548
-23.443654401;-46.318329887;768.6;36870;176.012615780446;823.812615780446;Line 70;0;249.002680785548
-23.443749161;-46.318604979;768.2;36840;175.86939965694685;823.6693996569468;Line 70;0;249.002680785548
-23.44384392;-46.318880072;767.9;36810;175.72618353344768;823.5261835334477;Line 70;0;249.002680785548
-23.443938679;-46.319155165;768.0;36780;175.58296740994854;823.3829674099485;Line 70;0;249.002680785548
-23.444033437;-46.319430258;769.1;36750;175.4397512864494;823.2397512864493;Line 70;0;249.002680785548
-23.444128195;-46.319705352;770.1;36720;175.29653516295028;823.0965351629502;Line 70;0;249.002680785548
-23.444222952;-46.319980446;771.0;36690;175.15331903945113;822.9533190394511;Line 70;0;249.002680785548
-23.444317709;-46.32025554;771.3;36660;175.010102915952;822.8101029159519;Line 70;0;249.002680785548
-23.444412465;-46.320530635;771.2;36630;174.86688679245285;822.6668867924528;Line 70;0;249.002680785548
-23.444507221;-46.32080573;770.5;36600;174.7236706689537;822.5236706689536;Line 70;0;249.002680785548
-23.444601977;-46.321080825;767.4;36570;174.58045454545456;822.3804545454545;Line 70;0;249.002680785548
-23.444696731;-46.321355921;764.2;36540;174.4372384219554;822.2372384219553;Line 70;0;249.002680785548
-23.444791486;-46.321631017;761.2;36510;174.29402229845627;822.0940222984563;Line 70;0;249.002680785548
-23.444886239;-46.321906114;757.1;36480;174.15080617495713;821.950806174957;Line 70;0;249.002680785548
-23.444980993;-46.322181211;753.0;36450;174.00759005145798;821.807590051458;Line 70;0;249.002680785548
-23.445075745;-46.322456308;749.9;36420;173.86437392795887;821.6643739279589;Line 70;0;249.002680785548
-23.445170498;-46.322731405;748.3;36390;173.7211578044597;821.5211578044597;Line 70;0;249.002680785548
-23.445265249;-46.323006503;747.2;36360;173.57794168096055;821.3779416809605;Line 70;0;249.002680785548
-23.445360001;-46.323281602;746.2;36330;173.4347255574614;821.2347255574614;Line 70;0;249.002680785548
-23.445454751;-46.323556701;745.6;36300;173.29150943396226;821.0915094339622;Line 70;0;249.002680785548
-23.445549502;-46.3238318;745.1;36270;173.14829331046315;820.9482933104631;Line 70;0;249.002680785548
-23.445644251;-46.324106899;744.5;36240;173.005077186964;820.8050771869639;Line 70;0;249.002680785548
-23.445739;-46.324381999;744.7;36210;172.86186106346486;820.6618610634648;Line 70;0;249.002680785548
-23.445833749;-46.324657099;745.2;36180;172.7186449399657;820.5186449399657;Line 70;0;249.002680785548
-23.445928497;-46.3249322;745.8;36150;172.57542881646654;820.3754288164665;Line 70;0;249.002680785548
-23.446023245;-46.325207301;746.2;36120;172.43221269296743;820.2322126929673;Line 70;0;249.002680785548
-23.446117992;-46.325482402;746.6;36090;172.28899656946828;820.0889965694682;Line 70;0;249.002680785548
-23.446212739;-46.325757504;746.9;36060;172.14578044596914;819.9457804459691;Line 70;0;249.002680785548
-23.446307485;-46.326032606;746.4;36030;172.00256432247;819.80256432247;Line 70;0;249.002680785548
-23.446402231;-46.326307709;745.5;36000;171.85934819897085;819.6593481989707;Line 70;0;249.002680785548
-23.446496976;-46.326582812;744.6;35970;171.7161320754717;819.5161320754717;Line 70;0;249.002680785548
-23.446591721;-46.326857915;743.9;35940;171.57291595197256;819.3729159519726;Line 70;0;249.002680785548
-23.446686465;-46.327133018;743.4;35910;171.42969982847342;819.2296998284734;Line 70;0;249.002680785548
-23.446781209;-46.327408122;743.1;35880;171.28648370497427;819.0864837049742;Line 70;0;249.002680785548
-23.446875952;-46.327683227;742.8;35850;171.14326758147513;818.9432675814751;Line 70;0;249.002680785548
-23.446970695;-46.327958331;742.7;35820;171.000051457976;818.800051457976;Line 70;0;249.002680785548
-23.447065437;-46.328233436;742.5;35790;170.85683533447687;818.6568353344768;Line 70;0;249.002680785548
-23.447160178;-46.328508542;742.6;35760;170.71361921097773;818.5136192109777;Line 70;0;249.002680785548
-23.44725492;-46.328783648;742.6;35730;170.57040308747855;818.3704030874785;Line 70;0;249.002680785548
-23.44734966;-46.329058754;742.4;35700;170.4271869639794;818.2271869639794;Line 70;0;249.002680785548
-23.4474444;-46.32933386;744.4;35670;170.2839708404803;818.0839708404802;Line 70;0;249.002680785548
-23.44753914;-46.329608967;747.5;35640;170.14075471698115;817.9407547169811;Line 70;0;249.002680785548
-23.447633879;-46.329884075;749.9;35610;169.997538593482;817.7975385934819;Line 70;0;249.002680785548
-23.447728618;-46.330159182;752.9;35580;169.85432246998286;817.6543224699828;Line 70;0;249.002680785548
-23.447823356;-46.33043429;756.2;35550;169.71110634648372;817.5111063464836;Line 70;0;249.002680785548
-23.447918094;-46.330709399;759.0;35520;169.56789022298457;817.3678902229846;Line 70;0;249.002680785548
-23.448012831;-46.330984507;761.9;35490;169.42467409948543;817.2246740994854;Line 70;0;249.002680785548
-23.448107567;-46.331259617;765.9;35460;169.28145797598629;817.0814579759863;Line 70;0;249.002680785548
-23.448202303;-46.331534726;770.5;35430;169.13824185248714;816.9382418524871;Line 70;0;249.002680785548
-23.448297039;-46.331809836;773.0;35400;168.995025728988;816.795025728988;Line 70;0;249.002680785548
-23.448391774;-46.332084946;772.5;35370;168.85180960548888;816.6518096054888;Line 70;0;249.002680785548
-23.448486509;-46.332360057;771.8;35340;168.70859348198974;816.5085934819897;Line 70;0;249.002680785548
-23.448581243;-46.332635168;770.0;35310;168.56537735849057;816.3653773584905;Line 70;0;249.002680785548
-23.448675976;-46.332910279;766.9;35280;168.42216123499142;816.2221612349914;Line 70;0;249.002680785548
-23.448770709;-46.333185391;764.2;35250;168.27894511149228;816.0789451114922;Line 70;0;249.002680785548
-23.448865442;-46.333460503;761.0;35220;168.13572898799316;815.9357289879931;Line 70;0;249.002680785548
-23.448960174;-46.333735615;756.4;35190;167.99251286449402;815.792512864494;Line 70;0;249.002680785548
-23.449054906;-46.334010728;751.3;35160;167.84929674099487;815.6492967409948;Line 70;0;249.002680785548
-23.449149637;-46.334285841;746.8;35130;167.70608061749573;815.5060806174956;Line 70;0;249.002680785548
-23.449244367;-46.334560955;744.7;35100;167.56286449399656;815.3628644939965;Line 70;0;249.002680785548
-23.449339097;-46.334836069;743.3;35070;167.41964837049744;815.2196483704975;Line 70;0;249.002680785548
-23.449433827;-46.335111183;742.8;35040;167.2764322469983;815.0764322469983;Line 70;0;249.002680785548
-23.449528556;-46.335386298;743.2;35010;167.13321612349915;814.933216123499;Line 70;0;249.002680785548
-23.449623285;-46.335661413;743.8;34980;166.99;814.79;Line 70;0;249.002680785548
-23.449718013;-46.335936528;745.0;34950;166.84678387650087;814.6467838765009;Line 70;0;249.002680785548
-23.44981274;-46.336211644;747.2;34920;166.70356775300175;814.5035677530017;Line 70;0;249.002680785548
-23.449907467;-46.33648676;749.4;34890;166.56035162950258;814.3603516295025;Line 70;0;249.002680785548
-23.450002194;-46.336761877;752.5;34860;166.41713550600343;814.2171355060034;Line 70;0;249.002680785548
-23.45009692;-46.337036994;756.9;34830;166.2739193825043;814.0739193825043;Line 70;0;249.002680785548
-23.450191645;-46.337312111;761.5;34800;166.13070325900514;813.9307032590051;Line 70;0;249.002680785548
-23.45028637;-46.337587229;765.5;34770;165.98748713550603;813.787487135506;Line 70;0;249.002680785548
-23.450381095;-46.337862347;768.4;34740;165.84427101200689;813.6442710120068;Line 70;0;249.002680785548
-23.450475819;-46.338137465;771.3;34710;165.70105488850774;813.5010548885077;Line 70;0;249.002680785548
-23.450570542;-46.338412584;773.9;34680;165.55783876500857;813.3578387650085;Line 70;0;249.002680785548
-23.450665265;-46.338687703;776.0;34650;165.41462264150942;813.2146226415093;Line 70;0;249.002680785548
-23.450759988;-46.338962823;778.2;34620;165.2714065180103;813.0714065180102;Line 70;0;249.002680785548
-23.45085471;-46.339237942;780.1;34590;165.12819039451117;812.9281903945111;Line 70;0;249.002680785548
-23.450949431;-46.339513063;780.4;34560;164.98497427101202;812.784974271012;Line 70;0;249.002680785548
-23.451044152;-46.339788183;781.0;34530;164.84175814751288;812.6417581475129;Line 70;0;249.002680785548
-23.451138873;-46.340063304;781.4;34500;164.69854202401373;812.4985420240137;Line 70;0;249.002680785548
-23.451233593;-46.340338426;780.6;34470;164.5553259005146;812.3553259005146;Line 70;0;249.002680785548
-23.451328312;-46.340613547;780.4;34440;164.41210977701544;812.2121097770154;Line 70;0;249.002680785548
-23.451423031;-46.340888669;780.2;34410;164.2688936535163;812.0688936535163;Line 70;0;249.002680785548
-23.45151775;-46.341163792;777.6;34380;164.12567753001716;811.9256775300171;Line 70;0;249.002680785548
-23.451612468;-46.341438915;775.1;34350;163.982461406518;811.782461406518;Line 70;0;249.002680785548
-23.451707185;-46.341714038;773.1;34320;163.8392452830189;811.6392452830189;Line 70;0;249.002680785548
-23.451801902;-46.341989162;772.3;34290;163.69602915951975;811.4960291595197;Line 70;0;249.002680785548
-23.451896619;-46.342264285;771.6;34260;163.55281303602058;811.3528130360205;Line 70;0;249.002680785548
-23.451991335;-46.34253941;771.6;34230;163.40959691252144;811.2095969125214;Line 70;0;249.002680785548
-23.45208605;-46.342814534;774.8;34200;163.2663807890223;811.0663807890222;Line 70;0;249.002680785548
-23.452180765;-46.34308966;777.5;34170;163.12316466552318;810.9231646655231;Line 70;0;249.002680785548
-23.452275479;-46.343364785;779.9;34140;162.97994854202403;810.7799485420239;Line 70;0;249.002680785548
-23.452370193;-46.343639911;782.7;34110;162.8367324185249;810.6367324185248;Line 70;0;249.002680785548
-23.452464907;-46.343915037;785.1;34080;162.69351629502574;810.4935162950258;Line 70;0;249.002680785548
-23.45255962;-46.344190163;787.0;34050;162.55030017152657;810.3503001715266;Line 70;0;249.002680785548
-23.452654332;-46.34446529;788.1;34020;162.40708404802746;810.2070840480274;Line 70;0;249.002680785548
-23.452749044;-46.344740418;788.2;33990;162.2638679245283;810.0638679245283;Line 70;0;249.002680785548
-23.452843755;-46.345015545;787.4;33960;162.12065180102917;809.9206518010292;Line 70;0;249.002680785548
-23.452938466;-46.345290673;785.1;33930;161.97743567753002;809.77743567753;Line 70;0;249.002680785548
-23.453033177;-46.345565802;783.0;33900;161.83421955403088;809.6342195540308;Line 70;0;249.002680785548
-23.453127887;-46.34584093;781.3;33870;161.69100343053177;809.4910034305317;Line 70;0;249.002680785548
-23.453222596;-46.346116059;785.3;33840;161.5477873070326;809.3477873070326;Line 70;0;249.002680785548
-23.453317305;-46.346391189;790.1;33810;161.40457118353345;809.2045711835334;Line 70;0;249.002680785548
-23.453412013;-46.346666319;795.0;33780;161.2613550600343;809.0613550600342;Line 70;0;249.002680785548
-23.453506721;-46.346941449;792.2;33750;161.11813893653516;808.9181389365351;Line 70;0;249.002680785548
-23.453601428;-46.34721658;789.6;33720;160.97492281303604;808.774922813036;Line 70;0;249.002680785548
-23.453696135;-46.347491711;787.1;33690;160.8317066895369;808.6317066895368;Line 70;0;249.002680785548
-23.453790842;-46.347766842;784.4;33660;160.68849056603776;808.4884905660377;Line 70;0;249.002680785548
-23.453885547;-46.348041974;782.0;33630;160.5452744425386;808.3452744425385;Line 70;0;249.002680785548
-23.453980253;-46.348317106;780.0;33600;160.40205831903944;808.2020583190395;Line 70;0;249.002680785548
-23.454074958;-46.348592238;777.9;33570;160.25884219554032;808.0588421955403;Line 70;0;249.002680785548
-23.454169662;-46.348867371;775.8;33540;160.11562607204118;807.9156260720412;Line 70;0;249.002680785548
-23.454264366;-46.349142504;772.7;33510;159.97240994854204;807.772409948542;Line 70;0;249.002680785548
-23.454359069;-46.349417638;770.0;33480;159.8291938250429;807.6291938250429;Line 70;0;249.002680785548
-23.454453772;-46.349692772;768.1;33450;159.68597770154375;807.4859777015437;Line 70;0;249.002680785548
-23.454548474;-46.349967906;767.1;33420;159.5427615780446;807.3427615780446;Line 70;0;249.002680785548
-23.454643176;-46.350243041;769.0;33390;159.39954545454546;807.1995454545454;Line 70;0;249.002680785548
-23.454737877;-46.350518176;771.4;33360;159.25632933104632;807.0563293310463;Line 70;0;249.002680785548
-23.454832578;-46.350793311;774.0;33330;159.11311320754717;806.9131132075471;Line 70;0;249.002680785548
-23.454927279;-46.351068447;776.1;33300;158.96989708404803;806.769897084048;Line 70;0;249.002680785548
-23.455021978;-46.351343583;777.5;33270;158.8266809605489;806.6266809605488;Line 70;0;249.002680785548
-23.455116678;-46.35161872;779.0;33240;158.68346483704977;806.4834648370497;Line 70;0;249.002680785548
-23.455211376;-46.351893856;781.6;33210;158.54024871355062;806.3402487135506;Line 70;0;249.002680785548
-23.455306075;-46.352168994;784.3;33180;158.39703259005145;806.1970325900514;Line 70;0;249.002680785548
-23.455400772;-46.352444131;787.0;33150;158.2538164665523;806.0538164665522;Line 70;0;249.002680785548
-23.45549547;-46.352719269;788.6;33120;158.1106003430532;805.9106003430531;Line 70;0;249.002680785548
-23.455590167;-46.352994408;790.1;33090;157.96738421955405;805.7673842195541;Line 70;0;249.002680785548
-23.455684863;-46.353269546;791.5;33060;157.8241680960549;805.6241680960549;Line 70;0;249.002680785548
-23.455779559;-46.353544686;790.9;33030;157.68095197255576;805.4809519725557;Line 70;0;249.002680785548
-23.455874254;-46.353819825;789.8;33000;157.53773584905662;805.3377358490566;Line 70;0;249.002680785548
-23.455968949;-46.354094965;789.0;32970;157.39451972555747;805.1945197255575;Line 70;0;249.002680785548
-23.456063643;-46.354370105;786.5;32940;157.25130360205833;805.0513036020583;Line 70;0;249.002680785548
-23.456158337;-46.354645246;783.4;32910;157.10808747855918;804.9080874785591;Line 70;0;249.002680785548
-23.45625303;-46.354920387;780.1;32880;156.96487135506004;804.76487135506;Line 70;0;249.002680785548
-23.456347723;-46.355195528;777.4;32850;156.8216552315609;804.6216552315609;Line 70;0;249.002680785548
-23.456442415;-46.35547067;775.1;32820;156.67843910806178;804.4784391080617;Line 70;0;249.002680785548
-23.456537106;-46.355745812;772.7;32790;156.53522298456264;804.3352229845626;Line 70;0;249.002680785548
-23.456631798;-46.356020954;771.2;32760;156.39200686106346;804.1920068610634;Line 70;0;249.002680785548
-23.456726488;-46.356296097;770.5;32730;156.24879073756432;804.0487907375643;Line 70;0;249.002680785548
-23.456821179;-46.35657124;769.4;32700;156.10557461406518;803.9055746140651;Line 70;0;249.002680785548
-23.456915868;-46.356846384;767.0;32670;155.96235849056606;803.762358490566;Line 70;0;249.002680785548
-23.457010557;-46.357121528;764.2;32640;155.81914236706692;803.6191423670668;Line 70;0;249.002680785548
-23.457105246;-46.357396672;761.6;32610;155.67592624356777;803.4759262435678;Line 70;0;249.002680785548
-23.457199934;-46.357671817;758.9;32580;155.53271012006863;803.3327101200686;Line 70;0;249.002680785548
-23.457294622;-46.357946962;756.0;32550;155.38949399656946;803.1894939965694;Line 70;0;249.002680785548
-23.457389309;-46.358222107;753.1;32520;155.24627787307034;803.0462778730703;Line 70;0;249.002680785548
-23.457483996;-46.358497253;751.0;32490;155.1030617495712;802.9030617495712;Line 70;0;249.002680785548
-23.457578682;-46.358772399;749.7;32460;154.95984562607205;802.759845626072;Line 70;0;249.002680785548
-23.457673368;-46.359047545;748.4;32430;154.8166295025729;802.6166295025729;Line 70;0;249.002680785548
-23.457768053;-46.359322692;748.3;32400;154.67341337907376;802.4734133790737;Line 70;0;249.002680785548
-23.457862738;-46.359597839;748.6;32370;154.53019725557465;802.3301972555746;Line 70;0;249.002680785548
-23.457957422;-46.359872987;748.2;32340;154.38698113207548;802.1869811320754;Line 70;0;249.002680785548
-23.458052105;-46.360148135;749.0;32310;154.24376500857633;802.0437650085763;Line 70;0;249.002680785548
-23.458146788;-46.360423283;750.8;32280;154.1005488850772;801.9005488850771;Line 70;0;249.002680785548
-23.458241471;-46.360698432;752.2;32250;153.95733276157804;801.757332761578;Line 70;0;249.002680785548
-23.458336153;-46.360973581;754.0;32220;153.81411663807893;801.6141166380789;Line 70;0;249.002680785548
-23.458430835;-46.361248731;756.9;32190;153.67090051457978;801.4709005145797;Line 70;0;249.002680785548
-23.458525516;-46.361523881;759.4;32160;153.52768439108064;801.3276843910805;Line 70;0;249.002680785548
-23.458620197;-46.361799031;760.3;32130;153.38446826758147;801.1844682675815;Line 70;0;249.002680785548
-23.458714877;-46.362074181;760.0;32100;153.24125214408232;801.0412521440823;Line 70;0;249.002680785548
-23.458809556;-46.362349332;759.6;32070;153.0980360205832;800.8980360205832;Line 70;0;249.002680785548
-23.458904235;-46.362624484;757.2;32040;152.95481989708406;800.754819897084;Line 70;0;249.002680785548
-23.458998914;-46.362899635;752.5;32010;152.81160377358492;800.6116037735849;Line 70;0;249.002680785548
-23.459093592;-46.363174787;747.9;31980;152.66838765008578;800.4683876500858;Line 70;0;249.002680785548
-23.45918827;-46.36344994;744.5;31950;152.52517152658663;800.3251715265866;Line 70;0;249.002680785548
-23.459282947;-46.363725092;743.3;31920;152.3819554030875;800.1819554030874;Line 70;0;249.002680785548
-23.459377623;-46.364000246;742.2;31890;152.23873927958834;800.0387392795883;Line 70;0;249.002680785548
-23.459472299;-46.364275399;741.6;31860;152.0955231560892;799.8955231560892;Line 70;0;249.002680785548
-23.459566975;-46.364550553;741.5;31830;151.95230703259006;799.75230703259;Line 70;0;249.002680785548
-23.45966165;-46.364825707;741.6;31800;151.8090909090909;799.6090909090908;Line 70;0;249.002680785548
-23.459756325;-46.365100862;742.3;31770;151.6658747855918;799.4658747855917;Line 70;0;249.002680785548
-23.459850999;-46.365376017;744.3;31740;151.52265866209265;799.3226586620926;Line 70;0;249.002680785548
-23.459945672;-46.365651172;746.5;31710;151.37944253859348;799.1794425385934;Line 70;0;249.002680785548
-23.460040345;-46.365926328;749.1;31680;151.23622641509434;799.0362264150942;Line 70;0;249.002680785548
-23.460135018;-46.366201484;752.2;31650;151.0930102915952;798.8930102915951;Line 70;0;249.002680785548
-23.46022969;-46.366476641;755.2;31620;150.94979416809608;798.7497941680961;Line 70;0;249.002680785548
-23.460324361;-46.366751798;758.3;31590;150.80657804459693;798.6065780445969;Line 70;0;249.002680785548
-23.460419032;-46.367026955;762.0;31560;150.6633619210978;798.4633619210978;Line 70;0;249.002680785548
-23.460513703;-46.367302112;765.5;31530;150.52014579759864;798.3201457975986;Line 70;0;249.002680785548
-23.460608373;-46.36757727;769.3;31500;150.37692967409947;798.1769296740995;Line 70;0;249.002680785548
-23.460703042;-46.367852429;774.3;31470;150.23371355060036;798.0337135506003;Line 70;0;249.002680785548
-23.460797711;-46.368127587;778.9;31440;150.0904974271012;797.8904974271012;Line 70;0;249.002680785548
-23.46089238;-46.368402746;781.4;31410;149.94728130360207;797.747281303602;Line 70;0;249.002680785548
-23.460987048;-46.368677906;779.1;31380;149.80406518010292;797.6040651801029;Line 70;0;249.002680785548
-23.461081715;-46.368953066;776.7;31350;149.66084905660378;797.4608490566037;Line 70;0;249.002680785548
-23.461176382;-46.369228226;774.3;31320;149.51763293310466;797.3176329331046;Line 70;0;249.002680785548
-23.461271049;-46.369503386;771.3;31290;149.3744168096055;797.1744168096054;Line 70;0;249.002680785548
-23.461365715;-46.369778547;767.9;31260;149.23120068610635;797.0312006861063;Line 70;0;249.002680785548
-23.46146038;-46.370053709;764.4;31230;149.0879845626072;796.8879845626071;Line 70;0;249.002680785548
-23.461555045;-46.37032887;762.7;31200;148.94476843910806;796.744768439108;Line 70;0;249.002680785548
-23.46164971;-46.370604032;760.8;31170;148.80155231560894;796.6015523156088;Line 70;0;249.002680785548
-23.461744374;-46.370879195;758.8;31140;148.6583361921098;796.4583361921098;Line 70;0;249.002680785548
-23.461839037;-46.371154357;756.2;31110;148.51512006861066;796.3151200686107;Line 70;0;249.002680785548
-23.4619337;-46.371429521;754.1;31080;148.37190394511148;796.1719039451115;Line 70;0;249.002680785548
-23.462028362;-46.371704684;753.4;31050;148.22868782161234;796.0286878216123;Line 70;0;249.002680785548
-23.462123024;-46.371979848;758.3;31020;148.08547169811322;795.8854716981132;Line 70;0;249.002680785548
-23.462217686;-46.372255012;763.5;30990;147.94225557461408;795.7422555746141;Line 70;0;249.002680785548
-23.462312347;-46.372530177;768.5;30960;147.79903945111494;795.5990394511149;Line 70;0;249.002680785548
-23.462407007;-46.372805342;767.9;30930;147.6558233276158;795.4558233276157;Line 70;0;249.002680785548
-23.462501667;-46.373080507;766.9;30900;147.51260720411665;795.3126072041166;Line 70;0;249.002680785548
-23.462596326;-46.373355673;765.5;30870;147.3693910806175;795.1693910806175;Line 70;0;249.002680785548
-23.462690985;-46.373630839;761.6;30840;147.22617495711836;795.0261749571183;Line 70;0;249.002680785548
-23.462785644;-46.373906005;757.5;30810;147.08295883361922;794.8829588336191;Line 70;0;249.002680785548
-23.462880302;-46.374181172;753.4;30780;146.93974271012007;794.73974271012;Line 70;0;249.002680785548
-23.462974959;-46.37445634;754.8;30750;146.79652658662093;794.5965265866209;Line 70;0;249.002680785548
-23.463069616;-46.374731507;756.7;30720;146.6533104631218;794.4533104631217;Line 70;0;249.002680785548
-23.463164272;-46.375006675;759.1;30690;146.51009433962267;794.3100943396227;Line 70;0;249.002680785548
-23.463258928;-46.375281843;764.2;30660;146.3668782161235;794.1668782161235;Line 70;0;249.002680785548
-23.463353583;-46.375557012;769.7;30630;146.22366209262435;794.0236620926244;Line 70;0;249.002680785548
-23.463448238;-46.375832181;775.0;30600;146.0804459691252;793.8804459691252;Line 70;0;249.002680785548
-23.463542893;-46.37610735;775.3;30570;145.93722984562606;793.737229845626;Line 70;0;249.002680785548
-23.463637547;-46.37638252;775.7;30540;145.79401372212695;793.5940137221269;Line 70;0;249.002680785548
-23.4637322;-46.37665769;776.0;30510;145.6507975986278;793.4507975986278;Line 70;0;249.002680785548
-23.463826853;-46.376932861;771.5;30480;145.50758147512866;793.3075814751286;Line 70;0;249.002680785548
-23.463921505;-46.377208032;766.9;30450;145.36436535162952;793.1643653516295;Line 70;0;249.002680785548
-23.464016157;-46.377483203;762.3;30420;145.22114922813034;793.0211492281303;Line 70;0;249.002680785548
-23.464110808;-46.377758375;758.4;30390;145.07793310463123;792.8779331046312;Line 70;0;249.002680785548
-23.464205459;-46.378033547;754.2;30360;144.93471698113208;792.734716981132;Line 70;0;249.002680785548
-23.464300109;-46.378308719;750.2;30330;144.79150085763294;792.5915008576329;Line 70;0;249.002680785548
-23.464394759;-46.378583892;748.2;30300;144.6482847341338;792.4482847341337;Line 70;0;249.002680785548
-23.464489408;-46.378859065;746.6;30270;144.50506861063465;792.3050686106346;Line 70;0;249.002680785548
-23.464584057;-46.379134238;745.2;30240;144.3618524871355;792.1618524871354;Line 70;0;249.002680785548
-23.464678706;-46.379409412;747.2;30210;144.21863636363636;792.0186363636363;Line 70;0;249.002680785548
-23.464773353;-46.379684587;749.6;30180;144.07542024013722;791.8754202401371;Line 70;0;249.002680785548
-23.464868001;-46.379959761;752.2;30150;143.93220411663808;791.7322041166381;Line 70;0;249.002680785548
-23.464962647;-46.380234936;756.0;30120;143.78898799313893;791.5889879931389;Line 70;0;249.002680785548
-23.465057294;-46.380510111;759.9;30090;143.64577186963982;791.4457718696398;Line 70;0;249.002680785548
-23.465151939;-46.380785287;763.8;30060;143.50255574614067;791.3025557461406;Line 70;0;249.002680785548
-23.465246585;-46.381060463;764.7;30030;143.35933962264153;791.1593396226415;Line 70;0;249.002680785548
-23.465341229;-46.38133564;764.8;30000;143.21612349914236;791.0161234991423;Line 70;0;249.002680785548
-23.465435874;-46.381610816;764.5;29970;143.0729073756432;790.8729073756432;Line 70;0;249.002680785548
-23.465530517;-46.381885994;763.2;29940;142.9296912521441;790.729691252144;Line 70;0;249.002680785548
-23.465625161;-46.382161171;761.7;29910;142.78647512864495;790.5864751286449;Line 70;0;249.002680785548
-23.465719803;-46.382436349;760.0;29880;142.6432590051458;790.4432590051458;Line 70;0;249.002680785548
-23.465814446;-46.382711527;757.6;29850;142.50004288164666;790.3000428816466;Line 70;0;249.002680785548
-23.465909087;-46.382986706;755.1;29820;142.35682675814752;790.1568267581474;Line 70;0;249.002680785548
-23.466003728;-46.383261885;753.2;29790;142.21361063464838;790.0136106346483;Line 70;0;249.002680785548
-23.466098369;-46.383537064;754.5;29760;142.07039451114923;789.8703945111492;Line 70;0;249.002680785548
-23.466193009;-46.383812244;757.6;29730;141.9271783876501;789.72717838765;Line 70;0;249.002680785548
-23.466287649;-46.384087424;761.5;29700;141.78396226415094;789.5839622641508;Line 70;0;249.002680785548
-23.466382288;-46.384362605;765.1;29670;141.6407461406518;789.4407461406518;Line 70;0;249.002680785548
-23.466476927;-46.384637786;768.6;29640;141.49753001715268;789.2975300171527;Line 70;0;249.002680785548
-23.466571565;-46.384912967;772.5;29610;141.35431389365354;789.1543138936535;Line 70;0;249.002680785548
-23.466666203;-46.385188149;773.4;29580;141.21109777015437;789.0110977701543;Line 70;0;249.002680785548
-23.46676084;-46.385463331;771.3;29550;141.06788164665522;788.8678816466552;Line 70;0;249.002680785548
-23.466855477;-46.385738513;769.6;29520;140.92466552315608;788.7246655231561;Line 70;0;249.002680785548
-23.466950113;-46.386013696;768.4;29490;140.78144939965696;788.5814493996569;Line 70;0;249.002680785548
-23.467044748;-46.386288879;768.2;29460;140.63823327615782;788.4382332761578;Line 70;0;249.002680785548
-23.467139384;-46.386564062;768.7;29430;140.49501715265868;788.2950171526586;Line 70;0;249.002680785548
-23.467234018;-46.386839246;768.1;29400;140.35180102915953;788.1518010291595;Line 70;0;249.002680785548
-23.467328652;-46.38711443;765.5;29370;140.20858490566036;788.0085849056603;Line 70;0;249.002680785548
-23.467423286;-46.387389615;761.8;29340;140.06536878216124;787.8653687821612;Line 70;0;249.002680785548
-23.467517919;-46.3876648;757.2;29310;139.9221526586621;787.722152658662;Line 70;0;249.002680785548
-23.467612552;-46.387939985;752.6;29280;139.77893653516296;787.5789365351629;Line 70;0;249.002680785548
-23.467707184;-46.388215171;748.2;29250;139.6357204116638;787.4357204116637;Line 70;0;249.002680785548
-23.467801815;-46.388490357;746.0;29220;139.49250428816467;787.2925042881647;Line 70;0;249.002680785548
-23.467896447;-46.388765543;745.2;29190;139.34928816466555;787.1492881646654;Line 70;0;249.002680785548
-23.467991077;-46.38904073;744.1;29160;139.20607204116638;787.0060720411664;Line 70;0;249.002680785548
-23.468085707;-46.389315917;743.4;29130;139.06285591766724;786.8628559176672;Line 70;0;249.002680785548
-23.468180337;-46.389591105;743.2;29100;138.9196397941681;786.7196397941681;Line 70;0;249.002680785548
-23.468274966;-46.389866292;743.1;29070;138.77642367066895;786.5764236706689;Line 70;0;249.002680785548
-23.468369595;-46.390141481;744.8;29040;138.63320754716983;786.4332075471698;Line 70;0;249.002680785548
-23.468464223;-46.390416669;748.2;29010;138.4899914236707;786.2899914236707;Line 70;0;249.002680785548
-23.46855885;-46.390691858;751.6;28980;138.34677530017154;786.1467753001715;Line 70;0;249.002680785548
-23.468653477;-46.390967048;754.9;28950;138.20355917667237;786.0035591766723;Line 70;0;249.002680785548
-23.468748104;-46.391242237;758.4;28920;138.06034305317323;785.8603430531732;Line 70;0;249.002680785548
-23.46884273;-46.391517427;762.2;28890;137.9171269296741;785.7171269296741;Line 70;0;249.002680785548
-23.468937355;-46.391792618;766.2;28860;137.77391080617497;785.5739108061749;Line 70;0;249.002680785548
-23.46903198;-46.392067809;770.6;28830;137.63069468267582;785.4306946826757;Line 70;0;249.002680785548
-23.469126605;-46.392343;775.3;28800;137.48747855917668;785.2874785591766;Line 70;0;249.002680785548
-23.469221229;-46.392618192;778.8;28770;137.34426243567754;785.1442624356775;Line 70;0;249.002680785548
-23.469315852;-46.392893384;780.9;28740;137.2010463121784;785.0010463121783;Line 70;0;249.002680785548
-23.469410475;-46.393168576;783.2;28710;137.05783018867925;784.8578301886791;Line 70;0;249.002680785548
-23.469505098;-46.393443769;784.9;28680;136.9146140651801;784.7146140651801;Line 70;1;249.002680785548
-23.46959972;-46.393718962;785.3;28650;136.77139794168096;784.571397941681;Line 70;1;249.002680785548
-23.469694341;-46.393994155;785.8;28620;136.62818181818182;784.4281818181818;Line 70;1;249.002680785548
-23.469788962;-46.394269349;786.5;28590;136.4849656946827;784.2849656946827;Line 70;1;249.002680785548
-23.469883583;-46.394544543;788.2;28560;136.34174957118356;784.1417495711835;Line 70;1;249.002680785548
-23.469978203;-46.394819738;790.6;28530;136.19853344768438;783.9985334476844;Line 70;1;249.002680785548
-23.470072822;-46.395094932;790.9;28500;136.05531732418524;783.8553173241852;Line 70;1;249.002680785548
-23.470167441;-46.395370128;788.1;28470;135.9121012006861;783.712101200686;Line 70;1;249.002680785548
-23.47026206;-46.395645323;785.6;28440;135.76888507718698;783.5688850771869;Line 70;1;249.002680785548
-23.470356678;-46.395920519;782.4;28410;135.62566895368784;783.4256689536878;Line 70;0;249.002680785548
-23.470451295;-46.396195716;777.6;28380;135.4824528301887;783.2824528301886;Line 70;0;249.002680785548
-23.470545912;-46.396470912;773.5;28350;135.33923670668955;783.1392367066895;Line 70;0;249.002680785548
-23.470640529;-46.39674611;770.0;28320;135.1960205831904;782.9960205831903;Line 70;0;249.002680785548
-23.470735145;-46.397021307;766.6;28290;135.05280445969126;782.8528044596912;Line 70;0;249.002680785548
-23.47082976;-46.397296505;762.4;28260;134.90958833619212;782.709588336192;Line 70;0;249.002680785548
-23.470924375;-46.397571703;760.0;28230;134.76637221269297;782.566372212693;Line 70;0;249.002680785548
-23.471018989;-46.397846902;759.9;28200;134.62315608919383;782.4231560891938;Line 70;0;249.002680785548
-23.471113603;-46.398122101;758.9;28170;134.47993996569468;782.2799399656947;Line 70;0;249.002680785548
-23.471208217;-46.3983973;757.5;28140;134.33672384219557;782.1367238421956;Line 70;0;249.002680785548
-23.47130283;-46.3986725;756.9;28110;134.1935077186964;781.9935077186964;Line 70;0;249.002680785548
-23.471397442;-46.3989477;755.8;28080;134.05029159519725;781.8502915951972;Line 70;0;249.002680785548
-23.471492054;-46.3992229;754.7;28050;133.9070754716981;781.7070754716981;Line 70;0;249.002680785548
-23.471586665;-46.399498101;755.1;28020;133.76385934819896;781.5638593481989;Line 70;0;249.002680785548
-23.471681276;-46.399773302;755.8;27990;133.62064322469985;781.4206432246998;Line 70;0;249.002680785548
-23.471775886;-46.400048504;755.3;27960;133.4774271012007;781.2774271012006;Line 70;0;249.002680785548
-23.471870496;-46.400323706;751.5;27930;133.33421097770156;781.1342109777015;Line 70;0;249.002680785548
-23.471965106;-46.400598908;747.8;27900;133.19099485420242;780.9909948542024;Line 70;0;249.002680785548
-23.472059715;-46.400874111;744.2;27870;133.04777873070324;780.8477787307032;Line 70;0;249.002680785548
-23.472154323;-46.401149314;740.5;27840;132.90456260720413;780.704562607204;Line 70;0;249.002680785548
-23.472248931;-46.401424517;737.4;27810;132.76134648370498;780.5613464837049;Line 70;0;249.002680785548
-23.472343538;-46.401699721;734.9;27780;132.61813036020584;780.4181303602059;Line 70;0;249.002680785548
-23.472438145;-46.401974925;733.9;27750;132.4749142367067;780.2749142367066;Line 70;0;249.002680785548
-23.472532751;-46.402250129;732.9;27720;132.33169811320755;780.1316981132074;Line 70;0;249.002680785548
-23.472627357;-46.402525334;732.0;27690;132.1884819897084;779.9884819897084;Line 70;0;249.002680785548
-23.472721962;-46.40280054;732.3;27660;132.04526586620926;779.8452658662093;Line 70;0;249.002680785548
-23.472816567;-46.403075745;732.4;27630;131.90204974271012;779.7020497427101;Line 70;0;249.002680785548
-23.472911171;-46.403350951;732.5;27600;131.75883361921098;779.5588336192109;Line 70;0;249.002680785548
-23.473005775;-46.403626157;732.1;27570;131.61561749571183;779.4156174957118;Line 70;0;249.002680785548
-23.473100379;-46.403901364;731.9;27540;131.47240137221272;779.2724013722127;Line 70;0;249.002680785548
-23.473194981;-46.404176571;731.9;27510;131.32918524871357;779.1291852487135;Line 70;0;249.002680785548
-23.473289584;-46.404451779;732.6;27480;131.18596912521443;778.9859691252144;Line 70;0;249.002680785548
-23.473384185;-46.404726987;733.3;27450;131.04275300171525;778.8427530017152;Line 70;0;249.002680785548
-23.473478787;-46.405002195;733.8;27420;130.8995368782161;778.6995368782161;Line 70;0;249.002680785548
-23.473573387;-46.405277403;734.0;27390;130.756320754717;778.5563207547169;Line 70;0;249.002680785548
-23.473667988;-46.405552612;734.3;27360;130.61310463121785;778.4131046312178;Line 70;0;249.002680785548
-23.473762587;-46.405827822;734.5;27330;130.4698885077187;778.2698885077186;Line 70;0;249.002680785548
-23.473857187;-46.406103031;734.0;27300;130.32667238421956;778.1266723842195;Line 70;0;249.002680785548
-23.473951785;-46.406378241;733.3;27270;130.18345626072042;777.9834562607203;Line 70;0;249.002680785548
-23.474046384;-46.406653452;732.5;27240;130.04024013722128;777.8402401372213;Line 70;0;249.002680785548
-23.474140981;-46.406928662;731.5;27210;129.89702401372213;777.6970240137221;Line 70;0;249.002680785548
-23.474235579;-46.407203874;730.9;27180;129.753807890223;777.553807890223;Line 70;0;249.002680785548
-23.474330175;-46.407479085;730.6;27150;129.61059176672384;777.4105917667238;Line 70;0;249.002680785548
-23.474424771;-46.407754297;731.6;27120;129.4673756432247;777.2673756432247;Line 70;0;249.002680785548
-23.474519367;-46.408029509;732.8;27090;129.32415951972558;777.1241595197255;Line 70;0;249.002680785548
-23.474613962;-46.408304722;734.1;27060;129.18094339622644;776.9809433962264;Line 70;0;249.002680785548
-23.474708557;-46.408579935;734.1;27030;129.03772727272727;776.8377272727272;Line 70;0;249.002680785548
-23.474803151;-46.408855148;733.8;27000;128.89451114922812;776.6945111492281;Line 70;0;249.002680785548
-23.474897745;-46.409130362;733.1;26970;128.75129502572898;776.5512950257289;Line 70;0;249.002680785548
-23.474992338;-46.409405576;733.3;26940;128.60807890222986;776.4080789022298;Line 70;0;249.002680785548
-23.475086931;-46.40968079;733.5;26910;128.46486277873072;776.2648627787307;Line 70;0;249.002680785548
-23.475181523;-46.409956005;733.5;26880;128.32164665523158;776.1216466552315;Line 70;0;249.002680785548
-23.475276114;-46.41023122;732.9;26850;128.17843053173243;775.9784305317323;Line 70;0;249.002680785548
-23.475370706;-46.410506436;732.2;26820;128.03521440823326;775.8352144082332;Line 70;0;249.002680785548
-23.475465296;-46.410781652;731.5;26790;127.89199828473414;775.6919982847342;Line 70;0;249.002680785548
-23.475559886;-46.411056868;731.2;26760;127.748782161235;775.548782161235;Line 70;0;249.002680785548
-23.475654476;-46.411332085;731.1;26730;127.60556603773585;775.4055660377358;Line 70;0;249.002680785548
-23.475749065;-46.411607302;731.0;26700;127.46234991423671;775.2623499142367;Line 70;0;249.002680785548
-23.475843654;-46.411882519;730.8;26670;127.31913379073755;775.1191337907375;Line 70;0;249.002680785548
-23.475938242;-46.412157737;730.8;26640;127.17591766723844;774.9759176672384;Line 70;0;249.002680785548
-23.476032829;-46.412432955;731.0;26610;127.0327015437393;774.8327015437393;Line 70;0;249.002680785548
-23.476127417;-46.412708174;731.4;26580;126.88948542024015;774.6894854202401;Line 70;0;249.002680785548
-23.476222003;-46.412983393;731.9;26550;126.74626929674099;774.546269296741;Line 70;0;249.002680785548
-23.476316589;-46.413258612;732.3;26520;126.60305317324185;774.4030531732418;Line 70;0;249.002680785548
-23.476411175;-46.413533832;732.8;26490;126.45983704974273;774.2598370497427;Line 70;0;249.002680785548
-23.47650576;-46.413809052;733.0;26460;126.31662092624357;774.1166209262435;Line 70;0;249.002680785548
-23.476600344;-46.414084272;733.0;26430;126.17340480274443;773.9734048027444;Line 70;0;249.002680785548
-23.476694929;-46.414359493;733.0;26400;126.03018867924528;773.8301886792452;Line 70;0;249.002680785548
-23.476789512;-46.414634714;732.8;26370;125.88697255574614;773.6869725557461;Line 70;0;249.002680785548
-23.476884095;-46.414909935;732.5;26340;125.74375643224701;773.5437564322469;Line 70;0;249.002680785548
-23.476978678;-46.415185157;732.7;26310;125.60054030874787;773.4005403087478;Line 70;0;249.002680785548
-23.47707326;-46.415460379;733.1;26280;125.45732418524872;773.2573241852486;Line 70;0;249.002680785548
-23.477167841;-46.415735602;733.6;26250;125.31410806174956;773.1141080617496;Line 70;0;249.002680785548
-23.477262422;-46.416010825;733.4;26220;125.17089193825042;772.9708919382504;Line 70;0;249.002680785548
-23.477357003;-46.416286048;733.2;26190;125.0276758147513;772.8276758147513;Line 70;0;249.002680785548
-23.477451583;-46.416561272;733.0;26160;124.88445969125216;772.6844596912521;Line 70;0;249.002680785548
-23.477546162;-46.416836496;732.9;26130;124.741243567753;772.541243567753;Line 70;0;249.002680785548
-23.477640741;-46.41711172;732.7;26100;124.59802744425386;772.3980274442538;Line 70;0;249.002680785548
-23.47773532;-46.417386945;732.7;26070;124.45481132075471;772.2548113207547;Line 70;0;249.002680785548
-23.477829898;-46.41766217;733.0;26040;124.31159519725558;772.1115951972555;Line 70;0;249.002680785548
-23.477924475;-46.417937396;733.5;26010;124.16837907375644;771.9683790737564;Line 70;0;249.002680785548
-23.478019052;-46.418212622;734.1;25980;124.0251629502573;771.8251629502572;Line 70;0;249.002680785548
-23.478113629;-46.418487848;735.5;25950;123.88194682675815;771.6819468267581;Line 70;0;249.002680785548
-23.478208205;-46.418763075;737.6;25920;123.738730703259;771.5387307032589;Line 70;0;249.002680785548
-23.47830278;-46.419038302;739.9;25890;123.59551457975988;771.3955145797598;Line 70;0;249.002680785548
-23.478397355;-46.419313529;740.5;25860;123.45229845626073;771.2522984562606;Line 70;0;249.002680785548
-23.478491929;-46.419588757;739.6;25830;123.30908233276158;771.1090823327615;Line 70;0;249.002680785548
-23.478586503;-46.419863985;738.7;25800;123.16586620926243;770.9658662092623;Line 70;0;249.002680785548
-23.478681077;-46.420139213;738.1;25770;123.02265008576329;770.8226500857633;Line 70;0;249.002680785548
-23.47877565;-46.420414442;737.5;25740;122.87943396226417;770.6794339622642;Line 70;0;249.002680785548
-23.478870222;-46.420689671;737.0;25710;122.73621783876501;770.536217838765;Line 70;0;249.002680785548
-23.478964794;-46.420964901;736.9;25680;122.59300171526587;770.3930017152659;Line 70;0;249.002680785548
-23.479059365;-46.421240131;737.3;25650;122.44978559176673;770.2497855917667;Line 70;0;249.002680785548
-23.479153936;-46.421515361;737.8;25620;122.30656946826758;770.1065694682675;Line 70;0;249.002680785548
-23.479248507;-46.421790592;737.9;25590;122.16335334476845;769.9633533447684;Line 70;0;249.002680785548
-23.479343077;-46.422065823;737.5;25560;122.02013722126931;769.8201372212693;Line 70;0;249.002680785548
-23.479437646;-46.422341054;737.2;25530;121.87692109777016;769.6769210977701;Line 70;0;249.002680785548
-23.479532215;-46.422616286;737.2;25500;121.733704974271;769.5337049742709;Line 70;0;249.002680785548
-23.479626783;-46.422891518;737.4;25470;121.59048885077186;769.3904888507718;Line 70;0;249.002680785548
-23.479721351;-46.423166751;737.5;25440;121.44727272727275;769.2472727272727;Line 70;0;249.002680785548
-23.479815918;-46.423441984;737.5;25410;121.30405660377359;769.1040566037735;Line 70;0;249.002680785548
-23.479910485;-46.423717217;737.6;25380;121.16084048027444;768.9608404802744;Line 70;0;249.002680785548
-23.480005052;-46.423992451;737.8;25350;121.0176243567753;768.8176243567752;Line 70;0;249.002680785548
-23.480099617;-46.424267685;737.4;25320;120.87440823327616;768.6744082332762;Line 70;0;249.002680785548
-23.480194183;-46.424542919;736.7;25290;120.73119210977703;768.531192109777;Line 70;0;249.002680785548
-23.480288748;-46.424818154;736.2;25260;120.58797598627788;768.3879759862779;Line 70;0;249.002680785548
-23.480383312;-46.425093389;736.1;25230;120.44475986277874;768.2447598627787;Line 70;0;249.002680785548
-23.480477876;-46.425368624;736.4;25200;120.3015437392796;768.1015437392796;Line 70;0;249.002680785548
-23.480572439;-46.42564386;736.8;25170;120.15832761578044;767.9583276157804;Line 70;0;249.002680785548
-23.480667002;-46.425919097;736.9;25140;120.01511149228132;767.8151114922813;Line 70;0;249.002680785548
-23.480761564;-46.426194333;736.6;25110;119.87189536878218;767.6718953687821;Line 70;0;249.002680785548
-23.480856126;-46.42646957;736.2;25080;119.72867924528302;767.528679245283;Line 70;0;249.002680785548
-23.480950687;-46.426744807;736.0;25050;119.58546312178387;767.3854631217838;Line 70;0;249.002680785548
-23.481045248;-46.427020045;736.0;25020;119.44224699828474;767.2422469982847;Line 70;0;249.002680785548
-23.481139808;-46.427295283;736.0;24990;119.2990308747856;767.0990308747855;Line 70;0;249.002680785548
-23.481234368;-46.427570522;736.1;24960;119.15581475128646;766.9558147512864;Line 70;0;249.002680785548
-23.481328927;-46.42784576;736.4;24930;119.01259862778731;766.8125986277872;Line 70;0;249.002680785548
-23.481423486;-46.428121;736.7;24900;118.86938250428817;766.6693825042881;Line 70;0;249.002680785548
-23.481518044;-46.428396239;737.0;24870;118.72616638078902;766.5261663807889;Line 70;0;249.002680785548
-23.481612602;-46.428671479;736.7;24840;118.58295025728988;766.3829502572898;Line 70;0;249.002680785548
-23.481707159;-46.428946719;736.3;24810;118.43973413379075;766.2397341337908;Line 70;0;249.002680785548
-23.481801716;-46.42922196;735.9;24780;118.2965180102916;766.0965180102916;Line 70;0;249.002680785548
-23.481896272;-46.429497201;735.7;24750;118.15330188679245;765.9533018867924;Line 70;0;249.002680785548
-23.481990828;-46.429772442;735.6;24720;118.01008576329332;765.8100857632933;Line 70;0;249.002680785548
-23.482085383;-46.430047684;735.5;24690;117.86686963979417;765.6668696397942;Line 70;0;249.002680785548
-23.482179938;-46.430322926;735.9;24660;117.72365351629503;765.523653516295;Line 70;0;249.002680785548
-23.482274492;-46.430598169;736.3;24630;117.58043739279589;765.3804373927958;Line 70;0;249.002680785548
-23.482369046;-46.430873412;736.6;24600;117.43722126929674;765.2372212692967;Line 70;0;249.002680785548
-23.482463599;-46.431148655;736.2;24570;117.29400514579761;765.0940051457976;Line 70;0;249.002680785548
-23.482558151;-46.431423898;735.7;24540;117.15078902229845;764.9507890222984;Line 70;0;249.002680785548
-23.482652704;-46.431699142;735.1;24510;117.00757289879932;764.8075728987993;Line 70;0;249.002680785548
-23.482747255;-46.431974387;734.8;24480;116.86435677530018;764.6643567753001;Line 70;0;249.002680785548
-23.482841806;-46.432249631;734.4;24450;116.72114065180102;764.521140651801;Line 70;0;249.002680785548
-23.482936357;-46.432524876;734.1;24420;116.57792452830189;764.3779245283018;Line 70;0;249.002680785548
-23.483030907;-46.432800122;734.7;24390;116.43470840480275;764.2347084048027;Line 70;0;249.002680785548
-23.483125457;-46.433075368;735.4;24360;116.29149228130362;764.0914922813035;Line 70;0;249.002680785548
-23.483220006;-46.433350614;736.0;24330;116.14827615780446;763.9482761578045;Line 70;0;249.002680785548
-23.483314554;-46.43362586;736.0;24300;116.00506003430532;763.8050600343053;Line 70;0;249.002680785548
-23.483409103;-46.433901107;735.9;24270;115.86184391080619;763.6618439108062;Line 70;0;249.002680785548
-23.48350365;-46.434176355;735.8;24240;115.71862778730704;763.518627787307;Line 70;0;249.002680785548
-23.483598197;-46.434451602;735.8;24210;115.5754116638079;763.3754116638079;Line 70;0;249.002680785548
-23.483692744;-46.43472685;735.9;24180;115.43219554030875;763.2321955403087;Line 70;0;249.002680785548
-23.48378729;-46.435002099;736.0;24150;115.28897941680961;763.0889794168096;Line 70;0;249.002680785548
-23.483881836;-46.435277347;735.4;24120;115.14576329331047;762.9457632933104;Line 70;0;249.002680785548
-23.483976381;-46.435552597;734.8;24090;115.00254716981132;762.8025471698113;Line 70;0;249.002680785548
-23.484070925;-46.435827846;734.1;24060;114.85933104631219;762.6593310463121;Line 70;0;249.002680785548
-23.484165469;-46.436103096;733.4;24030;114.71611492281305;762.516114922813;Line 70;0;249.002680785548
-23.484260013;-46.436378346;732.7;24000;114.57289879931389;762.3728987993138;Line 70;0;249.002680785548
-23.484354556;-46.436653597;732.0;23970;114.42968267581476;762.2296826758147;Line 70;0;249.002680785548
-23.484449098;-46.436928848;732.4;23940;114.28646655231562;762.0864665523155;Line 70;0;249.002680785548
-23.48454364;-46.437204099;732.9;23910;114.14325042881647;761.9432504288164;Line 70;0;249.002680785548
-23.484638182;-46.437479351;733.5;23880;114.00003430531733;761.8000343053172;Line 70;0;249.002680785548
-23.484732723;-46.437754603;733.5;23850;113.85681818181818;761.6568181818182;Line 70;0;249.002680785548
-23.484827263;-46.438029855;733.3;23820;113.71360205831905;761.5136020583191;Line 70;0;249.002680785548
-23.484921803;-46.438305108;733.0;23790;113.5703859348199;761.3703859348199;Line 70;0;249.002680785548
-23.485016343;-46.438580361;734.2;23760;113.42716981132077;761.2271698113207;Line 70;0;249.002680785548
-23.485110882;-46.438855615;735.2;23730;113.28395368782162;761.0839536878216;Line 70;0;249.002680785548
-23.48520542;-46.439130869;735.9;23700;113.14073756432246;760.9407375643224;Line 70;0;249.002680785548
-23.485299958;-46.439406123;735.6;23670;112.99752144082333;760.7975214408233;Line 70;0;249.002680785548
-23.485394496;-46.439681378;735.1;23640;112.85430531732419;760.6543053173241;Line 70;0;249.002680785548
-23.485489033;-46.439956633;734.7;23610;112.71108919382506;760.511089193825;Line 70;0;249.002680785548
-23.485583569;-46.440231888;734.9;23580;112.5678730703259;760.3678730703259;Line 70;0;249.002680785548
-23.485678105;-46.440507144;735.3;23550;112.42465694682676;760.2246569468267;Line 70;0;249.002680785548
-23.485772641;-46.4407824;736.0;23520;112.28144082332763;760.0814408233276;Line 70;0;249.002680785548
-23.485867176;-46.441057656;738.3;23490;112.13822469982847;759.9382246998284;Line 70;0;249.002680785548
-23.48596171;-46.441332913;740.5;23460;111.99500857632934;759.7950085763293;Line 70;0;249.002680785548
-23.486056244;-46.44160817;742.3;23430;111.8517924528302;759.6517924528301;Line 70;0;249.002680785548
-23.486150777;-46.441883428;740.9;23400;111.70857632933105;759.508576329331;Line 70;0;249.002680785548
-23.48624531;-46.442158686;739.0;23370;111.56536020583191;759.3653602058318;Line 70;0;249.002680785548
-23.486339843;-46.442433944;737.4;23340;111.42214408233276;759.2221440823328;Line 70;0;249.002680785548
-23.486434374;-46.442709203;736.6;23310;111.27892795883363;759.0789279588336;Line 70;0;249.002680785548
-23.486528906;-46.442984462;736.4;23280;111.13571183533448;758.9357118353345;Line 70;0;249.002680785548
-23.486623437;-46.443259722;736.7;23250;110.99249571183533;758.7924957118353;Line 70;0;249.002680785548
-23.486717967;-46.443534981;736.5;23220;110.8492795883362;758.6492795883362;Line 70;0;249.002680785548
-23.486812497;-46.443810242;735.9;23190;110.70606346483706;758.506063464837;Line 70;0;249.002680785548
-23.486907026;-46.444085502;735.4;23160;110.56284734133791;758.3628473413379;Line 70;0;249.002680785548
-23.487001555;-46.444360763;734.5;23130;110.41963121783877;758.2196312178387;Line 70;0;249.002680785548
-23.487096084;-46.444636024;733.2;23100;110.27641509433963;758.0764150943396;Line 70;0;249.002680785548
-23.487190611;-46.444911286;731.8;23070;110.13319897084048;757.9331989708404;Line 70;0;249.002680785548
-23.487285139;-46.445186548;731.3;23040;109.98998284734134;757.7899828473413;Line 70;0;249.002680785548
-23.487379666;-46.44546181;731.1;23010;109.84676672384221;757.6467667238421;Line 70;0;249.002680785548
-23.487474192;-46.445737073;731.0;22980;109.70355060034306;757.503550600343;Line 70;0;249.002680785548
-23.487568718;-46.446012336;731.0;22950;109.5603344768439;757.3603344768438;Line 70;0;249.002680785548
-23.487663243;-46.4462876;731.0;22920;109.41711835334478;757.2171183533447;Line 70;0;249.002680785548
-23.487757768;-46.446562864;731.0;22890;109.27390222984563;757.0739022298455;Line 70;0;249.002680785548
-23.487852292;-46.446838128;730.9;22860;109.13068610634649;756.9306861063465;Line 70;0;249.002680785548
-23.487946816;-46.447113392;730.8;22830;108.98746998284734;756.7874699828473;Line 70;0;249.002680785548
-23.488041339;-46.447388657;730.7;22800;108.8442538593482;756.6442538593482;Line 70;0;249.002680785548
-23.488135862;-46.447663923;730.9;22770;108.70103773584907;756.501037735849;Line 70;0;249.002680785548
-23.488230384;-46.447939188;731.3;22740;108.55782161234991;756.3578216123499;Line 70;0;249.002680785548
-23.488324906;-46.448214455;731.8;22710;108.41460548885078;756.2146054888508;Line 70;0;249.002680785548
-23.488419427;-46.448489721;731.9;22680;108.27138936535164;756.0713893653516;Line 70;0;249.002680785548
-23.488513948;-46.448764988;731.5;22650;108.1281732418525;755.9281732418524;Line 70;0;249.002680785548
-23.488608468;-46.449040255;731.2;22620;107.98495711835335;755.7849571183533;Line 70;0;249.002680785548
-23.488702988;-46.449315522;731.1;22590;107.8417409948542;755.6417409948542;Line 70;0;249.002680785548
-23.488797507;-46.44959079;730.9;22560;107.69852487135508;755.498524871355;Line 70;0;249.002680785548
-23.488892026;-46.449866059;730.6;22530;107.55530874785592;755.3553087478558;Line 70;0;249.002680785548
-23.488986544;-46.450141327;730.3;22500;107.41209262435677;755.2120926243567;Line 70;0;249.002680785548
-23.489081062;-46.450416596;729.9;22470;107.26887650085764;755.0688765008576;Line 70;0;249.002680785548
-23.489175579;-46.450691866;729.4;22440;107.1256603773585;754.9256603773584;Line 70;0;249.002680785548
-23.489270096;-46.450967135;729.4;22410;106.98244425385936;754.7824442538594;Line 70;0;249.002680785548
-23.489364612;-46.451242406;729.5;22380;106.83922813036021;754.6392281303602;Line 70;0;249.002680785548
-23.489459127;-46.451517676;729.4;22350;106.69601200686107;754.4960120068611;Line 70;0;249.002680785548
-23.489553643;-46.451792947;729.7;22320;106.55279588336192;754.3527958833619;Line 70;0;249.002680785548
-23.489648157;-46.452068218;730.5;22290;106.40957975986278;754.2095797598628;Line 70;0;249.002680785548
-23.489742671;-46.45234349;731.1;22260;106.26636363636365;754.0663636363636;Line 70;0;249.002680785548
-23.489837185;-46.452618762;731.1;22230;106.1231475128645;753.9231475128645;Line 70;0;249.002680785548
-23.489931698;-46.452894034;731.0;22200;105.97993138936535;753.7799313893653;Line 70;0;249.002680785548
-23.490026211;-46.453169307;731.0;22170;105.83671526586622;753.6367152658662;Line 70;0;249.002680785548
-23.490120723;-46.45344458;730.9;22140;105.69349914236707;753.493499142367;Line 70;0;249.002680785548
-23.490215234;-46.453719853;731.0;22110;105.55028301886793;753.3502830188679;Line 70;0;249.002680785548
-23.490309746;-46.453995127;731.2;22080;105.40706689536879;753.2070668953687;Line 70;0;249.002680785548
-23.490404256;-46.454270401;731.6;22050;105.26385077186964;753.0638507718696;Line 70;0;249.002680785548
-23.490498766;-46.454545676;732.0;22020;105.12063464837051;752.9206346483704;Line 70;0;249.002680785548
-23.490593276;-46.454820951;732.2;21990;104.97741852487135;752.7774185248713;Line 70;0;249.002680785548
-23.490687785;-46.455096226;731.9;21960;104.83420240137222;752.6342024013721;Line 70;0;249.002680785548
-23.490782294;-46.455371502;731.2;21930;104.69098627787308;752.490986277873;Line 70;0;249.002680785548
-23.490876802;-46.455646778;730.5;21900;104.54777015437392;752.3477701543738;Line 70;0;249.002680785548
-23.490971309;-46.455922054;730.1;21870;104.40455403087479;752.2045540308748;Line 70;0;249.002680785548
-23.491065816;-46.456197331;730.7;21840;104.26133790737565;752.0613379073756;Line 70;0;249.002680785548
-23.491160323;-46.456472608;731.4;21810;104.11812178387652;751.9181217838765;Line 70;0;249.002680785548
-23.491254829;-46.456747885;732.0;21780;103.97490566037736;751.7749056603773;Line 70;0;249.002680785548
-23.491349334;-46.457023163;732.1;21750;103.83168953687822;751.6316895368782;Line 70;0;249.002680785548
-23.491443839;-46.457298441;732.1;21720;103.68847341337909;751.4884734133791;Line 70;0;249.002680785548
-23.491538344;-46.45757372;732.4;21690;103.54525728987993;751.3452572898799;Line 70;0;249.002680785548
-23.491632848;-46.457848999;734.0;21660;103.4020411663808;751.2020411663807;Line 70;0;249.002680785548
-23.491727351;-46.458124278;736.8;21630;103.25882504288165;751.0588250428816;Line 70;0;249.002680785548
-23.491821854;-46.458399558;739.9;21600;103.11560891938251;750.9156089193825;Line 70;0;249.002680785548
-23.491916357;-46.458674838;742.7;21570;102.97239279588337;750.7723927958833;Line 70;0;249.002680785548
-23.492010859;-46.458950118;746.3;21540;102.82917667238422;750.6291766723841;Line 70;0;249.002680785548
-23.49210536;-46.459225399;750.5;21510;102.68596054888509;750.485960548885;Line 70;1;249.002680785548
-23.492199861;-46.45950068;754.6;21480;102.54274442538593;750.342744425386;Line 70;1;249.002680785548
-23.492294362;-46.459775962;758.6;21450;102.39952830188679;750.1995283018867;Line 70;1;249.002680785548
-23.492388862;-46.460051244;762.3;21420;102.25631217838766;750.0563121783877;Line 70;1;249.002680785548
-23.492483361;-46.460326526;765.4;21390;102.11309605488852;749.9130960548885;Line 70;1;249.002680785548
-23.49257786;-46.460601809;766.8;21360;101.96987993138937;749.7698799313894;Line 70;1;249.002680785548
-23.492672358;-46.460877092;767.7;21330;101.82666380789023;749.6266638078902;Line 70;1;249.002680785548
-23.492766856;-46.461152375;768.7;21300;101.68344768439108;749.4834476843911;Line 70;1;249.002680785548
-23.492861354;-46.461427659;769.5;21270;101.54023156089194;749.3402315608919;Line 70;1;249.002680785548
-23.492955851;-46.461702943;769.9;21240;101.3970154373928;749.1970154373928;Line 70;1;249.002680785548
-23.493050347;-46.461978228;769.4;21210;101.25379931389367;749.0537993138936;Line 70;1;249.002680785548
-23.493144843;-46.462253512;768.5;21180;101.11058319039452;748.9105831903945;Line 70;1;249.002680785548
-23.493239338;-46.462528798;767.6;21150;100.96736706689536;748.7673670668953;Line 70;1;249.002680785548
-23.493333833;-46.462804083;768.5;21120;100.82415094339623;748.6241509433962;Line 70;1;249.002680785548
-23.493428328;-46.463079369;769.5;21090;100.68093481989709;748.480934819897;Line 70;1;249.002680785548
-23.493522821;-46.463354655;770.7;21060;100.53771869639795;748.3377186963979;Line 70;1;249.002680785548
-23.493617315;-46.463629942;769.6;21030;100.3945025728988;748.1945025728987;Line 70;1;249.002680785548
-23.493711808;-46.463905229;768.7;21000;100.25128644939966;748.0512864493996;Line 70;1;249.002680785548
-23.4938063;-46.464180517;767.9;20970;100.10807032590053;747.9080703259004;Line 70;1;249.002680785548
-23.493900792;-46.464455804;764.1;20940;99.96485420240137;747.7648542024014;Line 70;1;249.002680785548
-23.493995283;-46.464731093;760.3;20910;99.82163807890224;747.6216380789022;Line 70;1;249.002680785548
-23.494089774;-46.465006381;756.8;20880;99.6784219554031;747.4784219554031;Line 70;1;249.002680785548
-23.494184264;-46.46528167;759.1;20850;99.53520583190395;747.3352058319039;Line 70;1;249.002680785548
-23.494278754;-46.465556959;761.1;20820;99.39198970840481;747.1919897084048;Line 70;1;249.002680785548
-23.494373243;-46.465832249;762.3;20790;99.24877358490566;747.0487735849056;Line 70;1;249.002680785548
-23.494467732;-46.466107539;766.1;20760;99.10555746140653;746.9055574614065;Line 70;1;249.002680785548
-23.49456222;-46.466382829;769.8;20730;98.96234133790738;746.7623413379073;Line 70;1;249.002680785548
-23.494656708;-46.46665812;773.5;20700;98.81912521440823;746.6191252144082;Line 70;1;249.002680785548
-23.494751196;-46.466933411;774.4;20670;98.6759090909091;746.475909090909;Line 70;1;249.002680785548
-23.494845682;-46.467208703;775.7;20640;98.53269296740996;746.3326929674099;Line 70;1;249.002680785548
-23.494940169;-46.467483994;777.6;20610;98.38947684391081;746.1894768439108;Line 70;1;249.002680785548
-23.495034654;-46.467759287;779.3;20580;98.24626072041167;746.0462607204116;Line 70;1;249.002680785548
-23.495129139;-46.468034579;780.8;20550;98.10304459691253;745.9030445969124;Line 70;1;249.002680785548
-23.495223624;-46.468309872;782.4;20520;97.95982847341338;745.7598284734133;Line 70;1;249.002680785548
-23.495318108;-46.468585165;782.5;20490;97.81661234991424;745.6166123499142;Line 70;1;249.002680785548
-23.495412592;-46.468860459;782.1;20460;97.67339622641511;745.473396226415;Line 70;1;249.002680785548
-23.495507075;-46.469135753;781.2;20430;97.53018010291596;745.330180102916;Line 70;1;249.002680785548
-23.495601558;-46.469411048;778.2;20400;97.3869639794168;745.1869639794168;Line 70;1;249.002680785548
-23.49569604;-46.469686342;774.7;20370;97.24374785591768;745.0437478559177;Line 70;1;249.002680785548
-23.495790522;-46.469961638;770.8;20340;97.10053173241853;744.9005317324185;Line 70;1;249.002680785548
-23.495885003;-46.470236933;769.1;20310;96.95731560891939;744.7573156089194;Line 70;1;249.002680785548
-23.495979484;-46.470512229;767.9;20280;96.81409948542024;744.6140994854202;Line 70;1;249.002680785548
-23.496073964;-46.470787525;766.6;20250;96.6708833619211;744.4708833619211;Line 70;1;249.002680785548
-23.496168444;-46.471062822;765.5;20220;96.52766723842197;744.3276672384219;Line 70;1;249.002680785548
-23.496262923;-46.471338119;764.4;20190;96.38445111492281;744.1844511149228;Line 70;1;249.002680785548
-23.496357401;-46.471613416;763.3;20160;96.24123499142368;744.0412349914236;Line 70;1;249.002680785548
-23.49645188;-46.471888714;762.0;20130;96.09801886792454;743.8980188679245;Line 70;1;249.002680785548
-23.496546357;-46.472164012;760.1;20100;95.95480274442538;743.7548027444253;Line 70;1;249.002680785548
-23.496640834;-46.47243931;757.7;20070;95.81158662092625;743.6115866209262;Line 70;1;249.002680785548
-23.496735311;-46.472714609;757.0;20040;95.6683704974271;743.468370497427;Line 70;1;249.002680785548
-23.496829787;-46.472989909;757.0;20010;95.52515437392798;743.325154373928;Line 70;1;249.002680785548
-23.496924263;-46.473265208;757.0;19980;95.38193825042882;743.1819382504287;Line 70;1;249.002680785548
-23.497018738;-46.473540508;757.4;19950;95.23872212692967;743.0387221269297;Line 70;1;249.002680785548
-23.497113212;-46.473815808;757.9;19920;95.09550600343054;742.8955060034305;Line 70;1;249.002680785548
-23.497207686;-46.474091109;758.6;19890;94.95228987993139;742.7522898799314;Line 70;1;249.002680785548
-23.49730216;-46.47436641;760.1;19860;94.80907375643226;742.6090737564322;Line 70;1;249.002680785548
-23.497396633;-46.474641711;762.2;19830;94.66585763293311;742.4658576329331;Line 70;1;249.002680785548
-23.497491106;-46.474917013;764.5;19800;94.52264150943397;742.3226415094339;Line 70;1;249.002680785548
-23.497585578;-46.475192315;765.1;19770;94.37942538593482;742.1794253859348;Line 70;1;249.002680785548
-23.497680049;-46.475467618;765.1;19740;94.23620926243568;742.0362092624356;Line 70;1;249.002680785548
-23.49777452;-46.475742921;765.0;19710;94.09299313893655;741.8929931389365;Line 70;1;249.002680785548
-23.497868991;-46.476018224;764.1;19680;93.9497770154374;741.7497770154373;Line 70;1;249.002680785548
-23.497963461;-46.476293528;762.8;19650;93.80656089193825;741.6065608919382;Line 70;1;249.002680785548
-23.49805793;-46.476568832;761.5;19620;93.66334476843912;741.4633447684391;Line 70;1;249.002680785548
-23.498152399;-46.476844136;759.2;19590;93.52012864493997;741.3201286449399;Line 70;1;249.002680785548
-23.498246868;-46.477119441;756.3;19560;93.37691252144083;741.1769125214407;Line 70;1;249.002680785548
-23.498341336;-46.477394746;753.1;19530;93.23369639794169;741.0336963979416;Line 70;1;249.002680785548
-23.498435803;-46.477670051;749.9;19500;93.09048027444254;740.8904802744426;Line 70;1;249.002680785548
-23.49853027;-46.477945357;747.3;19470;92.94726415094341;740.7472641509434;Line 70;1;249.002680785548
-23.498624737;-46.478220663;745.1;19440;92.80404802744425;740.6040480274442;Line 70;1;249.002680785548
-23.498719202;-46.47849597;744.9;19410;92.66083190394512;740.4608319039451;Line 70;1;249.002680785548
-23.498813668;-46.478771277;746.4;19380;92.51761578044598;740.317615780446;Line 70;1;249.002680785548
-23.498908133;-46.479046584;748.3;19350;92.37439965694682;740.1743996569468;Line 70;1;249.002680785548
-23.499002597;-46.479321892;750.7;19320;92.23118353344769;740.0311835334477;Line 70;1;249.002680785548
-23.499097061;-46.4795972;753.6;19290;92.08796740994855;739.8879674099485;Line 70;1;249.002680785548
-23.499191525;-46.479872508;756.8;19260;91.94475128644942;739.7447512864494;Line 70;1;249.002680785548
-23.499285988;-46.480147817;758.2;19230;91.80153516295026;739.6015351629502;Line 70;1;249.002680785548
-23.49938045;-46.480423126;759.0;19200;91.65831903945111;739.4583190394511;Line 70;1;249.002680785548
-23.499474912;-46.480698435;760.5;19170;91.51510291595199;739.3151029159519;Line 70;1;249.002680785548
-23.499569373;-46.480973745;760.8;19140;91.37188679245283;739.1718867924528;Line 70;1;249.002680785548
-23.499663834;-46.481249056;759.6;19110;91.2286706689537;739.0286706689536;Line 70;1;249.002680785548
-23.499758294;-46.481524366;758.5;19080;91.08545454545455;738.8854545454545;Line 70;1;249.002680785548
-23.499852754;-46.481799677;757.7;19050;90.94223842195541;738.7422384219553;Line 70;1;249.002680785548
-23.499947214;-46.482074989;757.1;19020;90.79902229845626;738.5990222984562;Line 70;1;249.002680785548
-23.500041672;-46.4823503;756.3;18990;90.65580617495712;738.455806174957;Line 70;1;249.002680785548
-23.500136131;-46.482625612;756.3;18960;90.51259005145799;738.312590051458;Line 70;1;249.002680785548
-23.500230589;-46.482900925;756.7;18930;90.36937392795883;738.1693739279588;Line 70;1;249.002680785548
-23.500325046;-46.483176238;757.1;18900;90.22615780445969;738.0261578044597;Line 70;1;249.002680785548
-23.500419503;-46.483451551;757.5;18870;90.08294168096056;737.8829416809605;Line 70;1;249.002680785548
-23.500513959;-46.483726864;757.8;18840;89.93972555746141;737.7397255574614;Line 70;1;249.002680785548
-23.500608415;-46.484002178;757.8;18810;89.79650943396227;737.5965094339622;Line 70;1;249.002680785548
-23.50070287;-46.484277492;758.1;18780;89.65329331046313;737.4532933104631;Line 70;1;249.002680785548
-23.500797325;-46.484552807;759.0;18750;89.51007718696398;737.3100771869639;Line 70;1;249.002680785548
-23.500891779;-46.484828122;760.0;18720;89.36686106346484;737.1668610634648;Line 70;1;249.002680785548
-23.500986233;-46.485103438;761.8;18690;89.2236449399657;737.0236449399656;Line 70;1;249.002680785548
-23.501080686;-46.485378753;764.2;18660;89.08042881646656;736.8804288164665;Line 70;1;249.002680785548
-23.501175139;-46.485654069;765.9;18630;88.93721269296742;736.7372126929674;Line 70;1;249.002680785548
-23.501269591;-46.485929386;767.0;18600;88.79399656946826;736.5939965694682;Line 70;1;249.002680785548
-23.501364043;-46.486204703;768.2;18570;88.65078044596913;736.450780445969;Line 70;1;249.002680785548
-23.501458494;-46.48648002;769.5;18540;88.50756432246999;736.30756432247;Line 70;1;249.002680785548
-23.501552945;-46.486755338;771.6;18510;88.36434819897084;736.1643481989709;Line 70;1;249.002680785548
-23.501647395;-46.487030656;774.9;18480;88.2211320754717;736.0211320754717;Line 70;1;249.002680785548
-23.501741845;-46.487305974;778.4;18450;88.07791595197256;735.8779159519725;Line 70;1;249.002680785548
-23.501836294;-46.487581293;781.5;18420;87.93469982847343;735.7346998284734;Line 70;1;249.002680785548
-23.501930743;-46.487856612;784.1;18390;87.79148370497427;735.5914837049743;Line 70;1;249.002680785548
-23.502025191;-46.488131931;786.6;18360;87.64826758147514;735.4482675814751;Line 70;1;249.002680785548
-23.502119639;-46.488407251;788.8;18330;87.505051457976;735.305051457976;Line 70;1;249.002680785548
-23.502214086;-46.488682571;790.1;18300;87.36183533447685;735.1618353344768;Line 70;1;249.002680785548
-23.502308532;-46.488957892;791.2;18270;87.2186192109777;735.0186192109777;Line 70;1;249.002680785548
-23.502402979;-46.489233212;792.1;18240;87.07540308747856;734.8754030874785;Line 70;1;249.002680785548
-23.502497424;-46.489508534;793.1;18210;86.93218696397943;734.7321869639794;Line 70;1;249.002680785548
-23.502591869;-46.489783855;794.4;18180;86.78897084048027;734.5889708404802;Line 70;1;249.002680785548
-23.502686314;-46.490059177;794.9;18150;86.64575471698113;734.4457547169811;Line 70;1;249.002680785548
-23.502780758;-46.4903345;792.9;18120;86.502538593482;734.3025385934819;Line 70;1;249.002680785548
-23.502875202;-46.490609822;790.9;18090;86.35932246998286;734.1593224699828;Line 70;1;249.002680785548
-23.502969645;-46.490885146;789.4;18060;86.21610634648371;734.0161063464836;Line 70;1;249.002680785548
-23.503064087;-46.491160469;788.8;18030;86.07289022298457;733.8728902229846;Line 70;1;249.002680785548
-23.503158529;-46.491435793;787.5;18000;85.92967409948542;733.7296740994854;Line 70;1;249.002680785548
-23.503252971;-46.491711117;786.0;17970;85.78645797598628;733.5864579759863;Line 70;1;249.002680785548
-23.503347412;-46.491986442;785.7;17940;85.64324185248714;733.4432418524871;Line 70;1;249.002680785548
-23.503441853;-46.492261767;785.7;17910;85.500025728988;733.300025728988;Line 70;1;249.002680785548
-23.503536293;-46.492537092;785.3;17880;85.35680960548886;733.1568096054888;Line 70;1;249.002680785548
-23.503630732;-46.492812418;783.0;17850;85.2135934819897;733.0135934819897;Line 70;1;249.002680785548
-23.503725171;-46.493087744;780.9;17820;85.07037735849057;732.8703773584905;Line 70;1;249.002680785548
-23.50381961;-46.49336307;779.4;17790;84.92716123499143;732.7271612349914;Line 70;1;249.002680785548
-23.503914048;-46.493638397;780.5;17760;84.78394511149229;732.5839451114922;Line 70;1;249.002680785548
-23.504008485;-46.493913724;781.5;17730;84.64072898799314;732.4407289879931;Line 70;1;249.002680785548
-23.504102922;-46.494189051;782.4;17700;84.497512864494;732.2975128644939;Line 70;1;249.002680785548
-23.504197359;-46.494464379;783.6;17670;84.35429674099487;732.1542967409948;Line 70;1;249.002680785548
-23.504291795;-46.494739708;784.5;17640;84.21108061749571;732.0110806174956;Line 70;1;249.002680785548
-23.50438623;-46.495015036;785.3;17610;84.06786449399658;731.8678644939965;Line 70;1;249.002680785548
-23.504480665;-46.495290365;783.3;17580;83.92464837049744;731.7246483704973;Line 70;1;249.002680785548
-23.5045751;-46.495565695;781.3;17550;83.78143224699828;731.5814322469982;Line 70;1;249.002680785548
-23.504669534;-46.495841024;779.4;17520;83.63821612349915;731.4382161234992;Line 70;1;249.002680785548
-23.504763967;-46.496116354;780.8;17490;83.495;731.295;Line 70;1;249.002680785548
-23.5048584;-46.496391685;782.4;17460;83.35178387650087;731.1517838765009;Line 70;1;249.002680785548
-23.504952832;-46.496667016;784.2;17430;83.20856775300172;731.0085677530017;Line 70;1;249.002680785548
-23.505047264;-46.496942347;784.0;17400;83.06535162950257;730.8653516295026;Line 70;1;249.002680785548
-23.505141696;-46.497217678;783.7;17370;82.92213550600344;730.7221355060034;Line 70;1;249.002680785548
-23.505236127;-46.49749301;783.3;17340;82.77891938250428;730.5789193825042;Line 70;1;249.002680785548
-23.505330557;-46.497768343;782.6;17310;82.63570325900515;730.4357032590051;Line 70;1;249.002680785548
-23.505424987;-46.498043675;782.0;17280;82.49248713550601;730.292487135506;Line 70;1;249.002680785548
-23.505519416;-46.498319008;781.5;17250;82.34927101200687;730.1492710120068;Line 70;1;249.002680785548
-23.505613845;-46.498594342;782.3;17220;82.20605488850772;730.0060548885077;Line 70;1;249.002680785548
-23.505708274;-46.498869676;783.2;17190;82.06283876500858;729.8628387650085;Line 70;1;249.002680785548
-23.505802702;-46.49914501;784.0;17160;81.91962264150945;729.7196226415094;Line 70;1;249.002680785548
-23.505897129;-46.499420344;781.7;17130;81.77640651801029;729.5764065180102;Line 70;1;249.002680785548
-23.505991556;-46.499695679;778.9;17100;81.63319039451115;729.4331903945111;Line 70;1;249.002680785548
-23.506085982;-46.499971014;776.1;17070;81.48997427101202;729.2899742710119;Line 70;1;249.002680785548
-23.506180408;-46.50024635;773.0;17040;81.34675814751287;729.1467581475129;Line 70;1;249.002680785548
-23.506274833;-46.500521686;770.0;17010;81.20354202401373;729.0035420240137;Line 70;1;249.002680785548
-23.506369258;-46.500797022;767.1;16980;81.06032590051458;728.8603259005146;Line 70;1;249.002680785548
-23.506463682;-46.501072359;767.9;16950;80.91710977701544;728.7171097770154;Line 70;1;249.002680785548
-23.506558106;-46.501347696;769.3;16920;80.7738936535163;728.5738936535163;Line 70;1;249.002680785548
-23.506652529;-46.501623033;770.8;16890;80.63067753001715;728.4306775300171;Line 70;1;249.002680785548
-23.506746952;-46.501898371;770.0;16860;80.48746140651802;728.287461406518;Line 70;1;249.002680785548
-23.506841374;-46.502173709;768.8;16830;80.34424528301888;728.1442452830188;Line 70;1;249.002680785548
-23.506935796;-46.502449048;767.8;16800;80.20102915951972;728.0010291595197;Line 70;1;249.002680785548
-23.507030217;-46.502724387;767.0;16770;80.05781303602059;727.8578130360205;Line 70;1;249.002680785548
-23.507124638;-46.502999726;766.5;16740;79.91459691252145;727.7145969125214;Line 70;1;249.002680785548
-23.507219058;-46.503275066;766.2;16710;79.7713807890223;727.5713807890222;Line 70;1;249.002680785548
-23.507313478;-46.503550406;766.5;16680;79.62816466552316;727.4281646655231;Line 70;1;249.002680785548
-23.507407897;-46.503825746;766.7;16650;79.48494854202401;727.2849485420239;Line 70;1;249.002680785548
-23.507502316;-46.504101087;766.7;16620;79.34173241852488;727.1417324185248;Line 70;1;249.002680785548
-23.507596734;-46.504376428;764.7;16590;79.19851629502573;726.9985162950256;Line 70;1;249.002680785548
-23.507691152;-46.504651769;762.5;16560;79.0553001715266;726.8553001715266;Line 70;1;249.002680785548
-23.507785569;-46.504927111;760.5;16530;78.91208404802745;726.7120840480275;Line 70;1;249.002680785548
-23.507879986;-46.505202454;759.2;16500;78.76886792452831;726.5688679245283;Line 70;1;249.002680785548
-23.507974402;-46.505477796;758.3;16470;78.62565180102916;726.4256518010291;Line 70;1;249.002680785548
-23.508068818;-46.505753139;757.6;16440;78.48243567753002;726.28243567753;Line 70;1;249.002680785548
-23.508163233;-46.506028482;757.5;16410;78.33921955403089;726.1392195540309;Line 70;1;249.002680785548
-23.508257647;-46.506303826;757.3;16380;78.19600343053173;725.9960034305317;Line 70;1;249.002680785548
-23.508352062;-46.50657917;756.8;16350;78.05278730703259;725.8527873070325;Line 70;1;249.002680785548
-23.508446475;-46.506854515;757.5;16320;77.90957118353346;725.7095711835334;Line 70;1;249.002680785548
-23.508540888;-46.507129859;758.3;16290;77.76635506003431;725.5663550600343;Line 70;1;249.002680785548
-23.508635301;-46.507405204;759.1;16260;77.62313893653517;725.4231389365351;Line 70;1;249.002680785548
-23.508729713;-46.50768055;759.2;16230;77.47992281303603;725.279922813036;Line 70;1;249.002680785548
-23.508824125;-46.507955896;758.6;16200;77.33670668953688;725.1367066895368;Line 70;1;249.002680785548
-23.508918536;-46.508231242;757.4;16170;77.19349056603774;724.9934905660377;Line 70;1;249.002680785548
-23.509012946;-46.508506589;755.8;16140;77.0502744425386;724.8502744425385;Line 70;1;249.002680785548
-23.509107356;-46.508781936;754.6;16110;76.90705831903946;724.7070583190394;Line 70;1;249.002680785548
-23.509201766;-46.509057283;753.9;16080;76.76384219554032;724.5638421955402;Line 70;1;249.002680785548
-23.509296175;-46.509332631;754.4;16050;76.62062607204116;724.4206260720412;Line 70;1;249.002680785548
-23.509390584;-46.509607979;755.4;16020;76.47740994854203;724.277409948542;Line 70;1;249.002680785548
-23.509484992;-46.509883327;756.2;15990;76.33419382504289;724.1341938250429;Line 70;1;249.002680785548
-23.509579399;-46.510158676;756.3;15960;76.19097770154374;723.9909777015437;Line 70;1;249.002680785548
-23.509673806;-46.510434025;755.8;15930;76.0477615780446;723.8477615780446;Line 70;1;249.002680785548
-23.509768213;-46.510709375;755.0;15900;75.90454545454546;723.7045454545454;Line 70;1;249.002680785548
-23.509862619;-46.510984725;753.7;15870;75.76132933104633;723.5613293310463;Line 70;1;249.002680785548
-23.509957024;-46.511260075;752.5;15840;75.61811320754717;723.4181132075471;Line 70;1;249.002680785548
-23.510051429;-46.511535426;752.0;15810;75.47489708404804;723.274897084048;Line 70;1;249.002680785548
-23.510145834;-46.511810777;752.5;15780;75.3316809605489;723.1316809605488;Line 70;1;249.002680785548
-23.510240238;-46.512086128;753.3;15750;75.18846483704974;722.9884648370497;Line 70;1;249.002680785548
-23.510334641;-46.51236148;753.7;15720;75.0452487135506;722.8452487135505;Line 70;1;249.002680785548
-23.510429044;-46.512636832;753.7;15690;74.90203259005146;722.7020325900514;Line 70;1;249.002680785548
-23.510523446;-46.512912185;753.5;15660;74.75881646655233;722.5588164665523;Line 70;1;249.002680785548
-23.510617848;-46.513187538;753.3;15630;74.61560034305317;722.4156003430531;Line 70;1;249.002680785548
-23.51071225;-46.513462891;752.7;15600;74.47238421955403;722.2723842195539;Line 70;1;249.002680785548
-23.510806651;-46.513738244;751.7;15570;74.3291680960549;722.1291680960549;Line 70;1;249.002680785548
-23.510901051;-46.514013598;751.4;15540;74.18595197255574;721.9859519725557;Line 70;1;249.002680785548
-23.510995451;-46.514288953;751.5;15510;74.04273584905661;721.8427358490566;Line 70;1;249.002680785548
-23.51108985;-46.514564307;751.8;15480;73.89951972555747;721.6995197255574;Line 70;1;249.002680785548
-23.511184249;-46.514839663;751.8;15450;73.75630360205832;721.5563036020583;Line 70;1;249.002680785548
-23.511278648;-46.515115018;751.5;15420;73.61308747855918;721.4130874785592;Line 70;1;249.002680785548
-23.511373046;-46.515390374;751.2;15390;73.46987135506004;721.26987135506;Line 70;1;249.002680785548
-23.511467443;-46.51566573;750.7;15360;73.3266552315609;721.1266552315609;Line 70;1;249.002680785548
-23.51156184;-46.515941087;750.2;15330;73.18343910806175;720.9834391080617;Line 70;1;249.002680785548
-23.511656236;-46.516216443;750.0;15300;73.0402229845626;720.8402229845626;Line 70;1;249.002680785548
-23.511750632;-46.516491801;751.0;15270;72.89700686106347;720.6970068610634;Line 70;1;249.002680785548
-23.511845027;-46.516767158;751.3;15240;72.75379073756433;720.5537907375643;Line 70;1;249.002680785548
-23.511939422;-46.517042516;751.1;15210;72.61057461406517;720.4105746140651;Line 70;1;249.002680785548
-23.512033816;-46.517317875;750.5;15180;72.46735849056604;720.267358490566;Line 70;1;249.002680785548
-23.51212821;-46.517593233;750.0;15150;72.3241423670669;720.1241423670668;Line 70;1;249.002680785548
-23.512222603;-46.517868593;749.8;15120;72.18092624356775;719.9809262435678;Line 70;1;249.002680785548
-23.512316996;-46.518143952;749.3;15090;72.03771012006861;719.8377101200686;Line 70;1;249.002680785548
-23.512411389;-46.518419312;748.7;15060;71.89449399656947;719.6944939965695;Line 70;1;249.002680785548
-23.51250578;-46.518694672;748.0;15030;71.75127787307034;719.5512778730703;Line 70;1;249.002680785548
-23.512600172;-46.518970033;748.1;15000;71.60806174957118;719.4080617495712;Line 70;1;249.002680785548
-23.512694562;-46.519245394;748.5;14970;71.46484562607205;719.264845626072;Line 70;1;249.002680785548
-23.512788953;-46.519520755;749.0;14940;71.3216295025729;719.1216295025729;Line 70;1;249.002680785548
-23.512883342;-46.519796117;749.0;14910;71.17841337907376;718.9784133790737;Line 70;1;249.002680785548
-23.512977732;-46.520071479;748.6;14880;71.03519725557462;718.8351972555746;Line 70;1;249.002680785548
-23.51307212;-46.520346841;748.0;14850;70.89198113207547;718.6919811320754;Line 70;1;249.002680785548
-23.513166508;-46.520622204;747.6;14820;70.74876500857634;718.5487650085763;Line 70;1;249.002680785548
-23.513260896;-46.520897567;747.3;14790;70.60554888507718;718.4055488850771;Line 70;1;249.002680785548
-23.513355283;-46.521172931;746.5;14760;70.46233276157804;718.262332761578;Line 70;1;249.002680785548
-23.51344967;-46.521448294;746.0;14730;70.31911663807891;718.1191166380788;Line 70;1;249.002680785548
-23.513544056;-46.521723659;745.2;14700;70.17590051457977;717.9759005145797;Line 70;1;249.002680785548
-23.513638442;-46.521999023;743.9;14670;70.03268439108062;717.8326843910805;Line 70;1;249.002680785548
-23.513732827;-46.522274388;742.8;14640;69.88946826758148;717.6894682675814;Line 70;1;249.002680785548
-23.513827212;-46.522549754;742.2;14610;69.74625214408233;717.5462521440822;Line 70;1;249.002680785548
-23.513921596;-46.522825119;742.6;14580;69.60303602058319;717.4030360205832;Line 70;1;249.002680785548
-23.514015979;-46.523100485;743.1;14550;69.45981989708405;717.259819897084;Line 70;1;249.002680785548
-23.514110362;-46.523375852;743.8;14520;69.31660377358492;717.1166037735849;Line 70;1;249.002680785548
-23.514204745;-46.523651219;744.6;14490;69.17338765008577;716.9733876500857;Line 70;1;249.002680785548
-23.514299127;-46.523926586;745.4;14460;69.03017152658661;716.8301715265866;Line 70;1;249.002680785548
-23.514393509;-46.524201953;746.0;14430;68.88695540308748;716.6869554030875;Line 70;1;249.002680785548
-23.51448789;-46.524477321;745.7;14400;68.74373927958834;716.5437392795883;Line 70;1;249.002680785548
-23.51458227;-46.52475269;745.2;14370;68.6005231560892;716.4005231560891;Line 70;1;249.002680785548
-23.514676651;-46.525028058;744.8;14340;68.45730703259005;716.25730703259;Line 70;1;249.002680785548
-23.51477103;-46.525303427;745.2;14310;68.31409090909091;716.1140909090909;Line 70;1;249.002680785548
-23.514865409;-46.525578797;745.5;14280;68.17087478559178;715.9708747855917;Line 70;1;249.002680785548
-23.514959788;-46.525854167;745.9;14250;68.02765866209262;715.8276586620925;Line 70;1;249.002680785548
-23.515054166;-46.526129537;746.3;14220;67.88444253859349;715.6844425385934;Line 70;1;249.002680785548
-23.515148543;-46.526404907;746.7;14190;67.74122641509435;715.5412264150943;Line 70;1;249.002680785548
-23.51524292;-46.526680278;746.9;14160;67.5980102915952;715.3980102915951;Line 70;1;249.002680785548
-23.515337297;-46.526955649;748.3;14130;67.45479416809606;715.254794168096;Line 70;1;249.002680785548
-23.515431673;-46.527231021;750.0;14100;67.31157804459691;715.1115780445969;Line 70;1;249.002680785548
-23.515526048;-46.527506393;751.8;14070;67.16836192109778;714.9683619210978;Line 70;1;249.002680785548
-23.515620423;-46.527781765;753.1;14040;67.02514579759863;714.8251457975986;Line 70;1;249.002680785548
-23.515714798;-46.528057138;754.8;14010;66.88192967409948;714.6819296740995;Line 70;1;249.002680785548
-23.515809172;-46.528332511;756.7;13980;66.73871355060035;714.5387135506003;Line 70;1;249.002680785548
-23.515903545;-46.528607884;757.0;13950;66.59549742710121;714.3954974271012;Line 70;1;249.002680785548
-23.515997918;-46.528883258;757.4;13920;66.45228130360206;714.252281303602;Line 70;1;249.002680785548
-23.51609229;-46.529158632;757.8;13890;66.30906518010292;714.1090651801029;Line 70;1;249.002680785548
-23.516186662;-46.529434007;756.8;13860;66.16584905660378;713.9658490566037;Line 70;1;249.002680785548
-23.516281034;-46.529709382;755.5;13830;66.02263293310463;713.8226329331046;Line 70;1;249.002680785548
-23.516375405;-46.529984757;754.0;13800;65.87941680960549;713.6794168096054;Line 70;1;249.002680785548
-23.516469775;-46.530260133;753.6;13770;65.73620068610636;713.5362006861063;Line 70;1;249.002680785548
-23.516564145;-46.530535509;752.9;13740;65.59298456260721;713.3929845626071;Line 70;1;249.002680785548
-23.516658514;-46.530810885;752.1;13710;65.44976843910806;713.249768439108;Line 70;1;249.002680785548
-23.516752883;-46.531086262;754.6;13680;65.30655231560893;713.1065523156088;Line 70;1;249.002680785548
-23.516847252;-46.531361639;757.8;13650;65.16333619210978;712.9633361921098;Line 70;1;249.002680785548
-23.516941619;-46.531637016;761.7;13620;65.02012006861064;712.8201200686105;Line 70;1;249.002680785548
-23.517035987;-46.531912394;765.5;13590;64.8769039451115;712.6769039451115;Line 70;1;249.002680785548
-23.517130354;-46.532187772;768.8;13560;64.73368782161235;712.5336878216123;Line 70;1;249.002680785548
-23.51722472;-46.532463151;771.8;13530;64.59047169811322;712.3904716981132;Line 70;1;249.002680785548
-23.517319086;-46.53273853;773.6;13500;64.44725557461406;712.247255574614;Line 70;1;249.002680785548
-23.517413451;-46.533013909;775.2;13470;64.30403945111493;712.1040394511149;Line 70;1;249.002680785548
-23.517507816;-46.533289289;776.9;13440;64.16082332761579;711.9608233276158;Line 70;1;249.002680785548
-23.51760218;-46.533564669;777.0;13410;64.01760720411663;711.8176072041166;Line 70;1;249.002680785548
-23.517696544;-46.533840049;777.0;13380;63.8743910806175;711.6743910806174;Line 70;1;249.002680785548
-23.517790907;-46.53411543;777.1;13350;63.731174957118355;711.5311749571183;Line 70;1;249.002680785548
-23.51788527;-46.534390811;775.6;13320;63.58795883361922;711.3879588336192;Line 70;1;249.002680785548
-23.517979632;-46.534666193;773.3;13290;63.444742710120074;711.24474271012;Line 70;1;249.002680785548
-23.518073994;-46.534941574;770.5;13260;63.30152658662092;711.1015265866208;Line 70;1;249.002680785548
-23.518168355;-46.535216957;766.2;13230;63.158310463121786;710.9583104631217;Line 70;1;249.002680785548
-23.518262716;-46.535492339;761.6;13200;63.01509433962264;710.8150943396226;Line 70;1;249.002680785548
-23.518357076;-46.535767722;757.1;13170;62.871878216123505;710.6718782161234;Line 70;1;249.002680785548
-23.518451436;-46.536043106;754.8;13140;62.72866209262436;710.5286620926244;Line 70;1;249.002680785548
-23.518545795;-46.536318489;753.8;13110;62.58544596912521;710.3854459691252;Line 70;1;249.002680785548
-23.518640154;-46.536593873;753.4;13080;62.44222984562608;710.2422298456261;Line 70;1;249.002680785548
-23.518734512;-46.536869258;756.5;13050;62.29901372212693;710.0990137221269;Line 70;1;249.002680785548
-23.51882887;-46.537144643;760.5;13020;62.15579759862779;709.9557975986278;Line 70;1;249.002680785548
-23.518923227;-46.537420028;764.2;12990;62.01258147512865;709.8125814751286;Line 70;1;249.002680785548
-23.519017583;-46.537695413;767.5;12960;61.8693653516295;709.6693653516295;Line 70;1;249.002680785548
-23.51911194;-46.537970799;770.6;12930;61.72614922813037;709.5261492281303;Line 70;1;249.002680785548
-23.519206295;-46.538246186;773.6;12900;61.582933104631216;709.3829331046312;Line 70;1;249.002680785548
-23.51930065;-46.538521572;774.4;12870;61.43971698113209;709.239716981132;Line 70;1;249.002680785548
-23.519395005;-46.538796959;774.1;12840;61.296500857632935;709.0965008576329;Line 70;1;249.002680785548
-23.519489359;-46.539072347;773.5;12810;61.15328473413379;708.9532847341337;Line 70;1;249.002680785548
-23.519583713;-46.539347734;771.5;12780;61.010068610634654;708.8100686106346;Line 70;1;249.002680785548
-23.519678066;-46.539623122;768.8;12750;60.8668524871355;708.6668524871354;Line 70;1;249.002680785548
-23.519772418;-46.539898511;765.9;12720;60.72363636363637;708.5236363636363;Line 70;1;249.002680785548
-23.51986677;-46.5401739;765.0;12690;60.58042024013722;708.3804202401371;Line 70;1;249.002680785548
-23.519961122;-46.540449289;765.8;12660;60.43720411663808;708.237204116638;Line 70;1;249.002680785548
-23.520055473;-46.540724679;767.3;12630;60.29398799313894;708.0939879931389;Line 70;1;249.002680785548
-23.520149824;-46.541000068;770.1;12600;60.1507718696398;707.9507718696398;Line 70;1;249.002680785548
-23.520244174;-46.541275459;773.6;12570;60.00755574614066;707.8075557461406;Line 70;1;249.002680785548
-23.520338523;-46.541550849;776.8;12540;59.86433962264151;707.6643396226415;Line 70;1;249.002680785548
-23.520432872;-46.54182624;778.5;12510;59.72112349914237;707.5211234991423;Line 70;1;249.002680785548
-23.520527221;-46.542101632;779.0;12480;59.57790737564323;707.3779073756432;Line 70;1;249.002680785548
-23.520621569;-46.542377024;779.2;12450;59.434691252144084;707.234691252144;Line 70;1;249.002680785548
-23.520715916;-46.542652416;778.1;12420;59.29147512864494;707.0914751286449;Line 70;1;249.002680785548
-23.520810263;-46.542927808;776.3;12390;59.1482590051458;706.9482590051457;Line 70;1;249.002680785548
-23.52090461;-46.543203201;775.0;12360;59.00504288164666;706.8050428816466;Line 70;1;249.002680785548
-23.520998956;-46.543478594;775.6;12330;58.861826758147515;706.6618267581475;Line 70;1;249.002680785548
-23.521093301;-46.543753988;777.3;12300;58.71861063464837;706.5186106346483;Line 70;1;249.002680785548
-23.521187646;-46.544029382;778.8;12270;58.57539451114923;706.3753945111491;Line 70;1;249.002680785548
-23.52128199;-46.544304776;779.1;12240;58.43217838765009;706.23217838765;Line 70;1;249.002680785548
-23.521376334;-46.544580171;778.4;12210;58.288962264150946;706.088962264151;Line 70;1;249.002680785548
-23.521470678;-46.544855566;777.6;12180;58.14574614065181;705.9457461406517;Line 70;1;249.002680785548
-23.521565021;-46.545130962;776.8;12150;58.00253001715266;705.8025300171527;Line 70;1;249.002680785548
-23.521659363;-46.545406357;776.0;12120;57.85931389365352;705.6593138936535;Line 70;1;249.002680785548
-23.521753705;-46.545681754;775.2;12090;57.71609777015438;705.5160977701544;Line 70;1;249.002680785548
-23.521848046;-46.54595715;774.3;12060;57.57288164665523;705.3728816466552;Line 70;1;249.002680785548
-23.521942387;-46.546232547;773.4;12030;57.429665523156096;705.2296655231561;Line 70;1;249.002680785548
-23.522036728;-46.546507944;772.5;12000;57.286449399656945;705.0864493996569;Line 70;1;249.002680785548
-23.522131068;-46.546783342;771.8;11970;57.14323327615781;704.9432332761578;Line 70;1;249.002680785548
-23.522225407;-46.54705874;771.3;11940;57.000017152658664;704.8000171526586;Line 70;1;249.002680785548
-23.522319746;-46.547334138;770.7;11910;56.85680102915953;704.6568010291595;Line 70;1;249.002680785548
-23.522414084;-46.547609537;769.9;11880;56.71358490566038;704.5135849056603;Line 70;1;249.002680785548
-23.522508422;-46.547884936;768.7;11850;56.57036878216123;704.3703687821612;Line 70;1;249.002680785548
-23.522602759;-46.548160336;767.4;11820;56.427152658662095;704.227152658662;Line 70;1;249.002680785548
-23.522697096;-46.548435735;765.8;11790;56.28393653516295;704.0839365351629;Line 70;1;249.002680785548
-23.522791432;-46.548711136;763.6;11760;56.140720411663814;703.9407204116637;Line 70;1;249.002680785548
-23.522885768;-46.548986536;761.5;11730;55.99750428816467;703.7975042881646;Line 70;1;249.002680785548
-23.522980103;-46.549261937;759.2;11700;55.854288164665526;703.6542881646654;Line 70;1;249.002680785548
-23.523074438;-46.549537339;756.6;11670;55.71107204116638;703.5110720411664;Line 70;1;249.002680785548
-23.523168772;-46.54981274;754.1;11640;55.56785591766724;703.3678559176672;Line 70;1;249.002680785548
-23.523263106;-46.550088142;752.3;11610;55.4246397941681;703.2246397941681;Line 70;1;249.002680785548
-23.523357439;-46.550363545;751.9;11580;55.28142367066896;703.0814236706689;Line 70;1;249.002680785548
-23.523451772;-46.550638947;751.4;11550;55.13820754716981;702.9382075471698;Line 70;1;249.002680785548
-23.523546104;-46.550914351;750.7;11520;54.99499142367067;702.7949914236706;Line 70;1;249.002680785548
-23.523640436;-46.551189754;749.9;11490;54.85177530017153;702.6517753001715;Line 70;1;249.002680785548
-23.523734767;-46.551465158;748.9;11460;54.70855917667239;702.5085591766723;Line 70;1;249.002680785548
-23.523829098;-46.551740562;747.4;11430;54.565343053173244;702.3653430531732;Line 70;1;249.002680785548
-23.523923428;-46.552015967;744.7;11400;54.4221269296741;702.222126929674;Line 70;1;249.002680785548
-23.524017758;-46.552291372;742.6;11370;54.278910806174956;702.0789108061749;Line 70;1;249.002680785548
-23.524112087;-46.552566777;740.9;11340;54.13569468267582;701.9356946826758;Line 70;1;249.002680785548
-23.524206415;-46.552842183;738.8;11310;53.992478559176675;701.7924785591766;Line 70;1;249.002680785548
-23.524300744;-46.553117589;736.4;11280;53.84926243567754;701.6492624356775;Line 70;1;249.002680785548
-23.524395071;-46.553392995;734.6;11250;53.70604631217839;701.5060463121783;Line 70;1;249.002680785548
-23.524489398;-46.553668402;733.8;11220;53.56283018867925;701.3628301886793;Line 70;1;249.002680785548
-23.524583725;-46.553943809;732.9;11190;53.419614065180106;701.21961406518;Line 70;1;249.002680785548
-23.524678051;-46.554219217;732.1;11160;53.27639794168096;701.076397941681;Line 70;1;249.002680785548
-23.524772377;-46.554494625;731.9;11130;53.133181818181825;700.9331818181818;Line 70;1;249.002680785548
-23.524866702;-46.554770033;731.5;11100;52.989965694682674;700.7899656946827;Line 70;1;249.002680785548
-23.524961026;-46.555045442;730.9;11070;52.84674957118354;700.6467495711835;Line 70;1;249.002680785548
-23.52505535;-46.555320851;730.6;11040;52.70353344768439;700.5035334476844;Line 70;1;249.002680785548
-23.525149674;-46.55559626;730.2;11010;52.560317324185256;700.3603173241852;Line 70;1;249.002680785548
-23.525243997;-46.55587167;729.9;10980;52.41710120068611;700.2171012006861;Line 70;1;249.002680785548
-23.52533832;-46.55614708;729.2;10950;52.27388507718696;700.0738850771869;Line 70;1;249.002680785548
-23.525432642;-46.55642249;728.6;10920;52.130668953687824;699.9306689536878;Line 70;1;249.002680785548
-23.525526963;-46.556697901;728.3;10890;51.98745283018868;699.7874528301886;Line 70;1;249.002680785548
-23.525621284;-46.556973312;728.7;10860;51.84423670668954;699.6442367066895;Line 70;1;249.002680785548
-23.525715605;-46.557248724;728.9;10830;51.7010205831904;699.5010205831903;Line 70;1;249.002680785548
-23.525809925;-46.557524136;729.0;10800;51.557804459691255;699.3578044596912;Line 70;1;249.002680785548
-23.525904244;-46.557799548;729.1;10770;51.41458833619211;699.214588336192;Line 70;1;249.002680785548
-23.525998563;-46.558074961;729.1;10740;51.27137221269297;699.071372212693;Line 70;1;249.002680785548
-23.526092881;-46.558350374;729.0;10710;51.12815608919383;698.9281560891937;Line 70;1;249.002680785548
-23.526187199;-46.558625787;729.2;10680;50.984939965694686;698.7849399656947;Line 70;1;249.002680785548
-23.526281517;-46.558901201;729.8;10650;50.84172384219554;698.6417238421955;Line 70;1;249.002680785548
-23.526375834;-46.559176615;730.9;10620;50.6985077186964;698.4985077186964;Line 70;1;249.002680785548
-23.52647015;-46.55945203;732.2;10590;50.55529159519726;698.3552915951972;Line 70;1;249.002680785548
-23.526564466;-46.559727445;733.2;10560;50.41207547169812;698.2120754716981;Line 70;1;249.002680785548
-23.526658782;-46.56000286;734.0;10530;50.26885934819897;698.0688593481989;Line 70;1;249.002680785548
-23.526753096;-46.560278276;733.3;10500;50.12564322469983;697.9256432246998;Line 70;1;249.002680785548
-23.526847411;-46.560553692;732.9;10470;49.982427101200685;697.7824271012006;Line 70;1;249.002680785548
-23.526941725;-46.560829108;732.7;10440;49.83921097770155;697.6392109777015;Line 70;1;249.002680785548
-23.527036038;-46.561104525;732.6;10410;49.695994854202404;697.4959948542023;Line 70;1;249.002680785548
-23.527130351;-46.561379942;732.4;10380;49.55277873070327;697.3527787307032;Line 70;1;249.002680785548
-23.527224663;-46.561655359;732.0;10350;49.409562607204116;697.209562607204;Line 70;1;249.002680785548
-23.527318975;-46.561930777;732.3;10320;49.26634648370498;697.0663464837049;Line 70;1;249.002680785548
-23.527413286;-46.562206195;732.6;10290;49.123130360205835;696.9231303602057;Line 70;1;249.002680785548
-23.527507597;-46.562481614;733.0;10260;48.97991423670669;696.7799142367066;Line 70;1;249.002680785548
-23.527601908;-46.562757033;733.9;10230;48.836698113207554;696.6366981132076;Line 70;1;249.002680785548
-23.527696217;-46.563032452;734.7;10200;48.6934819897084;696.4934819897084;Line 70;1;249.002680785548
-23.527790527;-46.563307871;735.6;10170;48.550265866209266;696.3502658662093;Line 70;1;249.002680785548
-23.527884835;-46.563583291;736.5;10140;48.40704974271012;696.2070497427101;Line 70;1;249.002680785548
-23.527979144;-46.563858712;737.6;10110;48.263833619210985;696.063833619211;Line 70;1;249.002680785548
-23.528073451;-46.564134133;739.0;10080;48.12061749571184;695.9206174957118;Line 70;1;249.002680785548
-23.528167759;-46.564409554;740.7;10050;47.97740137221269;695.7774013722127;Line 70;1;249.002680785548
-23.528262065;-46.564684975;742.7;10020;47.83418524871355;695.6341852487135;Line 70;1;249.002680785548
-23.528356372;-46.564960397;744.8;9990;47.69096912521441;695.4909691252144;Line 70;1;249.002680785548
-23.528450677;-46.565235819;743.8;9960;47.54775300171527;695.3477530017152;Line 70;1;249.002680785548
-23.528544983;-46.565511242;742.5;9930;47.40453687821613;695.2045368782161;Line 70;1;249.002680785548
-23.528639287;-46.565786665;741.3;9900;47.261320754716984;695.0613207547169;Line 70;1;249.002680785548
-23.528733591;-46.566062088;741.7;9870;47.11810463121784;694.9181046312178;Line 70;1;249.002680785548
-23.528827895;-46.566337512;742.3;9840;46.9748885077187;694.7748885077186;Line 70;1;249.002680785548
-23.528922198;-46.566612936;742.7;9810;46.83167238421956;694.6316723842195;Line 70;1;249.002680785548
-23.529016501;-46.56688836;743.0;9780;46.688456260720415;694.4884562607203;Line 70;1;249.002680785548
-23.529110803;-46.567163785;743.5;9750;46.54524013722127;694.3452401372213;Line 70;1;249.002680785548
-23.529205105;-46.56743921;743.9;9720;46.40202401372213;694.202024013722;Line 70;1;249.002680785548
-23.529299406;-46.567714636;744.0;9690;46.25880789022299;694.058807890223;Line 70;1;249.002680785548
-23.529393707;-46.567990061;744.0;9660;46.115591766723846;693.9155917667238;Line 70;1;249.002680785548
-23.529488007;-46.568265488;744.0;9630;45.97237564322471;693.7723756432247;Line 70;1;249.002680785548
-23.529582306;-46.568540914;744.1;9600;45.82915951972556;693.6291595197255;Line 70;1;249.002680785548
-23.529676605;-46.568816341;744.4;9570;45.68594339622641;693.4859433962264;Line 70;1;249.002680785548
-23.529770904;-46.569091769;744.7;9540;45.54272727272728;693.3427272727272;Line 70;1;249.002680785548
-23.529865202;-46.569367196;743.9;9510;45.39951114922813;693.1995111492281;Line 70;1;249.002680785548
-23.5299595;-46.569642624;742.7;9480;45.256295025728996;693.0562950257289;Line 70;1;249.002680785548
-23.530053797;-46.569918053;741.4;9450;45.113078902229844;692.9130789022298;Line 70;1;249.002680785548
-23.530148093;-46.570193482;741.0;9420;44.96986277873071;692.7698627787306;Line 70;1;249.002680785548
-23.530242389;-46.570468911;740.9;9390;44.82664665523156;692.6266466552315;Line 70;1;249.002680785548
-23.530336685;-46.57074434;740.9;9360;44.68343053173242;692.4834305317323;Line 70;1;249.002680785548
-23.53043098;-46.57101977;741.2;9330;44.54021440823328;692.3402144082332;Line 70;1;249.002680785548
-23.530525274;-46.5712952;741.4;9300;44.39699828473413;692.196998284734;Line 70;1;249.002680785548
-23.530619568;-46.571570631;741.1;9270;44.253782161234994;692.053782161235;Line 70;1;249.002680785548
-23.530713862;-46.571846062;740.5;9240;44.11056603773585;691.9105660377359;Line 70;1;249.002680785548
-23.530808155;-46.572121493;739.7;9210;43.96734991423671;691.7673499142367;Line 70;1;249.002680785548
-23.530902447;-46.572396925;739.1;9180;43.82413379073757;691.6241337907376;Line 70;1;249.002680785548
-23.530996739;-46.572672357;738.6;9150;43.680917667238425;691.4809176672384;Line 70;1;249.002680785548
-23.531091031;-46.57294779;738.1;9120;43.53770154373928;691.3377015437393;Line 70;1;249.002680785548
-23.531185321;-46.573223222;737.6;9090;43.39448542024014;691.1944854202401;Line 70;1;249.002680785548
-23.531279612;-46.573498656;737.4;9060;43.251269296741;691.051269296741;Line 70;1;249.002680785548
-23.531373902;-46.573774089;737.3;9030;43.108053173241856;690.9080531732418;Line 70;1;249.002680785548
-23.531468191;-46.574049523;737.4;9000;42.96483704974271;690.7648370497427;Line 70;1;249.002680785548
-23.53156248;-46.574324957;737.3;8970;42.82162092624357;690.6216209262435;Line 70;1;249.002680785548
-23.531656769;-46.574600392;736.9;8940;42.67840480274443;690.4784048027444;Line 70;1;249.002680785548
-23.531751056;-46.574875827;736.4;8910;42.53518867924529;690.3351886792452;Line 70;1;249.002680785548
-23.531845344;-46.575151263;736.1;8880;42.39197255574614;690.1919725557461;Line 70;1;249.002680785548
-23.531939631;-46.575426698;736.0;8850;42.248756432247;690.0487564322469;Line 70;1;249.002680785548
-23.532033917;-46.575702134;736.0;8820;42.105540308747855;689.9055403087478;Line 70;1;249.002680785548
-23.532128203;-46.575977571;735.8;8790;41.96232418524872;689.7623241852486;Line 70;1;249.002680785548
-23.532222488;-46.576253008;735.5;8760;41.819108061749574;689.6191080617496;Line 70;1;249.002680785548
-23.532316773;-46.576528445;735.1;8730;41.67589193825044;689.4758919382504;Line 70;1;249.002680785548
-23.532411057;-46.576803883;734.9;8700;41.532675814751286;689.3326758147513;Line 70;1;249.002680785548
-23.532505341;-46.577079321;735.0;8670;41.38945969125214;689.1894596912521;Line 70;1;249.002680785548
-23.532599624;-46.577354759;735.3;8640;41.246243567753005;689.046243567753;Line 70;1;249.002680785548
-23.532693907;-46.577630198;735.9;8610;41.10302744425386;688.9030274442538;Line 70;1;249.002680785548
-23.532788189;-46.577905637;737.0;8580;40.959811320754724;688.7598113207547;Line 70;1;249.002680785548
-23.532882471;-46.578181076;738.0;8550;40.81659519725557;688.6165951972555;Line 70;1;249.002680785548
-23.532976752;-46.578456516;738.7;8520;40.673379073756436;688.4733790737564;Line 70;1;249.002680785548
-23.533071033;-46.578731956;739.3;8490;40.53016295025729;688.3301629502572;Line 70;1;249.002680785548
-23.533165313;-46.579007396;740.1;8460;40.38694682675815;688.1869468267581;Line 70;1;249.002680785548
-23.533259593;-46.579282837;741.0;8430;40.24373070325901;688.0437307032589;Line 70;1;249.002680785548
-23.533353872;-46.579558279;742.0;8400;40.10051457975986;687.9005145797598;Line 70;1;249.002680785548
-23.533448151;-46.57983372;742.6;8370;39.95729845626072;687.7572984562606;Line 70;1;249.002680785548
-23.533542429;-46.580109162;741.6;8340;39.81408233276158;687.6140823327615;Line 70;1;249.002680785548
-23.533636707;-46.580384605;738.7;8310;39.67086620926244;687.4708662092623;Line 70;1;249.002680785548
-23.533730984;-46.580660047;736.1;8280;39.5276500857633;687.3276500857633;Line 70;1;249.002680785548
-23.533825261;-46.58093549;734.5;8250;39.384433962264154;687.1844339622642;Line 70;1;249.002680785548
-23.533919537;-46.581210934;734.0;8220;39.24121783876501;687.041217838765;Line 70;1;249.002680785548
-23.534013812;-46.581486378;733.4;8190;39.098001715265866;686.8980017152658;Line 70;1;249.002680785548
-23.534108088;-46.581761822;732.7;8160;38.95478559176673;686.7547855917667;Line 70;1;249.002680785548
-23.534202362;-46.582037266;732.2;8130;38.811569468267585;686.6115694682676;Line 70;1;249.002680785548
-23.534296636;-46.582312711;732.0;8100;38.66835334476844;686.4683533447684;Line 70;1;249.002680785548
-23.53439091;-46.582588157;732.1;8070;38.5251372212693;686.3251372212693;Line 70;1;249.002680785548
-23.534485183;-46.582863602;732.5;8040;38.38192109777016;686.1819210977701;Line 70;1;249.002680785548
-23.534579456;-46.583139048;732.6;8010;38.238704974271016;686.038704974271;Line 70;1;249.002680785548
-23.534673728;-46.583414495;732.8;7980;38.09548885077187;685.8954888507718;Line 70;1;249.002680785548
-23.534767999;-46.583689941;733.8;7950;37.95227272727273;685.7522727272727;Line 70;1;249.002680785548
-23.53486227;-46.583965388;735.2;7920;37.809056603773584;685.6090566037735;Line 70;1;249.002680785548
-23.534956541;-46.584240836;736.7;7890;37.66584048027445;685.4658404802744;Line 70;1;249.002680785548
-23.535050811;-46.584516284;737.1;7860;37.5226243567753;685.3226243567752;Line 70;1;249.002680785548
-23.53514508;-46.584791732;737.1;7830;37.379408233276166;685.1794082332761;Line 70;1;249.002680785548
-23.535239349;-46.585067181;736.8;7800;37.236192109777015;685.036192109777;Line 70;1;249.002680785548
-23.535333618;-46.585342629;736.1;7770;37.09297598627787;684.8929759862779;Line 70;1;249.002680785548
-23.535427886;-46.585618079;736.0;7740;36.949759862778734;684.7497598627787;Line 70;1;249.002680785548
-23.535522153;-46.585893528;736.1;7710;36.80654373927959;684.6065437392796;Line 70;1;249.002680785548
-23.53561642;-46.586168978;735.4;7680;36.66332761578045;684.4633276157804;Line 70;1;249.002680785548
-23.535710687;-46.586444429;734.2;7650;36.5201114922813;684.3201114922813;Line 70;1;249.002680785548
-23.535804953;-46.58671988;733.0;7620;36.376895368782165;684.1768953687821;Line 70;1;249.002680785548
-23.535899218;-46.586995331;733.9;7590;36.23367924528302;684.033679245283;Line 70;1;249.002680785548
-23.535993483;-46.587270782;734.8;7560;36.09046312178388;683.8904631217838;Line 70;1;249.002680785548
-23.536087747;-46.587546234;735.6;7530;35.94724699828473;683.7472469982847;Line 70;1;249.002680785548
-23.536182011;-46.587821686;736.3;7500;35.80403087478559;683.6040308747855;Line 70;1;249.002680785548
-23.536276275;-46.588097139;736.5;7470;35.66081475128645;683.4608147512864;Line 70;1;249.002680785548
-23.536370538;-46.588372592;736.3;7440;35.51759862778731;683.3175986277872;Line 70;1;249.002680785548
-23.5364648;-46.588648045;735.7;7410;35.37438250428817;683.1743825042881;Line 70;1;249.002680785548
-23.536559062;-46.588923499;735.6;7380;35.23116638078902;683.0311663807889;Line 70;1;249.002680785548
-23.536653323;-46.589198953;736.0;7350;35.08795025728988;682.8879502572898;Line 70;1;249.002680785548
-23.536747584;-46.589474408;736.8;7320;34.94473413379074;682.7447341337906;Line 70;1;249.002680785548
-23.536841844;-46.589749862;737.6;7290;34.801518010291595;682.6015180102916;Line 70;1;249.002680785548
-23.536936104;-46.590025317;738.2;7260;34.65830188679246;682.4583018867925;Line 70;1;249.002680785548
-23.537030364;-46.590300773;737.6;7230;34.51508576329331;682.3150857632933;Line 70;1;249.002680785548
-23.537124622;-46.590576229;737.2;7200;34.37186963979417;682.1718696397941;Line 70;1;249.002680785548
-23.537218881;-46.590851685;736.9;7170;34.228653516295026;682.028653516295;Line 70;1;249.002680785548
-23.537313138;-46.591127142;737.0;7140;34.08543739279589;681.8854373927959;Line 70;1;249.002680785548
-23.537407396;-46.591402599;737.0;7110;33.942221269296745;681.7422212692967;Line 70;1;249.002680785548
-23.537501652;-46.591678056;737.0;7080;33.7990051457976;681.5990051457976;Line 70;1;249.002680785548
-23.537595909;-46.591953514;737.6;7050;33.65578902229846;681.4557890222984;Line 70;1;249.002680785548
-23.537690164;-46.592228972;738.0;7020;33.51257289879931;681.3125728987993;Line 70;1;249.002680785548
-23.53778442;-46.59250443;738.0;6990;33.369356775300176;681.1693567753001;Line 70;1;249.002680785548
-23.537878674;-46.592779889;739.5;6960;33.22614065180103;681.026140651801;Line 70;1;249.002680785548
-23.537972929;-46.593055348;741.2;6930;33.08292452830189;680.8829245283018;Line 70;1;249.002680785548
-23.538067182;-46.593330808;743.1;6900;32.939708404802744;680.7397084048027;Line 70;1;249.002680785548
-23.538161435;-46.593606268;745.9;6870;32.79649228130361;680.5964922813035;Line 70;1;249.002680785548
-23.538255688;-46.593881728;749.3;6840;32.65327615780446;680.4532761578045;Line 70;1;249.002680785548
-23.53834994;-46.594157189;752.8;6810;32.51006003430532;680.3100600343053;Line 70;1;249.002680785548
-23.538444192;-46.59443265;751.9;6780;32.366843910806175;680.1668439108062;Line 70;1;249.002680785548
-23.538538443;-46.594708111;751.3;6750;32.22362778730703;680.023627787307;Line 70;1;249.002680785548
-23.538632694;-46.594983573;750.9;6720;32.080411663807894;679.8804116638079;Line 70;1;249.002680785548
-23.538726944;-46.595259035;749.0;6690;31.93719554030875;679.7371955403087;Line 70;1;249.002680785548
-23.538821193;-46.595534498;747.4;6660;31.79397941680961;679.5939794168096;Line 70;1;249.002680785548
-23.538915443;-46.59580996;746.2;6630;31.65076329331046;679.4507632933104;Line 70;1;249.002680785548
-23.539009691;-46.596085424;746.2;6600;31.50754716981132;679.3075471698113;Line 70;1;249.002680785548
-23.539103939;-46.596360887;746.2;6570;31.36433104631218;679.1643310463121;Line 70;1;249.002680785548
-23.539198187;-46.596636351;746.1;6540;31.22111492281304;679.021114922813;Line 70;1;249.002680785548
-23.539292434;-46.596911816;746.4;6510;31.077898799313896;678.8778987993138;Line 70;1;249.002680785548
-23.53938668;-46.59718728;746.6;6480;30.93468267581475;678.7346826758147;Line 70;1;249.002680785548
-23.539480927;-46.597462745;746.6;6450;30.791466552315608;678.5914665523155;Line 70;1;249.002680785548
-23.539575172;-46.597738211;746.5;6420;30.648250428816468;678.4482504288164;Line 70;1;249.002680785548
-23.539669417;-46.598013676;746.5;6390;30.505034305317327;678.3050343053172;Line 70;1;249.002680785548
-23.539763662;-46.598289143;746.7;6360;30.361818181818187;678.1618181818181;Line 70;1;249.002680785548
-23.539857906;-46.598564609;746.6;6330;30.21860205831904;678.018602058319;Line 70;1;249.002680785548
-23.539952149;-46.598840076;746.3;6300;30.0753859348199;677.8753859348199;Line 70;1;249.002680785548
-23.540046392;-46.599115543;746.1;6270;29.932169811320755;677.7321698113207;Line 70;1;249.002680785548
-23.540140635;-46.599391011;746.8;6240;29.788953687821614;677.5889536878216;Line 70;1;249.002680785548
-23.540234876;-46.599666479;747.6;6210;29.64573756432247;677.4457375643224;Line 70;1;249.002680785548
-23.540329118;-46.599941947;748.4;6180;29.50252144082333;677.3025214408233;Line 70;1;249.002680785548
-23.540423359;-46.600217416;747.7;6150;29.359305317324186;677.1593053173242;Line 70;1;249.002680785548
-23.540517599;-46.600492885;746.6;6120;29.216089193825045;677.016089193825;Line 70;1;249.002680785548
-23.540611839;-46.600768354;745.5;6090;29.072873070325905;676.8728730703259;Line 70;1;249.002680785548
-23.540706079;-46.601043824;744.9;6060;28.92965694682676;676.7296569468267;Line 70;1;249.002680785548
-23.540800318;-46.601319294;744.5;6030;28.786440823327617;676.5864408233276;Line 70;1;249.002680785548
-23.540894556;-46.601594765;744.2;6000;28.643224699828473;676.4432246998284;Line 70;1;249.002680785548
-23.540988794;-46.601870236;743.8;5970;28.500008576329332;676.3000085763293;Line 70;1;249.002680785548
-23.541083031;-46.602145707;743.5;5940;28.35679245283019;676.1567924528301;Line 70;1;249.002680785548
-23.541177268;-46.602421179;743.3;5910;28.213576329331048;676.013576329331;Line 70;1;249.002680785548
-23.541271504;-46.602696651;743.4;5880;28.070360205831907;675.8703602058318;Line 70;1;249.002680785548
-23.54136574;-46.602972123;743.4;5850;27.927144082332763;675.7271440823328;Line 70;1;249.002680785548
-23.541459975;-46.603247596;743.1;5820;27.78392795883362;675.5839279588336;Line 70;1;249.002680785548
-23.54155421;-46.603523069;742.6;5790;27.64071183533448;675.4407118353345;Line 70;1;249.002680785548
-23.541648445;-46.603798542;741.9;5760;27.497495711835334;675.2974957118353;Line 70;1;249.002680785548
-23.541742678;-46.604074016;741.2;5730;27.354279588336194;675.1542795883362;Line 70;1;249.002680785548
-23.541836912;-46.60434949;740.7;5700;27.21106346483705;675.011063464837;Line 70;1;249.002680785548
-23.541931144;-46.604624965;740.4;5670;27.06784734133791;674.8678473413379;Line 70;1;249.002680785548
-23.542025377;-46.60490044;740.4;5640;26.92463121783877;674.7246312178387;Line 70;1;249.002680785548
-23.542119608;-46.605175915;740.5;5610;26.781415094339625;674.5814150943396;Line 70;1;249.002680785548
-23.54221384;-46.605451391;740.3;5580;26.63819897084048;674.4381989708404;Line 70;1;249.002680785548
-23.54230807;-46.605726867;739.7;5550;26.494982847341337;674.2949828473413;Line 70;1;249.002680785548
-23.542402301;-46.606002343;739.5;5520;26.351766723842196;674.1517667238421;Line 70;1;249.002680785548
-23.54249653;-46.60627782;739.5;5490;26.208550600343056;674.008550600343;Line 70;1;249.002680785548
-23.54259076;-46.606553297;739.8;5460;26.065334476843912;673.8653344768438;Line 70;1;249.002680785548
-23.542684988;-46.606828774;740.2;5430;25.92211835334477;673.7221183533447;Line 70;1;249.002680785548
-23.542779216;-46.607104252;740.7;5400;25.778902229845627;673.5789022298455;Line 70;1;249.002680785548
-23.542873444;-46.607379731;741.3;5370;25.635686106346483;673.4356861063465;Line 70;1;249.002680785548
-23.542967671;-46.607655209;741.4;5340;25.492469982847343;673.2924699828473;Line 70;1;249.002680785548
-23.543061898;-46.607930688;741.2;5310;25.3492538593482;673.1492538593482;Line 70;1;249.002680785548
-23.543156124;-46.608206167;741.0;5280;25.20603773584906;673.006037735849;Line 70;1;249.002680785548
-23.54325035;-46.608481647;741.0;5250;25.062821612349914;672.8628216123499;Line 70;1;249.002680785548
-23.543344575;-46.608757127;741.0;5220;24.919605488850774;672.7196054888507;Line 70;1;249.002680785548
-23.543438799;-46.609032607;740.9;5190;24.776389365351633;672.5763893653516;Line 70;1;249.002680785548
-23.543533023;-46.609308088;740.5;5160;24.63317324185249;672.4331732418525;Line 70;1;249.002680785548
-23.543627247;-46.609583569;740.2;5130;24.489957118353345;672.2899571183533;Line 70;1;249.002680785548
-23.54372147;-46.609859051;740.0;5100;24.3467409948542;672.1467409948541;Line 70;1;249.002680785548
-23.543815693;-46.610134533;740.0;5070;24.20352487135506;672.003524871355;Line 70;1;249.002680785548
-23.543909915;-46.610410015;739.7;5040;24.06030874785592;671.8603087478559;Line 70;1;249.002680785548
-23.544004136;-46.610685498;739.3;5010;23.917092624356776;671.7170926243567;Line 70;1;249.002680785548
-23.544098357;-46.610960981;738.6;4980;23.773876500857636;671.5738765008576;Line 70;1;249.002680785548
-23.544192578;-46.611236464;737.6;4950;23.630660377358492;671.4306603773584;Line 70;1;249.002680785548
-23.544286798;-46.611511948;736.7;4920;23.48744425385935;671.2874442538593;Line 70;1;249.002680785548
-23.544381017;-46.611787432;736.3;4890;23.344228130360207;671.1442281303601;Line 70;1;249.002680785548
-23.544475236;-46.612062916;736.5;4860;23.201012006861063;671.0010120068611;Line 70;1;249.002680785548
-23.544569455;-46.612338401;736.5;4830;23.057795883361923;670.8577958833619;Line 70;1;249.002680785548
-23.544663673;-46.612613886;736.5;4800;22.91457975986278;670.7145797598628;Line 70;1;249.002680785548
-23.54475789;-46.612889372;736.4;4770;22.77136363636364;670.5713636363636;Line 70;1;249.002680785548
-23.544852107;-46.613164858;736.3;4740;22.628147512864498;670.4281475128645;Line 70;1;249.002680785548
-23.544946323;-46.613440344;736.5;4710;22.484931389365354;670.2849313893653;Line 70;1;249.002680785548
-23.545040539;-46.61371583;737.4;4680;22.34171526586621;670.1417152658662;Line 70;1;249.002680785548
-23.545134755;-46.613991317;738.3;4650;22.198499142367066;669.998499142367;Line 70;1;249.002680785548
-23.54522897;-46.614266805;738.4;4620;22.055283018867925;669.8552830188679;Line 70;1;249.002680785548
-23.545323184;-46.614542292;737.4;4590;21.912066895368785;669.7120668953687;Line 70;1;249.002680785548
-23.545417398;-46.614817781;736.2;4560;21.76885077186964;669.5688507718696;Line 70;1;249.002680785548
-23.545511611;-46.615093269;735.1;4530;21.6256346483705;669.4256346483704;Line 70;1;249.002680785548
-23.545605824;-46.615368758;734.6;4500;21.482418524871356;669.2824185248713;Line 70;1;249.002680785548
-23.545700036;-46.615644247;734.2;4470;21.339202401372216;669.1392024013721;Line 70;1;249.002680785548
-23.545794248;-46.615919737;734.1;4440;21.19598627787307;668.995986277873;Line 70;1;249.002680785548
-23.54588846;-46.616195226;734.4;4410;21.052770154373928;668.8527701543738;Line 70;1;249.002680785548
-23.54598267;-46.616470717;734.4;4380;20.909554030874787;668.7095540308748;Line 70;1;249.002680785548
-23.546076881;-46.616746207;734.3;4350;20.766337907375643;668.5663379073756;Line 70;1;249.002680785548
-23.54617109;-46.617021698;734.5;4320;20.623121783876503;668.4231217838765;Line 70;1;249.002680785548
-23.5462653;-46.61729719;734.6;4290;20.479905660377362;668.2799056603773;Line 70;1;249.002680785548
-23.546359509;-46.617572682;734.5;4260;20.336689536878218;668.1366895368782;Line 70;1;249.002680785548
-23.546453717;-46.617848174;734.3;4230;20.193473413379074;667.993473413379;Line 70;1;249.002680785548
-23.546547924;-46.618123666;734.5;4200;20.05025728987993;667.8502572898799;Line 70;1;249.002680785548
-23.546642132;-46.618399159;734.7;4170;19.90704116638079;667.7070411663807;Line 70;1;249.002680785548
-23.546736338;-46.618674652;733.5;4140;19.76382504288165;667.5638250428816;Line 70;1;249.002680785548
-23.546830545;-46.618950146;732.5;4110;19.620608919382505;667.4206089193824;Line 70;1;249.002680785548
-23.54692475;-46.61922564;731.9;4080;19.477392795883365;667.2773927958833;Line 70;1;249.002680785548
-23.547018956;-46.619501134;732.3;4050;19.33417667238422;667.1341766723842;Line 70;1;249.002680785548
-23.54711316;-46.619776629;732.6;4020;19.19096054888508;666.990960548885;Line 70;1;249.002680785548
-23.547207364;-46.620052124;732.9;3990;19.047744425385936;666.8477444253859;Line 70;1;249.002680785548
-23.547301568;-46.620327619;733.1;3960;18.904528301886792;666.7045283018867;Line 70;1;249.002680785548
-23.547395771;-46.620603115;733.1;3930;18.76131217838765;666.5613121783877;Line 70;1;249.002680785548
-23.547489974;-46.620878611;733.0;3900;18.618096054888507;666.4180960548885;Line 70;1;249.002680785548
-23.547584176;-46.621154107;733.0;3870;18.474879931389367;666.2748799313894;Line 70;1;249.002680785548
-23.547678378;-46.621429604;732.8;3840;18.331663807890227;666.1316638078902;Line 70;1;249.002680785548
-23.547772579;-46.621705102;732.7;3810;18.188447684391083;665.9884476843911;Line 70;1;249.002680785548
-23.547866779;-46.621980599;732.9;3780;18.04523156089194;665.8452315608919;Line 70;1;249.002680785548
-23.547960979;-46.622256097;733.2;3750;17.902015437392794;665.7020154373928;Line 70;1;249.002680785548
-23.548055179;-46.622531595;733.7;3720;17.758799313893654;665.5587993138936;Line 70;1;249.002680785548
-23.548149378;-46.622807094;733.8;3690;17.61558319039451;665.4155831903945;Line 70;1;249.002680785548
-23.548243576;-46.623082593;733.9;3660;17.47236706689537;665.2723670668953;Line 70;1;249.002680785548
-23.548337775;-46.623358093;734.0;3630;17.32915094339623;665.1291509433962;Line 70;1;249.002680785548
-23.548431972;-46.623633592;733.9;3600;17.185934819897085;664.985934819897;Line 70;1;249.002680785548
-23.548526169;-46.623909093;733.9;3570;17.042718696397944;664.8427186963979;Line 70;1;249.002680785548
-23.548620366;-46.624184593;734.0;3540;16.8995025728988;664.6995025728987;Line 70;1;249.002680785548
-23.548714562;-46.624460094;733.1;3510;16.756286449399656;664.5562864493996;Line 70;1;249.002680785548
-23.548808757;-46.624735595;732.2;3480;16.613070325900516;664.4130703259004;Line 70;1;249.002680785548
-23.548902952;-46.625011097;731.3;3450;16.469854202401372;664.2698542024013;Line 70;1;249.002680785548
-23.548997146;-46.625286599;731.2;3420;16.32663807890223;664.1266380789021;Line 70;1;249.002680785548
-23.54909134;-46.625562101;731.1;3390;16.183421955403087;663.9834219554031;Line 70;1;249.002680785548
-23.549185534;-46.625837604;731.0;3360;16.040205831903947;663.8402058319039;Line 70;1;249.002680785548
-23.549279727;-46.626113107;730.6;3330;15.896989708404805;663.6969897084048;Line 70;1;249.002680785548
-23.549373919;-46.62638861;730.2;3300;15.75377358490566;663.5537735849056;Line 70;1;249.002680785548
-23.549468111;-46.626664114;729.6;3270;15.61055746140652;663.4105574614065;Line 70;1;249.002680785548
-23.549562302;-46.626939618;729.0;3240;15.467341337907374;663.2673413379073;Line 70;1;249.002680785548
-23.549656493;-46.627215123;728.7;3210;15.324125214408234;663.1241252144082;Line 70;1;249.002680785548
-23.549750684;-46.627490628;728.8;3180;15.180909090909093;662.980909090909;Line 70;1;249.002680785548
-23.549844874;-46.627766133;731.2;3150;15.03769296740995;662.8376929674099;Line 70;1;249.002680785548
-23.549939063;-46.628041639;733.7;3120;14.894476843910807;662.6944768439107;Line 70;1;249.002680785548
-23.550033252;-46.628317145;736.0;3090;14.751260720411665;662.5512607204116;Line 70;1;249.002680785548
-23.55012744;-46.628592651;739.3;3060;14.608044596912523;662.4080445969125;Line 70;1;249.002680785548
-23.550221628;-46.628868158;743.1;3030;14.46482847341338;662.2648284734133;Line 70;1;249.002680785548
-23.550315815;-46.629143665;747.5;3000;14.321612349914236;662.1216123499142;Line 70;1;249.002680785548
-23.550410002;-46.629419172;752.3;2970;14.178396226415096;661.978396226415;Line 70;1;249.002680785548
-23.550504188;-46.62969468;756.2;2940;14.035180102915954;661.835180102916;Line 70;1;249.002680785548
-23.550598374;-46.629970188;759.3;2910;13.89196397941681;661.6919639794168;Line 70;1;249.002680785548
-23.550692559;-46.630245697;761.7;2880;13.748747855917667;661.5487478559177;Line 70;1;249.002680785548
-23.550786744;-46.630521206;763.7;2850;13.605531732418525;661.4055317324185;Line 70;1;249.002680785548
-23.550880928;-46.630796715;765.6;2820;13.462315608919385;661.2623156089194;Line 70;1;249.002680785548
-23.550975112;-46.631072225;766.3;2790;13.31909948542024;661.1190994854202;Line 70;1;249.002680785548
-23.551069295;-46.631347735;767.0;2760;13.175883361921098;660.9758833619211;Line 70;1;249.002680785548
-23.551163478;-46.631623245;767.9;2730;13.032667238421956;660.8326672384219;Line 70;1;249.002680785548
-23.55125766;-46.631898756;767.9;2700;12.889451114922814;660.6894511149228;Line 70;1;249.002680785548
-23.551351842;-46.632174267;768.4;2670;12.746234991423671;660.5462349914236;Line 70;1;249.002680785548
-23.551446023;-46.632449778;769.5;2640;12.60301886792453;660.4030188679245;Line 70;1;249.002680785548
-23.551540204;-46.63272529;772.1;2610;12.459802744425387;660.2598027444253;Line 70;1;249.002680785548
-23.551634384;-46.633000803;775.2;2580;12.316586620926245;660.1165866209262;Line 70;1;249.002680785548
-23.551728563;-46.633276315;777.2;2550;12.1733704974271;659.973370497427;Line 70;1;249.002680785548
-23.551822742;-46.633551828;778.6;2520;12.03015437392796;659.8301543739279;Line 70;1;249.002680785548
-23.551916921;-46.633827341;779.6;2490;11.886938250428818;659.6869382504287;Line 70;1;249.002680785548
-23.552011099;-46.634102855;780.1;2460;11.743722126929676;659.5437221269297;Line 70;1;249.002680785548
-23.552105277;-46.634378369;780.4;2430;11.600506003430532;659.4005060034305;Line 70;1;249.002680785548
-23.552199454;-46.634653883;781.5;2400;11.45728987993139;659.2572898799314;Line 70;1;249.002680785548
-23.55229363;-46.634929398;783.4;2370;11.314073756432249;659.1140737564322;Line 70;1;249.002680785548
-23.552387806;-46.635204913;784.5;2340;11.170857632933105;658.9708576329331;Line 70;1;249.002680785548
-23.552481982;-46.635480429;784.7;2310;11.027641509433963;658.8276415094339;Line 70;1;249.002680785548
-23.552576157;-46.635755945;784.2;2280;10.88442538593482;658.6844253859348;Line 70;1;249.002680785548
-23.552670331;-46.636031461;779.4;2250;10.741209262435678;658.5412092624356;Line 70;1;249.002680785548
-23.552764505;-46.636306978;773.2;2220;10.597993138936536;658.3979931389365;Line 70;1;249.002680785548
-23.552858679;-46.636582494;767.0;2190;10.454777015437394;658.2547770154373;Line 70;1;249.002680785548
-23.552952852;-46.636858012;764.3;2160;10.311560891938251;658.1115608919382;Line 70;1;249.002680785548
-23.553047024;-46.637133529;763.5;2130;10.168344768439109;657.968344768439;Line 70;1;249.002680785548
-23.553141196;-46.637409048;763.0;2100;10.025128644939965;657.8251286449399;Line 70;1;249.002680785548
-23.553235368;-46.637684566;764.4;2070;9.881912521440825;657.6819125214408;Line 70;1;249.002680785548
-23.553329539;-46.637960085;766.3;2040;9.738696397941682;657.5386963979416;Line 70;1;249.002680785548
-23.553423709;-46.638235604;768.3;2010;9.59548027444254;657.3954802744425;Line 70;1;249.002680785548
-23.553517879;-46.638511123;769.5;1980;9.452264150943396;657.2522641509433;Line 70;1;249.002680785548
-23.553612049;-46.638786643;770.3;1950;9.309048027444254;657.1090480274443;Line 70;1;249.002680785548
-23.553706217;-46.639062164;771.1;1920;9.165831903945113;656.9658319039451;Line 70;1;249.002680785548
-23.553800386;-46.639337684;772.5;1890;9.02261578044597;656.822615780446;Line 70;1;249.002680785548
-23.553894554;-46.639613205;774.0;1860;8.879399656946827;656.6793996569468;Line 70;1;249.002680785548
-23.553988721;-46.639888726;775.1;1830;8.736183533447685;656.5361835334477;Line 70;1;249.002680785548
-23.554082888;-46.640164248;775.6;1800;8.592967409948542;656.3929674099485;Line 70;1;249.002680785548
-23.554177054;-46.64043977;776.0;1770;8.4497512864494;656.2497512864494;Line 70;1;249.002680785548
-23.55427122;-46.640715293;776.3;1740;8.306535162950258;656.1065351629502;Line 70;1;249.002680785548
-23.554365385;-46.640990815;773.7;1710;8.163319039451116;655.9633190394511;Line 70;1;249.002680785548
-23.55445955;-46.641266339;769.4;1680;8.020102915951973;655.8201029159519;Line 70;1;249.002680785548
-23.554553714;-46.641541862;765.6;1650;7.87688679245283;655.6768867924528;Line 70;1;249.002680785548
-23.554647878;-46.641817386;764.3;1620;7.733670668953687;655.5336706689536;Line 70;1;249.002680785548
-23.554742042;-46.64209291;764.7;1590;7.590454545454547;655.3904545454545;Line 70;1;249.002680785548
-23.554836204;-46.642368435;764.9;1560;7.4472384219554035;655.2472384219553;Line 70;1;249.002680785548
-23.554930367;-46.64264396;766.1;1530;7.304022298456261;655.1040222984562;Line 70;1;249.002680785548
-23.555024528;-46.642919485;768.1;1500;7.160806174957118;654.960806174957;Line 70;1;249.002680785548
-23.555118689;-46.643195011;770.2;1470;7.017590051457977;654.817590051458;Line 70;1;249.002680785548
-23.55521285;-46.643470537;771.5;1440;6.874373927958834;654.6743739279588;Line 70;1;249.002680785548
-23.55530701;-46.643746064;772.2;1410;6.731157804459692;654.5311578044597;Line 70;1;249.002680785548
-23.55540117;-46.64402159;772.7;1380;6.587941680960549;654.3879416809605;Line 70;1;249.002680785548
-23.555495329;-46.644297118;773.8;1350;6.444725557461407;654.2447255574614;Line 70;1;249.002680785548
-23.555589488;-46.644572645;775.8;1320;6.301509433962265;654.1015094339622;Line 70;1;249.002680785548
-23.555683646;-46.644848173;778.1;1290;6.158293310463122;653.9582933104631;Line 70;1;249.002680785548
-23.555777804;-46.645123701;780.5;1260;6.01507718696398;653.8150771869639;Line 70;1;249.002680785548
-23.555871961;-46.64539923;782.5;1230;5.871861063464838;653.6718610634648;Line 70;1;249.002680785548
-23.555966117;-46.645674759;784.3;1200;5.728644939965695;653.5286449399656;Line 70;1;249.002680785548
-23.556060274;-46.645950288;785.2;1170;5.585428816466552;653.3854288164665;Line 70;1;249.002680785548
-23.556154429;-46.646225818;785.3;1140;5.44221269296741;653.2422126929673;Line 70;1;249.002680785548
-23.556248584;-46.646501348;785.5;1110;5.298996569468268;653.0989965694682;Line 70;1;249.002680785548
-23.556342739;-46.646776879;785.2;1080;5.155780445969126;652.955780445969;Line 70;1;249.002680785548
-23.556436893;-46.64705241;784.3;1050;5.0125643224699825;652.8125643224699;Line 70;1;249.002680785548
-23.556531046;-46.647327941;783.6;1020;4.869348198970841;652.6693481989709;Line 70;1;249.002680785548
-23.556625199;-46.647603472;782.3;990;4.726132075471698;652.5261320754717;Line 70;1;249.002680785548
-23.556719352;-46.647879004;779.2;960;4.582915951972557;652.3829159519726;Line 70;1;249.002680785548
-23.556813504;-46.648154536;775.8;930;4.4396998284734135;652.2396998284734;Line 70;1;249.002680785548
-23.556907655;-46.648430069;773.2;900;4.296483704974271;652.0964837049743;Line 70;1;249.002680785548
-23.557001806;-46.648705602;772.4;870;4.153267581475129;651.9532675814751;Line 70;1;249.002680785548
-23.557095957;-46.648981136;771.7;840;4.010051457975987;651.810051457976;Line 70;1;249.002680785548
-23.557190107;-46.649256669;772.3;810;3.8668353344768436;651.6668353344768;Line 70;1;249.002680785548
-23.557284256;-46.649532203;775.4;780;3.7236192109777018;651.5236192109777;Line 70;1;249.002680785548
-23.557378405;-46.649807738;778.5;750;3.580403087478559;651.3804030874785;Line 70;1;249.002680785548
-23.557472554;-46.650083273;780.8;720;3.437186963979417;651.2371869639794;Line 70;1;249.002680785548
-23.557566702;-46.650358808;781.3;690;3.2939708404802746;651.0939708404802;Line 70;1;249.002680785548
-23.557660849;-46.650634344;782.2;660;3.1507547169811323;650.9507547169811;Line 70;1;249.002680785548
-23.557754996;-46.65090988;782.7;630;3.00753859348199;650.8075385934819;Line 70;1;249.002680785548
-23.557849142;-46.651185416;781.7;600;2.8643224699828473;650.6643224699828;Line 70;1;249.002680785548
-23.557943288;-46.651460953;781.4;570;2.721106346483705;650.5211063464836;Line 70;1;249.002680785548
-23.558037434;-46.65173649;782.3;540;2.577890222984563;650.3778902229845;Line 70;1;249.002680785548
-23.558131578;-46.652012027;784.1;510;2.4346740994854206;650.2346740994853;Line 70;1;249.002680785548
-23.558225723;-46.652287565;785.2;480;2.2914579759862783;650.0914579759863;Line 70;1;249.002680785548
-23.558319867;-46.652563103;787.0;450;2.1482418524871356;649.9482418524871;Line 70;1;249.002680785548
-23.55841401;-46.652838641;794.1;420;2.0050257289879934;649.805025728988;Line 70;1;249.002680785548
-23.558508153;-46.65311418;799.8;390;1.8618096054888509;649.6618096054888;Line 70;1;249.002680785548
-23.558602295;-46.653389719;803.3;360;1.7185934819897084;649.5185934819897;Line 70;1;249.002680785548
-23.558696437;-46.653665259;803.9;330;1.5753773584905661;649.3753773584905;Line 70;1;249.002680785548
-23.558790578;-46.653940799;803.8;300;1.4321612349914237;649.2321612349914;Line 70;1;249.002680785548
-23.558884719;-46.654216339;803.8;270;1.2889451114922814;649.0889451114922;Line 70;1;249.002680785548
-23.558978859;-46.65449188;806.1;240;1.1457289879931392;648.9457289879931;Line 70;1;249.002680785548
-23.559072999;-46.654767421;808.3;210;1.0025128644939967;648.8025128644939;Line 70;1;249.002680785548
-23.559167138;-46.655042963;810.5;180;0.8592967409948542;648.6592967409948;Line 70;1;249.002680785548
-23.559261277;-46.655318504;813.0;150;0.7160806174957118;648.5160806174956;Line 70;1;249.002680785548
-23.559355415;-46.655594046;816.3;120;0.5728644939965696;648.3728644939965;Line 70;1;249.002680785548
-23.559449553;-46.655869589;819.9;90;0.4296483704974271;648.2296483704973;Line 70;1;249.002680785548
-23.55954369;-46.656145132;821.7;60;0.2864322469982848;648.0864322469982;Line 70;1;249.002680785548
-23.559637826;-46.656420675;824.6;30;0.1432161234991424;647.943216123499;Line 70;1;249.002680785548
-23.559528028;-46.656664688;825.2;0;0.0;647.8;Line 70;1;249.002680785548
