latitude;longitude;altitude (m);distance_m;alt_x;alt_y;name;obstrucao;angle
-23.736227702;-47.315823939;960.8;69960;19.980000000000018;981.78;Line 254;0;72.9948656859449
-23.736152733;-47.315541283;963.0;69930;19.971432246998305;981.7714322469983;Line 254;0;72.9948656859449
-23.736077762;-47.315258628;965.4;69900;19.962864493996587;981.7628644939965;Line 254;0;72.9948656859449
-23.736002791;-47.314975973;967.9;69870;19.954296740994874;981.7542967409948;Line 254;0;72.9948656859449
-23.73592782;-47.314693318;971.0;69840;19.945728987993157;981.7457289879931;Line 254;0;72.9948656859449
-23.735852847;-47.314410663;974.0;69810;19.93716123499144;981.7371612349914;Line 254;0;72.9948656859449
-23.735777875;-47.314128009;975.2;69780;19.928593481989726;981.7285934819897;Line 254;0;72.9948656859449
-23.735702902;-47.313845355;974.4;69750;19.92002572898801;981.7200257289879;Line 254;0;72.9948656859449
-23.735627928;-47.313562701;973.5;69720;19.911457975986295;981.7114579759863;Line 254;0;72.9948656859449
-23.735552954;-47.313280048;972.2;69690;19.90289022298458;981.7028902229845;Line 254;0;72.9948656859449
-23.735477979;-47.312997395;968.7;69660;19.894322469982864;981.6943224699828;Line 254;0;72.9948656859449
-23.735403004;-47.312714742;965.5;69630;19.88575471698115;981.6857547169811;Line 254;0;72.9948656859449
-23.735328028;-47.312432089;963.3;69600;19.877186963979433;981.6771869639794;Line 254;0;72.9948656859449
-23.735253051;-47.312149437;963.3;69570;19.86861921097772;981.6686192109777;Line 254;0;72.9948656859449
-23.735178074;-47.311866785;963.5;69540;19.860051457976006;981.660051457976;Line 254;0;72.9948656859449
-23.735103097;-47.311584133;964.5;69510;19.85148370497429;981.6514837049742;Line 254;0;72.9948656859449
-23.735028119;-47.311301482;967.1;69480;19.842915951972575;981.6429159519726;Line 254;0;72.9948656859449
-23.73495314;-47.31101883;970.6;69450;19.834348198970858;981.6343481989708;Line 254;0;72.9948656859449
-23.734878161;-47.310736179;976.6;69420;19.825780445969144;981.6257804459691;Line 254;0;72.9948656859449
-23.734803181;-47.310453529;985.6;69390;19.81721269296743;981.6172126929674;Line 254;1;72.9948656859449
-23.734728201;-47.310170878;994.2;69360;19.808644939965713;981.6086449399656;Line 254;1;72.9948656859449
-23.73465322;-47.309888228;1002.5;69330;19.800077186964;981.600077186964;Line 254;1;72.9948656859449
-23.734578239;-47.309605579;1010.7;69300;19.79150943396228;981.5915094339622;Line 254;1;72.9948656859449
-23.734503257;-47.309322929;1018.8;69270;19.782941680960565;981.5829416809605;Line 254;1;72.9948656859449
-23.734428275;-47.30904028;1026.6;69240;19.77437392795885;981.5743739279588;Line 254;1;72.9948656859449
-23.734353292;-47.308757631;1033.9;69210;19.765806174957135;981.5658061749571;Line 254;1;72.9948656859449
-23.734278308;-47.308474982;1040.8;69180;19.75723842195542;981.5572384219554;Line 254;1;72.9948656859449
-23.734203324;-47.308192334;1046.6;69150;19.748670668953704;981.5486706689536;Line 254;1;72.9948656859449
-23.734128339;-47.307909686;1051.0;69120;19.74010291595199;981.5401029159519;Line 254;1;72.9948656859449
-23.734053354;-47.307627038;1054.5;69090;19.731535162950276;981.5315351629503;Line 254;1;72.9948656859449
-23.733978369;-47.30734439;1054.0;69060;19.72296740994856;981.5229674099485;Line 254;1;72.9948656859449
-23.733903382;-47.307061743;1050.4;69030;19.714399656946846;981.5143996569468;Line 254;1;72.9948656859449
-23.733828396;-47.306779096;1046.3;69000;19.70583190394513;981.5058319039451;Line 254;1;72.9948656859449
-23.733753408;-47.306496449;1040.0;68970;19.697264150943415;981.4972641509434;Line 254;1;72.9948656859449
-23.733678421;-47.306213803;1031.6;68940;19.6886963979417;981.4886963979417;Line 254;1;72.9948656859449
-23.733603432;-47.305931157;1022.4;68910;19.680128644939984;981.4801286449399;Line 254;1;72.9948656859449
-23.733528443;-47.305648511;1013.9;68880;19.67156089193827;981.4715608919382;Line 254;1;72.9948656859449
-23.733453454;-47.305365865;1006.7;68850;19.662993138936553;981.4629931389366;Line 254;1;72.9948656859449
-23.733378464;-47.30508322;1000.4;68820;19.65442538593484;981.4544253859348;Line 254;1;72.9948656859449
-23.733303473;-47.304800575;992.9;68790;19.645857632933122;981.4458576329331;Line 254;1;72.9948656859449
-23.733228482;-47.30451793;984.7;68760;19.637289879931405;981.4372898799313;Line 254;1;72.9948656859449
-23.73315349;-47.304235286;977.5;68730;19.62872212692969;981.4287221269296;Line 254;0;72.9948656859449
-23.733078498;-47.303952641;969.3;68700;19.620154373927974;981.420154373928;Line 254;0;72.9948656859449
-23.733003506;-47.303669997;961.1;68670;19.61158662092626;981.4115866209262;Line 254;0;72.9948656859449
-23.732928512;-47.303387354;953.4;68640;19.603018867924547;981.4030188679245;Line 254;0;72.9948656859449
-23.732853518;-47.30310471;951.9;68610;19.59445111492283;981.3944511149227;Line 254;0;72.9948656859449
-23.732778524;-47.302822067;951.8;68580;19.585883361921116;981.3858833619211;Line 254;0;72.9948656859449
-23.732703529;-47.302539425;951.6;68550;19.5773156089194;981.3773156089194;Line 254;0;72.9948656859449
-23.732628534;-47.302256782;947.8;68520;19.568747855917685;981.3687478559176;Line 254;0;72.9948656859449
-23.732553538;-47.30197414;943.2;68490;19.56018010291597;981.3601801029159;Line 254;0;72.9948656859449
-23.732478541;-47.301691498;938.5;68460;19.551612349914254;981.3516123499143;Line 254;0;72.9948656859449
-23.732403544;-47.301408856;930.9;68430;19.54304459691254;981.3430445969125;Line 254;0;72.9948656859449
-23.732328546;-47.301126215;923.6;68400;19.534476843910824;981.3344768439108;Line 254;0;72.9948656859449
-23.732253548;-47.300843574;917.0;68370;19.52590909090911;981.325909090909;Line 254;0;72.9948656859449
-23.73217855;-47.300560933;918.7;68340;19.517341337907396;981.3173413379074;Line 254;0;72.9948656859449
-23.73210355;-47.300278292;921.4;68310;19.50877358490568;981.3087735849057;Line 254;0;72.9948656859449
-23.732028551;-47.299995652;925.0;68280;19.500205831903966;981.3002058319039;Line 254;0;72.9948656859449
-23.73195355;-47.299713012;923.9;68250;19.491638078902245;981.2916380789022;Line 254;0;72.9948656859449
-23.731878549;-47.299430372;923.4;68220;19.48307032590053;981.2830703259004;Line 254;0;72.9948656859449
-23.731803548;-47.299147733;923.5;68190;19.474502572898817;981.2745025728988;Line 254;0;72.9948656859449
-23.731728546;-47.298865094;923.7;68160;19.4659348198971;981.2659348198971;Line 254;0;72.9948656859449
-23.731653543;-47.298582455;923.8;68130;19.457367066895387;981.2573670668953;Line 254;0;72.9948656859449
-23.73157854;-47.298299816;924.3;68100;19.44879931389367;981.2487993138936;Line 254;0;72.9948656859449
-23.731503537;-47.298017178;927.5;68070;19.440231560891956;981.2402315608919;Line 254;0;72.9948656859449
-23.731428533;-47.29773454;930.7;68040;19.431663807890242;981.2316638078902;Line 254;0;72.9948656859449
-23.731353528;-47.297451902;934.0;68010;19.423096054888525;981.2230960548885;Line 254;0;72.9948656859449
-23.731278523;-47.297169265;938.3;67980;19.41452830188681;981.2145283018867;Line 254;0;72.9948656859449
-23.731203517;-47.296886628;942.8;67950;19.405960548885094;981.2059605488851;Line 254;0;72.9948656859449
-23.731128511;-47.296603991;947.0;67920;19.39739279588338;981.1973927958834;Line 254;0;72.9948656859449
-23.731053504;-47.296321354;950.3;67890;19.388825042881667;981.1888250428816;Line 254;0;72.9948656859449
-23.730978497;-47.296038718;953.9;67860;19.38025728987995;981.1802572898799;Line 254;0;72.9948656859449
-23.730903489;-47.295756082;957.6;67830;19.371689536878236;981.1716895368781;Line 254;0;72.9948656859449
-23.73082848;-47.295473446;961.0;67800;19.36312178387652;981.1631217838765;Line 254;0;72.9948656859449
-23.730753471;-47.295190811;963.0;67770;19.354554030874805;981.1545540308748;Line 254;0;72.9948656859449
-23.730678462;-47.294908175;963.0;67740;19.345986277873088;981.145986277873;Line 254;0;72.9948656859449
-23.730603451;-47.29462554;959.1;67710;19.33741852487137;981.1374185248714;Line 254;0;72.9948656859449
-23.730528441;-47.294342906;955.3;67680;19.328850771869657;981.1288507718696;Line 254;0;72.9948656859449
-23.73045343;-47.294060271;950.8;67650;19.32028301886794;981.1202830188679;Line 254;0;72.9948656859449
-23.730378418;-47.293777637;945.3;67620;19.311715265866226;981.1117152658662;Line 254;0;72.9948656859449
-23.730303406;-47.293495003;939.7;67590;19.30314751286451;981.1031475128644;Line 254;0;72.9948656859449
-23.730228393;-47.29321237;937.3;67560;19.294579759862795;981.0945797598628;Line 254;0;72.9948656859449
-23.730153379;-47.292929737;939.5;67530;19.286012006861082;981.086012006861;Line 254;0;72.9948656859449
-23.730078365;-47.292647104;942.2;67500;19.277444253859365;981.0774442538593;Line 254;0;72.9948656859449
-23.730003351;-47.292364471;946.6;67470;19.26887650085765;981.0688765008576;Line 254;0;72.9948656859449
-23.729928336;-47.292081839;952.2;67440;19.260308747855934;981.0603087478559;Line 254;0;72.9948656859449
-23.72985332;-47.291799206;958.0;67410;19.25174099485422;981.0517409948542;Line 254;0;72.9948656859449
-23.729778304;-47.291516575;961.2;67380;19.243173241852507;981.0431732418525;Line 254;0;72.9948656859449
-23.729703288;-47.291233943;962.7;67350;19.23460548885079;981.0346054888507;Line 254;0;72.9948656859449
-23.729628271;-47.290951312;964.8;67320;19.226037735849076;981.0260377358491;Line 254;0;72.9948656859449
-23.729553253;-47.290668681;965.8;67290;19.21746998284736;981.0174699828473;Line 254;0;72.9948656859449
-23.729478235;-47.29038605;966.0;67260;19.208902229845645;981.0089022298456;Line 254;0;72.9948656859449
-23.729403216;-47.29010342;966.5;67230;19.200334476843928;981.0003344768439;Line 254;0;72.9948656859449
-23.729328197;-47.289820789;966.6;67200;19.19176672384221;980.9917667238421;Line 254;0;72.9948656859449
-23.729253177;-47.28953816;966.4;67170;19.183198970840497;980.9831989708405;Line 254;0;72.9948656859449
-23.729178156;-47.28925553;966.3;67140;19.17463121783878;980.9746312178387;Line 254;0;72.9948656859449
-23.729103135;-47.288972901;968.1;67110;19.166063464837066;980.966063464837;Line 254;0;72.9948656859449
-23.729028114;-47.288690272;970.7;67080;19.157495711835352;980.9574957118353;Line 254;0;72.9948656859449
-23.728953092;-47.288407643;973.3;67050;19.148927958833635;980.9489279588336;Line 254;0;72.9948656859449
-23.728878069;-47.288125014;972.6;67020;19.14036020583192;980.9403602058319;Line 254;0;72.9948656859449
-23.728803046;-47.287842386;971.8;66990;19.131792452830204;980.9317924528301;Line 254;0;72.9948656859449
-23.728728022;-47.287559758;972.3;66960;19.12322469982849;980.9232246998284;Line 254;0;72.9948656859449
-23.728652998;-47.287277131;973.6;66930;19.114656946826777;980.9146569468268;Line 254;0;72.9948656859449
-23.728577973;-47.286994503;974.7;66900;19.10608919382506;980.906089193825;Line 254;0;72.9948656859449
-23.728502948;-47.286711876;975.8;66870;19.097521440823346;980.8975214408233;Line 254;0;72.9948656859449
-23.728427922;-47.286429249;976.5;66840;19.08895368782163;980.8889536878216;Line 254;0;72.9948656859449
-23.728352896;-47.286146623;976.9;66810;19.080385934819915;980.8803859348199;Line 254;0;72.9948656859449
-23.728277869;-47.285863997;975.8;66780;19.0718181818182;980.8718181818182;Line 254;0;72.9948656859449
-23.728202841;-47.285581371;972.9;66750;19.063250428816485;980.8632504288164;Line 254;0;72.9948656859449
-23.728127813;-47.285298745;969.3;66720;19.05468267581477;980.8546826758147;Line 254;0;72.9948656859449
-23.728052785;-47.28501612;965.2;66690;19.046114922813054;980.8461149228131;Line 254;0;72.9948656859449
-23.727977756;-47.284733495;961.4;66660;19.037547169811337;980.8375471698113;Line 254;0;72.9948656859449
-23.727902726;-47.28445087;957.0;66630;19.028979416809623;980.8289794168096;Line 254;0;72.9948656859449
-23.727827696;-47.284168245;952.2;66600;19.020411663807906;980.8204116638078;Line 254;0;72.9948656859449
-23.727752665;-47.283885621;947.2;66570;19.011843910806192;980.8118439108061;Line 254;0;72.9948656859449
-23.727677634;-47.283602997;942.2;66540;19.003276157804475;980.8032761578045;Line 254;0;72.9948656859449
-23.727602602;-47.283320373;937.1;66510;18.99470840480276;980.7947084048027;Line 254;0;72.9948656859449
-23.72752757;-47.28303775;934.2;66480;18.986140651801048;980.786140651801;Line 254;0;72.9948656859449
-23.727452537;-47.282755127;932.1;66450;18.97757289879933;980.7775728987992;Line 254;0;72.9948656859449
-23.727377503;-47.282472504;930.6;66420;18.969005145797617;980.7690051457976;Line 254;0;72.9948656859449
-23.727302469;-47.282189881;929.1;66390;18.9604373927959;980.7604373927959;Line 254;0;72.9948656859449
-23.727227435;-47.281907259;927.4;66360;18.951869639794186;980.7518696397941;Line 254;0;72.9948656859449
-23.7271524;-47.281624637;925.5;66330;18.943301886792472;980.7433018867924;Line 254;0;72.9948656859449
-23.727077364;-47.281342015;923.3;66300;18.934734133790755;980.7347341337907;Line 254;0;72.9948656859449
-23.727002328;-47.281059394;920.2;66270;18.92616638078904;980.726166380789;Line 254;0;72.9948656859449
-23.726927291;-47.280776773;917.0;66240;18.917598627787324;980.7175986277873;Line 254;0;72.9948656859449
-23.726852254;-47.280494152;915.7;66210;18.90903087478561;980.7090308747855;Line 254;0;72.9948656859449
-23.726777216;-47.280211531;914.5;66180;18.900463121783893;980.7004631217839;Line 254;0;72.9948656859449
-23.726702178;-47.279928911;913.1;66150;18.891895368782176;980.6918953687822;Line 254;0;72.9948656859449
-23.726627139;-47.279646291;911.6;66120;18.883327615780463;980.6833276157804;Line 254;0;72.9948656859449
-23.7265521;-47.279363671;910.2;66090;18.874759862778745;980.6747598627787;Line 254;0;72.9948656859449
-23.72647706;-47.279081052;908.5;66060;18.86619210977703;980.666192109777;Line 254;0;72.9948656859449
-23.726402019;-47.278798432;906.2;66030;18.857624356775318;980.6576243567753;Line 254;0;72.9948656859449
-23.726326978;-47.278515813;904.2;66000;18.8490566037736;980.6490566037736;Line 254;0;72.9948656859449
-23.726251936;-47.278233195;902.7;65970;18.840488850771887;980.6404888507718;Line 254;0;72.9948656859449
-23.726176894;-47.277950576;902.0;65940;18.83192109777017;980.6319210977701;Line 254;0;72.9948656859449
-23.726101852;-47.277667958;901.4;65910;18.823353344768456;980.6233533447684;Line 254;0;72.9948656859449
-23.726026808;-47.277385341;901.8;65880;18.814785591766743;980.6147855917667;Line 254;0;72.9948656859449
-23.725951765;-47.277102723;903.3;65850;18.806217838765026;980.606217838765;Line 254;0;72.9948656859449
-23.72587672;-47.276820106;905.0;65820;18.797650085763312;980.5976500857632;Line 254;0;72.9948656859449
-23.725801676;-47.276537489;908.2;65790;18.789082332761595;980.5890823327616;Line 254;0;72.9948656859449
-23.72572663;-47.276254872;913.3;65760;18.78051457975988;980.5805145797599;Line 254;0;72.9948656859449
-23.725651584;-47.275972256;918.4;65730;18.771946826758168;980.5719468267581;Line 254;0;72.9948656859449
-23.725576538;-47.27568964;920.8;65700;18.76337907375645;980.5633790737564;Line 254;0;72.9948656859449
-23.725501491;-47.275407024;920.5;65670;18.754811320754737;980.5548113207547;Line 254;0;72.9948656859449
-23.725426443;-47.275124408;920.4;65640;18.746243567753016;980.546243567753;Line 254;0;72.9948656859449
-23.725351395;-47.274841793;917.9;65610;18.737675814751302;980.5376758147513;Line 254;0;72.9948656859449
-23.725276346;-47.274559178;913.0;65580;18.72910806174959;980.5291080617495;Line 254;0;72.9948656859449
-23.725201297;-47.274276563;907.4;65550;18.72054030874787;980.5205403087479;Line 254;0;72.9948656859449
-23.725126248;-47.273993949;904.5;65520;18.711972555746158;980.5119725557461;Line 254;0;72.9948656859449
-23.725051197;-47.273711335;903.8;65490;18.70340480274444;980.5034048027444;Line 254;0;72.9948656859449
-23.724976147;-47.273428721;903.6;65460;18.694837049742727;980.4948370497427;Line 254;0;72.9948656859449
-23.724901095;-47.273146107;905.5;65430;18.686269296741013;980.4862692967409;Line 254;0;72.9948656859449
-23.724826043;-47.272863494;908.2;65400;18.677701543739296;980.4777015437393;Line 254;0;72.9948656859449
-23.724750991;-47.272580881;911.0;65370;18.669133790737583;980.4691337907375;Line 254;0;72.9948656859449
-23.724675938;-47.272298268;911.4;65340;18.660566037735865;980.4605660377358;Line 254;0;72.9948656859449
-23.724600884;-47.272015656;910.7;65310;18.65199828473415;980.4519982847341;Line 254;0;72.9948656859449
-23.72452583;-47.271733044;909.9;65280;18.643430531732438;980.4434305317324;Line 254;0;72.9948656859449
-23.724450776;-47.271450432;909.4;65250;18.63486277873072;980.4348627787307;Line 254;0;72.9948656859449
-23.724375721;-47.27116782;909.2;65220;18.626295025729007;980.4262950257289;Line 254;0;72.9948656859449
-23.724300665;-47.270885209;909.0;65190;18.61772727272729;980.4177272727272;Line 254;0;72.9948656859449
-23.724225609;-47.270602598;908.5;65160;18.609159519725576;980.4091595197256;Line 254;0;72.9948656859449
-23.724150552;-47.270319987;907.6;65130;18.60059176672386;980.4005917667238;Line 254;0;72.9948656859449
-23.724075494;-47.270037377;906.5;65100;18.592024013722142;980.3920240137221;Line 254;0;72.9948656859449
-23.724000437;-47.269754766;903.6;65070;18.58345626072043;980.3834562607204;Line 254;0;72.9948656859449
-23.723925378;-47.269472157;900.1;65040;18.57488850771871;980.3748885077187;Line 254;0;72.9948656859449
-23.723850319;-47.269189547;896.3;65010;18.566320754716997;980.366320754717;Line 254;0;72.9948656859449
-23.72377526;-47.268906938;896.2;64980;18.55775300171528;980.3577530017152;Line 254;0;72.9948656859449
-23.7237002;-47.268624328;896.3;64950;18.549185248713567;980.3491852487135;Line 254;0;72.9948656859449
-23.723625139;-47.26834172;896.0;64920;18.540617495711853;980.3406174957119;Line 254;0;72.9948656859449
-23.723550078;-47.268059111;896.8;64890;18.532049742710136;980.3320497427101;Line 254;0;72.9948656859449
-23.723475016;-47.267776503;897.8;64860;18.523481989708422;980.3234819897084;Line 254;0;72.9948656859449
-23.723399954;-47.267493895;898.8;64830;18.514914236706705;980.3149142367066;Line 254;0;72.9948656859449
-23.723324891;-47.267211287;899.5;64800;18.50634648370499;980.3063464837049;Line 254;0;72.9948656859449
-23.723249828;-47.26692868;900.4;64770;18.497778730703278;980.2977787307033;Line 254;0;72.9948656859449
-23.723174764;-47.266646073;900.7;64740;18.48921097770156;980.2892109777015;Line 254;0;72.9948656859449
-23.7230997;-47.266363466;900.9;64710;18.480643224699847;980.2806432246998;Line 254;0;72.9948656859449
-23.723024635;-47.266080859;901.0;64680;18.47207547169813;980.272075471698;Line 254;0;72.9948656859449
-23.72294957;-47.265798253;901.3;64650;18.463507718696416;980.2635077186964;Line 254;0;72.9948656859449
-23.722874504;-47.265515647;901.8;64620;18.454939965694702;980.2549399656947;Line 254;0;72.9948656859449
-23.722799437;-47.265233042;902.2;64590;18.44637221269298;980.2463722126929;Line 254;0;72.9948656859449
-23.72272437;-47.264950436;902.3;64560;18.437804459691268;980.2378044596912;Line 254;0;72.9948656859449
-23.722649302;-47.264667831;900.7;64530;18.42923670668955;980.2292367066896;Line 254;0;72.9948656859449
-23.722574234;-47.264385226;898.8;64500;18.420668953687837;980.2206689536878;Line 254;0;72.9948656859449
-23.722499165;-47.264102622;896.4;64470;18.412101200686124;980.2121012006861;Line 254;0;72.9948656859449
-23.722424096;-47.263820017;894.1;64440;18.403533447684406;980.2035334476843;Line 254;0;72.9948656859449
-23.722349026;-47.263537413;891.6;64410;18.394965694682693;980.1949656946827;Line 254;0;72.9948656859449
-23.722273956;-47.26325481;889.4;64380;18.386397941680976;980.186397941681;Line 254;0;72.9948656859449
-23.722198885;-47.262972206;888.2;64350;18.377830188679262;980.1778301886792;Line 254;0;72.9948656859449
-23.722123814;-47.262689603;886.9;64320;18.36926243567755;980.1692624356775;Line 254;0;72.9948656859449
-23.722048742;-47.262407;885.4;64290;18.36069468267583;980.1606946826757;Line 254;0;72.9948656859449
-23.721973669;-47.262124397;883.7;64260;18.352126929674117;980.1521269296741;Line 254;0;72.9948656859449
-23.721898596;-47.261841795;882.1;64230;18.3435591766724;980.1435591766724;Line 254;0;72.9948656859449
-23.721823523;-47.261559193;880.7;64200;18.334991423670687;980.1349914236706;Line 254;0;72.9948656859449
-23.721748449;-47.261276591;879.5;64170;18.326423670668973;980.1264236706689;Line 254;0;72.9948656859449
-23.721673374;-47.26099399;878.0;64140;18.317855917667256;980.1178559176672;Line 254;0;72.9948656859449
-23.721598299;-47.260711389;878.0;64110;18.309288164665542;980.1092881646655;Line 254;0;72.9948656859449
-23.721523223;-47.260428788;880.5;64080;18.300720411663825;980.1007204116638;Line 254;0;72.9948656859449
-23.721448147;-47.260146187;883.1;64050;18.292152658662108;980.092152658662;Line 254;0;72.9948656859449
-23.72137307;-47.259863587;885.4;64020;18.283584905660394;980.0835849056604;Line 254;0;72.9948656859449
-23.721297992;-47.259580987;887.5;63990;18.275017152658677;980.0750171526586;Line 254;0;72.9948656859449
-23.721222914;-47.259298387;889.3;63960;18.266449399656963;980.0664493996569;Line 254;0;72.9948656859449
-23.721147836;-47.259015787;891.5;63930;18.257881646655246;980.0578816466552;Line 254;0;72.9948656859449
-23.721072757;-47.258733188;894.1;63900;18.249313893653532;980.0493138936534;Line 254;0;72.9948656859449
-23.720997677;-47.258450589;896.7;63870;18.24074614065182;980.0407461406518;Line 254;0;72.9948656859449
-23.720922597;-47.258167991;899.8;63840;18.2321783876501;980.0321783876501;Line 254;0;72.9948656859449
-23.720847517;-47.257885392;903.5;63810;18.223610634648388;980.0236106346483;Line 254;0;72.9948656859449
-23.720772435;-47.257602794;908.7;63780;18.21504288164667;980.0150428816467;Line 254;0;72.9948656859449
-23.720697354;-47.257320196;913.2;63750;18.206475128644957;980.0064751286449;Line 254;0;72.9948656859449
-23.720622272;-47.257037599;916.6;63720;18.197907375643243;979.9979073756432;Line 254;0;72.9948656859449
-23.720547189;-47.256755001;919.5;63690;18.189339622641526;979.9893396226415;Line 254;0;72.9948656859449
-23.720472105;-47.256472404;922.9;63660;18.180771869639813;979.9807718696397;Line 254;0;72.9948656859449
-23.720397021;-47.256189808;926.1;63630;18.172204116638095;979.9722041166381;Line 254;0;72.9948656859449
-23.720321937;-47.255907211;928.2;63600;18.163636363636382;979.9636363636363;Line 254;0;72.9948656859449
-23.720246852;-47.255624615;927.6;63570;18.155068610634665;979.9550686106346;Line 254;0;72.9948656859449
-23.720171767;-47.255342019;926.1;63540;18.146500857632947;979.9465008576329;Line 254;0;72.9948656859449
-23.72009668;-47.255059424;924.5;63510;18.137933104631234;979.9379331046312;Line 254;0;72.9948656859449
-23.720021594;-47.254776829;922.0;63480;18.129365351629517;979.9293653516295;Line 254;0;72.9948656859449
-23.719946507;-47.254494234;919.2;63450;18.120797598627803;979.9207975986278;Line 254;0;72.9948656859449
-23.719871419;-47.254211639;916.9;63420;18.11222984562609;979.912229845626;Line 254;0;72.9948656859449
-23.719796331;-47.253929044;918.1;63390;18.103662092624372;979.9036620926244;Line 254;0;72.9948656859449
-23.719721242;-47.25364645;919.9;63360;18.09509433962266;979.8950943396226;Line 254;0;72.9948656859449
-23.719646153;-47.253363856;921.8;63330;18.08652658662094;979.8865265866209;Line 254;0;72.9948656859449
-23.719571063;-47.253081263;923.2;63300;18.077958833619228;979.8779588336192;Line 254;0;72.9948656859449
-23.719495972;-47.252798669;924.8;63270;18.069391080617514;979.8693910806174;Line 254;0;72.9948656859449
-23.719420882;-47.252516076;926.4;63240;18.060823327615797;979.8608233276158;Line 254;0;72.9948656859449
-23.71934579;-47.252233484;927.9;63210;18.052255574614083;979.852255574614;Line 254;0;72.9948656859449
-23.719270698;-47.251950891;929.2;63180;18.043687821612366;979.8436878216123;Line 254;0;72.9948656859449
-23.719195605;-47.251668299;930.3;63150;18.035120068610652;979.8351200686106;Line 254;0;72.9948656859449
-23.719120512;-47.251385707;928.2;63120;18.02655231560894;979.8265523156089;Line 254;0;72.9948656859449
-23.719045419;-47.251103116;925.9;63090;18.01798456260722;979.8179845626072;Line 254;0;72.9948656859449
-23.718970324;-47.250820524;923.5;63060;18.009416809605508;979.8094168096054;Line 254;0;72.9948656859449
-23.71889523;-47.250537933;918.7;63030;18.00084905660379;979.8008490566037;Line 254;0;72.9948656859449
-23.718820134;-47.250255342;913.9;63000;17.992281303602073;979.7922813036021;Line 254;0;72.9948656859449
-23.718745039;-47.249972752;909.4;62970;17.98371355060036;979.7837135506003;Line 254;0;72.9948656859449
-23.718669942;-47.249690162;908.9;62940;17.975145797598643;979.7751457975986;Line 254;0;72.9948656859449
-23.718594845;-47.249407572;909.3;62910;17.96657804459693;979.7665780445968;Line 254;0;72.9948656859449
-23.718519748;-47.249124982;910.9;62880;17.958010291595212;979.7580102915952;Line 254;0;72.9948656859449
-23.71844465;-47.248842393;915.5;62850;17.949442538593498;979.7494425385935;Line 254;0;72.9948656859449
-23.718369551;-47.248559804;920.2;62820;17.940874785591785;979.7408747855917;Line 254;0;72.9948656859449
-23.718294452;-47.248277215;925.0;62790;17.932307032590067;979.73230703259;Line 254;0;72.9948656859449
-23.718219353;-47.247994626;929.2;62760;17.923739279588354;979.7237392795884;Line 254;0;72.9948656859449
-23.718144253;-47.247712038;933.2;62730;17.915171526586636;979.7151715265866;Line 254;0;72.9948656859449
-23.718069152;-47.24742945;936.5;62700;17.906603773584923;979.7066037735849;Line 254;0;72.9948656859449
-23.717994051;-47.247146862;937.5;62670;17.898036020583206;979.6980360205831;Line 254;0;72.9948656859449
-23.717918949;-47.246864275;938.1;62640;17.889468267581492;979.6894682675814;Line 254;0;72.9948656859449
-23.717843847;-47.246581688;937.6;62610;17.88090051457978;979.6809005145798;Line 254;0;72.9948656859449
-23.717768744;-47.246299101;934.6;62580;17.87233276157806;979.672332761578;Line 254;0;72.9948656859449
-23.71769364;-47.246016515;931.1;62550;17.863765008576348;979.6637650085763;Line 254;0;72.9948656859449
-23.717618536;-47.245733928;927.3;62520;17.85519725557463;979.6551972555745;Line 254;0;72.9948656859449
-23.717543432;-47.245451342;923.5;62490;17.846629502572913;979.6466295025729;Line 254;0;72.9948656859449
-23.717468327;-47.245168757;919.8;62460;17.8380617495712;979.6380617495712;Line 254;0;72.9948656859449
-23.717393221;-47.244886171;916.6;62430;17.829493996569482;979.6294939965694;Line 254;0;72.9948656859449
-23.717318115;-47.244603586;913.5;62400;17.82092624356777;979.6209262435677;Line 254;0;72.9948656859449
-23.717243008;-47.244321001;910.4;62370;17.81235849056605;979.612358490566;Line 254;0;72.9948656859449
-23.717167901;-47.244038417;907.8;62340;17.803790737564338;979.6037907375643;Line 254;0;72.9948656859449
-23.717092793;-47.243755832;905.8;62310;17.795222984562624;979.5952229845626;Line 254;0;72.9948656859449
-23.717017685;-47.243473248;903.8;62280;17.786655231560907;979.5866552315608;Line 254;0;72.9948656859449
-23.716942576;-47.243190665;902.4;62250;17.778087478559193;979.5780874785592;Line 254;0;72.9948656859449
-23.716867467;-47.242908081;901.7;62220;17.769519725557476;979.5695197255575;Line 254;0;72.9948656859449
-23.716792357;-47.242625498;900.9;62190;17.760951972555763;979.5609519725557;Line 254;0;72.9948656859449
-23.716717247;-47.242342915;902.0;62160;17.75238421955405;979.552384219554;Line 254;0;72.9948656859449
-23.716642136;-47.242060332;904.8;62130;17.74381646655233;979.5438164665522;Line 254;0;72.9948656859449
-23.716567024;-47.24177775;907.6;62100;17.735248713550618;979.5352487135506;Line 254;0;72.9948656859449
-23.716491912;-47.241495168;909.8;62070;17.7266809605489;979.5266809605489;Line 254;0;72.9948656859449
-23.716416799;-47.241212586;911.5;62040;17.718113207547187;979.5181132075471;Line 254;0;72.9948656859449
-23.716341686;-47.240930005;912.8;62010;17.709545454545474;979.5095454545454;Line 254;0;72.9948656859449
-23.716266573;-47.240647424;912.3;61980;17.700977701543753;979.5009777015437;Line 254;0;72.9948656859449
-23.716191458;-47.240364843;911.1;61950;17.69240994854204;979.492409948542;Line 254;0;72.9948656859449
-23.716116344;-47.240082262;909.8;61920;17.683842195540322;979.4838421955403;Line 254;0;72.9948656859449
-23.716041228;-47.239799682;908.2;61890;17.67527444253861;979.4752744425385;Line 254;0;72.9948656859449
-23.715966112;-47.239517102;906.4;61860;17.666706689536895;979.4667066895369;Line 254;0;72.9948656859449
-23.715890996;-47.239234522;904.7;61830;17.658138936535178;979.4581389365351;Line 254;0;72.9948656859449
-23.715815879;-47.238951942;903.0;61800;17.649571183533464;979.4495711835334;Line 254;0;72.9948656859449
-23.715740761;-47.238669363;901.1;61770;17.641003430531747;979.4410034305317;Line 254;0;72.9948656859449
-23.715665643;-47.238386784;899.3;61740;17.632435677530033;979.43243567753;Line 254;0;72.9948656859449
-23.715590525;-47.238104206;898.0;61710;17.62386792452832;979.4238679245283;Line 254;0;72.9948656859449
-23.715515406;-47.237821627;897.1;61680;17.615300171526602;979.4153001715266;Line 254;0;72.9948656859449
-23.715440286;-47.237539049;896.6;61650;17.60673241852489;979.4067324185248;Line 254;0;72.9948656859449
-23.715365166;-47.237256471;898.9;61620;17.59816466552317;979.3981646655232;Line 254;0;72.9948656859449
-23.715290045;-47.236973894;901.7;61590;17.589596912521458;979.3895969125214;Line 254;0;72.9948656859449
-23.715214924;-47.236691317;904.7;61560;17.581029159519744;979.3810291595197;Line 254;0;72.9948656859449
-23.715139802;-47.23640874;903.9;61530;17.572461406518027;979.372461406518;Line 254;0;72.9948656859449
-23.71506468;-47.236126163;902.9;61500;17.563893653516313;979.3638936535162;Line 254;0;72.9948656859449
-23.714989557;-47.235843587;902.0;61470;17.555325900514596;979.3553259005146;Line 254;0;72.9948656859449
-23.714914433;-47.23556101;895.8;61440;17.54675814751288;979.3467581475128;Line 254;0;72.9948656859449
-23.714839309;-47.235278435;889.9;61410;17.538190394511165;979.3381903945111;Line 254;0;72.9948656859449
-23.714764185;-47.234995859;884.5;61380;17.529622641509448;979.3296226415094;Line 254;0;72.9948656859449
-23.71468906;-47.234713284;882.2;61350;17.521054888507734;979.3210548885077;Line 254;0;72.9948656859449
-23.714613934;-47.234430709;879.8;61320;17.512487135506017;979.312487135506;Line 254;0;72.9948656859449
-23.714538808;-47.234148134;877.6;61290;17.503919382504304;979.3039193825042;Line 254;0;72.9948656859449
-23.714463681;-47.23386556;877.9;61260;17.49535162950259;979.2953516295025;Line 254;0;72.9948656859449
-23.714388554;-47.233582986;878.1;61230;17.486783876500873;979.2867838765009;Line 254;0;72.9948656859449
-23.714313426;-47.233300412;878.1;61200;17.47821612349916;979.2782161234991;Line 254;0;72.9948656859449
-23.714238298;-47.233017838;877.5;61170;17.469648370497442;979.2696483704974;Line 254;0;72.9948656859449
-23.714163169;-47.232735265;876.6;61140;17.46108061749573;979.2610806174957;Line 254;0;72.9948656859449
-23.714088039;-47.232452692;877.1;61110;17.452512864494015;979.252512864494;Line 254;0;72.9948656859449
-23.714012909;-47.232170119;878.4;61080;17.443945111492297;979.2439451114923;Line 254;0;72.9948656859449
-23.713937779;-47.231887547;879.8;61050;17.435377358490584;979.2353773584905;Line 254;0;72.9948656859449
-23.713862648;-47.231604974;881.0;61020;17.426809605488867;979.2268096054888;Line 254;0;72.9948656859449
-23.713787516;-47.231322403;881.5;60990;17.418241852487153;979.2182418524872;Line 254;0;72.9948656859449
-23.713712384;-47.231039831;881.7;60960;17.40967409948544;979.2096740994854;Line 254;0;72.9948656859449
-23.713637252;-47.23075726;882.2;60930;17.40110634648372;979.2011063464837;Line 254;0;72.9948656859449
-23.713562118;-47.230474689;884.3;60900;17.392538593482005;979.1925385934819;Line 254;0;72.9948656859449
-23.713486985;-47.230192118;886.8;60870;17.383970840480288;979.1839708404802;Line 254;0;72.9948656859449
-23.71341185;-47.229909547;888.9;60840;17.375403087478574;979.1754030874786;Line 254;0;72.9948656859449
-23.713336715;-47.229626977;889.5;60810;17.36683533447686;979.1668353344768;Line 254;0;72.9948656859449
-23.71326158;-47.229344407;890.5;60780;17.358267581475143;979.1582675814751;Line 254;0;72.9948656859449
-23.713186444;-47.229061838;891.5;60750;17.34969982847343;979.1496998284733;Line 254;0;72.9948656859449
-23.713111308;-47.228779268;892.6;60720;17.341132075471712;979.1411320754717;Line 254;0;72.9948656859449
-23.713036171;-47.228496699;893.4;60690;17.33256432247;979.13256432247;Line 254;0;72.9948656859449
-23.712961033;-47.22821413;893.8;60660;17.323996569468285;979.1239965694682;Line 254;0;72.9948656859449
-23.712885895;-47.227931562;894.1;60630;17.315428816466568;979.1154288164665;Line 254;0;72.9948656859449
-23.712810756;-47.227648994;894.5;60600;17.306861063464854;979.1068610634649;Line 254;0;72.9948656859449
-23.712735617;-47.227366426;895.6;60570;17.298293310463137;979.0982933104631;Line 254;0;72.9948656859449
-23.712660478;-47.227083858;897.6;60540;17.289725557461423;979.0897255574614;Line 254;0;72.9948656859449
-23.712585337;-47.226801291;899.9;60510;17.28115780445971;979.0811578044596;Line 254;0;72.9948656859449
-23.712510197;-47.226518724;902.0;60480;17.272590051457993;979.072590051458;Line 254;0;72.9948656859449
-23.712435055;-47.226236157;903.5;60450;17.26402229845628;979.0640222984563;Line 254;0;72.9948656859449
-23.712359913;-47.22595359;904.9;60420;17.255454545454562;979.0554545454545;Line 254;0;72.9948656859449
-23.712284771;-47.225671024;905.3;60390;17.246886792452845;979.0468867924528;Line 254;0;72.9948656859449
-23.712209628;-47.225388458;905.3;60360;17.23831903945113;979.038319039451;Line 254;0;72.9948656859449
-23.712134484;-47.225105893;905.4;60330;17.229751286449414;979.0297512864494;Line 254;0;72.9948656859449
-23.71205934;-47.224823327;907.1;60300;17.2211835334477;979.0211835334477;Line 254;0;72.9948656859449
-23.711984196;-47.224540762;909.3;60270;17.212615780445983;979.0126157804459;Line 254;0;72.9948656859449
-23.711909051;-47.224258197;911.3;60240;17.20404802744427;979.0040480274442;Line 254;0;72.9948656859449
-23.711833905;-47.223975633;917.1;60210;17.195480274442556;978.9954802744425;Line 254;0;72.9948656859449
-23.711758759;-47.223693068;925.0;60180;17.18691252144084;978.9869125214408;Line 254;0;72.9948656859449
-23.711683612;-47.223410504;932.9;60150;17.178344768439125;978.9783447684391;Line 254;0;72.9948656859449
-23.711608465;-47.223127941;936.7;60120;17.169777015437408;978.9697770154373;Line 254;0;72.9948656859449
-23.711533317;-47.222845377;939.0;60090;17.161209262435694;978.9612092624357;Line 254;0;72.9948656859449
-23.711458169;-47.222562814;941.4;60060;17.152641509433977;978.952641509434;Line 254;0;72.9948656859449
-23.71138302;-47.222280251;941.8;60030;17.144073756432263;978.9440737564322;Line 254;0;72.9948656859449
-23.71130787;-47.221997689;941.5;60000;17.13550600343055;978.9355060034305;Line 254;0;72.9948656859449
-23.71123272;-47.221715126;941.3;59970;17.126938250428832;978.9269382504287;Line 254;0;72.9948656859449
-23.71115757;-47.221432564;940.6;59940;17.11837049742712;978.9183704974271;Line 254;0;72.9948656859449
-23.711082419;-47.221150003;940.0;59910;17.1098027444254;978.9098027444254;Line 254;0;72.9948656859449
-23.711007267;-47.220867441;939.8;59880;17.101234991423684;978.9012349914236;Line 254;0;72.9948656859449
-23.710932115;-47.22058488;940.3;59850;17.09266723842197;978.892667238422;Line 254;0;72.9948656859449
-23.710856962;-47.220302319;940.5;59820;17.084099485420253;978.8840994854202;Line 254;0;72.9948656859449
-23.710781809;-47.220019759;939.9;59790;17.07553173241854;978.8755317324185;Line 254;0;72.9948656859449
-23.710706655;-47.219737198;934.8;59760;17.066963979416823;978.8669639794168;Line 254;0;72.9948656859449
-23.710631501;-47.219454638;929.5;59730;17.05839622641511;978.858396226415;Line 254;0;72.9948656859449
-23.710556346;-47.219172079;924.4;59700;17.049828473413395;978.8498284734134;Line 254;0;72.9948656859449
-23.71048119;-47.218889519;917.5;59670;17.041260720411678;978.8412607204116;Line 254;0;72.9948656859449
-23.710406034;-47.21860696;910.8;59640;17.032692967409965;978.8326929674099;Line 254;0;72.9948656859449
-23.710330878;-47.218324401;904.3;59610;17.024125214408247;978.8241252144082;Line 254;0;72.9948656859449
-23.710255721;-47.218041842;901.8;59580;17.015557461406534;978.8155574614065;Line 254;0;72.9948656859449
-23.710180563;-47.217759284;899.0;59550;17.00698970840482;978.8069897084048;Line 254;0;72.9948656859449
-23.710105405;-47.217476726;896.0;59520;16.998421955403103;978.798421955403;Line 254;0;72.9948656859449
-23.710030247;-47.217194168;895.2;59490;16.98985420240139;978.7898542024013;Line 254;0;72.9948656859449
-23.709955087;-47.216911611;895.1;59460;16.981286449399672;978.7812864493997;Line 254;0;72.9948656859449
-23.709879928;-47.216629054;895.0;59430;16.97271869639796;978.7727186963979;Line 254;0;72.9948656859449
-23.709804767;-47.216346497;893.8;59400;16.964150943396245;978.7641509433962;Line 254;0;72.9948656859449
-23.709729606;-47.21606394;892.4;59370;16.955583190394528;978.7555831903945;Line 254;0;72.9948656859449
-23.709654445;-47.215781384;890.6;59340;16.94701543739281;978.7470154373927;Line 254;0;72.9948656859449
-23.709579283;-47.215498828;888.3;59310;16.938447684391093;978.7384476843911;Line 254;0;72.9948656859449
-23.709504121;-47.215216272;885.6;59280;16.92987993138938;978.7298799313893;Line 254;0;72.9948656859449
-23.709428958;-47.214933716;883.3;59250;16.921312178387666;978.7213121783876;Line 254;0;72.9948656859449
-23.709353794;-47.214651161;882.8;59220;16.91274442538595;978.712744425386;Line 254;0;72.9948656859449
-23.70927863;-47.214368606;881.8;59190;16.904176672384235;978.7041766723842;Line 254;0;72.9948656859449
-23.709203466;-47.214086051;880.5;59160;16.895608919382518;978.6956089193825;Line 254;0;72.9948656859449
-23.7091283;-47.213803497;880.2;59130;16.887041166380804;978.6870411663807;Line 254;0;72.9948656859449
-23.709053135;-47.213520943;880.2;59100;16.87847341337909;978.678473413379;Line 254;0;72.9948656859449
-23.708977968;-47.213238389;880.5;59070;16.869905660377373;978.6699056603774;Line 254;0;72.9948656859449
-23.708902802;-47.212955836;881.6;59040;16.86133790737566;978.6613379073756;Line 254;0;72.9948656859449
-23.708827634;-47.212673282;881.8;59010;16.852770154373943;978.6527701543739;Line 254;0;72.9948656859449
-23.708752466;-47.212390729;881.7;58980;16.84420240137223;978.6442024013722;Line 254;0;72.9948656859449
-23.708677298;-47.212108177;882.0;58950;16.835634648370515;978.6356346483705;Line 254;0;72.9948656859449
-23.708602129;-47.211825624;882.3;58920;16.827066895368798;978.6270668953688;Line 254;0;72.9948656859449
-23.70852696;-47.211543072;882.6;58890;16.818499142367084;978.618499142367;Line 254;0;72.9948656859449
-23.70845179;-47.21126052;883.3;58860;16.809931389365367;978.6099313893653;Line 254;0;72.9948656859449
-23.708376619;-47.210977969;883.8;58830;16.80136363636365;978.6013636363637;Line 254;0;72.9948656859449
-23.708301448;-47.210695418;885.3;58800;16.792795883361936;978.5927958833619;Line 254;0;72.9948656859449
-23.708226276;-47.210412867;887.5;58770;16.78422813036022;978.5842281303602;Line 254;0;72.9948656859449
-23.708151104;-47.210130316;889.2;58740;16.775660377358506;978.5756603773584;Line 254;0;72.9948656859449
-23.708075931;-47.209847765;889.7;58710;16.76709262435679;978.5670926243567;Line 254;0;72.9948656859449
-23.708000758;-47.209565215;889.5;58680;16.758524871355075;978.5585248713551;Line 254;0;72.9948656859449
-23.707925584;-47.209282665;889.5;58650;16.74995711835336;978.5499571183533;Line 254;0;72.9948656859449
-23.70785041;-47.209000116;889.0;58620;16.741389365351644;978.5413893653516;Line 254;0;72.9948656859449
-23.707775235;-47.208717567;888.2;58590;16.73282161234993;978.5328216123498;Line 254;0;72.9948656859449
-23.707700059;-47.208435018;887.5;58560;16.724253859348213;978.5242538593482;Line 254;0;72.9948656859449
-23.707624883;-47.208152469;886.5;58530;16.7156861063465;978.5156861063465;Line 254;0;72.9948656859449
-23.707549707;-47.20786992;885.3;58500;16.707118353344786;978.5071183533447;Line 254;0;72.9948656859449
-23.70747453;-47.207587372;884.4;58470;16.69855060034307;978.498550600343;Line 254;0;72.9948656859449
-23.707399352;-47.207304824;881.7;58440;16.689982847341355;978.4899828473413;Line 254;0;72.9948656859449
-23.707324174;-47.207022277;878.5;58410;16.681415094339638;978.4814150943396;Line 254;0;72.9948656859449
-23.707248995;-47.206739729;875.7;58380;16.672847341337924;978.4728473413379;Line 254;0;72.9948656859449
-23.707173816;-47.206457182;874.3;58350;16.66427958833621;978.4642795883361;Line 254;0;72.9948656859449
-23.707098636;-47.206174636;873.4;58320;16.65571183533449;978.4557118353345;Line 254;0;72.9948656859449
-23.707023456;-47.205892089;872.5;58290;16.647144082332776;978.4471440823328;Line 254;0;72.9948656859449
-23.706948275;-47.205609543;871.6;58260;16.63857632933106;978.438576329331;Line 254;0;72.9948656859449
-23.706873094;-47.205326997;870.7;58230;16.630008576329345;978.4300085763293;Line 254;0;72.9948656859449
-23.706797912;-47.205044452;869.6;58200;16.62144082332763;978.4214408233275;Line 254;0;72.9948656859449
-23.706722729;-47.204761906;868.7;58170;16.612873070325914;978.4128730703259;Line 254;0;72.9948656859449
-23.706647546;-47.204479361;868.8;58140;16.6043053173242;978.4043053173242;Line 254;0;72.9948656859449
-23.706572363;-47.204196816;869.8;58110;16.595737564322484;978.3957375643224;Line 254;0;72.9948656859449
-23.706497179;-47.203914272;870.1;58080;16.58716981132077;978.3871698113207;Line 254;0;72.9948656859449
-23.706421994;-47.203631728;870.5;58050;16.578602058319056;978.378602058319;Line 254;0;72.9948656859449
-23.706346809;-47.203349184;871.2;58020;16.57003430531734;978.3700343053173;Line 254;0;72.9948656859449
-23.706271623;-47.20306664;869.0;57990;16.561466552315625;978.3614665523156;Line 254;0;72.9948656859449
-23.706196437;-47.202784097;866.4;57960;16.55289879931391;978.3528987993138;Line 254;0;72.9948656859449
-23.70612125;-47.202501554;863.6;57930;16.544331046312195;978.3443310463122;Line 254;0;72.9948656859449
-23.706046063;-47.202219011;862.5;57900;16.53576329331048;978.3357632933105;Line 254;0;72.9948656859449
-23.705970875;-47.201936468;860.7;57870;16.527195540308764;978.3271955403087;Line 254;0;72.9948656859449
-23.705895686;-47.201653926;858.3;57840;16.51862778730705;978.318627787307;Line 254;0;72.9948656859449
-23.705820497;-47.201371384;858.4;57810;16.510060034305333;978.3100600343053;Line 254;0;72.9948656859449
-23.705745308;-47.201088843;858.8;57780;16.501492281303616;978.3014922813036;Line 254;0;72.9948656859449
-23.705670118;-47.200806301;858.9;57750;16.492924528301902;978.2929245283019;Line 254;0;72.9948656859449
-23.705594927;-47.20052376;857.9;57720;16.484356775300185;978.2843567753001;Line 254;0;72.9948656859449
-23.705519736;-47.200241219;856.9;57690;16.47578902229847;978.2757890222985;Line 254;0;72.9948656859449
-23.705444544;-47.199958679;856.1;57660;16.467221269296754;978.2672212692967;Line 254;0;72.9948656859449
-23.705369352;-47.199676139;856.3;57630;16.45865351629504;978.258653516295;Line 254;0;72.9948656859449
-23.705294159;-47.199393599;856.1;57600;16.450085763293323;978.2500857632933;Line 254;0;72.9948656859449
-23.705218966;-47.199111059;855.6;57570;16.44151801029161;978.2415180102915;Line 254;0;72.9948656859449
-23.705143772;-47.19882852;855.5;57540;16.432950257289896;978.2329502572899;Line 254;0;72.9948656859449
-23.705068578;-47.19854598;855.7;57510;16.42438250428818;978.2243825042881;Line 254;0;72.9948656859449
-23.704993383;-47.198263442;856.0;57480;16.415814751286465;978.2158147512864;Line 254;0;72.9948656859449
-23.704918188;-47.197980903;855.8;57450;16.407246998284748;978.2072469982847;Line 254;0;72.9948656859449
-23.704842992;-47.197698365;855.5;57420;16.398679245283034;978.198679245283;Line 254;0;72.9948656859449
-23.704767795;-47.197415827;854.8;57390;16.39011149228132;978.1901114922813;Line 254;0;72.9948656859449
-23.704692598;-47.197133289;853.5;57360;16.381543739279603;978.1815437392795;Line 254;0;72.9948656859449
-23.7046174;-47.196850752;852.2;57330;16.37297598627789;978.1729759862778;Line 254;0;72.9948656859449
-23.704542202;-47.196568215;851.3;57300;16.364408233276173;978.1644082332762;Line 254;0;72.9948656859449
-23.704467003;-47.196285678;850.9;57270;16.355840480274455;978.1558404802744;Line 254;0;72.9948656859449
-23.704391804;-47.196003141;850.6;57240;16.347272727272742;978.1472727272727;Line 254;0;72.9948656859449
-23.704316604;-47.195720605;851.0;57210;16.338704974271025;978.1387049742709;Line 254;0;72.9948656859449
-23.704241404;-47.195438069;852.2;57180;16.33013722126931;978.1301372212693;Line 254;0;72.9948656859449
-23.704166203;-47.195155533;853.4;57150;16.321569468267594;978.1215694682676;Line 254;0;72.9948656859449
-23.704091002;-47.194872998;853.8;57120;16.31300171526588;978.1130017152658;Line 254;0;72.9948656859449
-23.7040158;-47.194590463;853.3;57090;16.304433962264167;978.1044339622641;Line 254;0;72.9948656859449
-23.703940597;-47.194307928;852.9;57060;16.29586620926245;978.0958662092625;Line 254;0;72.9948656859449
-23.703865394;-47.194025393;852.6;57030;16.287298456260736;978.0872984562607;Line 254;0;72.9948656859449
-23.703790191;-47.193742859;852.3;57000;16.27873070325902;978.078730703259;Line 254;0;72.9948656859449
-23.703714986;-47.193460325;852.0;56970;16.270162950257305;978.0701629502572;Line 254;0;72.9948656859449
-23.703639782;-47.193177791;853.0;56940;16.26159519725559;978.0615951972555;Line 254;0;72.9948656859449
-23.703564577;-47.192895258;855.1;56910;16.253027444253874;978.0530274442539;Line 254;0;72.9948656859449
-23.703489371;-47.192612724;857.3;56880;16.24445969125216;978.0444596912521;Line 254;0;72.9948656859449
-23.703414165;-47.192330192;860.6;56850;16.235891938250443;978.0358919382504;Line 254;0;72.9948656859449
-23.703338958;-47.192047659;864.5;56820;16.22732418524873;978.0273241852486;Line 254;0;72.9948656859449
-23.70326375;-47.191765127;868.4;56790;16.218756432247016;978.018756432247;Line 254;0;72.9948656859449
-23.703188542;-47.191482595;872.9;56760;16.2101886792453;978.0101886792453;Line 254;0;72.9948656859449
-23.703113334;-47.191200063;877.6;56730;16.20162092624358;978.0016209262435;Line 254;0;72.9948656859449
-23.703038125;-47.190917531;882.1;56700;16.193053173241864;977.9930531732418;Line 254;0;72.9948656859449
-23.702962915;-47.190635;884.6;56670;16.18448542024015;977.9844854202402;Line 254;0;72.9948656859449
-23.702887705;-47.190352469;885.9;56640;16.175917667238437;977.9759176672384;Line 254;0;72.9948656859449
-23.702812495;-47.190069939;887.0;56610;16.16734991423672;977.9673499142367;Line 254;0;72.9948656859449
-23.702737284;-47.189787408;885.4;56580;16.158782161235006;977.9587821612349;Line 254;0;72.9948656859449
-23.702662072;-47.189504878;882.8;56550;16.15021440823329;977.9502144082333;Line 254;0;72.9948656859449
-23.70258686;-47.189222348;879.8;56520;16.141646655231575;977.9416466552316;Line 254;0;72.9948656859449
-23.702511647;-47.188939819;875.7;56490;16.13307890222986;977.9330789022298;Line 254;0;72.9948656859449
-23.702436434;-47.18865729;872.2;56460;16.124511149228145;977.9245111492281;Line 254;0;72.9948656859449
-23.70236122;-47.188374761;869.4;56430;16.11594339622643;977.9159433962263;Line 254;0;72.9948656859449
-23.702286005;-47.188092232;869.7;56400;16.107375643224714;977.9073756432247;Line 254;0;72.9948656859449
-23.70221079;-47.187809704;870.7;56370;16.098807890223;977.898807890223;Line 254;0;72.9948656859449
-23.702135575;-47.187527176;872.1;56340;16.090240137221286;977.8902401372212;Line 254;0;72.9948656859449
-23.702060359;-47.187244648;874.8;56310;16.08167238421957;977.8816723842195;Line 254;0;72.9948656859449
-23.701985142;-47.18696212;877.9;56280;16.073104631217856;977.8731046312178;Line 254;0;72.9948656859449
-23.701909925;-47.186679593;881.3;56250;16.06453687821614;977.8645368782161;Line 254;0;72.9948656859449
-23.701834707;-47.186397066;883.9;56220;16.05596912521442;977.8559691252144;Line 254;0;72.9948656859449
-23.701759489;-47.18611454;886.7;56190;16.047401372212708;977.8474013722126;Line 254;0;72.9948656859449
-23.701684271;-47.185832013;889.7;56160;16.03883361921099;977.838833619211;Line 254;0;72.9948656859449
-23.701609051;-47.185549487;892.1;56130;16.030265866209277;977.8302658662092;Line 254;0;72.9948656859449
-23.701533831;-47.185266961;894.3;56100;16.02169811320756;977.8216981132075;Line 254;0;72.9948656859449
-23.701458611;-47.184984436;896.4;56070;16.013130360205846;977.8131303602058;Line 254;0;72.9948656859449
-23.70138339;-47.184701911;899.8;56040;16.004562607204132;977.804562607204;Line 254;0;72.9948656859449
-23.701308169;-47.184419386;902.5;56010;15.995994854202415;977.7959948542024;Line 254;0;72.9948656859449
-23.701232947;-47.184136861;904.4;55980;15.987427101200701;977.7874271012007;Line 254;0;72.9948656859449
-23.701157724;-47.183854337;904.3;55950;15.978859348198984;977.7788593481989;Line 254;0;72.9948656859449
-23.701082501;-47.183571812;904.2;55920;15.97029159519727;977.7702915951972;Line 254;0;72.9948656859449
-23.701007278;-47.183289289;903.9;55890;15.961723842195557;977.7617238421955;Line 254;0;72.9948656859449
-23.700932054;-47.183006765;902.9;55860;15.95315608919384;977.7531560891938;Line 254;0;72.9948656859449
-23.700856829;-47.182724242;901.7;55830;15.944588336192124;977.7445883361921;Line 254;0;72.9948656859449
-23.700781604;-47.182441719;900.6;55800;15.936020583190407;977.7360205831903;Line 254;0;72.9948656859449
-23.700706378;-47.182159196;900.0;55770;15.927452830188694;977.7274528301887;Line 254;0;72.9948656859449
-23.700631152;-47.181876674;899.3;55740;15.91888507718698;977.7188850771869;Line 254;0;72.9948656859449
-23.700555925;-47.181594152;898.2;55710;15.910317324185263;977.7103173241852;Line 254;0;72.9948656859449
-23.700480697;-47.18131163;896.9;55680;15.901749571183549;977.7017495711835;Line 254;0;72.9948656859449
-23.700405469;-47.181029108;895.6;55650;15.893181818181832;977.6931818181818;Line 254;0;72.9948656859449
-23.700330241;-47.180746587;894.3;55620;15.884614065180118;977.6846140651801;Line 254;0;72.9948656859449
-23.700255012;-47.180464066;892.2;55590;15.876046312178403;977.6760463121784;Line 254;0;72.9948656859449
-23.700179782;-47.180181545;889.9;55560;15.867478559176686;977.6674785591766;Line 254;0;72.9948656859449
-23.700104552;-47.179899025;887.5;55530;15.858910806174972;977.658910806175;Line 254;0;72.9948656859449
-23.700029322;-47.179616505;885.5;55500;15.850343053173255;977.6503430531732;Line 254;0;72.9948656859449
-23.69995409;-47.179333985;883.7;55470;15.841775300171541;977.6417753001715;Line 254;0;72.9948656859449
-23.699878859;-47.179051465;881.0;55440;15.833207547169827;977.6332075471698;Line 254;0;72.9948656859449
-23.699803627;-47.178768946;877.7;55410;15.82463979416811;977.624639794168;Line 254;0;72.9948656859449
-23.699728394;-47.178486427;874.8;55380;15.816072041166397;977.6160720411664;Line 254;0;72.9948656859449
-23.69965316;-47.178203908;872.7;55350;15.80750428816468;977.6075042881646;Line 254;0;72.9948656859449
-23.699577927;-47.17792139;871.3;55320;15.798936535162964;977.5989365351629;Line 254;0;72.9948656859449
-23.699502692;-47.177638872;870.3;55290;15.79036878216125;977.5903687821612;Line 254;0;72.9948656859449
-23.699427457;-47.177356354;870.3;55260;15.781801029159533;977.5818010291595;Line 254;0;72.9948656859449
-23.699352222;-47.177073836;870.9;55230;15.77323327615782;977.5732332761578;Line 254;0;72.9948656859449
-23.699276986;-47.176791319;871.2;55200;15.764665523156102;977.564665523156;Line 254;0;72.9948656859449
-23.699201749;-47.176508802;871.5;55170;15.756097770154389;977.5560977701543;Line 254;0;72.9948656859449
-23.699126512;-47.176226285;872.5;55140;15.747530017152675;977.5475300171527;Line 254;0;72.9948656859449
-23.699051274;-47.175943769;874.4;55110;15.738962264150958;977.5389622641509;Line 254;0;72.9948656859449
-23.698976036;-47.175661252;875.5;55080;15.730394511149244;977.5303945111492;Line 254;0;72.9948656859449
-23.698900797;-47.175378736;875.9;55050;15.721826758147527;977.5218267581474;Line 254;0;72.9948656859449
-23.698825558;-47.175096221;876.2;55020;15.713259005145812;977.5132590051458;Line 254;0;72.9948656859449
-23.698750318;-47.174813706;876.1;54990;15.704691252144094;977.5046912521441;Line 254;0;72.9948656859449
-23.698675078;-47.17453119;875.5;54960;15.69612349914238;977.4961234991423;Line 254;0;72.9948656859449
-23.698599837;-47.174248676;874.6;54930;15.687555746140667;977.4875557461406;Line 254;0;72.9948656859449
-23.698524596;-47.173966161;874.7;54900;15.67898799313895;977.478987993139;Line 254;0;72.9948656859449
-23.698449354;-47.173683647;875.0;54870;15.670420240137236;977.4704202401372;Line 254;0;72.9948656859449
-23.698374111;-47.173401133;875.0;54840;15.66185248713552;977.4618524871355;Line 254;0;72.9948656859449
-23.698298868;-47.173118619;876.0;54810;15.653284734133806;977.4532847341337;Line 254;0;72.9948656859449
-23.698223624;-47.172836106;877.1;54780;15.64471698113209;977.444716981132;Line 254;0;72.9948656859449
-23.69814838;-47.172553593;877.7;54750;15.636149228130373;977.4361492281304;Line 254;0;72.9948656859449
-23.698073136;-47.17227108;879.8;54720;15.62758147512866;977.4275814751286;Line 254;0;72.9948656859449
-23.69799789;-47.171988568;882.1;54690;15.619013722126942;977.4190137221269;Line 254;0;72.9948656859449
-23.697922645;-47.171706056;884.2;54660;15.610445969125228;977.4104459691251;Line 254;0;72.9948656859449
-23.697847398;-47.171423544;886.4;54630;15.601878216123515;977.4018782161235;Line 254;0;72.9948656859449
-23.697772151;-47.171141032;889.4;54600;15.593310463121798;977.3933104631218;Line 254;0;72.9948656859449
-23.697696904;-47.170858521;893.0;54570;15.584742710120084;977.38474271012;Line 254;0;72.9948656859449
-23.697621656;-47.17057601;895.3;54540;15.576174957118367;977.3761749571183;Line 254;0;72.9948656859449
-23.697546408;-47.170293499;897.7;54510;15.567607204116651;977.3676072041166;Line 254;0;72.9948656859449
-23.697471159;-47.170010988;899.7;54480;15.559039451114938;977.3590394511149;Line 254;0;72.9948656859449
-23.697395909;-47.169728478;899.0;54450;15.55047169811322;977.3504716981132;Line 254;0;72.9948656859449
-23.697320659;-47.169445968;898.5;54420;15.541903945111507;977.3419039451114;Line 254;0;72.9948656859449
-23.697245408;-47.169163458;898.4;54390;15.53333619210979;977.3333361921098;Line 254;0;72.9948656859449
-23.697170157;-47.168880949;900.9;54360;15.524768439108076;977.3247684391081;Line 254;0;72.9948656859449
-23.697094905;-47.16859844;903.2;54330;15.516200686106362;977.3162006861063;Line 254;0;72.9948656859449
-23.697019653;-47.168315931;905.3;54300;15.507632933104645;977.3076329331046;Line 254;0;72.9948656859449
-23.6969444;-47.168033423;907.7;54270;15.49906518010293;977.2990651801028;Line 254;0;72.9948656859449
-23.696869147;-47.167750914;910.2;54240;15.490497427101213;977.2904974271012;Line 254;0;72.9948656859449
-23.696793893;-47.167468406;912.5;54210;15.481929674099499;977.2819296740995;Line 254;0;72.9948656859449
-23.696718639;-47.167185899;913.2;54180;15.473361921097785;977.2733619210977;Line 254;0;72.9948656859449
-23.696643384;-47.166903391;914.0;54150;15.464794168096068;977.264794168096;Line 254;0;72.9948656859449
-23.696568128;-47.166620884;914.5;54120;15.456226415094354;977.2562264150943;Line 254;0;72.9948656859449
-23.696492872;-47.166338377;915.0;54090;15.447658662092637;977.2476586620926;Line 254;0;72.9948656859449
-23.696417616;-47.166055871;916.0;54060;15.439090909090924;977.2390909090909;Line 254;0;72.9948656859449
-23.696342359;-47.165773365;916.9;54030;15.43052315608921;977.2305231560891;Line 254;0;72.9948656859449
-23.696267101;-47.165490859;916.1;54000;15.421955403087491;977.2219554030875;Line 254;0;72.9948656859449
-23.696191843;-47.165208353;915.9;53970;15.413387650085777;977.2133876500857;Line 254;0;72.9948656859449
-23.696116584;-47.164925848;916.4;53940;15.40481989708406;977.204819897084;Line 254;0;72.9948656859449
-23.696041325;-47.164643342;917.8;53910;15.396252144082347;977.1962521440823;Line 254;0;72.9948656859449
-23.695966065;-47.164360838;919.1;53880;15.387684391080633;977.1876843910806;Line 254;0;72.9948656859449
-23.695890805;-47.164078333;919.9;53850;15.379116638078916;977.1791166380789;Line 254;0;72.9948656859449
-23.695815544;-47.163795829;918.9;53820;15.370548885077202;977.1705488850772;Line 254;0;72.9948656859449
-23.695740282;-47.163513325;918.0;53790;15.361981132075485;977.1619811320754;Line 254;0;72.9948656859449
-23.69566502;-47.163230821;917.3;53760;15.353413379073771;977.1534133790738;Line 254;0;72.9948656859449
-23.695589758;-47.162948318;916.8;53730;15.344845626072056;977.144845626072;Line 254;0;72.9948656859449
-23.695514495;-47.162665815;916.2;53700;15.336277873070339;977.1362778730703;Line 254;0;72.9948656859449
-23.695439231;-47.162383312;915.9;53670;15.327710120068625;977.1277101200686;Line 254;0;72.9948656859449
-23.695363967;-47.162100809;915.8;53640;15.319142367066908;977.1191423670668;Line 254;0;72.9948656859449
-23.695288702;-47.161818307;915.7;53610;15.310574614065194;977.1105746140652;Line 254;0;72.9948656859449
-23.695213437;-47.161535805;915.3;53580;15.30200686106348;977.1020068610634;Line 254;0;72.9948656859449
-23.695138171;-47.161253303;914.4;53550;15.293439108061763;977.0934391080617;Line 254;0;72.9948656859449
-23.695062905;-47.160970802;913.4;53520;15.28487135506005;977.08487135506;Line 254;0;72.9948656859449
-23.694987638;-47.160688301;911.0;53490;15.276303602058332;977.0763036020583;Line 254;0;72.9948656859449
-23.694912371;-47.1604058;907.6;53460;15.267735849056617;977.0677358490566;Line 254;0;72.9948656859449
-23.694837103;-47.160123299;904.7;53430;15.259168096054903;977.0591680960548;Line 254;0;72.9948656859449
-23.694761834;-47.159840799;902.8;53400;15.250600343053186;977.0506003430531;Line 254;0;72.9948656859449
-23.694686565;-47.159558299;901.2;53370;15.242032590051473;977.0420325900515;Line 254;0;72.9948656859449
-23.694611296;-47.159275799;899.3;53340;15.233464837049755;977.0334648370497;Line 254;0;72.9948656859449
-23.694536026;-47.1589933;896.6;53310;15.224897084048042;977.024897084048;Line 254;0;72.9948656859449
-23.694460755;-47.1587108;893.2;53280;15.216329331046328;977.0163293310463;Line 254;0;72.9948656859449
-23.694385484;-47.158428302;889.6;53250;15.207761578044611;977.0077615780446;Line 254;0;72.9948656859449
-23.694310212;-47.158145803;887.7;53220;15.199193825042896;976.9991938250429;Line 254;0;72.9948656859449
-23.69423494;-47.157863305;886.4;53190;15.190626072041178;976.9906260720411;Line 254;0;72.9948656859449
-23.694159667;-47.157580807;884.5;53160;15.182058319039465;976.9820583190394;Line 254;0;72.9948656859449
-23.694084394;-47.157298309;885.7;53130;15.173490566037751;976.9734905660378;Line 254;0;72.9948656859449
-23.69400912;-47.157015811;887.3;53100;15.164922813036034;976.964922813036;Line 254;0;72.9948656859449
-23.693933845;-47.156733314;888.4;53070;15.15635506003432;976.9563550600343;Line 254;0;72.9948656859449
-23.69385857;-47.156450817;888.8;53040;15.147787307032603;976.9477873070325;Line 254;0;72.9948656859449
-23.693783295;-47.156168321;888.9;53010;15.13921955403089;976.9392195540308;Line 254;0;72.9948656859449
-23.693708019;-47.155885824;888.8;52980;15.130651801029174;976.9306518010292;Line 254;0;72.9948656859449
-23.693632742;-47.155603328;886.9;52950;15.122084048027457;976.9220840480274;Line 254;0;72.9948656859449
-23.693557465;-47.155320833;884.8;52920;15.113516295025743;976.9135162950257;Line 254;0;72.9948656859449
-23.693482188;-47.155038337;882.8;52890;15.104948542024026;976.9049485420239;Line 254;0;72.9948656859449
-23.693406909;-47.154755842;881.8;52860;15.096380789022312;976.8963807890223;Line 254;0;72.9948656859449
-23.693331631;-47.154473347;881.6;52830;15.087813036020599;976.8878130360206;Line 254;0;72.9948656859449
-23.693256351;-47.154190852;882.1;52800;15.079245283018881;976.8792452830188;Line 254;0;72.9948656859449
-23.693181072;-47.153908358;885.2;52770;15.070677530017168;976.8706775300171;Line 254;0;72.9948656859449
-23.693105791;-47.153625864;888.6;52740;15.06210977701545;976.8621097770153;Line 254;0;72.9948656859449
-23.69303051;-47.15334337;891.9;52710;15.053542024013737;976.8535420240137;Line 254;0;72.9948656859449
-23.692955229;-47.153060877;896.7;52680;15.044974271012022;976.844974271012;Line 254;0;72.9948656859449
-23.692879947;-47.152778384;901.7;52650;15.036406518010304;976.8364065180102;Line 254;0;72.9948656859449
-23.692804664;-47.152495891;906.7;52620;15.02783876500859;976.8278387650086;Line 254;0;72.9948656859449
-23.692729381;-47.152213398;912.3;52590;15.019271012006874;976.8192710120069;Line 254;0;72.9948656859449
-23.692654098;-47.151930906;917.9;52560;15.01070325900516;976.8107032590051;Line 254;0;72.9948656859449
-23.692578814;-47.151648414;923.2;52530;15.002135506003446;976.8021355060034;Line 254;0;72.9948656859449
-23.692503529;-47.151365922;925.9;52500;14.993567753001729;976.7935677530016;Line 254;0;72.9948656859449
-23.692428244;-47.15108343;927.9;52470;14.985000000000014;976.785;Line 254;0;72.9948656859449
-23.692352958;-47.150800939;929.3;52440;14.976432246998298;976.7764322469983;Line 254;0;72.9948656859449
-23.692277672;-47.150518448;927.3;52410;14.967864493996583;976.7678644939965;Line 254;0;72.9948656859449
-23.692202385;-47.150235957;925.1;52380;14.959296740994867;976.7592967409948;Line 254;0;72.9948656859449
-23.692127097;-47.149953467;922.1;52350;14.950728987993152;976.750728987993;Line 254;0;72.9948656859449
-23.69205181;-47.149670977;917.2;52320;14.942161234991437;976.7421612349914;Line 254;0;72.9948656859449
-23.691976521;-47.149388487;912.3;52290;14.933593481989723;976.7335934819897;Line 254;0;72.9948656859449
-23.691901232;-47.149105998;908.6;52260;14.925025728988008;976.7250257289879;Line 254;0;72.9948656859449
-23.691825943;-47.148823508;908.8;52230;14.916457975986292;976.7164579759863;Line 254;0;72.9948656859449
-23.691750653;-47.148541019;909.8;52200;14.907890222984577;976.7078902229846;Line 254;0;72.9948656859449
-23.691675362;-47.148258531;911.6;52170;14.89932246998286;976.6993224699828;Line 254;0;72.9948656859449
-23.691600071;-47.147976042;914.0;52140;14.890754716981146;976.6907547169811;Line 254;0;72.9948656859449
-23.691524779;-47.147693554;916.7;52110;14.88218696397943;976.6821869639793;Line 254;0;72.9948656859449
-23.691449487;-47.147411067;919.7;52080;14.873619210977715;976.6736192109777;Line 254;0;72.9948656859449
-23.691374194;-47.147128579;922.8;52050;14.865051457976;976.665051457976;Line 254;0;72.9948656859449
-23.691298901;-47.146846092;925.9;52020;14.856483704974284;976.6564837049742;Line 254;0;72.9948656859449
-23.691223607;-47.146563605;928.8;51990;14.84791595197257;976.6479159519725;Line 254;0;72.9948656859449
-23.691148312;-47.146281118;930.8;51960;14.839348198970855;976.6393481989708;Line 254;0;72.9948656859449
-23.691073018;-47.145998632;932.3;51930;14.83078044596914;976.6307804459691;Line 254;0;72.9948656859449
-23.690997722;-47.145716146;931.7;51900;14.822212692967422;976.6222126929674;Line 254;0;72.9948656859449
-23.690922426;-47.14543366;928.5;51870;14.813644939965707;976.6136449399656;Line 254;0;72.9948656859449
-23.690847129;-47.145151174;924.8;51840;14.805077186963992;976.605077186964;Line 254;0;72.9948656859449
-23.690771832;-47.144868689;920.4;51810;14.796509433962278;976.5965094339622;Line 254;0;72.9948656859449
-23.690696535;-47.144586204;915.7;51780;14.787941680960563;976.5879416809605;Line 254;0;72.9948656859449
-23.690621237;-47.144303719;911.4;51750;14.779373927958847;976.5793739279588;Line 254;0;72.9948656859449
-23.690545938;-47.144021235;908.3;51720;14.770806174957132;976.570806174957;Line 254;0;72.9948656859449
-23.690470639;-47.143738751;906.6;51690;14.762238421955416;976.5622384219554;Line 254;0;72.9948656859449
-23.690395339;-47.143456267;905.3;51660;14.753670668953701;976.5536706689536;Line 254;0;72.9948656859449
-23.690320038;-47.143173783;907.0;51630;14.745102915951986;976.5451029159519;Line 254;0;72.9948656859449
-23.690244738;-47.1428913;911.1;51600;14.73653516295027;976.5365351629503;Line 254;0;72.9948656859449
-23.690169436;-47.142608817;915.5;51570;14.727967409948555;976.5279674099485;Line 254;0;72.9948656859449
-23.690094134;-47.142326335;919.5;51540;14.71939965694684;976.5193996569468;Line 254;0;72.9948656859449
-23.690018832;-47.142043852;922.9;51510;14.710831903945126;976.5108319039451;Line 254;0;72.9948656859449
-23.689943529;-47.14176137;925.5;51480;14.70226415094341;976.5022641509433;Line 254;0;72.9948656859449
-23.689868225;-47.141478888;926.1;51450;14.693696397941695;976.4936963979417;Line 254;0;72.9948656859449
-23.689792921;-47.141196407;926.3;51420;14.68512864493998;976.4851286449399;Line 254;0;72.9948656859449
-23.689717616;-47.140913925;926.7;51390;14.676560891938262;976.4765608919382;Line 254;0;72.9948656859449
-23.689642311;-47.140631444;926.8;51360;14.667993138936549;976.4679931389365;Line 254;0;72.9948656859449
-23.689567005;-47.140348964;927.1;51330;14.659425385934833;976.4594253859348;Line 254;0;72.9948656859449
-23.689491699;-47.140066483;927.9;51300;14.650857632933118;976.4508576329331;Line 254;0;72.9948656859449
-23.689416392;-47.139784003;927.3;51270;14.642289879931402;976.4422898799313;Line 254;0;72.9948656859449
-23.689341085;-47.139501523;926.1;51240;14.633722126929687;976.4337221269296;Line 254;0;72.9948656859449
-23.689265777;-47.139219044;924.8;51210;14.625154373927973;976.425154373928;Line 254;0;72.9948656859449
-23.689190469;-47.138936564;923.8;51180;14.616586620926258;976.4165866209262;Line 254;0;72.9948656859449
-23.68911516;-47.138654085;922.8;51150;14.608018867924542;976.4080188679245;Line 254;0;72.9948656859449
-23.68903985;-47.138371607;922.1;51120;14.599451114922825;976.3994511149227;Line 254;0;72.9948656859449
-23.68896454;-47.138089128;923.0;51090;14.59088336192111;976.390883361921;Line 254;0;72.9948656859449
-23.688889229;-47.13780665;924.3;51060;14.582315608919396;976.3823156089194;Line 254;0;72.9948656859449
-23.688813918;-47.137524172;925.5;51030;14.57374785591768;976.3737478559176;Line 254;0;72.9948656859449
-23.688738607;-47.137241695;927.2;51000;14.565180102915965;976.3651801029159;Line 254;0;72.9948656859449
-23.688663294;-47.136959217;928.8;50970;14.55661234991425;976.3566123499143;Line 254;0;72.9948656859449
-23.688587982;-47.13667674;930.4;50940;14.548044596912534;976.3480445969125;Line 254;0;72.9948656859449
-23.688512668;-47.136394264;929.0;50910;14.53947684391082;976.3394768439108;Line 254;0;72.9948656859449
-23.688437354;-47.136111787;927.1;50880;14.530909090909105;976.330909090909;Line 254;0;72.9948656859449
-23.68836204;-47.135829311;925.0;50850;14.522341337907388;976.3223413379073;Line 254;0;72.9948656859449
-23.688286725;-47.135546835;921.4;50820;14.513773584905673;976.3137735849057;Line 254;0;72.9948656859449
-23.68821141;-47.135264359;917.2;50790;14.505205831903957;976.3052058319039;Line 254;0;72.9948656859449
-23.688136094;-47.134981884;912.9;50760;14.496638078902244;976.2966380789022;Line 254;0;72.9948656859449
-23.688060777;-47.134699409;910.5;50730;14.488070325900528;976.2880703259004;Line 254;0;72.9948656859449
-23.68798546;-47.134416934;908.3;50700;14.479502572898813;976.2795025728988;Line 254;0;72.9948656859449
-23.687910142;-47.13413446;906.3;50670;14.470934819897098;976.2709348198971;Line 254;0;72.9948656859449
-23.687834824;-47.133851986;904.8;50640;14.462367066895382;976.2623670668953;Line 254;0;72.9948656859449
-23.687759506;-47.133569512;904.0;50610;14.453799313893667;976.2537993138936;Line 254;0;72.9948656859449
-23.687684186;-47.133287038;903.3;50580;14.445231560891951;976.2452315608919;Line 254;0;72.9948656859449
-23.687608867;-47.133004565;899.4;50550;14.436663807890236;976.2366638078902;Line 254;0;72.9948656859449
-23.687533546;-47.132722092;896.3;50520;14.42809605488852;976.2280960548885;Line 254;0;72.9948656859449
-23.687458225;-47.132439619;892.5;50490;14.419528301886805;976.2195283018867;Line 254;0;72.9948656859449
-23.687382904;-47.132157147;887.4;50460;14.41096054888509;976.210960548885;Line 254;0;72.9948656859449
-23.687307582;-47.131874674;882.7;50430;14.402392795883376;976.2023927958834;Line 254;0;72.9948656859449
-23.68723226;-47.131592203;879.7;50400;14.39382504288166;976.1938250428816;Line 254;0;72.9948656859449
-23.687156937;-47.131309731;879.3;50370;14.385257289879945;976.1852572898799;Line 254;0;72.9948656859449
-23.687081613;-47.13102726;878.7;50340;14.376689536878228;976.1766895368781;Line 254;0;72.9948656859449
-23.687006289;-47.130744789;878.7;50310;14.368121783876513;976.1681217838765;Line 254;0;72.9948656859449
-23.686930964;-47.130462318;880.4;50280;14.359554030874799;976.1595540308748;Line 254;0;72.9948656859449
-23.686855639;-47.130179847;882.0;50250;14.350986277873083;976.150986277873;Line 254;0;72.9948656859449
-23.686780313;-47.129897377;883.9;50220;14.342418524871368;976.1424185248713;Line 254;0;72.9948656859449
-23.686704987;-47.129614907;886.4;50190;14.333850771869653;976.1338507718696;Line 254;0;72.9948656859449
-23.68662966;-47.129332438;888.9;50160;14.325283018867937;976.1252830188679;Line 254;0;72.9948656859449
-23.686554333;-47.129049968;890.9;50130;14.316715265866224;976.1167152658662;Line 254;0;72.9948656859449
-23.686479005;-47.128767499;892.7;50100;14.308147512864508;976.1081475128644;Line 254;0;72.9948656859449
-23.686403677;-47.12848503;894.9;50070;14.299579759862791;976.0995797598628;Line 254;0;72.9948656859449
-23.686328348;-47.128202562;897.1;50040;14.291012006861076;976.091012006861;Line 254;0;72.9948656859449
-23.686253018;-47.127920094;899.0;50010;14.28244425385936;976.0824442538593;Line 254;0;72.9948656859449
-23.686177688;-47.127637626;900.8;49980;14.273876500857646;976.0738765008576;Line 254;0;72.9948656859449
-23.686102358;-47.127355158;901.1;49950;14.265308747855931;976.0653087478559;Line 254;0;72.9948656859449
-23.686027027;-47.127072691;899.9;49920;14.256740994854216;976.0567409948542;Line 254;0;72.9948656859449
-23.685951695;-47.126790224;898.7;49890;14.2481732418525;976.0481732418525;Line 254;0;72.9948656859449
-23.685876363;-47.126507757;897.1;49860;14.239605488850785;976.0396054888507;Line 254;0;72.9948656859449
-23.68580103;-47.126225291;895.2;49830;14.23103773584907;976.031037735849;Line 254;0;72.9948656859449
-23.685725697;-47.125942824;893.1;49800;14.222469982847354;976.0224699828473;Line 254;0;72.9948656859449
-23.685650363;-47.125660358;889.5;49770;14.213902229845639;976.0139022298456;Line 254;0;72.9948656859449
-23.685575029;-47.125377893;885.4;49740;14.205334476843923;976.0053344768439;Line 254;0;72.9948656859449
-23.685499694;-47.125095427;881.4;49710;14.196766723842208;975.9967667238421;Line 254;0;72.9948656859449
-23.685424358;-47.124812962;880.7;49680;14.188198970840494;975.9881989708405;Line 254;0;72.9948656859449
-23.685349022;-47.124530498;881.7;49650;14.179631217838779;975.9796312178387;Line 254;0;72.9948656859449
-23.685273686;-47.124248033;883.0;49620;14.171063464837063;975.971063464837;Line 254;0;72.9948656859449
-23.685198349;-47.123965569;885.6;49590;14.162495711835348;975.9624957118353;Line 254;0;72.9948656859449
-23.685123011;-47.123683105;889.1;49560;14.15392795883363;975.9539279588336;Line 254;0;72.9948656859449
-23.685047673;-47.123400641;892.8;49530;14.145360205831917;975.9453602058319;Line 254;0;72.9948656859449
-23.684972334;-47.123118178;895.0;49500;14.136792452830202;975.9367924528301;Line 254;0;72.9948656859449
-23.684896995;-47.122835715;896.5;49470;14.128224699828486;975.9282246998284;Line 254;0;72.9948656859449
-23.684821655;-47.122553252;898.1;49440;14.11965694682677;975.9196569468268;Line 254;0;72.9948656859449
-23.684746315;-47.122270789;900.5;49410;14.111089193825055;975.911089193825;Line 254;0;72.9948656859449
-23.684670974;-47.121988327;903.1;49380;14.102521440823342;975.9025214408233;Line 254;0;72.9948656859449
-23.684595633;-47.121705865;905.6;49350;14.093953687821626;975.8939536878216;Line 254;0;72.9948656859449
-23.684520291;-47.121423404;908.5;49320;14.08538593481991;975.8853859348199;Line 254;0;72.9948656859449
-23.684444948;-47.121140942;911.6;49290;14.076818181818194;975.8768181818182;Line 254;0;72.9948656859449
-23.684369605;-47.120858481;914.8;49260;14.068250428816478;975.8682504288164;Line 254;0;72.9948656859449
-23.684294262;-47.12057602;917.8;49230;14.059682675814763;975.8596826758147;Line 254;0;72.9948656859449
-23.684218918;-47.12029356;920.5;49200;14.05111492281305;975.851114922813;Line 254;0;72.9948656859449
-23.684143573;-47.1200111;923.1;49170;14.042547169811334;975.8425471698113;Line 254;0;72.9948656859449
-23.684068228;-47.11972864;924.0;49140;14.033979416809618;975.8339794168096;Line 254;0;72.9948656859449
-23.683992882;-47.11944618;924.0;49110;14.025411663807903;975.8254116638078;Line 254;0;72.9948656859449
-23.683917536;-47.119163721;923.0;49080;14.016843910806188;975.8168439108061;Line 254;0;72.9948656859449
-23.683842189;-47.118881262;922.7;49050;14.008276157804474;975.8082761578045;Line 254;0;72.9948656859449
-23.683766842;-47.118598803;922.0;49020;13.999708404802757;975.7997084048027;Line 254;0;72.9948656859449
-23.683691494;-47.118316344;920.6;48990;13.991140651801041;975.791140651801;Line 254;0;72.9948656859449
-23.683616146;-47.118033886;915.5;48960;13.982572898799326;975.7825728987992;Line 254;0;72.9948656859449
-23.683540797;-47.117751428;910.5;48930;13.97400514579761;975.7740051457976;Line 254;0;72.9948656859449
-23.683465448;-47.11746897;905.9;48900;13.965437392795897;975.7654373927959;Line 254;0;72.9948656859449
-23.683390098;-47.117186513;903.7;48870;13.956869639794181;975.7568696397941;Line 254;0;72.9948656859449
-23.683314747;-47.116904056;901.8;48840;13.948301886792466;975.7483018867924;Line 254;0;72.9948656859449
-23.683239396;-47.116621599;901.8;48810;13.93973413379075;975.7397341337908;Line 254;0;72.9948656859449
-23.683164044;-47.116339142;906.0;48780;13.931166380789035;975.731166380789;Line 254;0;72.9948656859449
-23.683088692;-47.116056686;910.3;48750;13.92259862778732;975.7225986277873;Line 254;0;72.9948656859449
-23.683013339;-47.11577423;914.6;48720;13.914030874785604;975.7140308747855;Line 254;0;72.9948656859449
-23.682937986;-47.115491775;918.1;48690;13.905463121783889;975.7054631217839;Line 254;0;72.9948656859449
-23.682862632;-47.115209319;921.3;48660;13.896895368782173;975.6968953687822;Line 254;0;72.9948656859449
-23.682787278;-47.114926864;923.6;48630;13.888327615780458;975.6883276157804;Line 254;0;72.9948656859449
-23.682711923;-47.114644409;924.3;48600;13.879759862778744;975.6797598627787;Line 254;0;72.9948656859449
-23.682636568;-47.114361955;924.9;48570;13.871192109777029;975.6711921097769;Line 254;0;72.9948656859449
-23.682561212;-47.1140795;923.8;48540;13.862624356775314;975.6626243567753;Line 254;0;72.9948656859449
-23.682485855;-47.113797046;918.8;48510;13.854056603773596;975.6540566037736;Line 254;0;72.9948656859449
-23.682410498;-47.113514593;914.3;48480;13.845488850771881;975.6454888507718;Line 254;0;72.9948656859449
-23.682335141;-47.113232139;911.0;48450;13.836921097770167;975.6369210977701;Line 254;0;72.9948656859449
-23.682259783;-47.112949686;909.6;48420;13.828353344768452;975.6283533447684;Line 254;0;72.9948656859449
-23.682184424;-47.112667233;908.6;48390;13.819785591766736;975.6197855917667;Line 254;0;72.9948656859449
-23.682109065;-47.112384781;907.5;48360;13.811217838765021;975.611217838765;Line 254;0;72.9948656859449
-23.682033705;-47.112102329;906.3;48330;13.802650085763306;975.6026500857632;Line 254;0;72.9948656859449
-23.681958345;-47.111819877;904.9;48300;13.794082332761592;975.5940823327616;Line 254;0;72.9948656859449
-23.681882984;-47.111537425;902.9;48270;13.785514579759877;975.5855145797598;Line 254;0;72.9948656859449
-23.681807623;-47.111254974;899.9;48240;13.77694682675816;975.5769468267581;Line 254;0;72.9948656859449
-23.681732261;-47.110972522;896.6;48210;13.768379073756444;975.5683790737564;Line 254;0;72.9948656859449
-23.681656899;-47.110690072;893.9;48180;13.759811320754729;975.5598113207546;Line 254;0;72.9948656859449
-23.681581536;-47.110407621;891.6;48150;13.751243567753015;975.551243567753;Line 254;0;72.9948656859449
-23.681506172;-47.110125171;889.5;48120;13.7426758147513;975.5426758147513;Line 254;0;72.9948656859449
-23.681430808;-47.109842721;886.3;48090;13.734108061749584;975.5341080617495;Line 254;0;72.9948656859449
-23.681355444;-47.109560271;882.3;48060;13.725540308747869;975.5255403087478;Line 254;0;72.9948656859449
-23.681280078;-47.109277822;878.1;48030;13.716972555746153;975.5169725557461;Line 254;0;72.9948656859449
-23.681204713;-47.108995373;875.1;48000;13.708404802744438;975.5084048027444;Line 254;0;72.9948656859449
-23.681129347;-47.108712924;872.8;47970;13.699837049742722;975.4998370497427;Line 254;0;72.9948656859449
-23.68105398;-47.108430475;870.5;47940;13.691269296741007;975.4912692967409;Line 254;0;72.9948656859449
-23.680978613;-47.108148027;870.8;47910;13.682701543739292;975.4827015437393;Line 254;0;72.9948656859449
-23.680903245;-47.107865579;872.3;47880;13.674133790737576;975.4741337907375;Line 254;0;72.9948656859449
-23.680827877;-47.107583131;873.5;47850;13.66556603773586;975.4655660377358;Line 254;0;72.9948656859449
-23.680752508;-47.107300684;876.9;47820;13.656998284734147;975.4569982847341;Line 254;0;72.9948656859449
-23.680677138;-47.107018237;880.7;47790;13.648430531732432;975.4484305317324;Line 254;0;72.9948656859449
-23.680601768;-47.10673579;884.3;47760;13.639862778730716;975.4398627787307;Line 254;0;72.9948656859449
-23.680526398;-47.106453343;887.6;47730;13.631295025728999;975.4312950257289;Line 254;0;72.9948656859449
-23.680451027;-47.106170897;890.4;47700;13.622727272727284;975.4227272727272;Line 254;0;72.9948656859449
-23.680375655;-47.105888451;892.9;47670;13.61415951972557;975.4141595197256;Line 254;0;72.9948656859449
-23.680300283;-47.105606005;895.3;47640;13.605591766723855;975.4055917667238;Line 254;0;72.9948656859449
-23.68022491;-47.10532356;897.8;47610;13.59702401372214;975.3970240137221;Line 254;0;72.9948656859449
-23.680149537;-47.105041115;900.3;47580;13.588456260720424;975.3884562607204;Line 254;0;72.9948656859449
-23.680074163;-47.10475867;903.2;47550;13.579888507718708;975.3798885077186;Line 254;0;72.9948656859449
-23.679998789;-47.104476225;906.5;47520;13.571320754716995;975.371320754717;Line 254;0;72.9948656859449
-23.679923414;-47.104193781;909.9;47490;13.56275300171528;975.3627530017152;Line 254;0;72.9948656859449
-23.679848039;-47.103911337;909.6;47460;13.554185248713562;975.3541852487135;Line 254;0;72.9948656859449
-23.679772663;-47.103628893;909.2;47430;13.545617495711847;975.3456174957118;Line 254;0;72.9948656859449
-23.679697287;-47.10334645;909.3;47400;13.537049742710131;975.3370497427101;Line 254;0;72.9948656859449
-23.67962191;-47.103064007;907.4;47370;13.528481989708418;975.3284819897084;Line 254;0;72.9948656859449
-23.679546532;-47.102781564;905.8;47340;13.519914236706702;975.3199142367066;Line 254;0;72.9948656859449
-23.679471154;-47.102499121;904.5;47310;13.511346483704987;975.3113464837049;Line 254;0;72.9948656859449
-23.679395776;-47.102216679;901.9;47280;13.502778730703271;975.3027787307033;Line 254;0;72.9948656859449
-23.679320396;-47.101934237;899.3;47250;13.494210977701556;975.2942109777015;Line 254;0;72.9948656859449
-23.679245017;-47.101651795;896.6;47220;13.485643224699842;975.2856432246998;Line 254;0;72.9948656859449
-23.679169637;-47.101369354;894.9;47190;13.477075471698125;975.277075471698;Line 254;0;72.9948656859449
-23.679094256;-47.101086912;892.9;47160;13.46850771869641;975.2685077186964;Line 254;0;72.9948656859449
-23.679018874;-47.100804472;890.3;47130;13.459939965694694;975.2599399656947;Line 254;0;72.9948656859449
-23.678943493;-47.100522031;884.9;47100;13.451372212692979;975.2513722126929;Line 254;0;72.9948656859449
-23.67886811;-47.100239591;879.4;47070;13.442804459691265;975.2428044596912;Line 254;0;72.9948656859449
-23.678792727;-47.099957151;874.2;47040;13.43423670668955;975.2342367066896;Line 254;0;72.9948656859449
-23.678717344;-47.099674711;870.7;47010;13.425668953687834;975.2256689536878;Line 254;0;72.9948656859449
-23.67864196;-47.099392272;867.3;46980;13.417101200686119;975.2171012006861;Line 254;0;72.9948656859449
-23.678566575;-47.099109832;864.9;46950;13.408533447684404;975.2085334476843;Line 254;0;72.9948656859449
-23.67849119;-47.098827394;866.4;46920;13.399965694682688;975.1999656946826;Line 254;0;72.9948656859449
-23.678415805;-47.098544955;867.6;46890;13.391397941680973;975.191397941681;Line 254;0;72.9948656859449
-23.678340419;-47.098262517;867.9;46860;13.382830188679257;975.1828301886792;Line 254;0;72.9948656859449
-23.678265032;-47.097980079;867.1;46830;13.374262435677542;975.1742624356775;Line 254;0;72.9948656859449
-23.678189645;-47.097697641;866.6;46800;13.365694682675826;975.1656946826757;Line 254;0;72.9948656859449
-23.678114257;-47.097415203;866.5;46770;13.357126929674113;975.1571269296741;Line 254;0;72.9948656859449
-23.678038869;-47.097132766;867.1;46740;13.348559176672397;975.1485591766724;Line 254;0;72.9948656859449
-23.67796348;-47.096850329;867.4;46710;13.339991423670682;975.1399914236706;Line 254;0;72.9948656859449
-23.67788809;-47.096567893;868.5;46680;13.331423670668965;975.1314236706689;Line 254;0;72.9948656859449
-23.677812701;-47.096285456;871.3;46650;13.32285591766725;975.1228559176672;Line 254;0;72.9948656859449
-23.67773731;-47.09600302;873.9;46620;13.314288164665534;975.1142881646655;Line 254;0;72.9948656859449
-23.677661919;-47.095720585;877.0;46590;13.30572041166382;975.1057204116638;Line 254;0;72.9948656859449
-23.677586528;-47.095438149;881.0;46560;13.297152658662105;975.097152658662;Line 254;0;72.9948656859449
-23.677511136;-47.095155714;884.7;46530;13.28858490566039;975.0885849056604;Line 254;0;72.9948656859449
-23.677435743;-47.094873279;886.9;46500;13.280017152658674;975.0800171526587;Line 254;0;72.9948656859449
-23.67736035;-47.094590845;887.5;46470;13.271449399656959;975.0714493996569;Line 254;0;72.9948656859449
-23.677284956;-47.09430841;888.0;46440;13.262881646655245;975.0628816466552;Line 254;0;72.9948656859449
-23.677209562;-47.094025976;887.7;46410;13.254313893653528;975.0543138936534;Line 254;0;72.9948656859449
-23.677134167;-47.093743543;886.7;46380;13.245746140651812;975.0457461406518;Line 254;0;72.9948656859449
-23.677058772;-47.093461109;885.8;46350;13.237178387650097;975.0371783876501;Line 254;0;72.9948656859449
-23.676983376;-47.093178676;885.2;46320;13.228610634648382;975.0286106346483;Line 254;0;72.9948656859449
-23.67690798;-47.092896243;885.0;46290;13.220042881646668;975.0200428816466;Line 254;0;72.9948656859449
-23.676832583;-47.09261381;884.9;46260;13.211475128644953;975.0114751286449;Line 254;0;72.9948656859449
-23.676757185;-47.092331378;886.5;46230;13.202907375643237;975.0029073756432;Line 254;0;72.9948656859449
-23.676681787;-47.092048946;889.6;46200;13.194339622641522;974.9943396226415;Line 254;0;72.9948656859449
-23.676606389;-47.091766514;893.9;46170;13.185771869639806;974.9857718696397;Line 254;0;72.9948656859449
-23.67653099;-47.091484083;898.4;46140;13.17720411663809;974.9772041166381;Line 254;0;72.9948656859449
-23.67645559;-47.091201652;903.3;46110;13.168636363636375;974.9686363636363;Line 254;0;72.9948656859449
-23.67638019;-47.090919221;908.4;46080;13.16006861063466;974.9600686106346;Line 254;0;72.9948656859449
-23.676304789;-47.09063679;909.2;46050;13.151500857632945;974.9515008576329;Line 254;0;72.9948656859449
-23.676229388;-47.09035436;908.0;46020;13.14293310463123;974.9429331046312;Line 254;0;72.9948656859449
-23.676153986;-47.09007193;906.8;45990;13.134365351629516;974.9343653516295;Line 254;0;72.9948656859449
-23.676078584;-47.0897895;904.2;45960;13.1257975986278;974.9257975986278;Line 254;0;72.9948656859449
-23.676003181;-47.089507071;901.1;45930;13.117229845626085;974.917229845626;Line 254;0;72.9948656859449
-23.675927777;-47.089224641;898.0;45900;13.108662092624368;974.9086620926244;Line 254;0;72.9948656859449
-23.675852374;-47.088942213;893.8;45870;13.100094339622652;974.9000943396226;Line 254;0;72.9948656859449
-23.675776969;-47.088659784;889.2;45840;13.091526586620938;974.8915265866209;Line 254;0;72.9948656859449
-23.675701564;-47.088377356;884.9;45810;13.082958833619223;974.8829588336192;Line 254;0;72.9948656859449
-23.675626159;-47.088094928;883.2;45780;13.074391080617508;974.8743910806174;Line 254;0;72.9948656859449
-23.675550752;-47.0878125;882.0;45750;13.065823327615792;974.8658233276158;Line 254;0;72.9948656859449
-23.675475346;-47.087530072;881.1;45720;13.057255574614077;974.857255574614;Line 254;0;72.9948656859449
-23.675399939;-47.087247645;879.7;45690;13.048687821612363;974.8486878216123;Line 254;0;72.9948656859449
-23.675324531;-47.086965218;878.4;45660;13.040120068610648;974.8401200686106;Line 254;0;72.9948656859449
-23.675249123;-47.086682792;877.1;45630;13.03155231560893;974.8315523156089;Line 254;0;72.9948656859449
-23.675173714;-47.086400365;874.4;45600;13.022984562607215;974.8229845626072;Line 254;0;72.9948656859449
-23.675098305;-47.086117939;871.0;45570;13.0144168096055;974.8144168096054;Line 254;0;72.9948656859449
-23.675022895;-47.085835514;867.0;45540;13.005849056603786;974.8058490566037;Line 254;0;72.9948656859449
-23.674947484;-47.085553088;865.7;45510;12.99728130360207;974.7972813036021;Line 254;0;72.9948656859449
-23.674872073;-47.085270663;864.1;45480;12.988713550600355;974.7887135506003;Line 254;0;72.9948656859449
-23.674796662;-47.084988238;862.5;45450;12.98014579759864;974.7801457975986;Line 254;0;72.9948656859449
-23.67472125;-47.084705813;862.9;45420;12.971578044596924;974.7715780445969;Line 254;0;72.9948656859449
-23.674645837;-47.084423389;863.2;45390;12.963010291595209;974.7630102915952;Line 254;0;72.9948656859449
-23.674570424;-47.084140965;863.5;45360;12.954442538593494;974.7544425385935;Line 254;0;72.9948656859449
-23.674495011;-47.083858541;863.5;45330;12.945874785591778;974.7458747855917;Line 254;0;72.9948656859449
-23.674419596;-47.083576118;863.7;45300;12.937307032590063;974.73730703259;Line 254;0;72.9948656859449
-23.674344182;-47.083293695;863.9;45270;12.928739279588347;974.7287392795884;Line 254;0;72.9948656859449
-23.674268767;-47.083011272;863.3;45240;12.920171526586632;974.7201715265866;Line 254;0;72.9948656859449
-23.674193351;-47.082728849;862.6;45210;12.911603773584918;974.7116037735849;Line 254;0;72.9948656859449
-23.674117934;-47.082446427;861.8;45180;12.903036020583203;974.7030360205831;Line 254;0;72.9948656859449
-23.674042518;-47.082164005;861.2;45150;12.894468267581487;974.6944682675814;Line 254;0;72.9948656859449
-23.6739671;-47.081881583;860.8;45120;12.885900514579772;974.6859005145798;Line 254;0;72.9948656859449
-23.673891682;-47.081599161;860.7;45090;12.877332761578055;974.677332761578;Line 254;0;72.9948656859449
-23.673816264;-47.08131674;860.9;45060;12.868765008576341;974.6687650085763;Line 254;0;72.9948656859449
-23.673740845;-47.081034319;861.0;45030;12.860197255574626;974.6601972555745;Line 254;0;72.9948656859449
-23.673665425;-47.080751899;861.0;45000;12.85162950257291;974.6516295025729;Line 254;0;72.9948656859449
-23.673590005;-47.080469478;860.9;44970;12.843061749571195;974.6430617495712;Line 254;0;72.9948656859449
-23.673514584;-47.080187058;860.8;44940;12.83449399656948;974.6344939965694;Line 254;0;72.9948656859449
-23.673439163;-47.079904639;860.9;44910;12.825926243567766;974.6259262435677;Line 254;0;72.9948656859449
-23.673363741;-47.079622219;861.0;44880;12.81735849056605;974.617358490566;Line 254;0;72.9948656859449
-23.673288319;-47.0793398;861.2;44850;12.808790737564333;974.6087907375643;Line 254;0;72.9948656859449
-23.673212896;-47.079057381;861.6;44820;12.800222984562618;974.6002229845626;Line 254;0;72.9948656859449
-23.673137473;-47.078774962;862.5;44790;12.791655231560902;974.5916552315608;Line 254;0;72.9948656859449
-23.673062049;-47.078492544;863.8;44760;12.783087478559189;974.5830874785592;Line 254;0;72.9948656859449
-23.672986625;-47.078210126;865.3;44730;12.774519725557473;974.5745197255575;Line 254;0;72.9948656859449
-23.6729112;-47.077927708;866.3;44700;12.765951972555758;974.5659519725557;Line 254;0;72.9948656859449
-23.672835774;-47.077645291;867.1;44670;12.757384219554043;974.557384219554;Line 254;0;72.9948656859449
-23.672760348;-47.077362874;867.6;44640;12.748816466552327;974.5488164665522;Line 254;0;72.9948656859449
-23.672684922;-47.077080457;867.7;44610;12.740248713550614;974.5402487135506;Line 254;0;72.9948656859449
-23.672609495;-47.07679804;867.6;44580;12.731680960548896;974.5316809605489;Line 254;0;72.9948656859449
-23.672534067;-47.076515624;870.2;44550;12.723113207547181;974.5231132075471;Line 254;0;72.9948656859449
-23.672458639;-47.076233208;874.7;44520;12.714545454545465;974.5145454545454;Line 254;0;72.9948656859449
-23.67238321;-47.075950792;878.7;44490;12.70597770154375;974.5059777015437;Line 254;0;72.9948656859449
-23.672307781;-47.075668376;883.7;44460;12.697409948542036;974.497409948542;Line 254;0;72.9948656859449
-23.672232351;-47.075385961;888.9;44430;12.688842195540321;974.4888421955403;Line 254;0;72.9948656859449
-23.672156921;-47.075103546;893.4;44400;12.680274442538606;974.4802744425385;Line 254;0;72.9948656859449
-23.67208149;-47.074821132;896.8;44370;12.67170668953689;974.4717066895369;Line 254;0;72.9948656859449
-23.672006058;-47.074538717;899.6;44340;12.663138936535175;974.4631389365351;Line 254;0;72.9948656859449
-23.671930627;-47.074256303;902.3;44310;12.65457118353346;974.4545711835334;Line 254;0;72.9948656859449
-23.671855194;-47.073973889;904.7;44280;12.646003430531744;974.4460034305317;Line 254;0;72.9948656859449
-23.671779761;-47.073691476;907.2;44250;12.637435677530028;974.43743567753;Line 254;0;72.9948656859449
-23.671704327;-47.073409063;910.3;44220;12.628867924528313;974.4288679245283;Line 254;0;72.9948656859449
-23.671628893;-47.07312665;913.8;44190;12.620300171526598;974.4203001715266;Line 254;0;72.9948656859449
-23.671553459;-47.072844237;917.4;44160;12.611732418524882;974.4117324185248;Line 254;0;72.9948656859449
-23.671478023;-47.072561825;921.0;44130;12.603164665523169;974.4031646655231;Line 254;0;72.9948656859449
-23.671402588;-47.072279413;922.6;44100;12.594596912521453;974.3945969125214;Line 254;0;72.9948656859449
-23.671327152;-47.071997001;923.4;44070;12.586029159519736;974.3860291595197;Line 254;0;72.9948656859449
-23.671251715;-47.07171459;923.8;44040;12.57746140651802;974.377461406518;Line 254;0;72.9948656859449
-23.671176277;-47.071432178;922.3;44010;12.568893653516305;974.3688936535162;Line 254;0;72.9948656859449
-23.671100839;-47.071149768;920.6;43980;12.560325900514592;974.3603259005146;Line 254;0;72.9948656859449
-23.671025401;-47.070867357;919.2;43950;12.551758147512876;974.3517581475128;Line 254;0;72.9948656859449
-23.670949962;-47.070584947;916.6;43920;12.54319039451116;974.3431903945111;Line 254;0;72.9948656859449
-23.670874523;-47.070302537;913.3;43890;12.534622641509445;974.3346226415094;Line 254;0;72.9948656859449
-23.670799083;-47.070020127;909.7;43860;12.52605488850773;974.3260548885077;Line 254;0;72.9948656859449
-23.670723642;-47.069737717;907.7;43830;12.517487135506016;974.317487135506;Line 254;0;72.9948656859449
-23.670648201;-47.069455308;906.0;43800;12.508919382504299;974.3089193825042;Line 254;0;72.9948656859449
-23.670572759;-47.069172899;904.5;43770;12.500351629502584;974.3003516295025;Line 254;0;72.9948656859449
-23.670497317;-47.068890491;905.4;43740;12.491783876500868;974.2917838765009;Line 254;0;72.9948656859449
-23.670421874;-47.068608082;906.4;43710;12.483216123499153;974.2832161234991;Line 254;0;72.9948656859449
-23.670346431;-47.068325674;907.4;43680;12.47464837049744;974.2746483704974;Line 254;0;72.9948656859449
-23.670270987;-47.068043266;910.5;43650;12.466080617495724;974.2660806174957;Line 254;0;72.9948656859449
-23.670195543;-47.067760859;914.0;43620;12.457512864494008;974.257512864494;Line 254;0;72.9948656859449
-23.670120098;-47.067478452;918.1;43590;12.448945111492293;974.2489451114923;Line 254;0;72.9948656859449
-23.670044653;-47.067196045;921.5;43560;12.440377358490577;974.2403773584905;Line 254;0;72.9948656859449
-23.669969207;-47.066913638;925.1;43530;12.431809605488862;974.2318096054888;Line 254;0;72.9948656859449
-23.66989376;-47.066631232;927.9;43500;12.423241852487147;974.2232418524871;Line 254;0;72.9948656859449
-23.669818313;-47.066348826;926.2;43470;12.414674099485431;974.2146740994854;Line 254;0;72.9948656859449
-23.669742866;-47.06606642;924.5;43440;12.406106346483716;974.2061063464837;Line 254;0;72.9948656859449
-23.669667417;-47.065784015;922.7;43410;12.397538593482;974.1975385934819;Line 254;0;72.9948656859449
-23.669591969;-47.065501609;921.0;43380;12.388970840480287;974.1889708404802;Line 254;0;72.9948656859449
-23.66951652;-47.065219204;919.8;43350;12.380403087478571;974.1804030874786;Line 254;0;72.9948656859449
-23.66944107;-47.0649368;919.4;43320;12.371835334476856;974.1718353344768;Line 254;0;72.9948656859449
-23.66936562;-47.064654395;919.9;43290;12.36326758147514;974.1632675814751;Line 254;0;72.9948656859449
-23.669290169;-47.064371991;920.0;43260;12.354699828473423;974.1546998284733;Line 254;0;72.9948656859449
-23.669214717;-47.064089588;919.4;43230;12.34613207547171;974.1461320754717;Line 254;0;72.9948656859449
-23.669139266;-47.063807184;917.3;43200;12.337564322469994;974.13756432247;Line 254;0;72.9948656859449
-23.669063813;-47.063524781;914.9;43170;12.328996569468279;974.1289965694682;Line 254;0;72.9948656859449
-23.66898836;-47.063242378;911.8;43140;12.320428816466563;974.1204288164665;Line 254;0;72.9948656859449
-23.668912907;-47.062959975;907.9;43110;12.311861063464848;974.1118610634649;Line 254;0;72.9948656859449
-23.668837453;-47.062677573;903.8;43080;12.303293310463134;974.1032933104631;Line 254;0;72.9948656859449
-23.668761998;-47.062395171;901.0;43050;12.294725557461419;974.0947255574614;Line 254;0;72.9948656859449
-23.668686543;-47.062112769;899.9;43020;12.286157804459702;974.0861578044596;Line 254;0;72.9948656859449
-23.668611087;-47.061830368;898.7;42990;12.277590051457986;974.077590051458;Line 254;0;72.9948656859449
-23.668535631;-47.061547967;898.3;42960;12.269022298456271;974.0690222984563;Line 254;0;72.9948656859449
-23.668460174;-47.061265566;899.7;42930;12.260454545454557;974.0604545454545;Line 254;0;72.9948656859449
-23.668384717;-47.060983165;901.7;42900;12.251886792452842;974.0518867924528;Line 254;0;72.9948656859449
-23.668309259;-47.060700765;901.1;42870;12.243319039451126;974.043319039451;Line 254;0;72.9948656859449
-23.668233801;-47.060418365;896.9;42840;12.234751286449411;974.0347512864494;Line 254;0;72.9948656859449
-23.668158342;-47.060135965;893.2;42810;12.226183533447696;974.0261835334477;Line 254;0;72.9948656859449
-23.668082883;-47.059853565;891.3;42780;12.21761578044598;974.0176157804459;Line 254;0;72.9948656859449
-23.668007423;-47.059571166;891.5;42750;12.209048027444265;974.0090480274442;Line 254;0;72.9948656859449
-23.667931962;-47.059288767;892.7;42720;12.20048027444255;974.0004802744425;Line 254;0;72.9948656859449
-23.667856501;-47.059006369;895.0;42690;12.191912521440834;973.9919125214408;Line 254;0;72.9948656859449
-23.66778104;-47.05872397;897.5;42660;12.183344768439119;973.9833447684391;Line 254;0;72.9948656859449
-23.667705577;-47.058441572;900.2;42630;12.174777015437403;973.9747770154373;Line 254;0;72.9948656859449
-23.667630115;-47.058159175;902.7;42600;12.16620926243569;973.9662092624357;Line 254;0;72.9948656859449
-23.667554652;-47.057876777;904.8;42570;12.157641509433974;973.957641509434;Line 254;0;72.9948656859449
-23.667479188;-47.05759438;906.6;42540;12.149073756432259;973.9490737564322;Line 254;0;72.9948656859449
-23.667403724;-47.057311983;907.7;42510;12.140506003430543;973.9405060034305;Line 254;0;72.9948656859449
-23.667328259;-47.057029586;908.4;42480;12.131938250428826;973.9319382504287;Line 254;0;72.9948656859449
-23.667252794;-47.05674719;909.1;42450;12.123370497427112;973.9233704974271;Line 254;0;72.9948656859449
-23.667177328;-47.056464794;909.8;42420;12.114802744425397;973.9148027444254;Line 254;0;72.9948656859449
-23.667101861;-47.056182398;910.4;42390;12.106234991423682;973.9062349914236;Line 254;0;72.9948656859449
-23.667026394;-47.055900003;910.9;42360;12.097667238421966;973.897667238422;Line 254;0;72.9948656859449
-23.666950927;-47.055617608;912.2;42330;12.08909948542025;973.8890994854202;Line 254;0;72.9948656859449
-23.666875459;-47.055335213;913.7;42300;12.080531732418537;973.8805317324185;Line 254;0;72.9948656859449
-23.66679999;-47.055052818;915.0;42270;12.071963979416822;973.8719639794168;Line 254;0;72.9948656859449
-23.666724521;-47.054770424;918.6;42240;12.063396226415104;973.863396226415;Line 254;0;72.9948656859449
-23.666649051;-47.05448803;923.1;42210;12.054828473413389;973.8548284734134;Line 254;0;72.9948656859449
-23.666573581;-47.054205636;927.7;42180;12.046260720411674;973.8462607204116;Line 254;0;72.9948656859449
-23.66649811;-47.053923242;930.9;42150;12.03769296740996;973.8376929674099;Line 254;0;72.9948656859449
-23.666422639;-47.053640849;933.9;42120;12.029125214408245;973.8291252144082;Line 254;0;72.9948656859449
-23.666347167;-47.053358456;936.9;42090;12.02055746140653;973.8205574614065;Line 254;0;72.9948656859449
-23.666271695;-47.053076064;936.1;42060;12.011989708404814;973.8119897084048;Line 254;0;72.9948656859449
-23.666196222;-47.052793671;935.4;42030;12.003421955403098;973.8034219554031;Line 254;0;72.9948656859449
-23.666120749;-47.052511279;934.9;42000;11.994854202401385;973.7948542024013;Line 254;0;72.9948656859449
-23.666045275;-47.052228888;933.9;41970;11.986286449399667;973.7862864493997;Line 254;0;72.9948656859449
-23.6659698;-47.051946496;932.8;41940;11.977718696397952;973.7777186963979;Line 254;0;72.9948656859449
-23.665894325;-47.051664105;931.5;41910;11.969150943396237;973.7691509433962;Line 254;0;72.9948656859449
-23.66581885;-47.051381714;930.0;41880;11.960583190394521;973.7605831903945;Line 254;0;72.9948656859449
-23.665743374;-47.051099323;927.9;41850;11.952015437392808;973.7520154373927;Line 254;0;72.9948656859449
-23.665667897;-47.050816933;925.6;41820;11.943447684391092;973.7434476843911;Line 254;0;72.9948656859449
-23.66559242;-47.050534543;922.4;41790;11.934879931389377;973.7348799313893;Line 254;0;72.9948656859449
-23.665516942;-47.050252153;919.5;41760;11.926312178387661;973.7263121783876;Line 254;0;72.9948656859449
-23.665441464;-47.049969764;917.2;41730;11.917744425385946;973.717744425386;Line 254;0;72.9948656859449
-23.665365985;-47.049687375;916.7;41700;11.90917667238423;973.7091766723842;Line 254;0;72.9948656859449
-23.665290506;-47.049404986;916.5;41670;11.900608919382515;973.7006089193825;Line 254;0;72.9948656859449
-23.665215026;-47.049122597;916.2;41640;11.8920411663808;973.6920411663807;Line 254;0;72.9948656859449
-23.665139545;-47.048840209;912.9;41610;11.883473413379084;973.683473413379;Line 254;0;72.9948656859449
-23.665064064;-47.048557821;909.2;41580;11.874905660377369;973.6749056603774;Line 254;0;72.9948656859449
-23.664988583;-47.048275433;905.0;41550;11.866337907375653;973.6663379073756;Line 254;0;72.9948656859449
-23.664913101;-47.047993045;900.2;41520;11.85777015437394;973.6577701543739;Line 254;0;72.9948656859449
-23.664837618;-47.047710658;895.4;41490;11.849202401372224;973.6492024013721;Line 254;0;72.9948656859449
-23.664762135;-47.047428271;891.3;41460;11.840634648370509;973.6406346483705;Line 254;0;72.9948656859449
-23.664686651;-47.047145885;888.3;41430;11.832066895368792;973.6320668953688;Line 254;0;72.9948656859449
-23.664611167;-47.046863498;885.2;41400;11.823499142367076;973.623499142367;Line 254;0;72.9948656859449
-23.664535683;-47.046581112;882.9;41370;11.814931389365363;973.6149313893653;Line 254;0;72.9948656859449
-23.664460197;-47.046298727;882.6;41340;11.806363636363647;973.6063636363637;Line 254;0;72.9948656859449
-23.664384712;-47.046016341;882.0;41310;11.797795883361932;973.5977958833619;Line 254;0;72.9948656859449
-23.664309225;-47.045733956;881.3;41280;11.789228130360216;973.5892281303602;Line 254;0;72.9948656859449
-23.664233738;-47.045451571;881.2;41250;11.780660377358501;973.5806603773584;Line 254;0;72.9948656859449
-23.664158251;-47.045169187;881.6;41220;11.772092624356787;973.5720926243567;Line 254;0;72.9948656859449
-23.664082763;-47.044886802;882.9;41190;11.76352487135507;973.5635248713551;Line 254;0;72.9948656859449
-23.664007274;-47.044604418;884.9;41160;11.754957118353355;973.5549571183533;Line 254;0;72.9948656859449
-23.663931785;-47.044322034;887.6;41130;11.74638936535164;973.5463893653516;Line 254;0;72.9948656859449
-23.663856296;-47.044039651;889.6;41100;11.737821612349924;973.5378216123498;Line 254;0;72.9948656859449
-23.663780806;-47.043757268;890.2;41070;11.72925385934821;973.5292538593482;Line 254;0;72.9948656859449
-23.663705315;-47.043474885;890.6;41040;11.720686106346495;973.5206861063465;Line 254;0;72.9948656859449
-23.663629824;-47.043192502;890.9;41010;11.71211835334478;973.5121183533447;Line 254;0;72.9948656859449
-23.663554332;-47.04291012;891.1;40980;11.703550600343064;973.503550600343;Line 254;0;72.9948656859449
-23.66347884;-47.042627738;890.9;40950;11.694982847341349;973.4949828473412;Line 254;0;72.9948656859449
-23.663403347;-47.042345356;891.0;40920;11.686415094339633;973.4864150943396;Line 254;0;72.9948656859449
-23.663327854;-47.042062975;891.6;40890;11.677847341337918;973.4778473413379;Line 254;0;72.9948656859449
-23.66325236;-47.041780594;892.4;40860;11.669279588336202;973.4692795883361;Line 254;0;72.9948656859449
-23.663176866;-47.041498213;893.1;40830;11.660711835334487;973.4607118353345;Line 254;0;72.9948656859449
-23.663101371;-47.041215832;893.6;40800;11.652144082332772;973.4521440823328;Line 254;0;72.9948656859449
-23.663025875;-47.040933452;893.9;40770;11.643576329331058;973.443576329331;Line 254;0;72.9948656859449
-23.662950379;-47.040651072;895.2;40740;11.635008576329342;973.4350085763293;Line 254;0;72.9948656859449
-23.662874882;-47.040368692;896.8;40710;11.626440823327627;973.4264408233275;Line 254;0;72.9948656859449
-23.662799385;-47.040086313;898.3;40680;11.617873070325912;973.4178730703259;Line 254;0;72.9948656859449
-23.662723888;-47.039803933;897.8;40650;11.609305317324194;973.4093053173242;Line 254;0;72.9948656859449
-23.66264839;-47.039521555;896.4;40620;11.60073756432248;973.4007375643224;Line 254;0;72.9948656859449
-23.662572891;-47.039239176;895.0;40590;11.592169811320765;973.3921698113207;Line 254;0;72.9948656859449
-23.662497392;-47.038956798;897.0;40560;11.58360205831905;973.383602058319;Line 254;0;72.9948656859449
-23.662421892;-47.03867442;900.6;40530;11.575034305317335;973.3750343053173;Line 254;0;72.9948656859449
-23.662346391;-47.038392042;904.1;40500;11.56646655231562;973.3664665523156;Line 254;0;72.9948656859449
-23.662270891;-47.038109664;907.9;40470;11.557898799313906;973.3578987993138;Line 254;0;72.9948656859449
-23.662195389;-47.037827287;911.8;40440;11.54933104631219;973.3493310463122;Line 254;0;72.9948656859449
-23.662119887;-47.03754491;915.6;40410;11.540763293310473;973.3407632933104;Line 254;0;72.9948656859449
-23.662044385;-47.037262534;918.9;40380;11.532195540308757;973.3321955403087;Line 254;0;72.9948656859449
-23.661968882;-47.036980157;921.9;40350;11.523627787307042;973.323627787307;Line 254;0;72.9948656859449
-23.661893378;-47.036697781;924.9;40320;11.515060034305328;973.3150600343052;Line 254;0;72.9948656859449
-23.661817874;-47.036415406;926.2;40290;11.506492281303613;973.3064922813036;Line 254;0;72.9948656859449
-23.661742369;-47.03613303;927.2;40260;11.497924528301898;973.2979245283019;Line 254;0;72.9948656859449
-23.661666864;-47.035850655;928.0;40230;11.489356775300182;973.2893567753001;Line 254;0;72.9948656859449
-23.661591359;-47.03556828;925.6;40200;11.480789022298467;973.2807890222984;Line 254;0;72.9948656859449
-23.661515852;-47.035285906;922.7;40170;11.472221269296751;973.2722212692967;Line 254;0;72.9948656859449
-23.661440346;-47.035003531;919.3;40140;11.463653516295036;973.263653516295;Line 254;0;72.9948656859449
-23.661364838;-47.034721157;915.7;40110;11.45508576329332;973.2550857632933;Line 254;0;72.9948656859449
-23.66128933;-47.034438784;912.3;40080;11.446518010291605;973.2465180102915;Line 254;0;72.9948656859449
-23.661213822;-47.03415641;909.2;40050;11.43795025728989;973.2379502572899;Line 254;0;72.9948656859449
-23.661138313;-47.033874037;909.5;40020;11.429382504288174;973.2293825042881;Line 254;0;72.9948656859449
-23.661062804;-47.033591664;909.8;39990;11.42081475128646;973.2208147512864;Line 254;0;72.9948656859449
-23.660987294;-47.033309292;910.4;39960;11.412246998284745;973.2122469982847;Line 254;0;72.9948656859449
-23.660911783;-47.033026919;913.2;39930;11.40367924528303;973.203679245283;Line 254;0;72.9948656859449
-23.660836272;-47.032744547;916.1;39900;11.395111492281314;973.1951114922813;Line 254;0;72.9948656859449
-23.66076076;-47.032462176;919.1;39870;11.386543739279597;973.1865437392795;Line 254;0;72.9948656859449
-23.660685248;-47.032179804;922.9;39840;11.377975986277884;973.1779759862778;Line 254;0;72.9948656859449
-23.660609735;-47.031897433;926.6;39810;11.369408233276168;973.1694082332762;Line 254;0;72.9948656859449
-23.660534222;-47.031615062;929.7;39780;11.360840480274453;973.1608404802744;Line 254;0;72.9948656859449
-23.660458708;-47.031332692;930.1;39750;11.352272727272737;973.1522727272727;Line 254;0;72.9948656859449
-23.660383194;-47.031050321;930.3;39720;11.343704974271022;973.143704974271;Line 254;0;72.9948656859449
-23.660307679;-47.030767951;930.1;39690;11.335137221269308;973.1351372212692;Line 254;0;72.9948656859449
-23.660232164;-47.030485582;929.3;39660;11.326569468267593;973.1265694682676;Line 254;0;72.9948656859449
-23.660156648;-47.030203212;928.9;39630;11.318001715265877;973.1180017152658;Line 254;0;72.9948656859449
-23.660081131;-47.029920843;928.5;39600;11.30943396226416;973.1094339622641;Line 254;0;72.9948656859449
-23.660005614;-47.029638474;927.6;39570;11.300866209262445;973.1008662092624;Line 254;0;72.9948656859449
-23.659930097;-47.029356106;926.6;39540;11.292298456260731;973.0922984562607;Line 254;0;72.9948656859449
-23.659854579;-47.029073737;925.8;39510;11.283730703259016;973.083730703259;Line 254;0;72.9948656859449
-23.65977906;-47.028791369;925.5;39480;11.2751629502573;973.0751629502572;Line 254;0;72.9948656859449
-23.659703541;-47.028509002;925.7;39450;11.266595197255585;973.0665951972555;Line 254;0;72.9948656859449
-23.659628021;-47.028226634;925.9;39420;11.25802744425387;973.0580274442539;Line 254;0;72.9948656859449
-23.659552501;-47.027944267;925.6;39390;11.249459691252156;973.0494596912521;Line 254;0;72.9948656859449
-23.65947698;-47.0276619;925.4;39360;11.240891938250439;973.0408919382504;Line 254;0;72.9948656859449
-23.659401459;-47.027379534;924.2;39330;11.232324185248723;973.0323241852486;Line 254;0;72.9948656859449
-23.659325937;-47.027097167;921.6;39300;11.223756432247008;973.023756432247;Line 254;0;72.9948656859449
-23.659250415;-47.026814801;919.1;39270;11.215188679245292;973.0151886792453;Line 254;0;72.9948656859449
-23.659174892;-47.026532436;916.5;39240;11.206620926243579;973.0066209262435;Line 254;0;72.9948656859449
-23.659099368;-47.02625007;913.7;39210;11.198053173241863;972.9980531732418;Line 254;0;72.9948656859449
-23.659023844;-47.025967705;910.8;39180;11.189485420240148;972.9894854202402;Line 254;0;72.9948656859449
-23.65894832;-47.02568534;908.0;39150;11.180917667238433;972.9809176672384;Line 254;0;72.9948656859449
-23.658872795;-47.025402976;905.2;39120;11.172349914236717;972.9723499142367;Line 254;0;72.9948656859449
-23.658797269;-47.025120611;902.6;39090;11.163782161235002;972.9637821612349;Line 254;0;72.9948656859449
-23.658721743;-47.024838247;900.6;39060;11.155214408233286;972.9552144082332;Line 254;0;72.9948656859449
-23.658646216;-47.024555884;899.1;39030;11.14664665523157;972.9466466552316;Line 254;0;72.9948656859449
-23.658570689;-47.02427352;897.9;39000;11.138078902229855;972.9380789022298;Line 254;0;72.9948656859449
-23.658495161;-47.023991157;896.7;38970;11.12951114922814;972.9295111492281;Line 254;0;72.9948656859449
-23.658419633;-47.023708794;895.0;38940;11.120943396226425;972.9209433962263;Line 254;0;72.9948656859449
-23.658344104;-47.023426432;892.8;38910;11.112375643224711;972.9123756432247;Line 254;0;72.9948656859449
-23.658268575;-47.02314407;892.2;38880;11.103807890222996;972.903807890223;Line 254;0;72.9948656859449
-23.658193045;-47.022861708;892.2;38850;11.09524013722128;972.8952401372212;Line 254;0;72.9948656859449
-23.658117514;-47.022579346;891.9;38820;11.086672384219563;972.8866723842195;Line 254;0;72.9948656859449
-23.658041983;-47.022296984;892.3;38790;11.078104631217847;972.8781046312178;Line 254;0;72.9948656859449
-23.657966452;-47.022014623;892.5;38760;11.069536878216134;972.8695368782161;Line 254;0;72.9948656859449
-23.65789092;-47.021732263;892.1;38730;11.060969125214418;972.8609691252144;Line 254;0;72.9948656859449
-23.657815387;-47.021449902;892.4;38700;11.052401372212703;972.8524013722126;Line 254;0;72.9948656859449
-23.657739854;-47.021167542;892.9;38670;11.043833619210988;972.843833619211;Line 254;0;72.9948656859449
-23.65766432;-47.020885182;893.3;38640;11.035265866209272;972.8352658662093;Line 254;0;72.9948656859449
-23.657588786;-47.020602822;891.6;38610;11.026698113207559;972.8266981132075;Line 254;0;72.9948656859449
-23.657513251;-47.020320463;889.9;38580;11.018130360205841;972.8181303602058;Line 254;0;72.9948656859449
-23.657437716;-47.020038104;888.6;38550;11.009562607204126;972.809562607204;Line 254;0;72.9948656859449
-23.65736218;-47.019755745;887.1;38520;11.00099485420241;972.8009948542024;Line 254;0;72.9948656859449
-23.657286644;-47.019473386;885.7;38490;10.992427101200695;972.7924271012007;Line 254;0;72.9948656859449
-23.657211107;-47.019191028;884.7;38460;10.983859348198981;972.7838593481989;Line 254;0;72.9948656859449
-23.65713557;-47.01890867;884.4;38430;10.975291595197266;972.7752915951972;Line 254;0;72.9948656859449
-23.657060032;-47.018626312;884.2;38400;10.96672384219555;972.7667238421955;Line 254;0;72.9948656859449
-23.656984493;-47.018343955;884.0;38370;10.958156089193835;972.7581560891938;Line 254;0;72.9948656859449
-23.656908954;-47.018061598;885.1;38340;10.94958833619212;972.7495883361921;Line 254;0;72.9948656859449
-23.656833414;-47.017779241;886.5;38310;10.941020583190404;972.7410205831903;Line 254;0;72.9948656859449
-23.656757874;-47.017496884;888.4;38280;10.932452830188689;972.7324528301887;Line 254;0;72.9948656859449
-23.656682334;-47.017214528;891.3;38250;10.923885077186974;972.7238850771869;Line 254;0;72.9948656859449
-23.656606792;-47.016932172;894.4;38220;10.915317324185258;972.7153173241852;Line 254;0;72.9948656859449
-23.656531251;-47.016649817;897.7;38190;10.906749571183543;972.7067495711835;Line 254;0;72.9948656859449
-23.656455708;-47.016367461;899.6;38160;10.898181818181829;972.6981818181818;Line 254;0;72.9948656859449
-23.656380166;-47.016085106;901.5;38130;10.889614065180114;972.6896140651801;Line 254;0;72.9948656859449
-23.656304622;-47.015802751;903.2;38100;10.881046312178398;972.6810463121783;Line 254;0;72.9948656859449
-23.656229078;-47.015520397;903.0;38070;10.872478559176683;972.6724785591766;Line 254;0;72.9948656859449
-23.656153534;-47.015238043;903.1;38040;10.863910806174966;972.663910806175;Line 254;0;72.9948656859449
-23.656077989;-47.014955689;903.2;38010;10.855343053173252;972.6553430531732;Line 254;0;72.9948656859449
-23.656002443;-47.014673335;902.1;37980;10.846775300171537;972.6467753001715;Line 254;0;72.9948656859449
-23.655926897;-47.014390982;901.1;37950;10.838207547169821;972.6382075471698;Line 254;0;72.9948656859449
-23.655851351;-47.014108629;900.3;37920;10.829639794168106;972.629639794168;Line 254;0;72.9948656859449
-23.655775804;-47.013826276;899.5;37890;10.82107204116639;972.6210720411664;Line 254;0;72.9948656859449
-23.655700256;-47.013543923;898.8;37860;10.812504288164677;972.6125042881646;Line 254;0;72.9948656859449
-23.655624708;-47.013261571;898.8;37830;10.803936535162961;972.6039365351629;Line 254;0;72.9948656859449
-23.655549159;-47.012979219;900.0;37800;10.795368782161246;972.5953687821612;Line 254;0;72.9948656859449
-23.65547361;-47.012696867;901.4;37770;10.786801029159529;972.5868010291595;Line 254;0;72.9948656859449
-23.65539806;-47.012414516;903.6;37740;10.778233276157813;972.5782332761578;Line 254;0;72.9948656859449
-23.65532251;-47.012132165;907.2;37710;10.769665523156098;972.569665523156;Line 254;0;72.9948656859449
-23.655246959;-47.011849814;910.4;37680;10.761097770154384;972.5610977701543;Line 254;0;72.9948656859449
-23.655171407;-47.011567464;914.3;37650;10.752530017152669;972.5525300171527;Line 254;0;72.9948656859449
-23.655095855;-47.011285113;920.0;37620;10.743962264150953;972.5439622641509;Line 254;0;72.9948656859449
-23.655020303;-47.011002764;925.8;37590;10.735394511149238;972.5353945111492;Line 254;0;72.9948656859449
-23.65494475;-47.010720414;929.3;37560;10.726826758147523;972.5268267581474;Line 254;0;72.9948656859449
-23.654869196;-47.010438065;929.9;37530;10.718259005145807;972.5182590051458;Line 254;0;72.9948656859449
-23.654793642;-47.010155715;930.4;37500;10.709691252144092;972.5096912521441;Line 254;0;72.9948656859449
-23.654718087;-47.009873367;930.4;37470;10.701123499142376;972.5011234991423;Line 254;0;72.9948656859449
-23.654642532;-47.009591018;929.9;37440;10.69255574614066;972.4925557461406;Line 254;0;72.9948656859449
-23.654566977;-47.00930867;929.4;37410;10.683987993138945;972.483987993139;Line 254;0;72.9948656859449
-23.65449142;-47.009026322;929.0;37380;10.675420240137232;972.4754202401372;Line 254;0;72.9948656859449
-23.654415864;-47.008743974;928.4;37350;10.666852487135516;972.4668524871355;Line 254;0;72.9948656859449
-23.654340306;-47.008461627;927.4;37320;10.658284734133801;972.4582847341337;Line 254;0;72.9948656859449
-23.654264748;-47.00817928;926.3;37290;10.649716981132086;972.449716981132;Line 254;0;72.9948656859449
-23.65418919;-47.007896933;925.1;37260;10.641149228130368;972.4411492281304;Line 254;0;72.9948656859449
-23.654113631;-47.007614587;924.5;37230;10.632581475128655;972.4325814751286;Line 254;0;72.9948656859449
-23.654038071;-47.007332241;925.8;37200;10.62401372212694;972.4240137221269;Line 254;0;72.9948656859449
-23.653962511;-47.007049895;928.0;37170;10.615445969125224;972.4154459691251;Line 254;0;72.9948656859449
-23.653886951;-47.006767549;929.7;37140;10.606878216123508;972.4068782161235;Line 254;0;72.9948656859449
-23.65381139;-47.006485204;931.3;37110;10.598310463121793;972.3983104631218;Line 254;0;72.9948656859449
-23.653735828;-47.006202859;933.0;37080;10.58974271012008;972.38974271012;Line 254;0;72.9948656859449
-23.653660266;-47.005920514;934.8;37050;10.581174957118364;972.3811749571183;Line 254;0;72.9948656859449
-23.653584703;-47.005638169;935.1;37020;10.572607204116649;972.3726072041165;Line 254;0;72.9948656859449
-23.65350914;-47.005355825;934.8;36990;10.564039451114931;972.3640394511149;Line 254;0;72.9948656859449
-23.653433576;-47.005073481;934.8;36960;10.555471698113216;972.3554716981132;Line 254;0;72.9948656859449
-23.653358012;-47.004791138;932.7;36930;10.546903945111502;972.3469039451114;Line 254;0;72.9948656859449
-23.653282447;-47.004508794;929.5;36900;10.538336192109787;972.3383361921098;Line 254;0;72.9948656859449
-23.653206882;-47.004226451;925.9;36870;10.529768439108071;972.3297684391081;Line 254;0;72.9948656859449
-23.653131316;-47.003944109;923.6;36840;10.521200686106356;972.3212006861063;Line 254;0;72.9948656859449
-23.653055749;-47.003661766;921.9;36810;10.51263293310464;972.3126329331046;Line 254;0;72.9948656859449
-23.652980182;-47.003379424;920.4;36780;10.504065180102927;972.3040651801028;Line 254;0;72.9948656859449
-23.652904615;-47.003097082;921.4;36750;10.49549742710121;972.2954974271012;Line 254;0;72.9948656859449
-23.652829047;-47.00281474;922.9;36720;10.486929674099494;972.2869296740995;Line 254;0;72.9948656859449
-23.652753478;-47.002532399;924.4;36690;10.478361921097779;972.2783619210977;Line 254;0;72.9948656859449
-23.652677909;-47.002250058;925.9;36660;10.469794168096064;972.269794168096;Line 254;0;72.9948656859449
-23.652602339;-47.001967717;927.4;36630;10.46122641509435;972.2612264150943;Line 254;0;72.9948656859449
-23.652526769;-47.001685377;928.9;36600;10.452658662092635;972.2526586620926;Line 254;0;72.9948656859449
-23.652451198;-47.001403037;929.3;36570;10.444090909090919;972.2440909090909;Line 254;0;72.9948656859449
-23.652375627;-47.001120697;929.5;36540;10.435523156089204;972.2355231560891;Line 254;0;72.9948656859449
-23.652300055;-47.000838357;929.8;36510;10.426955403087488;972.2269554030875;Line 254;0;72.9948656859449
-23.652224483;-47.000556018;928.7;36480;10.418387650085773;972.2183876500857;Line 254;0;72.9948656859449
-23.65214891;-47.000273679;927.6;36450;10.409819897084057;972.209819897084;Line 254;0;72.9948656859449
-23.652073336;-46.99999134;926.4;36420;10.401252144082342;972.2012521440823;Line 254;0;72.9948656859449
-23.651997762;-46.999709002;924.2;36390;10.392684391080627;972.1926843910805;Line 254;0;72.9948656859449
-23.651922188;-46.999426663;922.0;36360;10.384116638078911;972.1841166380789;Line 254;0;72.9948656859449
-23.651846613;-46.999144326;919.8;36330;10.375548885077196;972.1755488850772;Line 254;0;72.9948656859449
-23.651771037;-46.998861988;917.6;36300;10.366981132075482;972.1669811320754;Line 254;0;72.9948656859449
-23.651695461;-46.998579651;915.2;36270;10.358413379073767;972.1584133790737;Line 254;0;72.9948656859449
-23.651619884;-46.998297314;912.6;36240;10.349845626072051;972.149845626072;Line 254;0;72.9948656859449
-23.651544307;-46.998014977;910.1;36210;10.341277873070334;972.1412778730703;Line 254;0;72.9948656859449
-23.651468729;-46.997732641;907.8;36180;10.332710120068619;972.1327101200686;Line 254;0;72.9948656859449
-23.651393151;-46.997450304;906.0;36150;10.324142367066905;972.1241423670668;Line 254;0;72.9948656859449
-23.651317572;-46.997167969;906.5;36120;10.31557461406519;972.1155746140652;Line 254;0;72.9948656859449
-23.651241993;-46.996885633;907.5;36090;10.307006861063474;972.1070068610634;Line 254;0;72.9948656859449
-23.651166413;-46.996603298;909.1;36060;10.298439108061759;972.0984391080617;Line 254;0;72.9948656859449
-23.651090832;-46.996320963;910.3;36030;10.289871355060043;972.08987135506;Line 254;0;72.9948656859449
-23.651015251;-46.996038628;911.3;36000;10.28130360205833;972.0813036020583;Line 254;0;72.9948656859449
-23.65093967;-46.995756294;912.0;35970;10.272735849056614;972.0727358490566;Line 254;0;72.9948656859449
-23.650864088;-46.995473959;912.4;35940;10.264168096054897;972.0641680960548;Line 254;0;72.9948656859449
-23.650788505;-46.995191626;912.4;35910;10.255600343053182;972.0556003430531;Line 254;0;72.9948656859449
-23.650712922;-46.994909292;913.0;35880;10.247032590051466;972.0470325900515;Line 254;0;72.9948656859449
-23.650637338;-46.994626959;914.9;35850;10.238464837049753;972.0384648370497;Line 254;0;72.9948656859449
-23.650561754;-46.994344626;916.9;35820;10.229897084048037;972.029897084048;Line 254;0;72.9948656859449
-23.650486169;-46.994062293;919.0;35790;10.221329331046322;972.0213293310463;Line 254;0;72.9948656859449
-23.650410584;-46.993779961;921.3;35760;10.212761578044606;972.0127615780445;Line 254;0;72.9948656859449
-23.650334998;-46.993497628;923.6;35730;10.204193825042891;972.0041938250429;Line 254;0;72.9948656859449
-23.650259412;-46.993215297;925.5;35700;10.195626072041176;971.9956260720411;Line 254;0;72.9948656859449
-23.650183825;-46.992932965;926.8;35670;10.18705831903946;971.9870583190394;Line 254;0;72.9948656859449
-23.650108238;-46.992650634;928.1;35640;10.178490566037745;971.9784905660377;Line 254;0;72.9948656859449
-23.65003265;-46.992368303;929.5;35610;10.16992281303603;971.969922813036;Line 254;0;72.9948656859449
-23.649957061;-46.992085972;931.1;35580;10.161355060034314;971.9613550600343;Line 254;0;72.9948656859449
-23.649881472;-46.991803642;932.8;35550;10.1527873070326;971.9527873070325;Line 254;0;72.9948656859449
-23.649805883;-46.991521312;934.8;35520;10.144219554030885;971.9442195540308;Line 254;0;72.9948656859449
-23.649730293;-46.991238982;937.1;35490;10.13565180102917;971.9356518010292;Line 254;0;72.9948656859449
-23.649654702;-46.990956652;939.1;35460;10.127084048027454;971.9270840480274;Line 254;0;72.9948656859449
-23.649579111;-46.990674323;940.7;35430;10.118516295025737;971.9185162950257;Line 254;0;72.9948656859449
-23.649503519;-46.990391994;941.6;35400;10.109948542024023;971.9099485420239;Line 254;0;72.9948656859449
-23.649427927;-46.990109665;942.2;35370;10.101380789022308;971.9013807890223;Line 254;0;72.9948656859449
-23.649352334;-46.989827337;940.0;35340;10.092813036020592;971.8928130360206;Line 254;0;72.9948656859449
-23.649276741;-46.989545009;935.9;35310;10.084245283018877;971.8842452830188;Line 254;0;72.9948656859449
-23.649201147;-46.989262681;931.6;35280;10.075677530017161;971.8756775300171;Line 254;0;72.9948656859449
-23.649125552;-46.988980354;928.7;35250;10.067109777015448;971.8671097770155;Line 254;0;72.9948656859449
-23.649049957;-46.988698026;926.4;35220;10.058542024013732;971.8585420240137;Line 254;0;72.9948656859449
-23.648974362;-46.988415699;923.8;35190;10.049974271012017;971.849974271012;Line 254;0;72.9948656859449
-23.648898766;-46.988133373;922.1;35160;10.0414065180103;971.8414065180102;Line 254;0;72.9948656859449
-23.648823169;-46.987851046;921.2;35130;10.032838765008584;971.8328387650085;Line 254;0;72.9948656859449
-23.648747572;-46.98756872;920.5;35100;10.024271012006869;971.8242710120069;Line 254;0;72.9948656859449
-23.648671975;-46.987286394;921.8;35070;10.015703259005155;971.8157032590051;Line 254;0;72.9948656859449
-23.648596376;-46.987004069;923.5;35040;10.00713550600344;971.8071355060034;Line 254;0;72.9948656859449
-23.648520778;-46.986721744;925.3;35010;9.998567753001725;971.7985677530016;Line 254;0;72.9948656859449
-23.648445178;-46.986439419;927.6;34980;9.990000000000009;971.79;Line 254;0;72.9948656859449
-23.648369579;-46.986157094;930.0;34950;9.981432246998294;971.7814322469983;Line 254;0;72.9948656859449
-23.648293978;-46.98587477;932.3;34920;9.972864493996578;971.7728644939965;Line 254;0;72.9948656859449
-23.648218377;-46.985592446;933.3;34890;9.964296740994863;971.7642967409948;Line 254;0;72.9948656859449
-23.648142776;-46.985310122;934.1;34860;9.955728987993147;971.755728987993;Line 254;0;72.9948656859449
-23.648067174;-46.985027798;935.0;34830;9.947161234991432;971.7471612349914;Line 254;0;72.9948656859449
-23.647991572;-46.984745475;936.3;34800;9.938593481989717;971.7385934819897;Line 254;0;72.9948656859449
-23.647915969;-46.984463152;937.9;34770;9.930025728988003;971.7300257289879;Line 254;0;72.9948656859449
-23.647840365;-46.984180829;939.5;34740;9.921457975986288;971.7214579759863;Line 254;0;72.9948656859449
-23.647764761;-46.983898507;938.6;34710;9.912890222984572;971.7128902229845;Line 254;0;72.9948656859449
-23.647689156;-46.983616185;938.1;34680;9.904322469982857;971.7043224699828;Line 254;0;72.9948656859449
-23.647613551;-46.983333863;938.2;34650;9.89575471698114;971.6957547169811;Line 254;0;72.9948656859449
-23.647537946;-46.983051542;935.7;34620;9.887186963979426;971.6871869639793;Line 254;0;72.9948656859449
-23.647462339;-46.982769221;932.6;34590;9.87861921097771;971.6786192109777;Line 254;0;72.9948656859449
-23.647386733;-46.9824869;929.1;34560;9.870051457975995;971.670051457976;Line 254;0;72.9948656859449
-23.647311125;-46.982204579;926.0;34530;9.86148370497428;971.6614837049742;Line 254;0;72.9948656859449
-23.647235518;-46.981922259;922.4;34500;9.852915951972564;971.6529159519725;Line 254;0;72.9948656859449
-23.647159909;-46.981639939;918.4;34470;9.84434819897085;971.6443481989708;Line 254;0;72.9948656859449
-23.6470843;-46.981357619;913.8;34440;9.835780445969135;971.6357804459691;Line 254;0;72.9948656859449
-23.647008691;-46.981075299;909.5;34410;9.82721269296742;971.6272126929674;Line 254;0;72.9948656859449
-23.646933081;-46.98079298;905.7;34380;9.818644939965703;971.6186449399656;Line 254;0;72.9948656859449
-23.64685747;-46.980510661;904.3;34350;9.810077186963987;971.610077186964;Line 254;0;72.9948656859449
-23.646781859;-46.980228343;903.3;34320;9.801509433962273;971.6015094339622;Line 254;0;72.9948656859449
-23.646706248;-46.979946024;903.9;34290;9.792941680960558;971.5929416809605;Line 254;0;72.9948656859449
-23.646630635;-46.979663706;908.2;34260;9.784373927958843;971.5843739279588;Line 254;0;72.9948656859449
-23.646555023;-46.979381389;912.4;34230;9.775806174957127;971.575806174957;Line 254;0;72.9948656859449
-23.64647941;-46.979099071;916.1;34200;9.767238421955412;971.5672384219554;Line 254;0;72.9948656859449
-23.646403796;-46.978816754;917.4;34170;9.758670668953698;971.5586706689537;Line 254;0;72.9948656859449
-23.646328182;-46.978534437;917.8;34140;9.750102915951983;971.5501029159519;Line 254;0;72.9948656859449
-23.646252567;-46.97825212;916.2;34110;9.741535162950266;971.5415351629503;Line 254;0;72.9948656859449
-23.646176951;-46.977969804;911.7;34080;9.73296740994855;971.5329674099485;Line 254;0;72.9948656859449
-23.646101336;-46.977687488;907.1;34050;9.724399656946835;971.5243996569468;Line 254;0;72.9948656859449
-23.646025719;-46.977405172;901.4;34020;9.715831903945121;971.5158319039451;Line 254;0;72.9948656859449
-23.645950102;-46.977122857;894.3;33990;9.707264150943406;971.5072641509433;Line 254;0;72.9948656859449
-23.645874485;-46.976840542;887.7;33960;9.69869639794169;971.4986963979417;Line 254;0;72.9948656859449
-23.645798867;-46.976558227;885.8;33930;9.690128644939975;971.4901286449399;Line 254;0;72.9948656859449
-23.645723248;-46.976275912;890.7;33900;9.68156089193826;971.4815608919382;Line 254;0;72.9948656859449
-23.645647629;-46.975993598;896.1;33870;9.672993138936544;971.4729931389365;Line 254;0;72.9948656859449
-23.645572009;-46.975711284;899.9;33840;9.664425385934829;971.4644253859348;Line 254;0;72.9948656859449
-23.645496389;-46.97542897;901.1;33810;9.655857632933113;971.4558576329331;Line 254;0;72.9948656859449
-23.645420768;-46.975146657;902.3;33780;9.647289879931398;971.4472898799313;Line 254;0;72.9948656859449
-23.645345147;-46.974864344;903.5;33750;9.638722126929682;971.4387221269296;Line 254;0;72.9948656859449
-23.645269525;-46.974582031;904.2;33720;9.630154373927967;971.430154373928;Line 254;0;72.9948656859449
-23.645193903;-46.974299718;904.4;33690;9.621586620926253;971.4215866209262;Line 254;0;72.9948656859449
-23.64511828;-46.974017406;903.2;33660;9.613018867924538;971.4130188679245;Line 254;0;72.9948656859449
-23.645042657;-46.973735094;901.1;33630;9.604451114922822;971.4044511149227;Line 254;0;72.9948656859449
-23.644967033;-46.973452782;898.8;33600;9.595883361921105;971.395883361921;Line 254;0;72.9948656859449
-23.644891408;-46.973170471;894.8;33570;9.58731560891939;971.3873156089194;Line 254;0;72.9948656859449
-23.644815783;-46.97288816;889.6;33540;9.578747855917676;971.3787478559176;Line 254;0;72.9948656859449
-23.644740158;-46.972605849;884.1;33510;9.57018010291596;971.3701801029159;Line 254;0;72.9948656859449
-23.644664532;-46.972323538;881.5;33480;9.561612349914245;971.3616123499143;Line 254;0;72.9948656859449
-23.644588905;-46.972041228;880.2;33450;9.55304459691253;971.3530445969125;Line 254;0;72.9948656859449
-23.644513278;-46.971758918;878.6;33420;9.544476843910815;971.3444768439108;Line 254;0;72.9948656859449
-23.64443765;-46.971476608;877.9;33390;9.5359090909091;971.335909090909;Line 254;0;72.9948656859449
-23.644362022;-46.971194299;877.7;33360;9.527341337907385;971.3273413379073;Line 254;0;72.9948656859449
-23.644286393;-46.97091199;877.4;33330;9.518773584905668;971.3187735849057;Line 254;0;72.9948656859449
-23.644210764;-46.970629681;876.5;33300;9.510205831903953;971.3102058319039;Line 254;0;72.9948656859449
-23.644135134;-46.970347372;874.8;33270;9.501638078902237;971.3016380789022;Line 254;0;72.9948656859449
-23.644059504;-46.970065064;872.7;33240;9.493070325900524;971.2930703259004;Line 254;0;72.9948656859449
-23.643983873;-46.969782756;869.8;33210;9.484502572898808;971.2845025728988;Line 254;0;72.9948656859449
-23.643908241;-46.969500448;866.5;33180;9.475934819897093;971.2759348198971;Line 254;0;72.9948656859449
-23.643832609;-46.969218141;863.0;33150;9.467367066895378;971.2673670668953;Line 254;0;72.9948656859449
-23.643756977;-46.968935834;861.1;33120;9.458799313893662;971.2587993138936;Line 254;0;72.9948656859449
-23.643681344;-46.968653527;859.9;33090;9.450231560891947;971.2502315608918;Line 254;0;72.9948656859449
-23.64360571;-46.968371221;858.9;33060;9.441663807890231;971.2416638078902;Line 254;0;72.9948656859449
-23.643530076;-46.968088914;854.7;33030;9.433096054888516;971.2330960548885;Line 254;0;72.9948656859449
-23.643454441;-46.967806608;850.4;33000;9.4245283018868;971.2245283018867;Line 254;0;72.9948656859449
-23.643378806;-46.967524303;846.5;32970;9.415960548885085;971.215960548885;Line 254;0;72.9948656859449
-23.64330317;-46.967241997;839.3;32940;9.407392795883371;971.2073927958834;Line 254;0;72.9948656859449
-23.643227534;-46.966959692;831.6;32910;9.398825042881656;971.1988250428816;Line 254;0;72.9948656859449
-23.643151897;-46.966677387;823.2;32880;9.39025728987994;971.1902572898799;Line 254;0;72.9948656859449
-23.64307626;-46.966395083;821.0;32850;9.381689536878225;971.1816895368781;Line 254;0;72.9948656859449
-23.643000622;-46.966112779;818.4;32820;9.373121783876508;971.1731217838765;Line 254;0;72.9948656859449
-23.642924983;-46.965830475;815.1;32790;9.364554030874794;971.1645540308748;Line 254;0;72.9948656859449
-23.642849344;-46.965548171;811.0;32760;9.355986277873079;971.155986277873;Line 254;0;72.9948656859449
-23.642773705;-46.965265868;807.0;32730;9.347418524871363;971.1474185248713;Line 254;0;72.9948656859449
-23.642698065;-46.964983565;803.1;32700;9.338850771869648;971.1388507718696;Line 254;0;72.9948656859449
-23.642622424;-46.964701262;798.3;32670;9.330283018867933;971.1302830188679;Line 254;0;72.9948656859449
-23.642546783;-46.964418959;793.7;32640;9.321715265866219;971.1217152658662;Line 254;0;72.9948656859449
-23.642471141;-46.964136657;791.1;32610;9.313147512864504;971.1131475128644;Line 254;0;72.9948656859449
-23.642395499;-46.963854355;794.6;32580;9.304579759862788;971.1045797598628;Line 254;0;72.9948656859449
-23.642319857;-46.963572054;798.3;32550;9.296012006861071;971.096012006861;Line 254;0;72.9948656859449
-23.642244213;-46.963289752;802.0;32520;9.287444253859356;971.0874442538593;Line 254;0;72.9948656859449
-23.64216857;-46.963007451;804.0;32490;9.27887650085764;971.0788765008576;Line 254;0;72.9948656859449
-23.642092925;-46.96272515;805.6;32460;9.270308747855927;971.0703087478558;Line 254;0;72.9948656859449
-23.64201728;-46.96244285;806.7;32430;9.261740994854211;971.0617409948542;Line 254;0;72.9948656859449
-23.641941635;-46.96216055;806.8;32400;9.253173241852496;971.0531732418525;Line 254;0;72.9948656859449
-23.641865989;-46.96187825;806.5;32370;9.24460548885078;971.0446054888507;Line 254;0;72.9948656859449
-23.641790342;-46.96159595;806.2;32340;9.236037735849065;971.036037735849;Line 254;0;72.9948656859449
-23.641714695;-46.961313651;806.6;32310;9.227469982847351;971.0274699828473;Line 254;0;72.9948656859449
-23.641639048;-46.961031352;807.1;32280;9.218902229845634;971.0189022298456;Line 254;0;72.9948656859449
-23.6415634;-46.960749053;806.8;32250;9.210334476843919;971.0103344768439;Line 254;0;72.9948656859449
-23.641487751;-46.960466755;803.4;32220;9.201766723842203;971.0017667238421;Line 254;0;72.9948656859449
-23.641412102;-46.960184456;799.7;32190;9.193198970840488;970.9931989708405;Line 254;0;72.9948656859449
-23.641336452;-46.959902158;796.3;32160;9.184631217838774;970.9846312178387;Line 254;0;72.9948656859449
-23.641260802;-46.959619861;793.6;32130;9.176063464837059;970.976063464837;Line 254;0;72.9948656859449
-23.641185151;-46.959337564;790.2;32100;9.167495711835343;970.9674957118353;Line 254;0;72.9948656859449
-23.6411095;-46.959055266;787.3;32070;9.158927958833628;970.9589279588336;Line 254;0;72.9948656859449
-23.641033848;-46.95877297;785.5;32040;9.150360205831912;970.9503602058319;Line 254;0;72.9948656859449
-23.640958196;-46.958490673;783.1;32010;9.141792452830197;970.9417924528301;Line 254;0;72.9948656859449
-23.640882543;-46.958208377;782.1;31980;9.133224699828482;970.9332246998284;Line 254;0;72.9948656859449
-23.640806889;-46.957926081;783.8;31950;9.124656946826766;970.9246569468268;Line 254;0;72.9948656859449
-23.640731235;-46.957643786;786.2;31920;9.11608919382505;970.916089193825;Line 254;0;72.9948656859449
-23.640655581;-46.95736149;787.2;31890;9.107521440823335;970.9075214408233;Line 254;0;72.9948656859449
-23.640579926;-46.957079195;786.1;31860;9.098953687821622;970.8989536878216;Line 254;0;72.9948656859449
-23.64050427;-46.956796901;784.7;31830;9.090385934819906;970.8903859348198;Line 254;0;72.9948656859449
-23.640428614;-46.956514606;783.6;31800;9.081818181818191;970.8818181818182;Line 254;0;72.9948656859449
-23.640352957;-46.956232312;783.1;31770;9.073250428816474;970.8732504288164;Line 254;0;72.9948656859449
-23.6402773;-46.955950018;782.6;31740;9.064682675814758;970.8646826758147;Line 254;0;72.9948656859449
-23.640201642;-46.955667725;780.9;31710;9.056114922813045;970.856114922813;Line 254;0;72.9948656859449
-23.640125984;-46.955385431;777.9;31680;9.04754716981133;970.8475471698113;Line 254;0;72.9948656859449
-23.640050325;-46.955103138;774.4;31650;9.038979416809614;970.8389794168096;Line 254;0;72.9948656859449
-23.639974666;-46.954820846;772.6;31620;9.030411663807898;970.8304116638078;Line 254;0;72.9948656859449
-23.639899006;-46.954538553;772.0;31590;9.021843910806183;970.8218439108061;Line 254;0;72.9948656859449
-23.639823345;-46.954256261;771.1;31560;9.01327615780447;970.8132761578045;Line 254;0;72.9948656859449
-23.639747685;-46.953973969;771.2;31530;9.004708404802754;970.8047084048027;Line 254;0;72.9948656859449
-23.639672023;-46.953691678;771.9;31500;8.996140651801037;970.796140651801;Line 254;0;72.9948656859449
-23.639596361;-46.953409386;772.4;31470;8.987572898799321;970.7875728987992;Line 254;0;72.9948656859449
-23.639520698;-46.953127095;774.0;31440;8.979005145797606;970.7790051457976;Line 254;0;72.9948656859449
-23.639445035;-46.952844805;776.0;31410;8.970437392795892;970.7704373927959;Line 254;0;72.9948656859449
-23.639369372;-46.952562514;777.8;31380;8.961869639794177;970.7618696397941;Line 254;0;72.9948656859449
-23.639293707;-46.952280224;782.3;31350;8.953301886792461;970.7533018867924;Line 254;0;72.9948656859449
-23.639218043;-46.951997934;787.7;31320;8.944734133790746;970.7447341337906;Line 254;0;72.9948656859449
-23.639142377;-46.951715645;792.9;31290;8.93616638078903;970.736166380789;Line 254;0;72.9948656859449
-23.639066712;-46.951433356;794.2;31260;8.927598627787315;970.7275986277873;Line 254;0;72.9948656859449
-23.638991045;-46.951151067;794.3;31230;8.9190308747856;970.7190308747855;Line 254;0;72.9948656859449
-23.638915378;-46.950868778;794.0;31200;8.910463121783884;970.7104631217838;Line 254;0;72.9948656859449
-23.638839711;-46.95058649;791.4;31170;8.901895368782169;970.7018953687822;Line 254;0;72.9948656859449
-23.638764043;-46.950304201;789.1;31140;8.893327615780453;970.6933276157804;Line 254;0;72.9948656859449
-23.638688375;-46.950021914;787.4;31110;8.884759862778738;970.6847598627787;Line 254;0;72.9948656859449
-23.638612706;-46.949739626;785.9;31080;8.876192109777024;970.6761921097769;Line 254;0;72.9948656859449
-23.638537036;-46.949457339;784.6;31050;8.867624356775309;970.6676243567753;Line 254;0;72.9948656859449
-23.638461366;-46.949175052;783.7;31020;8.859056603773594;970.6590566037736;Line 254;0;72.9948656859449
-23.638385695;-46.948892765;786.8;30990;8.850488850771876;970.6504888507718;Line 254;0;72.9948656859449
-23.638310024;-46.948610479;790.5;30960;8.841921097770161;970.6419210977701;Line 254;0;72.9948656859449
-23.638234352;-46.948328193;794.5;30930;8.833353344768447;970.6333533447684;Line 254;0;72.9948656859449
-23.63815868;-46.948045907;801.1;30900;8.824785591766732;970.6247855917667;Line 254;0;72.9948656859449
-23.638083007;-46.947763622;806.7;30870;8.816217838765017;970.616217838765;Line 254;0;72.9948656859449
-23.638007334;-46.947481336;811.6;30840;8.807650085763301;970.6076500857632;Line 254;0;72.9948656859449
-23.63793166;-46.947199051;817.0;30810;8.799082332761586;970.5990823327616;Line 254;0;72.9948656859449
-23.637855986;-46.946916767;822.4;30780;8.790514579759872;970.5905145797599;Line 254;0;72.9948656859449
-23.637780311;-46.946634482;827.3;30750;8.781946826758157;970.5819468267581;Line 254;0;72.9948656859449
-23.637704636;-46.946352198;830.1;30720;8.77337907375644;970.5733790737564;Line 254;0;72.9948656859449
-23.63762896;-46.946069915;833.2;30690;8.764811320754724;970.5648113207546;Line 254;0;72.9948656859449
-23.637553283;-46.945787631;835.4;30660;8.756243567753009;970.556243567753;Line 254;0;72.9948656859449
-23.637477606;-46.945505348;831.9;30630;8.747675814751295;970.5476758147513;Line 254;0;72.9948656859449
-23.637401928;-46.945223065;827.9;30600;8.73910806174958;970.5391080617495;Line 254;0;72.9948656859449
-23.63732625;-46.944940782;823.2;30570;8.730540308747864;970.5305403087478;Line 254;0;72.9948656859449
-23.637250572;-46.9446585;815.1;30540;8.721972555746149;970.5219725557461;Line 254;0;72.9948656859449
-23.637174892;-46.944376218;806.8;30510;8.713404802744433;970.5134048027444;Line 254;0;72.9948656859449
-23.637099213;-46.944093936;799.2;30480;8.70483704974272;970.5048370497427;Line 254;0;72.9948656859449
-23.637023532;-46.943811655;794.2;30450;8.696269296741002;970.4962692967409;Line 254;0;72.9948656859449
-23.636947851;-46.943529374;789.0;30420;8.687701543739287;970.4877015437393;Line 254;0;72.9948656859449
-23.63687217;-46.943247093;785.8;30390;8.679133790737572;970.4791337907375;Line 254;0;72.9948656859449
-23.636796488;-46.942964812;788.7;30360;8.670566037735856;970.4705660377358;Line 254;0;72.9948656859449
-23.636720806;-46.942682532;792.7;30330;8.661998284734143;970.4619982847341;Line 254;0;72.9948656859449
-23.636645123;-46.942400252;797.7;30300;8.653430531732427;970.4534305317324;Line 254;0;72.9948656859449
-23.636569439;-46.942117972;801.8;30270;8.644862778730712;970.4448627787307;Line 254;0;72.9948656859449
-23.636493755;-46.941835693;805.1;30240;8.636295025728996;970.4362950257289;Line 254;0;72.9948656859449
-23.636418071;-46.941553413;805.4;30210;8.627727272727281;970.4277272727272;Line 254;0;72.9948656859449
-23.636342386;-46.941271135;802.7;30180;8.619159519725565;970.4191595197256;Line 254;0;72.9948656859449
-23.6362667;-46.940988856;800.9;30150;8.61059176672385;970.4105917667238;Line 254;0;72.9948656859449
-23.636191014;-46.940706578;801.0;30120;8.602024013722135;970.4020240137221;Line 254;0;72.9948656859449
-23.636115327;-46.9404243;803.1;30090;8.59345626072042;970.3934562607204;Line 254;0;72.9948656859449
-23.63603964;-46.940142022;805.8;30060;8.584888507718704;970.3848885077186;Line 254;0;72.9948656859449
-23.635963952;-46.939859745;809.4;30030;8.576320754716988;970.376320754717;Line 254;0;72.9948656859449
-23.635888264;-46.939577467;813.3;30000;8.567753001715275;970.3677530017152;Line 254;0;72.9948656859449
-23.635812575;-46.939295191;817.2;29970;8.55918524871356;970.3591852487135;Line 254;0;72.9948656859449
-23.635736885;-46.939012914;820.3;29940;8.550617495711842;970.3506174957118;Line 254;0;72.9948656859449
-23.635661196;-46.938730638;822.9;29910;8.542049742710127;970.3420497427101;Line 254;0;72.9948656859449
-23.635585505;-46.938448362;825.5;29880;8.533481989708411;970.3334819897084;Line 254;0;72.9948656859449
-23.635509814;-46.938166086;829.2;29850;8.524914236706698;970.3249142367066;Line 254;0;72.9948656859449
-23.635434123;-46.937883811;833.2;29820;8.516346483704982;970.3163464837049;Line 254;0;72.9948656859449
-23.63535843;-46.937601536;837.1;29790;8.507778730703267;970.3077787307033;Line 254;0;72.9948656859449
-23.635282738;-46.937319261;839.9;29760;8.499210977701551;970.2992109777015;Line 254;0;72.9948656859449
-23.635207045;-46.937036986;842.3;29730;8.490643224699836;970.2906432246998;Line 254;0;72.9948656859449
-23.635131351;-46.936754712;844.6;29700;8.482075471698122;970.282075471698;Line 254;0;72.9948656859449
-23.635055657;-46.936472438;841.8;29670;8.473507718696405;970.2735077186964;Line 254;0;72.9948656859449
-23.634979962;-46.936190164;836.9;29640;8.46493996569469;970.2649399656947;Line 254;0;72.9948656859449
-23.634904267;-46.935907891;832.1;29610;8.456372212692974;970.2563722126929;Line 254;0;72.9948656859449
-23.634828571;-46.935625618;824.8;29580;8.447804459691259;970.2478044596912;Line 254;0;72.9948656859449
-23.634752875;-46.935343345;816.8;29550;8.439236706689545;970.2392367066896;Line 254;0;72.9948656859449
-23.634677178;-46.935061072;809.1;29520;8.43066895368783;970.2306689536878;Line 254;0;72.9948656859449
-23.63460148;-46.9347788;803.4;29490;8.422101200686114;970.2221012006861;Line 254;0;72.9948656859449
-23.634525782;-46.934496528;797.9;29460;8.413533447684399;970.2135334476843;Line 254;0;72.9948656859449
-23.634450084;-46.934214257;792.0;29430;8.404965694682684;970.2049656946826;Line 254;0;72.9948656859449
-23.634374385;-46.933931985;791.4;29400;8.396397941680968;970.196397941681;Line 254;0;72.9948656859449
-23.634298685;-46.933649714;791.4;29370;8.387830188679253;970.1878301886792;Line 254;0;72.9948656859449
-23.634222985;-46.933367443;790.7;29340;8.379262435677537;970.1792624356775;Line 254;0;72.9948656859449
-23.634147284;-46.933085173;792.8;29310;8.370694682675822;970.1706946826757;Line 254;0;72.9948656859449
-23.634071583;-46.932802903;795.4;29280;8.362126929674107;970.1621269296741;Line 254;0;72.9948656859449
-23.633995881;-46.932520633;797.5;29250;8.353559176672393;970.1535591766724;Line 254;0;72.9948656859449
-23.633920179;-46.932238363;800.7;29220;8.344991423670677;970.1449914236706;Line 254;0;72.9948656859449
-23.633844476;-46.931956094;804.0;29190;8.336423670668962;970.1364236706689;Line 254;0;72.9948656859449
-23.633768773;-46.931673825;807.2;29160;8.327855917667245;970.1278559176671;Line 254;0;72.9948656859449
-23.633693069;-46.931391556;808.6;29130;8.31928816466553;970.1192881646655;Line 254;0;72.9948656859449
-23.633617365;-46.931109287;810.2;29100;8.310720411663816;970.1107204116638;Line 254;0;72.9948656859449
-23.63354166;-46.930827019;811.9;29070;8.3021526586621;970.102152658662;Line 254;0;72.9948656859449
-23.633465954;-46.930544751;808.4;29040;8.293584905660385;970.0935849056604;Line 254;0;72.9948656859449
-23.633390248;-46.930262484;805.0;29010;8.28501715265867;970.0850171526587;Line 254;0;72.9948656859449
-23.633314542;-46.929980216;801.6;28980;8.276449399656954;970.0764493996569;Line 254;0;72.9948656859449
-23.633238835;-46.929697949;795.9;28950;8.26788164665524;970.0678816466552;Line 254;0;72.9948656859449
-23.633163127;-46.929415683;790.2;28920;8.259313893653525;970.0593138936534;Line 254;0;72.9948656859449
-23.633087419;-46.929133416;785.5;28890;8.250746140651808;970.0507461406518;Line 254;0;72.9948656859449
-23.63301171;-46.92885115;788.2;28860;8.242178387650092;970.0421783876501;Line 254;0;72.9948656859449
-23.632936001;-46.928568884;790.7;28830;8.233610634648377;970.0336106346483;Line 254;0;72.9948656859449
-23.632860291;-46.928286619;793.5;28800;8.225042881646662;970.0250428816466;Line 254;0;72.9948656859449
-23.632784581;-46.928004353;798.6;28770;8.216475128644948;970.0164751286449;Line 254;0;72.9948656859449
-23.63270887;-46.927722088;803.8;28740;8.207907375643233;970.0079073756432;Line 254;0;72.9948656859449
-23.632633159;-46.927439823;807.8;28710;8.199339622641517;969.9993396226415;Line 254;0;72.9948656859449
-23.632557447;-46.927157559;807.2;28680;8.190771869639802;969.9907718696397;Line 254;0;72.9948656859449
-23.632481734;-46.926875295;807.1;28650;8.182204116638086;969.9822041166381;Line 254;0;72.9948656859449
-23.632406021;-46.926593031;805.8;28620;8.173636363636371;969.9736363636363;Line 254;0;72.9948656859449
-23.632330308;-46.926310767;800.0;28590;8.165068610634655;969.9650686106346;Line 254;0;72.9948656859449
-23.632254594;-46.926028504;794.0;28560;8.15650085763294;969.9565008576329;Line 254;0;72.9948656859449
-23.632178879;-46.925746241;789.4;28530;8.147933104631225;969.9479331046311;Line 254;0;72.9948656859449
-23.632103164;-46.925463978;788.4;28500;8.13936535162951;969.9393653516295;Line 254;0;72.9948656859449
-23.632027448;-46.925181716;787.4;28470;8.130797598627796;969.9307975986278;Line 254;0;72.9948656859449
-23.631951732;-46.924899454;788.3;28440;8.12222984562608;969.922229845626;Line 254;0;72.9948656859449
-23.631876015;-46.924617192;792.7;28410;8.113662092624365;969.9136620926243;Line 254;0;72.9948656859449
-23.631800298;-46.924334931;797.2;28380;8.10509433962265;969.9050943396226;Line 254;0;72.9948656859449
-23.63172458;-46.924052669;800.4;28350;8.096526586620932;969.8965265866209;Line 254;0;72.9948656859449
-23.631648862;-46.923770408;800.7;28320;8.087958833619219;969.8879588336192;Line 254;0;72.9948656859449
-23.631573143;-46.923488148;799.9;28290;8.079391080617503;969.8793910806174;Line 254;0;72.9948656859449
-23.631497424;-46.923205887;797.3;28260;8.070823327615788;969.8708233276158;Line 254;0;72.9948656859449
-23.631421704;-46.922923627;793.1;28230;8.062255574614072;969.862255574614;Line 254;0;72.9948656859449
-23.631345983;-46.922641367;788.8;28200;8.053687821612357;969.8536878216123;Line 254;0;72.9948656859449
-23.631270262;-46.922359108;785.3;28170;8.045120068610643;969.8451200686106;Line 254;0;72.9948656859449
-23.631194541;-46.922076849;783.3;28140;8.036552315608928;969.8365523156089;Line 254;0;72.9948656859449
-23.631118819;-46.92179459;782.1;28110;8.02798456260721;969.8279845626072;Line 254;0;72.9948656859449
-23.631043096;-46.921512331;782.4;28080;8.019416809605495;969.8194168096054;Line 254;0;72.9948656859449
-23.630967373;-46.921230073;783.5;28050;8.01084905660378;969.8108490566037;Line 254;0;72.9948656859449
-23.630891649;-46.920947814;784.6;28020;8.002281303602066;969.8022813036021;Line 254;0;72.9948656859449
-23.630815925;-46.920665557;786.2;27990;7.993713550600351;969.7937135506003;Line 254;0;72.9948656859449
-23.6307402;-46.920383299;788.5;27960;7.985145797598635;969.7851457975986;Line 254;0;72.9948656859449
-23.630664475;-46.920101042;791.0;27930;7.97657804459692;969.7765780445968;Line 254;0;72.9948656859449
-23.630588749;-46.919818785;793.7;27900;7.968010291595204;969.7680102915951;Line 254;0;72.9948656859449
-23.630513023;-46.919536528;796.7;27870;7.95944253859349;969.7594425385935;Line 254;0;72.9948656859449
-23.630437296;-46.919254272;800.0;27840;7.9508747855917745;969.7508747855917;Line 254;0;72.9948656859449
-23.630361568;-46.918972016;805.3;27810;7.942307032590059;969.74230703259;Line 254;0;72.9948656859449
-23.63028584;-46.91868976;811.6;27780;7.933739279588343;969.7337392795883;Line 254;0;72.9948656859449
-23.630210112;-46.918407505;818.0;27750;7.925171526586627;969.7251715265866;Line 254;0;72.9948656859449
-23.630134383;-46.918125249;821.0;27720;7.916603773584914;969.7166037735849;Line 254;0;72.9948656859449
-23.630058653;-46.917842995;822.0;27690;7.908036020583198;969.7080360205831;Line 254;0;72.9948656859449
-23.629982923;-46.91756074;821.8;27660;7.899468267581482;969.6994682675814;Line 254;0;72.9948656859449
-23.629907192;-46.917278486;818.5;27630;7.890900514579767;969.6909005145798;Line 254;0;72.9948656859449
-23.629831461;-46.916996232;814.5;27600;7.882332761578051;969.682332761578;Line 254;0;72.9948656859449
-23.629755729;-46.916713978;810.4;27570;7.8737650085763375;969.6737650085763;Line 254;0;72.9948656859449
-23.629679997;-46.916431724;808.3;27540;7.865197255574622;969.6651972555745;Line 254;0;72.9948656859449
-23.629604264;-46.916149471;807.2;27510;7.856629502572906;969.6566295025729;Line 254;0;72.9948656859449
-23.629528531;-46.915867218;806.7;27480;7.84806174957119;969.6480617495712;Line 254;0;72.9948656859449
-23.629452797;-46.915584966;805.9;27450;7.839493996569475;969.6394939965694;Line 254;0;72.9948656859449
-23.629377063;-46.915302713;805.7;27420;7.83092624356776;969.6309262435677;Line 254;0;72.9948656859449
-23.629301328;-46.915020461;806.0;27390;7.822358490566045;969.622358490566;Line 254;0;72.9948656859449
-23.629225592;-46.91473821;805.1;27360;7.81379073756433;969.6137907375643;Line 254;0;72.9948656859449
-23.629149856;-46.914455958;804.0;27330;7.805222984562614;969.6052229845626;Line 254;0;72.9948656859449
-23.629074119;-46.914173707;803.7;27300;7.796655231560899;969.5966552315608;Line 254;0;72.9948656859449
-23.628998382;-46.913891456;807.1;27270;7.788087478559183;969.5880874785591;Line 254;0;72.9948656859449
-23.628922645;-46.913609206;810.9;27240;7.779519725557469;969.5795197255575;Line 254;0;72.9948656859449
-23.628846907;-46.913326955;815.1;27210;7.770951972555753;969.5709519725557;Line 254;0;72.9948656859449
-23.628771168;-46.913044705;818.7;27180;7.762384219554038;969.562384219554;Line 254;0;72.9948656859449
-23.628695429;-46.912762456;822.4;27150;7.753816466552323;969.5538164665522;Line 254;0;72.9948656859449
-23.628619689;-46.912480206;826.2;27120;7.745248713550606;969.5452487135506;Line 254;0;72.9948656859449
-23.628543949;-46.912197957;830.4;27090;7.736680960548893;969.5366809605489;Line 254;0;72.9948656859449
-23.628468208;-46.911915708;834.2;27060;7.728113207547177;969.5281132075471;Line 254;0;72.9948656859449
-23.628392466;-46.91163346;837.8;27030;7.719545454545462;969.5195454545454;Line 254;0;72.9948656859449
-23.628316724;-46.911351211;840.3;27000;7.7109777015437455;969.5109777015437;Line 254;0;72.9948656859449
-23.628240982;-46.911068963;840.6;26970;7.70240994854203;969.502409948542;Line 254;0;72.9948656859449
-23.628165239;-46.910786716;840.9;26940;7.6938421955403165;969.4938421955403;Line 254;0;72.9948656859449
-23.628089495;-46.910504468;843.8;26910;7.685274442538601;969.4852744425385;Line 254;0;72.9948656859449
-23.628013751;-46.910222221;846.7;26880;7.676706689536886;969.4767066895369;Line 254;0;72.9948656859449
-23.627938007;-46.909939975;849.0;26850;7.668138936535169;969.4681389365351;Line 254;0;72.9948656859449
-23.627862262;-46.909657728;848.6;26820;7.659571183533454;969.4595711835334;Line 254;0;72.9948656859449
-23.627786516;-46.909375482;848.7;26790;7.65100343053174;969.4510034305317;Line 254;0;72.9948656859449
-23.62771077;-46.909093236;847.3;26760;7.642435677530025;969.4424356775299;Line 254;0;72.9948656859449
-23.627635023;-46.90881099;841.1;26730;7.6338679245283085;969.4338679245283;Line 254;0;72.9948656859449
-23.627559276;-46.908528745;834.6;26700;7.625300171526593;969.4253001715266;Line 254;0;72.9948656859449
-23.627483528;-46.9082465;829.0;26670;7.616732418524878;969.4167324185248;Line 254;0;72.9948656859449
-23.62740778;-46.907964255;825.8;26640;7.608164665523164;969.4081646655231;Line 254;0;72.9948656859449
-23.627332031;-46.90768201;823.3;26610;7.599596912521448;969.3995969125214;Line 254;0;72.9948656859449
-23.627256281;-46.907399766;822.6;26580;7.591029159519732;969.3910291595197;Line 254;0;72.9948656859449
-23.627180531;-46.907117522;824.2;26550;7.582461406518017;969.382461406518;Line 254;0;72.9948656859449
-23.627104781;-46.906835279;825.3;26520;7.5738936535163015;969.3738936535162;Line 254;0;72.9948656859449
-23.62702903;-46.906553035;824.2;26490;7.565325900514587;969.3653259005146;Line 254;0;72.9948656859449
-23.626953278;-46.906270792;819.6;26460;7.556758147512872;969.3567581475128;Line 254;0;72.9948656859449
-23.626877526;-46.905988549;814.0;26430;7.548190394511156;969.3481903945111;Line 254;0;72.9948656859449
-23.626801774;-46.905706307;811.0;26400;7.539622641509441;969.3396226415094;Line 254;0;72.9948656859449
-23.62672602;-46.905424065;811.8;26370;7.531054888507725;969.3310548885077;Line 254;0;72.9948656859449
-23.626650267;-46.905141823;812.4;26340;7.522487135506011;969.322487135506;Line 254;0;72.9948656859449
-23.626574513;-46.904859581;813.6;26310;7.513919382504295;969.3139193825042;Line 254;0;72.9948656859449
-23.626498758;-46.90457734;814.5;26280;7.50535162950258;969.3053516295025;Line 254;0;72.9948656859449
-23.626423002;-46.904295099;815.1;26250;7.4967838765008645;969.2967838765009;Line 254;0;72.9948656859449
-23.626347247;-46.904012858;817.7;26220;7.488216123499149;969.2882161234991;Line 254;0;72.9948656859449
-23.62627149;-46.903730618;822.6;26190;7.479648370497434;969.2796483704974;Line 254;0;72.9948656859449
-23.626195733;-46.903448378;828.1;26160;7.471080617495718;969.2710806174957;Line 254;0;72.9948656859449
-23.626119976;-46.903166138;835.2;26130;7.462512864494004;969.2625128644939;Line 254;0;72.9948656859449
-23.626044218;-46.902883898;843.6;26100;7.453945111492288;969.2539451114923;Line 254;0;72.9948656859449
-23.625968459;-46.902601659;852.5;26070;7.445377358490573;969.2453773584905;Line 254;0;72.9948656859449
-23.6258927;-46.90231942;859.4;26040;7.4368096054888575;969.2368096054888;Line 254;0;72.9948656859449
-23.625816941;-46.902037181;864.5;26010;7.428241852487142;969.2282418524871;Line 254;0;72.9948656859449
-23.625741181;-46.901754943;867.9;25980;7.4196740994854276;969.2196740994854;Line 254;0;72.9948656859449
-23.62566542;-46.901472705;867.5;25950;7.411106346483711;969.2111063464837;Line 254;0;72.9948656859449
-23.625589659;-46.901190467;865.2;25920;7.402538593481996;969.2025385934819;Line 254;0;72.9948656859449
-23.625513897;-46.900908229;862.9;25890;7.393970840480281;969.1939708404802;Line 254;0;72.9948656859449
-23.625438135;-46.900625992;860.9;25860;7.385403087478566;969.1854030874786;Line 254;0;72.9948656859449
-23.625362372;-46.900343755;859.7;25830;7.3768353344768505;969.1768353344768;Line 254;0;72.9948656859449
-23.625286609;-46.900061518;859.2;25800;7.368267581475135;969.1682675814751;Line 254;0;72.9948656859449
-23.625210845;-46.899779282;857.9;25770;7.35969982847342;969.1596998284733;Line 254;0;72.9948656859449
-23.62513508;-46.899497046;857.5;25740;7.351132075471705;969.1511320754717;Line 254;0;72.9948656859449
-23.625059315;-46.89921481;858.3;25710;7.34256432246999;969.14256432247;Line 254;0;72.9948656859449
-23.62498355;-46.898932574;853.1;25680;7.333996569468274;969.1339965694682;Line 254;0;72.9948656859449
-23.624907784;-46.898650339;847.0;25650;7.325428816466559;969.1254288164665;Line 254;0;72.9948656859449
-23.624832017;-46.898368104;842.8;25620;7.316861063464843;969.1168610634649;Line 254;0;72.9948656859449
-23.62475625;-46.898085869;835.9;25590;7.308293310463129;969.1082933104631;Line 254;0;72.9948656859449
-23.624680483;-46.897803635;828.9;25560;7.299725557461413;969.0997255574614;Line 254;0;72.9948656859449
-23.624604714;-46.897521401;822.4;25530;7.291157804459698;969.0911578044596;Line 254;0;72.9948656859449
-23.624528946;-46.897239167;815.2;25500;7.282590051457983;969.0825900514579;Line 254;0;72.9948656859449
-23.624453177;-46.896956934;807.1;25470;7.274022298456267;969.0740222984563;Line 254;0;72.9948656859449
-23.624377407;-46.8966747;798.3;25440;7.265454545454553;969.0654545454545;Line 254;0;72.9948656859449
-23.624301636;-46.896392468;794.6;25410;7.256886792452836;969.0568867924528;Line 254;0;72.9948656859449
-23.624225866;-46.896110235;789.8;25380;7.248319039451122;969.048319039451;Line 254;0;72.9948656859449
-23.624150094;-46.895828003;784.0;25350;7.2397512864494065;969.0397512864494;Line 254;0;72.9948656859449
-23.624074322;-46.895545771;784.8;25320;7.231183533447691;969.0311835334477;Line 254;0;72.9948656859449
-23.62399855;-46.895263539;785.3;25290;7.222615780445976;969.0226157804459;Line 254;0;72.9948656859449
-23.623922777;-46.894981307;785.6;25260;7.21404802744426;969.0140480274442;Line 254;0;72.9948656859449
-23.623847003;-46.894699076;788.4;25230;7.205480274442545;969.0054802744424;Line 254;0;72.9948656859449
-23.623771229;-46.894416845;791.4;25200;7.19691252144083;968.9969125214408;Line 254;0;72.9948656859449
-23.623695455;-46.894134615;794.2;25170;7.188344768439114;968.9883447684391;Line 254;0;72.9948656859449
-23.62361968;-46.893852384;794.2;25140;7.179777015437399;968.9797770154373;Line 254;0;72.9948656859449
-23.623543904;-46.893570154;793.7;25110;7.171209262435684;968.9712092624357;Line 254;0;72.9948656859449
-23.623468128;-46.893287924;793.4;25080;7.162641509433969;968.962641509434;Line 254;0;72.9948656859449
-23.623392351;-46.893005695;797.3;25050;7.154073756432254;968.9540737564322;Line 254;0;72.9948656859449
-23.623316574;-46.892723466;801.4;25020;7.145506003430538;968.9455060034305;Line 254;0;72.9948656859449
-23.623240796;-46.892441237;804.5;24990;7.136938250428823;968.9369382504287;Line 254;0;72.9948656859449
-23.623165018;-46.892159008;804.9;24960;7.128370497427108;968.9283704974271;Line 254;0;72.9948656859449
-23.623089239;-46.89187678;805.1;24930;7.119802744425392;968.9198027444254;Line 254;0;72.9948656859449
-23.62301346;-46.891594552;805.2;24900;7.111234991423677;968.9112349914236;Line 254;0;72.9948656859449
-23.62293768;-46.891312324;805.7;24870;7.102667238421962;968.9026672384219;Line 254;0;72.9948656859449
-23.622861899;-46.891030097;806.4;24840;7.094099485420247;968.8940994854202;Line 254;0;72.9948656859449
-23.622786118;-46.89074787;805.9;24810;7.085531732418532;968.8855317324185;Line 254;0;72.9948656859449
-23.622710337;-46.890465643;803.1;24780;7.076963979416815;968.8769639794168;Line 254;0;72.9948656859449
-23.622634554;-46.890183416;801.2;24750;7.068396226415101;968.868396226415;Line 254;0;72.9948656859449
-23.622558772;-46.88990119;798.6;24720;7.059828473413385;968.8598284734134;Line 254;0;72.9948656859449
-23.622482989;-46.889618964;793.4;24690;7.051260720411671;968.8512607204116;Line 254;0;72.9948656859449
-23.622407205;-46.889336738;787.8;24660;7.042692967409955;968.8426929674099;Line 254;0;72.9948656859449
-23.622331421;-46.889054513;785.7;24630;7.034125214408239;968.8341252144082;Line 254;0;72.9948656859449
-23.622255636;-46.888772288;788.6;24600;7.025557461406525;968.8255574614064;Line 254;0;72.9948656859449
-23.622179851;-46.888490063;791.5;24570;7.016989708404809;968.8169897084048;Line 254;0;72.9948656859449
-23.622104065;-46.888207839;794.9;24540;7.008421955403094;968.808421955403;Line 254;0;72.9948656859449
-23.622028279;-46.887925614;799.0;24510;6.999854202401378;968.7998542024013;Line 254;0;72.9948656859449
-23.621952492;-46.88764339;803.0;24480;6.991286449399663;968.7912864493996;Line 254;0;72.9948656859449
-23.621876704;-46.887361167;808.0;24450;6.982718696397948;968.7827186963979;Line 254;0;72.9948656859449
-23.621800916;-46.887078943;814.5;24420;6.974150943396233;968.7741509433962;Line 254;0;72.9948656859449
-23.621725128;-46.88679672;821.6;24390;6.965583190394518;968.7655831903945;Line 254;0;72.9948656859449
-23.621649339;-46.886514497;827.5;24360;6.957015437392802;968.7570154373927;Line 254;0;72.9948656859449
-23.621573549;-46.886232275;832.2;24330;6.948447684391087;968.7484476843911;Line 254;0;72.9948656859449
-23.621497759;-46.885950053;837.1;24300;6.939879931389372;968.7398799313893;Line 254;0;72.9948656859449
-23.621421968;-46.885667831;837.1;24270;6.931312178387657;968.7313121783876;Line 254;0;72.9948656859449
-23.621346177;-46.885385609;833.8;24240;6.9227444253859405;968.7227444253859;Line 254;0;72.9948656859449
-23.621270386;-46.885103388;830.6;24210;6.914176672384226;968.7141766723842;Line 254;0;72.9948656859449
-23.621194593;-46.884821167;828.5;24180;6.9056089193825105;968.7056089193825;Line 254;0;72.9948656859449
-23.621118801;-46.884538946;827.0;24150;6.897041166380796;968.6970411663807;Line 254;0;72.9948656859449
-23.621043007;-46.884256725;825.6;24120;6.88847341337908;968.688473413379;Line 254;0;72.9948656859449
-23.620967213;-46.883974505;825.5;24090;6.879905660377364;968.6799056603774;Line 254;0;72.9948656859449
-23.620891419;-46.883692285;826.2;24060;6.87133790737565;968.6713379073756;Line 254;0;72.9948656859449
-23.620815624;-46.883410066;827.0;24030;6.862770154373934;968.6627701543739;Line 254;0;72.9948656859449
-23.620739829;-46.883127846;825.1;24000;6.854202401372219;968.6542024013721;Line 254;0;72.9948656859449
-23.620664033;-46.882845627;823.1;23970;6.8456346483705035;968.6456346483704;Line 254;0;72.9948656859449
-23.620588236;-46.882563409;821.5;23940;6.837066895368788;968.6370668953688;Line 254;0;72.9948656859449
-23.620512439;-46.88228119;821.8;23910;6.828499142367074;968.628499142367;Line 254;0;72.9948656859449
-23.620436641;-46.881998972;822.9;23880;6.819931389365358;968.6199313893653;Line 254;0;72.9948656859449
-23.620360843;-46.881716754;824.2;23850;6.811363636363642;968.6113636363636;Line 254;0;72.9948656859449
-23.620285045;-46.881434537;826.7;23820;6.802795883361927;968.6027958833619;Line 254;0;72.9948656859449
-23.620209246;-46.881152319;828.9;23790;6.794228130360212;968.5942281303602;Line 254;0;72.9948656859449
-23.620133446;-46.880870102;830.5;23760;6.785660377358497;968.5856603773584;Line 254;0;72.9948656859449
-23.620057645;-46.880587886;833.3;23730;6.777092624356781;968.5770926243567;Line 254;0;72.9948656859449
-23.619981845;-46.880305669;835.9;23700;6.768524871355066;968.5685248713551;Line 254;0;72.9948656859449
-23.619906043;-46.880023453;837.5;23670;6.759957118353351;968.5599571183533;Line 254;0;72.9948656859449
-23.619830241;-46.879741237;837.8;23640;6.751389365351636;968.5513893653516;Line 254;0;72.9948656859449
-23.619754439;-46.879459022;838.4;23610;6.742821612349921;968.5428216123498;Line 254;0;72.9948656859449
-23.619678636;-46.879176806;839.2;23580;6.734253859348205;968.5342538593482;Line 254;0;72.9948656859449
-23.619602833;-46.878894591;840.3;23550;6.7256861063464894;968.5256861063465;Line 254;0;72.9948656859449
-23.619527029;-46.878612377;841.3;23520;6.717118353344775;968.5171183533447;Line 254;0;72.9948656859449
-23.619451224;-46.878330162;842.1;23490;6.7085506003430595;968.508550600343;Line 254;0;72.9948656859449
-23.619375419;-46.878047948;840.3;23460;6.699982847341344;968.4999828473412;Line 254;0;72.9948656859449
-23.619299613;-46.877765734;838.7;23430;6.691415094339629;968.4914150943396;Line 254;0;72.9948656859449
-23.619223807;-46.877483521;837.2;23400;6.682847341337913;968.4828473413379;Line 254;0;72.9948656859449
-23.619148001;-46.877201308;832.3;23370;6.674279588336199;968.4742795883361;Line 254;0;72.9948656859449
-23.619072193;-46.876919095;827.8;23340;6.665711835334482;968.4657118353344;Line 254;0;72.9948656859449
-23.618996386;-46.876636882;824.0;23310;6.657144082332767;968.4571440823328;Line 254;0;72.9948656859449
-23.618920577;-46.87635467;823.2;23280;6.6485763293310525;968.448576329331;Line 254;0;72.9948656859449
-23.618844768;-46.876072458;821.6;23250;6.640008576329337;968.4400085763293;Line 254;0;72.9948656859449
-23.618768959;-46.875790246;819.1;23220;6.6314408233276225;968.4314408233275;Line 254;0;72.9948656859449
-23.618693149;-46.875508034;816.6;23190;6.622873070325906;968.4228730703259;Line 254;0;72.9948656859449
-23.618617339;-46.875225823;813.9;23160;6.614305317324191;968.4143053173242;Line 254;0;72.9948656859449
-23.618541528;-46.874943612;810.7;23130;6.605737564322476;968.4057375643224;Line 254;0;72.9948656859449
-23.618465716;-46.874661402;806.9;23100;6.597169811320761;968.3971698113207;Line 254;0;72.9948656859449
-23.618389904;-46.874379191;803.4;23070;6.588602058319045;968.388602058319;Line 254;0;72.9948656859449
-23.618314092;-46.874096981;801.4;23040;6.58003430531733;968.3800343053173;Line 254;0;72.9948656859449
-23.618238279;-46.873814771;803.0;23010;6.571466552315615;968.3714665523156;Line 254;0;72.9948656859449
-23.618162465;-46.873532562;804.9;22980;6.5628987993139;968.3628987993138;Line 254;0;72.9948656859449
-23.618086651;-46.873250353;807.0;22950;6.554331046312184;968.3543310463122;Line 254;0;72.9948656859449
-23.618010836;-46.872968144;809.1;22920;6.545763293310469;968.3457632933104;Line 254;0;72.9948656859449
-23.617935021;-46.872685935;811.3;22890;6.537195540308754;968.3371955403087;Line 254;0;72.9948656859449
-23.617859205;-46.872403727;814.3;22860;6.528627787307038;968.328627787307;Line 254;0;72.9948656859449
-23.617783389;-46.872121519;818.6;22830;6.520060034305324;968.3200600343052;Line 254;0;72.9948656859449
-23.617707572;-46.871839311;822.5;22800;6.511492281303608;968.3114922813036;Line 254;0;72.9948656859449
-23.617631754;-46.871557104;827.2;22770;6.502924528301893;968.3029245283019;Line 254;0;72.9948656859449
-23.617555936;-46.871274897;834.0;22740;6.494356775300178;968.2943567753001;Line 254;0;72.9948656859449
-23.617480118;-46.87099269;840.8;22710;6.485789022298462;968.2857890222984;Line 254;0;72.9948656859449
-23.617404299;-46.870710483;845.2;22680;6.477221269296747;968.2772212692967;Line 254;0;72.9948656859449
-23.617328479;-46.870428277;847.1;22650;6.468653516295031;968.268653516295;Line 254;0;72.9948656859449
-23.617252659;-46.870146071;849.1;22620;6.460085763293316;968.2600857632933;Line 254;0;72.9948656859449
-23.617176839;-46.869863865;850.8;22590;6.451518010291601;968.2515180102915;Line 254;0;72.9948656859449
-23.617101018;-46.86958166;852.5;22560;6.442950257289886;968.2429502572899;Line 254;0;72.9948656859449
-23.617025196;-46.869299455;854.9;22530;6.434382504288171;968.2343825042881;Line 254;0;72.9948656859449
-23.616949374;-46.86901725;857.2;22500;6.425814751286455;968.2258147512864;Line 254;0;72.9948656859449
-23.616873551;-46.868735045;859.1;22470;6.41724699828474;968.2172469982847;Line 254;0;72.9948656859449
-23.616797728;-46.868452841;861.4;22440;6.408679245283025;968.208679245283;Line 254;0;72.9948656859449
-23.616721904;-46.868170637;861.3;22410;6.400111492281309;968.2001114922813;Line 254;0;72.9948656859449
-23.61664608;-46.867888434;858.2;22380;6.391543739279594;968.1915437392795;Line 254;0;72.9948656859449
-23.616570255;-46.86760623;853.0;22350;6.382975986277879;968.1829759862778;Line 254;0;72.9948656859449
-23.616494429;-46.867324027;847.6;22320;6.374408233276164;968.1744082332762;Line 254;0;72.9948656859449
-23.616418603;-46.867041824;842.9;22290;6.365840480274448;968.1658404802744;Line 254;0;72.9948656859449
-23.616342777;-46.866759622;838.8;22260;6.357272727272733;968.1572727272727;Line 254;0;72.9948656859449
-23.61626695;-46.86647742;835.2;22230;6.348704974271018;968.148704974271;Line 254;0;72.9948656859449
-23.616191122;-46.866195218;832.1;22200;6.340137221269303;968.1401372212692;Line 254;0;72.9948656859449
-23.616115294;-46.865913016;829.9;22170;6.331569468267587;968.1315694682676;Line 254;0;72.9948656859449
-23.616039466;-46.865630815;827.8;22140;6.323001715265872;968.1230017152658;Line 254;0;72.9948656859449
-23.615963636;-46.865348614;826.0;22110;6.3144339622641565;968.1144339622641;Line 254;0;72.9948656859449
-23.615887807;-46.865066413;824.7;22080;6.305866209262441;968.1058662092624;Line 254;0;72.9948656859449
-23.615811977;-46.864784212;821.2;22050;6.297298456260727;968.0972984562607;Line 254;0;72.9948656859449
-23.615736146;-46.864502012;816.6;22020;6.28873070325901;968.088730703259;Line 254;0;72.9948656859449
-23.615660315;-46.864219812;812.3;21990;6.280162950257296;968.0801629502572;Line 254;0;72.9948656859449
-23.615584483;-46.863937613;808.7;21960;6.27159519725558;968.0715951972555;Line 254;0;72.9948656859449
-23.61550865;-46.863655413;804.8;21930;6.263027444253865;968.0630274442539;Line 254;0;72.9948656859449
-23.615432817;-46.863373214;800.6;21900;6.2544596912521495;968.0544596912521;Line 254;0;72.9948656859449
-23.615356984;-46.863091016;798.4;21870;6.245891938250434;968.0458919382504;Line 254;0;72.9948656859449
-23.61528115;-46.862808817;796.1;21840;6.23732418524872;968.0373241852486;Line 254;0;72.9948656859449
-23.615205316;-46.862526619;793.5;21810;6.228756432247004;968.028756432247;Line 254;0;72.9948656859449
-23.61512948;-46.862244421;792.7;21780;6.220188679245289;968.0201886792453;Line 254;0;72.9948656859449
-23.615053645;-46.861962224;792.2;21750;6.211620926243573;968.0116209262435;Line 254;0;72.9948656859449
-23.614977809;-46.861680026;792.0;21720;6.203053173241858;968.0030531732418;Line 254;0;72.9948656859449
-23.614901972;-46.861397829;794.7;21690;6.194485420240143;967.9944854202402;Line 254;0;72.9948656859449
-23.614826135;-46.861115633;797.6;21660;6.185917667238428;967.9859176672384;Line 254;0;72.9948656859449
-23.614750297;-46.860833436;800.6;21630;6.177349914236712;967.9773499142367;Line 254;0;72.9948656859449
-23.614674459;-46.86055124;803.9;21600;6.168782161234997;967.9687821612349;Line 254;0;72.9948656859449
-23.61459862;-46.860269044;807.7;21570;6.160214408233282;967.9602144082332;Line 254;0;72.9948656859449
-23.614522781;-46.859986849;811.6;21540;6.151646655231567;967.9516466552316;Line 254;0;72.9948656859449
-23.614446941;-46.859704653;813.5;21510;6.143078902229851;967.9430789022298;Line 254;0;72.9948656859449
-23.614371101;-46.859422458;815.3;21480;6.1345111492281355;967.9345111492281;Line 254;0;72.9948656859449
-23.61429526;-46.859140264;817.2;21450;6.125943396226421;967.9259433962263;Line 254;0;72.9948656859449
-23.614219418;-46.858858069;820.2;21420;6.1173756432247055;967.9173756432247;Line 254;0;72.9948656859449
-23.614143576;-46.858575875;823.1;21390;6.10880789022299;967.908807890223;Line 254;0;72.9948656859449
-23.614067734;-46.858293681;825.8;21360;6.100240137221275;967.9002401372212;Line 254;0;72.9948656859449
-23.613991891;-46.858011488;828.6;21330;6.091672384219559;967.8916723842195;Line 254;0;72.9948656859449
-23.613916047;-46.857729295;831.1;21300;6.083104631217845;967.8831046312177;Line 254;0;72.9948656859449
-23.613840203;-46.857447102;833.6;21270;6.074536878216129;967.8745368782161;Line 254;0;72.9948656859449
-23.613764358;-46.857164909;837.4;21240;6.065969125214413;967.8659691252144;Line 254;0;72.9948656859449
-23.613688513;-46.856882717;840.9;21210;6.0574013722126985;967.8574013722126;Line 254;0;72.9948656859449
-23.613612667;-46.856600525;843.6;21180;6.048833619210983;967.848833619211;Line 254;0;72.9948656859449
-23.613536821;-46.856318333;844.0;21150;6.0402658662092685;967.8402658662093;Line 254;0;72.9948656859449
-23.613460974;-46.856036141;844.3;21120;6.031698113207552;967.8316981132075;Line 254;0;72.9948656859449
-23.613385127;-46.85575395;844.1;21090;6.023130360205837;967.8231303602058;Line 254;0;72.9948656859449
-23.613309279;-46.855471759;842.1;21060;6.014562607204122;967.814562607204;Line 254;0;72.9948656859449
-23.613233431;-46.855189569;840.2;21030;6.005994854202407;967.8059948542024;Line 254;0;72.9948656859449
-23.613157582;-46.854907378;839.1;21000;5.997427101200692;967.7974271012007;Line 254;0;72.9948656859449
-23.613081732;-46.854625188;839.5;20970;5.988859348198976;967.7888593481989;Line 254;0;72.9948656859449
-23.613005882;-46.854342999;840.0;20940;5.980291595197261;967.7802915951972;Line 254;0;72.9948656859449
-23.612930032;-46.854060809;839.9;20910;5.971723842195546;967.7717238421955;Line 254;0;72.9948656859449
-23.612854181;-46.85377862;838.5;20880;5.963156089193831;967.7631560891938;Line 254;0;72.9948656859449
-23.612778329;-46.853496431;836.9;20850;5.954588336192115;967.7545883361921;Line 254;0;72.9948656859449
-23.612702477;-46.853214243;834.9;20820;5.9460205831904;967.7460205831903;Line 254;0;72.9948656859449
-23.612626624;-46.852932054;832.8;20790;5.937452830188684;967.7374528301887;Line 254;0;72.9948656859449
-23.612550771;-46.852649866;830.9;20760;5.92888507718697;967.7288850771869;Line 254;0;72.9948656859449
-23.612474917;-46.852367679;830.0;20730;5.9203173241852545;967.7203173241852;Line 254;0;72.9948656859449
-23.612399063;-46.852085491;829.8;20700;5.911749571183538;967.7117495711835;Line 254;0;72.9948656859449
-23.612323208;-46.851803304;829.6;20670;5.903181818181824;967.7031818181817;Line 254;0;72.9948656859449
-23.612247353;-46.851521117;827.4;20640;5.894614065180108;967.6946140651801;Line 254;0;72.9948656859449
-23.612171497;-46.851238931;823.6;20610;5.886046312178394;967.6860463121784;Line 254;0;72.9948656859449
-23.612095641;-46.850956744;820.0;20580;5.877478559176677;967.6774785591766;Line 254;0;72.9948656859449
-23.612019784;-46.850674559;815.0;20550;5.868910806174962;967.668910806175;Line 254;0;72.9948656859449
-23.611943926;-46.850392373;809.4;20520;5.860343053173247;967.6603430531732;Line 254;0;72.9948656859449
-23.611868068;-46.850110187;804.1;20490;5.851775300171532;967.6517753001715;Line 254;0;72.9948656859449
-23.61179221;-46.849828002;800.3;20460;5.843207547169817;967.6432075471698;Line 254;0;72.9948656859449
-23.61171635;-46.849545818;797.3;20430;5.834639794168101;967.634639794168;Line 254;0;72.9948656859449
-23.611640491;-46.849263633;794.2;20400;5.826072041166386;967.6260720411664;Line 254;0;72.9948656859449
-23.611564631;-46.848981449;794.6;20370;5.817504288164671;967.6175042881646;Line 254;0;72.9948656859449
-23.61148877;-46.848699265;796.6;20340;5.808936535162956;967.6089365351629;Line 254;0;72.9948656859449
-23.611412909;-46.848417081;798.3;20310;5.80036878216124;967.6003687821612;Line 254;0;72.9948656859449
-23.611337047;-46.848134898;799.9;20280;5.791801029159525;967.5918010291595;Line 254;0;72.9948656859449
-23.611261185;-46.847852715;802.1;20250;5.78323327615781;967.5832332761578;Line 254;0;72.9948656859449
-23.611185322;-46.847570532;805.0;20220;5.774665523156095;967.574665523156;Line 254;0;72.9948656859449
-23.611109458;-46.84728835;809.9;20190;5.766097770154379;967.5660977701543;Line 254;0;72.9948656859449
-23.611033595;-46.847006167;815.6;20160;5.757530017152664;967.5575300171527;Line 254;0;72.9948656859449
-23.61095773;-46.846723986;821.7;20130;5.748962264150949;967.5489622641509;Line 254;0;72.9948656859449
-23.610881865;-46.846441804;827.1;20100;5.740394511149233;967.5403945111492;Line 254;0;72.9948656859449
-23.610806;-46.846159623;831.9;20070;5.731826758147518;967.5318267581474;Line 254;0;72.9948656859449
-23.610730134;-46.845877442;836.1;20040;5.7232590051458025;967.5232590051457;Line 254;0;72.9948656859449
-23.610654267;-46.845595261;837.1;20010;5.714691252144087;967.5146912521441;Line 254;0;72.9948656859449
-23.6105784;-46.84531308;837.6;19980;5.706123499142373;967.5061234991423;Line 254;0;72.9948656859449
-23.610502532;-46.8450309;838.1;19950;5.697555746140657;967.4975557461406;Line 254;0;72.9948656859449
-23.610426664;-46.84474872;838.0;19920;5.688987993138942;967.488987993139;Line 254;0;72.9948656859449
-23.610350795;-46.844466541;837.8;19890;5.680420240137226;967.4804202401372;Line 254;0;72.9948656859449
-23.610274926;-46.844184362;837.7;19860;5.671852487135511;967.4718524871355;Line 254;0;72.9948656859449
-23.610199056;-46.843902183;837.8;19830;5.663284734133796;967.4632847341337;Line 254;0;72.9948656859449
-23.610123186;-46.843620004;837.4;19800;5.65471698113208;967.454716981132;Line 254;0;72.9948656859449
-23.610047315;-46.843337825;836.6;19770;5.646149228130366;967.4461492281304;Line 254;0;72.9948656859449
-23.609971444;-46.843055647;837.9;19740;5.63758147512865;967.4375814751286;Line 254;0;72.9948656859449
-23.609895572;-46.842773469;839.4;19710;5.629013722126935;967.4290137221269;Line 254;0;72.9948656859449
-23.609819699;-46.842491292;840.6;19680;5.620445969125219;967.4204459691251;Line 254;0;72.9948656859449
-23.609743826;-46.842209115;837.9;19650;5.611878216123504;967.4118782161235;Line 254;0;72.9948656859449
-23.609667953;-46.841926938;835.3;19620;5.603310463121789;967.4033104631218;Line 254;0;72.9948656859449
-23.609592079;-46.841644761;832.5;19590;5.594742710120074;967.39474271012;Line 254;0;72.9948656859449
-23.609516204;-46.841362585;825.4;19560;5.5861749571183585;967.3861749571183;Line 254;0;72.9948656859449
-23.609440329;-46.841080409;818.2;19530;5.577607204116643;967.3776072041165;Line 254;0;72.9948656859449
-23.609364453;-46.840798233;811.9;19500;5.569039451114928;967.3690394511149;Line 254;0;72.9948656859449
-23.609288577;-46.840516057;811.1;19470;5.560471698113212;967.3604716981132;Line 254;0;72.9948656859449
-23.609212701;-46.840233882;810.4;19440;5.551903945111498;967.3519039451114;Line 254;0;72.9948656859449
-23.609136823;-46.839951707;810.4;19410;5.5433361921097815;967.3433361921097;Line 254;0;72.9948656859449
-23.609060945;-46.839669532;813.3;19380;5.534768439108067;967.3347684391081;Line 254;0;72.9948656859449
-23.608985067;-46.839387358;816.4;19350;5.5262006861063515;967.3262006861063;Line 254;0;72.9948656859449
-23.608909188;-46.839105184;819.8;19320;5.517632933104636;967.3176329331046;Line 254;0;72.9948656859449
-23.608833309;-46.83882301;823.5;19290;5.509065180102921;967.3090651801028;Line 254;0;72.9948656859449
-23.608757429;-46.838540837;827.3;19260;5.500497427101205;967.3004974271012;Line 254;0;72.9948656859449
-23.608681548;-46.838258664;830.2;19230;5.491929674099491;967.2919296740995;Line 254;0;72.9948656859449
-23.608605667;-46.837976491;831.1;19200;5.483361921097775;967.2833619210977;Line 254;0;72.9948656859449
-23.608529786;-46.837694318;832.1;19170;5.47479416809606;967.274794168096;Line 254;0;72.9948656859449
-23.608453904;-46.837412146;832.7;19140;5.4662264150943445;967.2662264150943;Line 254;0;72.9948656859449
-23.608378021;-46.837129974;832.5;19110;5.457658662092629;967.2576586620926;Line 254;0;72.9948656859449
-23.608302138;-46.836847802;832.1;19080;5.4490909090909145;967.2490909090909;Line 254;0;72.9948656859449
-23.608226254;-46.836565631;831.4;19050;5.440523156089199;967.2405231560891;Line 254;0;72.9948656859449
-23.60815037;-46.83628346;831.1;19020;5.431955403087483;967.2319554030875;Line 254;0;72.9948656859449
-23.608074485;-46.836001289;831.0;18990;5.423387650085768;967.2233876500857;Line 254;0;72.9948656859449
-23.6079986;-46.835719118;830.0;18960;5.414819897084053;967.214819897084;Line 254;0;72.9948656859449
-23.607922714;-46.835436948;827.7;18930;5.406252144082338;967.2062521440823;Line 254;0;72.9948656859449
-23.607846828;-46.835154778;825.4;18900;5.397684391080623;967.1976843910805;Line 254;0;72.9948656859449
-23.607770941;-46.834872608;822.7;18870;5.389116638078907;967.1891166380789;Line 254;0;72.9948656859449
-23.607695054;-46.834590439;819.2;18840;5.380548885077192;967.1805488850772;Line 254;0;72.9948656859449
-23.607619166;-46.83430827;815.7;18810;5.371981132075477;967.1719811320754;Line 254;0;72.9948656859449
-23.607543277;-46.834026101;812.1;18780;5.363413379073761;967.1634133790737;Line 254;0;72.9948656859449
-23.607467388;-46.833743932;808.5;18750;5.354845626072046;967.154845626072;Line 254;0;72.9948656859449
-23.607391499;-46.833461764;805.0;18720;5.34627787307033;967.1462778730703;Line 254;0;72.9948656859449
-23.607315609;-46.833179596;802.2;18690;5.337710120068616;967.1377101200686;Line 254;0;72.9948656859449
-23.607239718;-46.832897428;799.8;18660;5.3291423670669005;967.1291423670668;Line 254;0;72.9948656859449
-23.607163827;-46.832615261;797.2;18630;5.320574614065184;967.1205746140652;Line 254;0;72.9948656859449
-23.607087935;-46.832333094;797.7;18600;5.31200686106347;967.1120068610634;Line 254;0;72.9948656859449
-23.607012043;-46.832050927;800.3;18570;5.303439108061754;967.1034391080617;Line 254;0;72.9948656859449
-23.60693615;-46.831768761;802.6;18540;5.29487135506004;967.09487135506;Line 254;0;72.9948656859449
-23.606860257;-46.831486595;805.2;18510;5.286303602058324;967.0863036020583;Line 254;0;72.9948656859449
-23.606784363;-46.831204429;808.0;18480;5.277735849056608;967.0777358490566;Line 254;0;72.9948656859449
-23.606708469;-46.830922263;811.0;18450;5.2691680960548934;967.0691680960548;Line 254;0;72.9948656859449
-23.606632574;-46.830640098;809.3;18420;5.260600343053178;967.0606003430531;Line 254;0;72.9948656859449
-23.606556678;-46.830357933;805.3;18390;5.2520325900514635;967.0520325900515;Line 254;0;72.9948656859449
-23.606480782;-46.830075768;801.3;18360;5.243464837049747;967.0434648370497;Line 254;0;72.9948656859449
-23.606404886;-46.829793603;799.3;18330;5.234897084048032;967.034897084048;Line 254;0;72.9948656859449
-23.606328989;-46.829511439;797.9;18300;5.226329331046317;967.0263293310463;Line 254;0;72.9948656859449
-23.606253091;-46.829229275;796.2;18270;5.217761578044602;967.0177615780445;Line 254;0;72.9948656859449
-23.606177193;-46.828947112;797.2;18240;5.209193825042886;967.0091938250429;Line 254;0;72.9948656859449
-23.606101295;-46.828664949;799.1;18210;5.200626072041171;967.0006260720411;Line 254;0;72.9948656859449
-23.606025396;-46.828382786;801.1;18180;5.192058319039456;966.9920583190394;Line 254;0;72.9948656859449
-23.605949496;-46.828100623;803.8;18150;5.183490566037741;966.9834905660377;Line 254;0;72.9948656859449
-23.605873596;-46.82781846;806.6;18120;5.174922813036026;966.974922813036;Line 254;0;72.9948656859449
-23.605797695;-46.827536298;809.6;18090;5.166355060034309;966.9663550600343;Line 254;0;72.9948656859449
-23.605721794;-46.827254136;812.0;18060;5.157787307032595;966.9577873070325;Line 254;0;72.9948656859449
-23.605645892;-46.826971975;814.3;18030;5.149219554030879;966.9492195540308;Line 254;0;72.9948656859449
-23.605569989;-46.826689814;816.5;18000;5.140651801029165;966.9406518010292;Line 254;0;72.9948656859449
-23.605494086;-46.826407653;816.1;17970;5.1320840480274486;966.9320840480274;Line 254;0;72.9948656859449
-23.605418183;-46.826125492;815.2;17940;5.123516295025733;966.9235162950257;Line 254;0;72.9948656859449
-23.605342279;-46.825843332;814.1;17910;5.114948542024019;966.9149485420239;Line 254;0;72.9948656859449
-23.605266374;-46.825561171;811.9;17880;5.106380789022303;966.9063807890223;Line 254;0;72.9948656859449
-23.605190469;-46.825279012;810.3;17850;5.097813036020588;966.8978130360206;Line 254;0;72.9948656859449
-23.605114564;-46.824996852;809.3;17820;5.089245283018872;966.8892452830188;Line 254;0;72.9948656859449
-23.605038658;-46.824714693;807.0;17790;5.080677530017157;966.8806775300171;Line 254;0;72.9948656859449
-23.604962751;-46.824432534;804.8;17760;5.072109777015442;966.8721097770155;Line 254;0;72.9948656859449
-23.604886844;-46.824150375;803.1;17730;5.063542024013727;966.8635420240137;Line 254;0;72.9948656859449
-23.604810936;-46.823868217;799.6;17700;5.054974271012012;966.854974271012;Line 254;0;72.9948656859449
-23.604735028;-46.823586059;795.9;17670;5.046406518010296;966.8464065180102;Line 254;0;72.9948656859449
-23.604659119;-46.823303901;792.2;17640;5.037838765008581;966.8378387650085;Line 254;0;72.9948656859449
-23.60458321;-46.823021744;789.8;17610;5.029271012006866;966.8292710120069;Line 254;0;72.9948656859449
-23.6045073;-46.822739587;787.3;17580;5.02070325900515;966.8207032590051;Line 254;0;72.9948656859449
-23.60443139;-46.82245743;785.0;17550;5.0121355060034345;966.8121355060034;Line 254;0;72.9948656859449
-23.604355479;-46.822175273;784.7;17520;5.00356775300172;966.8035677530016;Line 254;0;72.9948656859449
-23.604279567;-46.821893117;784.0;17490;4.9950000000000045;966.795;Line 254;0;72.9948656859449
-23.604203655;-46.821610961;783.4;17460;4.986432246998289;966.7864322469983;Line 254;0;72.9948656859449
-23.604127743;-46.821328805;784.5;17430;4.977864493996574;966.7778644939965;Line 254;0;72.9948656859449
-23.60405183;-46.82104665;785.5;17400;4.969296740994858;966.7692967409948;Line 254;0;72.9948656859449
-23.603975916;-46.820764494;787.0;17370;4.960728987993144;966.760728987993;Line 254;0;72.9948656859449
-23.603900002;-46.82048234;790.3;17340;4.952161234991428;966.7521612349914;Line 254;0;72.9948656859449
-23.603824087;-46.820200185;793.0;17310;4.943593481989713;966.7435934819897;Line 254;0;72.9948656859449
-23.603748172;-46.819918031;795.7;17280;4.9350257289879975;966.7350257289879;Line 254;0;72.9948656859449
-23.603672257;-46.819635877;798.6;17250;4.926457975986282;966.7264579759862;Line 254;0;72.9948656859449
-23.60359634;-46.819353723;801.5;17220;4.917890222984568;966.7178902229846;Line 254;0;72.9948656859449
-23.603520424;-46.81907157;802.7;17190;4.909322469982851;966.7093224699828;Line 254;0;72.9948656859449
-23.603444506;-46.818789416;801.2;17160;4.900754716981137;966.7007547169811;Line 254;0;72.9948656859449
-23.603368588;-46.818507264;800.2;17130;4.892186963979421;966.6921869639793;Line 254;0;72.9948656859449
-23.60329267;-46.818225111;797.6;17100;4.883619210977706;966.6836192109777;Line 254;0;72.9948656859449
-23.603216751;-46.817942959;792.2;17070;4.875051457975991;966.675051457976;Line 254;0;72.9948656859449
-23.603140832;-46.817660807;787.0;17040;4.866483704974275;966.6664837049742;Line 254;0;72.9948656859449
-23.603064912;-46.817378655;783.0;17010;4.8579159519725605;966.6579159519725;Line 254;0;72.9948656859449
-23.602988991;-46.817096504;780.2;16980;4.849348198970845;966.6493481989708;Line 254;0;72.9948656859449
-23.60291307;-46.816814353;777.6;16950;4.84078044596913;966.6407804459691;Line 254;0;72.9948656859449
-23.602837148;-46.816532202;777.0;16920;4.832212692967414;966.6322126929674;Line 254;0;72.9948656859449
-23.602761226;-46.816250052;778.4;16890;4.823644939965699;966.6236449399656;Line 254;0;72.9948656859449
-23.602685304;-46.815967901;780.1;16860;4.8150771869639835;966.615077186964;Line 254;0;72.9948656859449
-23.60260938;-46.815685751;783.1;16830;4.806509433962269;966.6065094339622;Line 254;0;72.9948656859449
-23.602533457;-46.815403602;787.3;16800;4.797941680960553;966.5979416809605;Line 254;0;72.9948656859449
-23.602457532;-46.815121453;791.7;16770;4.789373927958838;966.5893739279588;Line 254;0;72.9948656859449
-23.602381608;-46.814839304;795.3;16740;4.780806174957123;966.580806174957;Line 254;0;72.9948656859449
-23.602305682;-46.814557155;798.4;16710;4.772238421955407;966.5722384219554;Line 254;0;72.9948656859449
-23.602229756;-46.814275006;801.3;16680;4.763670668953693;966.5636706689536;Line 254;0;72.9948656859449
-23.60215383;-46.813992858;802.9;16650;4.755102915951976;966.5551029159519;Line 254;0;72.9948656859449
-23.602077903;-46.81371071;803.6;16620;4.746535162950262;966.5465351629502;Line 254;0;72.9948656859449
-23.602001976;-46.813428563;804.1;16590;4.7379674099485465;966.5379674099485;Line 254;0;72.9948656859449
-23.601926048;-46.813146415;805.2;16560;4.729399656946831;966.5293996569468;Line 254;0;72.9948656859449
-23.601850119;-46.812864268;806.9;16530;4.720831903945116;966.5208319039451;Line 254;0;72.9948656859449
-23.60177419;-46.812582122;808.8;16500;4.7122641509434;966.5122641509433;Line 254;0;72.9948656859449
-23.60169826;-46.812299975;811.0;16470;4.703696397941686;966.5036963979417;Line 254;0;72.9948656859449
-23.60162233;-46.812017829;813.2;16440;4.69512864493997;966.4951286449399;Line 254;0;72.9948656859449
-23.6015464;-46.811735683;815.8;16410;4.686560891938254;966.4865608919382;Line 254;0;72.9948656859449
-23.601470469;-46.811453538;817.5;16380;4.6779931389365395;966.4779931389365;Line 254;0;72.9948656859449
-23.601394537;-46.811171393;819.3;16350;4.669425385934824;966.4694253859348;Line 254;0;72.9948656859449
-23.601318605;-46.810889248;821.5;16320;4.6608576329331095;966.4608576329331;Line 254;0;72.9948656859449
-23.601242672;-46.810607103;821.8;16290;4.652289879931394;966.4522898799313;Line 254;0;72.9948656859449
-23.601166738;-46.810324959;821.1;16260;4.643722126929678;966.4437221269296;Line 254;0;72.9948656859449
-23.601090805;-46.810042814;819.9;16230;4.635154373927963;966.435154373928;Line 254;0;72.9948656859449
-23.60101487;-46.809760671;820.9;16200;4.626586620926248;966.4265866209262;Line 254;0;72.9948656859449
-23.600938935;-46.809478527;822.1;16170;4.618018867924532;966.4180188679245;Line 254;0;72.9948656859449
-23.600863;-46.809196384;822.9;16140;4.609451114922817;966.4094511149227;Line 254;0;72.9948656859449
-23.600787064;-46.808914241;823.9;16110;4.600883361921102;966.400883361921;Line 254;0;72.9948656859449
-23.600711127;-46.808632098;825.1;16080;4.592315608919387;966.3923156089194;Line 254;0;72.9948656859449
-23.60063519;-46.808349956;826.4;16050;4.583747855917672;966.3837478559176;Line 254;0;72.9948656859449
-23.600559252;-46.808067814;824.6;16020;4.575180102915956;966.3751801029159;Line 254;0;72.9948656859449
-23.600483314;-46.807785672;822.3;15990;4.566612349914241;966.3666123499142;Line 254;0;72.9948656859449
-23.600407376;-46.807503531;819.5;15960;4.558044596912525;966.3580445969125;Line 254;0;72.9948656859449
-23.600331436;-46.80722139;817.6;15930;4.549476843910811;966.3494768439108;Line 254;0;72.9948656859449
-23.600255497;-46.806939249;815.1;15900;4.5409090909090954;966.340909090909;Line 254;0;72.9948656859449
-23.600179556;-46.806657108;812.1;15870;4.532341337907379;966.3323413379073;Line 254;0;72.9948656859449
-23.600103616;-46.806374968;810.8;15840;4.523773584905665;966.3237735849057;Line 254;0;72.9948656859449
-23.600027674;-46.806092828;809.6;15810;4.515205831903949;966.3152058319039;Line 254;0;72.9948656859449
-23.599951732;-46.805810688;809.2;15780;4.506638078902235;966.3066380789022;Line 254;0;72.9948656859449
-23.59987579;-46.805528549;809.2;15750;4.498070325900518;966.2980703259004;Line 254;0;72.9948656859449
-23.599799847;-46.80524641;809.3;15720;4.489502572898803;966.2895025728988;Line 254;0;72.9948656859449
-23.599723904;-46.804964271;809.1;15690;4.480934819897088;966.2809348198971;Line 254;0;72.9948656859449
-23.59964796;-46.804682132;807.5;15660;4.472367066895373;966.2723670668953;Line 254;0;72.9948656859449
-23.599572015;-46.804399994;805.7;15630;4.463799313893658;966.2637993138936;Line 254;0;72.9948656859449
-23.59949607;-46.804117856;803.6;15600;4.455231560891942;966.2552315608918;Line 254;0;72.9948656859449
-23.599420124;-46.803835718;800.1;15570;4.446663807890227;966.2466638078902;Line 254;0;72.9948656859449
-23.599344178;-46.803553581;796.6;15540;4.438096054888512;966.2380960548885;Line 254;0;72.9948656859449
-23.599268232;-46.803271444;793.4;15510;4.429528301886797;966.2295283018867;Line 254;0;72.9948656859449
-23.599192284;-46.802989307;791.4;15480;4.4209605488850805;966.220960548885;Line 254;0;72.9948656859449
-23.599116337;-46.802707171;789.6;15450;4.412392795883366;966.2123927958834;Line 254;0;72.9948656859449
-23.599040388;-46.802425034;787.4;15420;4.4038250428816506;966.2038250428816;Line 254;0;72.9948656859449
-23.59896444;-46.802142898;785.2;15390;4.395257289879936;966.1952572898799;Line 254;0;72.9948656859449
-23.59888849;-46.801860763;782.9;15360;4.38668953687822;966.1866895368781;Line 254;0;72.9948656859449
-23.59881254;-46.801578627;782.3;15330;4.378121783876504;966.1781217838765;Line 254;0;72.9948656859449
-23.59873659;-46.801296492;786.1;15300;4.36955403087479;966.1695540308748;Line 254;0;72.9948656859449
-23.598660639;-46.801014358;790.2;15270;4.360986277873074;966.160986277873;Line 254;0;72.9948656859449
-23.598584688;-46.800732223;794.2;15240;4.35241852487136;966.1524185248713;Line 254;0;72.9948656859449
-23.598508735;-46.800450089;797.4;15210;4.3438507718696435;966.1438507718696;Line 254;0;72.9948656859449
-23.598432783;-46.800167955;800.4;15180;4.335283018867928;966.1352830188679;Line 254;0;72.9948656859449
-23.59835683;-46.799885821;802.9;15150;4.326715265866214;966.1267152658662;Line 254;0;72.9948656859449
-23.598280876;-46.799603688;804.4;15120;4.318147512864498;966.1181475128644;Line 254;0;72.9948656859449
-23.598204922;-46.799321555;805.5;15090;4.309579759862783;966.1095797598628;Line 254;0;72.9948656859449
-23.598128967;-46.799039422;805.4;15060;4.301012006861067;966.101012006861;Line 254;0;72.9948656859449
-23.598053012;-46.79875729;804.3;15030;4.292444253859352;966.0924442538593;Line 254;0;72.9948656859449
-23.597977056;-46.798475158;803.5;15000;4.283876500857637;966.0838765008576;Line 254;0;72.9948656859449
-23.5979011;-46.798193026;803.1;14970;4.275308747855921;966.0753087478558;Line 254;0;72.9948656859449
-23.597825143;-46.797910894;803.1;14940;4.266740994854206;966.0667409948542;Line 254;0;72.9948656859449
-23.597749186;-46.797628763;803.3;14910;4.258173241852491;966.0581732418525;Line 254;0;72.9948656859449
-23.597673228;-46.797346632;803.0;14880;4.249605488850776;966.0496054888507;Line 254;0;72.9948656859449
-23.59759727;-46.797064502;801.9;14850;4.241037735849061;966.041037735849;Line 254;0;72.9948656859449
-23.597521311;-46.796782371;800.6;14820;4.232469982847345;966.0324699828473;Line 254;0;72.9948656859449
-23.597445351;-46.796500241;798.9;14790;4.2239022298456295;966.0239022298456;Line 254;0;72.9948656859449
-23.597369391;-46.796218111;796.9;14760;4.215334476843915;966.0153344768439;Line 254;0;72.9948656859449
-23.597293431;-46.795935982;794.8;14730;4.2067667238421995;966.0067667238421;Line 254;0;72.9948656859449
-23.59721747;-46.795653853;793.3;14700;4.198198970840484;965.9981989708405;Line 254;0;72.9948656859449
-23.597141508;-46.795371724;791.6;14670;4.189631217838769;965.9896312178387;Line 254;0;72.9948656859449
-23.597065546;-46.795089595;789.3;14640;4.181063464837053;965.981063464837;Line 254;0;72.9948656859449
-23.596989583;-46.794807467;786.1;14610;4.172495711835339;965.9724957118353;Line 254;0;72.9948656859449
-23.59691362;-46.794525339;782.6;14580;4.163927958833622;965.9639279588336;Line 254;0;72.9948656859449
-23.596837656;-46.794243211;779.3;14550;4.155360205831908;965.9553602058319;Line 254;0;72.9948656859449
-23.596761692;-46.793961083;779.0;14520;4.1467924528301925;965.9467924528301;Line 254;0;72.9948656859449
-23.596685727;-46.793678956;780.1;14490;4.138224699828477;965.9382246998284;Line 254;0;72.9948656859449
-23.596609762;-46.793396829;781.8;14460;4.1296569468267625;965.9296569468268;Line 254;0;72.9948656859449
-23.596533796;-46.793114703;784.7;14430;4.121089193825046;965.921089193825;Line 254;0;72.9948656859449
-23.59645783;-46.792832576;787.7;14400;4.112521440823331;965.9125214408233;Line 254;0;72.9948656859449
-23.596381863;-46.79255045;790.5;14370;4.103953687821616;965.9039536878216;Line 254;0;72.9948656859449
-23.596305895;-46.792268325;794.4;14340;4.095385934819901;965.8953859348198;Line 254;0;72.9948656859449
-23.596229927;-46.791986199;798.4;14310;4.0868181818181855;965.8868181818182;Line 254;0;72.9948656859449
-23.596153959;-46.791704074;802.2;14280;4.07825042881647;965.8782504288164;Line 254;0;72.9948656859449
-23.596077989;-46.791421949;804.0;14250;4.069682675814755;965.8696826758147;Line 254;0;72.9948656859449
-23.59600202;-46.791139825;805.3;14220;4.06111492281304;965.861114922813;Line 254;0;72.9948656859449
-23.59592605;-46.7908577;806.4;14190;4.052547169811325;965.8525471698113;Line 254;0;72.9948656859449
-23.595850079;-46.790575576;807.0;14160;4.043979416809609;965.8439794168096;Line 254;0;72.9948656859449
-23.595774108;-46.790293453;807.5;14130;4.035411663807894;965.8354116638078;Line 254;0;72.9948656859449
-23.595698136;-46.790011329;807.8;14100;4.026843910806178;965.8268439108061;Line 254;0;72.9948656859449
-23.595622164;-46.789729206;808.4;14070;4.018276157804464;965.8182761578045;Line 254;0;72.9948656859449
-23.595546191;-46.789447083;809.3;14040;4.009708404802748;965.8097084048027;Line 254;0;72.9948656859449
-23.595470218;-46.789164961;810.2;14010;4.001140651801033;965.801140651801;Line 254;0;72.9948656859449
-23.595394244;-46.788882839;808.8;13980;3.9925728987993176;965.7925728987992;Line 254;0;72.9948656859449
-23.595318269;-46.788600717;807.7;13950;3.984005145797602;965.7840051457976;Line 254;0;72.9948656859449
-23.595242294;-46.788318595;807.0;13920;3.9754373927958873;965.7754373927959;Line 254;0;72.9948656859449
-23.595166319;-46.788036474;805.3;13890;3.9668696397941714;965.7668696397941;Line 254;0;72.9948656859449
-23.595090343;-46.787754353;804.1;13860;3.958301886792457;965.7583018867924;Line 254;0;72.9948656859449
-23.595014366;-46.787472232;803.5;13830;3.949734133790741;965.7497341337906;Line 254;0;72.9948656859449
-23.594938389;-46.787190112;801.7;13800;3.9411663807890256;965.741166380789;Line 254;0;72.9948656859449
-23.594862412;-46.786907991;800.1;13770;3.932598627787311;965.7325986277873;Line 254;0;72.9948656859449
-23.594786434;-46.786625871;799.0;13740;3.924030874785595;965.7240308747855;Line 254;0;72.9948656859449
-23.594710455;-46.786343752;797.4;13710;3.91546312178388;965.7154631217838;Line 254;0;72.9948656859449
-23.594634476;-46.786061633;796.1;13680;3.906895368782165;965.7068953687822;Line 254;0;72.9948656859449
-23.594558496;-46.785779514;795.3;13650;3.8983276157804494;965.6983276157804;Line 254;0;72.9948656859449
-23.594482516;-46.785497395;795.9;13620;3.8897598627787344;965.6897598627787;Line 254;0;72.9948656859449
-23.594406535;-46.785215276;796.2;13590;3.881192109777019;965.6811921097769;Line 254;0;72.9948656859449
-23.594330553;-46.784933158;796.7;13560;3.872624356775303;965.6726243567753;Line 254;0;72.9948656859449
-23.594254572;-46.78465104;798.8;13530;3.8640566037735886;965.6640566037736;Line 254;0;72.9948656859449
-23.594178589;-46.784368923;800.9;13500;3.8554888507718728;965.6554888507718;Line 254;0;72.9948656859449
-23.594102606;-46.784086806;802.5;13470;3.8469210977701582;965.6469210977701;Line 254;0;72.9948656859449
-23.594026623;-46.783804689;803.7;13440;3.838353344768443;965.6383533447683;Line 254;0;72.9948656859449
-23.593950639;-46.783522572;804.6;13410;3.829785591766727;965.6297855917667;Line 254;0;72.9948656859449
-23.593874654;-46.783240456;803.9;13380;3.8212178387650124;965.621217838765;Line 254;0;72.9948656859449
-23.593798669;-46.782958339;800.4;13350;3.8126500857632966;965.6126500857632;Line 254;0;72.9948656859449
-23.593722683;-46.782676224;796.9;13320;3.804082332761582;965.6040823327615;Line 254;0;72.9948656859449
-23.593646697;-46.782394108;793.8;13290;3.795514579759866;965.5955145797598;Line 254;0;72.9948656859449
-23.593570711;-46.782111993;791.2;13260;3.7869468267581508;965.5869468267581;Line 254;0;72.9948656859449
-23.593494723;-46.781829878;788.9;13230;3.778379073756436;965.5783790737564;Line 254;0;72.9948656859449
-23.593418736;-46.781547763;787.5;13200;3.7698113207547204;965.5698113207546;Line 254;0;72.9948656859449
-23.593342747;-46.781265649;787.0;13170;3.7612435677530054;965.561243567753;Line 254;0;72.9948656859449
-23.593266759;-46.780983535;786.2;13140;3.75267581475129;965.5526758147513;Line 254;0;72.9948656859449
-23.593190769;-46.780701421;784.7;13110;3.7441080617495746;965.5441080617495;Line 254;0;72.9948656859449
-23.593114779;-46.780419308;782.9;13080;3.735540308747859;965.5355403087478;Line 254;0;72.9948656859449
-23.593038789;-46.780137195;781.1;13050;3.726972555746144;965.526972555746;Line 254;0;72.9948656859449
-23.592962798;-46.779855082;778.7;13020;3.7184048027444287;965.5184048027444;Line 254;0;72.9948656859449
-23.592886807;-46.779572969;775.5;12990;3.7098370497427138;965.5098370497427;Line 254;0;72.9948656859449
-23.592810815;-46.779290857;772.2;12960;3.701269296740998;965.5012692967409;Line 254;0;72.9948656859449
-23.592734822;-46.779008745;769.6;12930;3.692701543739283;965.4927015437393;Line 254;0;72.9948656859449
-23.592658829;-46.778726633;767.9;12900;3.6841337907375675;965.4841337907375;Line 254;0;72.9948656859449
-23.592582835;-46.778444522;766.5;12870;3.6755660377358526;965.4755660377358;Line 254;0;72.9948656859449
-23.592506841;-46.778162411;765.2;12840;3.666998284734137;965.4669982847341;Line 254;0;72.9948656859449
-23.592430846;-46.7778803;763.4;12810;3.6584305317324217;965.4584305317323;Line 254;0;72.9948656859449
-23.592354851;-46.777598189;761.3;12780;3.6498627787307063;965.4498627787307;Line 254;0;72.9948656859449
-23.592278856;-46.777316079;759.1;12750;3.6412950257289913;965.4412950257289;Line 254;0;72.9948656859449
-23.592202859;-46.777033969;756.9;12720;3.6327272727272764;965.4327272727272;Line 254;0;72.9948656859449
-23.592126862;-46.776751859;755.1;12690;3.624159519725561;965.4241595197255;Line 254;0;72.9948656859449
-23.592050865;-46.77646975;757.4;12660;3.6155917667238455;965.4155917667238;Line 254;0;72.9948656859449
-23.591974867;-46.776187641;761.5;12630;3.60702401372213;965.4070240137221;Line 254;0;72.9948656859449
-23.591898869;-46.775905532;765.9;12600;3.598456260720415;965.3984562607204;Line 254;0;72.9948656859449
-23.59182287;-46.775623423;769.1;12570;3.5898885077186997;965.3898885077186;Line 254;0;72.9948656859449
-23.59174687;-46.775341315;771.8;12540;3.5813207547169843;965.381320754717;Line 254;0;72.9948656859449
-23.59167087;-46.775059207;774.4;12510;3.572753001715269;965.3727530017152;Line 254;0;72.9948656859449
-23.59159487;-46.7747771;776.9;12480;3.564185248713554;965.3641852487135;Line 254;0;72.9948656859449
-23.591518869;-46.774494992;778.8;12450;3.5556174957118385;965.3556174957118;Line 254;0;72.9948656859449
-23.591442867;-46.774212885;780.2;12420;3.5470497427101235;965.34704974271;Line 254;0;72.9948656859449
-23.591366865;-46.773930779;782.2;12390;3.5384819897084077;965.3384819897084;Line 254;0;72.9948656859449
-23.591290862;-46.773648672;784.0;12360;3.5299142367066927;965.3299142367066;Line 254;0;72.9948656859449
-23.591214859;-46.773366566;785.4;12330;3.5213464837049777;965.3213464837049;Line 254;0;72.9948656859449
-23.591138855;-46.77308446;787.2;12300;3.5127787307032623;965.3127787307033;Line 254;0;72.9948656859449
-23.591062851;-46.772802355;789.2;12270;3.504210977701547;965.3042109777015;Line 254;0;72.9948656859449
-23.590986846;-46.772520249;791.5;12240;3.4956432246998315;965.2956432246998;Line 254;0;72.9948656859449
-23.590910841;-46.772238144;790.5;12210;3.4870754716981165;965.287075471698;Line 254;0;72.9948656859449
-23.590834835;-46.77195604;789.1;12180;3.478507718696401;965.2785077186963;Line 254;0;72.9948656859449
-23.590758829;-46.771673935;787.1;12150;3.469939965694686;965.2699399656947;Line 254;0;72.9948656859449
-23.590682822;-46.771391831;784.6;12120;3.4613722126929702;965.2613722126929;Line 254;0;72.9948656859449
-23.590606814;-46.771109727;781.7;12090;3.4528044596912553;965.2528044596912;Line 254;0;72.9948656859449
-23.590530806;-46.770827624;778.5;12060;3.44423670668954;965.2442367066895;Line 254;0;72.9948656859449
-23.590454798;-46.77054552;776.6;12030;3.435668953687825;965.2356689536878;Line 254;0;72.9948656859449
-23.590378789;-46.770263417;774.9;12000;3.4271012006861095;965.2271012006861;Line 254;0;72.9948656859449
-23.590302779;-46.769981315;773.5;11970;3.418533447684394;965.2185334476843;Line 254;0;72.9948656859449
-23.590226769;-46.769699212;770.8;11940;3.409965694682679;965.2099656946826;Line 254;0;72.9948656859449
-23.590150758;-46.76941711;768.4;11910;3.4013979416809637;965.201397941681;Line 254;0;72.9948656859449
-23.590074747;-46.769135009;766.1;11880;3.3928301886792487;965.1928301886792;Line 254;0;72.9948656859449
-23.589998735;-46.768852907;762.6;11850;3.384262435677533;965.1842624356775;Line 254;0;72.9948656859449
-23.589922723;-46.768570806;759.0;11820;3.375694682675818;965.1756946826757;Line 254;0;72.9948656859449
-23.58984671;-46.768288705;756.1;11790;3.3671269296741024;965.167126929674;Line 254;0;72.9948656859449
-23.589770697;-46.768006604;755.6;11760;3.3585591766723875;965.1585591766724;Line 254;0;72.9948656859449
-23.589694683;-46.767724504;755.2;11730;3.349991423670672;965.1499914236706;Line 254;0;72.9948656859449
-23.589618669;-46.767442404;755.7;11700;3.3414236706689566;965.1414236706689;Line 254;0;72.9948656859449
-23.589542654;-46.767160304;758.4;11670;3.332855917667241;965.1328559176671;Line 254;0;72.9948656859449
-23.589466638;-46.766878205;761.2;11640;3.3242881646655262;965.1242881646655;Line 254;0;72.9948656859449
-23.589390622;-46.766596106;763.9;11610;3.3157204116638113;965.1157204116638;Line 254;0;72.9948656859449
-23.589314606;-46.766314007;766.2;11580;3.3071526586620954;965.107152658662;Line 254;0;72.9948656859449
-23.589238589;-46.766031908;768.5;11550;3.2985849056603804;965.0985849056603;Line 254;0;72.9948656859449
-23.589162571;-46.76574981;770.2;11520;3.290017152658665;965.0900171526587;Line 254;0;72.9948656859449
-23.589086553;-46.765467712;770.1;11490;3.28144939965695;965.0814493996569;Line 254;0;72.9948656859449
-23.589010534;-46.765185614;770.1;11460;3.2728816466552346;965.0728816466552;Line 254;0;72.9948656859449
-23.588934515;-46.764903517;770.4;11430;3.264313893653519;965.0643138936534;Line 254;0;72.9948656859449
-23.588858496;-46.76462142;771.3;11400;3.255746140651804;965.0557461406518;Line 254;0;72.9948656859449
-23.588782475;-46.764339323;772.0;11370;3.247178387650089;965.0471783876501;Line 254;0;72.9948656859449
-23.588706454;-46.764057226;773.3;11340;3.2386106346483734;965.0386106346483;Line 254;0;72.9948656859449
-23.588630433;-46.76377513;775.4;11310;3.230042881646658;965.0300428816466;Line 254;0;72.9948656859449
-23.588554411;-46.763493034;776.9;11280;3.221475128644943;965.0214751286449;Line 254;0;72.9948656859449
-23.588478389;-46.763210938;778.0;11250;3.2129073756432276;965.0129073756432;Line 254;0;72.9948656859449
-23.588402366;-46.762928843;779.4;11220;3.2043396226415126;965.0043396226415;Line 254;0;72.9948656859449
-23.588326343;-46.762646748;781.1;11190;3.195771869639797;964.9957718696397;Line 254;0;72.9948656859449
-23.588250319;-46.762364653;784.0;11160;3.187204116638082;964.987204116638;Line 254;0;72.9948656859449
-23.588174294;-46.762082559;787.3;11130;3.1786363636363664;964.9786363636363;Line 254;0;72.9948656859449
-23.588098269;-46.761800465;790.6;11100;3.1700686106346514;964.9700686106346;Line 254;0;72.9948656859449
-23.588022243;-46.761518371;793.2;11070;3.161500857632936;964.9615008576329;Line 254;0;72.9948656859449
-23.587946217;-46.761236277;795.3;11040;3.1529331046312206;964.9529331046311;Line 254;0;72.9948656859449
-23.587870191;-46.760954184;797.5;11010;3.144365351629505;964.9443653516295;Line 254;0;72.9948656859449
-23.587794163;-46.760672091;798.1;10980;3.13579759862779;964.9357975986278;Line 254;0;72.9948656859449
-23.587718136;-46.760389998;797.7;10950;3.1272298456260748;964.927229845626;Line 254;0;72.9948656859449
-23.587642107;-46.760107906;797.3;10920;3.11866209262436;964.9186620926243;Line 254;0;72.9948656859449
-23.587566079;-46.759825813;796.8;10890;3.1100943396226444;964.9100943396226;Line 254;0;72.9948656859449
-23.587490049;-46.759543722;796.5;10860;3.101526586620929;964.9015265866209;Line 254;0;72.9948656859449
-23.587414019;-46.75926163;796.6;10830;3.092958833619214;964.8929588336192;Line 254;0;72.9948656859449
-23.587337989;-46.758979539;794.6;10800;3.0843910806174986;964.8843910806174;Line 254;0;72.9948656859449
-23.587261958;-46.758697448;791.4;10770;3.0758233276157836;964.8758233276158;Line 254;0;72.9948656859449
-23.587185927;-46.758415357;787.9;10740;3.0672555746140677;964.867255574614;Line 254;0;72.9948656859449
-23.587109895;-46.758133267;786.1;10710;3.0586878216123528;964.8586878216123;Line 254;0;72.9948656859449
-23.587033862;-46.757851177;785.2;10680;3.0501200686106373;964.8501200686106;Line 254;0;72.9948656859449
-23.586957829;-46.757569087;784.2;10650;3.0415523156089224;964.8415523156089;Line 254;0;72.9948656859449
-23.586881796;-46.757286997;785.1;10620;3.0329845626072065;964.8329845626072;Line 254;0;72.9948656859449
-23.586805762;-46.757004908;786.4;10590;3.0244168096054915;964.8244168096054;Line 254;0;72.9948656859449
-23.586729727;-46.756722819;787.5;10560;3.015849056603776;964.8158490566037;Line 254;0;72.9948656859449
-23.586653692;-46.756440731;788.2;10530;3.007281303602061;964.807281303602;Line 254;0;72.9948656859449
-23.586577656;-46.756158642;788.5;10500;2.998713550600346;964.7987135506003;Line 254;0;72.9948656859449
-23.58650162;-46.755876554;788.6;10470;2.9901457975986303;964.7901457975986;Line 254;0;72.9948656859449
-23.586425583;-46.755594466;787.8;10440;2.9815780445969153;964.7815780445969;Line 254;0;72.9948656859449
-23.586349546;-46.755312379;787.1;10410;2.9730102915952;964.7730102915951;Line 254;0;72.9948656859449
-23.586273508;-46.755030292;786.7;10380;2.964442538593485;964.7644425385935;Line 254;0;72.9948656859449
-23.586197469;-46.754748205;786.7;10350;2.955874785591769;964.7558747855917;Line 254;0;72.9948656859449
-23.586121431;-46.754466118;786.9;10320;2.947307032590054;964.74730703259;Line 254;0;72.9948656859449
-23.586045391;-46.754184032;787.4;10290;2.9387392795883387;964.7387392795883;Line 254;0;72.9948656859449
-23.585969351;-46.753901946;788.7;10260;2.9301715265866237;964.7301715265866;Line 254;0;72.9948656859449
-23.585893311;-46.75361986;790.2;10230;2.9216037735849083;964.7216037735849;Line 254;0;72.9948656859449
-23.58581727;-46.753337775;791.9;10200;2.913036020583193;964.7130360205831;Line 254;0;72.9948656859449
-23.585741228;-46.75305569;791.4;10170;2.904468267581478;964.7044682675814;Line 254;0;72.9948656859449
-23.585665186;-46.752773605;790.7;10140;2.8959005145797625;964.6959005145798;Line 254;0;72.9948656859449
-23.585589143;-46.75249152;789.7;10110;2.8873327615780475;964.687332761578;Line 254;0;72.9948656859449
-23.5855131;-46.752209436;789.1;10080;2.878765008576332;964.6787650085763;Line 254;0;72.9948656859449
-23.585437056;-46.751927352;788.6;10050;2.8701972555746167;964.6701972555745;Line 254;0;72.9948656859449
-23.585361012;-46.751645269;788.0;10020;2.8616295025729013;964.6616295025729;Line 254;0;72.9948656859449
-23.585284967;-46.751363185;788.7;9990;2.8530617495711863;964.6530617495712;Line 254;0;72.9948656859449
-23.585208922;-46.751081102;789.2;9960;2.844493996569471;964.6444939965694;Line 254;0;72.9948656859449
-23.585132876;-46.750799019;789.3;9930;2.8359262435677555;964.6359262435677;Line 254;0;72.9948656859449
-23.58505683;-46.750516937;786.0;9900;2.82735849056604;964.6273584905659;Line 254;0;72.9948656859449
-23.584980783;-46.750234855;782.7;9870;2.818790737564325;964.6187907375643;Line 254;0;72.9948656859449
-23.584904736;-46.749952773;779.3;9840;2.8102229845626097;964.6102229845626;Line 254;0;72.9948656859449
-23.584828688;-46.749670691;776.1;9810;2.8016552315608947;964.6016552315608;Line 254;0;72.9948656859449
-23.584752639;-46.74938861;773.2;9780;2.7930874785591793;964.5930874785591;Line 254;0;72.9948656859449
-23.58467659;-46.749106529;771.8;9750;2.784519725557464;964.5845197255575;Line 254;0;72.9948656859449
-23.584600541;-46.748824448;775.3;9720;2.775951972555749;964.5759519725557;Line 254;0;72.9948656859449
-23.584524491;-46.748542368;779.1;9690;2.7673842195540335;964.567384219554;Line 254;0;72.9948656859449
-23.58444844;-46.748260287;782.9;9660;2.758816466552318;964.5588164665522;Line 254;0;72.9948656859449
-23.584372389;-46.747978208;785.5;9630;2.7502487135506026;964.5502487135506;Line 254;0;72.9948656859449
-23.584296337;-46.747696128;788.0;9600;2.7416809605488877;964.5416809605489;Line 254;0;72.9948656859449
-23.584220285;-46.747414049;790.1;9570;2.7331132075471722;964.5331132075471;Line 254;0;72.9948656859449
-23.584144232;-46.74713197;790.9;9540;2.7245454545454573;964.5245454545454;Line 254;0;72.9948656859449
-23.584068179;-46.746849891;791.8;9510;2.7159777015437414;964.5159777015436;Line 254;0;72.9948656859449
-23.583992125;-46.746567813;793.2;9480;2.7074099485420264;964.507409948542;Line 254;0;72.9948656859449
-23.583916071;-46.746285735;795.2;9450;2.6988421955403115;964.4988421955403;Line 254;0;72.9948656859449
-23.583840016;-46.746003657;797.2;9420;2.690274442538596;964.4902744425385;Line 254;0;72.9948656859449
-23.58376396;-46.745721579;798.8;9390;2.6817066895368806;964.4817066895368;Line 254;0;72.9948656859449
-23.583687904;-46.745439502;799.9;9360;2.673138936535165;964.4731389365351;Line 254;0;72.9948656859449
-23.583611848;-46.745157425;801.2;9330;2.6645711835334502;964.4645711835334;Line 254;0;72.9948656859449
-23.583535791;-46.744875348;801.1;9300;2.656003430531735;964.4560034305317;Line 254;0;72.9948656859449
-23.583459733;-46.744593272;799.5;9270;2.64743567753002;964.4474356775299;Line 254;0;72.9948656859449
-23.583383675;-46.744311196;798.3;9240;2.638867924528304;964.4388679245283;Line 254;0;72.9948656859449
-23.583307617;-46.74402912;795.2;9210;2.630300171526589;964.4303001715266;Line 254;0;72.9948656859449
-23.583231558;-46.743747045;790.0;9180;2.6217324185248736;964.4217324185248;Line 254;0;72.9948656859449
-23.583155498;-46.74346497;785.3;9150;2.6131646655231586;964.4131646655231;Line 254;0;72.9948656859449
-23.583079438;-46.743182895;783.2;9120;2.604596912521443;964.4045969125214;Line 254;0;72.9948656859449
-23.583003377;-46.74290082;783.4;9090;2.596029159519728;964.3960291595197;Line 254;0;72.9948656859449
-23.582927316;-46.742618746;784.0;9060;2.587461406518013;964.387461406518;Line 254;0;72.9948656859449
-23.582851254;-46.742336672;783.6;9030;2.5788936535162974;964.3788936535162;Line 254;0;72.9948656859449
-23.582775192;-46.742054598;781.9;9000;2.5703259005145824;964.3703259005146;Line 254;0;72.9948656859449
-23.582699129;-46.741772525;779.8;8970;2.5617581475128666;964.3617581475128;Line 254;0;72.9948656859449
-23.582623065;-46.741490452;776.0;8940;2.5531903945111516;964.3531903945111;Line 254;0;72.9948656859449
-23.582547001;-46.741208379;771.1;8910;2.544622641509436;964.3446226415094;Line 254;0;72.9948656859449
-23.582470937;-46.740926306;766.4;8880;2.536054888507721;964.3360548885076;Line 254;0;72.9948656859449
-23.582394872;-46.740644234;767.7;8850;2.527487135506006;964.327487135506;Line 254;0;72.9948656859449
-23.582318806;-46.740362162;771.6;8820;2.5189193825042904;964.3189193825042;Line 254;0;72.9948656859449
-23.58224274;-46.74008009;775.3;8790;2.510351629502575;964.3103516295025;Line 254;0;72.9948656859449
-23.582166674;-46.739798019;775.2;8760;2.50178387650086;964.3017838765008;Line 254;0;72.9948656859449
-23.582090607;-46.739515948;773.6;8730;2.4932161234991446;964.2932161234991;Line 254;0;72.9948656859449
-23.582014539;-46.739233877;771.9;8700;2.484648370497429;964.2846483704974;Line 254;0;72.9948656859449
-23.581938471;-46.738951807;769.0;8670;2.476080617495714;964.2760806174957;Line 254;0;72.9948656859449
-23.581862402;-46.738669736;765.7;8640;2.4675128644939988;964.2675128644939;Line 254;0;72.9948656859449
-23.581786333;-46.738387667;762.1;8610;2.458945111492284;964.2589451114923;Line 254;0;72.9948656859449
-23.581710263;-46.738105597;759.1;8580;2.4503773584905684;964.2503773584905;Line 254;0;72.9948656859449
-23.581634193;-46.737823528;755.9;8550;2.441809605488853;964.2418096054888;Line 254;0;72.9948656859449
-23.581558122;-46.737541459;752.9;8520;2.4332418524871375;964.2332418524871;Line 254;0;72.9948656859449
-23.58148205;-46.73725939;752.3;8490;2.4246740994854226;964.2246740994854;Line 254;0;72.9948656859449
-23.581405978;-46.736977321;752.3;8460;2.416106346483707;964.2161063464837;Line 254;0;72.9948656859449
-23.581329906;-46.736695253;752.5;8430;2.4075385934819917;964.2075385934819;Line 254;0;72.9948656859449
-23.581253833;-46.736413185;753.6;8400;2.3989708404802763;964.1989708404802;Line 254;0;72.9948656859449
-23.58117776;-46.736131118;754.7;8370;2.3904030874785613;964.1904030874786;Line 254;0;72.9948656859449
-23.581101685;-46.735849051;755.7;8340;2.3818353344768464;964.1818353344768;Line 254;0;72.9948656859449
-23.581025611;-46.735566984;758.4;8310;2.373267581475131;964.1732675814751;Line 254;0;72.9948656859449
-23.580949536;-46.735284917;761.1;8280;2.3646998284734155;964.1646998284733;Line 254;0;72.9948656859449
-23.58087346;-46.735002851;763.8;8250;2.3561320754717;964.1561320754716;Line 254;0;72.9948656859449
-23.580797384;-46.734720784;768.2;8220;2.347564322469985;964.14756432247;Line 254;0;72.9948656859449
-23.580721307;-46.734438719;772.2;8190;2.3389965694682697;964.1389965694682;Line 254;0;72.9948656859449
-23.58064523;-46.734156653;775.6;8160;2.3304288164665548;964.1304288164665;Line 254;0;72.9948656859449
-23.580569152;-46.733874588;776.4;8130;2.321861063464839;964.1218610634648;Line 254;0;72.9948656859449
-23.580493074;-46.733592523;777.1;8100;2.313293310463124;964.1132933104631;Line 254;0;72.9948656859449
-23.580416995;-46.733310458;777.6;8070;2.3047255574614085;964.1047255574614;Line 254;0;72.9948656859449
-23.580340916;-46.733028394;777.7;8040;2.2961578044596935;964.0961578044596;Line 254;0;72.9948656859449
-23.580264836;-46.73274633;777.7;8010;2.287590051457978;964.0875900514579;Line 254;0;72.9948656859449
-23.580188755;-46.732464266;777.7;7980;2.2790222984562627;964.0790222984563;Line 254;0;72.9948656859449
-23.580112674;-46.732182203;778.3;7950;2.2704545454545477;964.0704545454545;Line 254;0;72.9948656859449
-23.580036593;-46.73190014;779.1;7920;2.2618867924528323;964.0618867924528;Line 254;0;72.9948656859449
-23.579960511;-46.731618077;779.4;7890;2.2533190394511173;964.053319039451;Line 254;0;72.9948656859449
-23.579884428;-46.731336014;777.4;7860;2.2447512864494015;964.0447512864494;Line 254;0;72.9948656859449
-23.579808345;-46.731053952;775.4;7830;2.2361835334476865;964.0361835334477;Line 254;0;72.9948656859449
-23.579732262;-46.73077189;773.4;7800;2.227615780445971;964.0276157804459;Line 254;0;72.9948656859449
-23.579656177;-46.730489828;771.1;7770;2.219048027444256;964.0190480274442;Line 254;0;72.9948656859449
-23.579580093;-46.730207767;768.7;7740;2.2104802744425402;964.0104802744424;Line 254;0;72.9948656859449
-23.579504008;-46.729925706;767.4;7710;2.2019125214408253;964.0019125214408;Line 254;0;72.9948656859449
-23.579427922;-46.729643645;768.9;7680;2.19334476843911;963.9933447684391;Line 254;0;72.9948656859449
-23.579351835;-46.729361584;770.3;7650;2.184777015437395;963.9847770154373;Line 254;0;72.9948656859449
-23.579275749;-46.729079524;772.5;7620;2.17620926243568;963.9762092624356;Line 254;0;72.9948656859449
-23.579199661;-46.728797464;776.5;7590;2.167641509433964;963.967641509434;Line 254;0;72.9948656859449
-23.579123573;-46.728515404;780.7;7560;2.159073756432249;963.9590737564322;Line 254;0;72.9948656859449
-23.579047485;-46.728233345;784.4;7530;2.1505060034305337;963.9505060034305;Line 254;0;72.9948656859449
-23.578971396;-46.727951286;786.8;7500;2.1419382504288187;963.9419382504287;Line 254;0;72.9948656859449
-23.578895307;-46.727669227;788.8;7470;2.133370497427103;963.9333704974271;Line 254;0;72.9948656859449
-23.578819217;-46.727387169;789.2;7440;2.124802744425388;963.9248027444254;Line 254;0;72.9948656859449
-23.578743126;-46.72710511;788.2;7410;2.1162349914236724;963.9162349914236;Line 254;0;72.9948656859449
-23.578667035;-46.726823053;787.7;7380;2.1076672384219575;963.9076672384219;Line 254;0;72.9948656859449
-23.578590943;-46.726540995;787.4;7350;2.099099485420242;963.8990994854202;Line 254;0;72.9948656859449
-23.578514851;-46.726258938;786.7;7320;2.0905317324185266;963.8905317324185;Line 254;0;72.9948656859449
-23.578438759;-46.725976881;786.2;7290;2.081963979416811;963.8819639794168;Line 254;0;72.9948656859449
-23.578362665;-46.725694824;785.6;7260;2.0733962264150962;963.873396226415;Line 254;0;72.9948656859449
-23.578286572;-46.725412767;784.9;7230;2.0648284734133813;963.8648284734134;Line 254;0;72.9948656859449
-23.578210477;-46.725130711;784.3;7200;2.0562607204116654;963.8562607204116;Line 254;0;72.9948656859449
-23.578134383;-46.724848656;783.7;7170;2.0476929674099504;963.8476929674099;Line 254;0;72.9948656859449
-23.578058287;-46.7245666;782.6;7140;2.039125214408235;963.8391252144082;Line 254;0;72.9948656859449
-23.577982191;-46.724284545;781.5;7110;2.03055746140652;963.8305574614064;Line 254;0;72.9948656859449
-23.577906095;-46.72400249;780.4;7080;2.0219897084048046;963.8219897084048;Line 254;0;72.9948656859449
-23.577829998;-46.723720435;779.4;7050;2.013421955403089;963.8134219554031;Line 254;0;72.9948656859449
-23.577753901;-46.723438381;778.4;7020;2.004854202401374;963.8048542024013;Line 254;0;72.9948656859449
-23.577677803;-46.723156327;777.5;6990;1.9962864493996588;963.7962864493996;Line 254;0;72.9948656859449
-23.577601704;-46.722874273;776.8;6960;1.9877186963979436;963.7877186963979;Line 254;0;72.9948656859449
-23.577525605;-46.722592219;776.2;6930;1.9791509433962284;963.7791509433962;Line 254;0;72.9948656859449
-23.577449505;-46.722310166;775.0;6900;1.9705831903945128;963.7705831903945;Line 254;0;72.9948656859449
-23.577373405;-46.722028113;773.7;6870;1.9620154373927976;963.7620154373927;Line 254;0;72.9948656859449
-23.577297305;-46.721746061;772.8;6840;1.9534476843910824;963.7534476843911;Line 254;0;72.9948656859449
-23.577221203;-46.721464008;770.7;6810;1.9448799313893672;963.7448799313893;Line 254;0;72.9948656859449
-23.577145102;-46.721181956;768.2;6780;1.9363121783876516;963.7363121783876;Line 254;0;72.9948656859449
-23.577068999;-46.720899904;765.7;6750;1.9277444253859364;963.7277444253859;Line 254;0;72.9948656859449
-23.576992897;-46.720617853;763.0;6720;1.9191766723842214;963.7191766723842;Line 254;0;72.9948656859449
-23.576916793;-46.720335802;760.6;6690;1.9106089193825062;963.7106089193825;Line 254;0;72.9948656859449
-23.576840689;-46.720053751;758.6;6660;1.902041166380791;963.7020411663807;Line 254;0;72.9948656859449
-23.576764585;-46.7197717;760.7;6630;1.8934734133790754;963.693473413379;Line 254;0;72.9948656859449
-23.57668848;-46.71948965;763.5;6600;1.8849056603773602;963.6849056603774;Line 254;0;72.9948656859449
-23.576612375;-46.7192076;766.3;6570;1.876337907375645;963.6763379073756;Line 254;0;72.9948656859449
-23.576536269;-46.71892555;768.4;6540;1.8677701543739296;963.6677701543739;Line 254;0;72.9948656859449
-23.576460162;-46.718643501;770.0;6510;1.8592024013722144;963.6592024013721;Line 254;0;72.9948656859449
-23.576384055;-46.718361452;770.9;6480;1.850634648370499;963.6506346483704;Line 254;0;72.9948656859449
-23.576307948;-46.718079403;769.2;6450;1.8420668953687838;963.6420668953688;Line 254;0;72.9948656859449
-23.57623184;-46.717797355;767.1;6420;1.8334991423670686;963.633499142367;Line 254;0;72.9948656859449
-23.576155731;-46.717515306;764.9;6390;1.8249313893653532;963.6249313893653;Line 254;0;72.9948656859449
-23.576079622;-46.717233259;762.2;6360;1.8163636363636382;963.6163636363636;Line 254;0;72.9948656859449
-23.576003512;-46.716951211;759.4;6330;1.8077958833619228;963.6077958833619;Line 254;0;72.9948656859449
-23.575927402;-46.716669164;756.5;6300;1.7992281303602076;963.5992281303602;Line 254;0;72.9948656859449
-23.575851291;-46.716387116;752.4;6270;1.7906603773584922;963.5906603773584;Line 254;0;72.9948656859449
-23.57577518;-46.71610507;748.6;6240;1.782092624356777;963.5820926243567;Line 254;0;72.9948656859449
-23.575699068;-46.715823023;744.7;6210;1.7735248713550618;963.5735248713551;Line 254;0;72.9948656859449
-23.575622956;-46.715540977;741.9;6180;1.7649571183533463;963.5649571183533;Line 254;0;72.9948656859449
-23.575546843;-46.715258931;739.2;6150;1.7563893653516311;963.5563893653516;Line 254;0;72.9948656859449
-23.575470729;-46.714976886;736.7;6120;1.7478216123499157;963.5478216123498;Line 254;0;72.9948656859449
-23.575394615;-46.71469484;735.0;6090;1.7392538593482005;963.5392538593482;Line 254;0;72.9948656859449
-23.575318501;-46.714412795;733.3;6060;1.7306861063464851;963.5306861063465;Line 254;0;72.9948656859449
-23.575242386;-46.714130751;731.6;6030;1.72211835334477;963.5221183533447;Line 254;0;72.9948656859449
-23.57516627;-46.713848706;730.9;6000;1.7135506003430547;963.513550600343;Line 254;0;72.9948656859449
-23.575090154;-46.713566662;730.3;5970;1.7049828473413395;963.5049828473412;Line 254;0;72.9948656859449
-23.575014038;-46.713284618;729.9;5940;1.6964150943396243;963.4964150943396;Line 254;0;72.9948656859449
-23.57493792;-46.713002575;729.6;5910;1.687847341337909;963.4878473413379;Line 254;0;72.9948656859449
-23.574861803;-46.712720532;729.2;5880;1.6792795883361937;963.4792795883361;Line 254;0;72.9948656859449
-23.574785685;-46.712438489;728.6;5850;1.6707118353344783;963.4707118353344;Line 254;0;72.9948656859449
-23.574709566;-46.712156446;728.1;5820;1.6621440823327631;963.4621440823328;Line 254;0;72.9948656859449
-23.574633447;-46.711874404;727.7;5790;1.6535763293310477;963.453576329331;Line 254;0;72.9948656859449
-23.574557327;-46.711592362;727.7;5760;1.6450085763293325;963.4450085763293;Line 254;0;72.9948656859449
-23.574481206;-46.71131032;728.6;5730;1.6364408233276173;963.4364408233275;Line 254;0;72.9948656859449
-23.574405086;-46.711028278;729.6;5700;1.627873070325902;963.4278730703259;Line 254;0;72.9948656859449
-23.574328964;-46.710746237;731.1;5670;1.6193053173241867;963.4193053173242;Line 254;0;72.9948656859449
-23.574252842;-46.710464196;733.7;5640;1.6107375643224715;963.4107375643224;Line 254;0;72.9948656859449
-23.57417672;-46.710182156;736.4;5610;1.6021698113207563;963.4021698113207;Line 254;0;72.9948656859449
-23.574100597;-46.709900115;738.1;5580;1.593602058319041;963.393602058319;Line 254;0;72.9948656859449
-23.574024473;-46.709618075;738.8;5550;1.5850343053173257;963.3850343053173;Line 254;0;72.9948656859449
-23.573948349;-46.709336036;739.6;5520;1.5764665523156103;963.3764665523156;Line 254;0;72.9948656859449
-23.573872225;-46.709053996;740.2;5490;1.567898799313895;963.3678987993138;Line 254;0;72.9948656859449
-23.573796099;-46.708771957;740.6;5460;1.55933104631218;963.3593310463121;Line 254;0;72.9948656859449
-23.573719974;-46.708489918;741.0;5430;1.5507632933104645;963.3507632933104;Line 254;0;72.9948656859449
-23.573643848;-46.70820788;741.5;5400;1.5421955403087493;963.3421955403087;Line 254;0;72.9948656859449
-23.573567721;-46.707925841;742.1;5370;1.5336277873070339;963.333627787307;Line 254;0;72.9948656859449
-23.573491594;-46.707643803;742.5;5340;1.5250600343053187;963.3250600343052;Line 254;0;72.9948656859449
-23.573415466;-46.707361766;742.5;5310;1.5164922813036033;963.3164922813036;Line 254;0;72.9948656859449
-23.573339338;-46.707079728;742.0;5280;1.507924528301888;963.3079245283019;Line 254;0;72.9948656859449
-23.573263209;-46.706797691;741.5;5250;1.499356775300173;963.2993567753001;Line 254;0;72.9948656859449
-23.573187079;-46.706515655;741.2;5220;1.4907890222984577;963.2907890222984;Line 254;0;72.9948656859449
-23.573110949;-46.706233618;741.2;5190;1.4822212692967425;963.2822212692967;Line 254;0;72.9948656859449
-23.573034819;-46.705951582;741.0;5160;1.473653516295027;963.273653516295;Line 254;0;72.9948656859449
-23.572958688;-46.705669546;739.7;5130;1.4650857632933119;963.2650857632933;Line 254;0;72.9948656859449
-23.572882556;-46.70538751;737.8;5100;1.4565180102915964;963.2565180102915;Line 254;0;72.9948656859449
-23.572806424;-46.705105475;736.0;5070;1.4479502572898812;963.2479502572899;Line 254;0;72.9948656859449
-23.572730292;-46.70482344;734.3;5040;1.439382504288166;963.2393825042881;Line 254;0;72.9948656859449
-23.572654159;-46.704541405;732.8;5010;1.4308147512864506;963.2308147512864;Line 254;0;72.9948656859449
-23.572578025;-46.704259371;731.5;4980;1.4222469982847354;963.2222469982847;Line 254;0;72.9948656859449
-23.572501891;-46.703977337;730.6;4950;1.41367924528302;963.213679245283;Line 254;0;72.9948656859449
-23.572425756;-46.703695303;729.7;4920;1.4051114922813048;963.2051114922813;Line 254;0;72.9948656859449
-23.572349621;-46.703413269;729.0;4890;1.3965437392795896;963.1965437392795;Line 254;0;72.9948656859449
-23.572273485;-46.703131236;728.9;4860;1.3879759862778744;963.1879759862778;Line 254;0;72.9948656859449
-23.572197349;-46.702849203;728.7;4830;1.379408233276159;963.1794082332761;Line 254;0;72.9948656859449
-23.572121212;-46.70256717;728.3;4800;1.3708404802744438;963.1708404802744;Line 254;0;72.9948656859449
-23.572045075;-46.702285138;726.1;4770;1.3622727272727286;963.1622727272727;Line 254;0;72.9948656859449
-23.571968937;-46.702003106;723.4;4740;1.3537049742710132;963.153704974271;Line 254;0;72.9948656859449
-23.571892799;-46.701721074;720.8;4710;1.345137221269298;963.1451372212692;Line 254;0;72.9948656859449
-23.57181666;-46.701439043;720.7;4680;1.3365694682675826;963.1365694682676;Line 254;0;72.9948656859449
-23.57174052;-46.701157012;721.6;4650;1.3280017152658674;963.1280017152658;Line 254;0;72.9948656859449
-23.57166438;-46.700874981;722.8;4620;1.319433962264152;963.1194339622641;Line 254;0;72.9948656859449
-23.57158824;-46.70059295;724.9;4590;1.3108662092624368;963.1108662092624;Line 254;0;72.9948656859449
-23.571512099;-46.70031092;727.1;4560;1.3022984562607216;963.1022984562607;Line 254;0;72.9948656859449
-23.571435957;-46.70002889;729.3;4530;1.2937307032590064;963.093730703259;Line 254;0;72.9948656859449
-23.571359815;-46.69974686;730.3;4500;1.2851629502572912;963.0851629502572;Line 254;0;72.9948656859449
-23.571283672;-46.69946483;731.0;4470;1.2765951972555758;963.0765951972555;Line 254;0;72.9948656859449
-23.571207529;-46.699182801;731.4;4440;1.2680274442538606;963.0680274442539;Line 254;0;72.9948656859449
-23.571131385;-46.698900772;731.3;4410;1.2594596912521452;963.0594596912521;Line 254;0;72.9948656859449
-23.571055241;-46.698618744;731.4;4380;1.25089193825043;963.0508919382504;Line 254;0;72.9948656859449
-23.570979096;-46.698336716;731.6;4350;1.2423241852487146;963.0423241852486;Line 254;0;72.9948656859449
-23.570902951;-46.698054688;732.7;4320;1.2337564322469994;963.033756432247;Line 254;0;72.9948656859449
-23.570826805;-46.69777266;734.1;4290;1.2251886792452842;963.0251886792453;Line 254;0;72.9948656859449
-23.570750659;-46.697490633;735.7;4260;1.2166209262435688;963.0166209262435;Line 254;0;72.9948656859449
-23.570674512;-46.697208606;736.0;4230;1.2080531732418536;963.0080531732418;Line 254;0;72.9948656859449
-23.570598364;-46.696926579;736.0;4200;1.1994854202401382;962.9994854202401;Line 254;0;72.9948656859449
-23.570522216;-46.696644552;735.8;4170;1.1909176672384232;962.9909176672384;Line 254;0;72.9948656859449
-23.570446068;-46.696362526;736.9;4140;1.1823499142367078;962.9823499142367;Line 254;0;72.9948656859449
-23.570369919;-46.6960805;737.7;4110;1.1737821612349926;962.9737821612349;Line 254;0;72.9948656859449
-23.570293769;-46.695798474;738.0;4080;1.1652144082332774;962.9652144082332;Line 254;0;72.9948656859449
-23.570217619;-46.695516449;737.6;4050;1.156646655231562;962.9566466552316;Line 254;0;72.9948656859449
-23.570141468;-46.695234424;737.8;4020;1.1480789022298468;962.9480789022298;Line 254;0;72.9948656859449
-23.570065317;-46.694952399;738.4;3990;1.1395111492281313;962.9395111492281;Line 254;0;72.9948656859449
-23.569989165;-46.694670375;737.8;3960;1.1309433962264162;962.9309433962263;Line 254;0;72.9948656859449
-23.569913013;-46.694388351;736.8;3930;1.1223756432247007;962.9223756432247;Line 254;0;72.9948656859449
-23.56983686;-46.694106327;736.0;3900;1.1138078902229855;962.913807890223;Line 254;0;72.9948656859449
-23.569760707;-46.693824303;736.1;3870;1.1052401372212701;962.9052401372212;Line 254;0;72.9948656859449
-23.569684553;-46.69354228;736.3;3840;1.096672384219555;962.8966723842195;Line 254;0;72.9948656859449
-23.569608399;-46.693260257;736.9;3810;1.08810463121784;962.8881046312177;Line 254;0;72.9948656859449
-23.569532244;-46.692978234;738.4;3780;1.0795368782161245;962.8795368782161;Line 254;0;72.9948656859449
-23.569456089;-46.692696212;739.7;3750;1.0709691252144093;962.8709691252144;Line 254;0;72.9948656859449
-23.569379933;-46.69241419;740.4;3720;1.062401372212694;962.8624013722126;Line 254;0;72.9948656859449
-23.569303776;-46.692132168;740.0;3690;1.0538336192109787;962.853833619211;Line 254;0;72.9948656859449
-23.569227619;-46.691850147;739.9;3660;1.0452658662092633;962.8452658662093;Line 254;0;72.9948656859449
-23.569151462;-46.691568125;740.8;3630;1.0366981132075481;962.8366981132075;Line 254;0;72.9948656859449
-23.569075304;-46.691286104;742.9;3600;1.0281303602058327;962.8281303602058;Line 254;0;72.9948656859449
-23.568999145;-46.691004084;744.9;3570;1.0195626072041175;962.819562607204;Line 254;0;72.9948656859449
-23.568922986;-46.690722063;746.2;3540;1.0109948542024023;962.8109948542024;Line 254;0;72.9948656859449
-23.568846826;-46.690440043;746.8;3510;1.002427101200687;962.8024271012007;Line 254;0;72.9948656859449
-23.568770666;-46.690158024;747.5;3480;0.9938593481989718;962.7938593481989;Line 254;0;72.9948656859449
-23.568694505;-46.689876004;747.2;3450;0.9852915951972564;962.7852915951972;Line 254;0;72.9948656859449
-23.568618344;-46.689593985;745.6;3420;0.9767238421955412;962.7767238421955;Line 254;0;72.9948656859449
-23.568542182;-46.689311966;744.2;3390;0.9681560891938258;962.7681560891938;Line 254;0;72.9948656859449
-23.56846602;-46.689029948;743.5;3360;0.9595883361921107;962.7595883361921;Line 254;0;72.9948656859449
-23.568389857;-46.688747929;743.3;3330;0.9510205831903955;962.7510205831903;Line 254;0;72.9948656859449
-23.568313693;-46.688465911;743.2;3300;0.9424528301886801;962.7424528301887;Line 254;0;72.9948656859449
-23.56823753;-46.688183894;743.2;3270;0.9338850771869648;962.7338850771869;Line 254;0;72.9948656859449
-23.568161365;-46.687901876;743.5;3240;0.9253173241852495;962.7253173241852;Line 254;0;72.9948656859449
-23.5680852;-46.687619859;743.9;3210;0.9167495711835343;962.7167495711835;Line 254;0;72.9948656859449
-23.568009035;-46.687337842;744.0;3180;0.9081818181818191;962.7081818181817;Line 254;0;72.9948656859449
-23.567932869;-46.687055826;744.0;3150;0.8996140651801038;962.6996140651801;Line 254;0;72.9948656859449
-23.567856702;-46.68677381;743.9;3120;0.8910463121783885;962.6910463121783;Line 254;0;72.9948656859449
-23.567780535;-46.686491794;743.3;3090;0.8824785591766732;962.6824785591766;Line 254;0;72.9948656859449
-23.567704367;-46.686209778;742.4;3060;0.8739108061749579;962.673910806175;Line 254;0;72.9948656859449
-23.567628199;-46.685927763;741.5;3030;0.8653430531732426;962.6653430531732;Line 254;0;72.9948656859449
-23.56755203;-46.685645748;742.0;3000;0.8567753001715274;962.6567753001715;Line 254;0;72.9948656859449
-23.567475861;-46.685363733;743.2;2970;0.8482075471698122;962.6482075471698;Line 254;0;72.9948656859449
-23.567399691;-46.685081718;744.3;2940;0.8396397941680969;962.639639794168;Line 254;0;72.9948656859449
-23.567323521;-46.684799704;744.4;2910;0.8310720411663816;962.6310720411664;Line 254;0;72.9948656859449
-23.56724735;-46.68451769;744.3;2880;0.8225042881646663;962.6225042881646;Line 254;0;72.9948656859449
-23.567171179;-46.684235677;744.2;2850;0.813936535162951;962.6139365351629;Line 254;0;72.9948656859449
-23.567095007;-46.683953664;744.3;2820;0.8053687821612358;962.6053687821612;Line 254;0;72.9948656859449
-23.567018834;-46.683671651;744.4;2790;0.7968010291595204;962.5968010291595;Line 254;0;72.9948656859449
-23.566942661;-46.683389638;744.6;2760;0.7882332761578051;962.5882332761578;Line 254;0;72.9948656859449
-23.566866488;-46.683107625;744.7;2730;0.77966552315609;962.579665523156;Line 254;0;72.9948656859449
-23.566790314;-46.682825613;744.8;2700;0.7710977701543746;962.5710977701543;Line 254;0;72.9948656859449
-23.566714139;-46.682543602;745.0;2670;0.7625300171526593;962.5625300171527;Line 254;0;72.9948656859449
-23.566637964;-46.68226159;745.1;2640;0.753962264150944;962.5539622641509;Line 254;0;72.9948656859449
-23.566561789;-46.681979579;745.3;2610;0.7453945111492288;962.5453945111492;Line 254;0;72.9948656859449
-23.566485613;-46.681697568;745.6;2580;0.7368267581475135;962.5368267581474;Line 254;0;72.9948656859449
-23.566409436;-46.681415557;746.3;2550;0.7282590051457982;962.5282590051457;Line 254;0;72.9948656859449
-23.566333259;-46.681133547;747.0;2520;0.719691252144083;962.5196912521441;Line 254;0;72.9948656859449
-23.566257081;-46.680851537;747.5;2490;0.7111234991423677;962.5111234991423;Line 254;0;72.9948656859449
-23.566180903;-46.680569527;747.2;2460;0.7025557461406524;962.5025557461406;Line 254;0;72.9948656859449
-23.566104724;-46.680287518;747.0;2430;0.6939879931389372;962.493987993139;Line 254;0;72.9948656859449
-23.566028545;-46.680005508;747.1;2400;0.6854202401372219;962.4854202401372;Line 254;0;72.9948656859449
-23.565952365;-46.6797235;747.7;2370;0.6768524871355066;962.4768524871355;Line 254;0;72.9948656859449
-23.565876184;-46.679441491;748.4;2340;0.6682847341337913;962.4682847341337;Line 254;0;72.9948656859449
-23.565800003;-46.679159483;749.1;2310;0.659716981132076;962.459716981132;Line 254;0;72.9948656859449
-23.565723822;-46.678877475;748.9;2280;0.6511492281303608;962.4511492281304;Line 254;0;72.9948656859449
-23.56564764;-46.678595467;748.6;2250;0.6425814751286456;962.4425814751286;Line 254;0;72.9948656859449
-23.565571457;-46.67831346;748.3;2220;0.6340137221269303;962.4340137221269;Line 254;0;72.9948656859449
-23.565495274;-46.678031453;748.6;2190;0.625445969125215;962.4254459691251;Line 254;0;72.9948656859449
-23.565419091;-46.677749446;748.8;2160;0.6168782161234997;962.4168782161235;Line 254;0;72.9948656859449
-23.565342907;-46.677467439;749.2;2130;0.6083104631217844;962.4083104631218;Line 254;0;72.9948656859449
-23.565266722;-46.677185433;749.7;2100;0.5997427101200691;962.39974271012;Line 254;0;72.9948656859449
-23.565190537;-46.676903427;750.0;2070;0.5911749571183539;962.3911749571183;Line 254;0;72.9948656859449
-23.565114351;-46.676621421;750.3;2040;0.5826072041166387;962.3826072041165;Line 254;0;72.9948656859449
-23.565038165;-46.676339416;751.2;2010;0.5740394511149234;962.3740394511149;Line 254;0;72.9948656859449
-23.564961978;-46.676057411;752.3;1980;0.5654716981132081;962.3654716981132;Line 254;0;72.9948656859449
-23.564885791;-46.675775406;753.5;1950;0.5569039451114928;962.3569039451114;Line 254;0;72.9948656859449
-23.564809603;-46.675493402;754.3;1920;0.5483361921097775;962.3483361921097;Line 254;0;72.9948656859449
-23.564733415;-46.675211398;755.0;1890;0.5397684391080623;962.3397684391081;Line 254;0;72.9948656859449
-23.564657226;-46.674929394;755.5;1860;0.531200686106347;962.3312006861063;Line 254;0;72.9948656859449
-23.564581036;-46.67464739;756.1;1830;0.5226329331046317;962.3226329331046;Line 254;0;72.9948656859449
-23.564504846;-46.674365387;756.8;1800;0.5140651801029164;962.3140651801028;Line 254;0;72.9948656859449
-23.564428656;-46.674083384;757.4;1770;0.5054974271012012;962.3054974271012;Line 254;0;72.9948656859449
-23.564352465;-46.673801381;757.8;1740;0.4969296740994859;962.2969296740995;Line 254;0;72.9948656859449
-23.564276273;-46.673519379;757.9;1710;0.4883619210977706;962.2883619210977;Line 254;0;72.9948656859449
-23.564200081;-46.673237377;758.4;1680;0.47979416809605535;962.279794168096;Line 254;0;72.9948656859449
-23.564123889;-46.672955375;759.9;1650;0.47122641509434005;962.2712264150942;Line 254;0;72.9948656859449
-23.564047695;-46.672673373;761.5;1620;0.46265866209262474;962.2626586620926;Line 254;0;72.9948656859449
-23.563971502;-46.672391372;762.9;1590;0.45409090909090954;962.2540909090909;Line 254;0;72.9948656859449
-23.563895307;-46.672109371;764.5;1560;0.44552315608919424;962.2455231560891;Line 254;0;72.9948656859449
-23.563819113;-46.671827371;766.7;1530;0.43695540308747893;962.2369554030874;Line 254;0;72.9948656859449
-23.563742917;-46.67154537;769.3;1500;0.4283876500857637;962.2283876500857;Line 254;0;72.9948656859449
-23.563666722;-46.67126337;771.6;1470;0.41981989708404843;962.219819897084;Line 254;0;72.9948656859449
-23.563590525;-46.67098137;773.5;1440;0.4112521440823331;962.2112521440823;Line 254;0;72.9948656859449
-23.563514328;-46.670699371;774.0;1410;0.4026843910806179;962.2026843910805;Line 254;0;72.9948656859449
-23.563438131;-46.670417372;773.4;1380;0.39411663807890257;962.1941166380789;Line 254;0;72.9948656859449
-23.563361933;-46.670135373;772.5;1350;0.3855488850771873;962.1855488850772;Line 254;0;72.9948656859449
-23.563285735;-46.669853374;771.6;1320;0.376981132075472;962.1769811320754;Line 254;0;72.9948656859449
-23.563209536;-46.669571376;771.1;1290;0.36841337907375676;962.1684133790737;Line 254;0;72.9948656859449
-23.563133336;-46.669289378;771.1;1260;0.3598456260720415;962.159845626072;Line 254;0;72.9948656859449
-23.563057136;-46.66900738;772.8;1230;0.3512778730703262;962.1512778730703;Line 254;0;72.9948656859449
-23.562980936;-46.668725383;775.3;1200;0.34271012006861096;962.1427101200686;Line 254;0;72.9948656859449
-23.562904734;-46.668443386;777.4;1170;0.33414236706689565;962.1341423670668;Line 254;0;72.9948656859449
-23.562828533;-46.668161389;778.4;1140;0.3255746140651804;962.1255746140652;Line 254;0;72.9948656859449
-23.562752331;-46.667879393;779.0;1110;0.31700686106346515;962.1170068610634;Line 254;0;72.9948656859449
-23.562676128;-46.667597396;779.8;1080;0.30843910806174984;962.1084391080617;Line 254;0;72.9948656859449
-23.562599925;-46.6673154;780.8;1050;0.29987135506003454;962.09987135506;Line 254;0;72.9948656859449
-23.562523721;-46.667033405;781.9;1020;0.29130360205831934;962.0913036020582;Line 254;0;72.9948656859449
-23.562447517;-46.666751409;783.2;990;0.28273584905660404;962.0827358490566;Line 254;0;72.9948656859449
-23.562371312;-46.666469414;784.4;960;0.27416809605488873;962.0741680960548;Line 254;0;72.9948656859449
-23.562295106;-46.66618742;785.3;930;0.2656003430531735;962.0656003430531;Line 254;0;72.9948656859449
-23.562218901;-46.665905425;786.0;900;0.2570325900514582;962.0570325900514;Line 254;0;72.9948656859449
-23.562142694;-46.665623431;786.6;870;0.24846483704974295;962.0484648370497;Line 254;0;72.9948656859449
-23.562066487;-46.665341437;787.8;840;0.23989708404802768;962.039897084048;Line 254;0;72.9948656859449
-23.56199028;-46.665059444;789.5;810;0.23132933104631237;962.0313293310463;Line 254;0;72.9948656859449
-23.561914072;-46.66477745;790.1;780;0.22276157804459712;962.0227615780445;Line 254;0;72.9948656859449
-23.561837863;-46.664495457;790.1;750;0.21419382504288184;962.0141938250429;Line 254;0;72.9948656859449
-23.561761654;-46.664213465;789.6;720;0.20562607204116656;962.0056260720411;Line 254;0;72.9948656859449
-23.561685445;-46.663931472;791.0;690;0.19705831903945129;961.9970583190394;Line 254;0;72.9948656859449
-23.561609234;-46.66364948;793.2;660;0.188490566037736;961.9884905660377;Line 254;0;72.9948656859449
-23.561533024;-46.663367488;795.4;630;0.17992281303602076;961.979922813036;Line 254;0;72.9948656859449
-23.561456813;-46.663085497;800.5;600;0.17135506003430548;961.9713550600343;Line 254;0;72.9948656859449
-23.561380601;-46.662803506;805.4;570;0.1627873070325902;961.9627873070325;Line 254;0;72.9948656859449
-23.561304389;-46.662521515;809.7;540;0.15421955403087492;961.9542195540308;Line 254;0;72.9948656859449
-23.561228176;-46.662239524;813.0;510;0.14565180102915967;961.9456518010292;Line 254;0;72.9948656859449
-23.561151962;-46.661957534;816.1;480;0.13708404802744437;961.9370840480274;Line 254;0;72.9948656859449
-23.561075749;-46.661675544;819.2;450;0.1285162950257291;961.9285162950257;Line 254;0;72.9948656859449
-23.560999534;-46.661393554;820.4;420;0.11994854202401384;961.9199485420239;Line 254;0;72.9948656859449
-23.560923319;-46.661111565;821.4;390;0.11138078902229856;961.9113807890222;Line 254;0;72.9948656859449
-23.560847104;-46.660829575;822.1;360;0.10281303602058328;961.9028130360206;Line 254;0;72.9948656859449
-23.560770888;-46.660547586;822.9;330;0.094245283018868;961.8942452830188;Line 254;0;72.9948656859449
-23.560694671;-46.660265598;824.2;300;0.08567753001715274;961.8856775300171;Line 254;0;72.9948656859449
-23.560618454;-46.65998361;826.0;270;0.07710977701543746;961.8771097770154;Line 254;0;72.9948656859449
-23.560542237;-46.659701622;829.2;240;0.06854202401372218;961.8685420240137;Line 254;0;72.9948656859449
-23.560466019;-46.659419634;832.0;210;0.05997427101200692;961.859974271012;Line 254;0;72.9948656859449
-23.5603898;-46.659137647;834.2;180;0.05140651801029164;961.8514065180102;Line 254;0;72.9948656859449
-23.560313581;-46.65885566;834.8;150;0.04283876500857637;961.8428387650085;Line 254;0;72.9948656859449
-23.560237361;-46.658573673;834.8;120;0.03427101200686109;961.8342710120069;Line 254;0;72.9948656859449
-23.560161141;-46.658291686;834.9;90;0.02570325900514582;961.8257032590051;Line 254;0;72.9948656859449
-23.56008492;-46.6580097;839.4;60;0.017135506003430546;961.8171355060034;Line 254;0;72.9948656859449
-23.560008699;-46.657727714;844.0;30;0.008567753001715273;961.8085677530016;Line 254;0;72.9948656859449
-23.559932477;-46.657445728;845.2;0;0.0;961.8;Line 254;0;72.9948656859449
