latitude;longitude;altitude (m);distance_m;alt_x;alt_y;name;obstrucao;angle
-23.915273709;-47.224725657;701.6;69960;279.17999999999995;981.78;Line 236;0;55.0059473754277
-23.915121919;-47.224481709;702.2;69930;279.06028301886784;981.6602830188679;Line 236;0;55.0059473754277
-23.91497013;-47.224237762;701.4;69900;278.9405660377358;981.5405660377357;Line 236;0;55.0059473754277
-23.91481834;-47.223993814;698.5;69870;278.8208490566037;981.4208490566037;Line 236;0;55.0059473754277
-23.914666549;-47.223749868;692.9;69840;278.70113207547166;981.3011320754717;Line 236;0;55.0059473754277
-23.914514758;-47.223505922;685.3;69810;278.5814150943396;981.1814150943396;Line 236;0;55.0059473754277
-23.914362967;-47.223261976;677.3;69780;278.4616981132075;981.0616981132075;Line 236;0;55.0059473754277
-23.914211175;-47.223018031;672.0;69750;278.34198113207543;980.9419811320754;Line 236;0;55.0059473754277
-23.914059383;-47.222774087;666.7;69720;278.2222641509434;980.8222641509434;Line 236;0;55.0059473754277
-23.913907591;-47.222530143;661.3;69690;278.10254716981126;980.7025471698113;Line 236;0;55.0059473754277
-23.913755798;-47.2222862;659.8;69660;277.9828301886792;980.5828301886793;Line 236;0;55.0059473754277
-23.913604004;-47.222042257;659.1;69630;277.8631132075471;980.4631132075472;Line 236;0;55.0059473754277
-23.91345221;-47.221798315;658.7;69600;277.74339622641503;980.343396226415;Line 236;0;55.0059473754277
-23.913300416;-47.221554374;659.3;69570;277.623679245283;980.2236792452829;Line 236;0;55.0059473754277
-23.913148621;-47.221310433;664.7;69540;277.50396226415086;980.1039622641508;Line 236;0;55.0059473754277
-23.912996826;-47.221066492;670.2;69510;277.3842452830188;979.9842452830188;Line 236;0;55.0059473754277
-23.91284503;-47.220822552;675.9;69480;277.26452830188674;979.8645283018868;Line 236;0;55.0059473754277
-23.912693234;-47.220578613;682.9;69450;277.1448113207547;979.7448113207547;Line 236;0;55.0059473754277
-23.912541438;-47.220334674;691.7;69420;277.0250943396226;979.6250943396226;Line 236;0;55.0059473754277
-23.912389641;-47.220090736;697.6;69390;276.9053773584905;979.5053773584905;Line 236;0;55.0059473754277
-23.912237843;-47.219846798;699.3;69360;276.78566037735845;979.3856603773585;Line 236;0;55.0059473754277
-23.912086045;-47.219602861;699.5;69330;276.66594339622634;979.2659433962264;Line 236;0;55.0059473754277
-23.911934247;-47.219358924;699.6;69300;276.5462264150943;979.1462264150944;Line 236;0;55.0059473754277
-23.911782449;-47.219114988;697.8;69270;276.4265094339622;979.0265094339622;Line 236;0;55.0059473754277
-23.91163065;-47.218871052;688.9;69240;276.3067924528301;978.9067924528301;Line 236;0;55.0059473754277
-23.91147885;-47.218627117;678.7;69210;276.18707547169805;978.787075471698;Line 236;0;55.0059473754277
-23.91132705;-47.218383183;671.0;69180;276.06735849056594;978.6673584905659;Line 236;0;55.0059473754277
-23.91117525;-47.218139249;672.5;69150;275.94764150943394;978.547641509434;Line 236;0;55.0059473754277
-23.911023449;-47.217895316;675.8;69120;275.8279245283019;978.4279245283019;Line 236;0;55.0059473754277
-23.910871648;-47.217651383;678.9;69090;275.70820754716976;978.3082075471698;Line 236;0;55.0059473754277
-23.910719846;-47.217407451;682.7;69060;275.5884905660377;978.1884905660377;Line 236;0;55.0059473754277
-23.910568044;-47.217163519;687.4;69030;275.4687735849056;978.0687735849056;Line 236;0;55.0059473754277
-23.910416241;-47.216919588;691.8;69000;275.34905660377353;977.9490566037736;Line 236;0;55.0059473754277
-23.910264438;-47.216675658;696.1;68970;275.2293396226415;977.8293396226416;Line 236;0;55.0059473754277
-23.910112635;-47.216431728;694.9;68940;275.10962264150936;977.7096226415094;Line 236;0;55.0059473754277
-23.909960831;-47.216187798;694.1;68910;274.9899056603773;977.5899056603773;Line 236;0;55.0059473754277
-23.909809027;-47.215943869;695.4;68880;274.8701886792452;977.4701886792452;Line 236;0;55.0059473754277
-23.909657222;-47.215699941;696.8;68850;274.75047169811313;977.3504716981131;Line 236;0;55.0059473754277
-23.909505417;-47.215456013;699.0;68820;274.6307547169811;977.2307547169811;Line 236;0;55.0059473754277
-23.909353611;-47.215212086;703.4;68790;274.511037735849;977.1110377358491;Line 236;0;55.0059473754277
-23.909201805;-47.214968159;709.3;68760;274.39132075471696;976.991320754717;Line 236;0;55.0059473754277
-23.909049999;-47.214724233;706.1;68730;274.27160377358484;976.8716037735849;Line 236;0;55.0059473754277
-23.908898192;-47.214480307;700.1;68700;274.1518867924528;976.7518867924528;Line 236;0;55.0059473754277
-23.908746385;-47.214236382;692.9;68670;274.0321698113207;976.6321698113208;Line 236;0;55.0059473754277
-23.908594577;-47.213992458;684.3;68640;273.9124528301886;976.5124528301886;Line 236;0;55.0059473754277
-23.908442769;-47.213748534;676.0;68610;273.79273584905656;976.3927358490566;Line 236;0;55.0059473754277
-23.90829096;-47.213504611;669.4;68580;273.67301886792444;976.2730188679245;Line 236;0;55.0059473754277
-23.908139151;-47.213260688;667.3;68550;273.5533018867924;976.1533018867924;Line 236;0;55.0059473754277
-23.907987341;-47.213016765;666.1;68520;273.4335849056603;976.0335849056603;Line 236;0;55.0059473754277
-23.907835532;-47.212772844;664.1;68490;273.3138679245282;975.9138679245282;Line 236;0;55.0059473754277
-23.907683721;-47.212528923;661.2;68460;273.1941509433962;975.7941509433963;Line 236;0;55.0059473754277
-23.90753191;-47.212285002;667.6;68430;273.0744339622641;975.6744339622642;Line 236;0;55.0059473754277
-23.907380099;-47.212041082;676.6;68400;272.95471698113204;975.5547169811321;Line 236;0;55.0059473754277
-23.907228288;-47.211797162;686.1;68370;272.835;975.435;Line 236;0;55.0059473754277
-23.907076476;-47.211553243;694.6;68340;272.71528301886786;975.3152830188678;Line 236;0;55.0059473754277
-23.906924663;-47.211309325;700.2;68310;272.5955660377358;975.1955660377358;Line 236;0;55.0059473754277
-23.90677285;-47.211065407;703.5;68280;272.4758490566037;975.0758490566037;Line 236;0;55.0059473754277
-23.906621037;-47.21082149;703.6;68250;272.35613207547163;974.9561320754717;Line 236;0;55.0059473754277
-23.906469223;-47.210577573;698.6;68220;272.2364150943396;974.8364150943396;Line 236;0;55.0059473754277
-23.906317409;-47.210333657;693.2;68190;272.11669811320746;974.7166981132075;Line 236;0;55.0059473754277
-23.906165594;-47.210089741;687.5;68160;271.9969811320754;974.5969811320754;Line 236;0;55.0059473754277
-23.906013779;-47.209845826;683.3;68130;271.87726415094335;974.4772641509434;Line 236;0;55.0059473754277
-23.905861964;-47.209601912;680.7;68100;271.7575471698113;974.3575471698114;Line 236;0;55.0059473754277
-23.905710148;-47.209357998;685.0;68070;271.63783018867923;974.2378301886793;Line 236;0;55.0059473754277
-23.905558331;-47.209114084;692.3;68040;271.5181132075471;974.1181132075471;Line 236;0;55.0059473754277
-23.905406514;-47.208870171;700.4;68010;271.39839622641506;973.998396226415;Line 236;0;55.0059473754277
-23.905254697;-47.208626259;706.8;67980;271.27867924528294;973.8786792452829;Line 236;0;55.0059473754277
-23.905102879;-47.208382347;711.6;67950;271.1589622641509;973.7589622641509;Line 236;0;55.0059473754277
-23.904951061;-47.208138436;715.5;67920;271.03924528301883;973.6392452830189;Line 236;0;55.0059473754277
-23.904799243;-47.207894525;719.8;67890;270.9195283018867;973.5195283018868;Line 236;0;55.0059473754277
-23.904647424;-47.207650615;722.0;67860;270.79981132075466;973.3998113207547;Line 236;0;55.0059473754277
-23.904495604;-47.207406706;721.3;67830;270.68009433962254;973.2800943396226;Line 236;0;55.0059473754277
-23.904343785;-47.207162797;719.0;67800;270.56037735849054;973.1603773584906;Line 236;0;55.0059473754277
-23.904191964;-47.206918888;716.7;67770;270.4406603773585;973.0406603773586;Line 236;0;55.0059473754277
-23.904040144;-47.20667498;715.1;67740;270.32094339622637;972.9209433962264;Line 236;0;55.0059473754277
-23.903888322;-47.206431073;717.9;67710;270.2012264150943;972.8012264150943;Line 236;0;55.0059473754277
-23.903736501;-47.206187166;719.3;67680;270.0815094339622;972.6815094339622;Line 236;0;55.0059473754277
-23.903584679;-47.20594326;719.1;67650;269.96179245283014;972.5617924528301;Line 236;0;55.0059473754277
-23.903432856;-47.205699354;716.3;67620;269.8420754716981;972.4420754716981;Line 236;0;55.0059473754277
-23.903281034;-47.205455449;710.5;67590;269.72235849056597;972.322358490566;Line 236;0;55.0059473754277
-23.90312921;-47.205211544;702.9;67560;269.6026415094339;972.202641509434;Line 236;0;55.0059473754277
-23.902977387;-47.20496764;695.3;67530;269.4829245283018;972.0829245283019;Line 236;0;55.0059473754277
-23.902825562;-47.204723737;690.3;67500;269.36320754716974;971.9632075471698;Line 236;0;55.0059473754277
-23.902673738;-47.204479834;685.8;67470;269.2434905660377;971.8434905660376;Line 236;0;55.0059473754277
-23.902521913;-47.204235931;681.7;67440;269.1237735849056;971.7237735849056;Line 236;0;55.0059473754277
-23.902370087;-47.20399203;680.8;67410;269.00405660377356;971.6040566037736;Line 236;0;55.0059473754277
-23.902218261;-47.203748128;681.0;67380;268.88433962264145;971.4843396226415;Line 236;0;55.0059473754277
-23.902066435;-47.203504228;682.0;67350;268.7646226415094;971.3646226415094;Line 236;0;55.0059473754277
-23.901914608;-47.203260327;684.5;67320;268.64490566037733;971.2449056603773;Line 236;0;55.0059473754277
-23.901762781;-47.203016428;689.1;67290;268.5251886792452;971.1251886792452;Line 236;0;55.0059473754277
-23.901610954;-47.202772529;696.3;67260;268.40547169811316;971.0054716981132;Line 236;0;55.0059473754277
-23.901459126;-47.20252863;706.9;67230;268.28575471698105;970.8857547169811;Line 236;0;55.0059473754277
-23.901307297;-47.202284732;715.2;67200;268.166037735849;970.7660377358491;Line 236;0;55.0059473754277
-23.901155468;-47.202040835;722.0;67170;268.04632075471693;970.646320754717;Line 236;0;55.0059473754277
-23.901003639;-47.201796938;727.5;67140;267.9266037735848;970.5266037735848;Line 236;0;55.0059473754277
-23.900851809;-47.201553042;731.8;67110;267.8068867924528;970.4068867924528;Line 236;0;55.0059473754277
-23.900699979;-47.201309146;727.8;67080;267.6871698113207;970.2871698113207;Line 236;0;55.0059473754277
-23.900548148;-47.201065251;723.0;67050;267.56745283018864;970.1674528301887;Line 236;0;55.0059473754277
-23.900396317;-47.200821356;718.8;67020;267.4477358490566;970.0477358490566;Line 236;0;55.0059473754277
-23.900244486;-47.200577462;721.2;66990;267.32801886792447;969.9280188679245;Line 236;0;55.0059473754277
-23.900092654;-47.200333568;726.1;66960;267.2083018867924;969.8083018867924;Line 236;0;55.0059473754277
-23.899940821;-47.200089675;734.1;66930;267.08858490566035;969.6885849056604;Line 236;0;55.0059473754277
-23.899788989;-47.199845783;738.1;66900;266.96886792452824;969.5688679245283;Line 236;0;55.0059473754277
-23.899637155;-47.199601891;739.0;66870;266.8491509433962;969.4491509433963;Line 236;0;55.0059473754277
-23.899485322;-47.199358;740.2;66840;266.72943396226407;969.3294339622641;Line 236;0;55.0059473754277
-23.899333488;-47.199114109;741.0;66810;266.609716981132;969.209716981132;Line 236;0;55.0059473754277
-23.899181653;-47.198870219;739.4;66780;266.48999999999995;969.0899999999999;Line 236;0;55.0059473754277
-23.899029818;-47.198626329;738.3;66750;266.3702830188679;968.9702830188679;Line 236;0;55.0059473754277
-23.898877983;-47.19838244;738.6;66720;266.25056603773584;968.8505660377359;Line 236;0;55.0059473754277
-23.898726147;-47.198138551;744.4;66690;266.1308490566037;968.7308490566038;Line 236;0;55.0059473754277
-23.898574311;-47.197894663;749.6;66660;266.01113207547166;968.6111320754717;Line 236;0;55.0059473754277
-23.898422474;-47.197650776;752.9;66630;265.8914150943396;968.4914150943396;Line 236;0;55.0059473754277
-23.898270637;-47.197406889;751.0;66600;265.7716981132075;968.3716981132075;Line 236;0;55.0059473754277
-23.898118799;-47.197163002;743.9;66570;265.65198113207543;968.2519811320755;Line 236;0;55.0059473754277
-23.897966961;-47.196919116;737.5;66540;265.5322641509433;968.1322641509433;Line 236;0;55.0059473754277
-23.897815123;-47.196675231;731.9;66510;265.41254716981126;968.0125471698113;Line 236;0;55.0059473754277
-23.897663284;-47.196431346;725.7;66480;265.2928301886792;967.8928301886792;Line 236;0;55.0059473754277
-23.897511445;-47.196187462;720.6;66450;265.1731132075471;967.7731132075471;Line 236;0;55.0059473754277
-23.897359605;-47.195943579;714.6;66420;265.0533962264151;967.6533962264151;Line 236;0;55.0059473754277
-23.897207765;-47.195699696;708.8;66390;264.933679245283;967.533679245283;Line 236;0;55.0059473754277
-23.897055924;-47.195455813;704.3;66360;264.8139622641509;967.413962264151;Line 236;0;55.0059473754277
-23.896904083;-47.195211931;701.5;66330;264.69424528301886;967.2942452830189;Line 236;0;55.0059473754277
-23.896752242;-47.19496805;701.2;66300;264.57452830188674;967.1745283018868;Line 236;0;55.0059473754277
-23.8966004;-47.194724169;708.1;66270;264.4548113207547;967.0548113207547;Line 236;0;55.0059473754277
-23.896448558;-47.194480289;716.4;66240;264.3350943396226;966.9350943396225;Line 236;0;55.0059473754277
-23.896296715;-47.194236409;724.9;66210;264.2153773584905;966.8153773584905;Line 236;0;55.0059473754277
-23.896144872;-47.19399253;732.6;66180;264.09566037735846;966.6956603773585;Line 236;0;55.0059473754277
-23.895993028;-47.193748651;740.1;66150;263.97594339622634;966.5759433962264;Line 236;0;55.0059473754277
-23.895841184;-47.193504773;747.7;66120;263.8562264150943;966.4562264150943;Line 236;0;55.0059473754277
-23.89568934;-47.193260895;749.6;66090;263.7365094339622;966.3365094339622;Line 236;0;55.0059473754277
-23.895537495;-47.193017018;746.2;66060;263.61679245283017;966.2167924528302;Line 236;0;55.0059473754277
-23.89538565;-47.192773142;741.0;66030;263.4970754716981;966.0970754716982;Line 236;0;55.0059473754277
-23.895233804;-47.192529266;733.9;66000;263.377358490566;965.9773584905661;Line 236;0;55.0059473754277
-23.895081958;-47.192285391;727.3;65970;263.25764150943394;965.857641509434;Line 236;0;55.0059473754277
-23.894930111;-47.192041516;721.6;65940;263.1379245283018;965.7379245283018;Line 236;0;55.0059473754277
-23.894778264;-47.191797642;716.6;65910;263.01820754716977;965.6182075471697;Line 236;0;55.0059473754277
-23.894626417;-47.191553768;713.9;65880;262.8984905660377;965.4984905660377;Line 236;0;55.0059473754277
-23.894474569;-47.191309895;715.4;65850;262.7787735849056;965.3787735849056;Line 236;0;55.0059473754277
-23.89432272;-47.191066022;719.5;65820;262.65905660377354;965.2590566037736;Line 236;0;55.0059473754277
-23.894170872;-47.19082215;726.1;65790;262.5393396226414;965.1393396226415;Line 236;0;55.0059473754277
-23.894019022;-47.190578279;726.8;65760;262.41962264150936;965.0196226415094;Line 236;0;55.0059473754277
-23.893867173;-47.190334408;727.3;65730;262.29990566037736;964.8999056603774;Line 236;0;55.0059473754277
-23.893715323;-47.190090538;727.7;65700;262.18018867924525;964.7801886792453;Line 236;0;55.0059473754277
-23.893563472;-47.189846668;726.1;65670;262.0604716981132;964.6604716981133;Line 236;0;55.0059473754277
-23.893411621;-47.189602798;722.7;65640;261.9407547169811;964.5407547169812;Line 236;0;55.0059473754277
-23.89325977;-47.18935893;718.3;65610;261.821037735849;964.421037735849;Line 236;0;55.0059473754277
-23.893107918;-47.189115062;712.5;65580;261.70132075471696;964.3013207547169;Line 236;0;55.0059473754277
-23.892956066;-47.188871194;704.1;65550;261.58160377358485;964.1816037735848;Line 236;0;55.0059473754277
-23.892804213;-47.188627327;695.5;65520;261.4618867924528;964.0618867924528;Line 236;0;55.0059473754277
-23.89265236;-47.18838346;686.8;65490;261.3421698113207;963.9421698113207;Line 236;0;55.0059473754277
-23.892500507;-47.188139594;678.2;65460;261.2224528301886;963.8224528301887;Line 236;0;55.0059473754277
-23.892348653;-47.187895729;675.0;65430;261.10273584905656;963.7027358490566;Line 236;0;55.0059473754277
-23.892196799;-47.187651864;671.0;65400;260.9830188679245;963.5830188679245;Line 236;0;55.0059473754277
-23.892044944;-47.187408;667.5;65370;260.86330188679244;963.4633018867925;Line 236;0;55.0059473754277
-23.891893088;-47.187164136;666.0;65340;260.7435849056603;963.3435849056604;Line 236;0;55.0059473754277
-23.891741233;-47.186920273;664.5;65310;260.62386792452827;963.2238679245283;Line 236;0;55.0059473754277
-23.891589377;-47.18667641;662.7;65280;260.5041509433962;963.1041509433962;Line 236;0;55.0059473754277
-23.89143752;-47.186432548;665.8;65250;260.3844339622641;962.9844339622641;Line 236;0;55.0059473754277
-23.891285663;-47.186188687;667.6;65220;260.26471698113204;962.864716981132;Line 236;0;55.0059473754277
-23.891133806;-47.185944826;667.7;65190;260.1449999999999;962.7449999999999;Line 236;0;55.0059473754277
-23.890981948;-47.185700965;666.7;65160;260.02528301886787;962.6252830188679;Line 236;0;55.0059473754277
-23.89083009;-47.185457105;665.1;65130;259.9055660377358;962.5055660377359;Line 236;0;55.0059473754277
-23.890678231;-47.185213246;665.8;65100;259.7858490566037;962.3858490566038;Line 236;0;55.0059473754277
-23.890526372;-47.184969387;665.9;65070;259.6661320754717;962.2661320754717;Line 236;0;55.0059473754277
-23.890374512;-47.184725529;665.4;65040;259.5464150943396;962.1464150943395;Line 236;0;55.0059473754277
-23.890222652;-47.184481671;663.9;65010;259.4266981132075;962.0266981132075;Line 236;0;55.0059473754277
-23.890070792;-47.184237814;661.5;64980;259.30698113207546;961.9069811320755;Line 236;0;55.0059473754277
-23.889918931;-47.183993958;663.7;64950;259.18726415094335;961.7872641509434;Line 236;0;55.0059473754277
-23.88976707;-47.183750102;668.9;64920;259.0675471698113;961.6675471698113;Line 236;0;55.0059473754277
-23.889615208;-47.183506246;672.9;64890;258.9478301886792;961.5478301886792;Line 236;0;55.0059473754277
-23.889463346;-47.183262391;677.0;64860;258.8281132075471;961.4281132075471;Line 236;0;55.0059473754277
-23.889311484;-47.183018537;684.1;64830;258.70839622641506;961.3083962264151;Line 236;0;55.0059473754277
-23.889159621;-47.182774683;692.3;64800;258.58867924528295;961.188679245283;Line 236;0;55.0059473754277
-23.889007757;-47.18253083;702.5;64770;258.4689622641509;961.068962264151;Line 236;0;55.0059473754277
-23.888855893;-47.182286977;706.1;64740;258.34924528301883;960.9492452830189;Line 236;0;55.0059473754277
-23.888704029;-47.182043125;707.6;64710;258.2295283018868;960.8295283018867;Line 236;0;55.0059473754277
-23.888552164;-47.181799274;707.8;64680;258.1098113207547;960.7098113207547;Line 236;0;55.0059473754277
-23.888400299;-47.181555422;706.9;64650;257.9900943396226;960.5900943396226;Line 236;0;55.0059473754277
-23.888248434;-47.181311572;706.3;64620;257.87037735849054;960.4703773584906;Line 236;0;55.0059473754277
-23.888096568;-47.181067722;706.2;64590;257.75066037735843;960.3506603773585;Line 236;0;55.0059473754277
-23.887944701;-47.180823873;706.6;64560;257.63094339622637;960.2309433962264;Line 236;0;55.0059473754277
-23.887792834;-47.180580024;712.8;64530;257.5112264150943;960.1112264150943;Line 236;0;55.0059473754277
-23.887640967;-47.180336176;718.3;64500;257.3915094339622;959.9915094339622;Line 236;0;55.0059473754277
-23.887489099;-47.180092328;723.1;64470;257.27179245283014;959.8717924528302;Line 236;0;55.0059473754277
-23.887337231;-47.179848481;726.7;64440;257.152075471698;959.752075471698;Line 236;0;55.0059473754277
-23.887185362;-47.179604634;728.4;64410;257.03235849056597;959.632358490566;Line 236;0;55.0059473754277
-23.887033493;-47.179360788;728.0;64380;256.91264150943397;959.5126415094339;Line 236;0;55.0059473754277
-23.886881624;-47.179116942;725.4;64350;256.79292452830185;959.3929245283018;Line 236;0;55.0059473754277
-23.886729754;-47.178873097;722.1;64320;256.6732075471698;959.2732075471698;Line 236;0;55.0059473754277
-23.886577884;-47.178629253;722.2;64290;256.5534905660377;959.1534905660377;Line 236;0;55.0059473754277
-23.886426013;-47.178385409;725.3;64260;256.4337735849056;959.0337735849057;Line 236;0;55.0059473754277
-23.886274142;-47.178141566;732.6;64230;256.31405660377357;958.9140566037736;Line 236;0;55.0059473754277
-23.88612227;-47.177897723;740.5;64200;256.19433962264145;958.7943396226415;Line 236;0;55.0059473754277
-23.885970398;-47.177653881;748.2;64170;256.0746226415094;958.6746226415094;Line 236;0;55.0059473754277
-23.885818526;-47.177410039;752.0;64140;255.9549056603773;958.5549056603774;Line 236;0;55.0059473754277
-23.885666653;-47.177166198;745.6;64110;255.83518867924525;958.4351886792452;Line 236;0;55.0059473754277
-23.885514779;-47.176922358;739.2;64080;255.7154716981132;958.3154716981132;Line 236;0;55.0059473754277
-23.885362906;-47.176678517;732.7;64050;255.59575471698108;958.1957547169811;Line 236;0;55.0059473754277
-23.885211031;-47.176434678;724.1;64020;255.47603773584902;958.076037735849;Line 236;0;55.0059473754277
-23.885059157;-47.176190839;714.5;63990;255.3563207547169;957.9563207547169;Line 236;0;55.0059473754277
-23.884907282;-47.175947001;706.3;63960;255.23660377358487;957.8366037735849;Line 236;0;55.0059473754277
-23.884755406;-47.175703163;705.3;63930;255.11688679245282;957.7168867924529;Line 236;0;55.0059473754277
-23.88460353;-47.175459326;710.6;63900;254.9971698113207;957.5971698113208;Line 236;0;55.0059473754277
-23.884451654;-47.175215489;719.7;63870;254.87745283018864;957.4774528301887;Line 236;0;55.0059473754277
-23.884299777;-47.174971653;732.1;63840;254.75773584905653;957.3577358490566;Line 236;0;55.0059473754277
-23.8841479;-47.174727817;741.9;63810;254.63801886792447;957.2380188679244;Line 236;0;55.0059473754277
-23.883996022;-47.174483982;746.0;63780;254.51830188679244;957.1183018867924;Line 236;0;55.0059473754277
-23.883844144;-47.174240148;749.0;63750;254.39858490566033;956.9985849056603;Line 236;0;55.0059473754277
-23.883692266;-47.173996314;748.3;63720;254.27886792452827;956.8788679245283;Line 236;0;55.0059473754277
-23.883540387;-47.17375248;746.3;63690;254.15915094339616;956.7591509433962;Line 236;0;55.0059473754277
-23.883388507;-47.173508648;744.0;63660;254.0394339622641;956.6394339622641;Line 236;0;55.0059473754277
-23.883236628;-47.173264815;738.9;63630;253.91971698113204;956.5197169811321;Line 236;0;55.0059473754277
-23.883084747;-47.173020984;732.9;63600;253.79999999999995;956.4;Line 236;0;55.0059473754277
-23.882932867;-47.172777152;727.1;63570;253.6802830188679;956.280283018868;Line 236;0;55.0059473754277
-23.882780986;-47.172533322;721.3;63540;253.56056603773578;956.1605660377359;Line 236;0;55.0059473754277
-23.882629104;-47.172289492;712.8;63510;253.44084905660372;956.0408490566037;Line 236;0;55.0059473754277
-23.882477222;-47.172045662;704.7;63480;253.32113207547167;955.9211320754716;Line 236;0;55.0059473754277
-23.88232534;-47.171801833;700.7;63450;253.20141509433958;955.8014150943396;Line 236;0;55.0059473754277
-23.882173457;-47.171558005;698.7;63420;253.08169811320752;955.6816981132075;Line 236;0;55.0059473754277
-23.882021574;-47.171314177;698.3;63390;252.9619811320754;955.5619811320754;Line 236;0;55.0059473754277
-23.88186969;-47.17107035;698.8;63360;252.84226415094335;955.4422641509434;Line 236;0;55.0059473754277
-23.881717806;-47.170826523;700.3;63330;252.7225471698113;955.3225471698113;Line 236;0;55.0059473754277
-23.881565921;-47.170582697;711.0;63300;252.60283018867918;955.2028301886792;Line 236;0;55.0059473754277
-23.881414036;-47.170338871;720.4;63270;252.48311320754715;955.0831132075472;Line 236;0;55.0059473754277
-23.881262151;-47.170095046;729.3;63240;252.36339622641503;954.9633962264151;Line 236;0;55.0059473754277
-23.881110265;-47.169851221;733.4;63210;252.24367924528298;954.843679245283;Line 236;0;55.0059473754277
-23.880958379;-47.169607397;734.8;63180;252.12396226415092;954.7239622641509;Line 236;0;55.0059473754277
-23.880806492;-47.169363574;736.0;63150;252.0042452830188;954.6042452830188;Line 236;0;55.0059473754277
-23.880654605;-47.169119751;735.9;63120;251.88452830188677;954.4845283018868;Line 236;0;55.0059473754277
-23.880502718;-47.168875929;731.5;63090;251.76481132075466;954.3648113207547;Line 236;0;55.0059473754277
-23.88035083;-47.168632107;727.7;63060;251.6450943396226;954.2450943396226;Line 236;0;55.0059473754277
-23.880198941;-47.168388286;724.6;63030;251.52537735849054;954.1253773584906;Line 236;0;55.0059473754277
-23.880047052;-47.168144465;721.1;63000;251.40566037735843;954.0056603773585;Line 236;0;55.0059473754277
-23.879895163;-47.167900645;715.7;62970;251.28594339622637;953.8859433962264;Line 236;0;55.0059473754277
-23.879743273;-47.167656825;709.4;62940;251.1662264150943;953.7662264150943;Line 236;0;55.0059473754277
-23.879591383;-47.167413006;704.5;62910;251.04650943396223;953.6465094339623;Line 236;0;55.0059473754277
-23.879439493;-47.167169188;701.7;62880;250.92679245283017;953.5267924528303;Line 236;0;55.0059473754277
-23.879287602;-47.16692537;697.7;62850;250.80707547169806;953.4070754716981;Line 236;0;55.0059473754277
-23.87913571;-47.166681553;692.8;62820;250.687358490566;953.287358490566;Line 236;0;55.0059473754277
-23.878983818;-47.166437736;696.6;62790;250.5676415094339;953.1676415094339;Line 236;0;55.0059473754277
-23.878831926;-47.166193919;698.8;62760;250.44792452830185;953.0479245283019;Line 236;0;55.0059473754277
-23.878680033;-47.165950104;698.9;62730;250.3282075471698;952.9282075471698;Line 236;0;55.0059473754277
-23.87852814;-47.165706289;697.6;62700;250.20849056603768;952.8084905660377;Line 236;0;55.0059473754277
-23.878376247;-47.165462474;696.6;62670;250.08877358490562;952.6887735849057;Line 236;0;55.0059473754277
-23.878224353;-47.16521866;699.5;62640;249.9690566037735;952.5690566037736;Line 236;0;55.0059473754277
-23.878072458;-47.164974846;704.3;62610;249.84933962264148;952.4493396226414;Line 236;0;55.0059473754277
-23.877920563;-47.164731033;711.4;62580;249.72962264150942;952.3296226415094;Line 236;0;55.0059473754277
-23.877768668;-47.164487221;718.3;62550;249.6099056603773;952.2099056603773;Line 236;0;55.0059473754277
-23.877616772;-47.164243409;724.9;62520;249.49018867924525;952.0901886792453;Line 236;0;55.0059473754277
-23.877464876;-47.163999598;729.6;62490;249.37047169811314;951.9704716981132;Line 236;0;55.0059473754277
-23.877312979;-47.163755787;732.5;62460;249.25075471698108;951.8507547169811;Line 236;0;55.0059473754277
-23.877161082;-47.163511977;734.8;62430;249.13103773584905;951.7310377358491;Line 236;0;55.0059473754277
-23.877009185;-47.163268167;734.9;62400;249.01132075471693;951.611320754717;Line 236;0;55.0059473754277
-23.876857287;-47.163024358;729.6;62370;248.89160377358488;951.4916037735849;Line 236;0;55.0059473754277
-23.876705389;-47.16278055;723.4;62340;248.77188679245276;951.3718867924528;Line 236;0;55.0059473754277
-23.87655349;-47.162536742;719.1;62310;248.6521698113207;951.2521698113208;Line 236;0;55.0059473754277
-23.876401591;-47.162292934;721.8;62280;248.53245283018865;951.1324528301886;Line 236;0;55.0059473754277
-23.876249691;-47.162049127;727.0;62250;248.41273584905656;951.0127358490565;Line 236;0;55.0059473754277
-23.876097791;-47.161805321;734.2;62220;248.2930188679245;950.8930188679245;Line 236;0;55.0059473754277
-23.875945891;-47.161561515;743.0;62190;248.1733018867924;950.7733018867924;Line 236;0;55.0059473754277
-23.87579399;-47.16131771;750.6;62160;248.05358490566033;950.6535849056604;Line 236;0;55.0059473754277
-23.875642088;-47.161073905;755.4;62130;247.93386792452827;950.5338679245283;Line 236;0;55.0059473754277
-23.875490187;-47.160830101;761.3;62100;247.81415094339619;950.4141509433962;Line 236;0;55.0059473754277
-23.875338284;-47.160586298;764.8;62070;247.69443396226413;950.2944339622642;Line 236;0;55.0059473754277
-23.875186382;-47.160342495;768.5;62040;247.574716981132;950.1747169811321;Line 236;0;55.0059473754277
-23.875034479;-47.160098692;772.5;62010;247.45499999999996;950.055;Line 236;0;55.0059473754277
-23.874882575;-47.15985489;769.3;61980;247.3352830188679;949.935283018868;Line 236;0;55.0059473754277
-23.874730671;-47.159611089;761.2;61950;247.21556603773578;949.8155660377358;Line 236;0;55.0059473754277
-23.874578767;-47.159367288;752.7;61920;247.09584905660375;949.6958490566037;Line 236;0;55.0059473754277
-23.874426862;-47.159123488;744.0;61890;246.97613207547164;949.5761320754716;Line 236;0;55.0059473754277
-23.874274957;-47.158879688;737.0;61860;246.85641509433958;949.4564150943396;Line 236;0;55.0059473754277
-23.874123051;-47.158635889;731.5;61830;246.73669811320752;949.3366981132076;Line 236;0;55.0059473754277
-23.873971145;-47.15839209;727.0;61800;246.6169811320754;949.2169811320755;Line 236;0;55.0059473754277
-23.873819239;-47.158148292;732.4;61770;246.49726415094335;949.0972641509434;Line 236;0;55.0059473754277
-23.873667332;-47.157904495;742.1;61740;246.37754716981127;948.9775471698113;Line 236;0;55.0059473754277
-23.873515425;-47.157660698;753.6;61710;246.2578301886792;948.8578301886793;Line 236;0;55.0059473754277
-23.873363517;-47.157416901;764.3;61680;246.13811320754715;948.7381132075471;Line 236;0;55.0059473754277
-23.873211609;-47.157173105;769.0;61650;246.01839622641504;948.618396226415;Line 236;0;55.0059473754277
-23.8730597;-47.15692931;772.4;61620;245.89867924528298;948.498679245283;Line 236;0;55.0059473754277
-23.872907791;-47.156685515;774.9;61590;245.7789622641509;948.3789622641509;Line 236;0;55.0059473754277
-23.872755881;-47.156441721;775.6;61560;245.65924528301883;948.2592452830188;Line 236;0;55.0059473754277
-23.872603971;-47.156197928;775.6;61530;245.53952830188678;948.1395283018868;Line 236;0;55.0059473754277
-23.872452061;-47.155954134;774.1;61500;245.41981132075466;948.0198113207547;Line 236;0;55.0059473754277
-23.87230015;-47.155710342;769.9;61470;245.3000943396226;947.9000943396227;Line 236;0;55.0059473754277
-23.872148239;-47.15546655;765.8;61440;245.1803773584905;947.7803773584906;Line 236;0;55.0059473754277
-23.871996327;-47.155222759;762.0;61410;245.06066037735846;947.6606603773585;Line 236;0;55.0059473754277
-23.871844415;-47.154978968;758.3;61380;244.9409433962264;947.5409433962265;Line 236;0;55.0059473754277
-23.871692503;-47.154735177;752.8;61350;244.8212264150943;947.4212264150943;Line 236;0;55.0059473754277
-23.87154059;-47.154491388;751.0;61320;244.70150943396223;947.3015094339622;Line 236;0;55.0059473754277
-23.871388676;-47.154247598;750.8;61290;244.58179245283011;947.1817924528301;Line 236;0;55.0059473754277
-23.871236763;-47.15400381;752.1;61260;244.46207547169806;947.0620754716981;Line 236;0;55.0059473754277
-23.871084848;-47.153760021;753.0;61230;244.34235849056603;946.942358490566;Line 236;0;55.0059473754277
-23.870932934;-47.153516234;752.8;61200;244.2226415094339;946.8226415094339;Line 236;0;55.0059473754277
-23.870781019;-47.153272447;752.3;61170;244.10292452830186;946.7029245283019;Line 236;0;55.0059473754277
-23.870629103;-47.15302866;754.8;61140;243.98320754716974;946.5832075471698;Line 236;0;55.0059473754277
-23.870477187;-47.152784875;758.4;61110;243.86349056603768;946.4634905660378;Line 236;0;55.0059473754277
-23.870325271;-47.152541089;763.1;61080;243.74377358490563;946.3437735849056;Line 236;0;55.0059473754277
-23.870173354;-47.152297304;765.0;61050;243.62405660377354;946.2240566037735;Line 236;0;55.0059473754277
-23.870021437;-47.15205352;766.6;61020;243.50433962264148;946.1043396226415;Line 236;0;55.0059473754277
-23.869869519;-47.151809736;767.4;60990;243.38462264150937;945.9846226415094;Line 236;0;55.0059473754277
-23.869717601;-47.151565953;766.7;60960;243.2649056603773;945.8649056603773;Line 236;0;55.0059473754277
-23.869565682;-47.151322171;763.6;60930;243.14518867924525;945.7451886792453;Line 236;0;55.0059473754277
-23.869413763;-47.151078389;759.9;60900;243.02547169811317;945.6254716981132;Line 236;0;55.0059473754277
-23.869261844;-47.150834607;755.4;60870;242.9057547169811;945.5057547169811;Line 236;0;55.0059473754277
-23.869109924;-47.150590826;754.2;60840;242.786037735849;945.386037735849;Line 236;0;55.0059473754277
-23.868958004;-47.150347046;753.9;60810;242.66632075471693;945.266320754717;Line 236;0;55.0059473754277
-23.868806083;-47.150103266;754.5;60780;242.54660377358488;945.146603773585;Line 236;0;55.0059473754277
-23.868654162;-47.149859487;753.2;60750;242.4268867924528;945.0268867924528;Line 236;0;55.0059473754277
-23.86850224;-47.149615708;750.3;60720;242.30716981132073;944.9071698113207;Line 236;0;55.0059473754277
-23.868350318;-47.14937193;747.8;60690;242.18745283018862;944.7874528301886;Line 236;0;55.0059473754277
-23.868198396;-47.149128152;745.0;60660;242.06773584905656;944.6677358490566;Line 236;0;55.0059473754277
-23.868046473;-47.148884375;741.8;60630;241.9480188679245;944.5480188679245;Line 236;0;55.0059473754277
-23.86789455;-47.148640598;739.1;60600;241.8283018867924;944.4283018867924;Line 236;0;55.0059473754277
-23.867742626;-47.148396822;737.0;60570;241.70858490566036;944.3085849056604;Line 236;0;55.0059473754277
-23.867590702;-47.148153047;740.6;60540;241.58886792452824;944.1888679245283;Line 236;0;55.0059473754277
-23.867438778;-47.147909272;745.5;60510;241.4691509433962;944.0691509433962;Line 236;0;55.0059473754277
-23.867286853;-47.147665498;748.9;60480;241.34943396226413;943.9494339622642;Line 236;0;55.0059473754277
-23.867134927;-47.147421724;751.4;60450;241.22971698113201;943.829716981132;Line 236;0;55.0059473754277
-23.866983001;-47.147177951;752.0;60420;241.10999999999996;943.71;Line 236;0;55.0059473754277
-23.866831075;-47.146934178;752.5;60390;240.99028301886787;943.5902830188679;Line 236;0;55.0059473754277
-23.866679148;-47.146690406;752.9;60360;240.8705660377358;943.4705660377358;Line 236;0;55.0059473754277
-23.866527221;-47.146446634;751.8;60330;240.75084905660376;943.3508490566038;Line 236;0;55.0059473754277
-23.866375294;-47.146202863;751.7;60300;240.63113207547164;943.2311320754717;Line 236;0;55.0059473754277
-23.866223366;-47.145959093;753.1;60270;240.51141509433958;943.1114150943396;Line 236;0;55.0059473754277
-23.866071437;-47.145715323;752.6;60240;240.3916981132075;942.9916981132076;Line 236;0;55.0059473754277
-23.865919508;-47.145471554;749.8;60210;240.27198113207544;942.8719811320755;Line 236;0;55.0059473754277
-23.865767579;-47.145227785;748.4;60180;240.15226415094338;942.7522641509433;Line 236;0;55.0059473754277
-23.865615649;-47.144984017;748.4;60150;240.03254716981127;942.6325471698112;Line 236;0;55.0059473754277
-23.865463719;-47.144740249;744.0;60120;239.9128301886792;942.5128301886792;Line 236;0;55.0059473754277
-23.865311789;-47.144496482;739.8;60090;239.79311320754712;942.3931132075471;Line 236;0;55.0059473754277
-23.865159858;-47.144252715;736.0;60060;239.67339622641506;942.2733962264151;Line 236;0;55.0059473754277
-23.865007926;-47.144008949;733.6;60030;239.55367924528298;942.153679245283;Line 236;0;55.0059473754277
-23.864855994;-47.143765183;729.4;60000;239.4339622641509;942.0339622641509;Line 236;0;55.0059473754277
-23.864704062;-47.143521419;725.0;59970;239.31424528301883;941.9142452830189;Line 236;0;55.0059473754277
-23.864552129;-47.143277654;722.1;59940;239.19452830188675;941.7945283018868;Line 236;0;55.0059473754277
-23.864400196;-47.14303389;723.6;59910;239.07481132075466;941.6748113207547;Line 236;0;55.0059473754277
-23.864248262;-47.142790127;722.7;59880;238.9550943396226;941.5550943396227;Line 236;0;55.0059473754277
-23.864096328;-47.142546364;720.9;59850;238.83537735849052;941.4353773584905;Line 236;0;55.0059473754277
-23.863944394;-47.142302602;721.8;59820;238.71566037735846;941.3156603773584;Line 236;0;55.0059473754277
-23.863792459;-47.14205884;722.6;59790;238.59594339622637;941.1959433962264;Line 236;0;55.0059473754277
-23.863640524;-47.141815079;722.5;59760;238.4762264150943;941.0762264150943;Line 236;0;55.0059473754277
-23.863488588;-47.141571319;722.5;59730;238.3565094339622;940.9565094339622;Line 236;0;55.0059473754277
-23.863336652;-47.141327559;725.1;59700;238.23679245283014;940.8367924528302;Line 236;0;55.0059473754277
-23.863184715;-47.141083799;728.1;59670;238.1170754716981;940.7170754716981;Line 236;0;55.0059473754277
-23.863032778;-47.140840041;731.0;59640;237.997358490566;940.597358490566;Line 236;0;55.0059473754277
-23.862880841;-47.140596282;731.7;59610;237.87764150943391;940.477641509434;Line 236;0;55.0059473754277
-23.862728903;-47.140352524;731.9;59580;237.75792452830183;940.3579245283019;Line 236;0;55.0059473754277
-23.862576965;-47.140108767;731.5;59550;237.63820754716977;940.2382075471698;Line 236;0;55.0059473754277
-23.862425026;-47.139865011;730.4;59520;237.5184905660377;940.1184905660377;Line 236;0;55.0059473754277
-23.862273087;-47.139621254;730.4;59490;237.39877358490563;939.9987735849056;Line 236;0;55.0059473754277
-23.862121147;-47.139377499;732.3;59460;237.27905660377354;939.8790566037735;Line 236;0;55.0059473754277
-23.861969207;-47.139133744;735.3;59430;237.15933962264145;939.7593396226415;Line 236;0;55.0059473754277
-23.861817267;-47.138889989;734.9;59400;237.03962264150937;939.6396226415094;Line 236;0;55.0059473754277
-23.861665326;-47.138646235;736.5;59370;236.91990566037734;939.5199056603774;Line 236;0;55.0059473754277
-23.861513384;-47.138402482;735.3;59340;236.80018867924525;939.4001886792453;Line 236;0;55.0059473754277
-23.861361443;-47.138158729;727.7;59310;236.68047169811317;939.2804716981132;Line 236;0;55.0059473754277
-23.8612095;-47.137914977;718.2;59280;236.56075471698108;939.160754716981;Line 236;0;55.0059473754277
-23.861057558;-47.137671225;709.5;59250;236.441037735849;939.041037735849;Line 236;0;55.0059473754277
-23.860905615;-47.137427474;703.4;59220;236.32132075471694;938.9213207547169;Line 236;0;55.0059473754277
-23.860753671;-47.137183724;704.2;59190;236.20160377358488;938.8016037735849;Line 236;0;55.0059473754277
-23.860601727;-47.136939973;707.7;59160;236.0818867924528;938.6818867924528;Line 236;0;55.0059473754277
-23.860449783;-47.136696224;713.3;59130;235.9621698113207;938.5621698113207;Line 236;0;55.0059473754277
-23.860297838;-47.136452475;714.1;59100;235.84245283018862;938.4424528301886;Line 236;0;55.0059473754277
-23.860145893;-47.136208727;714.4;59070;235.72273584905656;938.3227358490566;Line 236;0;55.0059473754277
-23.859993948;-47.135964979;714.9;59040;235.6030188679245;938.2030188679246;Line 236;0;55.0059473754277
-23.859842001;-47.135721231;711.3;59010;235.48330188679242;938.0833018867925;Line 236;0;55.0059473754277
-23.859690055;-47.135477485;706.8;58980;235.36358490566033;937.9635849056604;Line 236;0;55.0059473754277
-23.859538108;-47.135233739;704.1;58950;235.24386792452825;937.8438679245282;Line 236;0;55.0059473754277
-23.859386161;-47.134989993;703.4;58920;235.1241509433962;937.7241509433962;Line 236;0;55.0059473754277
-23.859234213;-47.134746248;703.4;58890;235.0044339622641;937.6044339622641;Line 236;0;55.0059473754277
-23.859082265;-47.134502503;702.8;58860;234.88471698113204;937.4847169811321;Line 236;0;55.0059473754277
-23.858930316;-47.134258759;702.3;58830;234.76499999999996;937.365;Line 236;0;55.0059473754277
-23.858778367;-47.134015016;700.7;58800;234.64528301886787;937.2452830188679;Line 236;0;55.0059473754277
-23.858626418;-47.133771273;697.6;58770;234.5255660377358;937.1255660377358;Line 236;0;55.0059473754277
-23.858474468;-47.133527531;693.5;58740;234.40584905660373;937.0058490566038;Line 236;0;55.0059473754277
-23.858322517;-47.133283789;690.0;58710;234.28613207547164;936.8861320754717;Line 236;0;55.0059473754277
-23.858170567;-47.133040048;691.0;58680;234.16641509433958;936.7664150943397;Line 236;0;55.0059473754277
-23.858018615;-47.132796307;692.9;58650;234.0466981132075;936.6466981132075;Line 236;0;55.0059473754277
-23.857866664;-47.132552567;695.8;58620;233.92698113207544;936.5269811320754;Line 236;0;55.0059473754277
-23.857714712;-47.132308827;700.6;58590;233.80726415094335;936.4072641509433;Line 236;0;55.0059473754277
-23.857562759;-47.132065088;706.2;58560;233.68754716981127;936.2875471698113;Line 236;0;55.0059473754277
-23.857410806;-47.13182135;709.4;58530;233.5678301886792;936.1678301886792;Line 236;0;55.0059473754277
-23.857258853;-47.131577612;709.7;58500;233.44811320754712;936.0481132075472;Line 236;0;55.0059473754277
-23.857106899;-47.131333875;707.2;58470;233.32839622641507;935.9283962264151;Line 236;0;55.0059473754277
-23.856954945;-47.131090138;703.8;58440;233.20867924528298;935.808679245283;Line 236;0;55.0059473754277
-23.85680299;-47.130846401;699.5;58410;233.0889622641509;935.6889622641509;Line 236;0;55.0059473754277
-23.856651035;-47.130602666;697.0;58380;232.9692452830188;935.5692452830189;Line 236;0;55.0059473754277
-23.85649908;-47.130358931;697.8;58350;232.84952830188675;935.4495283018867;Line 236;0;55.0059473754277
-23.856347124;-47.130115196;699.4;58320;232.7298113207547;935.3298113207547;Line 236;0;55.0059473754277
-23.856195167;-47.129871462;702.6;58290;232.6100943396226;935.2100943396226;Line 236;0;55.0059473754277
-23.856043211;-47.129627728;706.7;58260;232.49037735849052;935.0903773584905;Line 236;0;55.0059473754277
-23.855891253;-47.129383995;710.6;58230;232.37066037735843;934.9706603773584;Line 236;0;55.0059473754277
-23.855739296;-47.129140263;712.7;58200;232.25094339622638;934.8509433962264;Line 236;0;55.0059473754277
-23.855587338;-47.128896531;709.5;58170;232.13122641509432;934.7312264150944;Line 236;0;55.0059473754277
-23.855435379;-47.1286528;707.4;58140;232.01150943396223;934.6115094339623;Line 236;0;55.0059473754277
-23.85528342;-47.128409069;706.5;58110;231.89179245283015;934.4917924528302;Line 236;0;55.0059473754277
-23.855131461;-47.128165339;706.0;58080;231.77207547169806;934.372075471698;Line 236;0;55.0059473754277
-23.854979501;-47.127921609;707.5;58050;231.65235849056597;934.2523584905659;Line 236;0;55.0059473754277
-23.854827541;-47.12767788;711.3;58020;231.53264150943394;934.1326415094339;Line 236;0;55.0059473754277
-23.85467558;-47.127434152;715.0;57990;231.41292452830186;934.0129245283019;Line 236;0;55.0059473754277
-23.854523619;-47.127190424;716.5;57960;231.29320754716977;933.8932075471698;Line 236;0;55.0059473754277
-23.854371658;-47.126946696;715.5;57930;231.17349056603769;933.7734905660377;Line 236;0;55.0059473754277
-23.854219696;-47.126702969;711.9;57900;231.0537735849056;933.6537735849056;Line 236;0;55.0059473754277
-23.854067733;-47.126459243;704.9;57870;230.93405660377354;933.5340566037736;Line 236;0;55.0059473754277
-23.853915771;-47.126215517;697.4;57840;230.81433962264148;933.4143396226415;Line 236;0;55.0059473754277
-23.853763807;-47.125971792;690.2;57810;230.6946226415094;933.2946226415095;Line 236;0;55.0059473754277
-23.853611844;-47.125728067;683.7;57780;230.5749056603773;933.1749056603774;Line 236;0;55.0059473754277
-23.85345988;-47.125484343;678.1;57750;230.45518867924523;933.0551886792452;Line 236;0;55.0059473754277
-23.853307915;-47.12524062;673.1;57720;230.33547169811317;932.9354716981131;Line 236;0;55.0059473754277
-23.85315595;-47.124996897;671.5;57690;230.21575471698108;932.8157547169811;Line 236;0;55.0059473754277
-23.853003985;-47.124753174;673.1;57660;230.09603773584902;932.696037735849;Line 236;0;55.0059473754277
-23.852852019;-47.124509452;675.9;57630;229.97632075471694;932.576320754717;Line 236;0;55.0059473754277
-23.852700053;-47.124265731;680.0;57600;229.85660377358485;932.4566037735849;Line 236;0;55.0059473754277
-23.852548086;-47.12402201;683.5;57570;229.7368867924528;932.3368867924528;Line 236;0;55.0059473754277
-23.852396119;-47.12377829;686.0;57540;229.6171698113207;932.2171698113207;Line 236;0;55.0059473754277
-23.852244151;-47.12353457;688.7;57510;229.49745283018865;932.0974528301887;Line 236;0;55.0059473754277
-23.852092184;-47.123290851;690.7;57480;229.37773584905656;931.9777358490566;Line 236;0;55.0059473754277
-23.851940215;-47.123047132;688.7;57450;229.25801886792448;931.8580188679246;Line 236;0;55.0059473754277
-23.851788246;-47.122803414;685.2;57420;229.13830188679242;931.7383018867924;Line 236;0;55.0059473754277
-23.851636277;-47.122559697;680.4;57390;229.01858490566033;931.6185849056603;Line 236;0;55.0059473754277
-23.851484307;-47.12231598;678.4;57360;228.89886792452825;931.4988679245282;Line 236;0;55.0059473754277
-23.851332337;-47.122072263;676.8;57330;228.7791509433962;931.3791509433962;Line 236;0;55.0059473754277
-23.851180367;-47.121828548;674.7;57300;228.6594339622641;931.2594339622641;Line 236;0;55.0059473754277
-23.851028396;-47.121584832;672.8;57270;228.53971698113205;931.1397169811321;Line 236;0;55.0059473754277
-23.850876425;-47.121341118;671.7;57240;228.41999999999996;931.02;Line 236;0;55.0059473754277
-23.850724453;-47.121097403;670.1;57210;228.30028301886787;930.9002830188679;Line 236;0;55.0059473754277
-23.85057248;-47.12085369;669.3;57180;228.18056603773582;930.7805660377359;Line 236;0;55.0059473754277
-23.850420508;-47.120609977;671.5;57150;228.06084905660373;930.6608490566038;Line 236;0;55.0059473754277
-23.850268535;-47.120366264;675.1;57120;227.94113207547167;930.5411320754718;Line 236;0;55.0059473754277
-23.850116561;-47.120122552;680.0;57090;227.82141509433959;930.4214150943396;Line 236;0;55.0059473754277
-23.849964587;-47.119878841;682.3;57060;227.7016981132075;930.3016981132075;Line 236;0;55.0059473754277
-23.849812613;-47.11963513;679.1;57030;227.5819811320754;930.1819811320754;Line 236;0;55.0059473754277
-23.849660638;-47.119391419;675.6;57000;227.46226415094335;930.0622641509434;Line 236;0;55.0059473754277
-23.849508663;-47.11914771;672.1;56970;227.3425471698113;929.9425471698113;Line 236;0;55.0059473754277
-23.849356687;-47.118904;670.8;56940;227.2228301886792;929.8228301886793;Line 236;0;55.0059473754277
-23.849204711;-47.118660292;668.8;56910;227.10311320754712;929.7031132075472;Line 236;0;55.0059473754277
-23.849052735;-47.118416584;666.5;56880;226.98339622641504;929.5833962264151;Line 236;0;55.0059473754277
-23.848900758;-47.118172876;666.0;56850;226.86367924528295;929.463679245283;Line 236;0;55.0059473754277
-23.84874878;-47.117929169;666.5;56820;226.74396226415092;929.343962264151;Line 236;0;55.0059473754277
-23.848596802;-47.117685463;667.2;56790;226.62424528301884;929.2242452830188;Line 236;0;55.0059473754277
-23.848444824;-47.117441757;667.9;56760;226.50452830188675;929.1045283018868;Line 236;0;55.0059473754277
-23.848292845;-47.117198051;667.9;56730;226.38481132075466;928.9848113207547;Line 236;0;55.0059473754277
-23.848140866;-47.116954346;668.9;56700;226.26509433962258;928.8650943396226;Line 236;0;55.0059473754277
-23.847988887;-47.116710642;670.6;56670;226.14537735849052;928.7453773584905;Line 236;0;55.0059473754277
-23.847836907;-47.116466939;676.6;56640;226.02566037735846;928.6256603773585;Line 236;0;55.0059473754277
-23.847684926;-47.116223235;683.9;56610;225.90594339622638;928.5059433962264;Line 236;0;55.0059473754277
-23.847532946;-47.115979533;691.9;56580;225.7862264150943;928.3862264150944;Line 236;0;55.0059473754277
-23.847380964;-47.115735831;698.5;56550;225.6665094339622;928.2665094339623;Line 236;0;55.0059473754277
-23.847228983;-47.115492129;703.6;56520;225.54679245283015;928.1467924528301;Line 236;0;55.0059473754277
-23.847077001;-47.115248428;707.7;56490;225.4270754716981;928.0270754716981;Line 236;0;55.0059473754277
-23.846925018;-47.115004728;710.8;56460;225.307358490566;927.907358490566;Line 236;0;55.0059473754277
-23.846773035;-47.114761028;713.2;56430;225.18764150943392;927.7876415094339;Line 236;0;55.0059473754277
-23.846621052;-47.114517329;715.0;56400;225.06792452830183;927.6679245283019;Line 236;0;55.0059473754277
-23.846469068;-47.11427363;714.4;56370;224.94820754716977;927.5482075471698;Line 236;0;55.0059473754277
-23.846317084;-47.114029932;710.4;56340;224.8284905660377;927.4284905660377;Line 236;0;55.0059473754277
-23.846165099;-47.113786234;704.7;56310;224.70877358490563;927.3087735849057;Line 236;0;55.0059473754277
-23.846013114;-47.113542537;699.1;56280;224.58905660377354;927.1890566037736;Line 236;0;55.0059473754277
-23.845861128;-47.11329884;694.1;56250;224.46933962264146;927.0693396226415;Line 236;0;55.0059473754277
-23.845709142;-47.113055144;692.7;56220;224.3496226415094;926.9496226415094;Line 236;0;55.0059473754277
-23.845557156;-47.112811449;691.7;56190;224.2299056603773;926.8299056603773;Line 236;0;55.0059473754277
-23.845405169;-47.112567754;691.0;56160;224.11018867924523;926.7101886792452;Line 236;0;55.0059473754277
-23.845253182;-47.11232406;690.4;56130;223.99047169811317;926.5904716981132;Line 236;0;55.0059473754277
-23.845101194;-47.112080366;690.9;56100;223.87075471698108;926.4707547169811;Line 236;0;55.0059473754277
-23.844949206;-47.111836673;693.0;56070;223.75103773584902;926.3510377358491;Line 236;0;55.0059473754277
-23.844797218;-47.11159298;694.9;56040;223.63132075471694;926.231320754717;Line 236;0;55.0059473754277
-23.844645229;-47.111349288;694.5;56010;223.51160377358485;926.1116037735849;Line 236;0;55.0059473754277
-23.844493239;-47.111105596;694.6;55980;223.3918867924528;925.9918867924528;Line 236;0;55.0059473754277
-23.844341249;-47.110861905;695.1;55950;223.2721698113207;925.8721698113208;Line 236;0;55.0059473754277
-23.844189259;-47.110618215;690.7;55920;223.15245283018865;925.7524528301886;Line 236;0;55.0059473754277
-23.844037269;-47.110374525;685.1;55890;223.03273584905656;925.6327358490566;Line 236;0;55.0059473754277
-23.843885277;-47.110130836;680.0;55860;222.91301886792448;925.5130188679245;Line 236;0;55.0059473754277
-23.843733286;-47.109887147;675.6;55830;222.7933018867924;925.3933018867924;Line 236;0;55.0059473754277
-23.843581294;-47.109643458;671.7;55800;222.67358490566036;925.2735849056604;Line 236;0;55.0059473754277
-23.843429302;-47.109399771;668.1;55770;222.55386792452828;925.1538679245283;Line 236;0;55.0059473754277
-23.843277309;-47.109156084;665.3;55740;222.4341509433962;925.0341509433962;Line 236;0;55.0059473754277
-23.843125315;-47.108912397;666.2;55710;222.3144339622641;924.9144339622642;Line 236;0;55.0059473754277
-23.842973322;-47.108668711;666.5;55680;222.19471698113202;924.7947169811321;Line 236;0;55.0059473754277
-23.842821328;-47.108425025;666.2;55650;222.07499999999996;924.675;Line 236;0;55.0059473754277
-23.842669333;-47.10818134;668.0;55620;221.9552830188679;924.555283018868;Line 236;0;55.0059473754277
-23.842517338;-47.107937656;670.4;55590;221.83556603773582;924.4355660377358;Line 236;0;55.0059473754277
-23.842365343;-47.107693972;674.8;55560;221.71584905660373;924.3158490566037;Line 236;0;55.0059473754277
-23.842213347;-47.107450289;678.8;55530;221.59613207547164;924.1961320754717;Line 236;0;55.0059473754277
-23.842061351;-47.107206606;679.1;55500;221.4764150943396;924.0764150943396;Line 236;0;55.0059473754277
-23.841909354;-47.106962924;678.6;55470;221.35669811320753;923.9566981132075;Line 236;0;55.0059473754277
-23.841757357;-47.106719242;677.1;55440;221.23698113207544;923.8369811320755;Line 236;0;55.0059473754277
-23.841605359;-47.106475561;677.8;55410;221.11726415094336;923.7172641509434;Line 236;0;55.0059473754277
-23.841453361;-47.106231881;678.6;55380;220.99754716981127;923.5975471698113;Line 236;0;55.0059473754277
-23.841301363;-47.105988201;677.2;55350;220.8778301886792;923.4778301886793;Line 236;0;55.0059473754277
-23.841149364;-47.105744521;675.9;55320;220.75811320754713;923.3581132075471;Line 236;0;55.0059473754277
-23.840997365;-47.105500842;677.6;55290;220.63839622641507;923.238396226415;Line 236;0;55.0059473754277
-23.840845365;-47.105257164;678.5;55260;220.51867924528298;923.118679245283;Line 236;0;55.0059473754277
-23.840693365;-47.105013486;679.1;55230;220.3989622641509;922.9989622641509;Line 236;0;55.0059473754277
-23.840541365;-47.104769809;680.3;55200;220.27924528301884;922.8792452830189;Line 236;0;55.0059473754277
-23.840389364;-47.104526132;681.3;55170;220.15952830188675;922.7595283018868;Line 236;0;55.0059473754277
-23.840237362;-47.104282456;682.1;55140;220.03981132075467;922.6398113207547;Line 236;0;55.0059473754277
-23.84008536;-47.10403878;684.6;55110;219.9200943396226;922.5200943396226;Line 236;0;55.0059473754277
-23.839933358;-47.103795105;690.6;55080;219.80037735849052;922.4003773584906;Line 236;0;55.0059473754277
-23.839781356;-47.103551431;697.6;55050;219.68066037735846;922.2806603773585;Line 236;0;55.0059473754277
-23.839629352;-47.103307757;704.8;55020;219.56094339622638;922.1609433962265;Line 236;0;55.0059473754277
-23.839477349;-47.103064084;710.8;54990;219.4412264150943;922.0412264150943;Line 236;0;55.0059473754277
-23.839325345;-47.102820411;716.1;54960;219.32150943396223;921.9215094339622;Line 236;0;55.0059473754277
-23.839173341;-47.102576738;720.6;54930;219.20179245283015;921.8017924528301;Line 236;0;55.0059473754277
-23.839021336;-47.102333067;717.3;54900;219.0820754716981;921.6820754716981;Line 236;0;55.0059473754277
-23.83886933;-47.102089396;713.5;54870;218.962358490566;921.562358490566;Line 236;0;55.0059473754277
-23.838717325;-47.101845725;711.1;54840;218.84264150943392;921.442641509434;Line 236;0;55.0059473754277
-23.838565319;-47.101602055;709.1;54810;218.72292452830183;921.3229245283019;Line 236;0;55.0059473754277
-23.838413312;-47.101358385;706.1;54780;218.60320754716977;921.2032075471698;Line 236;0;55.0059473754277
-23.838261305;-47.101114716;707.5;54750;218.48349056603772;921.0834905660378;Line 236;0;55.0059473754277
-23.838109298;-47.100871048;712.9;54720;218.36377358490563;920.9637735849057;Line 236;0;55.0059473754277
-23.83795729;-47.10062738;718.4;54690;218.24405660377354;920.8440566037735;Line 236;0;55.0059473754277
-23.837805282;-47.100383713;724.0;54660;218.12433962264146;920.7243396226415;Line 236;0;55.0059473754277
-23.837653273;-47.100140046;729.9;54630;218.0046226415094;920.6046226415094;Line 236;0;55.0059473754277
-23.837501264;-47.09989638;734.1;54600;217.88490566037734;920.4849056603773;Line 236;0;55.0059473754277
-23.837349254;-47.099652714;729.2;54570;217.76518867924526;920.3651886792453;Line 236;0;55.0059473754277
-23.837197244;-47.099409049;724.3;54540;217.64547169811317;920.2454716981132;Line 236;0;55.0059473754277
-23.837045234;-47.099165384;719.3;54510;217.52575471698108;920.1257547169811;Line 236;0;55.0059473754277
-23.836893223;-47.09892172;714.1;54480;217.406037735849;920.0060377358491;Line 236;0;55.0059473754277
-23.836741212;-47.098678057;709.7;54450;217.28632075471697;919.886320754717;Line 236;0;55.0059473754277
-23.8365892;-47.098434394;704.5;54420;217.16660377358488;919.7666037735848;Line 236;0;55.0059473754277
-23.836437188;-47.098190732;696.5;54390;217.0468867924528;919.6468867924528;Line 236;0;55.0059473754277
-23.836285176;-47.09794707;688.6;54360;216.9271698113207;919.5271698113207;Line 236;0;55.0059473754277
-23.836133163;-47.097703409;681.7;54330;216.80745283018862;919.4074528301886;Line 236;0;55.0059473754277
-23.835981149;-47.097459748;676.8;54300;216.68773584905657;919.2877358490566;Line 236;0;55.0059473754277
-23.835829136;-47.097216088;677.4;54270;216.5680188679245;919.1680188679245;Line 236;0;55.0059473754277
-23.835677121;-47.096972428;682.0;54240;216.44830188679242;919.0483018867924;Line 236;0;55.0059473754277
-23.835525107;-47.096728769;688.5;54210;216.32858490566034;918.9285849056604;Line 236;0;55.0059473754277
-23.835373091;-47.096485111;695.8;54180;216.20886792452825;918.8088679245283;Line 236;0;55.0059473754277
-23.835221076;-47.096241453;703.7;54150;216.0891509433962;918.6891509433963;Line 236;0;55.0059473754277
-23.83506906;-47.095997795;712.2;54120;215.9694339622641;918.5694339622642;Line 236;0;55.0059473754277
-23.834917044;-47.095754139;716.0;54090;215.84971698113205;918.449716981132;Line 236;0;55.0059473754277
-23.834765027;-47.095510482;710.8;54060;215.72999999999996;918.3299999999999;Line 236;0;55.0059473754277
-23.83461301;-47.095266827;705.1;54030;215.61028301886788;918.2102830188679;Line 236;0;55.0059473754277
-23.834460992;-47.095023171;698.9;54000;215.49056603773582;918.0905660377358;Line 236;0;55.0059473754277
-23.834308974;-47.094779517;698.6;53970;215.37084905660373;917.9708490566038;Line 236;0;55.0059473754277
-23.834156955;-47.094535863;699.4;53940;215.25113207547167;917.8511320754717;Line 236;0;55.0059473754277
-23.834004936;-47.094292209;699.8;53910;215.1314150943396;917.7314150943396;Line 236;0;55.0059473754277
-23.833852917;-47.094048556;702.8;53880;215.0116981132075;917.6116981132075;Line 236;0;55.0059473754277
-23.833700897;-47.093804904;708.8;53850;214.89198113207544;917.4919811320755;Line 236;0;55.0059473754277
-23.833548877;-47.093561252;715.9;53820;214.77226415094336;917.3722641509434;Line 236;0;55.0059473754277
-23.833396856;-47.0933176;723.6;53790;214.65254716981127;917.2525471698114;Line 236;0;55.0059473754277
-23.833244835;-47.09307395;724.7;53760;214.5328301886792;917.1328301886792;Line 236;0;55.0059473754277
-23.833092814;-47.092830299;725.5;53730;214.41311320754713;917.0131132075471;Line 236;0;55.0059473754277
-23.832940792;-47.09258665;727.1;53700;214.29339622641507;916.8933962264151;Line 236;0;55.0059473754277
-23.832788769;-47.092343001;724.3;53670;214.17367924528298;916.773679245283;Line 236;0;55.0059473754277
-23.832636746;-47.092099352;718.1;53640;214.0539622641509;916.6539622641509;Line 236;0;55.0059473754277
-23.832484723;-47.091855704;711.2;53610;213.93424528301884;916.5342452830189;Line 236;0;55.0059473754277
-23.8323327;-47.091612057;705.4;53580;213.81452830188675;916.4145283018868;Line 236;0;55.0059473754277
-23.832180675;-47.09136841;704.0;53550;213.6948113207547;916.2948113207547;Line 236;0;55.0059473754277
-23.832028651;-47.091124763;704.6;53520;213.5750943396226;916.1750943396227;Line 236;0;55.0059473754277
-23.831876626;-47.090881118;707.1;53490;213.45537735849052;916.0553773584905;Line 236;0;55.0059473754277
-23.831724601;-47.090637472;713.7;53460;213.33566037735844;915.9356603773584;Line 236;0;55.0059473754277
-23.831572575;-47.090393828;721.1;53430;213.21594339622638;915.8159433962264;Line 236;0;55.0059473754277
-23.831420549;-47.090150183;727.3;53400;213.09622641509432;915.6962264150943;Line 236;0;55.0059473754277
-23.831268522;-47.08990654;730.4;53370;212.97650943396224;915.5765094339622;Line 236;0;55.0059473754277
-23.831116495;-47.089662897;730.4;53340;212.85679245283015;915.4567924528302;Line 236;0;55.0059473754277
-23.830964467;-47.089419254;730.5;53310;212.73707547169806;915.3370754716981;Line 236;0;55.0059473754277
-23.830812439;-47.089175612;730.1;53280;212.61735849056598;915.217358490566;Line 236;0;55.0059473754277
-23.830660411;-47.088931971;728.8;53250;212.49764150943395;915.097641509434;Line 236;0;55.0059473754277
-23.830508382;-47.08868833;729.2;53220;212.37792452830186;914.9779245283019;Line 236;0;55.0059473754277
-23.830356353;-47.08844469;731.1;53190;212.25820754716977;914.8582075471697;Line 236;0;55.0059473754277
-23.830204323;-47.08820105;731.1;53160;212.1384905660377;914.7384905660377;Line 236;0;55.0059473754277
-23.830052293;-47.087957411;728.5;53130;212.0187735849056;914.6187735849056;Line 236;0;55.0059473754277
-23.829900263;-47.087713772;725.8;53100;211.89905660377354;914.4990566037736;Line 236;0;55.0059473754277
-23.829748232;-47.087470134;724.7;53070;211.7793396226415;914.3793396226415;Line 236;0;55.0059473754277
-23.8295962;-47.087226497;725.1;53040;211.6596226415094;914.2596226415094;Line 236;0;55.0059473754277
-23.829444169;-47.08698286;724.3;53010;211.53990566037731;914.1399056603773;Line 236;0;55.0059473754277
-23.829292136;-47.086739223;722.1;52980;211.42018867924523;914.0201886792453;Line 236;0;55.0059473754277
-23.829140104;-47.086495587;723.2;52950;211.30047169811317;913.9004716981132;Line 236;0;55.0059473754277
-23.828988071;-47.086251952;724.6;52920;211.1807547169811;913.7807547169812;Line 236;0;55.0059473754277
-23.828836037;-47.086008317;724.2;52890;211.06103773584903;913.661037735849;Line 236;0;55.0059473754277
-23.828684003;-47.085764683;723.2;52860;210.94132075471694;913.5413207547169;Line 236;0;55.0059473754277
-23.828531969;-47.085521049;724.1;52830;210.82160377358485;913.4216037735848;Line 236;0;55.0059473754277
-23.828379934;-47.085277416;724.3;52800;210.7018867924528;913.3018867924528;Line 236;0;55.0059473754277
-23.828227899;-47.085033784;725.8;52770;210.5821698113207;913.1821698113207;Line 236;0;55.0059473754277
-23.828075863;-47.084790152;727.5;52740;210.46245283018865;913.0624528301887;Line 236;0;55.0059473754277
-23.827923827;-47.08454652;728.7;52710;210.34273584905657;912.9427358490566;Line 236;0;55.0059473754277
-23.827771791;-47.084302889;729.3;52680;210.22301886792448;912.8230188679245;Line 236;0;55.0059473754277
-23.827619754;-47.084059259;729.6;52650;210.10330188679242;912.7033018867925;Line 236;0;55.0059473754277
-23.827467716;-47.083815629;731.1;52620;209.98358490566034;912.5835849056604;Line 236;0;55.0059473754277
-23.827315679;-47.083572;736.9;52590;209.86386792452828;912.4638679245284;Line 236;0;55.0059473754277
-23.82716364;-47.083328371;742.3;52560;209.7441509433962;912.3441509433962;Line 236;0;55.0059473754277
-23.827011602;-47.083084743;746.7;52530;209.6244339622641;912.2244339622641;Line 236;0;55.0059473754277
-23.826859563;-47.082841115;749.6;52500;209.50471698113205;912.104716981132;Line 236;0;55.0059473754277
-23.826707523;-47.082597488;751.1;52470;209.38499999999996;911.985;Line 236;0;55.0059473754277
-23.826555483;-47.082353862;753.8;52440;209.26528301886788;911.8652830188679;Line 236;0;55.0059473754277
-23.826403443;-47.082110236;758.5;52410;209.14556603773582;911.7455660377359;Line 236;0;55.0059473754277
-23.826251402;-47.08186661;763.1;52380;209.02584905660373;911.6258490566038;Line 236;0;55.0059473754277
-23.826099361;-47.081622985;767.9;52350;208.90613207547167;911.5061320754717;Line 236;0;55.0059473754277
-23.825947319;-47.081379361;773.8;52320;208.7864150943396;911.3864150943396;Line 236;0;55.0059473754277
-23.825795277;-47.081135737;778.7;52290;208.6666981132075;911.2666981132076;Line 236;0;55.0059473754277
-23.825643235;-47.080892114;780.5;52260;208.54698113207542;911.1469811320754;Line 236;0;55.0059473754277
-23.825491192;-47.080648491;778.2;52230;208.42726415094336;911.0272641509434;Line 236;0;55.0059473754277
-23.825339148;-47.080404869;773.7;52200;208.3075471698113;910.9075471698113;Line 236;0;55.0059473754277
-23.825187105;-47.080161248;767.8;52170;208.18783018867921;910.7878301886792;Line 236;0;55.0059473754277
-23.82503506;-47.079917627;763.3;52140;208.06811320754713;910.6681132075471;Line 236;0;55.0059473754277
-23.824883016;-47.079674006;768.5;52110;207.94839622641504;910.5483962264151;Line 236;0;55.0059473754277
-23.824730971;-47.079430386;775.7;52080;207.82867924528298;910.428679245283;Line 236;0;55.0059473754277
-23.824578925;-47.079186767;783.7;52050;207.70896226415093;910.308962264151;Line 236;0;55.0059473754277
-23.824426879;-47.078943148;791.3;52020;207.58924528301884;910.1892452830189;Line 236;0;55.0059473754277
-23.824274833;-47.07869953;798.7;51990;207.46952830188675;910.0695283018867;Line 236;0;55.0059473754277
-23.824122786;-47.078455912;805.2;51960;207.34981132075467;909.9498113207546;Line 236;0;55.0059473754277
-23.823970739;-47.078212295;808.7;51930;207.23009433962258;909.8300943396226;Line 236;0;55.0059473754277
-23.823818691;-47.077968679;810.9;51900;207.11037735849055;909.7103773584906;Line 236;0;55.0059473754277
-23.823666643;-47.077725063;812.8;51870;206.99066037735847;909.5906603773585;Line 236;0;55.0059473754277
-23.823514595;-47.077481447;814.1;51840;206.87094339622638;909.4709433962264;Line 236;0;55.0059473754277
-23.823362546;-47.077237832;811.0;51810;206.7512264150943;909.3512264150943;Line 236;0;55.0059473754277
-23.823210497;-47.076994218;811.5;51780;206.6315094339622;909.2315094339622;Line 236;0;55.0059473754277
-23.823058447;-47.076750604;813.9;51750;206.51179245283015;909.1117924528302;Line 236;0;55.0059473754277
-23.822906397;-47.076506991;817.0;51720;206.3920754716981;908.9920754716982;Line 236;0;55.0059473754277
-23.822754346;-47.076263378;821.1;51690;206.272358490566;908.8723584905661;Line 236;0;55.0059473754277
-23.822602295;-47.076019766;826.9;51660;206.15264150943392;908.7526415094339;Line 236;0;55.0059473754277
-23.822450244;-47.075776154;834.3;51630;206.03292452830183;908.6329245283018;Line 236;0;55.0059473754277
-23.822298192;-47.075532543;841.1;51600;205.91320754716978;908.5132075471698;Line 236;0;55.0059473754277
-23.822146139;-47.075288933;846.3;51570;205.7934905660377;908.3934905660377;Line 236;0;55.0059473754277
-23.821994087;-47.075045323;850.0;51540;205.67377358490563;908.2737735849057;Line 236;0;55.0059473754277
-23.821842033;-47.074801713;859.5;51510;205.55405660377355;908.1540566037736;Line 236;0;55.0059473754277
-23.82168998;-47.074558104;870.8;51480;205.43433962264146;908.0343396226415;Line 236;0;55.0059473754277
-23.821537926;-47.074314496;879.8;51450;205.3146226415094;907.9146226415094;Line 236;0;55.0059473754277
-23.821385871;-47.074070888;885.9;51420;205.19490566037732;907.7949056603774;Line 236;0;55.0059473754277
-23.821233816;-47.073827281;889.1;51390;205.07518867924526;907.6751886792453;Line 236;0;55.0059473754277
-23.821081761;-47.073583674;889.7;51360;204.95547169811317;907.5554716981133;Line 236;0;55.0059473754277
-23.820929705;-47.073340068;887.7;51330;204.83575471698109;907.4357547169811;Line 236;0;55.0059473754277
-23.820777649;-47.073096463;888.1;51300;204.71603773584903;907.316037735849;Line 236;0;55.0059473754277
-23.820625593;-47.072852858;887.8;51270;204.59632075471694;907.1963207547169;Line 236;0;55.0059473754277
-23.820473536;-47.072609253;887.6;51240;204.47660377358486;907.0766037735849;Line 236;0;55.0059473754277
-23.820321478;-47.072365649;883.8;51210;204.3568867924528;906.9568867924528;Line 236;0;55.0059473754277
-23.82016942;-47.072122046;877.9;51180;204.2371698113207;906.8371698113208;Line 236;0;55.0059473754277
-23.820017362;-47.071878443;873.4;51150;204.11745283018865;906.7174528301887;Line 236;0;55.0059473754277
-23.819865303;-47.071634841;866.8;51120;203.99773584905657;906.5977358490566;Line 236;0;55.0059473754277
-23.819713244;-47.071391239;857.1;51090;203.87801886792448;906.4780188679244;Line 236;0;55.0059473754277
-23.819561184;-47.071147638;850.6;51060;203.75830188679242;906.3583018867924;Line 236;0;55.0059473754277
-23.819409124;-47.070904037;847.3;51030;203.63858490566034;906.2385849056603;Line 236;0;55.0059473754277
-23.819257064;-47.070660437;844.0;51000;203.51886792452828;906.1188679245283;Line 236;0;55.0059473754277
-23.819105003;-47.070416838;840.4;50970;203.3991509433962;905.9991509433962;Line 236;0;55.0059473754277
-23.818952942;-47.070173239;835.9;50940;203.2794339622641;905.8794339622641;Line 236;0;55.0059473754277
-23.81880088;-47.06992964;832.2;50910;203.15971698113202;905.759716981132;Line 236;0;55.0059473754277
-23.818648818;-47.069686043;828.5;50880;203.03999999999996;905.64;Line 236;0;55.0059473754277
-23.818496755;-47.069442445;825.8;50850;202.9202830188679;905.520283018868;Line 236;0;55.0059473754277
-23.818344692;-47.069198849;824.1;50820;202.80056603773582;905.4005660377359;Line 236;0;55.0059473754277
-23.818192629;-47.068955252;818.0;50790;202.68084905660373;905.2808490566038;Line 236;0;55.0059473754277
-23.818040565;-47.068711657;812.2;50760;202.56113207547165;905.1611320754716;Line 236;0;55.0059473754277
-23.817888501;-47.068468062;807.3;50730;202.44141509433956;905.0414150943395;Line 236;0;55.0059473754277
-23.817736436;-47.068224467;802.3;50700;202.32169811320753;904.9216981132075;Line 236;0;55.0059473754277
-23.817584371;-47.067980873;797.8;50670;202.20198113207545;904.8019811320755;Line 236;0;55.0059473754277
-23.817432305;-47.06773728;794.3;50640;202.08226415094336;904.6822641509434;Line 236;0;55.0059473754277
-23.817280239;-47.067493687;789.8;50610;201.96254716981127;904.5625471698113;Line 236;0;55.0059473754277
-23.817128173;-47.067250094;788.7;50580;201.8428301886792;904.4428301886792;Line 236;0;55.0059473754277
-23.816976106;-47.067006503;788.9;50550;201.72311320754713;904.3231132075472;Line 236;0;55.0059473754277
-23.816824039;-47.066762911;790.2;50520;201.60339622641507;904.2033962264151;Line 236;0;55.0059473754277
-23.816671971;-47.066519321;794.1;50490;201.48367924528299;904.0836792452831;Line 236;0;55.0059473754277
-23.816519903;-47.066275731;799.3;50460;201.3639622641509;903.963962264151;Line 236;0;55.0059473754277
-23.816367834;-47.066032141;804.0;50430;201.2442452830188;903.8442452830188;Line 236;0;55.0059473754277
-23.816215765;-47.065788552;807.4;50400;201.12452830188676;903.7245283018867;Line 236;0;55.0059473754277
-23.816063696;-47.065544964;806.9;50370;201.0048113207547;903.6048113207547;Line 236;0;55.0059473754277
-23.815911626;-47.065301376;805.9;50340;200.8850943396226;903.4850943396226;Line 236;0;55.0059473754277
-23.815759556;-47.065057788;803.5;50310;200.76537735849053;903.3653773584906;Line 236;0;55.0059473754277
-23.815607485;-47.064814201;799.1;50280;200.64566037735844;903.2456603773585;Line 236;0;55.0059473754277
-23.815455414;-47.064570615;795.2;50250;200.52594339622638;903.1259433962264;Line 236;0;55.0059473754277
-23.815303342;-47.064327029;792.3;50220;200.4062264150943;903.0062264150943;Line 236;0;55.0059473754277
-23.81515127;-47.064083444;789.2;50190;200.28650943396224;902.8865094339623;Line 236;0;55.0059473754277
-23.814999198;-47.06383986;784.6;50160;200.16679245283015;902.7667924528301;Line 236;0;55.0059473754277
-23.814847125;-47.063596276;778.5;50130;200.04707547169807;902.6470754716981;Line 236;0;55.0059473754277
-23.814695052;-47.063352692;772.7;50100;199.927358490566;902.527358490566;Line 236;0;55.0059473754277
-23.814542978;-47.063109109;765.7;50070;199.80764150943392;902.4076415094339;Line 236;0;55.0059473754277
-23.814390904;-47.062865527;759.5;50040;199.68792452830186;902.2879245283019;Line 236;0;55.0059473754277
-23.814238829;-47.062621945;754.2;50010;199.56820754716978;902.1682075471698;Line 236;0;55.0059473754277
-23.814086754;-47.062378363;752.7;49980;199.4484905660377;902.0484905660377;Line 236;0;55.0059473754277
-23.813934679;-47.062134783;754.6;49950;199.32877358490563;901.9287735849057;Line 236;0;55.0059473754277
-23.813782603;-47.061891203;757.5;49920;199.20905660377355;901.8090566037736;Line 236;0;55.0059473754277
-23.813630527;-47.061647623;761.2;49890;199.08933962264146;901.6893396226415;Line 236;0;55.0059473754277
-23.81347845;-47.061404044;764.1;49860;198.9696226415094;901.5696226415095;Line 236;0;55.0059473754277
-23.813326373;-47.061160465;766.4;49830;198.84990566037732;901.4499056603773;Line 236;0;55.0059473754277
-23.813174296;-47.060916887;769.9;49800;198.73018867924526;901.3301886792453;Line 236;0;55.0059473754277
-23.813022218;-47.06067331;774.5;49770;198.61047169811317;901.2104716981132;Line 236;0;55.0059473754277
-23.812870139;-47.060429733;779.8;49740;198.4907547169811;901.0907547169811;Line 236;0;55.0059473754277
-23.81271806;-47.060186156;785.6;49710;198.371037735849;900.971037735849;Line 236;0;55.0059473754277
-23.812565981;-47.059942581;792.2;49680;198.25132075471694;900.851320754717;Line 236;0;55.0059473754277
-23.812413902;-47.059699005;796.3;49650;198.13160377358489;900.7316037735849;Line 236;0;55.0059473754277
-23.812261821;-47.059455431;797.7;49620;198.0118867924528;900.6118867924529;Line 236;0;55.0059473754277
-23.812109741;-47.059211857;798.8;49590;197.8921698113207;900.4921698113208;Line 236;0;55.0059473754277
-23.81195766;-47.058968283;800.1;49560;197.77245283018863;900.3724528301886;Line 236;0;55.0059473754277
-23.811805579;-47.05872471;800.1;49530;197.65273584905657;900.2527358490565;Line 236;0;55.0059473754277
-23.811653497;-47.058481137;798.1;49500;197.5330188679245;900.1330188679245;Line 236;0;55.0059473754277
-23.811501415;-47.058237566;792.7;49470;197.41330188679242;900.0133018867924;Line 236;0;55.0059473754277
-23.811349332;-47.057993994;789.6;49440;197.29358490566034;899.8935849056604;Line 236;0;55.0059473754277
-23.811197249;-47.057750423;788.7;49410;197.17386792452825;899.7738679245283;Line 236;0;55.0059473754277
-23.811045165;-47.057506853;789.9;49380;197.05415094339617;899.6541509433962;Line 236;0;55.0059473754277
-23.810893081;-47.057263283;789.9;49350;196.93443396226414;899.5344339622642;Line 236;0;55.0059473754277
-23.810740997;-47.057019714;789.2;49320;196.81471698113205;899.4147169811321;Line 236;0;55.0059473754277
-23.810588912;-47.056776145;787.3;49290;196.69499999999996;899.295;Line 236;0;55.0059473754277
-23.810436827;-47.056532577;786.3;49260;196.57528301886788;899.175283018868;Line 236;0;55.0059473754277
-23.810284741;-47.05628901;786.3;49230;196.4555660377358;899.0555660377358;Line 236;0;55.0059473754277
-23.810132655;-47.056045443;786.5;49200;196.33584905660373;898.9358490566037;Line 236;0;55.0059473754277
-23.809980569;-47.055801876;786.8;49170;196.21613207547168;898.8161320754717;Line 236;0;55.0059473754277
-23.809828482;-47.055558311;785.4;49140;196.0964150943396;898.6964150943396;Line 236;0;55.0059473754277
-23.809676394;-47.055314745;783.7;49110;195.9766981132075;898.5766981132075;Line 236;0;55.0059473754277
-23.809524307;-47.05507118;781.8;49080;195.85698113207542;898.4569811320755;Line 236;0;55.0059473754277
-23.809372218;-47.054827616;781.0;49050;195.73726415094336;898.3372641509434;Line 236;0;55.0059473754277
-23.80922013;-47.054584053;780.1;49020;195.6175471698113;898.2175471698113;Line 236;0;55.0059473754277
-23.809068041;-47.054340489;778.9;48990;195.49783018867922;898.0978301886793;Line 236;0;55.0059473754277
-23.808915951;-47.054096927;778.3;48960;195.37811320754713;897.9781132075472;Line 236;0;55.0059473754277
-23.808763861;-47.053853365;780.5;48930;195.25839622641504;897.858396226415;Line 236;0;55.0059473754277
-23.808611771;-47.053609803;781.8;48900;195.138679245283;897.738679245283;Line 236;0;55.0059473754277
-23.80845968;-47.053366242;782.3;48870;195.0189622641509;897.6189622641509;Line 236;0;55.0059473754277
-23.808307589;-47.053122682;782.8;48840;194.89924528301884;897.4992452830188;Line 236;0;55.0059473754277
-23.808155497;-47.052879122;786.6;48810;194.77952830188676;897.3795283018868;Line 236;0;55.0059473754277
-23.808003405;-47.052635563;789.7;48780;194.65981132075467;897.2598113207547;Line 236;0;55.0059473754277
-23.807851313;-47.052392004;793.3;48750;194.5400943396226;897.1400943396227;Line 236;0;55.0059473754277
-23.80769922;-47.052148446;796.4;48720;194.42037735849053;897.0203773584906;Line 236;0;55.0059473754277
-23.807547127;-47.051904888;796.6;48690;194.30066037735844;896.9006603773585;Line 236;0;55.0059473754277
-23.807395033;-47.051661331;796.0;48660;194.18094339622638;896.7809433962263;Line 236;0;55.0059473754277
-23.807242939;-47.051417775;804.6;48630;194.0612264150943;896.6612264150943;Line 236;0;55.0059473754277
-23.807090844;-47.051174219;812.8;48600;193.94150943396224;896.5415094339622;Line 236;0;55.0059473754277
-23.806938749;-47.050930664;820.5;48570;193.82179245283015;896.4217924528302;Line 236;0;55.0059473754277
-23.806786654;-47.050687109;828.4;48540;193.70207547169807;896.3020754716981;Line 236;0;55.0059473754277
-23.806634558;-47.050443554;836.5;48510;193.582358490566;896.182358490566;Line 236;0;55.0059473754277
-23.806482461;-47.050200001;842.2;48480;193.46264150943392;896.0626415094339;Line 236;0;55.0059473754277
-23.806330365;-47.049956447;845.3;48450;193.34292452830186;895.9429245283019;Line 236;0;55.0059473754277
-23.806178267;-47.049712895;845.3;48420;193.22320754716978;895.8232075471698;Line 236;0;55.0059473754277
-23.80602617;-47.049469343;843.6;48390;193.1034905660377;895.7034905660378;Line 236;0;55.0059473754277
-23.805874072;-47.049225791;840.3;48360;192.9837735849056;895.5837735849057;Line 236;0;55.0059473754277
-23.805721973;-47.04898224;840.9;48330;192.86405660377358;895.4640566037735;Line 236;0;55.0059473754277
-23.805569874;-47.04873869;843.6;48300;192.7443396226415;895.3443396226415;Line 236;0;55.0059473754277
-23.805417775;-47.04849514;847.0;48270;192.6246226415094;895.2246226415094;Line 236;0;55.0059473754277
-23.805265675;-47.04825159;851.6;48240;192.50490566037732;895.1049056603773;Line 236;0;55.0059473754277
-23.805113575;-47.048008042;858.1;48210;192.38518867924523;894.9851886792453;Line 236;0;55.0059473754277
-23.804961475;-47.047764493;865.0;48180;192.26547169811317;894.8654716981132;Line 236;0;55.0059473754277
-23.804809374;-47.047520946;872.0;48150;192.14575471698112;894.7457547169811;Line 236;0;55.0059473754277
-23.804657272;-47.047277399;877.6;48120;192.02603773584903;894.6260377358491;Line 236;0;55.0059473754277
-23.80450517;-47.047033852;881.9;48090;191.90632075471694;894.506320754717;Line 236;0;55.0059473754277
-23.804353068;-47.046790306;885.1;48060;191.78660377358486;894.3866037735849;Line 236;0;55.0059473754277
-23.804200965;-47.04654676;886.4;48030;191.6668867924528;894.2668867924529;Line 236;0;55.0059473754277
-23.804048862;-47.046303216;891.9;48000;191.5471698113207;894.1471698113207;Line 236;0;55.0059473754277
-23.803896759;-47.046059671;900.5;47970;191.42745283018866;894.0274528301886;Line 236;1;55.0059473754277
-23.803744655;-47.045816127;910.9;47940;191.30773584905657;893.9077358490566;Line 236;1;55.0059473754277
-23.80359255;-47.045572584;918.1;47910;191.18801886792448;893.7880188679245;Line 236;1;55.0059473754277
-23.803440445;-47.045329041;925.9;47880;191.06830188679243;893.6683018867925;Line 236;1;55.0059473754277
-23.80328834;-47.045085499;931.7;47850;190.94858490566034;893.5485849056604;Line 236;1;55.0059473754277
-23.803136234;-47.044841957;932.9;47820;190.82886792452828;893.4288679245283;Line 236;1;55.0059473754277
-23.802984128;-47.044598416;934.3;47790;190.7091509433962;893.3091509433962;Line 236;1;55.0059473754277
-23.802832022;-47.044354876;935.9;47760;190.5894339622641;893.1894339622642;Line 236;1;55.0059473754277
-23.802679915;-47.044111336;937.1;47730;190.46971698113205;893.069716981132;Line 236;1;55.0059473754277
-23.802527807;-47.043867796;936.8;47700;190.34999999999997;892.95;Line 236;1;55.0059473754277
-23.8023757;-47.043624258;935.4;47670;190.23028301886788;892.8302830188679;Line 236;1;55.0059473754277
-23.802223591;-47.043380719;935.0;47640;190.11056603773582;892.7105660377358;Line 236;1;55.0059473754277
-23.802071483;-47.043137181;936.6;47610;189.99084905660374;892.5908490566037;Line 236;1;55.0059473754277
-23.801919373;-47.042893644;939.9;47580;189.87113207547168;892.4711320754717;Line 236;1;55.0059473754277
-23.801767264;-47.042650108;944.5;47550;189.7514150943396;892.3514150943396;Line 236;1;55.0059473754277
-23.801615154;-47.042406571;948.7;47520;189.6316981132075;892.2316981132076;Line 236;1;55.0059473754277
-23.801463044;-47.042163036;950.1;47490;189.51198113207545;892.1119811320755;Line 236;1;55.0059473754277
-23.801310933;-47.041919501;951.5;47460;189.39226415094336;891.9922641509434;Line 236;1;55.0059473754277
-23.801158821;-47.041675966;952.9;47430;189.2725471698113;891.8725471698114;Line 236;1;55.0059473754277
-23.80100671;-47.041432432;953.7;47400;189.15283018867922;891.7528301886792;Line 236;1;55.0059473754277
-23.800854598;-47.041188899;955.1;47370;189.03311320754713;891.6331132075471;Line 236;1;55.0059473754277
-23.800702485;-47.040945366;955.2;47340;188.91339622641505;891.5133962264151;Line 236;1;55.0059473754277
-23.800550372;-47.040701834;954.8;47310;188.793679245283;891.393679245283;Line 236;1;55.0059473754277
-23.800398259;-47.040458302;955.2;47280;188.67396226415093;891.2739622641509;Line 236;1;55.0059473754277
-23.800246145;-47.040214771;956.6;47250;188.55424528301884;891.1542452830189;Line 236;1;55.0059473754277
-23.800094031;-47.039971241;959.3;47220;188.43452830188676;891.0345283018868;Line 236;1;55.0059473754277
-23.799941916;-47.03972771;966.4;47190;188.31481132075467;890.9148113207547;Line 236;1;55.0059473754277
-23.799789801;-47.039484181;974.4;47160;188.19509433962259;890.7950943396227;Line 236;1;55.0059473754277
-23.799637686;-47.039240652;981.9;47130;188.07537735849056;890.6753773584906;Line 236;1;55.0059473754277
-23.79948557;-47.038997124;985.0;47100;187.95566037735847;890.5556603773584;Line 236;1;55.0059473754277
-23.799333453;-47.038753596;986.4;47070;187.83594339622638;890.4359433962264;Line 236;1;55.0059473754277
-23.799181336;-47.038510068;987.6;47040;187.7162264150943;890.3162264150943;Line 236;1;55.0059473754277
-23.799029219;-47.038266542;989.2;47010;187.5965094339622;890.1965094339622;Line 236;1;55.0059473754277
-23.798877102;-47.038023015;987.2;46980;187.47679245283015;890.0767924528302;Line 236;1;55.0059473754277
-23.798724984;-47.03777949;986.5;46950;187.3570754716981;889.9570754716981;Line 236;1;55.0059473754277
-23.798572865;-47.037535965;986.9;46920;187.237358490566;889.837358490566;Line 236;1;55.0059473754277
-23.798420746;-47.03729244;988.5;46890;187.11764150943392;889.717641509434;Line 236;1;55.0059473754277
-23.798268627;-47.037048916;988.2;46860;186.99792452830184;889.5979245283019;Line 236;1;55.0059473754277
-23.798116507;-47.036805393;986.0;46830;186.87820754716978;889.4782075471699;Line 236;1;55.0059473754277
-23.797964387;-47.03656187;984.4;46800;186.75849056603772;889.3584905660377;Line 236;1;55.0059473754277
-23.797812266;-47.036318348;983.4;46770;186.63877358490564;889.2387735849056;Line 236;1;55.0059473754277
-23.797660145;-47.036074826;983.9;46740;186.51905660377355;889.1190566037735;Line 236;1;55.0059473754277
-23.797508024;-47.035831304;985.9;46710;186.39933962264146;888.9993396226415;Line 236;1;55.0059473754277
-23.797355902;-47.035587784;989.9;46680;186.2796226415094;888.8796226415094;Line 236;1;55.0059473754277
-23.797203779;-47.035344264;993.0;46650;186.15990566037732;888.7599056603774;Line 236;1;55.0059473754277
-23.797051657;-47.035100744;995.0;46620;186.04018867924526;888.6401886792453;Line 236;1;55.0059473754277
-23.796899533;-47.034857225;997.1;46590;185.92047169811318;888.5204716981132;Line 236;1;55.0059473754277
-23.79674741;-47.034613707;999.0;46560;185.8007547169811;888.400754716981;Line 236;1;55.0059473754277
-23.796595286;-47.034370189;999.7;46530;185.68103773584903;888.281037735849;Line 236;1;55.0059473754277
-23.796443161;-47.034126671;999.9;46500;185.56132075471695;888.1613207547169;Line 236;1;55.0059473754277
-23.796291036;-47.033883154;1001.8;46470;185.4416037735849;888.0416037735849;Line 236;1;55.0059473754277
-23.796138911;-47.033639638;1004.6;46440;185.3218867924528;887.9218867924528;Line 236;1;55.0059473754277
-23.795986785;-47.033396122;1008.2;46410;185.20216981132072;887.8021698113207;Line 236;1;55.0059473754277
-23.795834659;-47.033152607;1012.3;46380;185.08245283018866;887.6824528301887;Line 236;1;55.0059473754277
-23.795682533;-47.032909093;1015.2;46350;184.96273584905657;887.5627358490566;Line 236;1;55.0059473754277
-23.795530406;-47.032665578;1016.6;46320;184.84301886792448;887.4430188679245;Line 236;1;55.0059473754277
-23.795378278;-47.032422065;1016.6;46290;184.72330188679243;887.3233018867925;Line 236;1;55.0059473754277
-23.79522615;-47.032178552;1016.3;46260;184.60358490566034;887.2035849056604;Line 236;1;55.0059473754277
-23.795074022;-47.031935039;1015.8;46230;184.48386792452828;887.0838679245282;Line 236;1;55.0059473754277
-23.794921893;-47.031691528;1016.6;46200;184.3641509433962;886.9641509433962;Line 236;1;55.0059473754277
-23.794769764;-47.031448016;1017.4;46170;184.2444339622641;886.8444339622641;Line 236;1;55.0059473754277
-23.794617635;-47.031204506;1017.4;46140;184.12471698113202;886.724716981132;Line 236;1;55.0059473754277
-23.794465505;-47.030960995;1016.5;46110;184.00499999999997;886.605;Line 236;1;55.0059473754277
-23.794313374;-47.030717486;1012.4;46080;183.8852830188679;886.4852830188679;Line 236;1;55.0059473754277
-23.794161243;-47.030473976;1005.6;46050;183.76556603773582;886.3655660377358;Line 236;1;55.0059473754277
-23.794009112;-47.030230468;999.3;46020;183.64584905660374;886.2458490566038;Line 236;1;55.0059473754277
-23.79385698;-47.02998696;993.0;45990;183.52613207547165;886.1261320754717;Line 236;1;55.0059473754277
-23.793704848;-47.029743452;991.9;45960;183.4064150943396;886.0064150943397;Line 236;1;55.0059473754277
-23.793552716;-47.029499946;991.7;45930;183.28669811320754;885.8866981132076;Line 236;1;55.0059473754277
-23.793400583;-47.029256439;992.5;45900;183.16698113207545;885.7669811320754;Line 236;1;55.0059473754277
-23.793248449;-47.029012933;995.1;45870;183.04726415094336;885.6472641509433;Line 236;1;55.0059473754277
-23.793096315;-47.028769428;997.3;45840;182.92754716981128;885.5275471698113;Line 236;1;55.0059473754277
-23.792944181;-47.028525923;997.8;45810;182.8078301886792;885.4078301886792;Line 236;1;55.0059473754277
-23.792792046;-47.028282419;997.4;45780;182.68811320754716;885.2881132075472;Line 236;1;55.0059473754277
-23.792639911;-47.028038916;999.2;45750;182.56839622641508;885.1683962264151;Line 236;1;55.0059473754277
-23.792487776;-47.027795413;1001.0;45720;182.448679245283;885.048679245283;Line 236;1;55.0059473754277
-23.79233564;-47.02755191;1004.5;45690;182.3289622641509;884.9289622641509;Line 236;1;55.0059473754277
-23.792183503;-47.027308408;1009.5;45660;182.20924528301882;884.8092452830189;Line 236;1;55.0059473754277
-23.792031367;-47.027064907;1015.1;45630;182.08952830188676;884.6895283018868;Line 236;1;55.0059473754277
-23.791879229;-47.026821406;1020.5;45600;181.9698113207547;884.5698113207548;Line 236;1;55.0059473754277
-23.791727092;-47.026577905;1024.5;45570;181.85009433962261;884.4500943396226;Line 236;1;55.0059473754277
-23.791574954;-47.026334406;1026.5;45540;181.73037735849053;884.3303773584905;Line 236;1;55.0059473754277
-23.791422815;-47.026090906;1028.6;45510;181.61066037735844;884.2106603773584;Line 236;1;55.0059473754277
-23.791270676;-47.025847408;1030.7;45480;181.49094339622638;884.0909433962264;Line 236;1;55.0059473754277
-23.791118537;-47.02560391;1033.7;45450;181.37122641509433;883.9712264150944;Line 236;1;55.0059473754277
-23.790966397;-47.025360412;1036.1;45420;181.25150943396224;883.8515094339623;Line 236;1;55.0059473754277
-23.790814257;-47.025116915;1037.6;45390;181.13179245283015;883.7317924528302;Line 236;1;55.0059473754277
-23.790662116;-47.024873419;1036.4;45360;181.01207547169807;883.6120754716981;Line 236;1;55.0059473754277
-23.790509975;-47.024629923;1034.2;45330;180.892358490566;883.4923584905661;Line 236;1;55.0059473754277
-23.790357834;-47.024386427;1032.0;45300;180.77264150943392;883.372641509434;Line 236;1;55.0059473754277
-23.790205692;-47.024142933;1029.7;45270;180.65292452830187;883.252924528302;Line 236;1;55.0059473754277
-23.790053549;-47.023899438;1024.7;45240;180.53320754716978;883.1332075471698;Line 236;1;55.0059473754277
-23.789901406;-47.023655945;1021.3;45210;180.4134905660377;883.0134905660377;Line 236;1;55.0059473754277
-23.789749263;-47.023412452;1020.4;45180;180.29377358490564;882.8937735849056;Line 236;1;55.0059473754277
-23.78959712;-47.023168959;1021.1;45150;180.17405660377355;882.7740566037736;Line 236;1;55.0059473754277
-23.789444976;-47.022925467;1022.1;45120;180.05433962264146;882.6543396226415;Line 236;1;55.0059473754277
-23.789292831;-47.022681975;1023.0;45090;179.9346226415094;882.5346226415095;Line 236;1;55.0059473754277
-23.789140686;-47.022438485;1023.9;45060;179.81490566037732;882.4149056603774;Line 236;1;55.0059473754277
-23.788988541;-47.022194994;1025.2;45030;179.69518867924526;882.2951886792453;Line 236;1;55.0059473754277
-23.788836395;-47.021951504;1027.1;45000;179.57547169811318;882.1754716981131;Line 236;1;55.0059473754277
-23.788684249;-47.021708015;1029.4;44970;179.4557547169811;882.0557547169811;Line 236;1;55.0059473754277
-23.788532102;-47.021464526;1036.3;44940;179.33603773584903;881.936037735849;Line 236;1;55.0059473754277
-23.788379955;-47.021221038;1042.8;44910;179.21632075471695;881.816320754717;Line 236;1;55.0059473754277
-23.788227808;-47.02097755;1044.6;44880;179.0966037735849;881.6966037735849;Line 236;1;55.0059473754277
-23.78807566;-47.020734063;1043.9;44850;178.9768867924528;881.5768867924528;Line 236;1;55.0059473754277
-23.787923512;-47.020490577;1042.0;44820;178.85716981132072;881.4571698113207;Line 236;1;55.0059473754277
-23.787771363;-47.020247091;1039.1;44790;178.73745283018863;881.3374528301887;Line 236;1;55.0059473754277
-23.787619214;-47.020003605;1035.3;44760;178.61773584905657;881.2177358490566;Line 236;1;55.0059473754277
-23.787467064;-47.01976012;1034.8;44730;178.49801886792451;881.0980188679246;Line 236;1;55.0059473754277
-23.787314914;-47.019516636;1037.3;44700;178.37830188679243;880.9783018867925;Line 236;1;55.0059473754277
-23.787162764;-47.019273152;1040.1;44670;178.25858490566034;880.8585849056603;Line 236;1;55.0059473754277
-23.787010613;-47.019029669;1043.7;44640;178.13886792452826;880.7388679245282;Line 236;1;55.0059473754277
-23.786858462;-47.018786186;1047.6;44610;178.01915094339617;880.6191509433962;Line 236;1;55.0059473754277
-23.78670631;-47.018542704;1051.3;44580;177.89943396226414;880.4994339622642;Line 236;1;55.0059473754277
-23.786554158;-47.018299223;1052.4;44550;177.77971698113205;880.3797169811321;Line 236;1;55.0059473754277
-23.786402005;-47.018055742;1049.5;44520;177.65999999999997;880.26;Line 236;1;55.0059473754277
-23.786249852;-47.017812261;1046.9;44490;177.54028301886788;880.1402830188679;Line 236;1;55.0059473754277
-23.786097699;-47.017568781;1044.7;44460;177.4205660377358;880.0205660377358;Line 236;1;55.0059473754277
-23.785945545;-47.017325302;1043.3;44430;177.30084905660377;879.9008490566038;Line 236;1;55.0059473754277
-23.785793391;-47.017081823;1043.4;44400;177.18113207547168;879.7811320754718;Line 236;1;55.0059473754277
-23.785641236;-47.016838345;1044.9;44370;177.0614150943396;879.6614150943396;Line 236;1;55.0059473754277
-23.785489081;-47.016594867;1046.4;44340;176.9416981132075;879.5416981132075;Line 236;1;55.0059473754277
-23.785336925;-47.01635139;1045.3;44310;176.82198113207542;879.4219811320754;Line 236;1;55.0059473754277
-23.785184769;-47.016107913;1044.8;44280;176.70226415094336;879.3022641509434;Line 236;1;55.0059473754277
-23.785032613;-47.015864437;1044.8;44250;176.5825471698113;879.1825471698113;Line 236;1;55.0059473754277
-23.784880456;-47.015620962;1041.2;44220;176.46283018867922;879.0628301886793;Line 236;1;55.0059473754277
-23.784728299;-47.015377487;1036.8;44190;176.34311320754713;878.9431132075472;Line 236;1;55.0059473754277
-23.784576141;-47.015134012;1032.3;44160;176.22339622641505;878.8233962264151;Line 236;1;55.0059473754277
-23.784423983;-47.014890539;1026.9;44130;176.103679245283;878.703679245283;Line 236;1;55.0059473754277
-23.784271824;-47.014647065;1020.2;44100;175.9839622641509;878.583962264151;Line 236;1;55.0059473754277
-23.784119665;-47.014403592;1013.5;44070;175.86424528301885;878.4642452830188;Line 236;1;55.0059473754277
-23.783967506;-47.01416012;1008.2;44040;175.74452830188676;878.3445283018868;Line 236;1;55.0059473754277
-23.783815346;-47.013916649;1008.5;44010;175.62481132075467;878.2248113207547;Line 236;1;55.0059473754277
-23.783663186;-47.013673177;1008.6;43980;175.50509433962262;878.1050943396226;Line 236;1;55.0059473754277
-23.783511025;-47.013429707;1008.6;43950;175.38537735849053;877.9853773584905;Line 236;1;55.0059473754277
-23.783358864;-47.013186237;1012.6;43920;175.26566037735847;877.8656603773585;Line 236;1;55.0059473754277
-23.783206703;-47.012942767;1017.0;43890;175.1459433962264;877.7459433962264;Line 236;1;55.0059473754277
-23.783054541;-47.012699298;1020.1;43860;175.0262264150943;877.6262264150944;Line 236;1;55.0059473754277
-23.782902379;-47.01245583;1022.1;43830;174.90650943396224;877.5065094339623;Line 236;1;55.0059473754277
-23.782750216;-47.012212362;1021.9;43800;174.78679245283016;877.3867924528302;Line 236;1;55.0059473754277
-23.782598053;-47.011968895;1020.7;43770;174.66707547169807;877.267075471698;Line 236;1;55.0059473754277
-23.782445889;-47.011725428;1017.9;43740;174.547358490566;877.147358490566;Line 236;1;55.0059473754277
-23.782293725;-47.011481962;1013.2;43710;174.42764150943393;877.0276415094339;Line 236;1;55.0059473754277
-23.78214156;-47.011238497;1009.7;43680;174.30792452830187;876.9079245283019;Line 236;1;55.0059473754277
-23.781989395;-47.010995032;1007.5;43650;174.18820754716978;876.7882075471698;Line 236;1;55.0059473754277
-23.78183723;-47.010751567;1005.7;43620;174.0684905660377;876.6684905660377;Line 236;1;55.0059473754277
-23.781685064;-47.010508103;1003.1;43590;173.9487735849056;876.5487735849056;Line 236;1;55.0059473754277
-23.781532898;-47.01026464;1002.5;43560;173.82905660377355;876.4290566037736;Line 236;1;55.0059473754277
-23.781380732;-47.010021177;1004.1;43530;173.7093396226415;876.3093396226416;Line 236;1;55.0059473754277
-23.781228565;-47.009777715;1007.2;43500;173.5896226415094;876.1896226415095;Line 236;1;55.0059473754277
-23.781076397;-47.009534253;1011.3;43470;173.46990566037732;876.0699056603773;Line 236;1;55.0059473754277
-23.780924229;-47.009290792;1016.6;43440;173.35018867924524;875.9501886792452;Line 236;1;55.0059473754277
-23.780772061;-47.009047331;1020.2;43410;173.23047169811318;875.8304716981132;Line 236;1;55.0059473754277
-23.780619892;-47.008803871;1020.9;43380;173.11075471698112;875.7107547169811;Line 236;1;55.0059473754277
-23.780467723;-47.008560411;1021.6;43350;172.99103773584903;875.5910377358491;Line 236;1;55.0059473754277
-23.780315553;-47.008316952;1022.5;43320;172.87132075471695;875.471320754717;Line 236;1;55.0059473754277
-23.780163383;-47.008073494;1022.9;43290;172.75160377358486;875.3516037735849;Line 236;1;55.0059473754277
-23.780011213;-47.007830036;1022.3;43260;172.63188679245278;875.2318867924528;Line 236;1;55.0059473754277
-23.779859042;-47.007586579;1017.2;43230;172.51216981132075;875.1121698113208;Line 236;1;55.0059473754277
-23.779706871;-47.007343122;1010.9;43200;172.39245283018866;874.9924528301887;Line 236;1;55.0059473754277
-23.779554699;-47.007099666;1004.5;43170;172.27273584905657;874.8727358490567;Line 236;1;55.0059473754277
-23.779402527;-47.00685621;998.3;43140;172.1530188679245;874.7530188679245;Line 236;1;55.0059473754277
-23.779250354;-47.006612755;992.5;43110;172.0333018867924;874.6333018867924;Line 236;1;55.0059473754277
-23.779098181;-47.0063693;990.2;43080;171.91358490566034;874.5135849056603;Line 236;1;55.0059473754277
-23.778946008;-47.006125846;991.8;43050;171.79386792452829;874.3938679245283;Line 236;1;55.0059473754277
-23.778793834;-47.005882393;994.5;43020;171.6741509433962;874.2741509433962;Line 236;1;55.0059473754277
-23.77864166;-47.00563894;997.7;42990;171.5544339622641;874.1544339622642;Line 236;1;55.0059473754277
-23.778489485;-47.005395487;1000.9;42960;171.43471698113203;874.0347169811321;Line 236;1;55.0059473754277
-23.77833731;-47.005152036;1004.1;42930;171.31499999999997;873.915;Line 236;1;55.0059473754277
-23.778185135;-47.004908584;1005.6;42900;171.1952830188679;873.795283018868;Line 236;1;55.0059473754277
-23.778032959;-47.004665133;1007.7;42870;171.07556603773583;873.6755660377358;Line 236;1;55.0059473754277
-23.777880782;-47.004421683;1009.4;42840;170.95584905660374;873.5558490566037;Line 236;1;55.0059473754277
-23.777728605;-47.004178234;1010.9;42810;170.83613207547165;873.4361320754717;Line 236;1;55.0059473754277
-23.777576428;-47.003934785;1011.5;42780;170.7164150943396;873.3164150943396;Line 236;1;55.0059473754277
-23.77742425;-47.003691336;1010.3;42750;170.5966981132075;873.1966981132075;Line 236;1;55.0059473754277
-23.777272072;-47.003447888;1007.6;42720;170.47698113207545;873.0769811320755;Line 236;1;55.0059473754277
-23.777119894;-47.003204441;1004.5;42690;170.35726415094337;872.9572641509434;Line 236;1;55.0059473754277
-23.776967715;-47.002960994;1001.7;42660;170.23754716981128;872.8375471698113;Line 236;1;55.0059473754277
-23.776815536;-47.002717547;999.9;42630;170.11783018867922;872.7178301886793;Line 236;1;55.0059473754277
-23.776663356;-47.002474102;998.6;42600;169.99811320754714;872.5981132075472;Line 236;1;55.0059473754277
-23.776511176;-47.002230656;994.7;42570;169.87839622641505;872.478396226415;Line 236;1;55.0059473754277
-23.776358995;-47.001987212;991.2;42540;169.758679245283;872.358679245283;Line 236;1;55.0059473754277
-23.776206814;-47.001743768;988.1;42510;169.6389622641509;872.2389622641509;Line 236;1;55.0059473754277
-23.776054632;-47.001500324;983.7;42480;169.51924528301885;872.1192452830189;Line 236;1;55.0059473754277
-23.77590245;-47.001256881;978.8;42450;169.39952830188676;871.9995283018868;Line 236;1;55.0059473754277
-23.775750268;-47.001013439;974.8;42420;169.27981132075467;871.8798113207547;Line 236;1;55.0059473754277
-23.775598085;-47.000769997;972.2;42390;169.16009433962262;871.7600943396226;Line 236;1;55.0059473754277
-23.775445902;-47.000526555;969.1;42360;169.04037735849053;871.6403773584906;Line 236;1;55.0059473754277
-23.775293719;-47.000283114;965.1;42330;168.92066037735847;871.5206603773585;Line 236;1;55.0059473754277
-23.775141534;-47.000039674;960.3;42300;168.8009433962264;871.4009433962265;Line 236;1;55.0059473754277
-23.77498935;-46.999796234;957.1;42270;168.6812264150943;871.2812264150944;Line 236;1;55.0059473754277
-23.774837165;-46.999552795;954.5;42240;168.56150943396221;871.1615094339622;Line 236;1;55.0059473754277
-23.77468498;-46.999309357;951.9;42210;168.44179245283016;871.0417924528301;Line 236;1;55.0059473754277
-23.774532794;-46.999065919;951.1;42180;168.3220754716981;870.9220754716981;Line 236;1;55.0059473754277
-23.774380608;-46.998822481;952.2;42150;168.202358490566;870.802358490566;Line 236;1;55.0059473754277
-23.774228421;-46.998579044;952.3;42120;168.08264150943393;870.682641509434;Line 236;1;55.0059473754277
-23.774076234;-46.998335608;951.7;42090;167.96292452830184;870.5629245283019;Line 236;1;55.0059473754277
-23.773924047;-46.998092172;951.3;42060;167.84320754716978;870.4432075471698;Line 236;1;55.0059473754277
-23.773771859;-46.997848737;951.1;42030;167.72349056603773;870.3234905660378;Line 236;1;55.0059473754277
-23.773619671;-46.997605302;951.2;42000;167.60377358490564;870.2037735849057;Line 236;1;55.0059473754277
-23.773467482;-46.997361868;953.0;41970;167.48405660377355;870.0840566037735;Line 236;1;55.0059473754277
-23.773315293;-46.997118434;955.5;41940;167.36433962264147;869.9643396226415;Line 236;1;55.0059473754277
-23.773163103;-46.996875001;958.1;41910;167.24462264150938;869.8446226415094;Line 236;1;55.0059473754277
-23.773010913;-46.996631568;961.1;41880;167.12490566037735;869.7249056603773;Line 236;1;55.0059473754277
-23.772858723;-46.996388136;966.6;41850;167.00518867924526;869.6051886792453;Line 236;1;55.0059473754277
-23.772706532;-46.996144705;971.9;41820;166.88547169811318;869.4854716981132;Line 236;1;55.0059473754277
-23.772554341;-46.995901274;976.8;41790;166.7657547169811;869.3657547169811;Line 236;1;55.0059473754277
-23.772402149;-46.995657844;977.9;41760;166.646037735849;869.2460377358491;Line 236;1;55.0059473754277
-23.772249957;-46.995414414;977.6;41730;166.52632075471695;869.126320754717;Line 236;1;55.0059473754277
-23.772097764;-46.995170984;977.1;41700;166.4066037735849;869.0066037735849;Line 236;1;55.0059473754277
-23.771945571;-46.994927556;976.0;41670;166.2868867924528;868.8868867924529;Line 236;1;55.0059473754277
-23.771793378;-46.994684128;973.4;41640;166.16716981132072;868.7671698113207;Line 236;1;55.0059473754277
-23.771641184;-46.9944407;970.6;41610;166.04745283018863;868.6474528301886;Line 236;1;55.0059473754277
-23.77148899;-46.994197273;969.9;41580;165.92773584905657;868.5277358490566;Line 236;1;55.0059473754277
-23.771336795;-46.993953846;971.8;41550;165.8080188679245;868.4080188679245;Line 236;1;55.0059473754277
-23.7711846;-46.99371042;975.1;41520;165.68830188679243;868.2883018867924;Line 236;1;55.0059473754277
-23.771032405;-46.993466995;979.7;41490;165.56858490566034;868.1685849056604;Line 236;1;55.0059473754277
-23.770880209;-46.99322357;984.2;41460;165.44886792452826;868.0488679245283;Line 236;1;55.0059473754277
-23.770728012;-46.992980146;984.4;41430;165.3291509433962;867.9291509433963;Line 236;1;55.0059473754277
-23.770575816;-46.992736722;983.0;41400;165.20943396226411;867.8094339622642;Line 236;1;55.0059473754277
-23.770423618;-46.992493299;981.0;41370;165.08971698113206;867.689716981132;Line 236;1;55.0059473754277
-23.770271421;-46.992249876;977.7;41340;164.96999999999997;867.5699999999999;Line 236;1;55.0059473754277
-23.770119223;-46.992006454;973.8;41310;164.85028301886788;867.4502830188679;Line 236;1;55.0059473754277
-23.769967024;-46.991763033;970.0;41280;164.73056603773583;867.3305660377358;Line 236;1;55.0059473754277
-23.769814825;-46.991519612;970.4;41250;164.61084905660374;867.2108490566038;Line 236;1;55.0059473754277
-23.769662626;-46.991276191;972.5;41220;164.49113207547165;867.0911320754717;Line 236;1;55.0059473754277
-23.769510426;-46.991032771;975.1;41190;164.3714150943396;866.9714150943396;Line 236;1;55.0059473754277
-23.769358226;-46.990789352;978.4;41160;164.2516981132075;866.8516981132075;Line 236;1;55.0059473754277
-23.769206025;-46.990545933;983.0;41130;164.13198113207545;866.7319811320755;Line 236;1;55.0059473754277
-23.769053824;-46.990302515;987.3;41100;164.01226415094337;866.6122641509434;Line 236;1;55.0059473754277
-23.768901623;-46.990059097;991.3;41070;163.89254716981128;866.4925471698114;Line 236;1;55.0059473754277
-23.768749421;-46.98981568;994.1;41040;163.7728301886792;866.3728301886792;Line 236;1;55.0059473754277
-23.768597219;-46.989572264;995.5;41010;163.65311320754714;866.2531132075471;Line 236;1;55.0059473754277
-23.768445016;-46.989328848;995.7;40980;163.53339622641508;866.1333962264151;Line 236;1;55.0059473754277
-23.768292813;-46.989085432;994.6;40950;163.413679245283;866.013679245283;Line 236;1;55.0059473754277
-23.768140609;-46.988842017;993.6;40920;163.2939622641509;865.8939622641509;Line 236;1;55.0059473754277
-23.767988405;-46.988598603;993.5;40890;163.17424528301882;865.7742452830189;Line 236;1;55.0059473754277
-23.767836201;-46.988355189;994.4;40860;163.0545283018868;865.6545283018868;Line 236;1;55.0059473754277
-23.767683996;-46.988111776;997.7;40830;162.9348113207547;865.5348113207547;Line 236;1;55.0059473754277
-23.767531791;-46.987868363;1001.9;40800;162.81509433962262;865.4150943396227;Line 236;1;55.0059473754277
-23.767379585;-46.987624951;1007.7;40770;162.69537735849053;865.2953773584906;Line 236;1;55.0059473754277
-23.767227379;-46.987381539;1013.3;40740;162.57566037735845;865.1756603773584;Line 236;1;55.0059473754277
-23.767075172;-46.987138128;1018.2;40710;162.4559433962264;865.0559433962264;Line 236;1;55.0059473754277
-23.766922965;-46.986894717;1022.5;40680;162.33622641509433;864.9362264150943;Line 236;1;55.0059473754277
-23.766770758;-46.986651307;1026.0;40650;162.21650943396224;864.8165094339622;Line 236;1;55.0059473754277
-23.76661855;-46.986407898;1026.3;40620;162.09679245283016;864.6967924528302;Line 236;1;55.0059473754277
-23.766466342;-46.986164489;1023.5;40590;161.97707547169807;864.5770754716981;Line 236;1;55.0059473754277
-23.766314133;-46.985921081;1020.5;40560;161.857358490566;864.4573584905661;Line 236;1;55.0059473754277
-23.766161924;-46.985677673;1016.6;40530;161.73764150943393;864.337641509434;Line 236;1;55.0059473754277
-23.766009715;-46.985434266;1013.8;40500;161.61792452830187;864.2179245283019;Line 236;1;55.0059473754277
-23.765857505;-46.985190859;1012.7;40470;161.49820754716978;864.0982075471697;Line 236;1;55.0059473754277
-23.765705294;-46.984947453;1015.1;40440;161.3784905660377;863.9784905660377;Line 236;1;55.0059473754277
-23.765553083;-46.984704047;1017.9;40410;161.25877358490564;863.8587735849056;Line 236;1;55.0059473754277
-23.765400872;-46.984460642;1021.5;40380;161.13905660377355;863.7390566037736;Line 236;1;55.0059473754277
-23.765248661;-46.984217238;1025.9;40350;161.0193396226415;863.6193396226415;Line 236;1;55.0059473754277
-23.765096448;-46.983973834;1027.0;40320;160.8996226415094;863.4996226415094;Line 236;1;55.0059473754277
-23.764944236;-46.983730431;1026.9;40290;160.77990566037732;863.3799056603773;Line 236;1;55.0059473754277
-23.764792023;-46.983487028;1025.2;40260;160.66018867924527;863.2601886792453;Line 236;1;55.0059473754277
-23.76463981;-46.983243625;1021.6;40230;160.54047169811318;863.1404716981132;Line 236;1;55.0059473754277
-23.764487596;-46.983000224;1014.5;40200;160.4207547169811;863.0207547169812;Line 236;1;55.0059473754277
-23.764335382;-46.982756823;1006.9;40170;160.30103773584904;862.9010377358491;Line 236;1;55.0059473754277
-23.764183167;-46.982513422;998.5;40140;160.18132075471695;862.781320754717;Line 236;1;55.0059473754277
-23.764030952;-46.982270022;994.1;40110;160.0616037735849;862.6616037735849;Line 236;1;55.0059473754277
-23.763878737;-46.982026622;989.4;40080;159.9418867924528;862.5418867924528;Line 236;1;55.0059473754277
-23.763726521;-46.981783223;984.1;40050;159.82216981132072;862.4221698113207;Line 236;1;55.0059473754277
-23.763574304;-46.981539825;980.7;40020;159.70245283018863;862.3024528301887;Line 236;1;55.0059473754277
-23.763422088;-46.981296427;979.0;39990;159.58273584905658;862.1827358490566;Line 236;1;55.0059473754277
-23.76326987;-46.98105303;977.4;39960;159.46301886792452;862.0630188679245;Line 236;1;55.0059473754277
-23.763117653;-46.980809633;975.9;39930;159.34330188679243;861.9433018867925;Line 236;1;55.0059473754277
-23.762965435;-46.980566237;976.5;39900;159.22358490566035;861.8235849056604;Line 236;1;55.0059473754277
-23.762813216;-46.980322841;975.6;39870;159.10386792452826;861.7038679245283;Line 236;1;55.0059473754277
-23.762660998;-46.980079446;973.4;39840;158.9841509433962;861.5841509433963;Line 236;1;55.0059473754277
-23.762508778;-46.979836051;971.8;39810;158.86443396226414;861.4644339622641;Line 236;1;55.0059473754277
-23.762356559;-46.979592657;972.8;39780;158.74471698113206;861.344716981132;Line 236;1;55.0059473754277
-23.762204338;-46.979349264;973.4;39750;158.62499999999997;861.225;Line 236;1;55.0059473754277
-23.762052118;-46.979105871;972.7;39720;158.50528301886789;861.1052830188679;Line 236;1;55.0059473754277
-23.761899897;-46.978862479;969.4;39690;158.3855660377358;860.9855660377358;Line 236;1;55.0059473754277
-23.761747675;-46.978619087;966.4;39660;158.26584905660377;860.8658490566038;Line 236;1;55.0059473754277
-23.761595454;-46.978375696;965.4;39630;158.14613207547168;860.7461320754717;Line 236;1;55.0059473754277
-23.761443231;-46.978132305;967.1;39600;158.0264150943396;860.6264150943396;Line 236;1;55.0059473754277
-23.761291009;-46.977888915;968.8;39570;157.9066981132075;860.5066981132076;Line 236;1;55.0059473754277
-23.761138786;-46.977645525;970.4;39540;157.78698113207543;860.3869811320754;Line 236;1;55.0059473754277
-23.760986562;-46.977402136;972.7;39510;157.66726415094337;860.2672641509434;Line 236;1;55.0059473754277
-23.760834338;-46.977158748;976.4;39480;157.5475471698113;860.1475471698113;Line 236;1;55.0059473754277
-23.760682114;-46.97691536;979.8;39450;157.42783018867922;860.0278301886792;Line 236;1;55.0059473754277
-23.760529889;-46.976671972;982.5;39420;157.30811320754714;859.9081132075471;Line 236;1;55.0059473754277
-23.760377664;-46.976428585;984.4;39390;157.18839622641505;859.7883962264151;Line 236;1;55.0059473754277
-23.760225438;-46.976185199;985.6;39360;157.068679245283;859.668679245283;Line 236;1;55.0059473754277
-23.760073212;-46.975941813;986.0;39330;156.94896226415094;859.548962264151;Line 236;1;55.0059473754277
-23.759920985;-46.975698428;986.9;39300;156.82924528301885;859.4292452830189;Line 236;1;55.0059473754277
-23.759768758;-46.975455043;988.5;39270;156.70952830188676;859.3095283018868;Line 236;1;55.0059473754277
-23.759616531;-46.975211659;989.9;39240;156.58981132075468;859.1898113207546;Line 236;1;55.0059473754277
-23.759464303;-46.974968276;990.8;39210;156.47009433962262;859.0700943396226;Line 236;1;55.0059473754277
-23.759312075;-46.974724893;988.7;39180;156.35037735849053;858.9503773584905;Line 236;1;55.0059473754277
-23.759159847;-46.97448151;986.7;39150;156.23066037735848;858.8306603773585;Line 236;1;55.0059473754277
-23.759007618;-46.974238128;984.9;39120;156.1109433962264;858.7109433962264;Line 236;1;55.0059473754277
-23.758855388;-46.973994747;980.8;39090;155.9912264150943;858.5912264150943;Line 236;1;55.0059473754277
-23.758703158;-46.973751366;976.1;39060;155.87150943396225;858.4715094339623;Line 236;1;55.0059473754277
-23.758550928;-46.973507986;971.8;39030;155.75179245283016;858.3517924528302;Line 236;1;55.0059473754277
-23.758398697;-46.973264606;969.2;39000;155.63207547169807;858.2320754716981;Line 236;1;55.0059473754277
-23.758246466;-46.973021227;971.2;38970;155.51235849056602;858.1123584905661;Line 236;1;55.0059473754277
-23.758094234;-46.972777849;974.3;38940;155.39264150943393;857.992641509434;Line 236;1;55.0059473754277
-23.757942002;-46.97253447;977.9;38910;155.27292452830187;857.8729245283018;Line 236;1;55.0059473754277
-23.75778977;-46.972291093;981.0;38880;155.15320754716979;857.7532075471698;Line 236;1;55.0059473754277
-23.757637537;-46.972047716;983.7;38850;155.0334905660377;857.6334905660377;Line 236;1;55.0059473754277
-23.757485304;-46.97180434;985.9;38820;154.91377358490564;857.5137735849057;Line 236;1;55.0059473754277
-23.75733307;-46.971560964;985.7;38790;154.79405660377356;857.3940566037736;Line 236;1;55.0059473754277
-23.757180836;-46.971317588;983.9;38760;154.6743396226415;857.2743396226415;Line 236;1;55.0059473754277
-23.757028601;-46.971074214;981.9;38730;154.5546226415094;857.1546226415094;Line 236;1;55.0059473754277
-23.756876366;-46.97083084;979.7;38700;154.43490566037732;857.0349056603774;Line 236;1;55.0059473754277
-23.756724131;-46.970587466;975.8;38670;154.31518867924524;856.9151886792453;Line 236;1;55.0059473754277
-23.756571895;-46.970344093;973.0;38640;154.19547169811318;856.7954716981133;Line 236;1;55.0059473754277
-23.756419659;-46.97010072;971.6;38610;154.07575471698112;856.6757547169811;Line 236;1;55.0059473754277
-23.756267422;-46.969857348;973.0;38580;153.95603773584904;856.556037735849;Line 236;1;55.0059473754277
-23.756115185;-46.969613977;975.6;38550;153.83632075471695;856.4363207547169;Line 236;1;55.0059473754277
-23.755962948;-46.969370606;977.7;38520;153.71660377358486;856.3166037735849;Line 236;1;55.0059473754277
-23.75581071;-46.969127236;979.1;38490;153.5968867924528;856.1968867924528;Line 236;1;55.0059473754277
-23.755658471;-46.968883866;979.8;38460;153.47716981132075;856.0771698113208;Line 236;1;55.0059473754277
-23.755506232;-46.968640497;980.2;38430;153.35745283018866;855.9574528301887;Line 236;1;55.0059473754277
-23.755353993;-46.968397128;980.3;38400;153.23773584905658;855.8377358490566;Line 236;1;55.0059473754277
-23.755201754;-46.96815376;979.6;38370;153.1180188679245;855.7180188679245;Line 236;1;55.0059473754277
-23.755049513;-46.967910392;978.4;38340;152.9983018867924;855.5983018867925;Line 236;1;55.0059473754277
-23.754897273;-46.967667025;975.7;38310;152.87858490566038;855.4785849056605;Line 236;1;55.0059473754277
-23.754745032;-46.967423659;971.8;38280;152.7588679245283;855.3588679245283;Line 236;1;55.0059473754277
-23.754592791;-46.967180293;967.5;38250;152.6391509433962;855.2391509433962;Line 236;1;55.0059473754277
-23.754440549;-46.966936927;963.9;38220;152.51943396226412;855.1194339622641;Line 236;1;55.0059473754277
-23.754288307;-46.966693562;960.9;38190;152.39971698113203;854.999716981132;Line 236;1;55.0059473754277
-23.754136064;-46.966450198;959.6;38160;152.27999999999997;854.88;Line 236;1;55.0059473754277
-23.753983821;-46.966206834;957.2;38130;152.16028301886791;854.760283018868;Line 236;1;55.0059473754277
-23.753831578;-46.965963471;954.0;38100;152.04056603773583;854.6405660377359;Line 236;1;55.0059473754277
-23.753679334;-46.965720109;950.1;38070;151.92084905660374;854.5208490566038;Line 236;1;55.0059473754277
-23.753527089;-46.965476746;946.6;38040;151.80113207547166;854.4011320754717;Line 236;1;55.0059473754277
-23.753374845;-46.965233385;943.8;38010;151.6814150943396;854.2814150943396;Line 236;1;55.0059473754277
-23.7532226;-46.964990024;942.2;37980;151.5616981132075;854.1616981132075;Line 236;1;55.0059473754277
-23.753070354;-46.964746664;942.8;37950;151.44198113207545;854.0419811320755;Line 236;1;55.0059473754277
-23.752918108;-46.964503304;943.4;37920;151.32226415094337;853.9222641509434;Line 236;1;55.0059473754277
-23.752765862;-46.964259944;943.8;37890;151.20254716981128;853.8025471698113;Line 236;1;55.0059473754277
-23.752613615;-46.964016586;942.0;37860;151.08283018867922;853.6828301886792;Line 236;1;55.0059473754277
-23.752461367;-46.963773227;939.5;37830;150.96311320754714;853.5631132075472;Line 236;1;55.0059473754277
-23.75230912;-46.96352987;936.9;37800;150.84339622641508;853.4433962264151;Line 236;1;55.0059473754277
-23.752156872;-46.963286512;933.1;37770;150.723679245283;853.3236792452831;Line 236;1;55.0059473754277
-23.752004623;-46.963043156;928.8;37740;150.6039622641509;853.203962264151;Line 236;1;55.0059473754277
-23.751852374;-46.9627998;925.3;37710;150.48424528301885;853.0842452830188;Line 236;1;55.0059473754277
-23.751700125;-46.962556444;922.5;37680;150.36452830188676;852.9645283018867;Line 236;1;55.0059473754277
-23.751547875;-46.962313089;922.1;37650;150.24481132075468;852.8448113207547;Line 236;1;55.0059473754277
-23.751395625;-46.962069735;922.0;37620;150.12509433962262;852.7250943396226;Line 236;1;55.0059473754277
-23.751243374;-46.961826381;921.5;37590;150.00537735849053;852.6053773584906;Line 236;1;55.0059473754277
-23.751091123;-46.961583028;921.2;37560;149.88566037735848;852.4856603773585;Line 236;1;55.0059473754277
-23.750938871;-46.961339675;921.8;37530;149.7659433962264;852.3659433962264;Line 236;1;55.0059473754277
-23.750786619;-46.961096323;922.3;37500;149.6462264150943;852.2462264150943;Line 236;1;55.0059473754277
-23.750634367;-46.960852971;922.5;37470;149.52650943396222;852.1265094339623;Line 236;1;55.0059473754277
-23.750482114;-46.96060962;924.8;37440;149.40679245283016;852.0067924528302;Line 236;1;55.0059473754277
-23.750329861;-46.96036627;927.4;37410;149.2870754716981;851.8870754716982;Line 236;1;55.0059473754277
-23.750177607;-46.96012292;930.0;37380;149.16735849056602;851.767358490566;Line 236;1;55.0059473754277
-23.750025353;-46.95987957;933.1;37350;149.04764150943393;851.6476415094339;Line 236;1;55.0059473754277
-23.749873099;-46.959636222;936.4;37320;148.92792452830184;851.5279245283018;Line 236;1;55.0059473754277
-23.749720844;-46.959392873;939.9;37290;148.8082075471698;851.4082075471698;Line 236;1;55.0059473754277
-23.749568589;-46.959149525;943.7;37260;148.68849056603773;851.2884905660378;Line 236;1;55.0059473754277
-23.749416333;-46.958906178;945.9;37230;148.56877358490564;851.1687735849057;Line 236;1;55.0059473754277
-23.749264077;-46.958662832;947.9;37200;148.44905660377356;851.0490566037736;Line 236;1;55.0059473754277
-23.74911182;-46.958419485;950.1;37170;148.32933962264147;850.9293396226415;Line 236;1;55.0059473754277
-23.748959563;-46.95817614;952.7;37140;148.20962264150938;850.8096226415093;Line 236;1;55.0059473754277
-23.748807306;-46.957932795;955.2;37110;148.08990566037735;850.6899056603773;Line 236;1;55.0059473754277
-23.748655048;-46.95768945;958.0;37080;147.97018867924527;850.5701886792453;Line 236;1;55.0059473754277
-23.74850279;-46.957446106;960.5;37050;147.85047169811318;850.4504716981132;Line 236;1;55.0059473754277
-23.748350531;-46.957202763;961.0;37020;147.7307547169811;850.3307547169811;Line 236;1;55.0059473754277
-23.748198272;-46.95695942;960.5;36990;147.611037735849;850.211037735849;Line 236;1;55.0059473754277
-23.748046012;-46.956716078;959.9;36960;147.49132075471695;850.091320754717;Line 236;1;55.0059473754277
-23.747893752;-46.956472736;957.6;36930;147.3716037735849;849.9716037735849;Line 236;1;55.0059473754277
-23.747741492;-46.956229395;954.4;36900;147.2518867924528;849.8518867924529;Line 236;1;55.0059473754277
-23.747589231;-46.955986054;950.6;36870;147.13216981132072;849.7321698113208;Line 236;1;55.0059473754277
-23.74743697;-46.955742714;946.8;36840;147.01245283018864;849.6124528301887;Line 236;1;55.0059473754277
-23.747284708;-46.955499375;944.6;36810;146.89273584905658;849.4927358490565;Line 236;1;55.0059473754277
-23.747132446;-46.955256036;943.4;36780;146.77301886792452;849.3730188679245;Line 236;1;55.0059473754277
-23.746980183;-46.955012697;943.2;36750;146.65330188679243;849.2533018867924;Line 236;1;55.0059473754277
-23.74682792;-46.95476936;945.6;36720;146.53358490566035;849.1335849056604;Line 236;1;55.0059473754277
-23.746675657;-46.954526022;949.0;36690;146.41386792452826;849.0138679245283;Line 236;1;55.0059473754277
-23.746523393;-46.954282686;952.2;36660;146.2941509433962;848.8941509433962;Line 236;1;55.0059473754277
-23.746371129;-46.954039349;955.3;36630;146.17443396226412;848.7744339622641;Line 236;1;55.0059473754277
-23.746218864;-46.953796014;958.5;36600;146.05471698113206;848.6547169811321;Line 236;1;55.0059473754277
-23.746066599;-46.953552679;961.5;36570;145.93499999999997;848.535;Line 236;1;55.0059473754277
-23.745914334;-46.953309344;964.2;36540;145.8152830188679;848.415283018868;Line 236;1;55.0059473754277
-23.745762068;-46.95306601;966.5;36510;145.69556603773583;848.2955660377359;Line 236;1;55.0059473754277
-23.745609802;-46.952822676;968.6;36480;145.57584905660374;848.1758490566037;Line 236;1;55.0059473754277
-23.745457535;-46.952579344;970.4;36450;145.45613207547166;848.0561320754716;Line 236;1;55.0059473754277
-23.745305268;-46.952336011;971.4;36420;145.3364150943396;847.9364150943396;Line 236;1;55.0059473754277
-23.745153;-46.952092679;971.9;36390;145.2166981132075;847.8166981132075;Line 236;1;55.0059473754277
-23.745000732;-46.951849348;972.3;36360;145.09698113207546;847.6969811320755;Line 236;1;55.0059473754277
-23.744848463;-46.951606017;972.6;36330;144.97726415094337;847.5772641509434;Line 236;1;55.0059473754277
-23.744696195;-46.951362687;972.4;36300;144.85754716981128;847.4575471698113;Line 236;1;55.0059473754277
-23.744543925;-46.951119358;972.3;36270;144.73783018867923;847.3378301886793;Line 236;1;55.0059473754277
-23.744391656;-46.950876029;972.2;36240;144.61811320754714;847.2181132075472;Line 236;1;55.0059473754277
-23.744239385;-46.9506327;970.5;36210;144.49839622641508;847.0983962264152;Line 236;1;55.0059473754277
-23.744087115;-46.950389372;968.1;36180;144.378679245283;846.978679245283;Line 236;1;55.0059473754277
-23.743934844;-46.950146045;965.5;36150;144.2589622641509;846.8589622641509;Line 236;1;55.0059473754277
-23.743782572;-46.949902718;962.5;36120;144.13924528301882;846.7392452830188;Line 236;1;55.0059473754277
-23.743630301;-46.949659392;958.9;36090;144.01952830188677;846.6195283018868;Line 236;1;55.0059473754277
-23.743478028;-46.949416066;954.7;36060;143.8998113207547;846.4998113207547;Line 236;1;55.0059473754277
-23.743325756;-46.949172741;950.1;36030;143.78009433962262;846.3800943396227;Line 236;1;55.0059473754277
-23.743173483;-46.948929416;951.3;36000;143.66037735849054;846.2603773584906;Line 236;1;55.0059473754277
-23.743021209;-46.948686092;953.0;35970;143.54066037735845;846.1406603773585;Line 236;1;55.0059473754277
-23.742868935;-46.948442768;955.2;35940;143.4209433962264;846.0209433962264;Line 236;1;55.0059473754277
-23.742716661;-46.948199445;957.3;35910;143.30122641509433;845.9012264150944;Line 236;1;55.0059473754277
-23.742564386;-46.947956123;958.8;35880;143.18150943396225;845.7815094339622;Line 236;1;55.0059473754277
-23.742412111;-46.947712801;959.2;35850;143.06179245283016;845.6617924528302;Line 236;1;55.0059473754277
-23.742259835;-46.947469479;958.3;35820;142.94207547169808;845.5420754716981;Line 236;1;55.0059473754277
-23.742107559;-46.947226159;955.8;35790;142.822358490566;845.422358490566;Line 236;1;55.0059473754277
-23.741955282;-46.946982838;953.1;35760;142.70264150943396;845.302641509434;Line 236;1;55.0059473754277
-23.741803005;-46.946739519;950.1;35730;142.58292452830187;845.1829245283019;Line 236;1;55.0059473754277
-23.741650728;-46.9464962;947.1;35700;142.4632075471698;845.0632075471698;Line 236;1;55.0059473754277
-23.74149845;-46.946252881;945.5;35670;142.3434905660377;844.9434905660378;Line 236;1;55.0059473754277
-23.741346172;-46.946009563;945.1;35640;142.22377358490562;844.8237735849057;Line 236;1;55.0059473754277
-23.741193894;-46.945766245;945.8;35610;142.10405660377356;844.7040566037736;Line 236;1;55.0059473754277
-23.741041615;-46.945522928;947.0;35580;141.9843396226415;844.5843396226416;Line 236;1;55.0059473754277
-23.740889335;-46.945279612;948.6;35550;141.8646226415094;844.4646226415094;Line 236;1;55.0059473754277
-23.740737055;-46.945036296;951.1;35520;141.74490566037733;844.3449056603773;Line 236;1;55.0059473754277
-23.740584775;-46.944792981;955.1;35490;141.62518867924524;844.2251886792453;Line 236;1;55.0059473754277
-23.740432494;-46.944549666;959.3;35460;141.50547169811318;844.1054716981132;Line 236;1;55.0059473754277
-23.740280213;-46.944306352;963.7;35430;141.3857547169811;843.9857547169811;Line 236;1;55.0059473754277
-23.740127931;-46.944063038;967.3;35400;141.26603773584904;843.8660377358491;Line 236;1;55.0059473754277
-23.739975649;-46.943819725;969.8;35370;141.14632075471695;843.746320754717;Line 236;1;55.0059473754277
-23.739823367;-46.943576413;972.5;35340;141.02660377358487;843.6266037735849;Line 236;1;55.0059473754277
-23.739671084;-46.943333101;975.1;35310;140.9068867924528;843.5068867924529;Line 236;1;55.0059473754277
-23.739518801;-46.943089789;975.8;35280;140.78716981132072;843.3871698113207;Line 236;1;55.0059473754277
-23.739366517;-46.942846478;976.7;35250;140.66745283018867;843.2674528301886;Line 236;1;55.0059473754277
-23.739214233;-46.942603168;977.8;35220;140.54773584905658;843.1477358490566;Line 236;1;55.0059473754277
-23.739061949;-46.942359858;978.7;35190;140.4280188679245;843.0280188679245;Line 236;1;55.0059473754277
-23.738909664;-46.942116549;980.0;35160;140.30830188679244;842.9083018867925;Line 236;1;55.0059473754277
-23.738757378;-46.94187324;981.5;35130;140.18858490566035;842.7885849056604;Line 236;1;55.0059473754277
-23.738605092;-46.941629932;983.6;35100;140.06886792452826;842.6688679245283;Line 236;1;55.0059473754277
-23.738452806;-46.941386624;986.3;35070;139.9491509433962;842.5491509433962;Line 236;1;55.0059473754277
-23.73830052;-46.941143317;987.9;35040;139.82943396226412;842.4294339622642;Line 236;1;55.0059473754277
-23.738148232;-46.940900011;986.7;35010;139.70971698113206;842.309716981132;Line 236;1;55.0059473754277
-23.737995945;-46.940656705;984.9;34980;139.58999999999997;842.19;Line 236;1;55.0059473754277
-23.737843657;-46.9404134;983.3;34950;139.4702830188679;842.0702830188679;Line 236;1;55.0059473754277
-23.737691369;-46.940170095;982.2;34920;139.35056603773583;841.9505660377358;Line 236;1;55.0059473754277
-23.73753908;-46.93992679;981.1;34890;139.23084905660374;841.8308490566037;Line 236;1;55.0059473754277
-23.737386791;-46.939683487;979.5;34860;139.1111320754717;841.7111320754717;Line 236;1;55.0059473754277
-23.737234501;-46.939440183;978.3;34830;138.9914150943396;841.5914150943396;Line 236;1;55.0059473754277
-23.737082211;-46.939196881;977.5;34800;138.87169811320751;841.4716981132076;Line 236;1;55.0059473754277
-23.736929921;-46.938953579;975.3;34770;138.75198113207543;841.3519811320755;Line 236;1;55.0059473754277
-23.73677763;-46.938710277;973.3;34740;138.63226415094337;841.2322641509434;Line 236;1;55.0059473754277
-23.736625338;-46.938466976;972.2;34710;138.5125471698113;841.1125471698114;Line 236;1;55.0059473754277
-23.736473047;-46.938223676;971.5;34680;138.39283018867923;840.9928301886792;Line 236;1;55.0059473754277
-23.736320755;-46.937980376;969.6;34650;138.27311320754714;840.8731132075471;Line 236;1;55.0059473754277
-23.736168462;-46.937737076;967.2;34620;138.15339622641505;840.7533962264151;Line 236;1;55.0059473754277
-23.736016169;-46.937493778;964.3;34590;138.03367924528297;840.633679245283;Line 236;1;55.0059473754277
-23.735863876;-46.937250479;961.6;34560;137.91396226415094;840.5139622641509;Line 236;1;55.0059473754277
-23.735711582;-46.937007182;958.9;34530;137.79424528301885;840.3942452830189;Line 236;1;55.0059473754277
-23.735559287;-46.936763885;956.7;34500;137.67452830188677;840.2745283018868;Line 236;1;55.0059473754277
-23.735406993;-46.936520588;955.6;34470;137.55481132075468;840.1548113207547;Line 236;1;55.0059473754277
-23.735254698;-46.936277292;955.2;34440;137.4350943396226;840.0350943396227;Line 236;1;55.0059473754277
-23.735102402;-46.936033996;955.1;34410;137.31537735849054;839.9153773584906;Line 236;1;55.0059473754277
-23.734950106;-46.935790701;954.7;34380;137.19566037735848;839.7956603773584;Line 236;1;55.0059473754277
-23.73479781;-46.935547407;952.3;34350;137.0759433962264;839.6759433962264;Line 236;1;55.0059473754277
-23.734645513;-46.935304113;950.0;34320;136.9562264150943;839.5562264150943;Line 236;1;55.0059473754277
-23.734493216;-46.93506082;947.8;34290;136.83650943396222;839.4365094339622;Line 236;1;55.0059473754277
-23.734340918;-46.934817527;945.9;34260;136.71679245283016;839.3167924528302;Line 236;1;55.0059473754277
-23.73418862;-46.934574235;943.4;34230;136.5970754716981;839.1970754716981;Line 236;1;55.0059473754277
-23.734036322;-46.934330943;941.0;34200;136.47735849056602;839.077358490566;Line 236;1;55.0059473754277
-23.733884023;-46.934087652;939.7;34170;136.35764150943393;838.957641509434;Line 236;1;55.0059473754277
-23.733731723;-46.933844362;939.6;34140;136.23792452830185;838.8379245283019;Line 236;1;55.0059473754277
-23.733579424;-46.933601072;939.0;34110;136.1182075471698;838.7182075471699;Line 236;1;55.0059473754277
-23.733427123;-46.933357782;937.9;34080;135.9984905660377;838.5984905660378;Line 236;1;55.0059473754277
-23.733274823;-46.933114493;937.3;34050;135.87877358490564;838.4787735849056;Line 236;1;55.0059473754277
-23.733122522;-46.932871205;936.5;34020;135.75905660377356;838.3590566037735;Line 236;1;55.0059473754277
-23.73297022;-46.932627917;935.3;33990;135.63933962264147;838.2393396226415;Line 236;1;55.0059473754277
-23.732817918;-46.93238463;935.0;33960;135.51962264150941;838.1196226415094;Line 236;1;55.0059473754277
-23.732665616;-46.932141343;936.1;33930;135.39990566037733;837.9999056603774;Line 236;1;55.0059473754277
-23.732513313;-46.931898057;936.9;33900;135.28018867924527;837.8801886792453;Line 236;1;55.0059473754277
-23.73236101;-46.931654772;938.2;33870;135.16047169811318;837.7604716981132;Line 236;1;55.0059473754277
-23.732208707;-46.931411487;941.2;33840;135.0407547169811;837.6407547169811;Line 236;1;55.0059473754277
-23.732056403;-46.931168202;943.5;33810;134.92103773584904;837.5210377358491;Line 236;1;55.0059473754277
-23.731904098;-46.930924918;945.1;33780;134.80132075471695;837.401320754717;Line 236;1;55.0059473754277
-23.731751793;-46.930681635;945.4;33750;134.68160377358487;837.281603773585;Line 236;1;55.0059473754277
-23.731599488;-46.930438352;946.1;33720;134.5618867924528;837.1618867924528;Line 236;1;55.0059473754277
-23.731447182;-46.93019507;948.1;33690;134.44216981132072;837.0421698113207;Line 236;1;55.0059473754277
-23.731294876;-46.929951788;950.4;33660;134.32245283018867;836.9224528301887;Line 236;1;55.0059473754277
-23.73114257;-46.929708507;952.3;33630;134.20273584905658;836.8027358490566;Line 236;1;55.0059473754277
-23.730990263;-46.929465226;954.1;33600;134.0830188679245;836.6830188679245;Line 236;1;55.0059473754277
-23.730837956;-46.929221946;955.8;33570;133.9633018867924;836.5633018867925;Line 236;1;55.0059473754277
-23.730685648;-46.928978666;957.5;33540;133.84358490566035;836.4435849056604;Line 236;1;55.0059473754277
-23.730533339;-46.928735387;959.0;33510;133.7238679245283;836.3238679245283;Line 236;1;55.0059473754277
-23.730381031;-46.928492109;960.6;33480;133.6041509433962;836.2041509433963;Line 236;1;55.0059473754277
-23.730228722;-46.928248831;962.3;33450;133.48443396226412;836.0844339622641;Line 236;1;55.0059473754277
-23.730076412;-46.928005554;964.2;33420;133.36471698113203;835.964716981132;Line 236;1;55.0059473754277
-23.729924102;-46.927762277;965.4;33390;133.24499999999998;835.845;Line 236;1;55.0059473754277
-23.729771792;-46.927519001;965.7;33360;133.12528301886792;835.7252830188679;Line 236;1;55.0059473754277
-23.729619481;-46.927275725;966.4;33330;133.00556603773583;835.6055660377358;Line 236;1;55.0059473754277
-23.72946717;-46.92703245;966.7;33300;132.88584905660375;835.4858490566038;Line 236;1;55.0059473754277
-23.729314859;-46.926789175;966.6;33270;132.76613207547166;835.3661320754717;Line 236;1;55.0059473754277
-23.729162547;-46.926545901;963.9;33240;132.6464150943396;835.2464150943397;Line 236;1;55.0059473754277
-23.729010234;-46.926302628;959.3;33210;132.52669811320754;835.1266981132076;Line 236;1;55.0059473754277
-23.728857921;-46.926059355;955.8;33180;132.40698113207546;835.0069811320755;Line 236;1;55.0059473754277
-23.728705608;-46.925816083;953.4;33150;132.28726415094337;834.8872641509433;Line 236;1;55.0059473754277
-23.728553294;-46.925572811;949.7;33120;132.1675471698113;834.7675471698113;Line 236;1;55.0059473754277
-23.72840098;-46.925329539;945.4;33090;132.04783018867923;834.6478301886792;Line 236;1;55.0059473754277
-23.728248666;-46.925086269;941.6;33060;131.92811320754714;834.5281132075472;Line 236;1;55.0059473754277
-23.728096351;-46.924842999;936.0;33030;131.80839622641508;834.4083962264151;Line 236;1;55.0059473754277
-23.727944035;-46.924599729;929.0;33000;131.688679245283;834.288679245283;Line 236;1;55.0059473754277
-23.727791719;-46.92435646;922.3;32970;131.5689622641509;834.1689622641509;Line 236;1;55.0059473754277
-23.727639403;-46.924113191;916.0;32940;131.44924528301885;834.0492452830189;Line 236;1;55.0059473754277
-23.727487086;-46.923869923;909.6;32910;131.32952830188677;833.9295283018868;Line 236;1;55.0059473754277
-23.727334769;-46.923626656;904.2;32880;131.20981132075468;833.8098113207548;Line 236;1;55.0059473754277
-23.727182452;-46.923383389;899.3;32850;131.09009433962262;833.6900943396226;Line 236;1;55.0059473754277
-23.727030134;-46.923140123;897.8;32820;130.97037735849054;833.5703773584905;Line 236;1;55.0059473754277
-23.726877816;-46.922896857;896.2;32790;130.85066037735848;833.4506603773585;Line 236;1;55.0059473754277
-23.726725497;-46.922653592;893.6;32760;130.7309433962264;833.3309433962264;Line 236;1;55.0059473754277
-23.726573178;-46.922410327;891.9;32730;130.6112264150943;833.2112264150943;Line 236;1;55.0059473754277
-23.726420858;-46.922167063;892.2;32700;130.49150943396225;833.0915094339623;Line 236;1;55.0059473754277
-23.726268538;-46.921923799;892.9;32670;130.37179245283016;832.9717924528302;Line 236;1;55.0059473754277
-23.726116217;-46.921680536;894.0;32640;130.2520754716981;832.8520754716981;Line 236;1;55.0059473754277
-23.725963897;-46.921437274;895.6;32610;130.13235849056602;832.7323584905661;Line 236;1;55.0059473754277
-23.725811575;-46.921194012;896.2;32580;130.01264150943393;832.612641509434;Line 236;1;55.0059473754277
-23.725659253;-46.92095075;896.1;32550;129.89292452830185;832.4929245283018;Line 236;1;55.0059473754277
-23.725506931;-46.92070749;896.7;32520;129.7732075471698;832.3732075471698;Line 236;1;55.0059473754277
-23.725354609;-46.920464229;897.7;32490;129.65349056603773;832.2534905660377;Line 236;1;55.0059473754277
-23.725202286;-46.92022097;899.0;32460;129.53377358490565;832.1337735849056;Line 236;1;55.0059473754277
-23.725049962;-46.91997771;900.9;32430;129.41405660377356;832.0140566037736;Line 236;1;55.0059473754277
-23.724897638;-46.919734452;906.8;32400;129.29433962264147;831.8943396226415;Line 236;1;55.0059473754277
-23.724745314;-46.919491194;912.8;32370;129.17462264150942;831.7746226415095;Line 236;1;55.0059473754277
-23.72459299;-46.919247936;919.3;32340;129.05490566037736;831.6549056603774;Line 236;1;55.0059473754277
-23.724440664;-46.919004679;924.0;32310;128.93518867924527;831.5351886792453;Line 236;1;55.0059473754277
-23.724288339;-46.918761423;927.5;32280;128.81547169811319;831.4154716981132;Line 236;1;55.0059473754277
-23.724136013;-46.918518167;930.2;32250;128.6957547169811;831.2957547169812;Line 236;1;55.0059473754277
-23.723983687;-46.918274911;929.1;32220;128.576037735849;831.176037735849;Line 236;1;55.0059473754277
-23.72383136;-46.918031657;923.7;32190;128.45632075471698;831.056320754717;Line 236;1;55.0059473754277
-23.723679033;-46.917788402;917.2;32160;128.3366037735849;830.9366037735849;Line 236;1;55.0059473754277
-23.723526705;-46.917545149;909.5;32130;128.2168867924528;830.8168867924528;Line 236;1;55.0059473754277
-23.723374377;-46.917301896;902.1;32100;128.09716981132073;830.6971698113207;Line 236;1;55.0059473754277
-23.723222048;-46.917058643;895.9;32070;127.97745283018865;830.5774528301887;Line 236;1;55.0059473754277
-23.723069719;-46.916815391;889.9;32040;127.8577358490566;830.4577358490566;Line 236;1;55.0059473754277
-23.72291739;-46.91657214;885.8;32010;127.73801886792451;830.3380188679246;Line 236;1;55.0059473754277
-23.72276506;-46.916328889;884.4;31980;127.61830188679244;830.2183018867925;Line 236;1;55.0059473754277
-23.72261273;-46.916085638;882.4;31950;127.49858490566035;830.0985849056603;Line 236;1;55.0059473754277
-23.7224604;-46.915842388;881.1;31920;127.37886792452827;829.9788679245282;Line 236;1;55.0059473754277
-23.722308068;-46.915599139;882.0;31890;127.25915094339622;829.8591509433962;Line 236;1;55.0059473754277
-23.722155737;-46.91535589;881.7;31860;127.13943396226414;829.7394339622641;Line 236;1;55.0059473754277
-23.722003405;-46.915112642;880.0;31830;127.01971698113205;829.6197169811321;Line 236;1;55.0059473754277
-23.721851073;-46.914869395;878.8;31800;126.89999999999998;829.5;Line 236;1;55.0059473754277
-23.72169874;-46.914626148;879.7;31770;126.78028301886789;829.3802830188679;Line 236;1;55.0059473754277
-23.721546407;-46.914382901;881.2;31740;126.66056603773583;829.2605660377359;Line 236;1;55.0059473754277
-23.721394073;-46.914139655;884.0;31710;126.54084905660376;829.1408490566038;Line 236;1;55.0059473754277
-23.721241739;-46.91389641;888.5;31680;126.42113207547168;829.0211320754717;Line 236;1;55.0059473754277
-23.721089405;-46.913653165;893.4;31650;126.30141509433959;828.9014150943397;Line 236;1;55.0059473754277
-23.72093707;-46.91340992;898.8;31620;126.18169811320752;828.7816981132075;Line 236;1;55.0059473754277
-23.720784735;-46.913166677;900.6;31590;126.06198113207546;828.6619811320754;Line 236;1;55.0059473754277
-23.720632399;-46.912923433;898.6;31560;125.94226415094339;828.5422641509434;Line 236;1;55.0059473754277
-23.720480063;-46.912680191;895.3;31530;125.8225471698113;828.4225471698113;Line 236;1;55.0059473754277
-23.720327727;-46.912436949;890.4;31500;125.70283018867921;828.3028301886792;Line 236;1;55.0059473754277
-23.72017539;-46.912193707;884.4;31470;125.58311320754714;828.1831132075472;Line 236;1;55.0059473754277
-23.720023052;-46.911950466;878.8;31440;125.46339622641509;828.0633962264151;Line 236;1;55.0059473754277
-23.719870715;-46.911707225;873.2;31410;125.343679245283;827.943679245283;Line 236;1;55.0059473754277
-23.719718376;-46.911463986;871.1;31380;125.22396226415093;827.823962264151;Line 236;1;55.0059473754277
-23.719566038;-46.911220746;871.7;31350;125.10424528301884;827.7042452830188;Line 236;1;55.0059473754277
-23.719413699;-46.910977507;874.6;31320;124.98452830188675;827.5845283018867;Line 236;1;55.0059473754277
-23.719261359;-46.910734269;877.9;31290;124.86481132075471;827.4648113207547;Line 236;1;55.0059473754277
-23.719109019;-46.910491031;876.9;31260;124.74509433962263;827.3450943396226;Line 236;1;55.0059473754277
-23.718956679;-46.910247794;873.3;31230;124.62537735849054;827.2253773584905;Line 236;1;55.0059473754277
-23.718804338;-46.910004558;869.1;31200;124.50566037735847;827.1056603773585;Line 236;1;55.0059473754277
-23.718651997;-46.909761321;866.8;31170;124.38594339622638;826.9859433962264;Line 236;1;55.0059473754277
-23.718499656;-46.909518086;866.1;31140;124.26622641509432;826.8662264150944;Line 236;1;55.0059473754277
-23.718347314;-46.909274851;867.0;31110;124.14650943396225;826.7465094339623;Line 236;1;55.0059473754277
-23.718194971;-46.909031617;868.0;31080;124.02679245283016;826.6267924528302;Line 236;1;55.0059473754277
-23.718042628;-46.908788383;866.4;31050;123.90707547169809;826.5070754716982;Line 236;1;55.0059473754277
-23.717890285;-46.908545149;863.9;31020;123.787358490566;826.387358490566;Line 236;1;55.0059473754277
-23.717737941;-46.908301917;860.8;30990;123.66764150943395;826.2676415094339;Line 236;1;55.0059473754277
-23.717585597;-46.908058684;858.4;30960;123.54792452830188;826.1479245283019;Line 236;1;55.0059473754277
-23.717433253;-46.907815453;854.0;30930;123.42820754716979;826.0282075471698;Line 236;1;55.0059473754277
-23.717280908;-46.907572221;848.5;30900;123.3084905660377;825.9084905660377;Line 236;1;55.0059473754277
-23.717128563;-46.907328991;847.8;30870;123.18877358490563;825.7887735849057;Line 236;1;55.0059473754277
-23.716976217;-46.907085761;849.1;30840;123.06905660377357;825.6690566037736;Line 236;1;55.0059473754277
-23.71682387;-46.906842531;849.9;30810;122.94933962264149;825.5493396226415;Line 236;1;55.0059473754277
-23.716671524;-46.906599302;850.8;30780;122.82962264150942;825.4296226415095;Line 236;1;55.0059473754277
-23.716519177;-46.906356074;853.4;30750;122.70990566037733;825.3099056603774;Line 236;1;55.0059473754277
-23.716366829;-46.906112846;855.8;30720;122.59018867924524;825.1901886792452;Line 236;1;55.0059473754277
-23.716214481;-46.905869619;858.0;30690;122.4704716981132;825.0704716981132;Line 236;1;55.0059473754277
-23.716062133;-46.905626392;861.3;30660;122.35075471698111;824.9507547169811;Line 236;1;55.0059473754277
-23.715909784;-46.905383166;865.2;30630;122.23103773584903;824.831037735849;Line 236;1;55.0059473754277
-23.715757435;-46.90513994;869.1;30600;122.11132075471696;824.711320754717;Line 236;1;55.0059473754277
-23.715605086;-46.904896715;872.1;30570;121.99160377358487;824.5916037735849;Line 236;1;55.0059473754277
-23.715452736;-46.904653491;874.9;30540;121.87188679245281;824.4718867924528;Line 236;1;55.0059473754277
-23.715300385;-46.904410267;877.9;30510;121.75216981132074;824.3521698113208;Line 236;1;55.0059473754277
-23.715148034;-46.904167043;881.3;30480;121.63245283018865;824.2324528301887;Line 236;1;55.0059473754277
-23.714995683;-46.903923821;880.4;30450;121.51273584905658;824.1127358490567;Line 236;1;55.0059473754277
-23.714843331;-46.903680598;879.2;30420;121.3930188679245;823.9930188679245;Line 236;1;55.0059473754277
-23.714690979;-46.903437376;878.1;30390;121.27330188679244;823.8733018867924;Line 236;1;55.0059473754277
-23.714538627;-46.903194155;875.3;30360;121.15358490566037;823.7535849056604;Line 236;1;55.0059473754277
-23.714386274;-46.902950935;872.3;30330;121.03386792452828;823.6338679245283;Line 236;1;55.0059473754277
-23.71423392;-46.902707714;870.9;30300;120.9141509433962;823.5141509433962;Line 236;1;55.0059473754277
-23.714081566;-46.902464495;868.4;30270;120.79443396226412;823.3944339622642;Line 236;1;55.0059473754277
-23.713929212;-46.902221276;865.0;30240;120.67471698113206;823.2747169811321;Line 236;1;55.0059473754277
-23.713776858;-46.901978057;862.8;30210;120.55499999999998;823.155;Line 236;1;55.0059473754277
-23.713624502;-46.901734839;861.7;30180;120.4352830188679;823.035283018868;Line 236;1;55.0059473754277
-23.713472147;-46.901491622;862.8;30150;120.31556603773582;822.9155660377359;Line 236;1;55.0059473754277
-23.713319791;-46.901248405;865.1;30120;120.19584905660375;822.7958490566037;Line 236;1;55.0059473754277
-23.713167435;-46.901005189;868.6;30090;120.07613207547169;822.6761320754717;Line 236;1;55.0059473754277
-23.713015078;-46.900761973;872.9;30060;119.9564150943396;822.5564150943396;Line 236;1;55.0059473754277
-23.712862721;-46.900518758;878.2;30030;119.83669811320753;822.4366981132075;Line 236;1;55.0059473754277
-23.712710363;-46.900275543;883.6;30000;119.71698113207545;822.3169811320755;Line 236;1;55.0059473754277
-23.712558005;-46.900032329;889.0;29970;119.59726415094337;822.1972641509434;Line 236;1;55.0059473754277
-23.712405647;-46.899789116;890.4;29940;119.4775471698113;822.0775471698113;Line 236;1;55.0059473754277
-23.712253288;-46.899545903;888.8;29910;119.35783018867923;821.9578301886793;Line 236;1;55.0059473754277
-23.712100929;-46.89930269;884.7;29880;119.23811320754714;821.8381132075472;Line 236;1;55.0059473754277
-23.711948569;-46.899059479;878.6;29850;119.11839622641507;821.718396226415;Line 236;1;55.0059473754277
-23.711796209;-46.898816267;872.5;29820;118.998679245283;821.598679245283;Line 236;1;55.0059473754277
-23.711643848;-46.898573056;867.2;29790;118.87896226415091;821.4789622641509;Line 236;1;55.0059473754277
-23.711491487;-46.898329846;863.5;29760;118.75924528301886;821.3592452830189;Line 236;1;55.0059473754277
-23.711339126;-46.898086637;860.4;29730;118.63952830188677;821.2395283018868;Line 236;1;55.0059473754277
-23.711186764;-46.897843427;856.6;29700;118.51981132075468;821.1198113207547;Line 236;1;55.0059473754277
-23.711034402;-46.897600219;852.2;29670;118.40009433962263;821.0000943396226;Line 236;1;55.0059473754277
-23.710882039;-46.897357011;847.0;29640;118.28037735849054;820.8803773584906;Line 236;1;55.0059473754277
-23.710729676;-46.897113803;845.6;29610;118.16066037735847;820.7606603773585;Line 236;1;55.0059473754277
-23.710577312;-46.896870596;846.0;29580;118.0409433962264;820.6409433962265;Line 236;1;55.0059473754277
-23.710424949;-46.89662739;847.1;29550;117.92122641509431;820.5212264150944;Line 236;1;55.0059473754277
-23.710272584;-46.896384184;852.1;29520;117.80150943396225;820.4015094339622;Line 236;1;55.0059473754277
-23.710120219;-46.896140979;857.2;29490;117.68179245283017;820.2817924528301;Line 236;1;55.0059473754277
-23.709967854;-46.895897774;862.0;29460;117.5620754716981;820.1620754716981;Line 236;1;55.0059473754277
-23.709815489;-46.89565457;865.2;29430;117.44235849056602;820.042358490566;Line 236;1;55.0059473754277
-23.709663123;-46.895411366;867.4;29400;117.32264150943394;819.922641509434;Line 236;1;55.0059473754277
-23.709510756;-46.895168163;869.0;29370;117.20292452830186;819.8029245283019;Line 236;1;55.0059473754277
-23.709358389;-46.894924961;869.7;29340;117.08320754716979;819.6832075471698;Line 236;1;55.0059473754277
-23.709206022;-46.894681759;870.0;29310;116.96349056603772;819.5634905660378;Line 236;1;55.0059473754277
-23.709053654;-46.894438557;870.0;29280;116.84377358490563;819.4437735849057;Line 236;1;55.0059473754277
-23.708901286;-46.894195356;870.3;29250;116.72405660377356;819.3240566037736;Line 236;1;55.0059473754277
-23.708748917;-46.893952156;871.3;29220;116.60433962264149;819.2043396226416;Line 236;1;55.0059473754277
-23.708596548;-46.893708956;873.3;29190;116.4846226415094;819.0846226415094;Line 236;1;55.0059473754277
-23.708444179;-46.893465757;876.4;29160;116.36490566037735;818.9649056603773;Line 236;1;55.0059473754277
-23.708291809;-46.893222558;879.3;29130;116.24518867924526;818.8451886792453;Line 236;1;55.0059473754277
-23.708139439;-46.89297936;880.8;29100;116.12547169811319;818.7254716981132;Line 236;1;55.0059473754277
-23.707987068;-46.892736163;883.3;29070;116.00575471698112;818.6057547169811;Line 236;1;55.0059473754277
-23.707834697;-46.892492966;886.7;29040;115.88603773584903;818.4860377358491;Line 236;1;55.0059473754277
-23.707682326;-46.892249769;888.0;29010;115.76632075471697;818.366320754717;Line 236;1;55.0059473754277
-23.707529954;-46.892006573;889.2;28980;115.64660377358489;818.2466037735849;Line 236;1;55.0059473754277
-23.707377581;-46.891763378;889.7;28950;115.5268867924528;818.1268867924529;Line 236;1;55.0059473754277
-23.707225209;-46.891520183;890.1;28920;115.40716981132074;818.0071698113208;Line 236;1;55.0059473754277
-23.707072835;-46.891276989;890.5;28890;115.28745283018866;817.8874528301886;Line 236;1;55.0059473754277
-23.706920462;-46.891033795;891.3;28860;115.16773584905658;817.7677358490566;Line 236;1;55.0059473754277
-23.706768088;-46.890790602;892.2;28830;115.04801886792451;817.6480188679245;Line 236;1;55.0059473754277
-23.706615713;-46.890547409;892.2;28800;114.92830188679243;817.5283018867924;Line 236;1;55.0059473754277
-23.706463338;-46.890304217;892.2;28770;114.80858490566035;817.4085849056604;Line 236;1;55.0059473754277
-23.706310963;-46.890061026;893.6;28740;114.68886792452828;817.2888679245283;Line 236;1;55.0059473754277
-23.706158587;-46.889817835;895.5;28710;114.56915094339621;817.1691509433963;Line 236;1;55.0059473754277
-23.706006211;-46.889574644;897.6;28680;114.44943396226412;817.0494339622642;Line 236;1;55.0059473754277
-23.705853835;-46.889331454;899.8;28650;114.32971698113205;816.9297169811321;Line 236;1;55.0059473754277
-23.705701458;-46.889088265;899.4;28620;114.20999999999998;816.81;Line 236;1;55.0059473754277
-23.70554908;-46.888845076;898.4;28590;114.09028301886791;816.690283018868;Line 236;1;55.0059473754277
-23.705396702;-46.888601888;896.8;28560;113.97056603773584;816.5705660377358;Line 236;1;55.0059473754277
-23.705244324;-46.8883587;894.7;28530;113.85084905660375;816.4508490566038;Line 236;1;55.0059473754277
-23.705091946;-46.888115513;893.8;28500;113.73113207547168;816.3311320754717;Line 236;1;55.0059473754277
-23.704939566;-46.887872327;894.3;28470;113.6114150943396;816.2114150943396;Line 236;1;55.0059473754277
-23.704787187;-46.887629141;896.1;28440;113.49169811320752;816.0916981132075;Line 236;1;55.0059473754277
-23.704634807;-46.887385955;896.5;28410;113.37198113207546;815.9719811320755;Line 236;1;55.0059473754277
-23.704482427;-46.88714277;894.0;28380;113.25226415094338;815.8522641509434;Line 236;1;55.0059473754277
-23.704330046;-46.886899586;890.8;28350;113.13254716981129;815.7325471698114;Line 236;1;55.0059473754277
-23.704177665;-46.886656402;886.7;28320;113.01283018867923;815.6128301886793;Line 236;1;55.0059473754277
-23.704025283;-46.886413219;879.7;28290;112.89311320754715;815.4931132075471;Line 236;1;55.0059473754277
-23.703872901;-46.886170036;872.9;28260;112.77339622641507;815.3733962264151;Line 236;1;55.0059473754277
-23.703720518;-46.885926854;866.3;28230;112.653679245283;815.253679245283;Line 236;1;55.0059473754277
-23.703568136;-46.885683672;859.9;28200;112.53396226415092;815.1339622641509;Line 236;1;55.0059473754277
-23.703415752;-46.885440491;854.4;28170;112.41424528301884;815.0142452830189;Line 236;1;55.0059473754277
-23.703263369;-46.885197311;850.5;28140;112.29452830188677;814.8945283018868;Line 236;1;55.0059473754277
-23.703110984;-46.884954131;848.7;28110;112.1748113207547;814.7748113207547;Line 236;1;55.0059473754277
-23.7029586;-46.884710951;848.9;28080;112.05509433962261;814.6550943396227;Line 236;1;55.0059473754277
-23.702806215;-46.884467772;848.6;28050;111.93537735849054;814.5353773584906;Line 236;1;55.0059473754277
-23.702653829;-46.884224594;848.0;28020;111.81566037735847;814.4156603773584;Line 236;1;55.0059473754277
-23.702501444;-46.883981416;846.9;27990;111.6959433962264;814.2959433962264;Line 236;1;55.0059473754277
-23.702349057;-46.883738239;845.4;27960;111.57622641509433;814.1762264150943;Line 236;1;55.0059473754277
-23.702196671;-46.883495062;844.6;27930;111.45650943396224;814.0565094339622;Line 236;1;55.0059473754277
-23.702044284;-46.883251886;846.2;27900;111.33679245283018;813.9367924528302;Line 236;1;55.0059473754277
-23.701891896;-46.88300871;852.6;27870;111.2170754716981;813.8170754716981;Line 236;1;55.0059473754277
-23.701739508;-46.882765535;859.4;27840;111.09735849056601;813.697358490566;Line 236;1;55.0059473754277
-23.70158712;-46.882522361;863.7;27810;110.97764150943395;813.577641509434;Line 236;1;55.0059473754277
-23.701434731;-46.882279187;862.1;27780;110.85792452830187;813.4579245283019;Line 236;1;55.0059473754277
-23.701282342;-46.882036014;860.1;27750;110.7382075471698;813.3382075471698;Line 236;1;55.0059473754277
-23.701129952;-46.881792841;858.0;27720;110.61849056603772;813.2184905660378;Line 236;1;55.0059473754277
-23.700977562;-46.881549668;854.2;27690;110.49877358490563;813.0987735849056;Line 236;1;55.0059473754277
-23.700825172;-46.881306497;848.3;27660;110.37905660377356;812.9790566037736;Line 236;1;55.0059473754277
-23.700672781;-46.881063326;843.2;27630;110.25933962264149;812.8593396226415;Line 236;1;55.0059473754277
-23.700520389;-46.880820155;840.1;27600;110.13962264150942;812.7396226415094;Line 236;1;55.0059473754277
-23.700367998;-46.880576985;837.0;27570;110.01990566037733;812.6199056603773;Line 236;1;55.0059473754277
-23.700215605;-46.880333815;834.7;27540;109.90018867924526;812.5001886792453;Line 236;1;55.0059473754277
-23.700063213;-46.880090646;833.3;27510;109.78047169811319;812.3804716981132;Line 236;1;55.0059473754277
-23.69991082;-46.879847478;833.2;27480;109.66075471698112;812.2607547169812;Line 236;1;55.0059473754277
-23.699758426;-46.87960431;834.2;27450;109.54103773584905;812.1410377358491;Line 236;1;55.0059473754277
-23.699606033;-46.879361143;835.5;27420;109.42132075471696;812.021320754717;Line 236;1;55.0059473754277
-23.699453638;-46.879117976;837.0;27390;109.30160377358489;811.901603773585;Line 236;1;55.0059473754277
-23.699301244;-46.87887481;838.1;27360;109.18188679245281;811.7818867924528;Line 236;1;55.0059473754277
-23.699148849;-46.878631644;837.9;27330;109.06216981132073;811.6621698113207;Line 236;1;55.0059473754277
-23.698996453;-46.878388479;832.1;27300;108.94245283018867;811.5424528301887;Line 236;1;55.0059473754277
-23.698844057;-46.878145314;825.9;27270;108.82273584905658;811.4227358490566;Line 236;1;55.0059473754277
-23.698691661;-46.87790215;821.4;27240;108.7030188679245;811.3030188679245;Line 236;1;55.0059473754277
-23.698539264;-46.877658987;818.8;27210;108.58330188679244;811.1833018867925;Line 236;1;55.0059473754277
-23.698386867;-46.877415824;819.4;27180;108.46358490566035;811.0635849056604;Line 236;1;55.0059473754277
-23.698234469;-46.877172661;823.0;27150;108.34386792452828;810.9438679245283;Line 236;1;55.0059473754277
-23.698082071;-46.8769295;827.5;27120;108.22415094339621;810.8241509433963;Line 236;1;55.0059473754277
-23.697929673;-46.876686338;833.5;27090;108.10443396226412;810.7044339622641;Line 236;1;55.0059473754277
-23.697777274;-46.876443178;839.7;27060;107.98471698113205;810.584716981132;Line 236;1;55.0059473754277
-23.697624874;-46.876200017;846.3;27030;107.86499999999998;810.465;Line 236;1;55.0059473754277
-23.697472475;-46.875956858;852.5;27000;107.74528301886791;810.3452830188679;Line 236;1;55.0059473754277
-23.697320075;-46.875713699;854.0;26970;107.62556603773584;810.2255660377359;Line 236;1;55.0059473754277
-23.697167674;-46.87547054;854.9;26940;107.50584905660375;810.1058490566038;Line 236;1;55.0059473754277
-23.697015273;-46.875227382;857.7;26910;107.38613207547168;809.9861320754717;Line 236;1;55.0059473754277
-23.696862872;-46.874984225;862.3;26880;107.2664150943396;809.8664150943396;Line 236;1;55.0059473754277
-23.69671047;-46.874741068;866.6;26850;107.14669811320753;809.7466981132076;Line 236;1;55.0059473754277
-23.696558068;-46.874497911;870.8;26820;107.02698113207545;809.6269811320755;Line 236;1;55.0059473754277
-23.696405665;-46.874254756;875.3;26790;106.90726415094338;809.5072641509435;Line 236;1;55.0059473754277
-23.696253262;-46.8740116;878.5;26760;106.7875471698113;809.3875471698113;Line 236;1;55.0059473754277
-23.696100858;-46.873768446;881.6;26730;106.66783018867922;809.2678301886792;Line 236;1;55.0059473754277
-23.695948454;-46.873525292;885.9;26700;106.54811320754716;809.1481132075472;Line 236;1;55.0059473754277
-23.69579605;-46.873282138;889.2;26670;106.42839622641507;809.0283962264151;Line 236;1;55.0059473754277
-23.695643645;-46.873038985;885.4;26640;106.30867924528299;808.908679245283;Line 236;1;55.0059473754277
-23.69549124;-46.872795832;881.9;26610;106.18896226415093;808.788962264151;Line 236;1;55.0059473754277
-23.695338834;-46.87255268;878.7;26580;106.06924528301884;808.6692452830189;Line 236;1;55.0059473754277
-23.695186428;-46.872309529;877.1;26550;105.94952830188677;808.5495283018868;Line 236;1;55.0059473754277
-23.695034022;-46.872066378;875.5;26520;105.8298113207547;808.4298113207548;Line 236;1;55.0059473754277
-23.694881615;-46.871823228;868.6;26490;105.71009433962261;808.3100943396227;Line 236;1;55.0059473754277
-23.694729208;-46.871580078;860.4;26460;105.59037735849056;808.1903773584905;Line 236;1;55.0059473754277
-23.6945768;-46.871336929;853.7;26430;105.47066037735847;808.0706603773585;Line 236;1;55.0059473754277
-23.694424392;-46.87109378;847.4;26400;105.3509433962264;807.9509433962264;Line 236;1;55.0059473754277
-23.694271983;-46.870850632;841.5;26370;105.23122641509433;807.8312264150943;Line 236;1;55.0059473754277
-23.694119574;-46.870607485;841.8;26340;105.11150943396224;807.7115094339623;Line 236;1;55.0059473754277
-23.693967165;-46.870364338;843.0;26310;104.99179245283017;807.5917924528302;Line 236;1;55.0059473754277
-23.693814755;-46.870121191;844.4;26280;104.8720754716981;807.4720754716981;Line 236;1;55.0059473754277
-23.693662345;-46.869878045;844.0;26250;104.75235849056602;807.3523584905661;Line 236;1;55.0059473754277
-23.693509934;-46.8696349;843.0;26220;104.63264150943394;807.232641509434;Line 236;1;55.0059473754277
-23.693357523;-46.869391755;843.8;26190;104.51292452830187;807.1129245283018;Line 236;1;55.0059473754277
-23.693205111;-46.869148611;844.1;26160;104.3932075471698;806.9932075471698;Line 236;1;55.0059473754277
-23.6930527;-46.868905467;837.7;26130;104.27349056603771;806.8734905660377;Line 236;1;55.0059473754277
-23.692900287;-46.868662324;834.9;26100;104.15377358490565;806.7537735849057;Line 236;1;55.0059473754277
-23.692747874;-46.868419182;835.7;26070;104.03405660377356;806.6340566037736;Line 236;1;55.0059473754277
-23.692595461;-46.868176039;835.1;26040;103.91433962264149;806.5143396226415;Line 236;1;55.0059473754277
-23.692443048;-46.867932898;831.9;26010;103.79462264150942;806.3946226415094;Line 236;1;55.0059473754277
-23.692290634;-46.867689757;829.2;25980;103.67490566037733;806.2749056603774;Line 236;1;55.0059473754277
-23.692138219;-46.867446617;828.5;25950;103.55518867924528;806.1551886792453;Line 236;1;55.0059473754277
-23.691985804;-46.867203477;826.8;25920;103.43547169811319;806.0354716981133;Line 236;1;55.0059473754277
-23.691833389;-46.866960338;825.2;25890;103.3157547169811;805.9157547169812;Line 236;1;55.0059473754277
-23.691680973;-46.866717199;823.7;25860;103.19603773584905;805.796037735849;Line 236;1;55.0059473754277
-23.691528557;-46.866474061;817.7;25830;103.07632075471696;805.6763207547169;Line 236;1;55.0059473754277
-23.691376141;-46.866230923;810.4;25800;102.95660377358489;805.5566037735849;Line 236;1;55.0059473754277
-23.691223724;-46.865987786;802.7;25770;102.83688679245282;805.4368867924528;Line 236;0;55.0059473754277
-23.691071306;-46.865744649;796.4;25740;102.71716981132073;805.3171698113208;Line 236;0;55.0059473754277
-23.690918888;-46.865501513;793.1;25710;102.59745283018866;805.1974528301887;Line 236;0;55.0059473754277
-23.69076647;-46.865258378;789.1;25680;102.47773584905659;805.0777358490566;Line 236;0;55.0059473754277
-23.690614051;-46.865015243;784.7;25650;102.35801886792451;804.9580188679246;Line 236;0;55.0059473754277
-23.690461632;-46.864772109;784.4;25620;102.23830188679243;804.8383018867925;Line 236;0;55.0059473754277
-23.690309213;-46.864528975;784.5;25590;102.11858490566036;804.7185849056604;Line 236;0;55.0059473754277
-23.690156793;-46.864285842;784.8;25560;101.99886792452828;804.5988679245283;Line 236;0;55.0059473754277
-23.690004373;-46.864042709;785.6;25530;101.87915094339621;804.4791509433962;Line 236;0;55.0059473754277
-23.689851952;-46.863799577;786.8;25500;101.75943396226414;804.3594339622641;Line 236;0;55.0059473754277
-23.689699531;-46.863556445;787.6;25470;101.63971698113205;804.2397169811321;Line 236;0;55.0059473754277
-23.689547109;-46.863313314;788.0;25440;101.51999999999998;804.12;Line 236;0;55.0059473754277
-23.689394687;-46.863070183;788.3;25410;101.40028301886791;804.0002830188679;Line 236;0;55.0059473754277
-23.689242265;-46.862827054;788.1;25380;101.28056603773582;803.8805660377359;Line 236;0;55.0059473754277
-23.689089842;-46.862583924;787.5;25350;101.16084905660377;803.7608490566038;Line 236;0;55.0059473754277
-23.688937418;-46.862340795;787.8;25320;101.04113207547168;803.6411320754717;Line 236;0;55.0059473754277
-23.688784995;-46.862097667;788.4;25290;100.9214150943396;803.5214150943397;Line 236;0;55.0059473754277
-23.688632571;-46.861854539;788.8;25260;100.80169811320754;803.4016981132075;Line 236;0;55.0059473754277
-23.688480146;-46.861611412;789.2;25230;100.68198113207545;803.2819811320754;Line 236;0;55.0059473754277
-23.688327721;-46.861368285;789.8;25200;100.56226415094338;803.1622641509434;Line 236;0;55.0059473754277
-23.688175296;-46.861125159;790.3;25170;100.4425471698113;803.0425471698113;Line 236;0;55.0059473754277
-23.68802287;-46.860882034;790.5;25140;100.32283018867922;802.9228301886792;Line 236;0;55.0059473754277
-23.687870444;-46.860638909;790.4;25110;100.20311320754715;802.8031132075472;Line 236;0;55.0059473754277
-23.687718017;-46.860395784;790.1;25080;100.08339622641508;802.6833962264151;Line 236;0;55.0059473754277
-23.68756559;-46.86015266;789.9;25050;99.963679245283;802.5636792452831;Line 236;0;55.0059473754277
-23.687413163;-46.859909537;790.2;25020;99.84396226415093;802.443962264151;Line 236;0;55.0059473754277
-23.687260735;-46.859666414;791.3;24990;99.72424528301885;802.3242452830189;Line 236;0;55.0059473754277
-23.687108306;-46.859423292;792.5;24960;99.60452830188677;802.2045283018867;Line 236;0;55.0059473754277
-23.686955878;-46.85918017;793.9;24930;99.4848113207547;802.0848113207547;Line 236;0;55.0059473754277
-23.686803448;-46.858937049;797.2;24900;99.36509433962263;801.9650943396226;Line 236;0;55.0059473754277
-23.686651019;-46.858693928;800.9;24870;99.24537735849054;801.8453773584906;Line 236;0;55.0059473754277
-23.686498589;-46.858450808;804.7;24840;99.12566037735847;801.7256603773585;Line 236;1;55.0059473754277
-23.686346158;-46.858207689;808.0;24810;99.0059433962264;801.6059433962264;Line 236;1;55.0059473754277
-23.686193728;-46.85796457;810.1;24780;98.88622641509431;801.4862264150943;Line 236;1;55.0059473754277
-23.686041296;-46.857721451;810.8;24750;98.76650943396226;801.3665094339623;Line 236;1;55.0059473754277
-23.685888865;-46.857478334;809.9;24720;98.64679245283017;801.2467924528302;Line 236;1;55.0059473754277
-23.685736432;-46.857235216;808.4;24690;98.52707547169808;801.1270754716982;Line 236;1;55.0059473754277
-23.685584;-46.8569921;806.4;24660;98.40735849056603;801.007358490566;Line 236;1;55.0059473754277
-23.685431567;-46.856748983;803.9;24630;98.28764150943394;800.8876415094339;Line 236;1;55.0059473754277
-23.685279134;-46.856505868;799.3;24600;98.16792452830187;800.7679245283019;Line 236;0;55.0059473754277
-23.6851267;-46.856262753;795.3;24570;98.0482075471698;800.6482075471698;Line 236;0;55.0059473754277
-23.684974266;-46.856019638;792.9;24540;97.92849056603771;800.5284905660377;Line 236;0;55.0059473754277
-23.684821831;-46.855776524;793.1;24510;97.80877358490565;800.4087735849057;Line 236;0;55.0059473754277
-23.684669396;-46.855533411;797.2;24480;97.68905660377357;800.2890566037736;Line 236;0;55.0059473754277
-23.68451696;-46.855290298;801.4;24450;97.5693396226415;800.1693396226415;Line 236;1;55.0059473754277
-23.684364525;-46.855047185;805.7;24420;97.44962264150942;800.0496226415095;Line 236;1;55.0059473754277
-23.684212088;-46.854804073;809.1;24390;97.32990566037734;799.9299056603774;Line 236;1;55.0059473754277
-23.684059652;-46.854560962;809.7;24360;97.21018867924526;799.8101886792452;Line 236;1;55.0059473754277
-23.683907214;-46.854317851;809.0;24330;97.09047169811319;799.6904716981132;Line 236;1;55.0059473754277
-23.683754777;-46.854074741;806.9;24300;96.97075471698112;799.5707547169811;Line 236;1;55.0059473754277
-23.683602339;-46.853831632;802.9;24270;96.85103773584903;799.451037735849;Line 236;1;55.0059473754277
-23.6834499;-46.853588523;798.2;24240;96.73132075471696;799.331320754717;Line 236;0;55.0059473754277
-23.683297462;-46.853345414;794.0;24210;96.61160377358489;799.2116037735849;Line 236;0;55.0059473754277
-23.683145022;-46.853102306;796.0;24180;96.4918867924528;799.0918867924528;Line 236;0;55.0059473754277
-23.682992583;-46.852859199;799.6;24150;96.37216981132075;798.9721698113208;Line 236;1;55.0059473754277
-23.682840143;-46.852616092;804.6;24120;96.25245283018866;798.8524528301887;Line 236;1;55.0059473754277
-23.682687702;-46.852372986;810.2;24090;96.13273584905659;798.7327358490566;Line 236;1;55.0059473754277
-23.682535261;-46.85212988;815.8;24060;96.01301886792452;798.6130188679246;Line 236;1;55.0059473754277
-23.68238282;-46.851886775;820.2;24030;95.89330188679243;798.4933018867924;Line 236;1;55.0059473754277
-23.682230378;-46.85164367;824.9;24000;95.77358490566036;798.3735849056604;Line 236;1;55.0059473754277
-23.682077936;-46.851400566;829.1;23970;95.65386792452829;798.2538679245283;Line 236;1;55.0059473754277
-23.681925493;-46.851157462;833.6;23940;95.53415094339621;798.1341509433962;Line 236;1;55.0059473754277
-23.68177305;-46.850914359;838.6;23910;95.41443396226414;798.0144339622642;Line 236;1;55.0059473754277
-23.681620607;-46.850671257;842.3;23880;95.29471698113205;797.8947169811321;Line 236;1;55.0059473754277
-23.681468163;-46.850428155;844.0;23850;95.17499999999998;797.775;Line 236;1;55.0059473754277
-23.681315719;-46.850185053;845.7;23820;95.05528301886791;797.655283018868;Line 236;1;55.0059473754277
-23.681163274;-46.849941953;846.9;23790;94.93556603773584;797.5355660377359;Line 236;1;55.0059473754277
-23.681010829;-46.849698852;846.9;23760;94.81584905660375;797.4158490566037;Line 236;1;55.0059473754277
-23.680858383;-46.849455753;846.8;23730;94.69613207547168;797.2961320754717;Line 236;1;55.0059473754277
-23.680705937;-46.849212653;844.4;23700;94.57641509433961;797.1764150943396;Line 236;1;55.0059473754277
-23.680553491;-46.848969555;837.7;23670;94.45669811320752;797.0566981132075;Line 236;1;55.0059473754277
-23.680401044;-46.848726457;830.3;23640;94.33698113207546;796.9369811320755;Line 236;1;55.0059473754277
-23.680248597;-46.848483359;822.8;23610;94.21726415094338;796.8172641509434;Line 236;1;55.0059473754277
-23.680096149;-46.848240262;815.9;23580;94.09754716981129;796.6975471698113;Line 236;1;55.0059473754277
-23.679943701;-46.847997166;811.8;23550;93.97783018867923;796.5778301886793;Line 236;1;55.0059473754277
-23.679791253;-46.84775407;810.5;23520;93.85811320754715;796.4581132075472;Line 236;1;55.0059473754277
-23.679638804;-46.847510975;810.5;23490;93.73839622641508;796.3383962264151;Line 236;1;55.0059473754277
-23.679486354;-46.84726788;814.2;23460;93.618679245283;796.218679245283;Line 236;1;55.0059473754277
-23.679333905;-46.847024786;818.3;23430;93.49896226415092;796.0989622641509;Line 236;1;55.0059473754277
-23.679181454;-46.846781692;822.6;23400;93.37924528301886;795.9792452830188;Line 236;1;55.0059473754277
-23.679029004;-46.846538599;826.3;23370;93.25952830188677;795.8595283018868;Line 236;1;55.0059473754277
-23.678876553;-46.846295506;828.6;23340;93.1398113207547;795.7398113207547;Line 236;1;55.0059473754277
-23.678724101;-46.846052414;830.2;23310;93.02009433962263;795.6200943396227;Line 236;1;55.0059473754277
-23.678571649;-46.845809323;830.9;23280;92.90037735849054;795.5003773584906;Line 236;1;55.0059473754277
-23.678419197;-46.845566232;828.2;23250;92.78066037735847;795.3806603773585;Line 236;1;55.0059473754277
-23.678266745;-46.845323141;824.7;23220;92.6609433962264;795.2609433962264;Line 236;1;55.0059473754277
-23.678114291;-46.845080052;820.9;23190;92.54122641509433;795.1412264150944;Line 236;1;55.0059473754277
-23.677961838;-46.844836962;818.5;23160;92.42150943396224;795.0215094339623;Line 236;1;55.0059473754277
-23.677809384;-46.844593874;817.2;23130;92.30179245283017;794.9017924528303;Line 236;1;55.0059473754277
-23.67765693;-46.844350785;816.6;23100;92.1820754716981;794.7820754716981;Line 236;1;55.0059473754277
-23.677504475;-46.844107698;818.2;23070;92.06235849056601;794.662358490566;Line 236;1;55.0059473754277
-23.67735202;-46.843864611;823.9;23040;91.94264150943395;794.542641509434;Line 236;1;55.0059473754277
-23.677199564;-46.843621524;829.1;23010;91.82292452830187;794.4229245283019;Line 236;1;55.0059473754277
-23.677047108;-46.843378438;833.8;22980;91.7032075471698;794.3032075471698;Line 236;1;55.0059473754277
-23.676894651;-46.843135353;837.2;22950;91.58349056603772;794.1834905660378;Line 236;1;55.0059473754277
-23.676742195;-46.842892268;840.3;22920;91.46377358490564;794.0637735849057;Line 236;1;55.0059473754277
-23.676589737;-46.842649183;842.9;22890;91.34405660377358;793.9440566037736;Line 236;1;55.0059473754277
-23.676437279;-46.8424061;843.7;22860;91.2243396226415;793.8243396226416;Line 236;1;55.0059473754277
-23.676284821;-46.842163016;841.7;22830;91.10462264150941;793.7046226415094;Line 236;1;55.0059473754277
-23.676132363;-46.841919934;840.6;22800;90.98490566037735;793.5849056603773;Line 236;1;55.0059473754277
-23.675979904;-46.841676852;840.2;22770;90.86518867924526;793.4651886792453;Line 236;1;55.0059473754277
-23.675827444;-46.84143377;838.4;22740;90.74547169811319;793.3454716981132;Line 236;1;55.0059473754277
-23.675674985;-46.841190689;834.4;22710;90.62575471698112;793.2257547169811;Line 236;1;55.0059473754277
-23.675522524;-46.840947608;831.1;22680;90.50603773584903;793.1060377358491;Line 236;1;55.0059473754277
-23.675370064;-46.840704529;827.0;22650;90.38632075471696;792.986320754717;Line 236;1;55.0059473754277
-23.675217603;-46.840461449;822.4;22620;90.26660377358489;792.8666037735849;Line 236;1;55.0059473754277
-23.675065141;-46.84021837;818.2;22590;90.14688679245282;792.7468867924529;Line 236;1;55.0059473754277
-23.674912679;-46.839975292;813.3;22560;90.02716981132073;792.6271698113208;Line 236;1;55.0059473754277
-23.674760217;-46.839732214;807.7;22530;89.90745283018866;792.5074528301886;Line 236;1;55.0059473754277
-23.674607754;-46.839489137;802.4;22500;89.78773584905659;792.3877358490566;Line 236;1;55.0059473754277
-23.674455291;-46.83924606;797.4;22470;89.66801886792452;792.2680188679245;Line 236;1;55.0059473754277
-23.674302827;-46.839002984;795.1;22440;89.54830188679244;792.1483018867925;Line 236;1;55.0059473754277
-23.674150363;-46.838759909;794.8;22410;89.42858490566036;792.0285849056604;Line 236;1;55.0059473754277
-23.673997899;-46.838516834;794.9;22380;89.30886792452829;791.9088679245283;Line 236;1;55.0059473754277
-23.673845434;-46.838273759;794.6;22350;89.18915094339621;791.7891509433962;Line 236;1;55.0059473754277
-23.673692969;-46.838030685;791.3;22320;89.06943396226413;791.6694339622642;Line 236;0;55.0059473754277
-23.673540503;-46.837787612;787.5;22290;88.94971698113207;791.5497169811321;Line 236;0;55.0059473754277
-23.673388037;-46.837544539;783.2;22260;88.82999999999998;791.4300000000001;Line 236;0;55.0059473754277
-23.67323557;-46.837301467;783.2;22230;88.7102830188679;791.310283018868;Line 236;0;55.0059473754277
-23.673083103;-46.837058395;783.6;22200;88.59056603773584;791.1905660377358;Line 236;0;55.0059473754277
-23.672930636;-46.836815324;783.3;22170;88.47084905660375;791.0708490566037;Line 236;0;55.0059473754277
-23.672778168;-46.836572254;782.4;22140;88.35113207547168;790.9511320754717;Line 236;0;55.0059473754277
-23.6726257;-46.836329184;781.6;22110;88.23141509433961;790.8314150943396;Line 236;0;55.0059473754277
-23.672473231;-46.836086114;781.2;22080;88.11169811320752;790.7116981132076;Line 236;0;55.0059473754277
-23.672320762;-46.835843045;780.9;22050;87.99198113207545;790.5919811320755;Line 236;0;55.0059473754277
-23.672168293;-46.835599977;778.4;22020;87.87226415094338;790.4722641509434;Line 236;0;55.0059473754277
-23.672015823;-46.835356909;775.9;21990;87.75254716981131;790.3525471698114;Line 236;0;55.0059473754277
-23.671863353;-46.835113842;773.3;21960;87.63283018867924;790.2328301886793;Line 236;0;55.0059473754277
-23.671710882;-46.834870775;770.9;21930;87.51311320754715;790.1131132075471;Line 236;0;55.0059473754277
-23.671558411;-46.834627709;769.8;21900;87.39339622641508;789.9933962264151;Line 236;0;55.0059473754277
-23.671405939;-46.834384643;768.7;21870;87.273679245283;789.873679245283;Line 236;0;55.0059473754277
-23.671253467;-46.834141578;767.2;21840;87.15396226415093;789.7539622641509;Line 236;0;55.0059473754277
-23.671100995;-46.833898513;766.8;21810;87.03424528301885;789.6342452830189;Line 236;0;55.0059473754277
-23.670948522;-46.833655449;766.2;21780;86.91452830188678;789.5145283018868;Line 236;0;55.0059473754277
-23.670796049;-46.833412386;766.3;21750;86.7948113207547;789.3948113207547;Line 236;0;55.0059473754277
-23.670643575;-46.833169323;768.3;21720;86.67509433962262;789.2750943396227;Line 236;0;55.0059473754277
-23.670491101;-46.832926261;769.5;21690;86.55537735849056;789.1553773584906;Line 236;0;55.0059473754277
-23.670338626;-46.832683199;770.5;21660;86.43566037735847;789.0356603773585;Line 236;0;55.0059473754277
-23.670186151;-46.832440138;770.7;21630;86.31594339622639;788.9159433962265;Line 236;0;55.0059473754277
-23.670033676;-46.832197077;768.6;21600;86.19622641509433;788.7962264150943;Line 236;0;55.0059473754277
-23.6698812;-46.831954017;768.6;21570;86.07650943396224;788.6765094339622;Line 236;0;55.0059473754277
-23.669728724;-46.831710957;769.5;21540;85.95679245283017;788.5567924528302;Line 236;0;55.0059473754277
-23.669576248;-46.831467898;771.2;21510;85.8370754716981;788.4370754716981;Line 236;0;55.0059473754277
-23.669423771;-46.83122484;771.4;21480;85.71735849056601;788.317358490566;Line 236;0;55.0059473754277
-23.669271293;-46.830981782;769.7;21450;85.59764150943396;788.197641509434;Line 236;0;55.0059473754277
-23.669118815;-46.830738724;767.8;21420;85.47792452830187;788.0779245283019;Line 236;0;55.0059473754277
-23.668966337;-46.830495667;767.4;21390;85.3582075471698;787.9582075471699;Line 236;0;55.0059473754277
-23.668813858;-46.830252611;766.7;21360;85.23849056603773;787.8384905660378;Line 236;0;55.0059473754277
-23.668661379;-46.830009555;765.7;21330;85.11877358490564;787.7187735849056;Line 236;0;55.0059473754277
-23.6685089;-46.8297665;764.8;21300;84.99905660377357;787.5990566037735;Line 236;0;55.0059473754277
-23.66835642;-46.829523445;763.3;21270;84.8793396226415;787.4793396226415;Line 236;0;55.0059473754277
-23.668203939;-46.829280391;761.7;21240;84.75962264150942;787.3596226415094;Line 236;0;55.0059473754277
-23.668051458;-46.829037338;760.8;21210;84.63990566037734;787.2399056603774;Line 236;0;55.0059473754277
-23.667898977;-46.828794285;760.4;21180;84.52018867924527;787.1201886792453;Line 236;0;55.0059473754277
-23.667746496;-46.828551232;759.5;21150;84.4004716981132;787.0004716981132;Line 236;0;55.0059473754277
-23.667594014;-46.82830818;758.3;21120;84.28075471698111;786.8807547169811;Line 236;0;55.0059473754277
-23.667441531;-46.828065129;758.9;21090;84.16103773584905;786.7610377358491;Line 236;0;55.0059473754277
-23.667289048;-46.827822078;759.5;21060;84.04132075471696;786.641320754717;Line 236;0;55.0059473754277
-23.667136565;-46.827579028;759.9;21030;83.92160377358489;786.521603773585;Line 236;0;55.0059473754277
-23.666984081;-46.827335978;759.9;21000;83.80188679245282;786.4018867924528;Line 236;0;55.0059473754277
-23.666831597;-46.827092929;760.1;20970;83.68216981132073;786.2821698113207;Line 236;0;55.0059473754277
-23.666679112;-46.82684988;760.6;20940;83.56245283018868;786.1624528301887;Line 236;0;55.0059473754277
-23.666526627;-46.826606832;760.7;20910;83.44273584905659;786.0427358490566;Line 236;0;55.0059473754277
-23.666374142;-46.826363785;760.4;20880;83.3230188679245;785.9230188679245;Line 236;0;55.0059473754277
-23.666221656;-46.826120738;760.3;20850;83.20330188679245;785.8033018867925;Line 236;0;55.0059473754277
-23.66606917;-46.825877691;760.2;20820;83.08358490566036;785.6835849056604;Line 236;0;55.0059473754277
-23.665916683;-46.825634645;760.5;20790;82.96386792452829;785.5638679245283;Line 236;0;55.0059473754277
-23.665764196;-46.8253916;761.2;20760;82.84415094339622;785.4441509433963;Line 236;0;55.0059473754277
-23.665611709;-46.825148555;762.3;20730;82.72443396226413;785.3244339622642;Line 236;0;55.0059473754277
-23.665459221;-46.824905511;764.6;20700;82.60471698113206;785.204716981132;Line 236;0;55.0059473754277
-23.665306732;-46.824662468;769.1;20670;82.48499999999999;785.085;Line 236;0;55.0059473754277
-23.665154244;-46.824419424;774.9;20640;82.36528301886791;784.9652830188679;Line 236;0;55.0059473754277
-23.665001754;-46.824176382;781.8;20610;82.24556603773583;784.8455660377358;Line 236;0;55.0059473754277
-23.664849265;-46.82393334;784.3;20580;82.12584905660376;784.7258490566038;Line 236;0;55.0059473754277
-23.664696775;-46.823690298;787.6;20550;82.00613207547168;784.6061320754717;Line 236;1;55.0059473754277
-23.664544284;-46.823447257;791.6;20520;81.8864150943396;784.4864150943396;Line 236;1;55.0059473754277
-23.664391794;-46.823204217;794.4;20490;81.76669811320754;784.3666981132076;Line 236;1;55.0059473754277
-23.664239302;-46.822961177;795.8;20460;81.64698113207545;784.2469811320755;Line 236;1;55.0059473754277
-23.664086811;-46.822718138;796.3;20430;81.5272641509434;784.1272641509435;Line 236;1;55.0059473754277
-23.663934318;-46.822475099;796.2;20400;81.40754716981131;784.0075471698113;Line 236;1;55.0059473754277
-23.663781826;-46.822232061;793.0;20370;81.28783018867922;783.8878301886792;Line 236;1;55.0059473754277
-23.663629333;-46.821989023;790.6;20340;81.16811320754717;783.7681132075472;Line 236;1;55.0059473754277
-23.66347684;-46.821745986;788.9;20310;81.04839622641508;783.6483962264151;Line 236;1;55.0059473754277
-23.663324346;-46.82150295;789.4;20280;80.928679245283;783.528679245283;Line 236;1;55.0059473754277
-23.663171852;-46.821259914;791.2;20250;80.80896226415094;783.408962264151;Line 236;1;55.0059473754277
-23.663019357;-46.821016878;792.5;20220;80.68924528301885;783.2892452830189;Line 236;1;55.0059473754277
-23.662866862;-46.820773843;793.1;20190;80.56952830188678;783.1695283018868;Line 236;1;55.0059473754277
-23.662714366;-46.820530809;792.1;20160;80.4498113207547;783.0498113207548;Line 236;1;55.0059473754277
-23.662561871;-46.820287775;789.7;20130;80.33009433962263;782.9300943396227;Line 236;1;55.0059473754277
-23.662409374;-46.820044742;786.7;20100;80.21037735849055;782.8103773584905;Line 236;1;55.0059473754277
-23.662256878;-46.819801709;785.5;20070;80.09066037735847;782.6906603773585;Line 236;1;55.0059473754277
-23.66210438;-46.819558677;784.8;20040;79.9709433962264;782.5709433962264;Line 236;1;55.0059473754277
-23.661951883;-46.819315646;784.2;20010;79.85122641509432;782.4512264150943;Line 236;1;55.0059473754277
-23.661799385;-46.819072615;785.7;19980;79.73150943396226;782.3315094339623;Line 236;1;55.0059473754277
-23.661646886;-46.818829584;790.7;19950;79.61179245283017;782.2117924528302;Line 236;1;55.0059473754277
-23.661494388;-46.818586554;795.0;19920;79.4920754716981;782.0920754716981;Line 236;1;55.0059473754277
-23.661341888;-46.818343525;797.7;19890;79.37235849056603;781.9723584905661;Line 236;1;55.0059473754277
-23.661189389;-46.818100496;799.7;19860;79.25264150943394;781.852641509434;Line 236;1;55.0059473754277
-23.661036889;-46.817857468;800.6;19830;79.13292452830188;781.732924528302;Line 236;1;55.0059473754277
-23.660884388;-46.81761444;800.3;19800;79.0132075471698;781.6132075471698;Line 236;1;55.0059473754277
-23.660731887;-46.817371413;801.6;19770;78.89349056603771;781.4934905660377;Line 236;1;55.0059473754277
-23.660579386;-46.817128386;804.8;19740;78.77377358490565;781.3737735849056;Line 236;1;55.0059473754277
-23.660426884;-46.81688536;807.9;19710;78.65405660377357;781.2540566037736;Line 236;1;55.0059473754277
-23.660274382;-46.816642334;810.5;19680;78.5343396226415;781.1343396226415;Line 236;1;55.0059473754277
-23.660121879;-46.816399309;811.5;19650;78.41462264150942;781.0146226415095;Line 236;1;55.0059473754277
-23.659969376;-46.816156285;813.5;19620;78.29490566037734;780.8949056603774;Line 236;1;55.0059473754277
-23.659816873;-46.815913261;815.1;19590;78.17518867924527;780.7751886792453;Line 236;1;55.0059473754277
-23.659664369;-46.815670238;814.3;19560;78.0554716981132;780.6554716981132;Line 236;1;55.0059473754277
-23.659511865;-46.815427215;813.4;19530;77.93575471698112;780.5357547169812;Line 236;1;55.0059473754277
-23.65935936;-46.815184193;813.8;19500;77.81603773584904;780.416037735849;Line 236;1;55.0059473754277
-23.659206855;-46.814941171;814.4;19470;77.69632075471696;780.296320754717;Line 236;1;55.0059473754277
-23.65905435;-46.81469815;813.0;19440;77.57660377358489;780.1766037735849;Line 236;1;55.0059473754277
-23.658901844;-46.814455129;811.9;19410;77.45688679245282;780.0568867924528;Line 236;1;55.0059473754277
-23.658749337;-46.814212109;810.9;19380;77.33716981132075;779.9371698113208;Line 236;1;55.0059473754277
-23.65859683;-46.81396909;809.3;19350;77.21745283018866;779.8174528301887;Line 236;1;55.0059473754277
-23.658444323;-46.813726071;807.1;19320;77.09773584905659;779.6977358490566;Line 236;1;55.0059473754277
-23.658291816;-46.813483052;804.2;19290;76.97801886792452;779.5780188679246;Line 236;1;55.0059473754277
-23.658139308;-46.813240035;801.5;19260;76.85830188679243;779.4583018867925;Line 236;1;55.0059473754277
-23.657986799;-46.812997017;801.1;19230;76.73858490566037;779.3385849056604;Line 236;1;55.0059473754277
-23.65783429;-46.812754;802.3;19200;76.61886792452829;779.2188679245284;Line 236;1;55.0059473754277
-23.657681781;-46.812510984;805.3;19170;76.4991509433962;779.0991509433962;Line 236;1;55.0059473754277
-23.657529271;-46.812267969;808.1;19140;76.37943396226414;778.9794339622641;Line 236;1;55.0059473754277
-23.657376761;-46.812024953;809.6;19110;76.25971698113206;778.8597169811321;Line 236;1;55.0059473754277
-23.657224251;-46.811781939;810.5;19080;76.13999999999999;778.74;Line 236;1;55.0059473754277
-23.65707174;-46.811538925;811.2;19050;76.02028301886791;778.6202830188679;Line 236;1;55.0059473754277
-23.656919228;-46.811295911;811.2;19020;75.90056603773583;778.5005660377359;Line 236;1;55.0059473754277
-23.656766717;-46.811052899;810.4;18990;75.78084905660376;778.3808490566038;Line 236;1;55.0059473754277
-23.656614204;-46.810809886;808.2;18960;75.66113207547168;778.2611320754717;Line 236;1;55.0059473754277
-23.656461692;-46.810566874;804.4;18930;75.54141509433961;778.1414150943397;Line 236;1;55.0059473754277
-23.656309179;-46.810323863;800.7;18900;75.42169811320754;778.0216981132075;Line 236;1;55.0059473754277
-23.656156665;-46.810080852;797.1;18870;75.30198113207545;777.9019811320754;Line 236;1;55.0059473754277
-23.656004151;-46.809837842;793.9;18840;75.18226415094338;777.7822641509434;Line 236;1;55.0059473754277
-23.655851637;-46.809594833;791.2;18810;75.06254716981131;777.6625471698113;Line 236;1;55.0059473754277
-23.655699122;-46.809351824;793.6;18780;74.94283018867924;777.5428301886793;Line 236;1;55.0059473754277
-23.655546607;-46.809108815;797.8;18750;74.82311320754715;777.4231132075472;Line 236;1;55.0059473754277
-23.655394091;-46.808865807;802.6;18720;74.70339622641508;777.3033962264151;Line 236;1;55.0059473754277
-23.655241575;-46.8086228;806.8;18690;74.58367924528301;777.183679245283;Line 236;1;55.0059473754277
-23.655089059;-46.808379793;810.1;18660;74.46396226415092;777.063962264151;Line 236;1;55.0059473754277
-23.654936542;-46.808136786;810.7;18630;74.34424528301886;776.9442452830189;Line 236;1;55.0059473754277
-23.654784025;-46.807893781;809.8;18600;74.22452830188678;776.8245283018869;Line 236;1;55.0059473754277
-23.654631507;-46.807650775;808.3;18570;74.10481132075469;776.7048113207547;Line 236;1;55.0059473754277
-23.654478989;-46.807407771;806.4;18540;73.98509433962263;776.5850943396226;Line 236;1;55.0059473754277
-23.654326471;-46.807164767;804.9;18510;73.86537735849055;776.4653773584905;Line 236;1;55.0059473754277
-23.654173952;-46.806921763;804.0;18480;73.74566037735848;776.3456603773585;Line 236;1;55.0059473754277
-23.654021433;-46.80667876;801.2;18450;73.6259433962264;776.2259433962264;Line 236;1;55.0059473754277
-23.653868913;-46.806435758;799.1;18420;73.50622641509432;776.1062264150944;Line 236;1;55.0059473754277
-23.653716393;-46.806192756;796.6;18390;73.38650943396226;775.9865094339623;Line 236;1;55.0059473754277
-23.653563872;-46.805949754;793.6;18360;73.26679245283017;775.8667924528302;Line 236;1;55.0059473754277
-23.653411351;-46.805706754;790.9;18330;73.1470754716981;775.7470754716982;Line 236;1;55.0059473754277
-23.65325883;-46.805463753;790.4;18300;73.02735849056603;775.627358490566;Line 236;1;55.0059473754277
-23.653106308;-46.805220753;791.2;18270;72.90764150943394;775.5076415094339;Line 236;1;55.0059473754277
-23.652953785;-46.804977754;792.5;18240;72.78792452830187;775.3879245283019;Line 236;1;55.0059473754277
-23.652801263;-46.804734756;793.7;18210;72.6682075471698;775.2682075471698;Line 236;1;55.0059473754277
-23.65264874;-46.804491758;794.3;18180;72.54849056603773;775.1484905660377;Line 236;1;55.0059473754277
-23.652496216;-46.80424876;794.4;18150;72.42877358490564;775.0287735849057;Line 236;1;55.0059473754277
-23.652343692;-46.804005763;795.9;18120;72.30905660377357;774.9090566037736;Line 236;1;55.0059473754277
-23.652191168;-46.803762767;797.4;18090;72.1893396226415;774.7893396226415;Line 236;1;55.0059473754277
-23.652038643;-46.803519771;798.4;18060;72.06962264150941;774.6696226415095;Line 236;1;55.0059473754277
-23.651886118;-46.803276775;799.3;18030;71.94990566037735;774.5499056603774;Line 236;1;55.0059473754277
-23.651733592;-46.803033781;801.0;18000;71.83018867924527;774.4301886792452;Line 236;1;55.0059473754277
-23.651581066;-46.802790786;802.2;17970;71.7104716981132;774.3104716981132;Line 236;1;55.0059473754277
-23.65142854;-46.802547793;803.4;17940;71.59075471698112;774.1907547169811;Line 236;1;55.0059473754277
-23.651276013;-46.8023048;803.1;17910;71.47103773584904;774.071037735849;Line 236;1;55.0059473754277
-23.651123486;-46.802061807;801.2;17880;71.35132075471698;773.951320754717;Line 236;1;55.0059473754277
-23.650970958;-46.801818815;798.1;17850;71.2316037735849;773.8316037735849;Line 236;1;55.0059473754277
-23.65081843;-46.801575823;795.8;17820;71.11188679245281;773.7118867924528;Line 236;1;55.0059473754277
-23.650665901;-46.801332833;796.8;17790;70.99216981132075;773.5921698113208;Line 236;1;55.0059473754277
-23.650513372;-46.801089842;796.7;17760;70.87245283018866;773.4724528301887;Line 236;1;55.0059473754277
-23.650360843;-46.800846852;795.6;17730;70.75273584905659;773.3527358490567;Line 236;1;55.0059473754277
-23.650208313;-46.800603863;795.7;17700;70.63301886792452;773.2330188679246;Line 236;1;55.0059473754277
-23.650055783;-46.800360874;797.2;17670;70.51330188679243;773.1133018867924;Line 236;1;55.0059473754277
-23.649903252;-46.800117886;798.4;17640;70.39358490566036;772.9935849056603;Line 236;1;55.0059473754277
-23.649750721;-46.799874898;797.1;17610;70.27386792452829;772.8738679245283;Line 236;1;55.0059473754277
-23.64959819;-46.799631911;795.5;17580;70.15415094339622;772.7541509433962;Line 236;1;55.0059473754277
-23.649445658;-46.799388925;794.7;17550;70.03443396226413;772.6344339622642;Line 236;1;55.0059473754277
-23.649293126;-46.799145939;794.4;17520;69.91471698113206;772.5147169811321;Line 236;1;55.0059473754277
-23.649140593;-46.798902953;791.0;17490;69.79499999999999;772.395;Line 236;1;55.0059473754277
-23.64898806;-46.798659968;787.3;17460;69.67528301886792;772.275283018868;Line 236;1;55.0059473754277
-23.648835526;-46.798416984;783.7;17430;69.55556603773584;772.1555660377359;Line 236;1;55.0059473754277
-23.648682992;-46.798174;780.0;17400;69.43584905660376;772.0358490566038;Line 236;1;55.0059473754277
-23.648530458;-46.797931017;776.2;17370;69.31613207547169;771.9161320754718;Line 236;1;55.0059473754277
-23.648377923;-46.797688034;772.1;17340;69.19641509433961;771.7964150943396;Line 236;1;55.0059473754277
-23.648225388;-46.797445052;769.2;17310;69.07669811320753;771.6766981132075;Line 236;0;55.0059473754277
-23.648072852;-46.797202071;767.6;17280;68.95698113207547;771.5569811320755;Line 236;0;55.0059473754277
-23.647920316;-46.79695909;766.9;17250;68.83726415094338;771.4372641509434;Line 236;0;55.0059473754277
-23.64776778;-46.796716109;767.1;17220;68.7175471698113;771.3175471698113;Line 236;0;55.0059473754277
-23.647615243;-46.796473129;768.1;17190;68.59783018867924;771.1978301886793;Line 236;0;55.0059473754277
-23.647462705;-46.79623015;769.6;17160;68.47811320754715;771.0781132075472;Line 236;0;55.0059473754277
-23.647310168;-46.795987171;771.8;17130;68.35839622641508;770.9583962264151;Line 236;1;55.0059473754277
-23.647157629;-46.795744193;774.3;17100;68.23867924528301;770.8386792452831;Line 236;1;55.0059473754277
-23.647005091;-46.795501215;778.6;17070;68.11896226415092;770.718962264151;Line 236;1;55.0059473754277
-23.646852552;-46.795258238;782.9;17040;67.99924528301885;770.5992452830188;Line 236;1;55.0059473754277
-23.646700012;-46.795015261;787.4;17010;67.87952830188678;770.4795283018868;Line 236;1;55.0059473754277
-23.646547473;-46.794772285;786.9;16980;67.75981132075471;770.3598113207547;Line 236;1;55.0059473754277
-23.646394932;-46.794529309;785.8;16950;67.64009433962264;770.2400943396226;Line 236;1;55.0059473754277
-23.646242392;-46.794286334;784.6;16920;67.52037735849055;770.1203773584906;Line 236;1;55.0059473754277
-23.646089851;-46.79404336;783.8;16890;67.40066037735848;770.0006603773585;Line 236;1;55.0059473754277
-23.645937309;-46.793800386;784.3;16860;67.2809433962264;769.8809433962265;Line 236;1;55.0059473754277
-23.645784767;-46.793557412;785.5;16830;67.16122641509433;769.7612264150944;Line 236;1;55.0059473754277
-23.645632225;-46.79331444;785.9;16800;67.04150943396225;769.6415094339623;Line 236;1;55.0059473754277
-23.645479682;-46.793071467;785.3;16770;66.92179245283018;769.5217924528301;Line 236;1;55.0059473754277
-23.645327139;-46.792828496;784.6;16740;66.8020754716981;769.4020754716981;Line 236;1;55.0059473754277
-23.645174595;-46.792585525;783.9;16710;66.68235849056602;769.282358490566;Line 236;1;55.0059473754277
-23.645022051;-46.792342554;781.2;16680;66.56264150943396;769.162641509434;Line 236;1;55.0059473754277
-23.644869507;-46.792099584;775.4;16650;66.44292452830187;769.0429245283019;Line 236;1;55.0059473754277
-23.644716962;-46.791856614;770.5;16620;66.3232075471698;768.9232075471698;Line 236;1;55.0059473754277
-23.644564417;-46.791613645;767.0;16590;66.20349056603773;768.8034905660378;Line 236;0;55.0059473754277
-23.644411871;-46.791370677;765.1;16560;66.08377358490564;768.6837735849057;Line 236;0;55.0059473754277
-23.644259325;-46.791127709;764.2;16530;65.96405660377357;768.5640566037736;Line 236;0;55.0059473754277
-23.644106778;-46.790884742;765.1;16500;65.8443396226415;768.4443396226416;Line 236;0;55.0059473754277
-23.643954231;-46.790641775;765.7;16470;65.72462264150943;768.3246226415094;Line 236;0;55.0059473754277
-23.643801684;-46.790398809;765.6;16440;65.60490566037734;768.2049056603773;Line 236;0;55.0059473754277
-23.643649136;-46.790155843;765.0;16410;65.48518867924527;768.0851886792453;Line 236;0;55.0059473754277
-23.643496588;-46.789912878;764.0;16380;65.3654716981132;767.9654716981132;Line 236;0;55.0059473754277
-23.64334404;-46.789669913;762.5;16350;65.24575471698112;767.8457547169811;Line 236;0;55.0059473754277
-23.643191491;-46.789426949;760.6;16320;65.12603773584905;767.7260377358491;Line 236;0;55.0059473754277
-23.643038941;-46.789183986;758.0;16290;65.00632075471697;767.606320754717;Line 236;0;55.0059473754277
-23.642886391;-46.788941023;758.4;16260;64.8866037735849;767.4866037735849;Line 236;0;55.0059473754277
-23.642733841;-46.78869806;758.3;16230;64.76688679245282;767.3668867924529;Line 236;0;55.0059473754277
-23.64258129;-46.788455099;757.6;16200;64.64716981132074;767.2471698113208;Line 236;0;55.0059473754277
-23.642428739;-46.788212137;757.3;16170;64.52745283018868;767.1274528301888;Line 236;0;55.0059473754277
-23.642276188;-46.787969177;758.1;16140;64.40773584905659;767.0077358490566;Line 236;0;55.0059473754277
-23.642123636;-46.787726216;759.0;16110;64.2880188679245;766.8880188679245;Line 236;0;55.0059473754277
-23.641971083;-46.787483257;760.0;16080;64.16830188679245;766.7683018867924;Line 236;0;55.0059473754277
-23.64181853;-46.787240298;761.2;16050;64.04858490566036;766.6485849056604;Line 236;0;55.0059473754277
-23.641665977;-46.786997339;761.6;16020;63.9288679245283;766.5288679245283;Line 236;0;55.0059473754277
-23.641513424;-46.786754381;761.1;15990;63.80915094339622;766.4091509433963;Line 236;0;55.0059473754277
-23.64136087;-46.786511424;761.1;15960;63.68943396226413;766.2894339622642;Line 236;0;55.0059473754277
-23.641208315;-46.786268467;760.9;15930;63.56971698113207;766.1697169811321;Line 236;0;55.0059473754277
-23.64105576;-46.786025511;760.5;15900;63.44999999999999;766.05;Line 236;0;55.0059473754277
-23.640903205;-46.785782555;759.9;15870;63.33028301886792;765.930283018868;Line 236;0;55.0059473754277
-23.640750649;-46.785539599;760.3;15840;63.21056603773584;765.8105660377358;Line 236;0;55.0059473754277
-23.640598093;-46.785296645;760.7;15810;63.09084905660376;765.6908490566038;Line 236;0;55.0059473754277
-23.640445537;-46.785053691;760.9;15780;62.971132075471694;765.5711320754717;Line 236;0;55.0059473754277
-23.64029298;-46.784810737;760.0;15750;62.85141509433961;765.4514150943396;Line 236;0;55.0059473754277
-23.640140422;-46.784567784;758.7;15720;62.73169811320754;765.3316981132076;Line 236;0;55.0059473754277
-23.639987864;-46.784324832;757.1;15690;62.611981132075464;765.2119811320755;Line 236;0;55.0059473754277
-23.639835306;-46.78408188;756.6;15660;62.49226415094338;765.0922641509434;Line 236;0;55.0059473754277
-23.639682748;-46.783838928;756.3;15630;62.37254716981131;764.9725471698114;Line 236;0;55.0059473754277
-23.639530189;-46.783595977;755.9;15600;62.25283018867923;764.8528301886793;Line 236;0;55.0059473754277
-23.639377629;-46.783353027;755.3;15570;62.13311320754716;764.7331132075471;Line 236;0;55.0059473754277
-23.639225069;-46.783110077;754.6;15540;62.01339622641508;764.6133962264151;Line 236;0;55.0059473754277
-23.639072509;-46.782867128;754.1;15510;61.893679245283;764.493679245283;Line 236;0;55.0059473754277
-23.638919948;-46.782624179;753.6;15480;61.77396226415094;764.3739622641509;Line 236;0;55.0059473754277
-23.638767387;-46.782381231;752.8;15450;61.65424528301885;764.2542452830189;Line 236;0;55.0059473754277
-23.638614825;-46.782138284;752.2;15420;61.53452830188679;764.1345283018868;Line 236;0;55.0059473754277
-23.638462263;-46.781895337;752.3;15390;61.41481132075471;764.0148113207547;Line 236;0;55.0059473754277
-23.638309701;-46.78165239;753.1;15360;61.29509433962262;763.8950943396227;Line 236;0;55.0059473754277
-23.638157138;-46.781409444;753.5;15330;61.17537735849056;763.7753773584906;Line 236;0;55.0059473754277
-23.638004575;-46.781166499;754.0;15300;61.05566037735848;763.6556603773585;Line 236;0;55.0059473754277
-23.637852011;-46.780923554;754.7;15270;60.935943396226406;763.5359433962265;Line 236;0;55.0059473754277
-23.637699447;-46.78068061;755.9;15240;60.81622641509433;763.4162264150943;Line 236;0;55.0059473754277
-23.637546883;-46.780437666;756.9;15210;60.69650943396225;763.2965094339622;Line 236;0;55.0059473754277
-23.637394318;-46.780194723;757.0;15180;60.57679245283018;763.1767924528302;Line 236;0;55.0059473754277
-23.637241753;-46.77995178;756.1;15150;60.4570754716981;763.0570754716981;Line 236;0;55.0059473754277
-23.637089187;-46.779708838;754.9;15120;60.33735849056603;762.9373584905661;Line 236;0;55.0059473754277
-23.636936621;-46.779465897;753.3;15090;60.21764150943395;762.817641509434;Line 236;0;55.0059473754277
-23.636784054;-46.779222956;751.4;15060;60.097924528301874;762.6979245283019;Line 236;0;55.0059473754277
-23.636631487;-46.778980015;750.8;15030;59.9782075471698;762.5782075471698;Line 236;0;55.0059473754277
-23.63647892;-46.778737076;751.5;15000;59.85849056603772;762.4584905660378;Line 236;0;55.0059473754277
-23.636326352;-46.778494136;751.6;14970;59.73877358490565;762.3387735849057;Line 236;0;55.0059473754277
-23.636173784;-46.778251198;751.4;14940;59.61905660377357;762.2190566037737;Line 236;0;55.0059473754277
-23.636021215;-46.778008259;751.4;14910;59.4993396226415;762.0993396226415;Line 236;0;55.0059473754277
-23.635868646;-46.777765322;751.3;14880;59.37962264150943;761.9796226415094;Line 236;0;55.0059473754277
-23.635716076;-46.777522384;751.6;14850;59.25990566037734;761.8599056603773;Line 236;0;55.0059473754277
-23.635563506;-46.777279448;752.1;14820;59.14018867924527;761.7401886792453;Line 236;0;55.0059473754277
-23.635410936;-46.777036512;752.7;14790;59.0204716981132;761.6204716981132;Line 236;0;55.0059473754277
-23.635258365;-46.776793576;753.2;14760;58.900754716981126;761.5007547169812;Line 236;0;55.0059473754277
-23.635105794;-46.776550641;753.7;14730;58.78103773584905;761.3810377358491;Line 236;0;55.0059473754277
-23.634953223;-46.776307707;754.2;14700;58.66132075471697;761.261320754717;Line 236;0;55.0059473754277
-23.634800651;-46.776064773;754.8;14670;58.541603773584896;761.141603773585;Line 236;0;55.0059473754277
-23.634648078;-46.77582184;755.2;14640;58.42188679245282;761.0218867924528;Line 236;0;55.0059473754277
-23.634495505;-46.775578907;755.9;14610;58.302169811320745;760.9021698113207;Line 236;0;55.0059473754277
-23.634342932;-46.775335975;756.5;14580;58.18245283018867;760.7824528301887;Line 236;0;55.0059473754277
-23.634190358;-46.775093043;756.8;14550;58.062735849056594;760.6627358490566;Line 236;0;55.0059473754277
-23.634037784;-46.774850112;757.4;14520;57.943018867924515;760.5430188679245;Line 236;0;55.0059473754277
-23.63388521;-46.774607182;757.6;14490;57.82330188679244;760.4233018867925;Line 236;0;55.0059473754277
-23.633732635;-46.774364252;757.3;14460;57.70358490566037;760.3035849056604;Line 236;0;55.0059473754277
-23.63358006;-46.774121322;756.5;14430;57.58386792452829;760.1838679245283;Line 236;0;55.0059473754277
-23.633427484;-46.773878394;755.7;14400;57.46415094339621;760.0641509433963;Line 236;0;55.0059473754277
-23.633274908;-46.773635465;754.9;14370;57.34443396226414;759.9444339622642;Line 236;0;55.0059473754277
-23.633122331;-46.773392537;754.5;14340;57.22471698113206;759.824716981132;Line 236;0;55.0059473754277
-23.632969754;-46.77314961;755.1;14310;57.10499999999999;759.705;Line 236;0;55.0059473754277
-23.632817177;-46.772906683;755.6;14280;56.98528301886792;759.5852830188679;Line 236;0;55.0059473754277
-23.632664599;-46.772663757;755.6;14250;56.86556603773584;759.4655660377358;Line 236;0;55.0059473754277
-23.63251202;-46.772420832;755.8;14220;56.74584905660376;759.3458490566038;Line 236;0;55.0059473754277
-23.632359442;-46.772177907;757.0;14190;56.62613207547169;759.2261320754717;Line 236;0;55.0059473754277
-23.632206863;-46.771934982;757.9;14160;56.506415094339616;759.1064150943396;Line 236;0;55.0059473754277
-23.632054283;-46.771692058;758.1;14130;56.38669811320754;758.9866981132076;Line 236;0;55.0059473754277
-23.631901703;-46.771449135;757.9;14100;56.26698113207546;758.8669811320755;Line 236;0;55.0059473754277
-23.631749123;-46.771206212;757.8;14070;56.147264150943386;758.7472641509435;Line 236;0;55.0059473754277
-23.631596542;-46.77096329;758.4;14040;56.02754716981131;758.6275471698114;Line 236;0;55.0059473754277
-23.631443961;-46.770720368;758.8;14010;55.907830188679235;758.5078301886792;Line 236;1;55.0059473754277
-23.631291379;-46.770477447;758.2;13980;55.78811320754716;758.3881132075472;Line 236;0;55.0059473754277
-23.631138797;-46.770234526;757.4;13950;55.66839622641509;758.2683962264151;Line 236;0;55.0059473754277
-23.630986215;-46.769991606;756.3;13920;55.548679245283004;758.148679245283;Line 236;0;55.0059473754277
-23.630833632;-46.769748686;754.5;13890;55.42896226415093;758.028962264151;Line 236;0;55.0059473754277
-23.630681049;-46.769505767;752.6;13860;55.30924528301886;757.9092452830189;Line 236;0;55.0059473754277
-23.630528465;-46.769262849;751.0;13830;55.18952830188678;757.7895283018868;Line 236;0;55.0059473754277
-23.630375881;-46.769019931;750.7;13800;55.06981132075471;757.6698113207548;Line 236;0;55.0059473754277
-23.630223296;-46.768777014;751.3;13770;54.95009433962263;757.5500943396227;Line 236;0;55.0059473754277
-23.630070712;-46.768534097;752.2;13740;54.83037735849056;757.4303773584905;Line 236;0;55.0059473754277
-23.629918126;-46.768291181;752.8;13710;54.71066037735848;757.3106603773585;Line 236;0;55.0059473754277
-23.62976554;-46.768048265;752.9;13680;54.59094339622641;757.1909433962264;Line 236;0;55.0059473754277
-23.629612954;-46.76780535;753.2;13650;54.471226415094335;757.0712264150943;Line 236;0;55.0059473754277
-23.629460368;-46.767562435;753.5;13620;54.35150943396225;756.9515094339623;Line 236;0;55.0059473754277
-23.629307781;-46.767319521;754.2;13590;54.23179245283018;756.8317924528302;Line 236;0;55.0059473754277
-23.629155193;-46.767076608;755.0;13560;54.112075471698105;756.7120754716981;Line 236;0;55.0059473754277
-23.629002605;-46.766833695;755.8;13530;53.992358490566026;756.5923584905661;Line 236;0;55.0059473754277
-23.628850017;-46.766590782;756.6;13500;53.872641509433954;756.472641509434;Line 236;1;55.0059473754277
-23.628697428;-46.76634787;757.1;13470;53.752924528301875;756.3529245283019;Line 236;1;55.0059473754277
-23.628544839;-46.766104959;757.4;13440;53.6332075471698;756.2332075471699;Line 236;1;55.0059473754277
-23.62839225;-46.765862048;757.3;13410;53.513490566037724;756.1134905660377;Line 236;1;55.0059473754277
-23.62823966;-46.765619138;757.2;13380;53.39377358490565;755.9937735849056;Line 236;1;55.0059473754277
-23.628087069;-46.765376228;757.0;13350;53.27405660377358;755.8740566037736;Line 236;1;55.0059473754277
-23.627934479;-46.765133319;756.7;13320;53.154339622641494;755.7543396226415;Line 236;1;55.0059473754277
-23.627781887;-46.764890411;756.9;13290;53.03462264150942;755.6346226415094;Line 236;1;55.0059473754277
-23.627629296;-46.764647503;757.8;13260;52.91490566037735;755.5149056603774;Line 236;1;55.0059473754277
-23.627476704;-46.764404595;758.9;13230;52.79518867924528;755.3951886792453;Line 236;1;55.0059473754277
-23.627324111;-46.764161688;760.2;13200;52.6754716981132;755.2754716981133;Line 236;1;55.0059473754277
-23.627171518;-46.763918782;760.6;13170;52.55575471698112;755.1557547169812;Line 236;1;55.0059473754277
-23.627018925;-46.763675876;760.5;13140;52.43603773584905;755.036037735849;Line 236;1;55.0059473754277
-23.626866331;-46.763432971;759.9;13110;52.31632075471697;754.9163207547169;Line 236;1;55.0059473754277
-23.626713737;-46.763190066;758.4;13080;52.1966037735849;754.7966037735849;Line 236;1;55.0059473754277
-23.626561143;-46.762947162;756.8;13050;52.076886792452825;754.6768867924528;Line 236;1;55.0059473754277
-23.626408548;-46.762704258;755.4;13020;51.957169811320746;754.5571698113208;Line 236;1;55.0059473754277
-23.626255952;-46.762461355;753.8;12990;51.83745283018867;754.4374528301887;Line 236;0;55.0059473754277
-23.626103357;-46.762218452;751.5;12960;51.717735849056595;754.3177358490566;Line 236;0;55.0059473754277
-23.62595076;-46.761975551;749.6;12930;51.59801886792452;754.1980188679246;Line 236;0;55.0059473754277
-23.625798164;-46.761732649;748.3;12900;51.478301886792444;754.0783018867925;Line 236;0;55.0059473754277
-23.625645567;-46.761489748;748.6;12870;51.358584905660365;753.9585849056604;Line 236;0;55.0059473754277
-23.625492969;-46.761246848;749.8;12840;51.23886792452829;753.8388679245284;Line 236;0;55.0059473754277
-23.625340372;-46.761003948;751.7;12810;51.119150943396214;753.7191509433962;Line 236;0;55.0059473754277
-23.625187773;-46.760761049;754.8;12780;50.99943396226414;753.5994339622641;Line 236;1;55.0059473754277
-23.625035175;-46.76051815;759.7;12750;50.87971698113207;753.4797169811321;Line 236;1;55.0059473754277
-23.624882575;-46.760275252;763.6;12720;50.75999999999999;753.36;Line 236;1;55.0059473754277
-23.624729976;-46.760032354;766.9;12690;50.64028301886791;753.2402830188679;Line 236;1;55.0059473754277
-23.624577376;-46.759789457;768.3;12660;50.52056603773584;753.1205660377359;Line 236;1;55.0059473754277
-23.624424776;-46.759546561;769.7;12630;50.40084905660377;753.0008490566038;Line 236;1;55.0059473754277
-23.624272175;-46.759303665;771.6;12600;50.28113207547169;752.8811320754717;Line 236;1;55.0059473754277
-23.624119574;-46.759060769;773.1;12570;50.16141509433961;752.7614150943397;Line 236;1;55.0059473754277
-23.623966972;-46.758817875;773.3;12540;50.04169811320754;752.6416981132076;Line 236;1;55.0059473754277
-23.62381437;-46.75857498;773.6;12510;49.921981132075466;752.5219811320754;Line 236;1;55.0059473754277
-23.623661767;-46.758332087;774.2;12480;49.80226415094339;752.4022641509434;Line 236;1;55.0059473754277
-23.623509165;-46.758089193;774.7;12450;49.682547169811315;752.2825471698113;Line 236;1;55.0059473754277
-23.623356561;-46.757846301;775.4;12420;49.562830188679236;752.1628301886792;Line 236;1;55.0059473754277
-23.623203958;-46.757603409;775.2;12390;49.44311320754716;752.0431132075472;Line 236;1;55.0059473754277
-23.623051353;-46.757360517;774.8;12360;49.323396226415085;751.9233962264151;Line 236;1;55.0059473754277
-23.622898749;-46.757117626;774.2;12330;49.20367924528301;751.8036792452831;Line 236;1;55.0059473754277
-23.622746144;-46.756874736;773.6;12300;49.083962264150934;751.683962264151;Line 236;1;55.0059473754277
-23.622593539;-46.756631846;773.0;12270;48.964245283018855;751.5642452830189;Line 236;1;55.0059473754277
-23.622440933;-46.756388956;772.2;12240;48.84452830188678;751.4445283018867;Line 236;1;55.0059473754277
-23.622288327;-46.756146067;771.7;12210;48.72481132075471;751.3248113207547;Line 236;1;55.0059473754277
-23.62213572;-46.755903179;771.2;12180;48.60509433962263;751.2050943396226;Line 236;1;55.0059473754277
-23.621983113;-46.755660291;771.2;12150;48.48537735849056;751.0853773584906;Line 236;1;55.0059473754277
-23.621830505;-46.755417404;771.8;12120;48.36566037735848;750.9656603773585;Line 236;1;55.0059473754277
-23.621677898;-46.755174518;772.8;12090;48.2459433962264;750.8459433962264;Line 236;1;55.0059473754277
-23.621525289;-46.754931632;774.3;12060;48.12622641509433;750.7262264150944;Line 236;1;55.0059473754277
-23.621372681;-46.754688746;775.6;12030;48.00650943396226;750.6065094339623;Line 236;1;55.0059473754277
-23.621220071;-46.754445861;776.1;12000;47.88679245283018;750.4867924528302;Line 236;1;55.0059473754277
-23.621067462;-46.754202977;775.7;11970;47.76707547169811;750.3670754716982;Line 236;1;55.0059473754277
-23.620914852;-46.753960093;774.0;11940;47.64735849056603;750.2473584905661;Line 236;1;55.0059473754277
-23.620762242;-46.753717209;772.5;11910;47.527641509433955;750.1276415094339;Line 236;1;55.0059473754277
-23.620609631;-46.753474327;771.8;11880;47.407924528301876;750.0079245283019;Line 236;1;55.0059473754277
-23.62045702;-46.753231444;771.5;11850;47.288207547169804;749.8882075471698;Line 236;1;55.0059473754277
-23.620304408;-46.752988563;771.7;11820;47.16849056603773;749.7684905660377;Line 236;1;55.0059473754277
-23.620151796;-46.752745682;772.2;11790;47.048773584905646;749.6487735849057;Line 236;1;55.0059473754277
-23.619999183;-46.752502801;773.0;11760;46.929056603773574;749.5290566037736;Line 236;1;55.0059473754277
-23.619846571;-46.752259921;775.2;11730;46.8093396226415;749.4093396226415;Line 236;1;55.0059473754277
-23.619693957;-46.752017042;777.4;11700;46.68962264150943;749.2896226415095;Line 236;1;55.0059473754277
-23.619541344;-46.751774163;779.4;11670;46.56990566037735;749.1699056603774;Line 236;1;55.0059473754277
-23.619388729;-46.751531284;779.0;11640;46.45018867924527;749.0501886792453;Line 236;1;55.0059473754277
-23.619236115;-46.751288406;775.8;11610;46.3304716981132;748.9304716981133;Line 236;1;55.0059473754277
-23.6190835;-46.751045529;771.0;11580;46.21075471698112;748.8107547169811;Line 236;1;55.0059473754277
-23.618930885;-46.750802652;766.2;11550;46.09103773584905;748.691037735849;Line 236;1;55.0059473754277
-23.618778269;-46.750559776;763.1;11520;45.97132075471698;748.571320754717;Line 236;1;55.0059473754277
-23.618625653;-46.750316901;760.6;11490;45.8516037735849;748.4516037735849;Line 236;1;55.0059473754277
-23.618473036;-46.750074025;758.8;11460;45.73188679245282;748.3318867924528;Line 236;1;55.0059473754277
-23.618320419;-46.749831151;757.9;11430;45.61216981132075;748.2121698113208;Line 236;1;55.0059473754277
-23.618167801;-46.749588277;758.8;11400;45.492452830188675;748.0924528301887;Line 236;1;55.0059473754277
-23.618015184;-46.749345403;760.2;11370;45.372735849056596;747.9727358490566;Line 236;1;55.0059473754277
-23.617862565;-46.749102531;762.5;11340;45.25301886792452;747.8530188679246;Line 236;1;55.0059473754277
-23.617709947;-46.748859658;765.1;11310;45.133301886792445;747.7333018867924;Line 236;1;55.0059473754277
-23.617557327;-46.748616786;767.0;11280;45.013584905660366;747.6135849056604;Line 236;1;55.0059473754277
-23.617404708;-46.748373915;768.8;11250;44.893867924528294;747.4938679245283;Line 236;1;55.0059473754277
-23.617252088;-46.748131044;771.7;11220;44.77415094339622;747.3741509433962;Line 236;1;55.0059473754277
-23.617099468;-46.747888174;774.3;11190;44.65443396226414;747.2544339622642;Line 236;1;55.0059473754277
-23.616946847;-46.747645305;776.3;11160;44.534716981132064;747.1347169811321;Line 236;1;55.0059473754277
-23.616794226;-46.747402436;778.6;11130;44.41499999999999;747.015;Line 236;1;55.0059473754277
-23.616641604;-46.747159567;781.8;11100;44.29528301886792;746.895283018868;Line 236;1;55.0059473754277
-23.616488982;-46.746916699;785.3;11070;44.17556603773584;746.7755660377359;Line 236;1;55.0059473754277
-23.616336359;-46.746673832;788.9;11040;44.05584905660376;746.6558490566038;Line 236;1;55.0059473754277
-23.616183737;-46.746430965;789.9;11010;43.93613207547169;746.5361320754718;Line 236;1;55.0059473754277
-23.616031113;-46.746188099;790.3;10980;43.81641509433962;746.4164150943396;Line 236;1;55.0059473754277
-23.61587849;-46.745945233;790.2;10950;43.69669811320754;746.2966981132075;Line 236;1;55.0059473754277
-23.615725865;-46.745702368;786.7;10920;43.57698113207547;746.1769811320755;Line 236;1;55.0059473754277
-23.615573241;-46.745459503;781.6;10890;43.45726415094339;746.0572641509434;Line 236;1;55.0059473754277
-23.615420616;-46.745216639;777.3;10860;43.33754716981131;745.9375471698113;Line 236;1;55.0059473754277
-23.615267991;-46.744973775;773.8;10830;43.21783018867924;745.8178301886793;Line 236;1;55.0059473754277
-23.615115365;-46.744730912;772.3;10800;43.098113207547165;745.6981132075472;Line 236;1;55.0059473754277
-23.614962739;-46.74448805;771.3;10770;42.978396226415086;745.5783962264151;Line 236;1;55.0059473754277
-23.614810112;-46.744245188;771.3;10740;42.85867924528301;745.4586792452831;Line 236;1;55.0059473754277
-23.614657485;-46.744002327;770.8;10710;42.738962264150935;745.338962264151;Line 236;1;55.0059473754277
-23.614504857;-46.743759466;769.6;10680;42.61924528301886;745.2192452830188;Line 236;1;55.0059473754277
-23.61435223;-46.743516605;767.7;10650;42.499528301886784;745.0995283018868;Line 236;1;55.0059473754277
-23.614199601;-46.743273746;765.2;10620;42.37981132075471;744.9798113207547;Line 236;1;55.0059473754277
-23.614046973;-46.743030887;762.0;10590;42.26009433962263;744.8600943396226;Line 236;1;55.0059473754277
-23.613894344;-46.742788028;758.4;10560;42.140377358490554;744.7403773584906;Line 236;1;55.0059473754277
-23.613741714;-46.74254517;754.6;10530;42.02066037735848;744.6206603773585;Line 236;1;55.0059473754277
-23.613589084;-46.742302312;753.9;10500;41.90094339622641;744.5009433962264;Line 236;1;55.0059473754277
-23.613436454;-46.742059455;754.3;10470;41.78122641509434;744.3812264150944;Line 236;1;55.0059473754277
-23.613283823;-46.741816599;755.1;10440;41.66150943396225;744.2615094339623;Line 236;1;55.0059473754277
-23.613131192;-46.741573743;756.4;10410;41.54179245283018;744.1417924528303;Line 236;1;55.0059473754277
-23.61297856;-46.741330888;758.9;10380;41.42207547169811;744.0220754716981;Line 236;1;55.0059473754277
-23.612825928;-46.741088033;760.7;10350;41.30235849056603;743.902358490566;Line 236;1;55.0059473754277
-23.612673296;-46.740845179;761.9;10320;41.18264150943396;743.782641509434;Line 236;1;55.0059473754277
-23.612520663;-46.740602325;764.4;10290;41.06292452830188;743.6629245283019;Line 236;1;55.0059473754277
-23.612368029;-46.740359472;767.7;10260;40.9432075471698;743.5432075471698;Line 236;1;55.0059473754277
-23.612215396;-46.740116619;769.5;10230;40.82349056603773;743.4234905660378;Line 236;1;55.0059473754277
-23.612062762;-46.739873767;769.4;10200;40.703773584905655;743.3037735849057;Line 236;1;55.0059473754277
-23.611910127;-46.739630916;768.0;10170;40.58405660377358;743.1840566037736;Line 236;1;55.0059473754277
-23.611757492;-46.739388065;765.7;10140;40.4643396226415;743.0643396226416;Line 236;1;55.0059473754277
-23.611604857;-46.739145214;764.5;10110;40.344622641509424;742.9446226415095;Line 236;1;55.0059473754277
-23.611452221;-46.738902364;768.4;10080;40.22490566037735;742.8249056603773;Line 236;1;55.0059473754277
-23.611299585;-46.738659515;772.0;10050;40.10518867924527;742.7051886792453;Line 236;1;55.0059473754277
-23.611146948;-46.738416666;775.3;10020;39.9854716981132;742.5854716981132;Line 236;1;55.0059473754277
-23.610994311;-46.738173818;778.2;9990;39.86575471698113;742.4657547169811;Line 236;1;55.0059473754277
-23.610841674;-46.737930971;781.3;9960;39.74603773584905;742.3460377358491;Line 236;1;55.0059473754277
-23.610689036;-46.737688123;784.8;9930;39.62632075471697;742.226320754717;Line 236;1;55.0059473754277
-23.610536398;-46.737445277;787.3;9900;39.5066037735849;742.1066037735849;Line 236;1;55.0059473754277
-23.610383759;-46.737202431;788.1;9870;39.38688679245283;741.9868867924529;Line 236;1;55.0059473754277
-23.61023112;-46.736959585;787.7;9840;39.26716981132075;741.8671698113208;Line 236;1;55.0059473754277
-23.61007848;-46.736716741;786.1;9810;39.14745283018867;741.7474528301886;Line 236;1;55.0059473754277
-23.60992584;-46.736473896;787.9;9780;39.0277358490566;741.6277358490566;Line 236;1;55.0059473754277
-23.6097732;-46.736231052;790.4;9750;38.90801886792452;741.5080188679245;Line 236;1;55.0059473754277
-23.609620559;-46.735988209;791.8;9720;38.788301886792446;741.3883018867924;Line 236;1;55.0059473754277
-23.609467918;-46.735745366;792.9;9690;38.668584905660374;741.2685849056604;Line 236;1;55.0059473754277
-23.609315276;-46.735502524;794.9;9660;38.548867924528295;741.1488679245283;Line 236;1;55.0059473754277
-23.609162634;-46.735259683;796.7;9630;38.429150943396216;741.0291509433962;Line 236;1;55.0059473754277
-23.609009992;-46.735016842;800.8;9600;38.309433962264144;740.9094339622642;Line 236;1;55.0059473754277
-23.608857349;-46.734774001;799.0;9570;38.18971698113207;740.7897169811321;Line 236;1;55.0059473754277
-23.608704706;-46.734531161;795.6;9540;38.06999999999999;740.6700000000001;Line 236;1;55.0059473754277
-23.608552062;-46.734288322;790.9;9510;37.950283018867914;740.550283018868;Line 236;1;55.0059473754277
-23.608399418;-46.734045483;785.9;9480;37.83056603773584;740.4305660377358;Line 236;1;55.0059473754277
-23.608246773;-46.733802644;782.7;9450;37.71084905660377;740.3108490566038;Line 236;1;55.0059473754277
-23.608094129;-46.733559807;780.1;9420;37.59113207547169;740.1911320754717;Line 236;1;55.0059473754277
-23.607941483;-46.733316969;777.5;9390;37.47141509433962;740.0714150943396;Line 236;1;55.0059473754277
-23.607788837;-46.733074133;775.6;9360;37.35169811320754;739.9516981132076;Line 236;1;55.0059473754277
-23.607636191;-46.732831297;773.9;9330;37.23198113207546;739.8319811320755;Line 236;1;55.0059473754277
-23.607483545;-46.732588461;772.4;9300;37.11226415094339;739.7122641509434;Line 236;1;55.0059473754277
-23.607330898;-46.732345626;773.1;9270;36.99254716981132;739.5925471698114;Line 236;1;55.0059473754277
-23.60717825;-46.732102791;775.1;9240;36.87283018867924;739.4728301886793;Line 236;1;55.0059473754277
-23.607025602;-46.731859958;776.7;9210;36.75311320754716;739.3531132075472;Line 236;1;55.0059473754277
-23.606872954;-46.731617124;778.0;9180;36.63339622641509;739.2333962264152;Line 236;1;55.0059473754277
-23.606720305;-46.731374291;779.5;9150;36.513679245283015;739.113679245283;Line 236;1;55.0059473754277
-23.606567656;-46.731131459;780.9;9120;36.393962264150936;738.9939622641509;Line 236;1;55.0059473754277
-23.606415007;-46.730888627;781.8;9090;36.274245283018864;738.8742452830189;Line 236;1;55.0059473754277
-23.606262357;-46.730645796;780.3;9060;36.154528301886785;738.7545283018868;Line 236;1;55.0059473754277
-23.606109707;-46.730402965;777.9;9030;36.034811320754706;738.6348113207547;Line 236;1;55.0059473754277
-23.605957056;-46.730160135;775.3;9000;35.915094339622634;738.5150943396227;Line 236;1;55.0059473754277
-23.605804405;-46.729917306;772.9;8970;35.79537735849056;738.3953773584906;Line 236;1;55.0059473754277
-23.605651753;-46.729674477;773.1;8940;35.67566037735849;738.2756603773585;Line 236;1;55.0059473754277
-23.605499101;-46.729431648;774.3;8910;35.555943396226404;738.1559433962265;Line 236;1;55.0059473754277
-23.605346449;-46.72918882;776.4;8880;35.43622641509433;738.0362264150943;Line 236;1;55.0059473754277
-23.605193796;-46.728945993;780.8;8850;35.31650943396226;737.9165094339622;Line 236;1;55.0059473754277
-23.605041142;-46.728703166;785.4;8820;35.19679245283018;737.7967924528302;Line 236;1;55.0059473754277
-23.604888489;-46.72846034;789.1;8790;35.07707547169811;737.6770754716981;Line 236;1;55.0059473754277
-23.604735835;-46.728217514;790.8;8760;34.95735849056603;737.557358490566;Line 236;1;55.0059473754277
-23.60458318;-46.727974689;790.7;8730;34.83764150943396;737.437641509434;Line 236;1;55.0059473754277
-23.604430525;-46.727731865;790.5;8700;34.71792452830188;737.3179245283019;Line 236;1;55.0059473754277
-23.60427787;-46.727489041;790.2;8670;34.59820754716981;737.1982075471699;Line 236;1;55.0059473754277
-23.604125214;-46.727246217;787.6;8640;34.478490566037735;737.0784905660378;Line 236;1;55.0059473754277
-23.603972558;-46.727003394;784.2;8610;34.35877358490565;736.9587735849057;Line 236;1;55.0059473754277
-23.603819901;-46.726760572;780.3;8580;34.23905660377358;736.8390566037735;Line 236;1;55.0059473754277
-23.603667244;-46.72651775;777.6;8550;34.119339622641505;736.7193396226415;Line 236;1;55.0059473754277
-23.603514587;-46.726274928;776.0;8520;33.999622641509426;736.5996226415094;Line 236;1;55.0059473754277
-23.603361929;-46.726032108;774.3;8490;33.879905660377354;736.4799056603774;Line 236;1;55.0059473754277
-23.603209271;-46.725789287;774.4;8460;33.760188679245275;736.3601886792453;Line 236;1;55.0059473754277
-23.603056612;-46.725546468;777.8;8430;33.6404716981132;736.2404716981132;Line 236;1;55.0059473754277
-23.602903953;-46.725303649;780.7;8400;33.52075471698112;736.1207547169812;Line 236;1;55.0059473754277
-23.602751294;-46.72506083;782.9;8370;33.40103773584905;736.0010377358491;Line 236;1;55.0059473754277
-23.602598634;-46.724818012;784.0;8340;33.28132075471698;735.881320754717;Line 236;1;55.0059473754277
-23.602445974;-46.724575195;785.0;8310;33.1616037735849;735.761603773585;Line 236;1;55.0059473754277
-23.602293313;-46.724332378;785.4;8280;33.04188679245282;735.6418867924529;Line 236;1;55.0059473754277
-23.602140652;-46.724089561;784.8;8250;32.92216981132075;735.5221698113207;Line 236;1;55.0059473754277
-23.60198799;-46.723846745;783.5;8220;32.80245283018867;735.4024528301887;Line 236;1;55.0059473754277
-23.601835328;-46.72360393;781.7;8190;32.6827358490566;735.2827358490566;Line 236;1;55.0059473754277
-23.601682666;-46.723361115;779.3;8160;32.56301886792453;735.1630188679245;Line 236;1;55.0059473754277
-23.601530003;-46.723118301;776.9;8130;32.44330188679245;735.0433018867925;Line 236;1;55.0059473754277
-23.60137734;-46.722875488;774.3;8100;32.32358490566037;734.9235849056604;Line 236;1;55.0059473754277
-23.601224676;-46.722632675;771.3;8070;32.203867924528296;734.8038679245283;Line 236;1;55.0059473754277
-23.601072012;-46.722389862;768.2;8040;32.084150943396224;734.6841509433963;Line 236;1;55.0059473754277
-23.600919347;-46.72214705;766.3;8010;31.96443396226415;734.5644339622642;Line 236;1;55.0059473754277
-23.600766683;-46.721904239;765.5;7980;31.844716981132066;734.444716981132;Line 236;1;55.0059473754277
-23.600614017;-46.721661428;764.6;7950;31.724999999999994;734.325;Line 236;1;55.0059473754277
-23.600461352;-46.721418617;761.4;7920;31.60528301886792;734.2052830188679;Line 236;1;55.0059473754277
-23.600308685;-46.721175808;759.0;7890;31.485566037735847;734.0855660377358;Line 236;1;55.0059473754277
-23.600156019;-46.720932998;757.5;7860;31.36584905660377;733.9658490566038;Line 236;1;55.0059473754277
-23.600003352;-46.72069019;755.5;7830;31.24613207547169;733.8461320754717;Line 236;1;55.0059473754277
-23.599850684;-46.720447381;752.4;7800;31.126415094339617;733.7264150943396;Line 236;1;55.0059473754277
-23.599698017;-46.720204574;749.6;7770;31.00669811320754;733.6066981132076;Line 236;1;55.0059473754277
-23.599545348;-46.719961767;747.8;7740;30.88698113207547;733.4869811320755;Line 236;1;55.0059473754277
-23.59939268;-46.71971896;749.5;7710;30.767264150943394;733.3672641509435;Line 236;1;55.0059473754277
-23.599240011;-46.719476154;751.0;7680;30.64754716981131;733.2475471698114;Line 236;1;55.0059473754277
-23.599087341;-46.719233349;752.1;7650;30.52783018867924;733.1278301886792;Line 236;1;55.0059473754277
-23.598934671;-46.718990544;753.4;7620;30.408113207547164;733.0081132075472;Line 236;1;55.0059473754277
-23.598782001;-46.71874774;755.6;7590;30.28839622641509;732.8883962264151;Line 236;1;55.0059473754277
-23.59862933;-46.718504936;758.4;7560;30.168679245283016;732.768679245283;Line 236;1;55.0059473754277
-23.598476659;-46.718262133;761.2;7530;30.048962264150937;732.648962264151;Line 236;1;55.0059473754277
-23.598323988;-46.71801933;762.5;7500;29.92924528301886;732.5292452830189;Line 236;1;55.0059473754277
-23.598171316;-46.717776528;763.7;7470;29.809528301886786;732.4095283018868;Line 236;1;55.0059473754277
-23.598018643;-46.717533726;765.2;7440;29.689811320754714;732.2898113207548;Line 236;1;55.0059473754277
-23.597865971;-46.717290925;767.1;7410;29.570094339622635;732.1700943396227;Line 236;1;55.0059473754277
-23.597713297;-46.717048125;769.5;7380;29.450377358490563;732.0503773584906;Line 236;1;55.0059473754277
-23.597560624;-46.716805325;772.4;7350;29.330660377358484;731.9306603773585;Line 236;1;55.0059473754277
-23.59740795;-46.716562526;775.5;7320;29.21094339622641;731.8109433962264;Line 236;1;55.0059473754277
-23.597255275;-46.716319727;778.7;7290;29.091226415094336;731.6912264150943;Line 236;1;55.0059473754277
-23.5971026;-46.716076929;781.5;7260;28.971509433962257;731.5715094339623;Line 236;1;55.0059473754277
-23.596949925;-46.715834131;784.0;7230;28.851792452830185;731.4517924528302;Line 236;1;55.0059473754277
-23.596797249;-46.715591334;783.6;7200;28.732075471698106;731.3320754716981;Line 236;1;55.0059473754277
-23.596644573;-46.715348537;782.0;7170;28.61235849056603;731.2123584905661;Line 236;1;55.0059473754277
-23.596491897;-46.715105741;779.0;7140;28.49264150943396;731.092641509434;Line 236;1;55.0059473754277
-23.59633922;-46.714862945;774.8;7110;28.37292452830188;730.9729245283019;Line 236;1;55.0059473754277
-23.596186542;-46.71462015;770.1;7080;28.253207547169808;730.8532075471699;Line 236;1;55.0059473754277
-23.596033865;-46.714377356;765.6;7050;28.13349056603773;730.7334905660377;Line 236;1;55.0059473754277
-23.595881186;-46.714134562;761.6;7020;28.013773584905653;730.6137735849056;Line 236;1;55.0059473754277
-23.595728508;-46.713891769;762.2;6990;27.89405660377358;730.4940566037736;Line 236;1;55.0059473754277
-23.595575829;-46.713648976;764.3;6960;27.774339622641502;730.3743396226415;Line 236;1;55.0059473754277
-23.595423149;-46.713406184;767.4;6930;27.65462264150943;730.2546226415094;Line 236;1;55.0059473754277
-23.59527047;-46.713163392;771.7;6900;27.534905660377355;730.1349056603774;Line 236;1;55.0059473754277
-23.595117789;-46.712920601;776.5;6870;27.41518867924528;730.0151886792453;Line 236;1;55.0059473754277
-23.594965109;-46.71267781;780.9;6840;27.295471698113204;729.8954716981132;Line 236;1;55.0059473754277
-23.594812428;-46.71243502;783.9;6810;27.175754716981125;729.7757547169812;Line 236;1;55.0059473754277
-23.594659746;-46.712192231;786.8;6780;27.056037735849053;729.656037735849;Line 236;1;55.0059473754277
-23.594507064;-46.711949442;790.0;6750;26.936320754716977;729.536320754717;Line 236;1;55.0059473754277
-23.594354382;-46.711706653;793.6;6720;26.8166037735849;729.4166037735849;Line 236;1;55.0059473754277
-23.594201699;-46.711463866;796.5;6690;26.696886792452826;729.2968867924528;Line 236;1;55.0059473754277
-23.594049016;-46.711221078;798.6;6660;26.577169811320747;729.1771698113208;Line 236;1;55.0059473754277
-23.593896332;-46.710978292;800.2;6630;26.457452830188675;729.0574528301887;Line 236;1;55.0059473754277
-23.593743648;-46.710735505;800.3;6600;26.3377358490566;728.9377358490566;Line 236;1;55.0059473754277
-23.593590964;-46.71049272;797.9;6570;26.218018867924524;728.8180188679246;Line 236;1;55.0059473754277
-23.593438279;-46.710249935;795.0;6540;26.09830188679245;728.6983018867925;Line 236;1;55.0059473754277
-23.593285594;-46.71000715;791.7;6510;25.978584905660373;728.5785849056604;Line 236;1;55.0059473754277
-23.593132908;-46.709764366;786.0;6480;25.858867924528298;728.4588679245284;Line 236;1;55.0059473754277
-23.592980222;-46.709521583;780.6;6450;25.739150943396222;728.3391509433962;Line 236;1;55.0059473754277
-23.592827535;-46.7092788;775.5;6420;25.619433962264146;728.2194339622641;Line 236;1;55.0059473754277
-23.592674848;-46.709036017;772.6;6390;25.49971698113207;728.0997169811321;Line 236;1;55.0059473754277
-23.592522161;-46.708793235;771.6;6360;25.379999999999995;727.98;Line 236;1;55.0059473754277
-23.592369473;-46.708550454;770.4;6330;25.26028301886792;727.8602830188679;Line 236;1;55.0059473754277
-23.592216785;-46.708307673;769.7;6300;25.140566037735844;727.7405660377359;Line 236;1;55.0059473754277
-23.592064097;-46.708064893;772.4;6270;25.02084905660377;727.6208490566038;Line 236;1;55.0059473754277
-23.591911408;-46.707822114;774.8;6240;24.901132075471693;727.5011320754717;Line 236;1;55.0059473754277
-23.591758718;-46.707579335;776.8;6210;24.781415094339618;727.3814150943397;Line 236;1;55.0059473754277
-23.591606028;-46.707336556;778.9;6180;24.661698113207542;727.2616981132076;Line 236;1;55.0059473754277
-23.591453338;-46.707093778;781.2;6150;24.541981132075467;727.1419811320754;Line 236;1;55.0059473754277
-23.591300648;-46.706851001;783.5;6120;24.42226415094339;727.0222641509434;Line 236;1;55.0059473754277
-23.591147957;-46.706608224;785.5;6090;24.302547169811316;726.9025471698113;Line 236;1;55.0059473754277
-23.590995265;-46.706365447;787.2;6060;24.18283018867924;726.7828301886792;Line 236;1;55.0059473754277
-23.590842573;-46.706122672;788.9;6030;24.063113207547165;726.6631132075472;Line 236;1;55.0059473754277
-23.590689881;-46.705879896;792.5;6000;23.94339622641509;726.5433962264151;Line 236;1;55.0059473754277
-23.590537188;-46.705637122;794.5;5970;23.823679245283014;726.423679245283;Line 236;1;55.0059473754277
-23.590384495;-46.705394348;795.7;5940;23.703962264150938;726.303962264151;Line 236;1;55.0059473754277
-23.590231801;-46.705151574;796.4;5910;23.584245283018866;726.1842452830189;Line 236;1;55.0059473754277
-23.590079107;-46.704908801;795.8;5880;23.464528301886787;726.0645283018869;Line 236;1;55.0059473754277
-23.589926413;-46.704666029;793.0;5850;23.344811320754715;725.9448113207548;Line 236;1;55.0059473754277
-23.589773718;-46.704423257;789.6;5820;23.225094339622636;725.8250943396226;Line 236;1;55.0059473754277
-23.589621023;-46.704180485;786.3;5790;23.10537735849056;725.7053773584906;Line 236;1;55.0059473754277
-23.589468327;-46.703937714;782.5;5760;22.98566037735849;725.5856603773585;Line 236;1;55.0059473754277
-23.589315631;-46.703694944;779.4;5730;22.86594339622641;725.4659433962264;Line 236;1;55.0059473754277
-23.589162935;-46.703452174;777.1;5700;22.746226415094338;725.3462264150944;Line 236;1;55.0059473754277
-23.589010238;-46.703209405;771.9;5670;22.62650943396226;725.2265094339623;Line 236;1;55.0059473754277
-23.588857541;-46.702966636;766.4;5640;22.506792452830183;725.1067924528302;Line 236;1;55.0059473754277
-23.588704843;-46.702723868;762.1;5610;22.38707547169811;724.9870754716982;Line 236;1;55.0059473754277
-23.588552145;-46.702481101;758.9;5580;22.267358490566032;724.8673584905661;Line 236;1;55.0059473754277
-23.588399446;-46.702238334;757.9;5550;22.14764150943396;724.747641509434;Line 236;1;55.0059473754277
-23.588246747;-46.701995567;758.3;5520;22.02792452830188;724.627924528302;Line 236;1;55.0059473754277
-23.588094048;-46.701752801;759.5;5490;21.90820754716981;724.5082075471698;Line 236;1;55.0059473754277
-23.587941348;-46.701510036;760.3;5460;21.788490566037733;724.3884905660377;Line 236;1;55.0059473754277
-23.587788648;-46.701267271;760.8;5430;21.668773584905654;724.2687735849057;Line 236;1;55.0059473754277
-23.587635947;-46.701024507;761.0;5400;21.549056603773582;724.1490566037736;Line 236;1;55.0059473754277
-23.587483246;-46.700781743;760.3;5370;21.429339622641503;724.0293396226415;Line 236;1;55.0059473754277
-23.587330545;-46.70053898;757.0;5340;21.30962264150943;723.9096226415095;Line 236;1;55.0059473754277
-23.587177843;-46.700296217;753.7;5310;21.189905660377356;723.7899056603774;Line 236;1;55.0059473754277
-23.587025141;-46.700053455;750.3;5280;21.070188679245277;723.6701886792453;Line 236;1;55.0059473754277
-23.586872438;-46.699810694;747.2;5250;20.950471698113205;723.5504716981133;Line 236;1;55.0059473754277
-23.586719735;-46.699567933;744.2;5220;20.830754716981126;723.4307547169811;Line 236;1;55.0059473754277
-23.586567032;-46.699325172;741.2;5190;20.711037735849054;723.311037735849;Line 236;1;55.0059473754277
-23.586414328;-46.699082413;738.7;5160;20.59132075471698;723.191320754717;Line 236;1;55.0059473754277
-23.586261623;-46.698839653;737.1;5130;20.4716037735849;723.0716037735849;Line 236;1;55.0059473754277
-23.586108919;-46.698596894;735.6;5100;20.351886792452827;722.9518867924528;Line 236;1;55.0059473754277
-23.585956213;-46.698354136;734.0;5070;20.23216981132075;722.8321698113208;Line 236;1;55.0059473754277
-23.585803508;-46.698111379;733.7;5040;20.112452830188676;722.7124528301887;Line 236;1;55.0059473754277
-23.585650802;-46.697868621;733.1;5010;19.9927358490566;722.5927358490567;Line 236;1;55.0059473754277
-23.585498095;-46.697625865;732.7;4980;19.873018867924525;722.4730188679246;Line 236;1;55.0059473754277
-23.585345388;-46.697383109;732.1;4950;19.75330188679245;722.3533018867925;Line 236;1;55.0059473754277
-23.585192681;-46.697140353;731.4;4920;19.633584905660374;722.2335849056605;Line 236;1;55.0059473754277
-23.585039974;-46.696897598;730.6;4890;19.5138679245283;722.1138679245283;Line 236;1;55.0059473754277
-23.584887265;-46.696654844;729.7;4860;19.394150943396223;721.9941509433962;Line 236;1;55.0059473754277
-23.584734557;-46.69641209;730.3;4830;19.274433962264148;721.8744339622642;Line 236;1;55.0059473754277
-23.584581848;-46.696169337;730.9;4800;19.154716981132072;721.7547169811321;Line 236;1;55.0059473754277
-23.584429139;-46.695926584;731.5;4770;19.034999999999997;721.635;Line 236;1;55.0059473754277
-23.584276429;-46.695683832;730.5;4740;18.91528301886792;721.515283018868;Line 236;1;55.0059473754277
-23.584123719;-46.69544108;728.1;4710;18.795566037735846;721.3955660377359;Line 236;1;55.0059473754277
-23.583971008;-46.695198329;726.5;4680;18.67584905660377;721.2758490566038;Line 236;1;55.0059473754277
-23.583818297;-46.694955579;725.6;4650;18.556132075471695;721.1561320754718;Line 236;1;55.0059473754277
-23.583665586;-46.694712829;724.8;4620;18.43641509433962;721.0364150943396;Line 236;1;55.0059473754277
-23.583512874;-46.694470079;724.0;4590;18.316698113207543;720.9166981132075;Line 236;1;55.0059473754277
-23.583360162;-46.69422733;723.2;4560;18.196981132075468;720.7969811320755;Line 236;1;55.0059473754277
-23.583207449;-46.693984582;723.5;4530;18.077264150943392;720.6772641509434;Line 236;1;55.0059473754277
-23.583054736;-46.693741834;724.2;4500;17.957547169811317;720.5575471698113;Line 236;1;55.0059473754277
-23.582902023;-46.693499087;724.8;4470;17.837830188679245;720.4378301886793;Line 236;1;55.0059473754277
-23.582749309;-46.69325634;725.4;4440;17.718113207547166;720.3181132075472;Line 236;1;55.0059473754277
-23.582596595;-46.693013594;726.0;4410;17.59839622641509;720.1983962264151;Line 236;1;55.0059473754277
-23.58244388;-46.692770848;727.0;4380;17.478679245283015;720.0786792452831;Line 236;1;55.0059473754277
-23.582291165;-46.692528103;728.9;4350;17.35896226415094;719.958962264151;Line 236;1;55.0059473754277
-23.582138449;-46.692285359;732.0;4320;17.239245283018867;719.8392452830188;Line 236;1;55.0059473754277
-23.581985733;-46.692042615;734.6;4290;17.11952830188679;719.7195283018868;Line 236;1;55.0059473754277
-23.581833017;-46.691799871;736.8;4260;16.999811320754713;719.5998113207547;Line 236;1;55.0059473754277
-23.5816803;-46.691557128;738.0;4230;16.880094339622637;719.4800943396226;Line 236;1;55.0059473754277
-23.581527583;-46.691314386;737.4;4200;16.76037735849056;719.3603773584906;Line 236;1;55.0059473754277
-23.581374865;-46.691071644;736.3;4170;16.64066037735849;719.2406603773585;Line 236;1;55.0059473754277
-23.581222147;-46.690828903;734.8;4140;16.52094339622641;719.1209433962264;Line 236;1;55.0059473754277
-23.581069429;-46.690586162;734.0;4110;16.401226415094335;719.0012264150944;Line 236;1;55.0059473754277
-23.58091671;-46.690343422;734.0;4080;16.281509433962263;718.8815094339623;Line 236;1;55.0059473754277
-23.580763991;-46.690100683;734.7;4050;16.161792452830184;718.7617924528302;Line 236;1;55.0059473754277
-23.580611271;-46.689857944;734.1;4020;16.042075471698112;718.6420754716981;Line 236;1;55.0059473754277
-23.580458551;-46.689615205;732.8;3990;15.922358490566033;718.522358490566;Line 236;1;55.0059473754277
-23.58030583;-46.689372467;732.0;3960;15.80264150943396;718.402641509434;Line 236;1;55.0059473754277
-23.580153109;-46.68912973;731.8;3930;15.682924528301886;718.2829245283019;Line 236;1;55.0059473754277
-23.580000388;-46.688886993;732.3;3900;15.563207547169808;718.1632075471698;Line 236;1;55.0059473754277
-23.579847666;-46.688644257;731.5;3870;15.443490566037735;718.0434905660378;Line 236;1;55.0059473754277
-23.579694944;-46.688401521;730.2;3840;15.323773584905656;717.9237735849057;Line 236;1;55.0059473754277
-23.579542221;-46.688158786;729.9;3810;15.204056603773582;717.8040566037736;Line 236;1;55.0059473754277
-23.579389498;-46.687916051;729.8;3780;15.084339622641508;717.6843396226416;Line 236;1;55.0059473754277
-23.579236775;-46.687673317;729.3;3750;14.96462264150943;717.5646226415095;Line 236;1;55.0059473754277
-23.579084051;-46.687430583;729.4;3720;14.844905660377357;717.4449056603773;Line 236;1;55.0059473754277
-23.578931327;-46.68718785;730.7;3690;14.725188679245282;717.3251886792453;Line 236;1;55.0059473754277
-23.578778602;-46.686945118;731.8;3660;14.605471698113204;717.2054716981132;Line 236;1;55.0059473754277
-23.578625877;-46.686702386;732.5;3630;14.485754716981129;717.0857547169811;Line 236;1;55.0059473754277
-23.578473152;-46.686459655;732.5;3600;14.366037735849053;716.9660377358491;Line 236;1;55.0059473754277
-23.578320426;-46.686216924;732.7;3570;14.24632075471698;716.846320754717;Line 236;1;55.0059473754277
-23.578167699;-46.685974194;733.7;3540;14.126603773584904;716.7266037735849;Line 236;1;55.0059473754277
-23.578014973;-46.685731464;733.8;3510;14.006886792452827;716.6068867924529;Line 236;1;55.0059473754277
-23.577862246;-46.685488735;733.6;3480;13.887169811320751;716.4871698113208;Line 236;1;55.0059473754277
-23.577709518;-46.685246006;733.6;3450;13.767452830188677;716.3674528301887;Line 236;1;55.0059473754277
-23.57755679;-46.685003278;733.9;3420;13.647735849056602;716.2477358490567;Line 236;1;55.0059473754277
-23.577404062;-46.68476055;734.3;3390;13.528018867924526;716.1280188679245;Line 236;1;55.0059473754277
-23.577251333;-46.684517823;734.4;3360;13.40830188679245;716.0083018867924;Line 236;1;55.0059473754277
-23.577098604;-46.684275097;734.4;3330;13.288584905660374;715.8885849056604;Line 236;1;55.0059473754277
-23.576945874;-46.684032371;734.3;3300;13.1688679245283;715.7688679245283;Line 236;1;55.0059473754277
-23.576793144;-46.683789646;734.5;3270;13.049150943396224;715.6491509433962;Line 236;1;55.0059473754277
-23.576640413;-46.683546921;735.2;3240;12.929433962264149;715.5294339622642;Line 236;1;55.0059473754277
-23.576487683;-46.683304197;735.8;3210;12.809716981132073;715.4097169811321;Line 236;1;55.0059473754277
-23.576334951;-46.683061473;736.3;3180;12.689999999999998;715.29;Line 236;1;55.0059473754277
-23.57618222;-46.68281875;737.1;3150;12.570283018867922;715.170283018868;Line 236;1;55.0059473754277
-23.576029487;-46.682576027;738.2;3120;12.450566037735847;715.0505660377358;Line 236;1;55.0059473754277
-23.575876755;-46.682333305;738.7;3090;12.330849056603771;714.9308490566038;Line 236;1;55.0059473754277
-23.575724022;-46.682090584;738.3;3060;12.211132075471696;714.8111320754717;Line 236;1;55.0059473754277
-23.575571289;-46.681847863;737.8;3030;12.09141509433962;714.6914150943396;Line 236;1;55.0059473754277
-23.575418555;-46.681605143;737.4;3000;11.971698113207545;714.5716981132076;Line 236;1;55.0059473754277
-23.575265821;-46.681362423;737.1;2970;11.851981132075469;714.4519811320755;Line 236;1;55.0059473754277
-23.575113086;-46.681119703;737.0;2940;11.732264150943394;714.3322641509434;Line 236;1;55.0059473754277
-23.574960351;-46.680876985;737.2;2910;11.612547169811318;714.2125471698114;Line 236;1;55.0059473754277
-23.574807616;-46.680634266;738.3;2880;11.492830188679244;714.0928301886793;Line 236;1;55.0059473754277
-23.57465488;-46.680391549;739.3;2850;11.373113207547169;713.9731132075472;Line 236;1;55.0059473754277
-23.574502143;-46.680148832;740.1;2820;11.253396226415092;713.8533962264152;Line 236;1;55.0059473754277
-23.574349407;-46.679906115;740.9;2790;11.133679245283016;713.733679245283;Line 236;1;55.0059473754277
-23.57419667;-46.679663399;742.1;2760;11.01396226415094;713.6139622641509;Line 236;1;55.0059473754277
-23.574043932;-46.679420684;743.0;2730;10.894245283018867;713.4942452830189;Line 236;1;55.0059473754277
-23.573891194;-46.679177969;743.6;2700;10.774528301886791;713.3745283018868;Line 236;1;55.0059473754277
-23.573738456;-46.678935254;743.6;2670;10.654811320754716;713.2548113207547;Line 236;1;55.0059473754277
-23.573585717;-46.678692541;743.9;2640;10.535094339622638;713.1350943396227;Line 236;1;55.0059473754277
-23.573432978;-46.678449827;744.5;2610;10.415377358490563;713.0153773584906;Line 236;1;55.0059473754277
-23.573280238;-46.678207115;744.6;2580;10.29566037735849;712.8956603773585;Line 236;1;55.0059473754277
-23.573127498;-46.677964402;744.1;2550;10.175943396226414;712.7759433962265;Line 236;1;55.0059473754277
-23.572974758;-46.677721691;743.9;2520;10.056226415094338;712.6562264150944;Line 236;1;55.0059473754277
-23.572822017;-46.67747898;744.3;2490;9.936509433962263;712.5365094339622;Line 236;1;55.0059473754277
-23.572669276;-46.677236269;745.0;2460;9.816792452830187;712.4167924528302;Line 236;1;55.0059473754277
-23.572516534;-46.676993559;745.6;2430;9.697075471698112;712.2970754716981;Line 236;1;55.0059473754277
-23.572363792;-46.67675085;746.0;2400;9.577358490566036;712.177358490566;Line 236;1;55.0059473754277
-23.57221105;-46.676508141;746.2;2370;9.45764150943396;712.057641509434;Line 236;1;55.0059473754277
-23.572058307;-46.676265433;746.0;2340;9.337924528301885;711.9379245283019;Line 236;1;55.0059473754277
-23.571905563;-46.676022725;745.6;2310;9.21820754716981;711.8182075471698;Line 236;1;55.0059473754277
-23.57175282;-46.675780018;745.0;2280;9.098490566037734;711.6984905660378;Line 236;1;55.0059473754277
-23.571600076;-46.675537311;744.6;2250;8.978773584905658;711.5787735849057;Line 236;1;55.0059473754277
-23.571447331;-46.675294605;744.9;2220;8.859056603773583;711.4590566037737;Line 236;1;55.0059473754277
-23.571294586;-46.675051899;745.3;2190;8.739339622641507;711.3393396226415;Line 236;1;55.0059473754277
-23.571141841;-46.674809194;746.2;2160;8.619622641509434;711.2196226415094;Line 236;1;55.0059473754277
-23.570989095;-46.67456649;746.8;2130;8.499905660377356;711.0999056603774;Line 236;1;55.0059473754277
-23.570836349;-46.674323786;747.2;2100;8.38018867924528;710.9801886792453;Line 236;1;55.0059473754277
-23.570683602;-46.674081082;747.9;2070;8.260471698113205;710.8604716981132;Line 236;1;55.0059473754277
-23.570530855;-46.673838379;748.8;2040;8.140754716981132;710.7407547169812;Line 236;1;55.0059473754277
-23.570378108;-46.673595677;749.4;2010;8.021037735849056;710.6210377358491;Line 236;1;55.0059473754277
-23.57022536;-46.673352975;749.7;1980;7.90132075471698;710.501320754717;Line 236;1;55.0059473754277
-23.570072611;-46.673110274;750.3;1950;7.781603773584904;710.381603773585;Line 236;1;55.0059473754277
-23.569919863;-46.672867574;750.7;1920;7.661886792452828;710.2618867924529;Line 236;1;55.0059473754277
-23.569767114;-46.672624873;751.0;1890;7.542169811320754;710.1421698113207;Line 236;1;55.0059473754277
-23.569614364;-46.672382174;750.9;1860;7.4224528301886785;710.0224528301887;Line 236;1;55.0059473754277
-23.569461614;-46.672139475;750.7;1830;7.302735849056602;709.9027358490566;Line 236;1;55.0059473754277
-23.569308864;-46.671896776;750.4;1800;7.183018867924527;709.7830188679245;Line 236;1;55.0059473754277
-23.569156113;-46.671654078;750.1;1770;7.063301886792452;709.6633018867925;Line 236;1;55.0059473754277
-23.569003362;-46.671411381;751.2;1740;6.943584905660376;709.5435849056604;Line 236;1;55.0059473754277
-23.56885061;-46.671168684;752.0;1710;6.823867924528301;709.4238679245283;Line 236;1;55.0059473754277
-23.568697858;-46.670925988;752.5;1680;6.704150943396225;709.3041509433963;Line 236;1;55.0059473754277
-23.568545106;-46.670683292;753.0;1650;6.58443396226415;709.1844339622642;Line 236;1;55.0059473754277
-23.568392353;-46.670440597;753.8;1620;6.464716981132074;709.064716981132;Line 236;1;55.0059473754277
-23.5682396;-46.670197902;754.3;1590;6.344999999999999;708.945;Line 236;1;55.0059473754277
-23.568086846;-46.669955208;754.5;1560;6.225283018867923;708.8252830188679;Line 236;1;55.0059473754277
-23.567934092;-46.669712515;754.4;1530;6.105566037735848;708.7055660377358;Line 236;1;55.0059473754277
-23.567781338;-46.669469822;754.1;1500;5.985849056603772;708.5858490566038;Line 236;1;55.0059473754277
-23.567628583;-46.669227129;753.6;1470;5.866132075471697;708.4661320754717;Line 236;1;55.0059473754277
-23.567475827;-46.668984438;753.1;1440;5.746415094339622;708.3464150943396;Line 236;1;55.0059473754277
-23.567323072;-46.668741746;754.0;1410;5.626698113207546;708.2266981132076;Line 236;1;55.0059473754277
-23.567170316;-46.668499055;755.1;1380;5.50698113207547;708.1069811320755;Line 236;1;55.0059473754277
-23.567017559;-46.668256365;757.4;1350;5.387264150943396;707.9872641509435;Line 236;1;55.0059473754277
-23.566864802;-46.668013676;761.0;1320;5.267547169811319;707.8675471698114;Line 236;1;55.0059473754277
-23.566712045;-46.667770986;764.2;1290;5.147830188679245;707.7478301886792;Line 236;1;55.0059473754277
-23.566559287;-46.667528298;766.1;1260;5.028113207547169;707.6281132075472;Line 236;1;55.0059473754277
-23.566406529;-46.66728561;767.4;1230;4.9083962264150935;707.5083962264151;Line 236;1;55.0059473754277
-23.56625377;-46.667042922;768.6;1200;4.788679245283018;707.388679245283;Line 236;1;55.0059473754277
-23.566101011;-46.666800235;769.8;1170;4.6689622641509425;707.268962264151;Line 236;1;55.0059473754277
-23.565948252;-46.666557549;769.6;1140;4.549245283018867;707.1492452830189;Line 236;1;55.0059473754277
-23.565795492;-46.666314863;768.7;1110;4.4295283018867915;707.0295283018868;Line 236;1;55.0059473754277
-23.565642731;-46.666072178;768.9;1080;4.309811320754717;706.9098113207548;Line 236;1;55.0059473754277
-23.565489971;-46.665829493;769.7;1050;4.19009433962264;706.7900943396227;Line 236;1;55.0059473754277
-23.56533721;-46.665586809;770.5;1020;4.070377358490566;706.6703773584906;Line 236;1;55.0059473754277
-23.565184448;-46.665344125;770.4;990;3.95066037735849;706.5506603773586;Line 236;1;55.0059473754277
-23.565031686;-46.665101442;769.5;960;3.830943396226414;706.4309433962264;Line 236;1;55.0059473754277
-23.564878924;-46.664858759;770.8;930;3.7112264150943393;706.3112264150943;Line 236;1;55.0059473754277
-23.564726161;-46.664616077;773.0;900;3.5915094339622633;706.1915094339623;Line 236;1;55.0059473754277
-23.564573398;-46.664373396;774.8;870;3.471792452830188;706.0717924528302;Line 236;1;55.0059473754277
-23.564420634;-46.664130715;776.5;840;3.3520754716981127;705.9520754716981;Line 236;1;55.0059473754277
-23.56426787;-46.663888035;780.5;810;3.232358490566037;705.8323584905661;Line 236;1;55.0059473754277
-23.564115106;-46.663645355;785.4;780;3.1126415094339617;705.712641509434;Line 236;1;55.0059473754277
-23.563962341;-46.663402676;790.1;750;2.992924528301886;705.5929245283019;Line 236;1;55.0059473754277
-23.563809576;-46.663159997;792.9;720;2.873207547169811;705.4732075471699;Line 236;1;55.0059473754277
-23.56365681;-46.662917319;795.4;690;2.753490566037735;705.3534905660377;Line 236;1;55.0059473754277
-23.563504044;-46.662674641;798.5;660;2.6337735849056596;705.2337735849056;Line 236;1;55.0059473754277
-23.563351278;-46.662431964;802.6;630;2.5140566037735845;705.1140566037736;Line 236;1;55.0059473754277
-23.563198511;-46.662189287;808.0;600;2.394339622641509;704.9943396226415;Line 236;1;55.0059473754277
-23.563045743;-46.661946611;814.8;570;2.2746226415094335;704.8746226415094;Line 236;1;55.0059473754277
-23.562892976;-46.661703936;823.3;540;2.1549056603773584;704.7549056603774;Line 236;1;55.0059473754277
-23.562740207;-46.661461261;828.8;510;2.035188679245283;704.6351886792453;Line 236;1;55.0059473754277
-23.562587439;-46.661218587;831.4;480;1.915471698113207;704.5154716981132;Line 236;1;55.0059473754277
-23.56243467;-46.660975913;831.1;450;1.7957547169811316;704.3957547169812;Line 236;1;55.0059473754277
-23.562281901;-46.66073324;830.4;420;1.6760377358490564;704.2760377358491;Line 236;1;55.0059473754277
-23.562129131;-46.660490567;831.3;390;1.5563207547169808;704.1563207547171;Line 236;1;55.0059473754277
-23.561976361;-46.660247895;833.0;360;1.4366037735849055;704.0366037735849;Line 236;1;55.0059473754277
-23.56182359;-46.660005223;835.4;330;1.3168867924528298;703.9168867924528;Line 236;1;55.0059473754277
-23.561670819;-46.659762552;835.7;300;1.1971698113207545;703.7971698113208;Line 236;1;55.0059473754277
-23.561518047;-46.659519882;834.1;270;1.0774528301886792;703.6774528301887;Line 236;1;55.0059473754277
-23.561365276;-46.659277212;833.6;240;0.9577358490566035;703.5577358490566;Line 236;1;55.0059473754277
-23.561212503;-46.659034542;834.7;210;0.8380188679245282;703.4380188679246;Line 236;1;55.0059473754277
-23.561059731;-46.658791873;836.3;180;0.7183018867924528;703.3183018867925;Line 236;1;55.0059473754277
-23.560906958;-46.658549205;837.6;150;0.5985849056603773;703.1985849056604;Line 236;1;55.0059473754277
-23.560754184;-46.658306537;838.9;120;0.47886792452830174;703.0788679245284;Line 236;1;55.0059473754277
-23.56060141;-46.65806387;842.2;90;0.3591509433962264;702.9591509433963;Line 236;1;55.0059473754277
-23.560448636;-46.657821203;845.4;60;0.23943396226415087;702.8394339622641;Line 236;1;55.0059473754277
-23.560295861;-46.657578537;848.7;30;0.11971698113207543;702.7197169811321;Line 236;1;55.0059473754277
-23.560143086;-46.657335872;845.8;0;0.0;702.6;Line 236;1;55.0059473754277
