latitude;longitude;altitude (m);distance_m;alt_x;alt_y;name;obstrucao;angle
-22.998149917;-46.970670859;804.7;69960;176.07999999999993;981.78;Line 333;0;151.964594158027
-22.99839069;-46.970536823;810.5;69930;176.00449399656938;981.7044939965695;Line 333;0;151.964594158027
-22.998631462;-46.970402787;810.9;69900;175.92898799313886;981.6289879931389;Line 333;0;151.964594158027
-22.998872234;-46.97026875;811.9;69870;175.8534819897083;981.5534819897084;Line 333;0;151.964594158027
-22.999113006;-46.970134713;813.4;69840;175.7779759862778;981.4779759862779;Line 333;0;151.964594158027
-22.999353778;-46.970000675;815.5;69810;175.70246998284728;981.4024699828474;Line 333;0;151.964594158027
-22.99959455;-46.969866637;817.3;69780;175.62696397941673;981.3269639794167;Line 333;0;151.964594158027
-22.999835322;-46.969732598;819.5;69750;175.5514579759862;981.2514579759862;Line 333;0;151.964594158027
-23.000076094;-46.969598559;822.4;69720;175.47595197255566;981.1759519725557;Line 333;0;151.964594158027
-23.000316865;-46.96946452;826.1;69690;175.40044596912514;981.1004459691252;Line 333;0;151.964594158027
-23.000557637;-46.96933048;830.6;69660;175.32493996569463;981.0249399656947;Line 333;0;151.964594158027
-23.000798408;-46.96919644;835.9;69630;175.24943396226408;980.9494339622642;Line 333;0;151.964594158027
-23.00103918;-46.969062399;834.0;69600;175.17392795883353;980.8739279588335;Line 333;0;151.964594158027
-23.001279951;-46.968928357;831.7;69570;175.098421955403;980.798421955403;Line 333;0;151.964594158027
-23.001520722;-46.968794316;830.4;69540;175.0229159519725;980.7229159519725;Line 333;0;151.964594158027
-23.001761494;-46.968660273;829.7;69510;174.94740994854195;980.647409948542;Line 333;0;151.964594158027
-23.002002265;-46.968526231;829.3;69480;174.87190394511143;980.5719039451114;Line 333;0;151.964594158027
-23.002243036;-46.968392188;829.8;69450;174.79639794168088;980.4963979416809;Line 333;0;151.964594158027
-23.002483806;-46.968258144;830.0;69420;174.72089193825033;980.4208919382504;Line 333;0;151.964594158027
-23.002724577;-46.9681241;830.3;69390;174.64538593481984;980.3453859348199;Line 333;0;151.964594158027
-23.002965348;-46.967990056;831.1;69360;174.5698799313893;980.2698799313894;Line 333;0;151.964594158027
-23.003206119;-46.967856011;832.7;69330;174.49437392795875;980.1943739279588;Line 333;0;151.964594158027
-23.003446889;-46.967721966;834.8;69300;174.41886792452823;980.1188679245283;Line 333;0;151.964594158027
-23.003687659;-46.96758792;837.4;69270;174.34336192109768;980.0433619210977;Line 333;0;151.964594158027
-23.00392843;-46.967453873;839.6;69240;174.26785591766716;979.9678559176672;Line 333;0;151.964594158027
-23.0041692;-46.967319827;840.2;69210;174.19234991423664;979.8923499142367;Line 333;0;151.964594158027
-23.00440997;-46.96718578;839.2;69180;174.1168439108061;979.8168439108061;Line 333;0;151.964594158027
-23.00465074;-46.967051732;838.5;69150;174.04133790737555;979.7413379073756;Line 333;0;151.964594158027
-23.00489151;-46.966917684;838.0;69120;173.96583190394503;979.6658319039451;Line 333;0;151.964594158027
-23.00513228;-46.966783635;837.4;69090;173.8903259005145;979.5903259005146;Line 333;0;151.964594158027
-23.00537305;-46.966649587;836.9;69060;173.814819897084;979.5148198970841;Line 333;0;151.964594158027
-23.00561382;-46.966515537;835.7;69030;173.73931389365345;979.4393138936534;Line 333;0;151.964594158027
-23.005854589;-46.966381487;834.5;69000;173.6638078902229;979.3638078902229;Line 333;0;151.964594158027
-23.006095359;-46.966247437;833.9;68970;173.5883018867924;979.2883018867924;Line 333;0;151.964594158027
-23.006336128;-46.966113386;833.5;68940;173.51279588336186;979.2127958833619;Line 333;0;151.964594158027
-23.006576898;-46.965979335;833.2;68910;173.4372898799313;979.1372898799314;Line 333;0;151.964594158027
-23.006817667;-46.965845283;832.1;68880;173.3617838765008;979.0617838765008;Line 333;0;151.964594158027
-23.007058436;-46.965711231;829.8;68850;173.28627787307025;978.9862778730703;Line 333;0;151.964594158027
-23.007299206;-46.965577179;827.8;68820;173.21077186963973;978.9107718696398;Line 333;0;151.964594158027
-23.007539975;-46.965443126;826.0;68790;173.1352658662092;978.8352658662093;Line 333;0;151.964594158027
-23.007780743;-46.965309072;825.3;68760;173.05975986277866;978.7597598627788;Line 333;0;151.964594158027
-23.008021512;-46.965175018;824.7;68730;172.98425385934812;978.6842538593481;Line 333;0;151.964594158027
-23.008262281;-46.965040964;824.1;68700;172.9087478559176;978.6087478559176;Line 333;0;151.964594158027
-23.00850305;-46.964906909;825.7;68670;172.83324185248708;978.5332418524871;Line 333;0;151.964594158027
-23.008743818;-46.964772854;828.0;68640;172.75773584905653;978.4577358490566;Line 333;0;151.964594158027
-23.008984587;-46.964638798;830.2;68610;172.682229845626;978.3822298456261;Line 333;0;151.964594158027
-23.009225355;-46.964504742;832.0;68580;172.60672384219546;978.3067238421955;Line 333;0;151.964594158027
-23.009466124;-46.964370685;831.6;68550;172.53121783876492;978.2312178387649;Line 333;0;151.964594158027
-23.009706892;-46.964236628;829.9;68520;172.45571183533443;978.1557118353345;Line 333;0;151.964594158027
-23.00994766;-46.964102571;827.7;68490;172.38020583190388;978.0802058319039;Line 333;0;151.964594158027
-23.010188428;-46.963968513;828.0;68460;172.30469982847333;978.0046998284733;Line 333;0;151.964594158027
-23.010429196;-46.963834454;828.1;68430;172.2291938250428;977.9291938250428;Line 333;0;151.964594158027
-23.010669964;-46.963700396;827.5;68400;172.15368782161227;977.8536878216123;Line 333;0;151.964594158027
-23.010910732;-46.963566336;827.0;68370;172.07818181818175;977.7781818181818;Line 333;0;151.964594158027
-23.0111515;-46.963432277;827.9;68340;172.00267581475123;977.7026758147513;Line 333;0;151.964594158027
-23.011392267;-46.963298216;828.9;68310;171.92716981132068;977.6271698113208;Line 333;0;151.964594158027
-23.011633035;-46.963164156;829.6;68280;171.85166380789016;977.5516638078902;Line 333;0;151.964594158027
-23.011873802;-46.963030094;830.3;68250;171.77615780445961;977.4761578044597;Line 333;0;151.964594158027
-23.01211457;-46.962896033;830.6;68220;171.7006518010291;977.4006518010292;Line 333;0;151.964594158027
-23.012355337;-46.962761971;830.5;68190;171.62514579759858;977.3251457975987;Line 333;0;151.964594158027
-23.012596104;-46.962627908;829.9;68160;171.54963979416803;977.249639794168;Line 333;0;151.964594158027
-23.012836871;-46.962493845;828.8;68130;171.47413379073748;977.1741337907375;Line 333;0;151.964594158027
-23.013077638;-46.962359782;827.2;68100;171.39862778730696;977.098627787307;Line 333;0;151.964594158027
-23.013318405;-46.962225718;825.5;68070;171.32312178387645;977.0231217838765;Line 333;0;151.964594158027
-23.013559172;-46.962091654;823.9;68040;171.2476157804459;976.947615780446;Line 333;0;151.964594158027
-23.013799939;-46.961957589;822.8;68010;171.17210977701538;976.8721097770155;Line 333;0;151.964594158027
-23.014040705;-46.961823524;822.2;67980;171.09660377358483;976.7966037735848;Line 333;0;151.964594158027
-23.014281472;-46.961689458;822.5;67950;171.02109777015428;976.7210977701543;Line 333;0;151.964594158027
-23.014522238;-46.961555392;823.3;67920;170.9455917667238;976.6455917667238;Line 333;0;151.964594158027
-23.014763005;-46.961421326;824.1;67890;170.87008576329325;976.5700857632933;Line 333;0;151.964594158027
-23.015003771;-46.961287259;825.1;67860;170.7945797598627;976.4945797598627;Line 333;0;151.964594158027
-23.015244537;-46.961153191;825.8;67830;170.71907375643218;976.4190737564322;Line 333;0;151.964594158027
-23.015485304;-46.961019124;826.7;67800;170.64356775300163;976.3435677530017;Line 333;0;151.964594158027
-23.01572607;-46.960885055;827.6;67770;170.56806174957111;976.2680617495712;Line 333;0;151.964594158027
-23.015966836;-46.960750986;826.8;67740;170.4925557461406;976.1925557461407;Line 333;0;151.964594158027
-23.016207601;-46.960616917;825.2;67710;170.41704974271005;976.1170497427102;Line 333;0;151.964594158027
-23.016448367;-46.960482847;824.1;67680;170.3415437392795;976.0415437392795;Line 333;0;151.964594158027
-23.016689133;-46.960348777;823.4;67650;170.26603773584898;975.966037735849;Line 333;0;151.964594158027
-23.016929899;-46.960214707;821.6;67620;170.19053173241846;975.8905317324185;Line 333;0;151.964594158027
-23.017170664;-46.960080636;820.5;67590;170.11502572898792;975.815025728988;Line 333;0;151.964594158027
-23.01741143;-46.959946564;819.7;67560;170.0395197255574;975.7395197255574;Line 333;0;151.964594158027
-23.017652195;-46.959812492;818.3;67530;169.96401372212685;975.6640137221269;Line 333;0;151.964594158027
-23.01789296;-46.95967842;816.6;67500;169.88850771869633;975.5885077186964;Line 333;0;151.964594158027
-23.018133725;-46.959544347;815.0;67470;169.8130017152658;975.5130017152659;Line 333;0;151.964594158027
-23.01837449;-46.959410274;814.1;67440;169.73749571183527;975.4374957118353;Line 333;0;151.964594158027
-23.018615255;-46.9592762;816.3;67410;169.66198970840475;975.3619897084047;Line 333;0;151.964594158027
-23.01885602;-46.959142126;818.7;67380;169.5864837049742;975.2864837049742;Line 333;0;151.964594158027
-23.019096785;-46.959008051;819.9;67350;169.51097770154365;975.2109777015437;Line 333;0;151.964594158027
-23.01933755;-46.958873976;819.6;67320;169.43547169811316;975.1354716981132;Line 333;0;151.964594158027
-23.019578315;-46.9587399;819.3;67290;169.35996569468261;975.0599656946827;Line 333;0;151.964594158027
-23.019819079;-46.958605824;819.5;67260;169.28445969125207;974.9844596912521;Line 333;0;151.964594158027
-23.020059844;-46.958471748;820.4;67230;169.20895368782155;974.9089536878216;Line 333;0;151.964594158027
-23.020300608;-46.958337671;821.7;67200;169.133447684391;974.8334476843911;Line 333;0;151.964594158027
-23.020541372;-46.958203594;821.3;67170;169.05794168096048;974.7579416809606;Line 333;0;151.964594158027
-23.020782137;-46.958069516;820.9;67140;168.98243567752996;974.6824356775301;Line 333;0;151.964594158027
-23.021022901;-46.957935438;821.7;67110;168.90692967409942;974.6069296740994;Line 333;0;151.964594158027
-23.021263665;-46.957801359;822.8;67080;168.83142367066887;974.5314236706689;Line 333;0;151.964594158027
-23.021504429;-46.95766728;823.8;67050;168.75591766723835;974.4559176672384;Line 333;0;151.964594158027
-23.021745192;-46.9575332;825.0;67020;168.68041166380783;974.3804116638079;Line 333;0;151.964594158027
-23.021985956;-46.95739912;827.8;66990;168.60490566037728;974.3049056603774;Line 333;0;151.964594158027
-23.02222672;-46.957265039;831.5;66960;168.52939965694677;974.2293996569468;Line 333;0;151.964594158027
-23.022467484;-46.957130959;835.6;66930;168.45389365351622;974.1538936535162;Line 333;0;151.964594158027
-23.022708247;-46.956996877;835.9;66900;168.37838765008567;974.0783876500857;Line 333;0;151.964594158027
-23.02294901;-46.956862795;836.3;66870;168.30288164665518;974.0028816466552;Line 333;0;151.964594158027
-23.023189774;-46.956728713;837.3;66840;168.22737564322463;973.9273756432247;Line 333;0;151.964594158027
-23.023430537;-46.95659463;836.5;66810;168.15186963979409;973.8518696397941;Line 333;0;151.964594158027
-23.0236713;-46.956460547;833.3;66780;168.07636363636357;973.7763636363636;Line 333;0;151.964594158027
-23.023912063;-46.956326463;830.0;66750;168.00085763293302;973.7008576329331;Line 333;0;151.964594158027
-23.024152826;-46.956192379;826.7;66720;167.9253516295025;973.6253516295026;Line 333;0;151.964594158027
-23.024393589;-46.956058294;823.5;66690;167.84984562607198;973.549845626072;Line 333;0;151.964594158027
-23.024634352;-46.955924209;820.9;66660;167.77433962264143;973.4743396226415;Line 333;0;151.964594158027
-23.024875115;-46.955790124;818.3;66630;167.69883361921092;973.398833619211;Line 333;0;151.964594158027
-23.025115877;-46.955656038;813.4;66600;167.62332761578037;973.3233276157804;Line 333;0;151.964594158027
-23.02535664;-46.955521952;807.6;66570;167.54782161234985;973.2478216123499;Line 333;0;151.964594158027
-23.025597402;-46.955387865;802.7;66540;167.47231560891933;973.1723156089193;Line 333;0;151.964594158027
-23.025838165;-46.955253777;798.5;66510;167.39680960548878;973.0968096054888;Line 333;0;151.964594158027
-23.026078927;-46.95511969;792.1;66480;167.32130360205824;973.0213036020583;Line 333;0;151.964594158027
-23.026319689;-46.954985602;786.3;66450;167.24579759862772;972.9457975986278;Line 333;0;151.964594158027
-23.026560451;-46.954851513;781.0;66420;167.1702915951972;972.8702915951973;Line 333;0;151.964594158027
-23.026801213;-46.954717424;778.1;66390;167.09478559176665;972.7947855917666;Line 333;0;151.964594158027
-23.027041975;-46.954583334;777.1;66360;167.01927958833613;972.7192795883361;Line 333;0;151.964594158027
-23.027282737;-46.954449244;777.5;66330;166.94377358490559;972.6437735849056;Line 333;0;151.964594158027
-23.027523499;-46.954315154;779.2;66300;166.86826758147504;972.5682675814751;Line 333;0;151.964594158027
-23.027764261;-46.954181063;779.2;66270;166.79276157804455;972.4927615780446;Line 333;0;151.964594158027
-23.028005022;-46.954046972;777.3;66240;166.717255574614;972.417255574614;Line 333;0;151.964594158027
-23.028245784;-46.95391288;774.4;66210;166.64174957118345;972.3417495711835;Line 333;0;151.964594158027
-23.028486545;-46.953778787;770.8;66180;166.56624356775293;972.266243567753;Line 333;0;151.964594158027
-23.028727306;-46.953644695;766.5;66150;166.4907375643224;972.1907375643225;Line 333;0;151.964594158027
-23.028968068;-46.953510602;761.3;66120;166.41523156089187;972.115231560892;Line 333;0;151.964594158027
-23.029208829;-46.953376508;756.4;66090;166.33972555746135;972.0397255574615;Line 333;0;151.964594158027
-23.02944959;-46.953242414;757.8;66060;166.2642195540308;971.9642195540308;Line 333;0;151.964594158027
-23.029690351;-46.953108319;760.8;66030;166.18871355060026;971.8887135506003;Line 333;0;151.964594158027
-23.029931112;-46.952974224;764.4;66000;166.11320754716974;971.8132075471698;Line 333;0;151.964594158027
-23.030171872;-46.952840129;766.1;65970;166.03770154373922;971.7377015437393;Line 333;0;151.964594158027
-23.030412633;-46.952706033;766.1;65940;165.96219554030867;971.6621955403087;Line 333;0;151.964594158027
-23.030653394;-46.952571937;765.3;65910;165.88668953687815;971.5866895368782;Line 333;0;151.964594158027
-23.030894154;-46.95243784;763.7;65880;165.8111835334476;971.5111835334476;Line 333;0;151.964594158027
-23.031134915;-46.952303743;762.1;65850;165.73567753001709;971.4356775300171;Line 333;0;151.964594158027
-23.031375675;-46.952169645;760.9;65820;165.66017152658657;971.3601715265866;Line 333;0;151.964594158027
-23.031616435;-46.952035547;760.2;65790;165.58466552315602;971.284665523156;Line 333;0;151.964594158027
-23.031857195;-46.951901448;762.8;65760;165.5091595197255;971.2091595197255;Line 333;0;151.964594158027
-23.032097955;-46.951767349;765.5;65730;165.43365351629495;971.133653516295;Line 333;0;151.964594158027
-23.032338715;-46.95163325;768.0;65700;165.3581475128644;971.0581475128645;Line 333;0;151.964594158027
-23.032579475;-46.95149915;771.1;65670;165.28264150943392;970.982641509434;Line 333;0;151.964594158027
-23.032820235;-46.95136505;773.5;65640;165.20713550600337;970.9071355060034;Line 333;0;151.964594158027
-23.033060995;-46.951230949;775.0;65610;165.13162950257282;970.8316295025729;Line 333;0;151.964594158027
-23.033301755;-46.951096847;775.9;65580;165.0561234991423;970.7561234991424;Line 333;0;151.964594158027
-23.033542514;-46.950962746;778.8;65550;164.98061749571175;970.6806174957118;Line 333;0;151.964594158027
-23.033783274;-46.950828643;781.8;65520;164.90511149228124;970.6051114922813;Line 333;0;151.964594158027
-23.034024033;-46.950694541;785.0;65490;164.82960548885072;970.5296054888507;Line 333;0;151.964594158027
-23.034264792;-46.950560438;787.3;65460;164.75409948542017;970.4540994854202;Line 333;0;151.964594158027
-23.034505551;-46.950426334;789.1;65430;164.67859348198962;970.3785934819897;Line 333;0;151.964594158027
-23.034746311;-46.95029223;791.0;65400;164.6030874785591;970.3030874785592;Line 333;0;151.964594158027
-23.03498707;-46.950158126;792.8;65370;164.52758147512858;970.2275814751287;Line 333;0;151.964594158027
-23.035227829;-46.950024021;789.5;65340;164.45207547169804;970.152075471698;Line 333;0;151.964594158027
-23.035468587;-46.949889915;785.7;65310;164.37656946826752;970.0765694682675;Line 333;0;151.964594158027
-23.035709346;-46.94975581;782.3;65280;164.30106346483697;970.001063464837;Line 333;0;151.964594158027
-23.035950105;-46.949621703;780.0;65250;164.22555746140642;969.9255574614065;Line 333;0;151.964594158027
-23.036190863;-46.949487597;778.9;65220;164.15005145797593;969.850051457976;Line 333;0;151.964594158027
-23.036431622;-46.949353489;778.3;65190;164.0745454545454;969.7745454545454;Line 333;0;151.964594158027
-23.03667238;-46.949219382;778.1;65160;163.99903945111484;969.6990394511149;Line 333;0;151.964594158027
-23.036913139;-46.949085274;775.5;65130;163.92353344768432;969.6235334476844;Line 333;0;151.964594158027
-23.037153897;-46.948951165;772.2;65100;163.84802744425377;969.5480274442539;Line 333;0;151.964594158027
-23.037394655;-46.948817056;768.6;65070;163.77252144082328;969.4725214408234;Line 333;0;151.964594158027
-23.037635413;-46.948682947;765.2;65040;163.69701543739274;969.3970154373928;Line 333;0;151.964594158027
-23.037876171;-46.948548837;761.9;65010;163.6215094339622;969.3215094339622;Line 333;0;151.964594158027
-23.038116929;-46.948414727;758.4;64980;163.54600343053167;969.2460034305317;Line 333;0;151.964594158027
-23.038357687;-46.948280616;755.5;64950;163.47049742710112;969.1704974271012;Line 333;0;151.964594158027
-23.038598445;-46.948146505;756.8;64920;163.3949914236706;969.0949914236706;Line 333;0;151.964594158027
-23.038839202;-46.948012393;757.7;64890;163.31948542024008;969.0194854202401;Line 333;0;151.964594158027
-23.03907996;-46.947878281;758.2;64860;163.24397941680954;968.9439794168096;Line 333;0;151.964594158027
-23.039320717;-46.947744168;758.9;64830;163.168473413379;968.868473413379;Line 333;0;151.964594158027
-23.039561474;-46.947610055;759.0;64800;163.09296740994847;968.7929674099485;Line 333;0;151.964594158027
-23.039802232;-46.947475942;758.5;64770;163.01746140651795;968.7174614065179;Line 333;0;151.964594158027
-23.040042989;-46.947341828;759.5;64740;162.9419554030874;968.6419554030874;Line 333;0;151.964594158027
-23.040283746;-46.947207713;760.1;64710;162.8664493996569;968.5664493996569;Line 333;0;151.964594158027
-23.040524503;-46.947073598;759.5;64680;162.79094339622634;968.4909433962264;Line 333;0;151.964594158027
-23.04076526;-46.946939483;757.8;64650;162.7154373927958;968.4154373927959;Line 333;0;151.964594158027
-23.041006017;-46.946805367;757.6;64620;162.6399313893653;968.3399313893653;Line 333;0;151.964594158027
-23.041246773;-46.946671251;758.0;64590;162.56442538593475;968.2644253859348;Line 333;0;151.964594158027
-23.04148753;-46.946537135;759.5;64560;162.4889193825042;968.1889193825043;Line 333;0;151.964594158027
-23.041728287;-46.946403017;761.0;64530;162.4134133790737;968.1134133790738;Line 333;0;151.964594158027
-23.041969043;-46.9462689;763.1;64500;162.33790737564314;968.0379073756432;Line 333;0;151.964594158027
-23.0422098;-46.946134782;765.7;64470;162.26240137221262;967.9624013722126;Line 333;0;151.964594158027
-23.042450556;-46.946000663;768.9;64440;162.1868953687821;967.8868953687821;Line 333;0;151.964594158027
-23.042691312;-46.945866544;772.5;64410;162.11138936535156;967.8113893653516;Line 333;0;151.964594158027
-23.042932068;-46.945732425;775.1;64380;162.03588336192104;967.7358833619211;Line 333;0;151.964594158027
-23.043172824;-46.945598305;777.6;64350;161.9603773584905;967.6603773584906;Line 333;0;151.964594158027
-23.04341358;-46.945464185;780.3;64320;161.88487135505997;967.58487135506;Line 333;0;151.964594158027
-23.043654336;-46.945330064;782.8;64290;161.80936535162945;967.5093653516295;Line 333;0;151.964594158027
-23.043895092;-46.945195943;785.0;64260;161.7338593481989;967.4338593481989;Line 333;0;151.964594158027
-23.044135847;-46.945061821;786.9;64230;161.65835334476836;967.3583533447684;Line 333;0;151.964594158027
-23.044376603;-46.944927699;787.8;64200;161.58284734133784;967.2828473413379;Line 333;0;151.964594158027
-23.044617359;-46.944793577;788.8;64170;161.50734133790732;967.2073413379073;Line 333;0;151.964594158027
-23.044858114;-46.944659454;790.3;64140;161.43183533447677;967.1318353344768;Line 333;0;151.964594158027
-23.045098869;-46.94452533;794.6;64110;161.35632933104625;967.0563293310463;Line 333;0;151.964594158027
-23.045339625;-46.944391207;801.7;64080;161.2808233276157;966.9808233276158;Line 333;0;151.964594158027
-23.04558038;-46.944257082;808.3;64050;161.20531732418516;966.9053173241853;Line 333;0;151.964594158027
-23.045821135;-46.944122957;814.4;64020;161.12981132075467;966.8298113207547;Line 333;0;151.964594158027
-23.04606189;-46.943988832;808.8;63990;161.05430531732412;966.7543053173242;Line 333;0;151.964594158027
-23.046302645;-46.943854706;802.4;63960;160.97879931389357;966.6787993138936;Line 333;0;151.964594158027
-23.046543399;-46.94372058;795.6;63930;160.90329331046306;966.6032933104631;Line 333;0;151.964594158027
-23.046784154;-46.943586454;788.3;63900;160.82778730703254;966.5277873070326;Line 333;0;151.964594158027
-23.047024909;-46.943452327;780.9;63870;160.752281303602;966.452281303602;Line 333;0;151.964594158027
-23.047265663;-46.943318199;773.9;63840;160.67677530017147;966.3767753001715;Line 333;0;151.964594158027
-23.047506418;-46.943184071;768.6;63810;160.60126929674092;966.301269296741;Line 333;0;151.964594158027
-23.047747172;-46.943049943;770.6;63780;160.52576329331038;966.2257632933104;Line 333;0;151.964594158027
-23.047987926;-46.942915814;773.3;63750;160.4502572898799;966.15025728988;Line 333;0;151.964594158027
-23.048228681;-46.942781685;776.7;63720;160.37475128644934;966.0747512864493;Line 333;0;151.964594158027
-23.048469435;-46.942647555;780.6;63690;160.2992452830188;965.9992452830188;Line 333;0;151.964594158027
-23.048710189;-46.942513425;784.5;63660;160.22373927958827;965.9237392795883;Line 333;0;151.964594158027
-23.048950943;-46.942379294;788.0;63630;160.14823327615773;965.8482332761578;Line 333;0;151.964594158027
-23.049191696;-46.942245163;791.4;63600;160.0727272727272;965.7727272727273;Line 333;0;151.964594158027
-23.04943245;-46.942111031;795.2;63570;159.9972212692967;965.6972212692967;Line 333;0;151.964594158027
-23.049673204;-46.941976899;798.4;63540;159.92171526586614;965.6217152658662;Line 333;0;151.964594158027
-23.049913957;-46.941842767;801.0;63510;159.84620926243562;965.5462092624357;Line 333;0;151.964594158027
-23.050154711;-46.941708634;801.3;63480;159.77070325900507;965.4707032590052;Line 333;0;151.964594158027
-23.050395464;-46.9415745;800.0;63450;159.69519725557456;965.3951972555747;Line 333;0;151.964594158027
-23.050636218;-46.941440366;797.9;63420;159.61969125214404;965.3196912521441;Line 333;0;151.964594158027
-23.050876971;-46.941306232;795.0;63390;159.5441852487135;965.2441852487135;Line 333;0;151.964594158027
-23.051117724;-46.941172097;791.5;63360;159.46867924528294;965.168679245283;Line 333;0;151.964594158027
-23.051358477;-46.941037962;788.9;63330;159.39317324185242;965.0931732418525;Line 333;0;151.964594158027
-23.05159923;-46.940903827;787.2;63300;159.3176672384219;965.017667238422;Line 333;0;151.964594158027
-23.051839983;-46.94076969;785.6;63270;159.24216123499136;964.9421612349914;Line 333;0;151.964594158027
-23.052080735;-46.940635554;783.5;63240;159.16665523156084;964.8666552315609;Line 333;0;151.964594158027
-23.052321488;-46.940501417;781.8;63210;159.0911492281303;964.7911492281303;Line 333;0;151.964594158027
-23.052562241;-46.940367279;781.2;63180;159.01564322469974;964.7156432246998;Line 333;0;151.964594158027
-23.052802993;-46.940233142;782.6;63150;158.94013722126925;964.6401372212692;Line 333;0;151.964594158027
-23.053043746;-46.940099003;783.9;63120;158.8646312178387;964.5646312178387;Line 333;0;151.964594158027
-23.053284498;-46.939964864;784.8;63090;158.78912521440816;964.4891252144082;Line 333;0;151.964594158027
-23.05352525;-46.939830725;783.6;63060;158.71361921097764;964.4136192109777;Line 333;0;151.964594158027
-23.053766002;-46.939696585;782.0;63030;158.6381132075471;964.3381132075472;Line 333;0;151.964594158027
-23.054006754;-46.939562445;780.1;63000;158.56260720411657;964.2626072041166;Line 333;0;151.964594158027
-23.054247506;-46.939428305;777.6;62970;158.48710120068606;964.1871012006861;Line 333;0;151.964594158027
-23.054488258;-46.939294163;774.8;62940;158.4115951972555;964.1115951972556;Line 333;0;151.964594158027
-23.05472901;-46.939160022;773.0;62910;158.33608919382496;964.036089193825;Line 333;0;151.964594158027
-23.054969762;-46.93902588;773.0;62880;158.26058319039444;963.9605831903945;Line 333;0;151.964594158027
-23.055210513;-46.938891737;771.2;62850;158.18507718696392;963.8850771869639;Line 333;0;151.964594158027
-23.055451265;-46.938757595;770.1;62820;158.10957118353338;963.8095711835334;Line 333;0;151.964594158027
-23.055692016;-46.938623451;770.3;62790;158.03406518010286;963.7340651801029;Line 333;0;151.964594158027
-23.055932768;-46.938489307;769.9;62760;157.9585591766723;963.6585591766724;Line 333;0;151.964594158027
-23.056173519;-46.938355163;766.8;62730;157.8830531732418;963.5830531732419;Line 333;0;151.964594158027
-23.05641427;-46.938221018;763.4;62700;157.80754716981127;963.5075471698113;Line 333;0;151.964594158027
-23.056655021;-46.938086873;760.6;62670;157.73204116638072;963.4320411663807;Line 333;0;151.964594158027
-23.056895772;-46.937952728;755.8;62640;157.6565351629502;963.3565351629502;Line 333;0;151.964594158027
-23.057136523;-46.937818582;749.6;62610;157.58102915951966;963.2810291595197;Line 333;0;151.964594158027
-23.057377274;-46.937684435;742.1;62580;157.5055231560891;963.2055231560892;Line 333;0;151.964594158027
-23.057618025;-46.937550288;737.7;62550;157.43001715265862;963.1300171526586;Line 333;0;151.964594158027
-23.057858775;-46.937416141;738.0;62520;157.35451114922807;963.0545111492281;Line 333;0;151.964594158027
-23.058099526;-46.937281993;738.2;62490;157.27900514579753;962.9790051457976;Line 333;0;151.964594158027
-23.058340277;-46.937147845;737.9;62460;157.203499142367;962.9034991423671;Line 333;0;151.964594158027
-23.058581027;-46.937013696;742.6;62430;157.12799313893646;962.8279931389366;Line 333;0;151.964594158027
-23.058821777;-46.936879547;746.9;62400;157.05248713550594;962.752487135506;Line 333;0;151.964594158027
-23.059062527;-46.936745397;750.7;62370;156.97698113207542;962.6769811320755;Line 333;0;151.964594158027
-23.059303278;-46.936611247;750.6;62340;156.90147512864488;962.6014751286449;Line 333;0;151.964594158027
-23.059544028;-46.936477096;747.1;62310;156.82596912521433;962.5259691252144;Line 333;0;151.964594158027
-23.059784778;-46.936342945;743.5;62280;156.7504631217838;962.4504631217839;Line 333;0;151.964594158027
-23.060025527;-46.936208794;739.5;62250;156.6749571183533;962.3749571183533;Line 333;0;151.964594158027
-23.060266277;-46.936074642;732.6;62220;156.59945111492274;962.2994511149228;Line 333;0;151.964594158027
-23.060507027;-46.935940489;726.2;62190;156.52394511149222;962.2239451114923;Line 333;0;151.964594158027
-23.060747776;-46.935806336;721.2;62160;156.44843910806168;962.1484391080617;Line 333;0;151.964594158027
-23.060988526;-46.935672183;722.3;62130;156.37293310463113;962.0729331046311;Line 333;0;151.964594158027
-23.061229275;-46.935538029;725.1;62100;156.29742710120064;961.9974271012006;Line 333;0;151.964594158027
-23.061470025;-46.935403875;728.7;62070;156.2219210977701;961.9219210977701;Line 333;0;151.964594158027
-23.061710774;-46.935269721;733.3;62040;156.14641509433955;961.8464150943396;Line 333;0;151.964594158027
-23.061951523;-46.935135565;738.7;62010;156.07090909090903;961.7709090909091;Line 333;0;151.964594158027
-23.062192272;-46.93500141;744.0;61980;155.99540308747848;961.6954030874786;Line 333;0;151.964594158027
-23.062433021;-46.934867254;748.8;61950;155.91989708404796;961.619897084048;Line 333;0;151.964594158027
-23.06267377;-46.934733097;752.7;61920;155.84439108061744;961.5443910806175;Line 333;0;151.964594158027
-23.062914519;-46.93459894;755.8;61890;155.7688850771869;961.468885077187;Line 333;0;151.964594158027
-23.063155267;-46.934464783;758.3;61860;155.69337907375638;961.3933790737565;Line 333;0;151.964594158027
-23.063396016;-46.934330625;759.8;61830;155.61787307032583;961.3178730703258;Line 333;0;151.964594158027
-23.063636765;-46.934196467;759.5;61800;155.5423670668953;961.2423670668953;Line 333;0;151.964594158027
-23.063877513;-46.934062308;759.3;61770;155.4668610634648;961.1668610634648;Line 333;0;151.964594158027
-23.064118261;-46.933928149;759.0;61740;155.39135506003424;961.0913550600343;Line 333;0;151.964594158027
-23.06435901;-46.933793989;754.8;61710;155.3158490566037;961.0158490566038;Line 333;0;151.964594158027
-23.064599758;-46.933659829;749.3;61680;155.24034305317318;960.9403430531733;Line 333;0;151.964594158027
-23.064840506;-46.933525669;743.5;61650;155.16483704974266;960.8648370497427;Line 333;0;151.964594158027
-23.065081254;-46.933391508;739.8;61620;155.0893310463121;960.7893310463121;Line 333;0;151.964594158027
-23.065322002;-46.933257346;740.3;61590;155.0138250428816;960.7138250428816;Line 333;0;151.964594158027
-23.06556275;-46.933123184;740.3;61560;154.93831903945105;960.6383190394511;Line 333;0;151.964594158027
-23.065803497;-46.932989022;740.2;61530;154.8628130360205;960.5628130360205;Line 333;0;151.964594158027
-23.066044245;-46.932854859;745.0;61500;154.78730703259;960.48730703259;Line 333;0;151.964594158027
-23.066284993;-46.932720696;750.6;61470;154.71180102915946;960.4118010291595;Line 333;0;151.964594158027
-23.06652574;-46.932586532;756.5;61440;154.6362950257289;960.336295025729;Line 333;0;151.964594158027
-23.066766487;-46.932452368;760.9;61410;154.5607890222984;960.2607890222985;Line 333;0;151.964594158027
-23.067007235;-46.932318203;763.2;61380;154.48528301886785;960.185283018868;Line 333;0;151.964594158027
-23.067247982;-46.932184038;766.1;61350;154.40977701543733;960.1097770154374;Line 333;0;151.964594158027
-23.067488729;-46.932049873;769.7;61320;154.3342710120068;960.0342710120069;Line 333;0;151.964594158027
-23.067729476;-46.931915707;770.2;61290;154.25876500857626;959.9587650085763;Line 333;0;151.964594158027
-23.067970223;-46.93178154;771.6;61260;154.18325900514571;959.8832590051458;Line 333;0;151.964594158027
-23.06821097;-46.931647373;774.1;61230;154.1077530017152;959.8077530017152;Line 333;0;151.964594158027
-23.068451717;-46.931513206;775.9;61200;154.03224699828468;959.7322469982847;Line 333;0;151.964594158027
-23.068692463;-46.931379038;778.4;61170;153.95674099485413;959.6567409948542;Line 333;0;151.964594158027
-23.06893321;-46.93124487;782.2;61140;153.8812349914236;959.5812349914237;Line 333;0;151.964594158027
-23.069173956;-46.931110701;787.3;61110;153.80572898799306;959.505728987993;Line 333;0;151.964594158027
-23.069414703;-46.930976532;790.1;61080;153.73022298456254;959.4302229845625;Line 333;0;151.964594158027
-23.069655449;-46.930842363;793.4;61050;153.65471698113203;959.354716981132;Line 333;0;151.964594158027
-23.069896195;-46.930708193;795.2;61020;153.57921097770148;959.2792109777015;Line 333;0;151.964594158027
-23.070136941;-46.930574022;795.7;60990;153.50370497427096;959.203704974271;Line 333;0;151.964594158027
-23.070377687;-46.930439851;794.8;60960;153.4281989708404;959.1281989708405;Line 333;0;151.964594158027
-23.070618433;-46.93030568;794.4;60930;153.35269296740987;959.0526929674099;Line 333;0;151.964594158027
-23.070859179;-46.930171508;795.0;60900;153.27718696397937;958.9771869639794;Line 333;0;151.964594158027
-23.071099925;-46.930037335;800.3;60870;153.20168096054883;958.9016809605489;Line 333;0;151.964594158027
-23.071340671;-46.929903163;805.2;60840;153.12617495711828;958.8261749571184;Line 333;0;151.964594158027
-23.071581416;-46.929768989;810.4;60810;153.05066895368776;958.7506689536879;Line 333;0;151.964594158027
-23.071822162;-46.929634816;816.7;60780;152.97516295025721;958.6751629502572;Line 333;0;151.964594158027
-23.072062907;-46.929500642;823.4;60750;152.8996569468267;958.5996569468267;Line 333;0;151.964594158027
-23.072303653;-46.929366467;830.0;60720;152.82415094339618;958.5241509433962;Line 333;0;151.964594158027
-23.072544398;-46.929232292;835.3;60690;152.74864493996563;958.4486449399657;Line 333;0;151.964594158027
-23.072785143;-46.929098116;834.1;60660;152.67313893653508;958.3731389365352;Line 333;0;151.964594158027
-23.073025888;-46.928963941;833.2;60630;152.59763293310456;958.2976329331046;Line 333;0;151.964594158027
-23.073266633;-46.928829764;833.4;60600;152.52212692967404;958.2221269296741;Line 333;0;151.964594158027
-23.073507378;-46.928695587;831.8;60570;152.4466209262435;958.1466209262435;Line 333;0;151.964594158027
-23.073748123;-46.92856141;829.4;60540;152.37111492281298;958.071114922813;Line 333;0;151.964594158027
-23.073988868;-46.928427232;827.4;60510;152.29560891938243;957.9956089193824;Line 333;0;151.964594158027
-23.074229612;-46.928293054;823.6;60480;152.22010291595188;957.9201029159519;Line 333;0;151.964594158027
-23.074470357;-46.928158875;814.1;60450;152.1445969125214;957.8445969125214;Line 333;0;151.964594158027
-23.074711101;-46.928024696;804.3;60420;152.06909090909085;957.7690909090909;Line 333;0;151.964594158027
-23.074951846;-46.927890517;794.2;60390;151.99358490566033;957.6935849056604;Line 333;0;151.964594158027
-23.07519259;-46.927756337;785.1;60360;151.91807890222978;957.6180789022299;Line 333;0;151.964594158027
-23.075433334;-46.927622156;776.8;60330;151.84257289879923;957.5425728987993;Line 333;0;151.964594158027
-23.075674078;-46.927487975;769.1;60300;151.76706689536874;957.4670668953688;Line 333;0;151.964594158027
-23.075914822;-46.927353794;766.1;60270;151.6915608919382;957.3915608919383;Line 333;0;151.964594158027
-23.076155566;-46.927219612;769.2;60240;151.61605488850765;957.3160548885077;Line 333;0;151.964594158027
-23.07639631;-46.92708543;772.2;60210;151.54054888507713;957.2405488850771;Line 333;0;151.964594158027
-23.076637054;-46.926951247;775.1;60180;151.46504288164658;957.1650428816466;Line 333;0;151.964594158027
-23.076877797;-46.926817064;779.7;60150;151.38953687821606;957.0895368782161;Line 333;0;151.964594158027
-23.077118541;-46.92668288;784.9;60120;151.31403087478554;957.0140308747856;Line 333;0;151.964594158027
-23.077359284;-46.926548696;789.3;60090;151.238524871355;956.9385248713551;Line 333;0;151.964594158027
-23.077600028;-46.926414511;792.7;60060;151.16301886792445;956.8630188679244;Line 333;0;151.964594158027
-23.077840771;-46.926280326;795.0;60030;151.08751286449393;956.7875128644939;Line 333;0;151.964594158027
-23.078081514;-46.926146141;797.9;60000;151.0120068610634;956.7120068610634;Line 333;0;151.964594158027
-23.078322257;-46.926011955;801.5;59970;150.93650085763286;956.6365008576329;Line 333;0;151.964594158027
-23.078563;-46.925877769;802.3;59940;150.86099485420235;956.5609948542024;Line 333;0;151.964594158027
-23.078803743;-46.925743582;801.7;59910;150.7854888507718;956.4854888507718;Line 333;0;151.964594158027
-23.079044486;-46.925609394;801.5;59880;150.70998284734125;956.4099828473413;Line 333;0;151.964594158027
-23.079285229;-46.925475207;799.5;59850;150.63447684391076;956.3344768439108;Line 333;0;151.964594158027
-23.079525972;-46.925341018;795.2;59820;150.5589708404802;956.2589708404803;Line 333;0;151.964594158027
-23.079766714;-46.92520683;791.3;59790;150.48346483704967;956.1834648370498;Line 333;0;151.964594158027
-23.080007457;-46.925072641;787.9;59760;150.40795883361915;956.1079588336193;Line 333;0;151.964594158027
-23.080248199;-46.924938451;782.3;59730;150.3324528301886;956.0324528301886;Line 333;0;151.964594158027
-23.080488941;-46.924804261;775.7;59700;150.25694682675808;955.9569468267581;Line 333;0;151.964594158027
-23.080729684;-46.924670071;769.6;59670;150.18144082332756;955.8814408233276;Line 333;0;151.964594158027
-23.080970426;-46.92453588;764.3;59640;150.10593481989702;955.8059348198971;Line 333;0;151.964594158027
-23.081211168;-46.924401688;760.0;59610;150.0304288164665;955.7304288164665;Line 333;0;151.964594158027
-23.08145191;-46.924267497;756.5;59580;149.95492281303595;955.654922813036;Line 333;0;151.964594158027
-23.081692652;-46.924133304;752.9;59550;149.87941680960543;955.5794168096055;Line 333;0;151.964594158027
-23.081933393;-46.923999112;745.4;59520;149.8039108061749;955.503910806175;Line 333;0;151.964594158027
-23.082174135;-46.923864918;738.4;59490;149.72840480274436;955.4284048027444;Line 333;0;151.964594158027
-23.082414877;-46.923730725;731.6;59460;149.65289879931382;955.3528987993138;Line 333;0;151.964594158027
-23.082655618;-46.923596531;728.4;59430;149.5773927958833;955.2773927958833;Line 333;0;151.964594158027
-23.08289636;-46.923462336;728.3;59400;149.50188679245278;955.2018867924528;Line 333;0;151.964594158027
-23.083137101;-46.923328141;729.9;59370;149.42638078902223;955.1263807890223;Line 333;0;151.964594158027
-23.083377842;-46.923193946;736.1;59340;149.3508747855917;955.0508747855918;Line 333;0;151.964594158027
-23.083618584;-46.92305975;746.4;59310;149.27536878216117;954.9753687821612;Line 333;0;151.964594158027
-23.083859325;-46.922925553;756.8;59280;149.19986277873062;954.8998627787307;Line 333;0;151.964594158027
-23.084100066;-46.922791357;767.1;59250;149.12435677530013;954.8243567753002;Line 333;0;151.964594158027
-23.084340807;-46.922657159;769.7;59220;149.04885077186958;954.7488507718697;Line 333;0;151.964594158027
-23.084581547;-46.922522962;768.5;59190;148.97334476843903;954.673344768439;Line 333;0;151.964594158027
-23.084822288;-46.922388764;766.1;59160;148.89783876500852;954.5978387650085;Line 333;0;151.964594158027
-23.085063029;-46.922254565;763.0;59130;148.82233276157797;954.522332761578;Line 333;0;151.964594158027
-23.085303769;-46.922120366;758.6;59100;148.74682675814745;954.4468267581475;Line 333;0;151.964594158027
-23.08554451;-46.921986166;754.7;59070;148.67132075471693;954.371320754717;Line 333;0;151.964594158027
-23.08578525;-46.921851966;751.2;59040;148.59581475128638;954.2958147512865;Line 333;0;151.964594158027
-23.08602599;-46.921717766;752.6;59010;148.52030874785584;954.2203087478558;Line 333;0;151.964594158027
-23.086266731;-46.921583565;754.0;58980;148.44480274442532;954.1448027444253;Line 333;0;151.964594158027
-23.086507471;-46.921449364;754.4;58950;148.3692967409948;954.0692967409948;Line 333;0;151.964594158027
-23.086748211;-46.921315162;753.9;58920;148.29379073756425;953.9937907375643;Line 333;0;151.964594158027
-23.086988951;-46.92118096;751.5;58890;148.21828473413373;953.9182847341337;Line 333;0;151.964594158027
-23.08722969;-46.921046757;746.9;58860;148.14277873070318;953.8427787307032;Line 333;0;151.964594158027
-23.08747043;-46.920912554;740.2;58830;148.06727272727267;953.7672727272727;Line 333;0;151.964594158027
-23.08771117;-46.92077835;734.4;58800;147.99176672384215;953.6917667238422;Line 333;0;151.964594158027
-23.087951909;-46.920644146;729.8;58770;147.9162607204116;953.6162607204117;Line 333;0;151.964594158027
-23.088192649;-46.920509942;724.2;58740;147.84075471698108;953.5407547169812;Line 333;0;151.964594158027
-23.088433388;-46.920375737;718.0;58710;147.76524871355053;953.4652487135506;Line 333;0;151.964594158027
-23.088674128;-46.920241531;711.8;58680;147.68974271012002;953.3897427101201;Line 333;0;151.964594158027
-23.088914867;-46.920107325;705.9;58650;147.6142367066895;953.3142367066896;Line 333;0;151.964594158027
-23.089155606;-46.919973119;700.4;58620;147.53873070325895;953.238730703259;Line 333;0;151.964594158027
-23.089396345;-46.919838912;700.3;58590;147.4632246998284;953.1632246998284;Line 333;0;151.964594158027
-23.089637084;-46.919704705;701.3;58560;147.38771869639788;953.0877186963979;Line 333;0;151.964594158027
-23.089877823;-46.919570497;703.1;58530;147.31221269296736;953.0122126929674;Line 333;0;151.964594158027
-23.090118562;-46.919436289;707.8;58500;147.23670668953682;952.9367066895369;Line 333;0;151.964594158027
-23.0903593;-46.91930208;714.5;58470;147.1612006861063;952.8612006861064;Line 333;0;151.964594158027
-23.090600039;-46.919167871;720.8;58440;147.08569468267575;952.7856946826757;Line 333;0;151.964594158027
-23.090840777;-46.919033662;726.9;58410;147.0101886792452;952.7101886792452;Line 333;0;151.964594158027
-23.091081516;-46.918899452;732.8;58380;146.9346826758147;952.6346826758147;Line 333;0;151.964594158027
-23.091322254;-46.918765241;738.3;58350;146.85917667238417;952.5591766723842;Line 333;0;151.964594158027
-23.091562992;-46.918631031;743.3;58320;146.78367066895362;952.4836706689537;Line 333;0;151.964594158027
-23.09180373;-46.918496819;746.8;58290;146.7081646655231;952.4081646655231;Line 333;0;151.964594158027
-23.092044469;-46.918362607;749.5;58260;146.63265866209255;952.3326586620926;Line 333;0;151.964594158027
-23.092285206;-46.918228395;752.9;58230;146.55715265866203;952.2571526586621;Line 333;0;151.964594158027
-23.092525944;-46.918094183;756.4;58200;146.48164665523151;952.1816466552316;Line 333;0;151.964594158027
-23.092766682;-46.917959969;757.8;58170;146.40614065180097;952.1061406518011;Line 333;0;151.964594158027
-23.09300742;-46.917825756;759.7;58140;146.33063464837042;952.0306346483704;Line 333;0;151.964594158027
-23.093248157;-46.917691542;762.1;58110;146.2551286449399;951.9551286449399;Line 333;0;151.964594158027
-23.093488895;-46.917557327;763.3;58080;146.17962264150938;951.8796226415094;Line 333;0;151.964594158027
-23.093729632;-46.917423112;762.5;58050;146.10411663807884;951.8041166380789;Line 333;0;151.964594158027
-23.09397037;-46.917288897;761.2;58020;146.02861063464832;951.7286106346484;Line 333;0;151.964594158027
-23.094211107;-46.917154681;760.0;57990;145.95310463121777;951.6531046312178;Line 333;0;151.964594158027
-23.094451844;-46.917020465;755.8;57960;145.87759862778725;951.5775986277873;Line 333;0;151.964594158027
-23.094692581;-46.916886248;751.5;57930;145.80209262435673;951.5020926243568;Line 333;0;151.964594158027
-23.094933318;-46.916752031;747.0;57900;145.72658662092618;951.4265866209262;Line 333;0;151.964594158027
-23.095174055;-46.916617813;741.3;57870;145.65108061749567;951.3510806174957;Line 333;0;151.964594158027
-23.095414792;-46.916483595;735.2;57840;145.57557461406512;951.2755746140651;Line 333;0;151.964594158027
-23.095655529;-46.916349376;728.9;57810;145.50006861063457;951.2000686106346;Line 333;0;151.964594158027
-23.095896265;-46.916215157;724.1;57780;145.42456260720408;951.1245626072041;Line 333;0;151.964594158027
-23.096137002;-46.916080938;724.9;57750;145.34905660377353;951.0490566037736;Line 333;0;151.964594158027
-23.096377738;-46.915946718;726.6;57720;145.273550600343;950.9735506003431;Line 333;0;151.964594158027
-23.096618475;-46.915812497;729.2;57690;145.19804459691247;950.8980445969125;Line 333;0;151.964594158027
-23.096859211;-46.915678277;731.6;57660;145.12253859348192;950.822538593482;Line 333;0;151.964594158027
-23.097099947;-46.915544055;734.2;57630;145.0470325900514;950.7470325900515;Line 333;0;151.964594158027
-23.097340683;-46.915409833;737.3;57600;144.97152658662088;950.671526586621;Line 333;0;151.964594158027
-23.097581419;-46.915275611;738.8;57570;144.89602058319034;950.5960205831904;Line 333;0;151.964594158027
-23.097822155;-46.915141389;736.6;57540;144.8205145797598;950.5205145797598;Line 333;0;151.964594158027
-23.098062891;-46.915007165;733.7;57510;144.74500857632927;950.4450085763293;Line 333;0;151.964594158027
-23.098303627;-46.914872942;731.0;57480;144.66950257289875;950.3695025728988;Line 333;0;151.964594158027
-23.098544362;-46.914738718;730.6;57450;144.5939965694682;950.2939965694683;Line 333;0;151.964594158027
-23.098785098;-46.914604493;729.7;57420;144.51849056603768;950.2184905660378;Line 333;0;151.964594158027
-23.099025833;-46.914470268;728.1;57390;144.44298456260714;950.1429845626071;Line 333;0;151.964594158027
-23.099266569;-46.914336043;728.3;57360;144.3674785591766;950.0674785591766;Line 333;0;151.964594158027
-23.099507304;-46.914201817;731.9;57330;144.2919725557461;949.9919725557461;Line 333;0;151.964594158027
-23.099748039;-46.914067591;735.1;57300;144.21646655231555;949.9164665523156;Line 333;0;151.964594158027
-23.099988775;-46.913933364;737.5;57270;144.140960548885;949.840960548885;Line 333;0;151.964594158027
-23.10022951;-46.913799137;739.8;57240;144.0654545454545;949.7654545454545;Line 333;0;151.964594158027
-23.100470244;-46.913664909;742.8;57210;143.98994854202394;949.689948542024;Line 333;0;151.964594158027
-23.100710979;-46.913530681;746.5;57180;143.91444253859345;949.6144425385935;Line 333;0;151.964594158027
-23.100951714;-46.913396452;748.8;57150;143.8389365351629;949.538936535163;Line 333;0;151.964594158027
-23.101192449;-46.913262223;747.9;57120;143.76343053173235;949.4634305317325;Line 333;0;151.964594158027
-23.101433183;-46.913127994;745.8;57090;143.68792452830183;949.3879245283019;Line 333;0;151.964594158027
-23.101673918;-46.912993764;743.4;57060;143.6124185248713;949.3124185248713;Line 333;0;151.964594158027
-23.101914652;-46.912859534;738.5;57030;143.53691252144077;949.2369125214408;Line 333;0;151.964594158027
-23.102155387;-46.912725303;733.7;57000;143.46140651801025;949.1614065180103;Line 333;0;151.964594158027
-23.102396121;-46.912591071;729.1;56970;143.3859005145797;949.0859005145797;Line 333;0;151.964594158027
-23.102636855;-46.91245684;725.3;56940;143.31039451114916;949.0103945111492;Line 333;0;151.964594158027
-23.102877589;-46.912322607;722.0;56910;143.23488850771864;948.9348885077187;Line 333;0;151.964594158027
-23.103118323;-46.912188375;718.7;56880;143.15938250428812;948.8593825042882;Line 333;0;151.964594158027
-23.103359057;-46.912054142;715.6;56850;143.08387650085757;948.7838765008576;Line 333;0;151.964594158027
-23.103599791;-46.911919908;712.3;56820;143.00837049742705;948.708370497427;Line 333;0;151.964594158027
-23.103840524;-46.911785674;708.0;56790;142.9328644939965;948.6328644939965;Line 333;0;151.964594158027
-23.104081258;-46.91165144;703.2;56760;142.85735849056596;948.557358490566;Line 333;0;151.964594158027
-23.104321991;-46.911517205;701.6;56730;142.78185248713547;948.4818524871355;Line 333;0;151.964594158027
-23.104562725;-46.911382969;701.5;56700;142.70634648370492;948.406346483705;Line 333;0;151.964594158027
-23.104803458;-46.911248733;701.9;56670;142.63084048027437;948.3308404802744;Line 333;0;151.964594158027
-23.105044191;-46.911114497;703.2;56640;142.55533447684385;948.2553344768439;Line 333;0;151.964594158027
-23.105284925;-46.91098026;706.9;56610;142.4798284734133;948.1798284734134;Line 333;0;151.964594158027
-23.105525658;-46.910846023;710.9;56580;142.4043224699828;948.1043224699829;Line 333;0;151.964594158027
-23.105766391;-46.910711785;715.0;56550;142.32881646655227;948.0288164665524;Line 333;0;151.964594158027
-23.106007124;-46.910577547;718.6;56520;142.25331046312172;947.9533104631217;Line 333;0;151.964594158027
-23.106247856;-46.910443309;722.0;56490;142.17780445969117;947.8778044596912;Line 333;0;151.964594158027
-23.106488589;-46.91030907;725.6;56460;142.10229845626066;947.8022984562607;Line 333;0;151.964594158027
-23.106729322;-46.91017483;728.9;56430;142.02679245283014;947.7267924528302;Line 333;0;151.964594158027
-23.106970054;-46.91004059;731.8;56400;141.95128644939962;947.6512864493997;Line 333;0;151.964594158027
-23.107210787;-46.90990635;734.7;56370;141.87578044596907;947.5757804459691;Line 333;0;151.964594158027
-23.107451519;-46.909772109;737.8;56340;141.80027444253852;947.5002744425385;Line 333;0;151.964594158027
-23.107692251;-46.909637868;740.1;56310;141.724768439108;947.424768439108;Line 333;0;151.964594158027
-23.107932983;-46.909503626;742.0;56280;141.64926243567749;947.3492624356775;Line 333;0;151.964594158027
-23.108173716;-46.909369384;743.9;56250;141.57375643224694;947.273756432247;Line 333;0;151.964594158027
-23.108414448;-46.909235141;745.6;56220;141.49825042881642;947.1982504288164;Line 333;0;151.964594158027
-23.10865518;-46.909100898;747.4;56190;141.42274442538587;947.1227444253859;Line 333;0;151.964594158027
-23.108895911;-46.908966654;749.7;56160;141.34723842195532;947.0472384219554;Line 333;0;151.964594158027
-23.109136643;-46.90883241;752.3;56130;141.27173241852483;946.9717324185249;Line 333;0;151.964594158027
-23.109377375;-46.908698166;751.6;56100;141.1962264150943;946.8962264150944;Line 333;0;151.964594158027
-23.109618106;-46.908563921;750.6;56070;141.12072041166374;946.8207204116638;Line 333;0;151.964594158027
-23.109858838;-46.908429676;750.0;56040;141.04521440823322;946.7452144082333;Line 333;0;151.964594158027
-23.110099569;-46.90829543;750.4;56010;140.96970840480267;946.6697084048027;Line 333;0;151.964594158027
-23.1103403;-46.908161183;751.6;55980;140.89420240137216;946.5942024013722;Line 333;0;151.964594158027
-23.110581032;-46.908026937;752.5;55950;140.81869639794164;946.5186963979417;Line 333;0;151.964594158027
-23.110821763;-46.907892689;753.2;55920;140.7431903945111;946.4431903945111;Line 333;0;151.964594158027
-23.111062494;-46.907758442;752.9;55890;140.66768439108054;946.3676843910806;Line 333;0;151.964594158027
-23.111303225;-46.907624194;752.7;55860;140.59217838765002;946.2921783876501;Line 333;0;151.964594158027
-23.111543955;-46.907489945;752.5;55830;140.5166723842195;946.2166723842196;Line 333;0;151.964594158027
-23.111784686;-46.907355696;748.3;55800;140.44116638078896;946.141166380789;Line 333;0;151.964594158027
-23.112025417;-46.907221447;741.1;55770;140.36566037735844;946.0656603773584;Line 333;0;151.964594158027
-23.112266147;-46.907087197;733.4;55740;140.2901543739279;945.9901543739279;Line 333;0;151.964594158027
-23.112506878;-46.906952946;724.9;55710;140.21464837049737;945.9146483704974;Line 333;0;151.964594158027
-23.112747608;-46.906818695;716.8;55680;140.13914236706685;945.8391423670669;Line 333;0;151.964594158027
-23.112988339;-46.906684444;709.4;55650;140.0636363636363;945.7636363636364;Line 333;0;151.964594158027
-23.113229069;-46.906550192;703.1;55620;139.9881303602058;945.6881303602058;Line 333;0;151.964594158027
-23.113469799;-46.90641594;700.9;55590;139.91262435677524;945.6126243567753;Line 333;0;151.964594158027
-23.113710529;-46.906281687;701.6;55560;139.8371183533447;945.5371183533448;Line 333;0;151.964594158027
-23.113951259;-46.906147434;702.4;55530;139.7616123499142;945.4616123499143;Line 333;0;151.964594158027
-23.114191989;-46.906013181;703.4;55500;139.68610634648365;945.3861063464838;Line 333;0;151.964594158027
-23.114432719;-46.905878927;704.5;55470;139.6106003430531;945.3106003430531;Line 333;0;151.964594158027
-23.114673448;-46.905744672;706.5;55440;139.5350943396226;945.2350943396226;Line 333;0;151.964594158027
-23.114914178;-46.905610417;708.9;55410;139.45958833619204;945.1595883361921;Line 333;0;151.964594158027
-23.115154907;-46.905476162;710.2;55380;139.38408233276152;945.0840823327616;Line 333;0;151.964594158027
-23.115395637;-46.905341906;710.3;55350;139.308576329331;945.008576329331;Line 333;0;151.964594158027
-23.115636366;-46.90520765;709.2;55320;139.23307032590046;944.9330703259005;Line 333;0;151.964594158027
-23.115877095;-46.905073393;707.2;55290;139.1575643224699;944.8575643224699;Line 333;0;151.964594158027
-23.116117824;-46.904939136;705.9;55260;139.0820583190394;944.7820583190394;Line 333;0;151.964594158027
-23.116358554;-46.904804878;704.9;55230;139.00655231560887;944.7065523156089;Line 333;0;151.964594158027
-23.116599282;-46.90467062;703.2;55200;138.93104631217832;944.6310463121783;Line 333;0;151.964594158027
-23.116840011;-46.904536361;703.0;55170;138.8555403087478;944.5555403087478;Line 333;0;151.964594158027
-23.11708074;-46.904402102;703.4;55140;138.78003430531726;944.4800343053173;Line 333;0;151.964594158027
-23.117321469;-46.904267843;703.8;55110;138.7045283018867;944.4045283018868;Line 333;0;151.964594158027
-23.117562197;-46.904133583;704.7;55080;138.62902229845622;944.3290222984563;Line 333;0;151.964594158027
-23.117802926;-46.903999323;707.3;55050;138.55351629502567;944.2535162950257;Line 333;0;151.964594158027
-23.118043654;-46.903865062;709.6;55020;138.47801029159513;944.1780102915952;Line 333;0;151.964594158027
-23.118284383;-46.9037308;711.4;54990;138.4025042881646;944.1025042881647;Line 333;0;151.964594158027
-23.118525111;-46.903596539;713.0;54960;138.32699828473406;944.0269982847341;Line 333;0;151.964594158027
-23.118765839;-46.903462276;713.6;54930;138.25149228130354;943.9514922813036;Line 333;0;151.964594158027
-23.119006567;-46.903328014;713.2;54900;138.17598627787302;943.875986277873;Line 333;0;151.964594158027
-23.119247295;-46.903193751;712.6;54870;138.10048027444248;943.8004802744425;Line 333;0;151.964594158027
-23.119488023;-46.903059487;711.3;54840;138.02497427101196;943.724974271012;Line 333;0;151.964594158027
-23.119728751;-46.902925223;709.9;54810;137.9494682675814;943.6494682675815;Line 333;0;151.964594158027
-23.119969479;-46.902790958;708.5;54780;137.8739622641509;943.573962264151;Line 333;0;151.964594158027
-23.120210206;-46.902656694;707.8;54750;137.79845626072037;943.4984562607204;Line 333;0;151.964594158027
-23.120450934;-46.902522428;707.9;54720;137.72295025728982;943.4229502572898;Line 333;0;151.964594158027
-23.120691661;-46.902388162;711.6;54690;137.64744425385928;943.3474442538593;Line 333;0;151.964594158027
-23.120932389;-46.902253896;716.6;54660;137.57193825042876;943.2719382504288;Line 333;0;151.964594158027
-23.121173116;-46.902119629;722.2;54630;137.49643224699824;943.1964322469983;Line 333;0;151.964594158027
-23.121413843;-46.901985362;727.6;54600;137.4209262435677;943.1209262435677;Line 333;0;151.964594158027
-23.12165457;-46.901851094;732.9;54570;137.34542024013717;943.0454202401372;Line 333;0;151.964594158027
-23.121895297;-46.901716826;734.8;54540;137.26991423670663;942.9699142367067;Line 333;0;151.964594158027
-23.122136024;-46.901582558;736.5;54510;137.19440823327608;942.8944082332762;Line 333;0;151.964594158027
-23.122376751;-46.901448289;738.6;54480;137.1189022298456;942.8189022298457;Line 333;0;151.964594158027
-23.122617478;-46.901314019;740.9;54450;137.04339622641504;942.7433962264151;Line 333;0;151.964594158027
-23.122858204;-46.901179749;742.4;54420;136.9678902229845;942.6678902229845;Line 333;0;151.964594158027
-23.123098931;-46.901045479;743.1;54390;136.89238421955397;942.592384219554;Line 333;0;151.964594158027
-23.123339657;-46.900911208;742.8;54360;136.81687821612343;942.5168782161235;Line 333;0;151.964594158027
-23.123580384;-46.900776937;739.5;54330;136.7413722126929;942.441372212693;Line 333;0;151.964594158027
-23.12382111;-46.900642665;735.7;54300;136.6658662092624;942.3658662092624;Line 333;0;151.964594158027
-23.124061836;-46.900508393;731.9;54270;136.59036020583184;942.2903602058319;Line 333;0;151.964594158027
-23.124302562;-46.90037412;733.0;54240;136.5148542024013;942.2148542024013;Line 333;0;151.964594158027
-23.124543288;-46.900239847;738.1;54210;136.43934819897078;942.1393481989708;Line 333;0;151.964594158027
-23.124784014;-46.900105573;743.3;54180;136.36384219554026;942.0638421955402;Line 333;0;151.964594158027
-23.12502474;-46.899971299;748.6;54150;136.2883361921097;941.9883361921097;Line 333;0;151.964594158027
-23.125265466;-46.899837025;751.8;54120;136.2128301886792;941.9128301886792;Line 333;0;151.964594158027
-23.125506191;-46.89970275;754.6;54090;136.13732418524864;941.8373241852487;Line 333;0;151.964594158027
-23.125746917;-46.899568474;757.0;54060;136.06181818181813;941.7618181818182;Line 333;0;151.964594158027
-23.125987642;-46.899434198;756.3;54030;135.9863121783876;941.6863121783877;Line 333;0;151.964594158027
-23.126228368;-46.899299922;754.1;54000;135.91080617495706;941.6108061749571;Line 333;0;151.964594158027
-23.126469093;-46.899165645;752.1;53970;135.83530017152654;941.5353001715266;Line 333;0;151.964594158027
-23.126709818;-46.899031368;747.7;53940;135.759794168096;941.4597941680961;Line 333;0;151.964594158027
-23.126950543;-46.89889709;742.9;53910;135.68428816466545;941.3842881646655;Line 333;0;151.964594158027
-23.127191268;-46.898762812;739.1;53880;135.60878216123496;941.3087821612351;Line 333;0;151.964594158027
-23.127431993;-46.898628534;736.5;53850;135.5332761578044;941.2332761578044;Line 333;0;151.964594158027
-23.127672718;-46.898494255;735.6;53820;135.45777015437386;941.1577701543739;Line 333;0;151.964594158027
-23.127913443;-46.898359975;734.4;53790;135.38226415094334;941.0822641509434;Line 333;0;151.964594158027
-23.128154168;-46.898225695;733.8;53760;135.30675814751282;941.0067581475129;Line 333;0;151.964594158027
-23.128394892;-46.898091415;734.6;53730;135.23125214408228;940.9312521440824;Line 333;0;151.964594158027
-23.128635617;-46.897957134;737.6;53700;135.15574614065176;940.8557461406518;Line 333;0;151.964594158027
-23.128876341;-46.897822852;739.9;53670;135.0802401372212;940.7802401372212;Line 333;0;151.964594158027
-23.129117065;-46.897688571;741.4;53640;135.00473413379066;940.7047341337907;Line 333;0;151.964594158027
-23.12935779;-46.897554288;741.2;53610;134.92922813036017;940.6292281303602;Line 333;0;151.964594158027
-23.129598514;-46.897420006;739.9;53580;134.85372212692963;940.5537221269296;Line 333;0;151.964594158027
-23.129839238;-46.897285723;738.9;53550;134.77821612349908;940.4782161234991;Line 333;0;151.964594158027
-23.130079962;-46.897151439;738.9;53520;134.70271012006856;940.4027101200686;Line 333;0;151.964594158027
-23.130320686;-46.897017155;741.2;53490;134.627204116638;940.3272041166381;Line 333;0;151.964594158027
-23.130561409;-46.89688287;743.6;53460;134.5516981132075;940.2516981132076;Line 333;0;151.964594158027
-23.130802133;-46.896748585;746.1;53430;134.47619210977697;940.176192109777;Line 333;0;151.964594158027
-23.131042857;-46.8966143;749.5;53400;134.40068610634643;940.1006861063465;Line 333;0;151.964594158027
-23.13128358;-46.896480014;753.9;53370;134.32518010291588;940.0251801029159;Line 333;0;151.964594158027
-23.131524304;-46.896345728;759.9;53340;134.24967409948536;939.9496740994854;Line 333;0;151.964594158027
-23.131765027;-46.896211441;767.1;53310;134.17416809605484;939.8741680960549;Line 333;0;151.964594158027
-23.13200575;-46.896077154;774.2;53280;134.0986620926243;939.7986620926243;Line 333;0;151.964594158027
-23.132246473;-46.895942866;781.3;53250;134.02315608919378;939.7231560891938;Line 333;0;151.964594158027
-23.132487196;-46.895808578;787.4;53220;133.94765008576323;939.6476500857633;Line 333;0;151.964594158027
-23.132727919;-46.895674289;781.9;53190;133.8721440823327;939.5721440823328;Line 333;0;151.964594158027
-23.132968642;-46.89554;777.4;53160;133.7966380789022;939.4966380789023;Line 333;0;151.964594158027
-23.133209365;-46.895405711;774.3;53130;133.72113207547164;939.4211320754716;Line 333;0;151.964594158027
-23.133450088;-46.895271421;772.9;53100;133.64562607204113;939.3456260720411;Line 333;0;151.964594158027
-23.13369081;-46.89513713;773.3;53070;133.57012006861058;939.2701200686106;Line 333;0;151.964594158027
-23.133931533;-46.895002839;774.7;53040;133.49461406518003;939.1946140651801;Line 333;0;151.964594158027
-23.134172255;-46.894868548;775.3;53010;133.41910806174954;939.1191080617496;Line 333;0;151.964594158027
-23.134412977;-46.894734256;774.8;52980;133.343602058319;939.043602058319;Line 333;0;151.964594158027
-23.1346537;-46.894599964;774.0;52950;133.26809605488845;938.9680960548885;Line 333;0;151.964594158027
-23.134894422;-46.894465671;772.9;52920;133.19259005145793;938.892590051458;Line 333;0;151.964594158027
-23.135135144;-46.894331378;770.7;52890;133.11708404802738;938.8170840480275;Line 333;0;151.964594158027
-23.135375866;-46.894197084;768.0;52860;133.04157804459686;938.741578044597;Line 333;0;151.964594158027
-23.135616588;-46.89406279;765.2;52830;132.96607204116634;938.6660720411664;Line 333;0;151.964594158027
-23.13585731;-46.893928496;761.9;52800;132.8905660377358;938.5905660377358;Line 333;0;151.964594158027
-23.136098031;-46.893794201;755.8;52770;132.81506003430525;938.5150600343053;Line 333;0;151.964594158027
-23.136338753;-46.893659905;749.5;52740;132.73955403087473;938.4395540308748;Line 333;0;151.964594158027
-23.136579475;-46.89352561;743.1;52710;132.6640480274442;938.3640480274443;Line 333;0;151.964594158027
-23.136820196;-46.893391313;741.5;52680;132.58854202401366;938.2885420240137;Line 333;0;151.964594158027
-23.137060917;-46.893257016;746.2;52650;132.51303602058314;938.2130360205832;Line 333;0;151.964594158027
-23.137301639;-46.893122719;752.9;52620;132.4375300171526;938.1375300171526;Line 333;0;151.964594158027
-23.13754236;-46.892988421;759.3;52590;132.36202401372205;938.0620240137221;Line 333;0;151.964594158027
-23.137783081;-46.892854123;761.6;52560;132.28651801029156;937.9865180102915;Line 333;0;151.964594158027
-23.138023802;-46.892719825;763.3;52530;132.211012006861;937.911012006861;Line 333;0;151.964594158027
-23.138264523;-46.892585525;764.5;52500;132.1355060034305;937.8355060034305;Line 333;0;151.964594158027
-23.138505244;-46.892451226;766.2;52470;132.05999999999995;937.76;Line 333;0;151.964594158027
-23.138745964;-46.892316926;767.8;52440;131.9844939965694;937.6844939965695;Line 333;0;151.964594158027
-23.138986685;-46.892182625;768.7;52410;131.9089879931389;937.608987993139;Line 333;0;151.964594158027
-23.139227405;-46.892048325;770.2;52380;131.83348198970836;937.5334819897084;Line 333;0;151.964594158027
-23.139468126;-46.891914023;775.0;52350;131.7579759862778;937.4579759862779;Line 333;0;151.964594158027
-23.139708846;-46.891779721;779.6;52320;131.6824699828473;937.3824699828474;Line 333;0;151.964594158027
-23.139949567;-46.891645419;783.8;52290;131.60696397941675;937.3069639794168;Line 333;0;151.964594158027
-23.140190287;-46.891511116;786.2;52260;131.53145797598623;937.2314579759862;Line 333;0;151.964594158027
-23.140431007;-46.891376813;787.2;52230;131.4559519725557;937.1559519725557;Line 333;0;151.964594158027
-23.140671727;-46.89124251;787.0;52200;131.38044596912516;937.0804459691252;Line 333;0;151.964594158027
-23.140912447;-46.891108205;786.7;52170;131.30493996569462;937.0049399656947;Line 333;0;151.964594158027
-23.141153167;-46.890973901;788.6;52140;131.2294339622641;936.9294339622642;Line 333;0;151.964594158027
-23.141393886;-46.890839596;791.0;52110;131.15392795883358;936.8539279588337;Line 333;0;151.964594158027
-23.141634606;-46.89070529;792.8;52080;131.07842195540303;936.778421955403;Line 333;0;151.964594158027
-23.141875326;-46.890570984;792.2;52050;131.0029159519725;936.7029159519725;Line 333;0;151.964594158027
-23.142116045;-46.890436678;791.1;52020;130.92740994854196;936.627409948542;Line 333;0;151.964594158027
-23.142356764;-46.890302371;790.0;51990;130.85190394511142;936.5519039451115;Line 333;0;151.964594158027
-23.142597484;-46.890168064;787.2;51960;130.77639794168093;936.476397941681;Line 333;0;151.964594158027
-23.142838203;-46.890033756;781.4;51930;130.70089193825038;936.4008919382504;Line 333;0;151.964594158027
-23.143078922;-46.889899448;774.1;51900;130.62538593481983;936.3253859348199;Line 333;0;151.964594158027
-23.143319641;-46.889765139;766.5;51870;130.5498799313893;936.2498799313894;Line 333;0;151.964594158027
-23.14356036;-46.88963083;764.7;51840;130.47437392795877;936.1743739279589;Line 333;0;151.964594158027
-23.143801079;-46.889496521;763.9;51810;130.39886792452825;936.0988679245283;Line 333;0;151.964594158027
-23.144041797;-46.889362211;763.6;51780;130.32336192109773;936.0233619210978;Line 333;0;151.964594158027
-23.144282516;-46.8892279;763.4;51750;130.24785591766718;935.9478559176672;Line 333;0;151.964594158027
-23.144523235;-46.889093589;762.7;51720;130.17234991423666;935.8723499142367;Line 333;0;151.964594158027
-23.144763953;-46.888959278;761.8;51690;130.09684391080611;935.7968439108062;Line 333;0;151.964594158027
-23.145004672;-46.888824966;760.7;51660;130.0213379073756;935.7213379073756;Line 333;0;151.964594158027
-23.14524539;-46.888690654;761.1;51630;129.94583190394508;935.6458319039451;Line 333;0;151.964594158027
-23.145486108;-46.888556341;761.8;51600;129.87032590051453;935.5703259005146;Line 333;0;151.964594158027
-23.145726826;-46.888422028;762.8;51570;129.79481989708398;935.494819897084;Line 333;0;151.964594158027
-23.145967544;-46.888287714;764.1;51540;129.71931389365346;935.4193138936535;Line 333;0;151.964594158027
-23.146208262;-46.8881534;764.4;51510;129.64380789022294;935.3438078902229;Line 333;0;151.964594158027
-23.14644898;-46.888019085;763.3;51480;129.5683018867924;935.2683018867924;Line 333;0;151.964594158027
-23.146689698;-46.88788477;760.5;51450;129.49279588336188;935.1927958833619;Line 333;0;151.964594158027
-23.146930415;-46.887750455;755.8;51420;129.41728987993133;935.1172898799314;Line 333;0;151.964594158027
-23.147171133;-46.887616139;751.0;51390;129.34178387650078;935.0417838765009;Line 333;0;151.964594158027
-23.147411851;-46.887481822;745.7;51360;129.2662778730703;934.9662778730703;Line 333;0;151.964594158027
-23.147652568;-46.887347506;738.5;51330;129.19077186963975;934.8907718696398;Line 333;0;151.964594158027
-23.147893285;-46.887213188;731.8;51300;129.1152658662092;934.8152658662093;Line 333;0;151.964594158027
-23.148134002;-46.887078871;726.2;51270;129.03975986277868;934.7397598627788;Line 333;0;151.964594158027
-23.14837472;-46.886944552;721.5;51240;128.96425385934813;934.6642538593482;Line 333;0;151.964594158027
-23.148615437;-46.886810234;717.3;51210;128.88874785591761;934.5887478559176;Line 333;0;151.964594158027
-23.148856154;-46.886675914;714.2;51180;128.8132418524871;934.5132418524871;Line 333;0;151.964594158027
-23.14909687;-46.886541595;713.7;51150;128.73773584905655;934.4377358490566;Line 333;0;151.964594158027
-23.149337587;-46.886407275;713.2;51120;128.662229845626;934.3622298456261;Line 333;0;151.964594158027
-23.149578304;-46.886272954;712.8;51090;128.58672384219548;934.2867238421956;Line 333;0;151.964594158027
-23.14981902;-46.886138633;712.7;51060;128.51121783876496;934.211217838765;Line 333;0;151.964594158027
-23.150059737;-46.886004312;712.9;51030;128.43571183533442;934.1357118353344;Line 333;0;151.964594158027
-23.150300453;-46.88586999;713.6;51000;128.3602058319039;934.0602058319039;Line 333;0;151.964594158027
-23.15054117;-46.885735668;714.7;50970;128.28469982847335;933.9846998284734;Line 333;0;151.964594158027
-23.150781886;-46.885601345;716.2;50940;128.20919382504283;933.9091938250428;Line 333;0;151.964594158027
-23.151022602;-46.885467022;718.8;50910;128.1336878216123;933.8336878216123;Line 333;0;151.964594158027
-23.151263318;-46.885332698;721.7;50880;128.05818181818177;933.7581818181818;Line 333;0;151.964594158027
-23.151504034;-46.885198374;724.9;50850;127.98267581475123;933.6826758147513;Line 333;0;151.964594158027
-23.15174475;-46.885064049;728.0;50820;127.9071698113207;933.6071698113208;Line 333;0;151.964594158027
-23.151985466;-46.884929724;730.5;50790;127.83166380789017;933.5316638078903;Line 333;0;151.964594158027
-23.152226181;-46.884795399;732.6;50760;127.75615780445965;933.4561578044597;Line 333;0;151.964594158027
-23.152466897;-46.884661073;734.6;50730;127.68065180102911;933.3806518010292;Line 333;0;151.964594158027
-23.152707613;-46.884526746;735.6;50700;127.60514579759858;933.3051457975986;Line 333;0;151.964594158027
-23.152948328;-46.884392419;736.6;50670;127.52963979416803;933.2296397941681;Line 333;0;151.964594158027
-23.153189043;-46.884258092;738.0;50640;127.4541337907375;933.1541337907375;Line 333;0;151.964594158027
-23.153429759;-46.884123764;738.7;50610;127.378627787307;933.078627787307;Line 333;0;151.964594158027
-23.153670474;-46.883989436;738.3;50580;127.30312178387645;933.0031217838765;Line 333;0;151.964594158027
-23.153911189;-46.883855107;738.1;50550;127.22761578044592;932.927615780446;Line 333;0;151.964594158027
-23.154151904;-46.883720778;738.2;50520;127.15210977701538;932.8521097770155;Line 333;0;151.964594158027
-23.154392619;-46.883586448;739.7;50490;127.07660377358484;932.7766037735848;Line 333;0;151.964594158027
-23.154633333;-46.883452118;741.2;50460;127.00109777015433;932.7010977701543;Line 333;0;151.964594158027
-23.154874048;-46.883317788;742.6;50430;126.9255917667238;932.6255917667238;Line 333;0;151.964594158027
-23.155114763;-46.883183457;744.9;50400;126.85008576329325;932.5500857632933;Line 333;0;151.964594158027
-23.155355477;-46.883049125;747.7;50370;126.77457975986272;932.4745797598628;Line 333;0;151.964594158027
-23.155596192;-46.882914793;750.2;50340;126.69907375643218;932.3990737564322;Line 333;0;151.964594158027
-23.155836906;-46.882780461;752.4;50310;126.62356775300167;932.3235677530017;Line 333;0;151.964594158027
-23.15607762;-46.882646128;754.3;50280;126.54806174957113;932.2480617495712;Line 333;0;151.964594158027
-23.156318334;-46.882511795;755.9;50250;126.4725557461406;932.1725557461407;Line 333;0;151.964594158027
-23.156559049;-46.882377461;757.8;50220;126.39704974271007;932.0970497427102;Line 333;0;151.964594158027
-23.156799763;-46.882243127;759.6;50190;126.32154373927952;932.0215437392795;Line 333;0;151.964594158027
-23.157040476;-46.882108792;760.8;50160;126.24603773584901;931.946037735849;Line 333;0;151.964594158027
-23.15728119;-46.881974457;761.5;50130;126.17053173241848;931.8705317324185;Line 333;0;151.964594158027
-23.157521904;-46.881840122;761.8;50100;126.09502572898793;931.795025728988;Line 333;0;151.964594158027
-23.157762618;-46.881705786;762.8;50070;126.0195197255574;931.7195197255575;Line 333;0;151.964594158027
-23.158003331;-46.881571449;762.7;50040;125.94401372212687;931.6440137221269;Line 333;0;151.964594158027
-23.158244044;-46.881437112;762.0;50010;125.86850771869635;931.5685077186964;Line 333;0;151.964594158027
-23.158484758;-46.881302775;761.0;49980;125.79300171526582;931.4930017152659;Line 333;0;151.964594158027
-23.158725471;-46.881168437;759.8;49950;125.71749571183528;931.4174957118353;Line 333;0;151.964594158027
-23.158966184;-46.881034099;758.6;49920;125.64198970840475;931.3419897084048;Line 333;0;151.964594158027
-23.159206897;-46.88089976;757.3;49890;125.5664837049742;931.2664837049742;Line 333;0;151.964594158027
-23.15944761;-46.880765421;757.6;49860;125.4909777015437;931.1909777015437;Line 333;0;151.964594158027
-23.159688323;-46.880631081;759.5;49830;125.41547169811317;931.1154716981132;Line 333;0;151.964594158027
-23.159929036;-46.880496741;761.9;49800;125.33996569468262;931.0399656946827;Line 333;0;151.964594158027
-23.160169749;-46.8803624;765.3;49770;125.26445969125209;930.9644596912522;Line 333;0;151.964594158027
-23.160410461;-46.880228059;769.0;49740;125.18895368782155;930.8889536878216;Line 333;0;151.964594158027
-23.160651174;-46.880093718;773.0;49710;125.11344768439103;930.8134476843911;Line 333;0;151.964594158027
-23.160891886;-46.879959376;776.6;49680;125.0379416809605;930.7379416809606;Line 333;0;151.964594158027
-23.161132599;-46.879825033;779.1;49650;124.96243567752997;930.66243567753;Line 333;0;151.964594158027
-23.161373311;-46.879690691;781.7;49620;124.88692967409942;930.5869296740995;Line 333;0;151.964594158027
-23.161614023;-46.879556347;784.4;49590;124.81142367066889;930.5114236706689;Line 333;0;151.964594158027
-23.161854735;-46.879422004;787.2;49560;124.73591766723838;930.4359176672384;Line 333;0;151.964594158027
-23.162095447;-46.879287659;789.8;49530;124.66041166380784;930.3604116638079;Line 333;0;151.964594158027
-23.162336159;-46.879153315;791.9;49500;124.5849056603773;930.2849056603774;Line 333;0;151.964594158027
-23.162576871;-46.879018969;792.1;49470;124.50939965694677;930.2093996569469;Line 333;0;151.964594158027
-23.162817583;-46.878884624;791.5;49440;124.43389365351624;930.1338936535162;Line 333;0;151.964594158027
-23.163058294;-46.878750278;790.3;49410;124.35838765008572;930.0583876500857;Line 333;0;151.964594158027
-23.163299006;-46.878615931;788.7;49380;124.28288164665518;929.9828816466552;Line 333;0;151.964594158027
-23.163539717;-46.878481584;786.7;49350;124.20737564322465;929.9073756432247;Line 333;0;151.964594158027
-23.163780429;-46.878347237;784.6;49320;124.1318696397941;929.8318696397941;Line 333;0;151.964594158027
-23.16402114;-46.878212889;781.5;49290;124.05636363636357;929.7563636363636;Line 333;0;151.964594158027
-23.164261851;-46.878078541;776.5;49260;123.98085763293307;929.6808576329331;Line 333;0;151.964594158027
-23.164502562;-46.877944192;770.5;49230;123.90535162950252;929.6053516295026;Line 333;0;151.964594158027
-23.164743273;-46.877809843;765.6;49200;123.82984562607199;929.5298456260721;Line 333;0;151.964594158027
-23.164983984;-46.877675493;761.8;49170;123.75433962264145;929.4543396226416;Line 333;0;151.964594158027
-23.165224695;-46.877541143;759.3;49140;123.67883361921092;929.3788336192109;Line 333;0;151.964594158027
-23.165465406;-46.877406792;758.0;49110;123.6033276157804;929.3033276157804;Line 333;0;151.964594158027
-23.165706116;-46.877272441;758.4;49080;123.52782161234987;929.2278216123499;Line 333;0;151.964594158027
-23.165946827;-46.877138089;761.4;49050;123.45231560891933;929.1523156089194;Line 333;0;151.964594158027
-23.166187538;-46.877003737;766.1;49020;123.37680960548879;929.0768096054888;Line 333;0;151.964594158027
-23.166428248;-46.876869385;771.0;48990;123.30130360205825;929.0013036020583;Line 333;0;151.964594158027
-23.166668958;-46.876735032;776.1;48960;123.22579759862775;928.9257975986278;Line 333;0;151.964594158027
-23.166909668;-46.876600679;779.1;48930;123.1502915951972;928.8502915951973;Line 333;0;151.964594158027
-23.167150378;-46.876466325;782.9;48900;123.07478559176667;928.7747855917667;Line 333;0;151.964594158027
-23.167391088;-46.876331971;787.6;48870;122.99927958833614;928.6992795883361;Line 333;0;151.964594158027
-23.167631798;-46.876197616;791.9;48840;122.92377358490559;928.6237735849056;Line 333;0;151.964594158027
-23.167872508;-46.876063261;795.3;48810;122.84826758147508;928.5482675814751;Line 333;0;151.964594158027
-23.168113218;-46.875928905;798.6;48780;122.77276157804455;928.4727615780446;Line 333;0;151.964594158027
-23.168353928;-46.875794549;801.0;48750;122.69725557461402;928.3972555746141;Line 333;0;151.964594158027
-23.168594637;-46.875660192;798.2;48720;122.62174957118347;928.3217495711835;Line 333;0;151.964594158027
-23.168835347;-46.875525835;794.4;48690;122.54624356775294;928.246243567753;Line 333;0;151.964594158027
-23.169076056;-46.875391478;789.4;48660;122.47073756432243;928.1707375643225;Line 333;0;151.964594158027
-23.169316765;-46.87525712;784.3;48630;122.39523156089189;928.095231560892;Line 333;0;151.964594158027
-23.169557475;-46.875122762;779.0;48600;122.31972555746135;928.0197255574614;Line 333;0;151.964594158027
-23.169798184;-46.874988403;773.5;48570;122.24421955403082;927.9442195540308;Line 333;0;151.964594158027
-23.170038893;-46.874854044;770.9;48540;122.1687135506003;927.8687135506003;Line 333;0;151.964594158027
-23.170279602;-46.874719684;768.9;48510;122.09320754716977;927.7932075471698;Line 333;0;151.964594158027
-23.17052031;-46.874585324;766.8;48480;122.01770154373924;927.7177015437393;Line 333;0;151.964594158027
-23.170761019;-46.874450963;764.6;48450;121.94219554030869;927.6421955403088;Line 333;0;151.964594158027
-23.171001728;-46.874316602;761.1;48420;121.86668953687816;927.5666895368782;Line 333;0;151.964594158027
-23.171242436;-46.87418224;757.0;48390;121.79118353344765;927.4911835334477;Line 333;0;151.964594158027
-23.171483145;-46.874047878;755.4;48360;121.7156775300171;927.4156775300171;Line 333;0;151.964594158027
-23.171723853;-46.873913516;754.2;48330;121.64017152658657;927.3401715265866;Line 333;0;151.964594158027
-23.171964562;-46.873779153;755.8;48300;121.56466552315604;927.264665523156;Line 333;0;151.964594158027
-23.17220527;-46.873644789;757.1;48270;121.4891595197255;927.1891595197255;Line 333;0;151.964594158027
-23.172445978;-46.873510425;758.2;48240;121.41365351629499;927.113653516295;Line 333;0;151.964594158027
-23.172686686;-46.873376061;758.9;48210;121.33814751286445;927.0381475128645;Line 333;0;151.964594158027
-23.172927394;-46.873241696;758.3;48180;121.26264150943392;926.962641509434;Line 333;0;151.964594158027
-23.173168102;-46.873107331;756.4;48150;121.18713550600337;926.8871355060035;Line 333;0;151.964594158027
-23.17340881;-46.872972965;752.9;48120;121.11162950257284;926.8116295025729;Line 333;0;151.964594158027
-23.173649517;-46.872838599;748.8;48090;121.03612349914233;926.7361234991424;Line 333;0;151.964594158027
-23.173890225;-46.872704233;745.4;48060;120.96061749571179;926.6606174957118;Line 333;0;151.964594158027
-23.174130932;-46.872569866;742.6;48030;120.88511149228125;926.5851114922813;Line 333;0;151.964594158027
-23.17437164;-46.872435498;744.2;48000;120.80960548885072;926.5096054888508;Line 333;0;151.964594158027
-23.174612347;-46.87230113;746.7;47970;120.73409948542019;926.4340994854202;Line 333;0;151.964594158027
-23.174853054;-46.872166762;748.1;47940;120.65859348198967;926.3585934819897;Line 333;0;151.964594158027
-23.175093761;-46.872032393;749.4;47910;120.58308747855914;926.2830874785592;Line 333;0;151.964594158027
-23.175334468;-46.871898023;751.5;47880;120.5075814751286;926.2075814751287;Line 333;0;151.964594158027
-23.175575175;-46.871763654;753.3;47850;120.43207547169806;926.132075471698;Line 333;0;151.964594158027
-23.175815882;-46.871629283;754.8;47820;120.35656946826752;926.0565694682675;Line 333;0;151.964594158027
-23.176056589;-46.871494913;755.5;47790;120.28106346483702;925.981063464837;Line 333;0;151.964594158027
-23.176297296;-46.871360541;755.7;47760;120.20555746140647;925.9055574614065;Line 333;0;151.964594158027
-23.176538002;-46.87122617;755.7;47730;120.13005145797594;925.830051457976;Line 333;0;151.964594158027
-23.176778709;-46.871091798;757.7;47700;120.0545454545454;925.7545454545455;Line 333;0;151.964594158027
-23.177019415;-46.870957425;761.6;47670;119.97903945111486;925.6790394511149;Line 333;0;151.964594158027
-23.177260121;-46.870823052;764.6;47640;119.90353344768434;925.6035334476844;Line 333;0;151.964594158027
-23.177500828;-46.870688679;765.0;47610;119.8280274442538;925.5280274442539;Line 333;0;151.964594158027
-23.177741534;-46.870554305;762.6;47580;119.75252144082327;925.4525214408234;Line 333;0;151.964594158027
-23.17798224;-46.87041993;758.7;47550;119.67701543739274;925.3770154373927;Line 333;0;151.964594158027
-23.178222946;-46.870285556;753.2;47520;119.60150943396222;925.3015094339622;Line 333;0;151.964594158027
-23.178463652;-46.87015118;744.5;47490;119.52600343053169;925.2260034305317;Line 333;0;151.964594158027
-23.178704357;-46.870016804;734.2;47460;119.45049742710114;925.1504974271012;Line 333;0;151.964594158027
-23.178945063;-46.869882428;726.4;47430;119.37499142367062;925.0749914236707;Line 333;0;151.964594158027
-23.179185769;-46.869748052;720.8;47400;119.29948542024009;924.9994854202401;Line 333;0;151.964594158027
-23.179426474;-46.869613675;722.5;47370;119.22397941680956;924.9239794168096;Line 333;0;151.964594158027
-23.17966718;-46.869479297;725.0;47340;119.14847341337902;924.8484734133791;Line 333;0;151.964594158027
-23.179907885;-46.869344919;728.3;47310;119.0729674099485;924.7729674099486;Line 333;0;151.964594158027
-23.18014859;-46.86921054;732.7;47280;118.99746140651796;924.697461406518;Line 333;0;151.964594158027
-23.180389295;-46.869076161;737.5;47250;118.92195540308742;924.6219554030874;Line 333;0;151.964594158027
-23.18063;-46.868941782;742.4;47220;118.8464493996569;924.5464493996569;Line 333;0;151.964594158027
-23.180870705;-46.868807402;747.3;47190;118.77094339622636;924.4709433962264;Line 333;0;151.964594158027
-23.18111141;-46.868673022;751.6;47160;118.69543739279584;924.3954373927959;Line 333;0;151.964594158027
-23.181352115;-46.868538641;755.7;47130;118.6199313893653;924.3199313893654;Line 333;0;151.964594158027
-23.18159282;-46.86840426;759.6;47100;118.54442538593477;924.2444253859348;Line 333;0;151.964594158027
-23.181833524;-46.868269878;762.6;47070;118.46891938250424;924.1689193825043;Line 333;0;151.964594158027
-23.182074229;-46.868135496;764.3;47040;118.3934133790737;924.0934133790738;Line 333;0;151.964594158027
-23.182314933;-46.868001113;765.2;47010;118.31790737564319;924.0179073756433;Line 333;0;151.964594158027
-23.182555637;-46.86786673;764.7;46980;118.24240137221264;923.9424013722127;Line 333;0;151.964594158027
-23.182796342;-46.867732347;760.8;46950;118.16689536878211;923.8668953687821;Line 333;0;151.964594158027
-23.183037046;-46.867597963;755.6;46920;118.09138936535159;923.7913893653516;Line 333;0;151.964594158027
-23.18327775;-46.867463578;749.2;46890;118.01588336192104;923.7158833619211;Line 333;0;151.964594158027
-23.183518454;-46.867329194;741.3;46860;117.94037735849052;923.6403773584906;Line 333;0;151.964594158027
-23.183759158;-46.867194808;733.5;46830;117.86487135505999;923.5648713550601;Line 333;0;151.964594158027
-23.183999861;-46.867060422;726.1;46800;117.78936535162946;923.4893653516295;Line 333;0;151.964594158027
-23.184240565;-46.866926036;720.9;46770;117.71385934819892;923.4138593481989;Line 333;0;151.964594158027
-23.184481269;-46.866791649;720.1;46740;117.63835334476839;923.3383533447684;Line 333;0;151.964594158027
-23.184721972;-46.866657262;720.3;46710;117.56284734133787;923.2628473413379;Line 333;0;151.964594158027
-23.184962676;-46.866522875;721.8;46680;117.48734133790732;923.1873413379074;Line 333;0;151.964594158027
-23.185203379;-46.866388487;723.5;46650;117.41183533447679;923.1118353344768;Line 333;0;151.964594158027
-23.185444082;-46.866254098;725.5;46620;117.33632933104627;923.0363293310463;Line 333;0;151.964594158027
-23.185684785;-46.866119709;727.5;46590;117.26082332761573;922.9608233276158;Line 333;0;151.964594158027
-23.185925488;-46.86598532;729.8;46560;117.1853173241852;922.8853173241853;Line 333;0;151.964594158027
-23.186166191;-46.86585093;732.6;46530;117.10981132075467;922.8098113207548;Line 333;0;151.964594158027
-23.186406894;-46.865716539;735.7;46500;117.03430531732413;922.7343053173241;Line 333;0;151.964594158027
-23.186647597;-46.865582148;738.7;46470;116.9587993138936;922.6587993138936;Line 333;0;151.964594158027
-23.1868883;-46.865447757;741.2;46440;116.88329331046307;922.5832933104631;Line 333;0;151.964594158027
-23.187129002;-46.865313365;743.1;46410;116.80778730703254;922.5077873070326;Line 333;0;151.964594158027
-23.187369705;-46.865178973;744.6;46380;116.73228130360201;922.432281303602;Line 333;0;151.964594158027
-23.187610407;-46.865044581;746.2;46350;116.65677530017147;922.3567753001715;Line 333;0;151.964594158027
-23.18785111;-46.864910187;749.8;46320;116.58126929674096;922.281269296741;Line 333;0;151.964594158027
-23.188091812;-46.864775794;754.3;46290;116.50576329331041;922.2057632933105;Line 333;0;151.964594158027
-23.188332514;-46.8646414;758.6;46260;116.43025728987989;922.13025728988;Line 333;0;151.964594158027
-23.188573216;-46.864507005;761.1;46230;116.35475128644936;922.0547512864493;Line 333;0;151.964594158027
-23.188813918;-46.86437261;763.9;46200;116.27924528301881;921.9792452830188;Line 333;0;151.964594158027
-23.18905462;-46.864238215;767.2;46170;116.20373927958829;921.9037392795883;Line 333;0;151.964594158027
-23.189295322;-46.864103819;768.7;46140;116.12823327615776;921.8282332761578;Line 333;0;151.964594158027
-23.189536023;-46.863969423;767.7;46110;116.05272727272722;921.7527272727273;Line 333;0;151.964594158027
-23.189776725;-46.863835026;766.0;46080;115.97722126929669;921.6772212692968;Line 333;0;151.964594158027
-23.190017426;-46.863700629;763.3;46050;115.90171526586616;921.6017152658662;Line 333;0;151.964594158027
-23.190258128;-46.863566231;756.9;46020;115.82620926243563;921.5262092624357;Line 333;0;151.964594158027
-23.190498829;-46.863431833;750.1;45990;115.75070325900509;921.4507032590052;Line 333;0;151.964594158027
-23.190739531;-46.863297434;743.6;45960;115.67519725557457;921.3751972555747;Line 333;0;151.964594158027
-23.190980232;-46.863163035;741.0;45930;115.59969125214404;921.299691252144;Line 333;0;151.964594158027
-23.191220933;-46.863028636;739.3;45900;115.5241852487135;921.2241852487135;Line 333;0;151.964594158027
-23.191461634;-46.862894236;737.4;45870;115.44867924528297;921.148679245283;Line 333;0;151.964594158027
-23.191702335;-46.862759835;735.4;45840;115.37317324185244;921.0731732418525;Line 333;0;151.964594158027
-23.191943035;-46.862625434;733.5;45810;115.29766723842191;920.997667238422;Line 333;0;151.964594158027
-23.192183736;-46.862491033;731.3;45780;115.22216123499138;920.9221612349914;Line 333;0;151.964594158027
-23.192424437;-46.862356631;730.0;45750;115.14665523156084;920.8466552315609;Line 333;0;151.964594158027
-23.192665137;-46.862222229;731.1;45720;115.07114922813031;920.7711492281303;Line 333;0;151.964594158027
-23.192905838;-46.862087826;732.5;45690;114.99564322469978;920.6956432246998;Line 333;0;151.964594158027
-23.193146538;-46.861953423;732.5;45660;114.92013722126926;920.6201372212693;Line 333;0;151.964594158027
-23.193387238;-46.861819019;732.1;45630;114.84463121783871;920.5446312178387;Line 333;0;151.964594158027
-23.193627938;-46.861684615;733.6;45600;114.76912521440818;920.4691252144082;Line 333;0;151.964594158027
-23.193868638;-46.861550211;735.0;45570;114.69361921097766;920.3936192109777;Line 333;0;151.964594158027
-23.194109338;-46.861415806;735.6;45540;114.61811320754713;920.3181132075472;Line 333;0;151.964594158027
-23.194350038;-46.8612814;737.2;45510;114.54260720411659;920.2426072041167;Line 333;0;151.964594158027
-23.194590738;-46.861146994;739.2;45480;114.46710120068606;920.1671012006861;Line 333;0;151.964594158027
-23.194831438;-46.861012588;741.3;45450;114.39159519725553;920.0915951972556;Line 333;0;151.964594158027
-23.195072137;-46.860878181;743.4;45420;114.316089193825;920.016089193825;Line 333;0;151.964594158027
-23.195312837;-46.860743774;747.4;45390;114.24058319039446;919.9405831903945;Line 333;0;151.964594158027
-23.195553536;-46.860609366;751.9;45360;114.16507718696394;919.865077186964;Line 333;0;151.964594158027
-23.195794236;-46.860474958;756.1;45330;114.0895711835334;919.7895711835334;Line 333;0;151.964594158027
-23.196034935;-46.860340549;760.4;45300;114.01406518010286;919.7140651801029;Line 333;0;151.964594158027
-23.196275634;-46.86020614;764.3;45270;113.93855917667234;919.6385591766724;Line 333;0;151.964594158027
-23.196516333;-46.86007173;768.0;45240;113.8630531732418;919.5630531732419;Line 333;0;151.964594158027
-23.196757032;-46.85993732;770.8;45210;113.78754716981128;919.4875471698114;Line 333;0;151.964594158027
-23.196997731;-46.85980291;772.9;45180;113.71204116638074;919.4120411663807;Line 333;0;151.964594158027
-23.19723843;-46.859668499;774.8;45150;113.63653516295021;919.3365351629502;Line 333;0;151.964594158027
-23.197479129;-46.859534087;776.6;45120;113.56102915951968;919.2610291595197;Line 333;0;151.964594158027
-23.197719827;-46.859399676;774.3;45090;113.48552315608914;919.1855231560892;Line 333;0;151.964594158027
-23.197960526;-46.859265263;771.0;45060;113.41001715265863;919.1100171526587;Line 333;0;151.964594158027
-23.198201224;-46.85913085;767.5;45030;113.33451114922808;919.0345111492281;Line 333;0;151.964594158027
-23.198441922;-46.858996437;762.6;45000;113.25900514579754;918.9590051457976;Line 333;0;151.964594158027
-23.198682621;-46.858862023;756.1;44970;113.18349914236703;918.8834991423671;Line 333;0;151.964594158027
-23.198923319;-46.858727609;751.1;44940;113.10799313893648;918.8079931389366;Line 333;0;151.964594158027
-23.199164017;-46.858593195;747.4;44910;113.03248713550596;918.7324871355061;Line 333;0;151.964594158027
-23.199404715;-46.85845878;744.0;44880;112.95698113207543;918.6569811320754;Line 333;0;151.964594158027
-23.199645413;-46.858324364;740.2;44850;112.88147512864488;918.5814751286449;Line 333;0;151.964594158027
-23.199886111;-46.858189948;738.3;44820;112.80596912521436;918.5059691252144;Line 333;0;151.964594158027
-23.200126808;-46.858055532;737.2;44790;112.73046312178383;918.4304631217839;Line 333;0;151.964594158027
-23.200367506;-46.857921115;735.1;44760;112.65495711835331;918.3549571183534;Line 333;0;151.964594158027
-23.200608203;-46.857786697;731.0;44730;112.57945111492276;918.2794511149228;Line 333;0;151.964594158027
-23.200848901;-46.857652279;725.1;44700;112.50394511149224;918.2039451114923;Line 333;0;151.964594158027
-23.201089598;-46.857517861;722.9;44670;112.42843910806171;918.1284391080618;Line 333;0;151.964594158027
-23.201330295;-46.857383442;721.2;44640;112.35293310463116;918.0529331046312;Line 333;0;151.964594158027
-23.201570993;-46.857249023;718.3;44610;112.27742710120064;917.9774271012006;Line 333;0;151.964594158027
-23.20181169;-46.857114604;716.8;44580;112.20192109777011;917.9019210977701;Line 333;0;151.964594158027
-23.202052387;-46.856980183;717.0;44550;112.12641509433958;917.8264150943396;Line 333;0;151.964594158027
-23.202293084;-46.856845763;717.0;44520;112.05090909090904;917.7509090909091;Line 333;0;151.964594158027
-23.20253378;-46.856711342;716.9;44490;111.97540308747851;917.6754030874786;Line 333;0;151.964594158027
-23.202774477;-46.85657692;716.6;44460;111.89989708404798;917.599897084048;Line 333;0;151.964594158027
-23.203015174;-46.856442498;716.4;44430;111.82439108061745;917.5243910806175;Line 333;0;151.964594158027
-23.20325587;-46.856308076;716.4;44400;111.74888507718693;917.448885077187;Line 333;0;151.964594158027
-23.203496567;-46.856173653;716.9;44370;111.6733790737564;917.3733790737565;Line 333;0;151.964594158027
-23.203737263;-46.85603923;717.6;44340;111.59787307032585;917.2978730703259;Line 333;0;151.964594158027
-23.203977959;-46.855904806;718.4;44310;111.52236706689533;917.2223670668953;Line 333;0;151.964594158027
-23.204218655;-46.855770382;719.6;44280;111.4468610634648;917.1468610634648;Line 333;0;151.964594158027
-23.204459351;-46.855635957;721.8;44250;111.37135506003426;917.0713550600343;Line 333;0;151.964594158027
-23.204700047;-46.855501532;723.4;44220;111.29584905660373;916.9958490566038;Line 333;0;151.964594158027
-23.204940743;-46.855367106;724.3;44190;111.2203430531732;916.9203430531733;Line 333;0;151.964594158027
-23.205181439;-46.85523268;723.2;44160;111.14483704974266;916.8448370497428;Line 333;0;151.964594158027
-23.205422135;-46.855098254;721.7;44130;111.06933104631213;916.7693310463121;Line 333;0;151.964594158027
-23.20566283;-46.854963827;720.4;44100;110.99382504288161;916.6938250428816;Line 333;0;151.964594158027
-23.205903526;-46.854829399;720.1;44070;110.91831903945106;916.6183190394511;Line 333;0;151.964594158027
-23.206144221;-46.854694971;720.8;44040;110.84281303602053;916.5428130360206;Line 333;0;151.964594158027
-23.206384917;-46.854560543;721.7;44010;110.76730703259001;916.46730703259;Line 333;0;151.964594158027
-23.206625612;-46.854426114;722.9;43980;110.69180102915948;916.3918010291595;Line 333;0;151.964594158027
-23.206866307;-46.854291685;724.2;43950;110.61629502572895;916.316295025729;Line 333;0;151.964594158027
-23.207107002;-46.854157255;725.1;43920;110.54078902229841;916.2407890222985;Line 333;0;151.964594158027
-23.207347697;-46.854022825;726.6;43890;110.46528301886788;916.165283018868;Line 333;0;151.964594158027
-23.207588392;-46.853888394;727.6;43860;110.38977701543735;916.0897770154374;Line 333;0;151.964594158027
-23.207829087;-46.853753963;728.3;43830;110.31427101200681;916.0142710120068;Line 333;0;151.964594158027
-23.208069782;-46.853619532;728.8;43800;110.2387650085763;915.9387650085763;Line 333;0;151.964594158027
-23.208310476;-46.8534851;729.3;43770;110.16325900514575;915.8632590051458;Line 333;0;151.964594158027
-23.208551171;-46.853350667;729.7;43740;110.08775300171521;915.7877530017153;Line 333;0;151.964594158027
-23.208791865;-46.853216234;731.1;43710;110.0122469982847;915.7122469982847;Line 333;0;151.964594158027
-23.20903256;-46.853081801;732.5;43680;109.93674099485415;915.6367409948542;Line 333;0;151.964594158027
-23.209273254;-46.852947367;734.5;43650;109.86123499142363;915.5612349914237;Line 333;0;151.964594158027
-23.209513948;-46.852812933;737.5;43620;109.7857289879931;915.4857289879932;Line 333;0;151.964594158027
-23.209754642;-46.852678498;740.7;43590;109.71022298456256;915.4102229845626;Line 333;0;151.964594158027
-23.209995336;-46.852544063;744.2;43560;109.63471698113203;915.334716981132;Line 333;0;151.964594158027
-23.21023603;-46.852409627;743.1;43530;109.5592109777015;915.2592109777015;Line 333;0;151.964594158027
-23.210476724;-46.852275191;741.7;43500;109.48370497427098;915.183704974271;Line 333;0;151.964594158027
-23.210717417;-46.852140754;740.3;43470;109.40819897084043;915.1081989708405;Line 333;0;151.964594158027
-23.210958111;-46.852006317;739.7;43440;109.3326929674099;915.03269296741;Line 333;0;151.964594158027
-23.211198805;-46.851871879;739.1;43410;109.25718696397938;914.9571869639794;Line 333;0;151.964594158027
-23.211439498;-46.851737442;737.5;43380;109.18168096054883;914.8816809605489;Line 333;0;151.964594158027
-23.211680191;-46.851603003;735.8;43350;109.10617495711831;914.8061749571184;Line 333;0;151.964594158027
-23.211920885;-46.851468564;737.7;43320;109.03066895368778;914.7306689536879;Line 333;0;151.964594158027
-23.212161578;-46.851334125;738.5;43290;108.95516295025723;914.6551629502572;Line 333;0;151.964594158027
-23.212402271;-46.851199685;738.0;43260;108.87965694682671;914.5796569468267;Line 333;0;151.964594158027
-23.212642964;-46.851065245;739.4;43230;108.80415094339618;914.5041509433962;Line 333;0;151.964594158027
-23.212883657;-46.850930804;741.7;43200;108.72864493996566;914.4286449399657;Line 333;0;151.964594158027
-23.21312435;-46.850796363;743.5;43170;108.65313893653511;914.3531389365352;Line 333;0;151.964594158027
-23.213365042;-46.850661921;745.6;43140;108.57763293310458;914.2776329331047;Line 333;0;151.964594158027
-23.213605735;-46.850527479;747.8;43110;108.50212692967406;914.2021269296741;Line 333;0;151.964594158027
-23.213846427;-46.850393036;748.6;43080;108.42662092624352;914.1266209262435;Line 333;0;151.964594158027
-23.21408712;-46.850258593;748.1;43050;108.351114922813;914.051114922813;Line 333;0;151.964594158027
-23.214327812;-46.85012415;746.9;43020;108.27560891938246;913.9756089193825;Line 333;0;151.964594158027
-23.214568504;-46.849989706;746.4;42990;108.20010291595192;913.900102915952;Line 333;0;151.964594158027
-23.214809197;-46.849855262;748.5;42960;108.1245969125214;913.8245969125214;Line 333;0;151.964594158027
-23.215049889;-46.849720817;750.5;42930;108.04909090909086;913.7490909090909;Line 333;0;151.964594158027
-23.215290581;-46.849586371;752.5;42900;107.97358490566033;913.6735849056604;Line 333;0;151.964594158027
-23.215531273;-46.849451926;753.7;42870;107.8980789022298;913.5980789022299;Line 333;0;151.964594158027
-23.215771964;-46.849317479;754.1;42840;107.82257289879927;913.5225728987994;Line 333;0;151.964594158027
-23.216012656;-46.849183033;756.6;42810;107.74706689536875;913.4470668953688;Line 333;0;151.964594158027
-23.216253348;-46.849048586;761.9;42780;107.6715608919382;913.3715608919382;Line 333;0;151.964594158027
-23.216494039;-46.848914138;765.9;42750;107.59605488850768;913.2960548885077;Line 333;0;151.964594158027
-23.216734731;-46.84877969;768.2;42720;107.52054888507715;913.2205488850772;Line 333;0;151.964594158027
-23.216975422;-46.848645241;770.3;42690;107.4450428816466;913.1450428816466;Line 333;0;151.964594158027
-23.217216113;-46.848510792;773.3;42660;107.36953687821608;913.0695368782161;Line 333;0;151.964594158027
-23.217456804;-46.848376343;777.1;42630;107.29403087478555;912.9940308747856;Line 333;0;151.964594158027
-23.217697495;-46.848241893;780.7;42600;107.21852487135502;912.9185248713551;Line 333;0;151.964594158027
-23.217938186;-46.848107443;784.8;42570;107.14301886792448;912.8430188679246;Line 333;0;151.964594158027
-23.218178877;-46.847972992;789.9;42540;107.06751286449395;912.7675128644939;Line 333;0;151.964594158027
-23.218419568;-46.847838541;794.5;42510;106.99200686106342;912.6920068610634;Line 333;0;151.964594158027
-23.218660259;-46.847704089;797.6;42480;106.91650085763288;912.6165008576329;Line 333;0;151.964594158027
-23.218900949;-46.847569637;800.8;42450;106.84099485420236;912.5409948542024;Line 333;0;151.964594158027
-23.21914164;-46.847435184;802.8;42420;106.76548885077183;912.4654888507719;Line 333;0;151.964594158027
-23.21938233;-46.847300731;802.5;42390;106.68998284734128;912.3899828473413;Line 333;0;151.964594158027
-23.219623021;-46.847166277;802.4;42360;106.61447684391077;912.3144768439108;Line 333;0;151.964594158027
-23.219863711;-46.847031823;802.6;42330;106.53897084048023;912.2389708404803;Line 333;0;151.964594158027
-23.220104401;-46.846897369;802.8;42300;106.4634648370497;912.1634648370498;Line 333;0;151.964594158027
-23.220345091;-46.846762914;801.6;42270;106.38795883361917;912.0879588336193;Line 333;0;151.964594158027
-23.220585781;-46.846628458;798.9;42240;106.31245283018865;912.0124528301887;Line 333;0;151.964594158027
-23.220826471;-46.846494003;793.3;42210;106.2369468267581;911.9369468267581;Line 333;0;151.964594158027
-23.221067161;-46.846359546;787.6;42180;106.16144082332757;911.8614408233276;Line 333;0;151.964594158027
-23.221307851;-46.84622509;782.2;42150;106.08593481989705;911.7859348198971;Line 333;0;151.964594158027
-23.22154854;-46.846090632;777.0;42120;106.0104288164665;911.7104288164666;Line 333;0;151.964594158027
-23.22178923;-46.845956175;772.2;42090;105.93492281303598;911.634922813036;Line 333;0;151.964594158027
-23.222029919;-46.845821716;767.7;42060;105.85941680960545;911.5594168096055;Line 333;0;151.964594158027
-23.222270608;-46.845687258;764.4;42030;105.78391080617492;911.483910806175;Line 333;0;151.964594158027
-23.222511298;-46.845552799;761.2;42000;105.70840480274438;911.4084048027444;Line 333;0;151.964594158027
-23.222751987;-46.845418339;758.8;41970;105.63289879931385;911.3328987993139;Line 333;0;151.964594158027
-23.222992676;-46.845283879;756.9;41940;105.55739279588333;911.2573927958833;Line 333;0;151.964594158027
-23.223233365;-46.845149419;755.7;41910;105.48188679245278;911.1818867924528;Line 333;0;151.964594158027
-23.223474054;-46.845014958;757.1;41880;105.40638078902225;911.1063807890223;Line 333;0;151.964594158027
-23.223714743;-46.844880496;761.2;41850;105.33087478559173;911.0308747855918;Line 333;0;151.964594158027
-23.223955431;-46.844746035;765.6;41820;105.25536878216118;910.9553687821613;Line 333;0;151.964594158027
-23.22419612;-46.844611572;770.2;41790;105.17986277873067;910.8798627787307;Line 333;0;151.964594158027
-23.224436808;-46.84447711;773.9;41760;105.10435677530013;910.8043567753002;Line 333;0;151.964594158027
-23.224677497;-46.844342646;776.9;41730;105.02885077186959;910.7288507718696;Line 333;0;151.964594158027
-23.224918185;-46.844208183;779.3;41700;104.95334476843907;910.6533447684391;Line 333;0;151.964594158027
-23.225158873;-46.844073719;777.9;41670;104.87783876500853;910.5778387650086;Line 333;0;151.964594158027
-23.225399561;-46.843939254;774.9;41640;104.802332761578;910.502332761578;Line 333;0;151.964594158027
-23.22564025;-46.843804789;771.9;41610;104.72682675814747;910.4268267581475;Line 333;0;151.964594158027
-23.225880938;-46.843670324;768.6;41580;104.65132075471693;910.351320754717;Line 333;0;151.964594158027
-23.226121625;-46.843535858;763.4;41550;104.57581475128642;910.2758147512865;Line 333;0;151.964594158027
-23.226362313;-46.843401391;758.6;41520;104.50030874785587;910.200308747856;Line 333;0;151.964594158027
-23.226603001;-46.843266924;753.9;41490;104.42480274442535;910.1248027444254;Line 333;0;151.964594158027
-23.226843688;-46.843132457;751.1;41460;104.34929674099482;910.0492967409948;Line 333;0;151.964594158027
-23.227084376;-46.842997989;750.3;41430;104.27379073756427;909.9737907375643;Line 333;0;151.964594158027
-23.227325063;-46.842863521;751.0;41400;104.19828473413375;909.8982847341338;Line 333;0;151.964594158027
-23.227565751;-46.842729052;753.8;41370;104.12277873070322;909.8227787307032;Line 333;0;151.964594158027
-23.227806438;-46.842594583;759.2;41340;104.04727272727268;909.7472727272727;Line 333;0;151.964594158027
-23.228047125;-46.842460113;764.3;41310;103.97176672384215;909.6717667238422;Line 333;0;151.964594158027
-23.228287812;-46.842325643;768.1;41280;103.89626072041162;909.5962607204117;Line 333;0;151.964594158027
-23.228528499;-46.842191173;771.7;41250;103.82075471698109;909.5207547169812;Line 333;0;151.964594158027
-23.228769186;-46.842056702;774.5;41220;103.74524871355055;909.4452487135507;Line 333;0;151.964594158027
-23.229009873;-46.84192223;776.3;41190;103.66974271012003;909.3697427101201;Line 333;0;151.964594158027
-23.22925056;-46.841787758;776.5;41160;103.5942367066895;909.2942367066895;Line 333;0;151.964594158027
-23.229491246;-46.841653286;774.5;41130;103.51873070325895;909.218730703259;Line 333;0;151.964594158027
-23.229731933;-46.841518813;772.4;41100;103.44322469982843;909.1432246998285;Line 333;0;151.964594158027
-23.229972619;-46.84138434;770.5;41070;103.3677186963979;909.067718696398;Line 333;0;151.964594158027
-23.230213305;-46.841249866;767.0;41040;103.29221269296737;908.9922126929674;Line 333;0;151.964594158027
-23.230453992;-46.841115392;763.8;41010;103.21670668953684;908.9167066895369;Line 333;0;151.964594158027
-23.230694678;-46.840980917;761.1;40980;103.1412006861063;908.8412006861064;Line 333;0;151.964594158027
-23.230935364;-46.840846442;758.7;40950;103.06569468267577;908.7656946826758;Line 333;0;151.964594158027
-23.23117605;-46.840711967;755.3;40920;102.99018867924524;908.6901886792452;Line 333;0;151.964594158027
-23.231416736;-46.840577491;752.1;40890;102.91468267581472;908.6146826758147;Line 333;0;151.964594158027
-23.231657421;-46.840443014;749.4;40860;102.83917667238418;908.5391766723842;Line 333;0;151.964594158027
-23.231898107;-46.840308537;748.4;40830;102.76367066895364;908.4636706689537;Line 333;0;151.964594158027
-23.232138793;-46.84017406;747.3;40800;102.68816466552312;908.3881646655232;Line 333;0;151.964594158027
-23.232379478;-46.840039582;746.2;40770;102.61265866209258;908.3126586620926;Line 333;0;151.964594158027
-23.232620164;-46.839905103;746.5;40740;102.53715265866205;908.2371526586621;Line 333;0;151.964594158027
-23.232860849;-46.839770625;747.5;40710;102.46164665523152;908.1616466552316;Line 333;0;151.964594158027
-23.233101534;-46.839636145;748.6;40680;102.38614065180099;908.0861406518011;Line 333;0;151.964594158027
-23.233342219;-46.839501666;749.9;40650;102.31063464837045;908.0106346483705;Line 333;0;151.964594158027
-23.233582904;-46.839367185;752.9;40620;102.23512864493992;907.9351286449399;Line 333;0;151.964594158027
-23.233823589;-46.839232705;756.4;40590;102.1596226415094;907.8596226415094;Line 333;0;151.964594158027
-23.234064274;-46.839098224;759.8;40560;102.08411663807885;907.7841166380789;Line 333;0;151.964594158027
-23.234304959;-46.838963742;762.8;40530;102.00861063464832;907.7086106346484;Line 333;0;151.964594158027
-23.234545644;-46.83882926;766.1;40500;101.9331046312178;907.6331046312179;Line 333;0;151.964594158027
-23.234786328;-46.838694778;769.3;40470;101.85759862778727;907.5575986277873;Line 333;0;151.964594158027
-23.235027013;-46.838560295;772.2;40440;101.78209262435674;907.4820926243568;Line 333;0;151.964594158027
-23.235267697;-46.838425811;775.0;40410;101.7065866209262;907.4065866209262;Line 333;0;151.964594158027
-23.235508381;-46.838291328;776.9;40380;101.63108061749567;907.3310806174957;Line 333;0;151.964594158027
-23.235749066;-46.838156843;777.2;40350;101.55557461406514;907.2555746140652;Line 333;0;151.964594158027
-23.23598975;-46.838022358;777.0;40320;101.4800686106346;907.1800686106346;Line 333;0;151.964594158027
-23.236230434;-46.837887873;777.0;40290;101.40456260720408;907.1045626072041;Line 333;0;151.964594158027
-23.236471118;-46.837753388;777.2;40260;101.32905660377354;907.0290566037736;Line 333;0;151.964594158027
-23.236711802;-46.837618901;777.7;40230;101.253550600343;906.9535506003431;Line 333;0;151.964594158027
-23.236952485;-46.837484415;778.6;40200;101.17804459691249;906.8780445969126;Line 333;0;151.964594158027
-23.237193169;-46.837349928;779.8;40170;101.10253859348194;906.802538593482;Line 333;0;151.964594158027
-23.237433853;-46.83721544;780.8;40140;101.02703259005142;906.7270325900515;Line 333;0;151.964594158027
-23.237674536;-46.837080952;781.3;40110;100.95152658662089;906.6515265866209;Line 333;0;151.964594158027
-23.23791522;-46.836946464;781.7;40080;100.87602058319035;906.5760205831904;Line 333;0;151.964594158027
-23.238155903;-46.836811975;781.8;40050;100.80051457975982;906.5005145797599;Line 333;0;151.964594158027
-23.238396586;-46.836677485;781.5;40020;100.72500857632929;906.4250085763293;Line 333;0;151.964594158027
-23.238637269;-46.836542996;780.4;39990;100.64950257289877;906.3495025728988;Line 333;0;151.964594158027
-23.238877952;-46.836408505;779.2;39960;100.57399656946822;906.2739965694683;Line 333;0;151.964594158027
-23.239118635;-46.836274015;777.8;39930;100.49849056603769;906.1984905660378;Line 333;0;151.964594158027
-23.239359318;-46.836139523;778.3;39900;100.42298456260717;906.1229845626073;Line 333;0;151.964594158027
-23.239600001;-46.836005032;779.3;39870;100.34747855917662;906.0474785591766;Line 333;0;151.964594158027
-23.239840684;-46.83587054;780.4;39840;100.2719725557461;905.9719725557461;Line 333;0;151.964594158027
-23.240081366;-46.835736047;781.7;39810;100.19646655231557;905.8964665523156;Line 333;0;151.964594158027
-23.240322049;-46.835601554;782.7;39780;100.12096054888502;905.8209605488851;Line 333;0;151.964594158027
-23.240562731;-46.835467061;783.1;39750;100.0454545454545;905.7454545454545;Line 333;0;151.964594158027
-23.240803413;-46.835332567;783.1;39720;99.96994854202397;905.669948542024;Line 333;0;151.964594158027
-23.241044096;-46.835198072;781.6;39690;99.89444253859344;905.5944425385935;Line 333;0;151.964594158027
-23.241284778;-46.835063577;780.6;39660;99.8189365351629;905.518936535163;Line 333;0;151.964594158027
-23.24152546;-46.834929082;780.7;39630;99.74343053173239;905.4434305317325;Line 333;0;151.964594158027
-23.241766142;-46.834794586;782.2;39600;99.66792452830185;905.367924528302;Line 333;0;151.964594158027
-23.242006824;-46.83466009;785.1;39570;99.5924185248713;905.2924185248713;Line 333;0;151.964594158027
-23.242247505;-46.834525593;787.9;39540;99.51691252144079;905.2169125214408;Line 333;0;151.964594158027
-23.242488187;-46.834391096;790.7;39510;99.44140651801025;905.1414065180103;Line 333;0;151.964594158027
-23.242728868;-46.834256598;795.8;39480;99.36590051457972;905.0659005145798;Line 333;0;151.964594158027
-23.24296955;-46.8341221;800.8;39450;99.29039451114919;904.9903945111492;Line 333;0;151.964594158027
-23.243210231;-46.833987602;804.8;39420;99.21488850771865;904.9148885077187;Line 333;0;151.964594158027
-23.243450913;-46.833853103;807.7;39390;99.13938250428812;904.8393825042882;Line 333;0;151.964594158027
-23.243691594;-46.833718603;810.0;39360;99.06387650085759;904.7638765008576;Line 333;0;151.964594158027
-23.243932275;-46.833584103;812.5;39330;98.98837049742707;904.6883704974271;Line 333;0;151.964594158027
-23.244172956;-46.833449603;815.0;39300;98.91286449399652;904.6128644939965;Line 333;0;151.964594158027
-23.244413637;-46.833315102;814.8;39270;98.83735849056599;904.537358490566;Line 333;0;151.964594158027
-23.244654318;-46.833180601;814.4;39240;98.76185248713547;904.4618524871355;Line 333;0;151.964594158027
-23.244894999;-46.833046099;814.0;39210;98.68634648370494;904.386346483705;Line 333;0;151.964594158027
-23.245135679;-46.832911597;814.0;39180;98.6108404802744;904.3108404802745;Line 333;0;151.964594158027
-23.24537636;-46.832777094;814.8;39150;98.53533447684387;904.235334476844;Line 333;0;151.964594158027
-23.24561704;-46.832642591;816.3;39120;98.45982847341334;904.1598284734134;Line 333;0;151.964594158027
-23.245857721;-46.832508087;818.1;39090;98.3843224699828;904.0843224699829;Line 333;0;151.964594158027
-23.246098401;-46.832373583;817.9;39060;98.30881646655227;904.0088164665523;Line 333;0;151.964594158027
-23.246339081;-46.832239079;817.6;39030;98.23331046312175;903.9333104631218;Line 333;0;151.964594158027
-23.246579761;-46.832104574;817.0;39000;98.1578044596912;903.8578044596912;Line 333;0;151.964594158027
-23.246820441;-46.831970068;819.1;38970;98.08229845626067;903.7822984562607;Line 333;0;151.964594158027
-23.247061121;-46.831835563;823.2;38940;98.00679245283015;903.7067924528302;Line 333;0;151.964594158027
-23.247301801;-46.831701056;827.8;38910;97.93128644939961;903.6312864493997;Line 333;0;151.964594158027
-23.247542481;-46.831566549;830.6;38880;97.85578044596909;903.5557804459692;Line 333;0;151.964594158027
-23.24778316;-46.831432042;830.1;38850;97.78027444253856;903.4802744425386;Line 333;0;151.964594158027
-23.24802384;-46.831297534;829.1;38820;97.70476843910802;903.404768439108;Line 333;0;151.964594158027
-23.248264519;-46.831163026;827.7;38790;97.62926243567749;903.3292624356775;Line 333;0;151.964594158027
-23.248505199;-46.831028518;828.4;38760;97.55375643224696;903.253756432247;Line 333;0;151.964594158027
-23.248745878;-46.830894008;830.9;38730;97.47825042881644;903.1782504288165;Line 333;0;151.964594158027
-23.248986557;-46.830759499;834.0;38700;97.40274442538589;903.1027444253859;Line 333;0;151.964594158027
-23.249227236;-46.830624989;836.8;38670;97.32723842195536;903.0272384219554;Line 333;0;151.964594158027
-23.249467915;-46.830490478;837.6;38640;97.25173241852484;902.9517324185249;Line 333;0;151.964594158027
-23.249708594;-46.830355967;838.7;38610;97.17622641509429;902.8762264150944;Line 333;0;151.964594158027
-23.249949273;-46.830221456;840.3;38580;97.10072041166377;902.8007204116639;Line 333;0;151.964594158027
-23.250189952;-46.830086944;836.2;38550;97.02521440823324;902.7252144082333;Line 333;0;151.964594158027
-23.250430631;-46.829952432;831.1;38520;96.9497084048027;902.6497084048027;Line 333;0;151.964594158027
-23.250671309;-46.829817919;826.6;38490;96.87420240137217;902.5742024013722;Line 333;0;151.964594158027
-23.250911988;-46.829683406;822.4;38460;96.79869639794164;902.4986963979417;Line 333;0;151.964594158027
-23.251152666;-46.829548892;818.8;38430;96.72319039451112;902.4231903945112;Line 333;0;151.964594158027
-23.251393344;-46.829414378;815.9;38400;96.64768439108057;902.3476843910806;Line 333;0;151.964594158027
-23.251634022;-46.829279863;813.6;38370;96.57217838765004;902.2721783876501;Line 333;0;151.964594158027
-23.2518747;-46.829145348;812.4;38340;96.49667238421952;902.1966723842196;Line 333;0;151.964594158027
-23.252115378;-46.829010833;811.4;38310;96.42116638078897;902.121166380789;Line 333;0;151.964594158027
-23.252356056;-46.828876317;810.3;38280;96.34566037735846;902.0456603773584;Line 333;0;151.964594158027
-23.252596734;-46.8287418;811.6;38250;96.27015437392792;901.9701543739279;Line 333;0;151.964594158027
-23.252837412;-46.828607283;816.2;38220;96.19464837049738;901.8946483704974;Line 333;0;151.964594158027
-23.25307809;-46.828472766;820.6;38190;96.11914236706686;901.8191423670669;Line 333;0;151.964594158027
-23.253318767;-46.828338248;824.8;38160;96.04363636363632;901.7436363636364;Line 333;0;151.964594158027
-23.253559445;-46.82820373;831.3;38130;95.96813036020579;901.6681303602059;Line 333;0;151.964594158027
-23.253800122;-46.828069211;838.5;38100;95.89262435677526;901.5926243567753;Line 333;0;151.964594158027
-23.254040799;-46.827934692;846.2;38070;95.81711835334472;901.5171183533448;Line 333;0;151.964594158027
-23.254281476;-46.827800172;854.4;38040;95.7416123499142;901.4416123499143;Line 333;0;151.964594158027
-23.254522153;-46.827665652;863.6;38010;95.66610634648366;901.3661063464837;Line 333;0;151.964594158027
-23.25476283;-46.827531131;874.1;37980;95.59060034305314;901.2906003430531;Line 333;0;151.964594158027
-23.255003507;-46.82739661;885.3;37950;95.5150943396226;901.2150943396226;Line 333;0;151.964594158027
-23.255244184;-46.827262089;895.9;37920;95.43958833619206;901.1395883361921;Line 333;0;151.964594158027
-23.255484861;-46.827127567;907.5;37890;95.36408233276154;901.0640823327616;Line 333;1;151.964594158027
-23.255725538;-46.826993044;920.3;37860;95.28857632933101;900.9885763293311;Line 333;1;151.964594158027
-23.255966214;-46.826858521;932.2;37830;95.21307032590047;900.9130703259005;Line 333;1;151.964594158027
-23.256206891;-46.826723998;942.9;37800;95.13756432246994;900.83756432247;Line 333;1;151.964594158027
-23.256447567;-46.826589474;951.6;37770;95.06205831903941;900.7620583190394;Line 333;1;151.964594158027
-23.256688243;-46.82645495;957.5;37740;94.98655231560888;900.6865523156089;Line 333;1;151.964594158027
-23.256928919;-46.826320425;957.4;37710;94.91104631217834;900.6110463121784;Line 333;1;151.964594158027
-23.257169595;-46.8261859;956.2;37680;94.83554030874782;900.5355403087478;Line 333;1;151.964594158027
-23.257410271;-46.826051374;954.1;37650;94.76003430531729;900.4600343053173;Line 333;1;151.964594158027
-23.257650947;-46.825916848;954.3;37620;94.68452830188674;900.3845283018868;Line 333;1;151.964594158027
-23.257891623;-46.825782321;955.3;37590;94.60902229845622;900.3090222984563;Line 333;1;151.964594158027
-23.258132299;-46.825647794;953.7;37560;94.53351629502569;900.2335162950258;Line 333;1;151.964594158027
-23.258372974;-46.825513267;950.0;37530;94.45801029159516;900.1580102915952;Line 333;1;151.964594158027
-23.25861365;-46.825378739;942.5;37500;94.38250428816463;900.0825042881647;Line 333;1;151.964594158027
-23.258854325;-46.82524421;935.8;37470;94.30699828473409;900.0069982847341;Line 333;1;151.964594158027
-23.259095001;-46.825109682;929.6;37440;94.23149228130356;899.9314922813036;Line 333;1;151.964594158027
-23.259335676;-46.824975152;924.6;37410;94.15598627787303;899.8559862778731;Line 333;1;151.964594158027
-23.259576351;-46.824840622;918.4;37380;94.08048027444251;899.7804802744425;Line 333;1;151.964594158027
-23.259817026;-46.824706092;912.4;37350;94.00497427101196;899.704974271012;Line 333;1;151.964594158027
-23.260057701;-46.824571561;905.9;37320;93.92946826758143;899.6294682675815;Line 333;1;151.964594158027
-23.260298376;-46.82443703;897.7;37290;93.85396226415091;899.553962264151;Line 333;0;151.964594158027
-23.260539051;-46.824302499;889.3;37260;93.77845626072038;899.4784562607205;Line 333;0;151.964594158027
-23.260779726;-46.824167966;880.7;37230;93.70295025728984;899.4029502572898;Line 333;0;151.964594158027
-23.2610204;-46.824033434;873.1;37200;93.62744425385931;899.3274442538593;Line 333;0;151.964594158027
-23.261261075;-46.823898901;865.2;37170;93.55193825042878;899.2519382504288;Line 333;0;151.964594158027
-23.261501749;-46.823764367;857.5;37140;93.47643224699824;899.1764322469983;Line 333;0;151.964594158027
-23.261742423;-46.823629833;850.1;37110;93.40092624356771;899.1009262435678;Line 333;0;151.964594158027
-23.261983098;-46.823495299;842.8;37080;93.32542024013719;899.0254202401372;Line 333;0;151.964594158027
-23.262223772;-46.823360764;835.0;37050;93.24991423670664;898.9499142367067;Line 333;0;151.964594158027
-23.262464446;-46.823226229;830.9;37020;93.17440823327613;898.8744082332762;Line 333;0;151.964594158027
-23.26270512;-46.823091693;828.5;36990;93.09890222984559;898.7989022298457;Line 333;0;151.964594158027
-23.262945794;-46.822957157;827.4;36960;93.02339622641504;898.723396226415;Line 333;0;151.964594158027
-23.263186467;-46.82282262;827.4;36930;92.94789022298453;898.6478902229845;Line 333;0;151.964594158027
-23.263427141;-46.822688083;828.1;36900;92.872384219554;898.572384219554;Line 333;0;151.964594158027
-23.263667815;-46.822553545;827.5;36870;92.79687821612347;898.4968782161235;Line 333;0;151.964594158027
-23.263908488;-46.822419007;825.0;36840;92.72137221269293;898.421372212693;Line 333;0;151.964594158027
-23.264149162;-46.822284469;821.4;36810;92.6458662092624;898.3458662092625;Line 333;0;151.964594158027
-23.264389835;-46.82214993;824.1;36780;92.57036020583188;898.2703602058319;Line 333;0;151.964594158027
-23.264630508;-46.82201539;827.2;36750;92.49485420240133;898.1948542024014;Line 333;0;151.964594158027
-23.264871181;-46.82188085;830.2;36720;92.41934819897081;898.1193481989709;Line 333;0;151.964594158027
-23.265111854;-46.82174631;833.1;36690;92.34384219554028;898.0438421955403;Line 333;0;151.964594158027
-23.265352527;-46.821611769;836.6;36660;92.26833619210973;897.9683361921097;Line 333;0;151.964594158027
-23.2655932;-46.821477228;841.2;36630;92.19283018867921;897.8928301886792;Line 333;0;151.964594158027
-23.265833873;-46.821342686;847.1;36600;92.11732418524868;897.8173241852487;Line 333;0;151.964594158027
-23.266074546;-46.821208144;852.4;36570;92.04181818181814;897.7418181818182;Line 333;0;151.964594158027
-23.266315218;-46.821073601;858.7;36540;91.96631217838761;897.6663121783877;Line 333;0;151.964594158027
-23.266555891;-46.820939058;866.0;36510;91.89080617495708;897.5908061749572;Line 333;0;151.964594158027
-23.266796563;-46.820804514;870.3;36480;91.81530017152656;897.5153001715266;Line 333;0;151.964594158027
-23.267037235;-46.82066997;868.4;36450;91.73979416809601;897.4397941680961;Line 333;0;151.964594158027
-23.267277908;-46.820535426;867.5;36420;91.66428816466549;897.3642881646656;Line 333;0;151.964594158027
-23.26751858;-46.820400881;867.2;36390;91.58878216123496;897.288782161235;Line 333;0;151.964594158027
-23.267759252;-46.820266335;865.0;36360;91.51327615780441;897.2132761578044;Line 333;0;151.964594158027
-23.267999924;-46.820131789;864.6;36330;91.4377701543739;897.1377701543739;Line 333;0;151.964594158027
-23.268240596;-46.819997243;866.0;36300;91.36226415094336;897.0622641509434;Line 333;0;151.964594158027
-23.268481267;-46.819862696;866.8;36270;91.28675814751283;896.9867581475129;Line 333;0;151.964594158027
-23.268721939;-46.819728149;870.0;36240;91.2112521440823;896.9112521440824;Line 333;0;151.964594158027
-23.268962611;-46.819593601;874.1;36210;91.13574614065176;896.8357461406518;Line 333;0;151.964594158027
-23.269203282;-46.819459053;879.2;36180;91.06024013722123;896.7602401372212;Line 333;0;151.964594158027
-23.269443954;-46.819324504;885.7;36150;90.9847341337907;896.6847341337907;Line 333;0;151.964594158027
-23.269684625;-46.819189955;893.3;36120;90.90922813036018;896.6092281303602;Line 333;0;151.964594158027
-23.269925296;-46.819055405;900.6;36090;90.83372212692964;896.5337221269297;Line 333;1;151.964594158027
-23.270165967;-46.818920855;905.7;36060;90.7582161234991;896.4582161234991;Line 333;1;151.964594158027
-23.270406638;-46.818786305;911.0;36030;90.68271012006858;896.3827101200686;Line 333;1;151.964594158027
-23.270647309;-46.818651754;917.6;36000;90.60720411663804;896.3072041166381;Line 333;1;151.964594158027
-23.27088798;-46.818517203;922.7;35970;90.53169811320751;896.2316981132076;Line 333;1;151.964594158027
-23.271128651;-46.818382651;919.0;35940;90.45619210977698;896.1561921097771;Line 333;1;151.964594158027
-23.271369321;-46.818248098;914.7;35910;90.38068610634645;896.0806861063465;Line 333;1;151.964594158027
-23.271609992;-46.818113545;910.1;35880;90.30518010291591;896.0051801029159;Line 333;1;151.964594158027
-23.271850662;-46.817978992;905.8;35850;90.22967409948538;895.9296740994854;Line 333;1;151.964594158027
-23.272091333;-46.817844438;902.6;35820;90.15416809605486;895.8541680960549;Line 333;1;151.964594158027
-23.272332003;-46.817709884;900.6;35790;90.07866209262431;895.7786620926244;Line 333;1;151.964594158027
-23.272572673;-46.81757533;901.8;35760;90.00315608919378;895.7031560891938;Line 333;1;151.964594158027
-23.272813343;-46.817440774;907.6;35730;89.92765008576326;895.6276500857633;Line 333;1;151.964594158027
-23.273054013;-46.817306219;913.4;35700;89.85214408233273;895.5521440823328;Line 333;1;151.964594158027
-23.273294683;-46.817171663;918.9;35670;89.7766380789022;895.4766380789023;Line 333;1;151.964594158027
-23.273535353;-46.817037106;930.3;35640;89.70113207547166;895.4011320754717;Line 333;1;151.964594158027
-23.273776023;-46.816902549;942.4;35610;89.62562607204113;895.3256260720411;Line 333;1;151.964594158027
-23.274016693;-46.816767992;953.8;35580;89.5501200686106;895.2501200686106;Line 333;1;151.964594158027
-23.274257362;-46.816633434;965.1;35550;89.47461406518006;895.1746140651801;Line 333;1;151.964594158027
-23.274498032;-46.816498876;976.2;35520;89.39910806174954;895.0991080617496;Line 333;1;151.964594158027
-23.274738701;-46.816364317;986.1;35490;89.323602058319;895.023602058319;Line 333;1;151.964594158027
-23.27497937;-46.816229758;994.9;35460;89.24809605488846;894.9480960548885;Line 333;1;151.964594158027
-23.275220039;-46.816095198;994.2;35430;89.17259005145795;894.872590051458;Line 333;1;151.964594158027
-23.275460708;-46.815960638;993.0;35400;89.0970840480274;894.7970840480275;Line 333;1;151.964594158027
-23.275701377;-46.815826077;991.7;35370;89.02157804459688;894.721578044597;Line 333;1;151.964594158027
-23.275942046;-46.815691516;986.4;35340;88.94607204116635;894.6460720411663;Line 333;1;151.964594158027
-23.276182715;-46.815556954;984.0;35310;88.87056603773581;894.5705660377358;Line 333;1;151.964594158027
-23.276423384;-46.815422392;984.3;35280;88.79506003430528;894.4950600343053;Line 333;1;151.964594158027
-23.276664053;-46.81528783;987.3;35250;88.71955403087475;894.4195540308748;Line 333;1;151.964594158027
-23.276904721;-46.815153267;991.1;35220;88.64404802744423;894.3440480274443;Line 333;1;151.964594158027
-23.27714539;-46.815018704;996.9;35190;88.56854202401368;894.2685420240138;Line 333;1;151.964594158027
-23.277386058;-46.81488414;1000.2;35160;88.49303602058315;894.1930360205832;Line 333;1;151.964594158027
-23.277626726;-46.814749575;1000.3;35130;88.41753001715263;894.1175300171527;Line 333;1;151.964594158027
-23.277867394;-46.814615011;999.5;35100;88.34202401372208;894.0420240137221;Line 333;1;151.964594158027
-23.278108062;-46.814480445;1000.1;35070;88.26651801029156;893.9665180102916;Line 333;1;151.964594158027
-23.27834873;-46.81434588;1001.7;35040;88.19101200686103;893.891012006861;Line 333;1;151.964594158027
-23.278589398;-46.814211313;1002.1;35010;88.11550600343048;893.8155060034305;Line 333;1;151.964594158027
-23.278830066;-46.814076747;1001.0;34980;88.03999999999996;893.74;Line 333;1;151.964594158027
-23.279070734;-46.81394218;999.1;34950;87.96449399656943;893.6644939965695;Line 333;1;151.964594158027
-23.279311401;-46.813807612;996.3;34920;87.8889879931389;893.588987993139;Line 333;1;151.964594158027
-23.279552069;-46.813673044;993.5;34890;87.81348198970836;893.5134819897085;Line 333;1;151.964594158027
-23.279792736;-46.813538476;991.8;34860;87.73797598627783;893.4379759862779;Line 333;1;151.964594158027
-23.280033404;-46.813403907;990.9;34830;87.66246998284731;893.3624699828474;Line 333;1;151.964594158027
-23.280274071;-46.813269337;985.2;34800;87.58696397941677;893.2869639794168;Line 333;1;151.964594158027
-23.280514738;-46.813134767;977.1;34770;87.51145797598625;893.2114579759863;Line 333;1;151.964594158027
-23.280755405;-46.813000197;969.1;34740;87.43595197255571;893.1359519725557;Line 333;1;151.964594158027
-23.280996072;-46.812865626;958.9;34710;87.36044596912517;893.0604459691252;Line 333;1;151.964594158027
-23.281236739;-46.812731055;947.3;34680;87.28493996569465;892.9849399656947;Line 333;1;151.964594158027
-23.281477406;-46.812596483;935.3;34650;87.20943396226411;892.9094339622642;Line 333;1;151.964594158027
-23.281718073;-46.812461911;924.1;34620;87.13392795883358;892.8339279588337;Line 333;1;151.964594158027
-23.281958739;-46.812327339;916.6;34590;87.05842195540305;892.758421955403;Line 333;1;151.964594158027
-23.282199406;-46.812192766;908.8;34560;86.98291595197252;892.6829159519725;Line 333;1;151.964594158027
-23.282440072;-46.812058192;900.8;34530;86.907409948542;892.607409948542;Line 333;1;151.964594158027
-23.282680738;-46.811923618;900.6;34500;86.83190394511145;892.5319039451115;Line 333;1;151.964594158027
-23.282921405;-46.811789044;903.0;34470;86.75639794168093;892.456397941681;Line 333;1;151.964594158027
-23.283162071;-46.811654469;905.4;34440;86.6808919382504;892.3808919382504;Line 333;1;151.964594158027
-23.283402737;-46.811519893;911.1;34410;86.60538593481986;892.3053859348199;Line 333;1;151.964594158027
-23.283643403;-46.811385317;918.4;34380;86.52987993138933;892.2298799313894;Line 333;1;151.964594158027
-23.283884069;-46.811250741;925.0;34350;86.4543739279588;892.1543739279589;Line 333;1;151.964594158027
-23.284124734;-46.811116164;930.8;34320;86.37886792452827;892.0788679245284;Line 333;1;151.964594158027
-23.2843654;-46.810981587;935.1;34290;86.30336192109773;892.0033619210977;Line 333;1;151.964594158027
-23.284606066;-46.810847009;941.6;34260;86.22785591766721;891.9278559176672;Line 333;1;151.964594158027
-23.284846731;-46.810712431;950.7;34230;86.15234991423667;891.8523499142367;Line 333;1;151.964594158027
-23.285087397;-46.810577853;956.4;34200;86.07684391080613;891.7768439108062;Line 333;1;151.964594158027
-23.285328062;-46.810443274;955.7;34170;86.00133790737561;891.7013379073757;Line 333;1;151.964594158027
-23.285568727;-46.810308694;955.5;34140;85.92583190394508;891.6258319039451;Line 333;1;151.964594158027
-23.285809392;-46.810174114;956.0;34110;85.85032590051455;891.5503259005146;Line 333;1;151.964594158027
-23.286050057;-46.810039534;949.0;34080;85.77481989708401;891.4748198970841;Line 333;1;151.964594158027
-23.286290722;-46.809904953;937.2;34050;85.69931389365348;891.3993138936535;Line 333;1;151.964594158027
-23.286531387;-46.809770371;923.1;34020;85.62380789022295;891.323807890223;Line 333;1;151.964594158027
-23.286772052;-46.809635789;911.7;33990;85.54830188679242;891.2483018867924;Line 333;1;151.964594158027
-23.287012717;-46.809501207;904.2;33960;85.4727958833619;891.1727958833619;Line 333;1;151.964594158027
-23.287253381;-46.809366624;896.3;33930;85.39728987993135;891.0972898799314;Line 333;1;151.964594158027
-23.287494046;-46.809232041;888.0;33900;85.32178387650082;891.0217838765009;Line 333;0;151.964594158027
-23.28773471;-46.809097457;887.6;33870;85.2462778730703;890.9462778730704;Line 333;0;151.964594158027
-23.287975374;-46.808962873;888.4;33840;85.17077186963975;890.8707718696398;Line 333;0;151.964594158027
-23.288216039;-46.808828289;889.6;33810;85.09526586620923;890.7952658662093;Line 333;0;151.964594158027
-23.288456703;-46.808693704;890.7;33780;85.0197598627787;890.7197598627788;Line 333;0;151.964594158027
-23.288697367;-46.808559118;892.3;33750;84.94425385934817;890.6442538593482;Line 333;1;151.964594158027
-23.288938031;-46.808424532;895.3;33720;84.86874785591763;890.5687478559176;Line 333;1;151.964594158027
-23.289178694;-46.808289946;898.9;33690;84.7932418524871;890.4932418524871;Line 333;1;151.964594158027
-23.289419358;-46.808155359;886.3;33660;84.71773584905658;890.4177358490566;Line 333;0;151.964594158027
-23.289660022;-46.808020771;873.0;33630;84.64222984562603;890.3422298456261;Line 333;0;151.964594158027
-23.289900685;-46.807886184;859.2;33600;84.5667238421955;890.2667238421956;Line 333;0;151.964594158027
-23.290141349;-46.807751595;849.5;33570;84.49121783876498;890.191217838765;Line 333;0;151.964594158027
-23.290382012;-46.807617006;842.7;33540;84.41571183533443;890.1157118353344;Line 333;0;151.964594158027
-23.290622676;-46.807482417;835.5;33510;84.34020583190392;890.0402058319039;Line 333;0;151.964594158027
-23.290863339;-46.807347828;829.6;33480;84.26469982847338;889.9646998284734;Line 333;0;151.964594158027
-23.291104002;-46.807213237;830.1;33450;84.18919382504284;889.8891938250429;Line 333;0;151.964594158027
-23.291344665;-46.807078647;829.4;33420;84.11368782161232;889.8136878216123;Line 333;0;151.964594158027
-23.291585328;-46.806944056;827.3;33390;84.03818181818178;889.7381818181818;Line 333;0;151.964594158027
-23.291825991;-46.806809464;824.1;33360;83.96267581475125;889.6626758147513;Line 333;0;151.964594158027
-23.292066653;-46.806674872;820.7;33330;83.88716981132072;889.5871698113208;Line 333;0;151.964594158027
-23.292307316;-46.80654028;818.6;33300;83.81166380789018;889.5116638078903;Line 333;0;151.964594158027
-23.292547979;-46.806405687;816.3;33270;83.73615780445967;889.4361578044598;Line 333;0;151.964594158027
-23.292788641;-46.806271094;813.9;33240;83.66065180102912;889.3606518010291;Line 333;0;151.964594158027
-23.293029303;-46.8061365;812.1;33210;83.5851457975986;889.2851457975986;Line 333;0;151.964594158027
-23.293269966;-46.806001905;810.8;33180;83.50963979416807;889.2096397941681;Line 333;0;151.964594158027
-23.293510628;-46.805867311;808.0;33150;83.43413379073752;889.1341337907376;Line 333;0;151.964594158027
-23.29375129;-46.805732715;804.0;33120;83.358627787307;889.058627787307;Line 333;0;151.964594158027
-23.293991952;-46.80559812;799.4;33090;83.28312178387647;888.9831217838765;Line 333;0;151.964594158027
-23.294232614;-46.805463524;793.8;33060;83.20761578044593;888.907615780446;Line 333;0;151.964594158027
-23.294473276;-46.805328927;787.1;33030;83.1321097770154;888.8321097770155;Line 333;0;151.964594158027
-23.294713937;-46.80519433;781.6;33000;83.05660377358487;888.7566037735849;Line 333;0;151.964594158027
-23.294954599;-46.805059732;777.2;32970;82.98109777015434;888.6810977701543;Line 333;0;151.964594158027
-23.29519526;-46.804925135;776.2;32940;82.9055917667238;888.6055917667238;Line 333;0;151.964594158027
-23.295435922;-46.804790536;776.8;32910;82.83008576329328;888.5300857632933;Line 333;0;151.964594158027
-23.295676583;-46.804655937;778.0;32880;82.75457975986275;888.4545797598628;Line 333;0;151.964594158027
-23.295917244;-46.804521338;779.7;32850;82.6790737564322;888.3790737564323;Line 333;0;151.964594158027
-23.296157906;-46.804386738;781.7;32820;82.60356775300168;888.3035677530017;Line 333;0;151.964594158027
-23.296398567;-46.804252138;783.8;32790;82.52806174957115;888.2280617495712;Line 333;0;151.964594158027
-23.296639228;-46.804117537;786.0;32760;82.45255574614062;888.1525557461407;Line 333;0;151.964594158027
-23.296879889;-46.803982936;789.3;32730;82.37704974271008;888.0770497427102;Line 333;0;151.964594158027
-23.297120549;-46.803848334;792.8;32700;82.30154373927955;888.0015437392796;Line 333;0;151.964594158027
-23.29736121;-46.803713732;796.6;32670;82.22603773584902;887.926037735849;Line 333;0;151.964594158027
-23.297601871;-46.803579129;800.5;32640;82.15053173241849;887.8505317324185;Line 333;0;151.964594158027
-23.297842531;-46.803444526;804.7;32610;82.07502572898797;887.775025728988;Line 333;0;151.964594158027
-23.298083192;-46.803309923;808.8;32580;81.99951972555742;887.6995197255575;Line 333;0;151.964594158027
-23.298323852;-46.803175319;812.4;32550;81.92401372212689;887.624013722127;Line 333;0;151.964594158027
-23.298564512;-46.803040714;817.0;32520;81.84850771869637;887.5485077186964;Line 333;0;151.964594158027
-23.298805172;-46.802906109;822.1;32490;81.77300171526583;887.4730017152659;Line 333;0;151.964594158027
-23.299045832;-46.802771504;827.4;32460;81.6974957118353;887.3974957118353;Line 333;0;151.964594158027
-23.299286492;-46.802636898;832.0;32430;81.62198970840477;887.3219897084048;Line 333;0;151.964594158027
-23.299527152;-46.802502292;834.6;32400;81.54648370497424;887.2464837049743;Line 333;0;151.964594158027
-23.299767812;-46.802367685;832.6;32370;81.4709777015437;887.1709777015437;Line 333;0;151.964594158027
-23.300008472;-46.802233078;830.0;32340;81.39547169811317;887.0954716981132;Line 333;0;151.964594158027
-23.300249131;-46.80209847;825.5;32310;81.31996569468265;887.0199656946827;Line 333;0;151.964594158027
-23.300489791;-46.801963862;821.6;32280;81.2444596912521;886.9444596912522;Line 333;0;151.964594158027
-23.30073045;-46.801829254;818.4;32250;81.16895368782157;886.8689536878217;Line 333;0;151.964594158027
-23.300971109;-46.801694645;818.2;32220;81.09344768439105;886.7934476843911;Line 333;0;151.964594158027
-23.301211769;-46.801560035;821.1;32190;81.01794168096052;886.7179416809606;Line 333;0;151.964594158027
-23.301452428;-46.801425425;823.8;32160;80.94243567752999;886.64243567753;Line 333;0;151.964594158027
-23.301693087;-46.801290815;826.1;32130;80.86692967409945;886.5669296740995;Line 333;0;151.964594158027
-23.301933746;-46.801156204;829.0;32100;80.79142367066892;886.491423670669;Line 333;0;151.964594158027
-23.302174405;-46.801021592;832.3;32070;80.71591766723839;886.4159176672384;Line 333;0;151.964594158027
-23.302415063;-46.800886981;835.8;32040;80.64041166380785;886.3404116638079;Line 333;0;151.964594158027
-23.302655722;-46.800752368;840.0;32010;80.56490566037733;886.2649056603774;Line 333;0;151.964594158027
-23.302896381;-46.800617756;844.2;31980;80.48939965694679;886.1893996569469;Line 333;0;151.964594158027
-23.303137039;-46.800483142;847.8;31950;80.41389365351627;886.1138936535164;Line 333;0;151.964594158027
-23.303377697;-46.800348529;849.9;31920;80.33838765008574;886.0383876500857;Line 333;0;151.964594158027
-23.303618356;-46.800213915;847.6;31890;80.26288164665519;885.9628816466552;Line 333;0;151.964594158027
-23.303859014;-46.8000793;846.2;31860;80.18737564322467;885.8873756432247;Line 333;0;151.964594158027
-23.304099672;-46.799944685;845.7;31830;80.11186963979414;885.8118696397942;Line 333;0;151.964594158027
-23.30434033;-46.799810069;839.8;31800;80.0363636363636;885.7363636363636;Line 333;0;151.964594158027
-23.304580988;-46.799675453;832.4;31770;79.96085763293307;885.6608576329331;Line 333;0;151.964594158027
-23.304821646;-46.799540837;826.1;31740;79.88535162950254;885.5853516295026;Line 333;0;151.964594158027
-23.305062304;-46.79940622;822.7;31710;79.80984562607202;885.5098456260721;Line 333;0;151.964594158027
-23.305302961;-46.799271603;825.0;31680;79.73433962264147;885.4343396226416;Line 333;0;151.964594158027
-23.305543619;-46.799136985;827.4;31650;79.65883361921095;885.358833619211;Line 333;0;151.964594158027
-23.305784276;-46.799002367;830.1;31620;79.58332761578042;885.2833276157804;Line 333;0;151.964594158027
-23.306024934;-46.798867748;834.9;31590;79.50782161234987;885.2078216123499;Line 333;0;151.964594158027
-23.306265591;-46.798733129;840.2;31560;79.43231560891935;885.1323156089194;Line 333;0;151.964594158027
-23.306506248;-46.798598509;845.4;31530;79.35680960548882;885.0568096054889;Line 333;0;151.964594158027
-23.306746905;-46.798463889;847.5;31500;79.28130360205829;884.9813036020583;Line 333;0;151.964594158027
-23.306987562;-46.798329268;843.7;31470;79.20579759862775;884.9057975986278;Line 333;0;151.964594158027
-23.307228219;-46.798194647;839.8;31440;79.13029159519722;884.8302915951973;Line 333;0;151.964594158027
-23.307468876;-46.798060026;836.9;31410;79.05478559176669;884.7547855917667;Line 333;0;151.964594158027
-23.307709533;-46.797925404;834.6;31380;78.97927958833615;884.6792795883362;Line 333;0;151.964594158027
-23.307950189;-46.797790781;832.5;31350;78.90377358490564;884.6037735849056;Line 333;0;151.964594158027
-23.308190846;-46.797656158;830.6;31320;78.8282675814751;884.5282675814751;Line 333;0;151.964594158027
-23.308431502;-46.797521535;827.2;31290;78.75276157804456;884.4527615780446;Line 333;0;151.964594158027
-23.308672159;-46.797386911;819.1;31260;78.67725557461404;884.3772555746141;Line 333;0;151.964594158027
-23.308912815;-46.797252287;810.5;31230;78.6017495711835;884.3017495711836;Line 333;0;151.964594158027
-23.309153471;-46.797117662;802.0;31200;78.52624356775297;884.226243567753;Line 333;0;151.964594158027
-23.309394127;-46.796983037;799.7;31170;78.45073756432244;884.1507375643225;Line 333;0;151.964594158027
-23.309634783;-46.796848411;798.6;31140;78.3752315608919;884.075231560892;Line 333;0;151.964594158027
-23.309875439;-46.796713785;798.1;31110;78.29972555746137;883.9997255574614;Line 333;0;151.964594158027
-23.310116095;-46.796579158;801.3;31080;78.22421955403084;883.9242195540309;Line 333;0;151.964594158027
-23.31035675;-46.796444531;807.9;31050;78.14871355060032;883.8487135506003;Line 333;0;151.964594158027
-23.310597406;-46.796309904;815.0;31020;78.07320754716977;883.7732075471698;Line 333;0;151.964594158027
-23.310838062;-46.796175276;822.4;30990;77.99770154373924;883.6977015437393;Line 333;0;151.964594158027
-23.311078717;-46.796040647;823.0;30960;77.92219554030872;883.6221955403088;Line 333;0;151.964594158027
-23.311319372;-46.795906019;823.1;30930;77.84668953687819;883.5466895368783;Line 333;0;151.964594158027
-23.311560028;-46.795771389;822.8;30900;77.77118353344765;883.4711835334477;Line 333;0;151.964594158027
-23.311800683;-46.795636759;822.0;30870;77.69567753001712;883.3956775300171;Line 333;0;151.964594158027
-23.312041338;-46.795502129;820.6;30840;77.62017152658659;883.3201715265866;Line 333;0;151.964594158027
-23.312281993;-46.795367498;818.5;30810;77.54466552315606;883.2446655231561;Line 333;0;151.964594158027
-23.312522648;-46.795232867;816.6;30780;77.46915951972552;883.1691595197256;Line 333;0;151.964594158027
-23.312763302;-46.795098235;821.9;30750;77.393653516295;883.093653516295;Line 333;0;151.964594158027
-23.313003957;-46.794963603;826.7;30720;77.31814751286446;883.0181475128645;Line 333;0;151.964594158027
-23.313244612;-46.794828971;830.7;30690;77.24264150943392;882.942641509434;Line 333;0;151.964594158027
-23.313485266;-46.794694338;835.6;30660;77.1671355060034;882.8671355060035;Line 333;0;151.964594158027
-23.313725921;-46.794559704;841.2;30630;77.09162950257286;882.791629502573;Line 333;0;151.964594158027
-23.313966575;-46.79442507;846.7;30600;77.01612349914234;882.7161234991424;Line 333;0;151.964594158027
-23.314207229;-46.794290436;851.9;30570;76.9406174957118;882.6406174957118;Line 333;0;151.964594158027
-23.314447883;-46.794155801;857.4;30540;76.86511149228127;882.5651114922813;Line 333;0;151.964594158027
-23.314688537;-46.794021165;863.0;30510;76.78960548885074;882.4896054888508;Line 333;0;151.964594158027
-23.314929191;-46.79388653;868.5;30480;76.7140994854202;882.4140994854203;Line 333;0;151.964594158027
-23.315169845;-46.793751893;870.2;30450;76.63859348198969;882.3385934819897;Line 333;0;151.964594158027
-23.315410499;-46.793617256;869.7;30420;76.56308747855914;882.2630874785592;Line 333;0;151.964594158027
-23.315651152;-46.793482619;868.4;30390;76.48758147512861;882.1875814751287;Line 333;0;151.964594158027
-23.315891806;-46.793347982;865.2;30360;76.41207547169809;882.1120754716982;Line 333;0;151.964594158027
-23.316132459;-46.793213343;857.7;30330;76.33656946826754;882.0365694682675;Line 333;0;151.964594158027
-23.316373113;-46.793078705;849.7;30300;76.26106346483702;881.961063464837;Line 333;0;151.964594158027
-23.316613766;-46.792944066;841.3;30270;76.18555746140649;881.8855574614065;Line 333;0;151.964594158027
-23.316854419;-46.792809426;836.5;30240;76.11005145797594;881.810051457976;Line 333;0;151.964594158027
-23.317095072;-46.792674786;833.9;30210;76.03454545454542;881.7345454545455;Line 333;0;151.964594158027
-23.317335725;-46.792540146;832.6;30180;75.95903945111489;881.659039451115;Line 333;0;151.964594158027
-23.317576378;-46.792405505;830.9;30150;75.88353344768437;881.5835334476844;Line 333;0;151.964594158027
-23.317817031;-46.792270863;825.3;30120;75.80802744425382;881.5080274442539;Line 333;0;151.964594158027
-23.318057684;-46.792136222;818.9;30090;75.73252144082329;881.4325214408234;Line 333;0;151.964594158027
-23.318298337;-46.792001579;811.8;30060;75.65701543739277;881.3570154373929;Line 333;0;151.964594158027
-23.318538989;-46.791866937;809.8;30030;75.58150943396222;881.2815094339622;Line 333;0;151.964594158027
-23.318779642;-46.791732293;809.6;30000;75.5060034305317;881.2060034305317;Line 333;0;151.964594158027
-23.319020294;-46.79159765;810.2;29970;75.43049742710117;881.1304974271012;Line 333;0;151.964594158027
-23.319260946;-46.791463005;813.3;29940;75.35499142367063;881.0549914236707;Line 333;0;151.964594158027
-23.319501598;-46.791328361;819.4;29910;75.2794854202401;880.9794854202402;Line 333;0;151.964594158027
-23.319742251;-46.791193716;825.6;29880;75.20397941680957;880.9039794168096;Line 333;0;151.964594158027
-23.319982902;-46.79105907;831.8;29850;75.12847341337904;880.8284734133791;Line 333;0;151.964594158027
-23.320223554;-46.790924424;835.7;29820;75.05296740994851;880.7529674099485;Line 333;0;151.964594158027
-23.320464206;-46.790789778;839.3;29790;74.97746140651797;880.677461406518;Line 333;0;151.964594158027
-23.320704858;-46.790655131;841.9;29760;74.90195540308746;880.6019554030875;Line 333;0;151.964594158027
-23.32094551;-46.790520483;841.1;29730;74.82644939965691;880.5264493996569;Line 333;0;151.964594158027
-23.321186161;-46.790385836;837.1;29700;74.75094339622639;880.4509433962264;Line 333;0;151.964594158027
-23.321426813;-46.790251187;833.5;29670;74.67543739279586;880.3754373927959;Line 333;0;151.964594158027
-23.321667464;-46.790116539;830.2;29640;74.59993138936531;880.2999313893654;Line 333;0;151.964594158027
-23.321908115;-46.789981889;824.4;29610;74.52442538593479;880.2244253859349;Line 333;0;151.964594158027
-23.322148766;-46.78984724;818.7;29580;74.44891938250426;880.1489193825043;Line 333;0;151.964594158027
-23.322389417;-46.789712589;813.1;29550;74.37341337907372;880.0734133790738;Line 333;0;151.964594158027
-23.322630068;-46.789577939;811.0;29520;74.29790737564319;879.9979073756432;Line 333;0;151.964594158027
-23.322870719;-46.789443288;812.1;29490;74.22240137221266;879.9224013722127;Line 333;0;151.964594158027
-23.32311137;-46.789308636;813.5;29460;74.14689536878213;879.8468953687822;Line 333;0;151.964594158027
-23.323352021;-46.789173984;814.5;29430;74.07138936535159;879.7713893653516;Line 333;0;151.964594158027
-23.323592671;-46.789039332;804.5;29400;73.99588336192107;879.6958833619211;Line 333;0;151.964594158027
-23.323833322;-46.788904679;795.7;29370;73.92037735849054;879.6203773584906;Line 333;0;151.964594158027
-23.324073972;-46.788770025;788.2;29340;73.84487135506001;879.5448713550601;Line 333;0;151.964594158027
-23.324314622;-46.788635371;785.2;29310;73.76936535162947;879.4693653516296;Line 333;0;151.964594158027
-23.324555273;-46.788500717;785.7;29280;73.69385934819894;879.3938593481989;Line 333;0;151.964594158027
-23.324795923;-46.788366062;787.7;29250;73.61835334476841;879.3183533447684;Line 333;0;151.964594158027
-23.325036573;-46.788231407;791.0;29220;73.54284734133788;879.2428473413379;Line 333;0;151.964594158027
-23.325277223;-46.788096751;797.0;29190;73.46734133790736;879.1673413379074;Line 333;0;151.964594158027
-23.325517873;-46.787962095;803.2;29160;73.39183533447681;879.0918353344769;Line 333;0;151.964594158027
-23.325758522;-46.787827439;809.4;29130;73.31632933104628;879.0163293310463;Line 333;0;151.964594158027
-23.325999172;-46.787692782;814.8;29100;73.24082332761576;878.9408233276158;Line 333;0;151.964594158027
-23.326239822;-46.787558124;820.4;29070;73.16531732418521;878.8653173241853;Line 333;0;151.964594158027
-23.326480471;-46.787423466;826.4;29040;73.08981132075469;878.7898113207548;Line 333;0;151.964594158027
-23.326721121;-46.787288807;832.7;29010;73.01430531732416;878.7143053173243;Line 333;0;151.964594158027
-23.32696177;-46.787154149;838.2;28980;72.93879931389363;878.6387993138936;Line 333;0;151.964594158027
-23.327202419;-46.787019489;844.2;28950;72.86329331046309;878.5632933104631;Line 333;0;151.964594158027
-23.327443068;-46.786884829;850.7;28920;72.78778730703256;878.4877873070326;Line 333;0;151.964594158027
-23.327683717;-46.786750169;858.2;28890;72.71228130360204;878.4122813036021;Line 333;0;151.964594158027
-23.327924366;-46.786615508;865.2;28860;72.6367753001715;878.3367753001716;Line 333;0;151.964594158027
-23.328165015;-46.786480847;871.4;28830;72.56126929674096;878.261269296741;Line 333;0;151.964594158027
-23.328405664;-46.786346185;877.6;28800;72.48576329331044;878.1857632933105;Line 333;0;151.964594158027
-23.328646312;-46.786211523;883.0;28770;72.4102572898799;878.1102572898799;Line 333;1;151.964594158027
-23.328886961;-46.78607686;888.4;28740;72.33475128644938;878.0347512864494;Line 333;1;151.964594158027
-23.329127609;-46.785942197;893.8;28710;72.25924528301884;877.9592452830188;Line 333;1;151.964594158027
-23.329368258;-46.785807534;895.6;28680;72.1837392795883;877.8837392795883;Line 333;1;151.964594158027
-23.329608906;-46.78567287;895.6;28650;72.10823327615778;877.8082332761578;Line 333;1;151.964594158027
-23.329849554;-46.785538205;896.7;28620;72.03272727272724;877.7327272727273;Line 333;1;151.964594158027
-23.330090202;-46.78540354;898.2;28590;71.95722126929672;877.6572212692968;Line 333;1;151.964594158027
-23.33033085;-46.785268875;899.7;28560;71.88171526586618;877.5817152658663;Line 333;1;151.964594158027
-23.330571498;-46.785134209;903.2;28530;71.80620926243564;877.5062092624357;Line 333;1;151.964594158027
-23.330812146;-46.784999542;908.7;28500;71.73070325900513;877.4307032590052;Line 333;1;151.964594158027
-23.331052794;-46.784864876;906.9;28470;71.65519725557458;877.3551972555746;Line 333;1;151.964594158027
-23.331293441;-46.784730208;905.6;28440;71.57969125214406;877.2796912521441;Line 333;1;151.964594158027
-23.331534089;-46.784595541;905.3;28410;71.50418524871353;877.2041852487135;Line 333;1;151.964594158027
-23.331774736;-46.784460872;903.4;28380;71.42867924528298;877.128679245283;Line 333;1;151.964594158027
-23.332015384;-46.784326204;899.2;28350;71.35317324185246;877.0531732418525;Line 333;1;151.964594158027
-23.332256031;-46.784191535;895.8;28320;71.27766723842193;876.977667238422;Line 333;1;151.964594158027
-23.332496678;-46.784056865;892.9;28290;71.2021612349914;876.9021612349915;Line 333;1;151.964594158027
-23.332737325;-46.783922195;891.4;28260;71.12665523156086;876.826655231561;Line 333;1;151.964594158027
-23.332977972;-46.783787525;888.3;28230;71.05114922813033;876.7511492281303;Line 333;1;151.964594158027
-23.333218619;-46.783652854;883.7;28200;70.97564322469981;876.6756432246998;Line 333;1;151.964594158027
-23.333459266;-46.783518182;879.3;28170;70.90013722126926;876.6001372212693;Line 333;1;151.964594158027
-23.333699913;-46.78338351;875.2;28140;70.82463121783874;876.5246312178388;Line 333;0;151.964594158027
-23.333940559;-46.783248838;869.1;28110;70.74912521440821;876.4491252144082;Line 333;0;151.964594158027
-23.334181206;-46.783114165;861.3;28080;70.67361921097766;876.3736192109777;Line 333;0;151.964594158027
-23.334421852;-46.782979492;854.8;28050;70.59811320754714;876.2981132075472;Line 333;0;151.964594158027
-23.334662498;-46.782844818;847.6;28020;70.52260720411661;876.2226072041167;Line 333;0;151.964594158027
-23.334903145;-46.782710144;839.6;27990;70.44710120068608;876.1471012006862;Line 333;0;151.964594158027
-23.335143791;-46.782575469;832.5;27960;70.37159519725554;876.0715951972556;Line 333;0;151.964594158027
-23.335384437;-46.782440794;829.2;27930;70.29608919382501;875.996089193825;Line 333;0;151.964594158027
-23.335625083;-46.782306118;828.0;27900;70.22058319039448;875.9205831903945;Line 333;0;151.964594158027
-23.335865729;-46.782171442;824.8;27870;70.14507718696395;875.845077186964;Line 333;0;151.964594158027
-23.336106374;-46.782036766;821.3;27840;70.06957118353343;875.7695711835335;Line 333;0;151.964594158027
-23.33634702;-46.781902089;816.6;27810;69.9940651801029;875.6940651801029;Line 333;0;151.964594158027
-23.336587666;-46.781767411;810.6;27780;69.91855917667235;875.6185591766724;Line 333;0;151.964594158027
-23.336828311;-46.781632733;808.1;27750;69.84305317324183;875.5430531732419;Line 333;0;151.964594158027
-23.337068957;-46.781498055;809.8;27720;69.7675471698113;875.4675471698114;Line 333;0;151.964594158027
-23.337309602;-46.781363376;810.0;27690;69.69204116638076;875.3920411663807;Line 333;0;151.964594158027
-23.337550247;-46.781228697;810.6;27660;69.61653516295023;875.3165351629502;Line 333;0;151.964594158027
-23.337790892;-46.781094017;818.4;27630;69.5410291595197;875.2410291595197;Line 333;0;151.964594158027
-23.338031537;-46.780959337;826.1;27600;69.46552315608916;875.1655231560892;Line 333;0;151.964594158027
-23.338272182;-46.780824656;833.7;27570;69.39001715265863;875.0900171526587;Line 333;0;151.964594158027
-23.338512827;-46.780689975;834.7;27540;69.31451114922811;875.0145111492282;Line 333;0;151.964594158027
-23.338753472;-46.780555293;833.5;27510;69.23900514579756;874.9390051457976;Line 333;0;151.964594158027
-23.338994116;-46.780420611;831.3;27480;69.16349914236703;874.8634991423671;Line 333;0;151.964594158027
-23.339234761;-46.780285929;827.6;27450;69.08799313893651;874.7879931389366;Line 333;0;151.964594158027
-23.339475405;-46.780151246;822.6;27420;69.01248713550598;874.7124871355061;Line 333;0;151.964594158027
-23.33971605;-46.780016562;817.6;27390;68.93698113207545;874.6369811320754;Line 333;0;151.964594158027
-23.339956694;-46.779881878;816.4;27360;68.86147512864491;874.5614751286449;Line 333;0;151.964594158027
-23.340197338;-46.779747194;815.7;27330;68.78596912521438;874.4859691252144;Line 333;0;151.964594158027
-23.340437982;-46.779612509;815.6;27300;68.71046312178385;874.4104631217839;Line 333;0;151.964594158027
-23.340678626;-46.779477824;815.9;27270;68.63495711835331;874.3349571183534;Line 333;0;151.964594158027
-23.34091927;-46.779343138;816.7;27240;68.5594511149228;874.2594511149229;Line 333;0;151.964594158027
-23.341159914;-46.779208452;817.6;27210;68.48394511149225;874.1839451114923;Line 333;0;151.964594158027
-23.341400558;-46.779073765;821.3;27180;68.40843910806171;874.1084391080617;Line 333;0;151.964594158027
-23.341641201;-46.778939078;826.1;27150;68.3329331046312;874.0329331046312;Line 333;0;151.964594158027
-23.341881845;-46.77880439;834.1;27120;68.25742710120065;873.9574271012007;Line 333;0;151.964594158027
-23.342122488;-46.778669702;842.8;27090;68.18192109777013;873.8819210977701;Line 333;0;151.964594158027
-23.342363132;-46.778535014;851.7;27060;68.1064150943396;873.8064150943396;Line 333;0;151.964594158027
-23.342603775;-46.778400325;857.1;27030;68.03090909090906;873.7309090909091;Line 333;0;151.964594158027
-23.342844418;-46.778265635;855.9;27000;67.95540308747853;873.6554030874786;Line 333;0;151.964594158027
-23.343085061;-46.778130945;853.8;26970;67.879897084048;873.5798970840481;Line 333;0;151.964594158027
-23.343325704;-46.777996255;852.4;26940;67.80439108061748;873.5043910806176;Line 333;0;151.964594158027
-23.343566347;-46.777861564;852.2;26910;67.72888507718693;873.428885077187;Line 333;0;151.964594158027
-23.34380699;-46.777726872;852.7;26880;67.65337907375641;873.3533790737565;Line 333;0;151.964594158027
-23.344047632;-46.777592181;853.7;26850;67.57787307032588;873.2778730703259;Line 333;0;151.964594158027
-23.344288275;-46.777457488;853.7;26820;67.50236706689533;873.2023670668954;Line 333;0;151.964594158027
-23.344528918;-46.777322796;850.2;26790;67.42686106346481;873.1268610634648;Line 333;0;151.964594158027
-23.34476956;-46.777188102;845.7;26760;67.35135506003428;873.0513550600343;Line 333;0;151.964594158027
-23.345010202;-46.777053409;840.6;26730;67.27584905660375;872.9758490566038;Line 333;0;151.964594158027
-23.345250844;-46.776918715;841.3;26700;67.20034305317321;872.9003430531733;Line 333;0;151.964594158027
-23.345491487;-46.77678402;841.9;26670;67.12483704974268;872.8248370497428;Line 333;0;151.964594158027
-23.345732129;-46.776649325;842.2;26640;67.04933104631215;872.7493310463121;Line 333;0;151.964594158027
-23.345972771;-46.77651463;837.3;26610;66.97382504288161;872.6738250428816;Line 333;0;151.964594158027
-23.346213412;-46.776379934;830.3;26580;66.8983190394511;872.5983190394511;Line 333;0;151.964594158027
-23.346454054;-46.776245237;824.5;26550;66.82281303602056;872.5228130360206;Line 333;0;151.964594158027
-23.346694696;-46.77611054;820.5;26520;66.74730703259002;872.4473070325901;Line 333;0;151.964594158027
-23.346935337;-46.775975843;824.7;26490;66.6718010291595;872.3718010291595;Line 333;0;151.964594158027
-23.347175979;-46.775841145;831.2;26460;66.59629502572896;872.296295025729;Line 333;0;151.964594158027
-23.34741662;-46.775706447;839.5;26430;66.52078902229843;872.2207890222985;Line 333;0;151.964594158027
-23.347657262;-46.775571748;846.5;26400;66.4452830188679;872.145283018868;Line 333;0;151.964594158027
-23.347897903;-46.775437049;851.5;26370;66.36977701543736;872.0697770154375;Line 333;0;151.964594158027
-23.348138544;-46.775302349;854.5;26340;66.29427101200683;871.9942710120068;Line 333;0;151.964594158027
-23.348379185;-46.775167649;854.4;26310;66.2187650085763;871.9187650085763;Line 333;0;151.964594158027
-23.348619826;-46.775032948;848.0;26280;66.14325900514578;871.8432590051458;Line 333;0;151.964594158027
-23.348860467;-46.774898247;839.8;26250;66.06775300171525;871.7677530017153;Line 333;0;151.964594158027
-23.349101107;-46.774763546;831.4;26220;65.9922469982847;871.6922469982848;Line 333;0;151.964594158027
-23.349341748;-46.774628844;823.9;26190;65.91674099485418;871.6167409948542;Line 333;0;151.964594158027
-23.349582389;-46.774494141;818.8;26160;65.84123499142365;871.5412349914237;Line 333;0;151.964594158027
-23.349823029;-46.774359438;816.3;26130;65.76572898799311;871.4657289879932;Line 333;0;151.964594158027
-23.350063669;-46.774224735;817.3;26100;65.69022298456258;871.3902229845626;Line 333;0;151.964594158027
-23.35030431;-46.774090031;822.2;26070;65.61471698113205;871.314716981132;Line 333;0;151.964594158027
-23.35054495;-46.773955327;825.9;26040;65.53921097770152;871.2392109777015;Line 333;0;151.964594158027
-23.35078559;-46.773820622;828.7;26010;65.46370497427098;871.163704974271;Line 333;0;151.964594158027
-23.35102623;-46.773685917;828.9;25980;65.38819897084046;871.0881989708405;Line 333;0;151.964594158027
-23.35126687;-46.773551211;829.2;25950;65.31269296740992;871.01269296741;Line 333;0;151.964594158027
-23.35150751;-46.773416505;830.1;25920;65.23718696397938;870.9371869639795;Line 333;0;151.964594158027
-23.351748149;-46.773281798;834.1;25890;65.16168096054886;870.8616809605489;Line 333;0;151.964594158027
-23.351988789;-46.773147091;843.4;25860;65.08617495711833;870.7861749571184;Line 333;0;151.964594158027
-23.352229428;-46.773012384;853.5;25830;65.0106689536878;870.7106689536879;Line 333;0;151.964594158027
-23.352470068;-46.772877676;864.5;25800;64.93516295025726;870.6351629502573;Line 333;0;151.964594158027
-23.352710707;-46.772742967;876.4;25770;64.85965694682673;870.5596569468267;Line 333;1;151.964594158027
-23.352951346;-46.772608258;888.1;25740;64.7841509433962;870.4841509433962;Line 333;1;151.964594158027
-23.353191986;-46.772473549;899.1;25710;64.70864493996567;870.4086449399657;Line 333;1;151.964594158027
-23.353432625;-46.772338839;908.9;25680;64.63313893653515;870.3331389365352;Line 333;1;151.964594158027
-23.353673264;-46.772204129;918.4;25650;64.5576329331046;870.2576329331047;Line 333;1;151.964594158027
-23.353913902;-46.772069418;926.8;25620;64.48212692967407;870.1821269296742;Line 333;1;151.964594158027
-23.354154541;-46.771934707;934.4;25590;64.40662092624355;870.1066209262436;Line 333;1;151.964594158027
-23.35439518;-46.771799995;934.6;25560;64.331114922813;870.031114922813;Line 333;1;151.964594158027
-23.354635818;-46.771665283;933.2;25530;64.25560891938248;869.9556089193825;Line 333;1;151.964594158027
-23.354876457;-46.77153057;932.4;25500;64.18010291595195;869.880102915952;Line 333;1;151.964594158027
-23.355117095;-46.771395857;927.2;25470;64.10459691252142;869.8045969125214;Line 333;1;151.964594158027
-23.355357734;-46.771261143;915.9;25440;64.02909090909088;869.7290909090909;Line 333;1;151.964594158027
-23.355598372;-46.771126429;903.5;25410;63.95358490566035;869.6535849056604;Line 333;1;151.964594158027
-23.35583901;-46.770991715;890.0;25380;63.878078902229824;869.5780789022299;Line 333;1;151.964594158027
-23.356079648;-46.770857;874.1;25350;63.80257289879929;869.5025728987994;Line 333;1;151.964594158027
-23.356320286;-46.770722284;861.0;25320;63.72706689536875;869.4270668953689;Line 333;0;151.964594158027
-23.356560924;-46.770587569;849.6;25290;63.651560891938225;869.3515608919382;Line 333;0;151.964594158027
-23.356801562;-46.770452852;840.7;25260;63.57605488850769;869.2760548885077;Line 333;0;151.964594158027
-23.357042199;-46.770318135;833.6;25230;63.500548885077166;869.2005488850772;Line 333;0;151.964594158027
-23.357282837;-46.770183418;826.9;25200;63.425042881646625;869.1250428816467;Line 333;0;151.964594158027
-23.357523474;-46.7700487;820.8;25170;63.34953687821609;869.0495368782161;Line 333;0;151.964594158027
-23.357764112;-46.769913982;814.4;25140;63.274030874785566;868.9740308747856;Line 333;0;151.964594158027
-23.358004749;-46.769779263;809.5;25110;63.19852487135503;868.8985248713551;Line 333;0;151.964594158027
-23.358245386;-46.769644544;807.6;25080;63.12301886792451;868.8230188679246;Line 333;0;151.964594158027
-23.358486023;-46.769509825;807.4;25050;63.04751286449397;868.747512864494;Line 333;0;151.964594158027
-23.35872666;-46.769375105;807.8;25020;62.972006861063434;868.6720068610634;Line 333;0;151.964594158027
-23.358967297;-46.769240384;809.1;24990;62.89650085763291;868.5965008576329;Line 333;0;151.964594158027
-23.359207934;-46.769105663;806.8;24960;62.820994854202375;868.5209948542024;Line 333;0;151.964594158027
-23.359448571;-46.768970942;797.1;24930;62.74548885077185;868.4454888507719;Line 333;0;151.964594158027
-23.359689207;-46.76883622;788.9;24900;62.66998284734131;868.3699828473414;Line 333;0;151.964594158027
-23.359929844;-46.768701497;782.0;24870;62.594476843910776;868.2944768439108;Line 333;0;151.964594158027
-23.36017048;-46.768566775;774.6;24840;62.51897084048025;868.2189708404803;Line 333;0;151.964594158027
-23.360411117;-46.768432051;766.2;24810;62.44346483704971;868.1434648370498;Line 333;0;151.964594158027
-23.360651753;-46.768297327;756.8;24780;62.36795883361919;868.0679588336193;Line 333;0;151.964594158027
-23.360892389;-46.768162603;748.5;24750;62.29245283018865;867.9924528301887;Line 333;0;151.964594158027
-23.361133025;-46.768027878;745.8;24720;62.21694682675812;867.9169468267581;Line 333;0;151.964594158027
-23.361373661;-46.767893153;743.8;24690;62.14144082332759;867.8414408233276;Line 333;0;151.964594158027
-23.361614297;-46.767758428;742.8;24660;62.06593481989705;867.7659348198971;Line 333;0;151.964594158027
-23.361854933;-46.767623702;742.2;24630;61.99042881646653;867.6904288164666;Line 333;0;151.964594158027
-23.362095568;-46.767488975;741.2;24600;61.91492281303599;867.6149228130361;Line 333;0;151.964594158027
-23.362336204;-46.767354248;742.7;24570;61.83941680960546;867.5394168096055;Line 333;0;151.964594158027
-23.362576839;-46.767219521;743.3;24540;61.763910806174934;867.463910806175;Line 333;0;151.964594158027
-23.362817475;-46.767084793;743.2;24510;61.688404802744394;867.3884048027444;Line 333;0;151.964594158027
-23.36305811;-46.766950064;742.3;24480;61.612898799313875;867.3128987993139;Line 333;0;151.964594158027
-23.363298745;-46.766815335;740.7;24450;61.537392795883335;867.2373927958834;Line 333;0;151.964594158027
-23.36353938;-46.766680606;739.9;24420;61.461886792452795;867.1618867924528;Line 333;0;151.964594158027
-23.363780016;-46.766545876;739.3;24390;61.386380789022276;867.0863807890223;Line 333;0;151.964594158027
-23.36402065;-46.766411146;738.2;24360;61.310874785591736;867.0108747855918;Line 333;0;151.964594158027
-23.364261285;-46.766276415;736.9;24330;61.23536878216122;866.9353687821613;Line 333;0;151.964594158027
-23.36450192;-46.766141684;735.6;24300;61.15986277873068;866.8598627787308;Line 333;0;151.964594158027
-23.364742555;-46.766006952;733.3;24270;61.08435677530015;866.7843567753002;Line 333;0;151.964594158027
-23.364983189;-46.76587222;730.3;24240;61.00885077186962;866.7088507718697;Line 333;0;151.964594158027
-23.365223824;-46.765737488;734.2;24210;60.93334476843908;866.6333447684391;Line 333;0;151.964594158027
-23.365464458;-46.765602754;737.8;24180;60.85783876500855;866.5578387650086;Line 333;0;151.964594158027
-23.365705092;-46.765468021;740.3;24150;60.78233276157802;866.482332761578;Line 333;0;151.964594158027
-23.365945727;-46.765333287;742.3;24120;60.70682675814749;866.4068267581475;Line 333;0;151.964594158027
-23.366186361;-46.765198553;744.1;24090;60.63132075471696;866.331320754717;Line 333;0;151.964594158027
-23.366426995;-46.765063818;745.2;24060;60.55581475128642;866.2558147512865;Line 333;0;151.964594158027
-23.366667629;-46.764929082;745.6;24030;60.480308747855894;866.180308747856;Line 333;0;151.964594158027
-23.366908262;-46.764794346;744.3;24000;60.40480274442536;866.1048027444255;Line 333;0;151.964594158027
-23.367148896;-46.76465961;742.6;23970;60.329296740994835;866.0292967409948;Line 333;0;151.964594158027
-23.36738953;-46.764524873;740.5;23940;60.2537907375643;865.9537907375643;Line 333;0;151.964594158027
-23.367630163;-46.764390136;738.1;23910;60.17828473413376;865.8782847341338;Line 333;0;151.964594158027
-23.367870797;-46.764255398;735.6;23880;60.102778730703236;865.8027787307033;Line 333;0;151.964594158027
-23.36811143;-46.76412066;733.9;23850;60.0272727272727;865.7272727272727;Line 333;0;151.964594158027
-23.368352063;-46.763985922;734.2;23820;59.95176672384217;865.6517667238422;Line 333;0;151.964594158027
-23.368592697;-46.763851183;738.8;23790;59.876260720411636;865.5762607204117;Line 333;0;151.964594158027
-23.36883333;-46.763716443;742.3;23760;59.80075471698111;865.5007547169812;Line 333;0;151.964594158027
-23.369073963;-46.763581703;744.6;23730;59.72524871355057;865.4252487135507;Line 333;0;151.964594158027
-23.369314595;-46.763446963;744.2;23700;59.649742710120044;865.34974271012;Line 333;0;151.964594158027
-23.369555228;-46.763312222;743.0;23670;59.57423670668951;865.2742367066895;Line 333;0;151.964594158027
-23.369795861;-46.76317748;741.9;23640;59.49873070325898;865.198730703259;Line 333;0;151.964594158027
-23.370036494;-46.763042738;740.3;23610;59.42322469982845;865.1232246998285;Line 333;0;151.964594158027
-23.370277126;-46.762907996;738.3;23580;59.34771869639792;865.047718696398;Line 333;0;151.964594158027
-23.370517758;-46.762773253;735.6;23550;59.272212692967386;864.9722126929674;Line 333;0;151.964594158027
-23.370758391;-46.76263851;732.1;23520;59.19670668953685;864.8967066895369;Line 333;0;151.964594158027
-23.370999023;-46.762503766;730.3;23490;59.12120068610632;864.8212006861064;Line 333;0;151.964594158027
-23.371239655;-46.762369022;732.1;23460;59.045694682675794;864.7456946826759;Line 333;0;151.964594158027
-23.371480287;-46.762234277;732.7;23430;58.97018867924526;864.6701886792453;Line 333;0;151.964594158027
-23.371720919;-46.762099532;733.7;23400;58.89468267581473;864.5946826758147;Line 333;0;151.964594158027
-23.371961551;-46.761964787;738.7;23370;58.819176672384195;864.5191766723842;Line 333;0;151.964594158027
-23.372202183;-46.761830041;742.3;23340;58.74367066895366;864.4436706689537;Line 333;0;151.964594158027
-23.372442814;-46.761695294;744.6;23310;58.668164665523136;864.3681646655232;Line 333;0;151.964594158027
-23.372683446;-46.761560547;746.6;23280;58.5926586620926;864.2926586620927;Line 333;0;151.964594158027
-23.372924077;-46.7614258;748.1;23250;58.51715265866206;864.2171526586621;Line 333;0;151.964594158027
-23.373164709;-46.761291052;748.7;23220;58.44164665523154;864.1416466552316;Line 333;0;151.964594158027
-23.37340534;-46.761156303;748.9;23190;58.366140651801004;864.0661406518011;Line 333;0;151.964594158027
-23.373645971;-46.761021555;749.9;23160;58.29063464837048;863.9906346483705;Line 333;0;151.964594158027
-23.373886602;-46.760886805;751.5;23130;58.215128644939945;863.91512864494;Line 333;0;151.964594158027
-23.374127233;-46.760752056;753.4;23100;58.139622641509405;863.8396226415094;Line 333;0;151.964594158027
-23.374367864;-46.760617305;754.5;23070;58.06411663807888;863.7641166380789;Line 333;0;151.964594158027
-23.374608495;-46.760482555;756.0;23040;57.988610634648346;863.6886106346484;Line 333;0;151.964594158027
-23.374849126;-46.760347804;758.1;23010;57.91310463121781;863.6131046312179;Line 333;0;151.964594158027
-23.375089757;-46.760213052;759.8;22980;57.83759862778729;863.5375986277874;Line 333;0;151.964594158027
-23.375330387;-46.7600783;761.1;22950;57.76209262435675;863.4620926243568;Line 333;0;151.964594158027
-23.375571018;-46.759943547;763.3;22920;57.68658662092622;863.3865866209262;Line 333;0;151.964594158027
-23.375811648;-46.759808794;765.2;22890;57.61108061749569;863.3110806174957;Line 333;0;151.964594158027
-23.376052278;-46.759674041;761.8;22860;57.535574614065155;863.2355746140652;Line 333;0;151.964594158027
-23.376292908;-46.759539287;758.7;22830;57.46006861063463;863.1600686106347;Line 333;0;151.964594158027
-23.376533538;-46.759404532;756.5;22800;57.38456260720409;863.0845626072041;Line 333;0;151.964594158027
-23.376774168;-46.759269778;754.8;22770;57.30905660377356;863.0090566037736;Line 333;0;151.964594158027
-23.377014798;-46.759135022;752.9;22740;57.23355060034303;862.9335506003431;Line 333;0;151.964594158027
-23.377255428;-46.759000267;750.1;22710;57.1580445969125;862.8580445969126;Line 333;0;151.964594158027
-23.377496058;-46.75886551;747.9;22680;57.08253859348197;862.7825385934821;Line 333;0;151.964594158027
-23.377736687;-46.758730754;746.9;22650;57.00703259005143;862.7070325900514;Line 333;0;151.964594158027
-23.377977317;-46.758595996;746.8;22620;56.9315265866209;862.6315265866209;Line 333;0;151.964594158027
-23.378217946;-46.758461239;747.6;22590;56.85602058319037;862.5560205831904;Line 333;0;151.964594158027
-23.378458576;-46.758326481;748.0;22560;56.78051457975984;862.4805145797599;Line 333;0;151.964594158027
-23.378699205;-46.758191722;745.1;22530;56.70500857632931;862.4050085763294;Line 333;0;151.964594158027
-23.378939834;-46.758056963;742.8;22500;56.62950257289877;862.3295025728988;Line 333;0;151.964594158027
-23.379180463;-46.757922203;741.2;22470;56.55399656946824;862.2539965694683;Line 333;0;151.964594158027
-23.379421092;-46.757787443;740.5;22440;56.47849056603771;862.1784905660378;Line 333;0;151.964594158027
-23.379661721;-46.757652683;741.1;22410;56.40298456260718;862.1029845626073;Line 333;0;151.964594158027
-23.379902349;-46.757517922;742.8;22380;56.327478559176654;862.0274785591766;Line 333;0;151.964594158027
-23.380142978;-46.757383161;741.9;22350;56.25197255574612;861.9519725557461;Line 333;0;151.964594158027
-23.380383607;-46.757248399;739.3;22320;56.17646655231558;861.8764665523156;Line 333;0;151.964594158027
-23.380624235;-46.757113637;736.8;22290;56.100960548885055;861.8009605488851;Line 333;0;151.964594158027
-23.380864864;-46.756978874;734.6;22260;56.02545454545452;861.7254545454546;Line 333;0;151.964594158027
-23.381105492;-46.756844111;733.3;22230;55.94994854202399;861.649948542024;Line 333;0;151.964594158027
-23.38134612;-46.756709347;732.8;22200;55.87444253859346;861.5744425385935;Line 333;0;151.964594158027
-23.381586748;-46.756574583;733.4;22170;55.79893653516292;861.498936535163;Line 333;0;151.964594158027
-23.381827376;-46.756439818;737.4;22140;55.7234305317324;861.4234305317325;Line 333;0;151.964594158027
-23.382068004;-46.756305053;742.0;22110;55.647924528301864;861.3479245283019;Line 333;0;151.964594158027
-23.382308632;-46.756170288;745.6;22080;55.57241852487133;861.2724185248713;Line 333;0;151.964594158027
-23.38254926;-46.756035522;747.3;22050;55.496912521440805;861.1969125214408;Line 333;0;151.964594158027
-23.382789887;-46.755900755;745.6;22020;55.421406518010265;861.1214065180103;Line 333;0;151.964594158027
-23.383030515;-46.755765988;745.3;21990;55.34590051457974;861.0459005145798;Line 333;0;151.964594158027
-23.383271142;-46.755631221;745.8;21960;55.270394511149206;860.9703945111493;Line 333;0;151.964594158027
-23.38351177;-46.755496453;745.9;21930;55.19488850771867;860.8948885077187;Line 333;0;151.964594158027
-23.383752397;-46.755361685;745.2;21900;55.11938250428815;860.8193825042882;Line 333;0;151.964594158027
-23.383993024;-46.755226916;744.1;21870;55.04387650085761;860.7438765008576;Line 333;0;151.964594158027
-23.384233651;-46.755092147;742.2;21840;54.968370497427074;860.6683704974271;Line 333;0;151.964594158027
-23.384474278;-46.754957377;740.2;21810;54.89286449399655;860.5928644939966;Line 333;0;151.964594158027
-23.384714905;-46.754822607;738.0;21780;54.817358490566015;860.517358490566;Line 333;0;151.964594158027
-23.384955532;-46.754687836;735.2;21750;54.74185248713549;860.4418524871355;Line 333;0;151.964594158027
-23.385196158;-46.754553065;733.2;21720;54.66634648370495;860.366346483705;Line 333;0;151.964594158027
-23.385436785;-46.754418293;731.3;21690;54.590840480274416;860.2908404802745;Line 333;0;151.964594158027
-23.385677412;-46.754283521;729.4;21660;54.51533447684389;860.215334476844;Line 333;0;151.964594158027
-23.385918038;-46.754148749;728.1;21630;54.43982847341336;860.1398284734134;Line 333;0;151.964594158027
-23.386158664;-46.754013976;728.9;21600;54.36432246998283;860.0643224699829;Line 333;0;151.964594158027
-23.38639929;-46.753879202;729.3;21570;54.28881646655229;859.9888164665523;Line 333;0;151.964594158027
-23.386639917;-46.753744428;729.1;21540;54.21331046312176;859.9133104631218;Line 333;0;151.964594158027
-23.386880543;-46.753609654;728.0;21510;54.13780445969123;859.8378044596913;Line 333;0;151.964594158027
-23.387121169;-46.753474879;727.0;21480;54.0622984562607;859.7622984562607;Line 333;0;151.964594158027
-23.387361794;-46.753340104;726.0;21450;53.986792452830166;859.6867924528302;Line 333;0;151.964594158027
-23.38760242;-46.753205328;727.5;21420;53.91128644939963;859.6112864493997;Line 333;0;151.964594158027
-23.387843046;-46.753070552;731.0;21390;53.8357804459691;859.5357804459692;Line 333;0;151.964594158027
-23.388083671;-46.752935775;734.7;21360;53.760274442538574;859.4602744425387;Line 333;0;151.964594158027
-23.388324297;-46.752800998;738.5;21330;53.68476843910804;859.384768439108;Line 333;0;151.964594158027
-23.388564922;-46.75266622;740.2;21300;53.60926243567751;859.3092624356775;Line 333;0;151.964594158027
-23.388805548;-46.752531442;741.7;21270;53.533756432246975;859.233756432247;Line 333;0;151.964594158027
-23.389046173;-46.752396664;742.6;21240;53.45825042881644;859.1582504288165;Line 333;0;151.964594158027
-23.389286798;-46.752261885;740.9;21210;53.382744425385916;859.082744425386;Line 333;0;151.964594158027
-23.389527423;-46.752127105;737.0;21180;53.30723842195538;859.0072384219554;Line 333;0;151.964594158027
-23.389768048;-46.751992325;732.3;21150;53.23173241852485;858.9317324185249;Line 333;0;151.964594158027
-23.390008673;-46.751857545;727.0;21120;53.156226415094324;858.8562264150944;Line 333;0;151.964594158027
-23.390249297;-46.751722764;726.6;21090;53.08072041166378;858.7807204116639;Line 333;0;151.964594158027
-23.390489922;-46.751587983;726.3;21060;53.00521440823325;858.7052144082332;Line 333;0;151.964594158027
-23.390730546;-46.751453201;727.1;21030;52.929708404802724;858.6297084048027;Line 333;0;151.964594158027
-23.390971171;-46.751318419;729.7;21000;52.85420240137219;858.5542024013722;Line 333;0;151.964594158027
-23.391211795;-46.751183636;733.7;20970;52.778696397941665;858.4786963979417;Line 333;0;151.964594158027
-23.391452419;-46.751048853;738.1;20940;52.703190394511125;858.4031903945112;Line 333;0;151.964594158027
-23.391693044;-46.750914069;742.9;20910;52.62768439108059;858.3276843910807;Line 333;0;151.964594158027
-23.391933668;-46.750779285;746.4;20880;52.552178387650066;858.2521783876501;Line 333;0;151.964594158027
-23.392174292;-46.7506445;749.5;20850;52.47667238421953;858.1766723842196;Line 333;0;151.964594158027
-23.392414915;-46.750509715;753.1;20820;52.401166380789;858.1011663807891;Line 333;0;151.964594158027
-23.392655539;-46.75037493;756.9;20790;52.32566037735847;858.0256603773585;Line 333;0;151.964594158027
-23.392896163;-46.750240144;761.2;20760;52.250154373927934;857.950154373928;Line 333;0;151.964594158027
-23.393136787;-46.750105357;765.9;20730;52.17464837049741;857.8746483704974;Line 333;0;151.964594158027
-23.39337741;-46.74997057;770.3;20700;52.099142367066875;857.7991423670669;Line 333;0;151.964594158027
-23.393618033;-46.749835783;772.1;20670;52.02363636363634;857.7236363636364;Line 333;0;151.964594158027
-23.393858657;-46.749700995;774.2;20640;51.94813036020581;857.6481303602059;Line 333;0;151.964594158027
-23.39409928;-46.749566207;776.8;20610;51.872624356775276;857.5726243567753;Line 333;0;151.964594158027
-23.394339903;-46.749431418;777.8;20580;51.79711835334475;857.4971183533448;Line 333;0;151.964594158027
-23.394580526;-46.749296629;778.7;20550;51.72161234991422;857.4216123499143;Line 333;0;151.964594158027
-23.394821149;-46.749161839;780.3;20520;51.646106346483684;857.3461063464837;Line 333;0;151.964594158027
-23.395061772;-46.749027049;780.6;20490;51.57060034305315;857.2706003430532;Line 333;0;151.964594158027
-23.395302395;-46.748892258;779.8;20460;51.49509433962262;857.1950943396226;Line 333;0;151.964594158027
-23.395543017;-46.748757467;779.0;20430;51.41958833619209;857.1195883361921;Line 333;0;151.964594158027
-23.39578364;-46.748622676;778.3;20400;51.34408233276156;857.0440823327616;Line 333;0;151.964594158027
-23.396024262;-46.748487883;776.6;20370;51.268576329331026;856.9685763293311;Line 333;0;151.964594158027
-23.396264885;-46.748353091;775.1;20340;51.19307032590049;856.8930703259006;Line 333;0;151.964594158027
-23.396505507;-46.748218298;774.7;20310;51.11756432246996;856.81756432247;Line 333;0;151.964594158027
-23.396746129;-46.748083505;776.3;20280;51.04205831903943;856.7420583190394;Line 333;0;151.964594158027
-23.396986751;-46.747948711;780.8;20250;50.9665523156089;856.6665523156089;Line 333;0;151.964594158027
-23.397227373;-46.747813916;785.8;20220;50.89104631217837;856.5910463121784;Line 333;0;151.964594158027
-23.397467995;-46.747679122;791.2;20190;50.815540308747835;856.5155403087479;Line 333;0;151.964594158027
-23.397708617;-46.747544326;793.9;20160;50.7400343053173;856.4400343053173;Line 333;0;151.964594158027
-23.397949239;-46.74740953;794.9;20130;50.66452830188677;856.3645283018868;Line 333;0;151.964594158027
-23.39818986;-46.747274734;795.6;20100;50.58902229845624;856.2890222984563;Line 333;0;151.964594158027
-23.398430482;-46.747139938;796.2;20070;50.51351629502571;856.2135162950258;Line 333;0;151.964594158027
-23.398671103;-46.74700514;796.3;20040;50.43801029159518;856.1380102915953;Line 333;0;151.964594158027
-23.398911724;-46.746870343;795.8;20010;50.362504288164644;856.0625042881647;Line 333;0;151.964594158027
-23.399152346;-46.746735545;794.7;19980;50.28699828473411;855.9869982847341;Line 333;0;151.964594158027
-23.399392967;-46.746600746;798.4;19950;50.211492281303585;855.9114922813036;Line 333;0;151.964594158027
-23.399633588;-46.746465947;802.2;19920;50.13598627787305;855.8359862778731;Line 333;0;151.964594158027
-23.399874209;-46.746331148;805.5;19890;50.06048027444251;855.7604802744426;Line 333;0;151.964594158027
-23.40011483;-46.746196348;807.5;19860;49.984974271011986;855.684974271012;Line 333;0;151.964594158027
-23.40035545;-46.746061547;808.6;19830;49.90946826758145;855.6094682675815;Line 333;0;151.964594158027
-23.400596071;-46.745926746;809.4;19800;49.83396226415093;855.533962264151;Line 333;0;151.964594158027
-23.400836692;-46.745791945;810.4;19770;49.75845626072039;855.4584562607205;Line 333;0;151.964594158027
-23.401077312;-46.745657143;809.1;19740;49.68295025728986;855.3829502572898;Line 333;0;151.964594158027
-23.401317933;-46.745522341;808.0;19710;49.60744425385933;855.3074442538593;Line 333;0;151.964594158027
-23.401558553;-46.745387538;806.9;19680;49.531938250428794;855.2319382504288;Line 333;0;151.964594158027
-23.401799173;-46.745252735;804.7;19650;49.45643224699826;855.1564322469983;Line 333;0;151.964594158027
-23.402039793;-46.745117931;801.3;19620;49.380926243567735;855.0809262435678;Line 333;0;151.964594158027
-23.402280413;-46.744983127;797.8;19590;49.3054202401372;855.0054202401373;Line 333;0;151.964594158027
-23.402521033;-46.744848323;794.8;19560;49.22991423670667;854.9299142367067;Line 333;0;151.964594158027
-23.402761653;-46.744713518;792.0;19530;49.154408233276136;854.8544082332762;Line 333;0;151.964594158027
-23.403002273;-46.744578712;788.5;19500;49.0789022298456;854.7789022298457;Line 333;0;151.964594158027
-23.403242892;-46.744443906;784.4;19470;49.00339622641508;854.7033962264152;Line 333;0;151.964594158027
-23.403483512;-46.7443091;779.3;19440;48.927890222984544;854.6278902229845;Line 333;0;151.964594158027
-23.403724131;-46.744174293;774.1;19410;48.85238421955401;854.552384219554;Line 333;0;151.964594158027
-23.403964751;-46.744039485;768.2;19380;48.77687821612348;854.4768782161235;Line 333;0;151.964594158027
-23.40420537;-46.743904678;762.7;19350;48.701372212692945;854.401372212693;Line 333;0;151.964594158027
-23.404445989;-46.743769869;761.1;19320;48.62586620926242;854.3258662092625;Line 333;0;151.964594158027
-23.404686608;-46.743635061;759.7;19290;48.550360205831886;854.250360205832;Line 333;0;151.964594158027
-23.404927227;-46.743500251;758.3;19260;48.47485420240135;854.1748542024014;Line 333;0;151.964594158027
-23.405167846;-46.743365442;760.7;19230;48.39934819897082;854.0993481989709;Line 333;0;151.964594158027
-23.405408465;-46.743230631;766.2;19200;48.32384219554029;854.0238421955403;Line 333;0;151.964594158027
-23.405649084;-46.743095821;772.4;19170;48.24833619210976;853.9483361921098;Line 333;0;151.964594158027
-23.405889702;-46.74296101;780.3;19140;48.17283018867923;853.8728301886792;Line 333;0;151.964594158027
-23.406130321;-46.742826198;793.2;19110;48.09732418524869;853.7973241852487;Line 333;0;151.964594158027
-23.406370939;-46.742691386;806.0;19080;48.02181818181816;853.7218181818182;Line 333;0;151.964594158027
-23.406611557;-46.742556574;818.7;19050;47.94631217838763;853.6463121783877;Line 333;0;151.964594158027
-23.406852176;-46.742421761;825.7;19020;47.8708061749571;853.5708061749572;Line 333;0;151.964594158027
-23.407092794;-46.742286947;830.8;18990;47.79530017152657;853.4953001715267;Line 333;0;151.964594158027
-23.407333412;-46.742152133;836.0;18960;47.71979416809603;853.4197941680961;Line 333;0;151.964594158027
-23.40757403;-46.742017319;840.3;18930;47.644288164665504;853.3442881646655;Line 333;0;151.964594158027
-23.407814648;-46.741882504;842.4;18900;47.56878216123497;853.268782161235;Line 333;0;151.964594158027
-23.408055265;-46.741747689;844.8;18870;47.49327615780444;853.1932761578045;Line 333;0;151.964594158027
-23.408295883;-46.741612873;846.8;18840;47.41777015437391;853.1177701543739;Line 333;0;151.964594158027
-23.408536501;-46.741478057;845.1;18810;47.34226415094337;853.0422641509434;Line 333;0;151.964594158027
-23.408777118;-46.74134324;844.5;18780;47.266758147512846;852.9667581475129;Line 333;0;151.964594158027
-23.409017735;-46.741208423;845.5;18750;47.19125214408231;852.8912521440824;Line 333;0;151.964594158027
-23.409258353;-46.741073605;847.0;18720;47.11574614065178;852.8157461406519;Line 333;0;151.964594158027
-23.40949897;-46.740938787;847.8;18690;47.040240137221254;852.7402401372213;Line 333;0;151.964594158027
-23.409739587;-46.740803969;849.3;18660;46.964734133790714;852.6647341337907;Line 333;0;151.964594158027
-23.409980204;-46.74066915;850.4;18630;46.88922813036019;852.5892281303602;Line 333;0;151.964594158027
-23.410220821;-46.74053433;850.0;18600;46.813722126929655;852.5137221269297;Line 333;0;151.964594158027
-23.410461438;-46.74039951;849.2;18570;46.73821612349912;852.4382161234992;Line 333;0;151.964594158027
-23.410702054;-46.74026469;848.2;18540;46.662710120068596;852.3627101200686;Line 333;0;151.964594158027
-23.410942671;-46.740129869;843.7;18510;46.58720411663806;852.2872041166381;Line 333;0;151.964594158027
-23.411183287;-46.739995048;834.2;18480;46.51169811320752;852.2116981132076;Line 333;0;151.964594158027
-23.411423904;-46.739860226;823.0;18450;46.436192109777;852.1361921097771;Line 333;0;151.964594158027
-23.41166452;-46.739725403;812.7;18420;46.36068610634646;852.0606861063466;Line 333;0;151.964594158027
-23.411905137;-46.739590581;801.6;18390;46.28518010291594;851.9851801029159;Line 333;0;151.964594158027
-23.412145753;-46.739455757;790.3;18360;46.209674099485404;851.9096740994854;Line 333;0;151.964594158027
-23.412386369;-46.739320934;779.0;18330;46.134168096054864;851.8341680960549;Line 333;0;151.964594158027
-23.412626985;-46.73918611;771.5;18300;46.05866209262434;851.7586620926244;Line 333;0;151.964594158027
-23.412867601;-46.739051285;766.6;18270;45.983156089193805;851.6831560891939;Line 333;0;151.964594158027
-23.413108216;-46.73891646;761.9;18240;45.90765008576328;851.6076500857633;Line 333;0;151.964594158027
-23.413348832;-46.738781634;758.2;18210;45.832144082332746;851.5321440823328;Line 333;0;151.964594158027
-23.413589448;-46.738646808;761.0;18180;45.756638078902206;851.4566380789023;Line 333;0;151.964594158027
-23.413830063;-46.738511982;764.4;18150;45.68113207547168;851.3811320754717;Line 333;0;151.964594158027
-23.414070678;-46.738377155;768.3;18120;45.60562607204115;851.3056260720412;Line 333;0;151.964594158027
-23.414311294;-46.738242328;772.4;18090;45.530120068610614;851.2301200686106;Line 333;0;151.964594158027
-23.414551909;-46.7381075;776.7;18060;45.45461406518009;851.1546140651801;Line 333;0;151.964594158027
-23.414792524;-46.737972671;781.2;18030;45.37910806174955;851.0791080617496;Line 333;0;151.964594158027
-23.415033139;-46.737837843;785.5;18000;45.30360205831902;851.0036020583191;Line 333;0;151.964594158027
-23.415273754;-46.737703013;787.2;17970;45.22809605488849;850.9280960548886;Line 333;0;151.964594158027
-23.415514369;-46.737568184;789.5;17940;45.152590051457956;850.852590051458;Line 333;0;151.964594158027
-23.415754984;-46.737433354;791.5;17910;45.07708404802743;850.7770840480275;Line 333;0;151.964594158027
-23.415995598;-46.737298523;791.9;17880;45.00157804459689;850.7015780445969;Line 333;0;151.964594158027
-23.416236213;-46.737163692;791.9;17850;44.926072041166364;850.6260720411664;Line 333;0;151.964594158027
-23.416476827;-46.73702886;791.8;17820;44.85056603773583;850.5505660377358;Line 333;0;151.964594158027
-23.416717442;-46.736894028;792.4;17790;44.7750600343053;850.4750600343053;Line 333;0;151.964594158027
-23.416958056;-46.736759196;796.8;17760;44.69955403087477;850.3995540308748;Line 333;0;151.964594158027
-23.41719867;-46.736624363;801.8;17730;44.62404802744423;850.3240480274443;Line 333;0;151.964594158027
-23.417439284;-46.736489529;806.9;17700;44.5485420240137;850.2485420240138;Line 333;0;151.964594158027
-23.417679898;-46.736354695;810.6;17670;44.47303602058317;850.1730360205833;Line 333;0;151.964594158027
-23.417920512;-46.736219861;814.5;17640;44.39753001715264;850.0975300171527;Line 333;0;151.964594158027
-23.418161126;-46.736085026;819.2;17610;44.322024013722114;850.0220240137221;Line 333;0;151.964594158027
-23.418401739;-46.735950191;823.0;17580;44.246518010291574;849.9465180102916;Line 333;0;151.964594158027
-23.418642353;-46.735815355;821.6;17550;44.17101200686104;849.8710120068611;Line 333;0;151.964594158027
-23.418882966;-46.735680519;818.3;17520;44.095506003430515;849.7955060034305;Line 333;0;151.964594158027
-23.41912358;-46.735545682;814.8;17490;44.01999999999998;849.72;Line 333;0;151.964594158027
-23.419364193;-46.735410845;806.6;17460;43.94449399656945;849.6444939965695;Line 333;0;151.964594158027
-23.419604806;-46.735276007;797.2;17430;43.868987993138916;849.568987993139;Line 333;0;151.964594158027
-23.41984542;-46.735141169;787.7;17400;43.79348198970838;849.4934819897085;Line 333;0;151.964594158027
-23.420086033;-46.73500633;780.1;17370;43.71797598627786;849.417975986278;Line 333;0;151.964594158027
-23.420326646;-46.734871491;777.4;17340;43.642469982847324;849.3424699828473;Line 333;0;151.964594158027
-23.420567258;-46.734736652;773.6;17310;43.56696397941679;849.2669639794168;Line 333;0;151.964594158027
-23.420807871;-46.734601812;768.6;17280;43.49145797598626;849.1914579759863;Line 333;0;151.964594158027
-23.421048484;-46.734466971;772.8;17250;43.415951972555725;849.1159519725558;Line 333;0;151.964594158027
-23.421289096;-46.734332131;777.9;17220;43.3404459691252;849.0404459691252;Line 333;0;151.964594158027
-23.421529709;-46.734197289;782.8;17190;43.264939965694666;848.9649399656947;Line 333;0;151.964594158027
-23.421770321;-46.734062447;787.8;17160;43.18943396226413;848.8894339622642;Line 333;0;151.964594158027
-23.422010933;-46.733927605;793.0;17130;43.11392795883361;848.8139279588337;Line 333;0;151.964594158027
-23.422251546;-46.733792762;798.5;17100;43.03842195540307;848.738421955403;Line 333;0;151.964594158027
-23.422492158;-46.733657919;804.1;17070;42.96291595197254;848.6629159519725;Line 333;0;151.964594158027
-23.42273277;-46.733523075;803.2;17040;42.88740994854201;848.587409948542;Line 333;0;151.964594158027
-23.422973382;-46.733388231;803.1;17010;42.811903945111474;848.5119039451115;Line 333;0;151.964594158027
-23.423213993;-46.733253386;804.5;16980;42.73639794168095;848.436397941681;Line 333;0;151.964594158027
-23.423454605;-46.733118541;804.5;16950;42.66089193825041;848.3608919382505;Line 333;0;151.964594158027
-23.423695217;-46.732983696;804.1;16920;42.585385934819875;848.2853859348199;Line 333;0;151.964594158027
-23.423935828;-46.73284885;806.0;16890;42.50987993138935;848.2098799313894;Line 333;0;151.964594158027
-23.42417644;-46.732714003;810.5;16860;42.434373927958816;848.1343739279589;Line 333;0;151.964594158027
-23.424417051;-46.732579156;821.4;16830;42.35886792452829;848.0588679245284;Line 333;0;151.964594158027
-23.424657662;-46.732444309;831.2;16800;42.28336192109775;847.9833619210978;Line 333;0;151.964594158027
-23.424898273;-46.732309461;839.3;16770;42.20785591766722;847.9078559176672;Line 333;0;151.964594158027
-23.425138884;-46.732174613;846.7;16740;42.13234991423669;847.8323499142367;Line 333;0;151.964594158027
-23.425379495;-46.732039764;853.1;16710;42.05684391080616;847.7568439108062;Line 333;1;151.964594158027
-23.425620106;-46.731904915;858.9;16680;41.981337907375625;847.6813379073757;Line 333;1;151.964594158027
-23.425860717;-46.731770065;863.8;16650;41.90583190394509;847.6058319039452;Line 333;1;151.964594158027
-23.426101328;-46.731635215;864.4;16620;41.83032590051456;847.5303259005146;Line 333;1;151.964594158027
-23.426341938;-46.731500364;862.5;16590;41.75481989708403;847.4548198970841;Line 333;1;151.964594158027
-23.426582549;-46.731365513;861.1;16560;41.6793138936535;847.3793138936535;Line 333;1;151.964594158027
-23.426823159;-46.731230661;858.7;16530;41.60380789022297;847.303807890223;Line 333;1;151.964594158027
-23.427063769;-46.731095809;855.6;16500;41.528301886792434;847.2283018867925;Line 333;1;151.964594158027
-23.42730438;-46.730960956;852.6;16470;41.4527958833619;847.1527958833619;Line 333;1;151.964594158027
-23.42754499;-46.730826103;849.0;16440;41.377289879931375;847.0772898799314;Line 333;1;151.964594158027
-23.4277856;-46.73069125;843.5;16410;41.30178387650084;847.0017838765009;Line 333;0;151.964594158027
-23.42802621;-46.730556396;839.2;16380;41.22627787307031;846.9262778730704;Line 333;0;151.964594158027
-23.428266819;-46.730421542;836.3;16350;41.150771869639776;846.8507718696399;Line 333;0;151.964594158027
-23.428507429;-46.730286687;836.0;16320;41.07526586620924;846.7752658662093;Line 333;0;151.964594158027
-23.428748039;-46.730151831;836.5;16290;40.99975986277871;846.6997598627787;Line 333;0;151.964594158027
-23.428988648;-46.730016975;837.3;16260;40.924253859348184;846.6242538593482;Line 333;0;151.964594158027
-23.429229258;-46.729882119;838.9;16230;40.84874785591765;846.5487478559177;Line 333;0;151.964594158027
-23.429469867;-46.729747262;843.3;16200;40.77324185248712;846.4732418524871;Line 333;0;151.964594158027
-23.429710476;-46.729612405;846.6;16170;40.697735849056585;846.3977358490566;Line 333;1;151.964594158027
-23.429951085;-46.729477547;848.7;16140;40.62222984562605;846.3222298456261;Line 333;1;151.964594158027
-23.430191695;-46.729342689;852.5;16110;40.546723842195526;846.2467238421956;Line 333;1;151.964594158027
-23.430432303;-46.729207831;857.5;16080;40.47121783876499;846.1712178387651;Line 333;1;151.964594158027
-23.430672912;-46.729072972;862.8;16050;40.39571183533446;846.0957118353346;Line 333;1;151.964594158027
-23.430913521;-46.728938112;866.5;16020;40.32020583190393;846.0202058319039;Line 333;1;151.964594158027
-23.43115413;-46.728803252;867.6;15990;40.244699828473394;845.9446998284734;Line 333;1;151.964594158027
-23.431394738;-46.728668392;868.5;15960;40.16919382504287;845.8691938250429;Line 333;1;151.964594158027
-23.431635347;-46.728533531;869.2;15930;40.093687821612335;845.7936878216124;Line 333;1;151.964594158027
-23.431875955;-46.728398669;864.6;15900;40.0181818181818;845.7181818181818;Line 333;1;151.964594158027
-23.432116564;-46.728263807;859.4;15870;39.94267581475127;845.6426758147513;Line 333;1;151.964594158027
-23.432357172;-46.728128945;855.4;15840;39.867169811320736;845.5671698113208;Line 333;1;151.964594158027
-23.43259778;-46.727994082;852.8;15810;39.79166380789021;845.4916638078903;Line 333;1;151.964594158027
-23.432838388;-46.727859219;851.5;15780;39.71615780445968;845.4161578044598;Line 333;1;151.964594158027
-23.433078996;-46.727724355;850.4;15750;39.64065180102914;845.3406518010291;Line 333;1;151.964594158027
-23.433319604;-46.727589491;849.5;15720;39.56514579759861;845.2651457975986;Line 333;1;151.964594158027
-23.433560211;-46.727454626;851.6;15690;39.48963979416808;845.1896397941681;Line 333;1;151.964594158027
-23.433800819;-46.727319761;852.3;15660;39.41413379073755;845.1141337907376;Line 333;1;151.964594158027
-23.434041427;-46.727184896;852.0;15630;39.33862778730702;845.0386277873071;Line 333;1;151.964594158027
-23.434282034;-46.727050029;850.9;15600;39.263121783876485;844.9631217838765;Line 333;1;151.964594158027
-23.434522641;-46.726915163;849.6;15570;39.18761578044595;844.887615780446;Line 333;1;151.964594158027
-23.434763249;-46.726780296;848.2;15540;39.11210977701542;844.8121097770155;Line 333;1;151.964594158027
-23.435003856;-46.726645428;846.6;15510;39.036603773584886;844.7366037735849;Line 333;1;151.964594158027
-23.435244463;-46.72651056;842.3;15480;38.96109777015436;844.6610977701544;Line 333;0;151.964594158027
-23.43548507;-46.726375692;838.1;15450;38.88559176672383;844.5855917667238;Line 333;0;151.964594158027
-23.435725677;-46.726240823;834.0;15420;38.810085763293294;844.5100857632933;Line 333;0;151.964594158027
-23.435966284;-46.726105954;829.4;15390;38.73457975986276;844.4345797598628;Line 333;0;151.964594158027
-23.43620689;-46.725971084;825.0;15360;38.65907375643223;844.3590737564323;Line 333;0;151.964594158027
-23.436447497;-46.725836214;821.6;15330;38.5835677530017;844.2835677530018;Line 333;0;151.964594158027
-23.436688103;-46.725701343;820.0;15300;38.50806174957117;844.2080617495712;Line 333;0;151.964594158027
-23.43692871;-46.725566472;819.6;15270;38.432555746140636;844.1325557461407;Line 333;0;151.964594158027
-23.437169316;-46.7254316;819.1;15240;38.3570497427101;844.0570497427102;Line 333;0;151.964594158027
-23.437409922;-46.725296728;818.5;15210;38.28154373927957;843.9815437392796;Line 333;0;151.964594158027
-23.437650528;-46.725161855;818.8;15180;38.206037735849044;843.906037735849;Line 333;0;151.964594158027
-23.437891134;-46.725026982;819.9;15150;38.13053173241851;843.8305317324185;Line 333;0;151.964594158027
-23.43813174;-46.724892109;821.3;15120;38.05502572898797;843.755025728988;Line 333;0;151.964594158027
-23.438372346;-46.724757235;822.9;15090;37.979519725557445;843.6795197255575;Line 333;0;151.964594158027
-23.438612952;-46.72462236;825.0;15060;37.90401372212691;843.604013722127;Line 333;0;151.964594158027
-23.438853558;-46.724487485;826.8;15030;37.828507718696386;843.5285077186965;Line 333;0;151.964594158027
-23.439094163;-46.72435261;828.5;15000;37.75300171526585;843.4530017152659;Line 333;0;151.964594158027
-23.439334769;-46.724217734;832.0;14970;37.67749571183531;843.3774957118353;Line 333;0;151.964594158027
-23.439575374;-46.724082858;835.9;14940;37.60198970840479;843.3019897084048;Line 333;0;151.964594158027
-23.439815979;-46.723947981;838.9;14910;37.526483704974254;843.2264837049743;Line 333;0;151.964594158027
-23.440056584;-46.723813104;841.7;14880;37.45097770154373;843.1509777015438;Line 333;0;151.964594158027
-23.440297189;-46.723678226;845.2;14850;37.375471698113195;843.0754716981132;Line 333;1;151.964594158027
-23.440537794;-46.723543348;849.3;14820;37.299965694682655;842.9999656946827;Line 333;1;151.964594158027
-23.440778399;-46.723408469;854.0;14790;37.22445969125213;842.9244596912522;Line 333;1;151.964594158027
-23.441019004;-46.72327359;855.6;14760;37.148953687821596;842.8489536878217;Line 333;1;151.964594158027
-23.441259609;-46.72313871;856.2;14730;37.07344768439106;842.7734476843912;Line 333;1;151.964594158027
-23.441500213;-46.72300383;857.1;14700;36.99794168096054;842.6979416809606;Line 333;1;151.964594158027
-23.441740818;-46.72286895;858.3;14670;36.922435677530004;842.62243567753;Line 333;1;151.964594158027
-23.441981422;-46.722734069;859.8;14640;36.84692967409947;842.5469296740995;Line 333;1;151.964594158027
-23.442222027;-46.722599187;861.9;14610;36.77142367066894;842.471423670669;Line 333;1;151.964594158027
-23.442462631;-46.722464305;864.2;14580;36.695917667238405;842.3959176672385;Line 333;1;151.964594158027
-23.442703235;-46.722329423;864.4;14550;36.62041166380788;842.3204116638079;Line 333;1;151.964594158027
-23.442943839;-46.72219454;864.4;14520;36.544905660377346;842.2449056603774;Line 333;1;151.964594158027
-23.443184443;-46.722059657;864.4;14490;36.46939965694681;842.1693996569469;Line 333;1;151.964594158027
-23.443425047;-46.721924773;864.2;14460;36.39389365351628;842.0938936535164;Line 333;1;151.964594158027
-23.443665651;-46.721789888;864.1;14430;36.31838765008575;842.0183876500857;Line 333;1;151.964594158027
-23.443906254;-46.721655004;864.2;14400;36.24288164665522;841.9428816466552;Line 333;1;151.964594158027
-23.444146858;-46.721520119;862.9;14370;36.16737564322469;841.8673756432247;Line 333;1;151.964594158027
-23.444387461;-46.721385233;859.2;14340;36.09186963979415;841.7918696397942;Line 333;1;151.964594158027
-23.444628065;-46.721250347;855.8;14310;36.01636363636362;841.7163636363637;Line 333;1;151.964594158027
-23.444868668;-46.72111546;853.0;14280;35.94085763293309;841.6408576329331;Line 333;1;151.964594158027
-23.445109271;-46.720980573;851.3;14250;35.86535162950256;841.5653516295026;Line 333;1;151.964594158027
-23.445349874;-46.720845685;850.8;14220;35.78984562607203;841.4898456260721;Line 333;1;151.964594158027
-23.445590477;-46.720710797;850.3;14190;35.71433962264149;841.4143396226416;Line 333;1;151.964594158027
-23.44583108;-46.720575909;849.9;14160;35.63883361921096;841.338833619211;Line 333;1;151.964594158027
-23.446071683;-46.72044102;850.5;14130;35.56332761578043;841.2633276157804;Line 333;1;151.964594158027
-23.446312286;-46.720306131;851.6;14100;35.487821612349904;841.1878216123499;Line 333;1;151.964594158027
-23.446552888;-46.720171241;853.0;14070;35.41231560891937;841.1123156089194;Line 333;1;151.964594158027
-23.446793491;-46.72003635;853.3;14040;35.33680960548883;841.0368096054889;Line 333;1;151.964594158027
-23.447034093;-46.71990146;851.7;14010;35.261303602058305;840.9613036020584;Line 333;1;151.964594158027
-23.447274695;-46.719766568;850.2;13980;35.18579759862777;840.8857975986278;Line 333;1;151.964594158027
-23.447515298;-46.719631677;849.0;13950;35.11029159519724;840.8102915951973;Line 333;1;151.964594158027
-23.4477559;-46.719496784;847.6;13920;35.03478559176671;840.7347855917668;Line 333;1;151.964594158027
-23.447996502;-46.719361892;846.6;13890;34.95927958833617;840.6592795883362;Line 333;1;151.964594158027
-23.448237104;-46.719226999;846.1;13860;34.88377358490565;840.5837735849057;Line 333;1;151.964594158027
-23.448477706;-46.719092105;848.9;13830;34.808267581475114;840.5082675814751;Line 333;1;151.964594158027
-23.448718307;-46.718957211;853.8;13800;34.73276157804458;840.4327615780446;Line 333;1;151.964594158027
-23.448958909;-46.718822316;858.8;13770;34.657255574614055;840.3572555746141;Line 333;1;151.964594158027
-23.449199511;-46.718687421;864.0;13740;34.581749571183515;840.2817495711836;Line 333;1;151.964594158027
-23.449440112;-46.718552526;869.7;13710;34.50624356775299;840.2062435677531;Line 333;1;151.964594158027
-23.449680713;-46.71841763;874.8;13680;34.430737564322456;840.1307375643225;Line 333;1;151.964594158027
-23.449921315;-46.718282733;879.1;13650;34.35523156089192;840.055231560892;Line 333;1;151.964594158027
-23.450161916;-46.718147837;882.2;13620;34.2797255574614;839.9797255574614;Line 333;1;151.964594158027
-23.450402517;-46.718012939;885.4;13590;34.20421955403086;839.9042195540309;Line 333;1;151.964594158027
-23.450643118;-46.717878041;888.6;13560;34.128713550600324;839.8287135506004;Line 333;1;151.964594158027
-23.450883719;-46.717743143;891.6;13530;34.0532075471698;839.7532075471698;Line 333;1;151.964594158027
-23.45112432;-46.717608244;893.3;13500;33.977701543739265;839.6777015437393;Line 333;1;151.964594158027
-23.45136492;-46.717473345;895.1;13470;33.90219554030874;839.6021955403088;Line 333;1;151.964594158027
-23.451605521;-46.717338446;896.4;13440;33.826689536878206;839.5266895368783;Line 333;1;151.964594158027
-23.451846122;-46.717203545;893.4;13410;33.751183533447666;839.4511835334478;Line 333;1;151.964594158027
-23.452086722;-46.717068645;888.5;13380;33.67567753001714;839.3756775300171;Line 333;1;151.964594158027
-23.452327322;-46.716933744;882.9;13350;33.60017152658661;839.3001715265866;Line 333;1;151.964594158027
-23.452567923;-46.716798842;876.6;13320;33.524665523156074;839.2246655231561;Line 333;1;151.964594158027
-23.452808523;-46.71666394;870.1;13290;33.44915951972555;839.1491595197256;Line 333;1;151.964594158027
-23.453049123;-46.716529038;864.0;13260;33.37365351629501;839.073653516295;Line 333;1;151.964594158027
-23.453289723;-46.716394135;857.2;13230;33.29814751286448;838.9981475128645;Line 333;1;151.964594158027
-23.453530323;-46.716259231;853.8;13200;33.22264150943395;838.922641509434;Line 333;1;151.964594158027
-23.453770922;-46.716124327;852.2;13170;33.147135506003416;838.8471355060035;Line 333;1;151.964594158027
-23.454011522;-46.715989423;851.9;13140;33.07162950257289;838.771629502573;Line 333;1;151.964594158027
-23.454252122;-46.715854518;851.5;13110;32.99612349914235;838.6961234991423;Line 333;1;151.964594158027
-23.454492721;-46.715719613;849.6;13080;32.920617495711824;838.6206174957118;Line 333;1;151.964594158027
-23.45473332;-46.715584707;848.1;13050;32.84511149228129;838.5451114922813;Line 333;1;151.964594158027
-23.45497392;-46.715449801;847.1;13020;32.76960548885076;838.4696054888508;Line 333;1;151.964594158027
-23.455214519;-46.715314894;846.9;12990;32.69409948542023;838.3940994854203;Line 333;1;151.964594158027
-23.455455118;-46.715179987;846.0;12960;32.61859348198969;838.3185934819898;Line 333;1;151.964594158027
-23.455695717;-46.715045079;844.2;12930;32.543087478559166;838.2430874785592;Line 333;1;151.964594158027
-23.455936316;-46.714910171;840.9;12900;32.46758147512863;838.1675814751287;Line 333;1;151.964594158027
-23.456176915;-46.714775263;838.2;12870;32.3920754716981;838.0920754716982;Line 333;1;151.964594158027
-23.456417513;-46.714640354;836.2;12840;32.31656946826757;838.0165694682676;Line 333;0;151.964594158027
-23.456658112;-46.714505444;835.0;12810;32.24106346483703;837.941063464837;Line 333;0;151.964594158027
-23.456898711;-46.714370534;836.1;12780;32.1655574614065;837.8655574614065;Line 333;0;151.964594158027
-23.457139309;-46.714235624;838.5;12750;32.090051457975974;837.790051457976;Line 333;1;151.964594158027
-23.457379907;-46.714100713;843.0;12720;32.01454545454544;837.7145454545455;Line 333;1;151.964594158027
-23.457620506;-46.713965802;848.9;12690;31.939039451114912;837.639039451115;Line 333;1;151.964594158027
-23.457861104;-46.71383089;854.8;12660;31.863533447684375;837.5635334476844;Line 333;1;151.964594158027
-23.458101702;-46.713695978;859.6;12630;31.788027444253846;837.4880274442539;Line 333;1;151.964594158027
-23.4583423;-46.713561065;863.3;12600;31.712521440823313;837.4125214408234;Line 333;1;151.964594158027
-23.458582898;-46.713426152;864.6;12570;31.637015437392783;837.3370154373928;Line 333;1;151.964594158027
-23.458823495;-46.713291238;865.5;12540;31.561509433962254;837.2615094339623;Line 333;1;151.964594158027
-23.459064093;-46.713156324;864.5;12510;31.486003430531717;837.1860034305317;Line 333;1;151.964594158027
-23.459304691;-46.713021409;860.8;12480;31.410497427101188;837.1104974271012;Line 333;1;151.964594158027
-23.459545288;-46.712886494;855.7;12450;31.334991423670655;837.0349914236707;Line 333;1;151.964594158027
-23.459785885;-46.712751578;850.3;12420;31.259485420240125;836.9594854202402;Line 333;1;151.964594158027
-23.460026483;-46.712616662;844.8;12390;31.183979416809596;836.8839794168097;Line 333;1;151.964594158027
-23.46026708;-46.712481746;843.3;12360;31.10847341337906;836.8084734133791;Line 333;1;151.964594158027
-23.460507677;-46.712346829;845.3;12330;31.032967409948526;836.7329674099485;Line 333;1;151.964594158027
-23.460748274;-46.712211911;848.6;12300;30.957461406517996;836.657461406518;Line 333;1;151.964594158027
-23.460988871;-46.712076994;853.9;12270;30.881955403087467;836.5819554030875;Line 333;1;151.964594158027
-23.461229468;-46.711942075;859.8;12240;30.806449399656938;836.506449399657;Line 333;1;151.964594158027
-23.461470064;-46.711807156;865.8;12210;30.730943396226397;836.4309433962264;Line 333;1;151.964594158027
-23.461710661;-46.711672237;871.1;12180;30.655437392795868;836.3554373927959;Line 333;1;151.964594158027
-23.461951258;-46.711537317;871.1;12150;30.57993138936534;836.2799313893654;Line 333;1;151.964594158027
-23.462191854;-46.711402397;871.2;12120;30.50442538593481;836.2044253859349;Line 333;1;151.964594158027
-23.46243245;-46.711267476;871.3;12090;30.428919382504276;836.1289193825044;Line 333;1;151.964594158027
-23.462673047;-46.711132555;868.1;12060;30.353413379073746;836.0534133790738;Line 333;1;151.964594158027
-23.462913643;-46.710997633;862.8;12030;30.27790737564321;835.9779073756432;Line 333;1;151.964594158027
-23.463154239;-46.710862711;856.8;12000;30.20240137221268;835.9024013722127;Line 333;1;151.964594158027
-23.463394835;-46.710727789;851.5;11970;30.12689536878215;835.8268953687822;Line 333;1;151.964594158027
-23.463635431;-46.710592866;845.1;11940;30.051389365351618;835.7513893653517;Line 333;1;151.964594158027
-23.463876026;-46.710457942;838.2;11910;29.975883361921085;835.6758833619211;Line 333;1;151.964594158027
-23.464116622;-46.710323018;830.7;11880;29.900377358490555;835.6003773584906;Line 333;0;151.964594158027
-23.464357218;-46.710188094;824.4;11850;29.824871355060022;835.5248713550601;Line 333;0;151.964594158027
-23.464597813;-46.710053169;818.6;11820;29.74936535162949;835.4493653516296;Line 333;0;151.964594158027
-23.464838409;-46.709918244;813.2;11790;29.67385934819896;835.373859348199;Line 333;0;151.964594158027
-23.465079004;-46.709783318;808.5;11760;29.598353344768427;835.2983533447684;Line 333;0;151.964594158027
-23.465319599;-46.709648391;805.0;11730;29.522847341337897;835.2228473413379;Line 333;0;151.964594158027
-23.465560194;-46.709513465;802.1;11700;29.447341337907364;835.1473413379074;Line 333;0;151.964594158027
-23.465800789;-46.709378537;799.9;11670;29.37183533447683;835.0718353344769;Line 333;0;151.964594158027
-23.466041384;-46.70924361;797.5;11640;29.2963293310463;834.9963293310464;Line 333;0;151.964594158027
-23.466281979;-46.709108681;794.7;11610;29.22082332761577;834.9208233276158;Line 333;0;151.964594158027
-23.466522574;-46.708973753;791.7;11580;29.14531732418524;834.8453173241853;Line 333;0;151.964594158027
-23.466763168;-46.708838824;789.0;11550;29.069811320754702;834.7698113207548;Line 333;0;151.964594158027
-23.467003763;-46.708703894;787.0;11520;28.994305317324173;834.6943053173242;Line 333;0;151.964594158027
-23.467244357;-46.708568964;785.6;11490;28.918799313893643;834.6187993138936;Line 333;0;151.964594158027
-23.467484951;-46.708434033;784.9;11460;28.84329331046311;834.5432933104631;Line 333;0;151.964594158027
-23.467725546;-46.708299102;787.6;11430;28.767787307032577;834.4677873070326;Line 333;0;151.964594158027
-23.46796614;-46.708164171;791.2;11400;28.692281303602044;834.3922813036021;Line 333;0;151.964594158027
-23.468206734;-46.708029239;794.5;11370;28.616775300171515;834.3167753001716;Line 333;0;151.964594158027
-23.468447328;-46.707894307;797.6;11340;28.541269296740985;834.241269296741;Line 333;0;151.964594158027
-23.468687922;-46.707759374;800.3;11310;28.46576329331045;834.1657632933105;Line 333;0;151.964594158027
-23.468928515;-46.70762444;802.4;11280;28.39025728987992;834.09025728988;Line 333;0;151.964594158027
-23.469169109;-46.707489507;804.0;11250;28.314751286449386;834.0147512864494;Line 333;0;151.964594158027
-23.469409703;-46.707354572;801.7;11220;28.239245283018857;833.9392452830189;Line 333;0;151.964594158027
-23.469650296;-46.707219638;799.8;11190;28.163739279588327;833.8637392795883;Line 333;0;151.964594158027
-23.46989089;-46.707084702;798.3;11160;28.08823327615779;833.7882332761578;Line 333;0;151.964594158027
-23.470131483;-46.706949767;798.7;11130;28.01272727272726;833.7127272727273;Line 333;0;151.964594158027
-23.470372076;-46.706814831;800.4;11100;27.93722126929673;833.6372212692968;Line 333;0;151.964594158027
-23.470612669;-46.706679894;801.9;11070;27.8617152658662;833.5617152658663;Line 333;0;151.964594158027
-23.470853262;-46.706544957;800.8;11040;27.786209262435666;833.4862092624358;Line 333;0;151.964594158027
-23.471093855;-46.706410019;797.8;11010;27.710703259005133;833.4107032590052;Line 333;0;151.964594158027
-23.471334448;-46.706275081;795.9;10980;27.635197255574603;833.3351972555746;Line 333;0;151.964594158027
-23.471575041;-46.706140143;795.2;10950;27.559691252144074;833.2596912521441;Line 333;0;151.964594158027
-23.471815633;-46.706005204;793.5;10920;27.484185248713537;833.1841852487136;Line 333;0;151.964594158027
-23.472056226;-46.705870265;791.2;10890;27.408679245283007;833.108679245283;Line 333;0;151.964594158027
-23.472296818;-46.705735325;789.1;10860;27.333173241852474;833.0331732418525;Line 333;0;151.964594158027
-23.47253741;-46.705600384;787.4;10830;27.257667238421945;832.957667238422;Line 333;0;151.964594158027
-23.472778003;-46.705465444;784.9;10800;27.182161234991415;832.8821612349915;Line 333;0;151.964594158027
-23.473018595;-46.705330502;782.7;10770;27.10665523156088;832.806655231561;Line 333;0;151.964594158027
-23.473259187;-46.705195561;780.7;10740;27.03114922813035;832.7311492281304;Line 333;0;151.964594158027
-23.473499779;-46.705060618;778.8;10710;26.955643224699816;832.6556432246998;Line 333;0;151.964594158027
-23.473740371;-46.704925676;776.2;10680;26.880137221269287;832.5801372212693;Line 333;0;151.964594158027
-23.473980962;-46.704790732;772.9;10650;26.804631217838754;832.5046312178388;Line 333;0;151.964594158027
-23.474221554;-46.704655789;769.4;10620;26.72912521440822;832.4291252144083;Line 333;0;151.964594158027
-23.474462146;-46.704520845;766.0;10590;26.65361921097769;832.3536192109777;Line 333;0;151.964594158027
-23.474702737;-46.7043859;762.1;10560;26.578113207547162;832.2781132075472;Line 333;0;151.964594158027
-23.474943329;-46.704250955;757.7;10530;26.502607204116625;832.2026072041167;Line 333;0;151.964594158027
-23.47518392;-46.70411601;754.3;10500;26.427101200686096;832.1271012006862;Line 333;0;151.964594158027
-23.475424511;-46.703981064;752.2;10470;26.351595197255563;832.0515951972557;Line 333;0;151.964594158027
-23.475665102;-46.703846117;750.7;10440;26.276089193825033;831.976089193825;Line 333;0;151.964594158027
-23.475905693;-46.70371117;750.1;10410;26.2005831903945;831.9005831903945;Line 333;0;151.964594158027
-23.476146284;-46.703576223;750.5;10380;26.125077186963967;831.825077186964;Line 333;0;151.964594158027
-23.476386875;-46.703441275;751.2;10350;26.049571183533438;831.7495711835335;Line 333;0;151.964594158027
-23.476627465;-46.703306327;752.1;10320;25.974065180102905;831.674065180103;Line 333;0;151.964594158027
-23.476868056;-46.703171378;754.4;10290;25.898559176672375;831.5985591766724;Line 333;0;151.964594158027
-23.477108647;-46.703036429;756.4;10260;25.823053173241842;831.5230531732419;Line 333;0;151.964594158027
-23.477349237;-46.702901479;758.0;10230;25.74754716981131;831.4475471698114;Line 333;0;151.964594158027
-23.477589827;-46.702766529;760.0;10200;25.67204116638078;831.3720411663808;Line 333;0;151.964594158027
-23.477830418;-46.702631578;762.7;10170;25.596535162950246;831.2965351629502;Line 333;0;151.964594158027
-23.478071008;-46.702496627;764.8;10140;25.521029159519713;831.2210291595197;Line 333;0;151.964594158027
-23.478311598;-46.702361676;767.7;10110;25.445523156089184;831.1455231560892;Line 333;0;151.964594158027
-23.478552188;-46.702226724;772.6;10080;25.37001715265865;831.0700171526587;Line 333;0;151.964594158027
-23.478792778;-46.702091771;777.5;10050;25.29451114922812;830.9945111492282;Line 333;0;151.964594158027
-23.479033367;-46.701956818;782.1;10020;25.21900514579759;830.9190051457977;Line 333;0;151.964594158027
-23.479273957;-46.701821865;784.6;9990;25.143499142367055;830.8434991423671;Line 333;0;151.964594158027
-23.479514547;-46.701686911;785.3;9960;25.067993138936526;830.7679931389366;Line 333;0;151.964594158027
-23.479755136;-46.701551956;786.7;9930;24.992487135505993;830.692487135506;Line 333;0;151.964594158027
-23.479995725;-46.701417002;788.4;9900;24.916981132075463;830.6169811320755;Line 333;0;151.964594158027
-23.480236315;-46.701282046;787.9;9870;24.84147512864493;830.541475128645;Line 333;0;151.964594158027
-23.480476904;-46.70114709;788.0;9840;24.765969125214397;830.4659691252144;Line 333;0;151.964594158027
-23.480717493;-46.701012134;788.6;9810;24.690463121783868;830.3904631217839;Line 333;0;151.964594158027
-23.480958082;-46.700877177;789.8;9780;24.614957118353335;830.3149571183534;Line 333;0;151.964594158027
-23.481198671;-46.70074222;789.7;9750;24.5394511149228;830.2394511149229;Line 333;0;151.964594158027
-23.48143926;-46.700607263;788.3;9720;24.463945111492272;830.1639451114924;Line 333;0;151.964594158027
-23.481679848;-46.700472304;786.2;9690;24.38843910806174;830.0884391080618;Line 333;0;151.964594158027
-23.481920437;-46.700337346;783.7;9660;24.31293310463121;830.0129331046312;Line 333;0;151.964594158027
-23.482161025;-46.700202387;780.8;9630;24.237427101200677;829.9374271012007;Line 333;0;151.964594158027
-23.482401614;-46.700067427;777.6;9600;24.161921097770144;829.8619210977702;Line 333;0;151.964594158027
-23.482642202;-46.699932467;774.0;9570;24.086415094339614;829.7864150943396;Line 333;0;151.964594158027
-23.48288279;-46.699797507;770.6;9540;24.01090909090908;829.7109090909091;Line 333;0;151.964594158027
-23.483123379;-46.699662546;767.4;9510;23.93540308747855;829.6354030874786;Line 333;0;151.964594158027
-23.483363967;-46.699527584;764.5;9480;23.859897084048015;829.5598970840481;Line 333;0;151.964594158027
-23.483604555;-46.699392623;762.3;9450;23.784391080617485;829.4843910806176;Line 333;0;151.964594158027
-23.483845142;-46.69925766;759.9;9420;23.708885077186956;829.408885077187;Line 333;0;151.964594158027
-23.48408573;-46.699122697;758.0;9390;23.633379073756423;829.3333790737564;Line 333;0;151.964594158027
-23.484326318;-46.698987734;758.5;9360;23.55787307032589;829.2578730703259;Line 333;0;151.964594158027
-23.484566905;-46.69885277;758.7;9330;23.482367066895357;829.1823670668954;Line 333;0;151.964594158027
-23.484807493;-46.698717806;757.9;9300;23.406861063464827;829.1068610634649;Line 333;0;151.964594158027
-23.48504808;-46.698582841;756.9;9270;23.331355060034298;829.0313550600343;Line 333;0;151.964594158027
-23.485288667;-46.698447876;757.6;9240;23.25584905660376;828.9558490566038;Line 333;0;151.964594158027
-23.485529255;-46.698312911;757.8;9210;23.18034305317323;828.8803430531733;Line 333;0;151.964594158027
-23.485769842;-46.698177945;757.2;9180;23.104837049742702;828.8048370497428;Line 333;0;151.964594158027
-23.486010429;-46.698042978;754.8;9150;23.02933104631217;828.7293310463123;Line 333;0;151.964594158027
-23.486251016;-46.697908011;751.9;9120;22.95382504288164;828.6538250428816;Line 333;0;151.964594158027
-23.486491602;-46.697773044;749.0;9090;22.878319039451103;828.5783190394511;Line 333;0;151.964594158027
-23.486732189;-46.697638076;746.3;9060;22.802813036020574;828.5028130360206;Line 333;0;151.964594158027
-23.486972776;-46.697503107;744.7;9030;22.727307032590044;828.4273070325901;Line 333;0;151.964594158027
-23.487213362;-46.697368138;745.3;9000;22.65180102915951;828.3518010291596;Line 333;0;151.964594158027
-23.487453949;-46.697233169;746.5;8970;22.576295025728978;828.276295025729;Line 333;0;151.964594158027
-23.487694535;-46.697098199;748.0;8940;22.500789022298445;828.2007890222985;Line 333;0;151.964594158027
-23.487935121;-46.696963229;749.3;8910;22.425283018867916;828.125283018868;Line 333;0;151.964594158027
-23.488175707;-46.696828258;750.6;8880;22.349777015437386;828.0497770154375;Line 333;0;151.964594158027
-23.488416293;-46.696693287;752.0;8850;22.27427101200685;827.9742710120069;Line 333;0;151.964594158027
-23.488656879;-46.696558315;754.2;8820;22.19876500857632;827.8987650085763;Line 333;0;151.964594158027
-23.488897465;-46.696423343;756.0;8790;22.123259005145787;827.8232590051458;Line 333;0;151.964594158027
-23.489138051;-46.69628837;757.2;8760;22.047753001715257;827.7477530017153;Line 333;0;151.964594158027
-23.489378636;-46.696153397;759.4;8730;21.972246998284724;827.6722469982848;Line 333;0;151.964594158027
-23.489619222;-46.696018423;761.7;8700;21.89674099485419;827.5967409948543;Line 333;0;151.964594158027
-23.489859807;-46.695883449;764.0;8670;21.821234991423662;827.5212349914237;Line 333;0;151.964594158027
-23.490100393;-46.695748475;765.5;8640;21.74572898799313;827.4457289879932;Line 333;0;151.964594158027
-23.490340978;-46.6956135;766.6;8610;21.6702229845626;827.3702229845626;Line 333;0;151.964594158027
-23.490581563;-46.695478524;768.1;8580;21.594716981132066;827.2947169811321;Line 333;0;151.964594158027
-23.490822148;-46.695343549;770.0;8550;21.519210977701533;827.2192109777016;Line 333;0;151.964594158027
-23.491062733;-46.695208572;772.7;8520;21.443704974271004;827.143704974271;Line 333;0;151.964594158027
-23.491303318;-46.695073595;774.4;8490;21.368198970840474;827.0681989708405;Line 333;0;151.964594158027
-23.491543903;-46.694938618;774.4;8460;21.292692967409938;826.99269296741;Line 333;0;151.964594158027
-23.491784488;-46.69480364;772.3;8430;21.217186963979408;826.9171869639795;Line 333;0;151.964594158027
-23.492025072;-46.694668662;769.9;8400;21.141680960548875;826.841680960549;Line 333;0;151.964594158027
-23.492265657;-46.694533683;767.6;8370;21.066174957118346;826.7661749571184;Line 333;0;151.964594158027
-23.492506241;-46.694398704;765.5;8340;20.990668953687813;826.6906689536878;Line 333;0;151.964594158027
-23.492746825;-46.694263724;764.4;8310;20.91516295025728;826.6151629502573;Line 333;0;151.964594158027
-23.49298741;-46.694128744;763.8;8280;20.83965694682675;826.5396569468268;Line 333;0;151.964594158027
-23.493227994;-46.693993764;763.1;8250;20.764150943396217;826.4641509433962;Line 333;0;151.964594158027
-23.493468578;-46.693858782;761.2;8220;20.688644939965688;826.3886449399657;Line 333;0;151.964594158027
-23.493709162;-46.693723801;758.3;8190;20.613138936535154;826.3131389365352;Line 333;0;151.964594158027
-23.493949745;-46.693588819;755.2;8160;20.53763293310462;826.2376329331047;Line 333;0;151.964594158027
-23.494190329;-46.693453836;752.2;8130;20.462126929674092;826.1621269296742;Line 333;0;151.964594158027
-23.494430913;-46.693318853;750.4;8100;20.38662092624356;826.0866209262437;Line 333;0;151.964594158027
-23.494671496;-46.69318387;747.6;8070;20.311114922813026;826.011114922813;Line 333;0;151.964594158027
-23.49491208;-46.693048886;744.9;8040;20.235608919382496;825.9356089193825;Line 333;0;151.964594158027
-23.495152663;-46.692913902;741.3;8010;20.160102915951963;825.860102915952;Line 333;0;151.964594158027
-23.495393246;-46.692778917;737.7;7980;20.084596912521434;825.7845969125215;Line 333;0;151.964594158027
-23.49563383;-46.692643932;734.9;7950;20.0090909090909;825.709090909091;Line 333;0;151.964594158027
-23.495874413;-46.692508946;733.0;7920;19.933584905660368;825.6335849056604;Line 333;0;151.964594158027
-23.496114996;-46.69237396;733.8;7890;19.85807890222984;825.5580789022299;Line 333;0;151.964594158027
-23.496355578;-46.692238973;734.7;7860;19.782572898799305;825.4825728987994;Line 333;0;151.964594158027
-23.496596161;-46.692103986;735.5;7830;19.707066895368776;825.4070668953689;Line 333;0;151.964594158027
-23.496836744;-46.691968998;738.0;7800;19.631560891938243;825.3315608919382;Line 333;0;151.964594158027
-23.497077326;-46.69183401;741.6;7770;19.55605488850771;825.2560548885077;Line 333;0;151.964594158027
-23.497317909;-46.691699021;745.6;7740;19.48054888507718;825.1805488850772;Line 333;0;151.964594158027
-23.497558491;-46.691564032;749.8;7710;19.405042881646647;825.1050428816467;Line 333;0;151.964594158027
-23.497799074;-46.691429043;755.0;7680;19.329536878216114;825.0295368782162;Line 333;0;151.964594158027
-23.498039656;-46.691294053;760.4;7650;19.254030874785585;824.9540308747856;Line 333;0;151.964594158027
-23.498280238;-46.691159062;766.1;7620;19.17852487135505;824.8785248713551;Line 333;0;151.964594158027
-23.49852082;-46.691024072;768.3;7590;19.103018867924522;824.8030188679246;Line 333;0;151.964594158027
-23.498761402;-46.69088908;769.3;7560;19.027512864493985;824.727512864494;Line 333;0;151.964594158027
-23.499001984;-46.690754088;769.5;7530;18.952006861063456;824.6520068610635;Line 333;0;151.964594158027
-23.499242565;-46.690619096;768.7;7500;18.876500857632927;824.5765008576329;Line 333;0;151.964594158027
-23.499483147;-46.690484103;767.5;7470;18.800994854202393;824.5009948542024;Line 333;0;151.964594158027
-23.499723729;-46.69034911;766.2;7440;18.725488850771864;824.4254888507719;Line 333;0;151.964594158027
-23.49996431;-46.690214116;764.7;7410;18.649982847341327;824.3499828473414;Line 333;0;151.964594158027
-23.500204891;-46.690079122;763.4;7380;18.574476843910798;824.2744768439109;Line 333;0;151.964594158027
-23.500445473;-46.689944127;761.7;7350;18.49897084048027;824.1989708404803;Line 333;0;151.964594158027
-23.500686054;-46.689809132;759.0;7320;18.423464837049735;824.1234648370498;Line 333;0;151.964594158027
-23.500926635;-46.689674137;754.8;7290;18.347958833619202;824.0479588336193;Line 333;0;151.964594158027
-23.501167216;-46.68953914;749.3;7260;18.272452830188673;823.9724528301887;Line 333;0;151.964594158027
-23.501407797;-46.689404144;744.6;7230;18.19694682675814;823.8969468267582;Line 333;0;151.964594158027
-23.501648377;-46.689269147;740.7;7200;18.12144082332761;823.8214408233276;Line 333;0;151.964594158027
-23.501888958;-46.689134149;736.9;7170;18.045934819897074;823.7459348198971;Line 333;0;151.964594158027
-23.502129539;-46.688999151;733.4;7140;17.970428816466544;823.6704288164666;Line 333;0;151.964594158027
-23.502370119;-46.688864153;730.4;7110;17.894922813036015;823.5949228130361;Line 333;0;151.964594158027
-23.502610699;-46.688729154;728.7;7080;17.81941680960548;823.5194168096056;Line 333;0;151.964594158027
-23.50285128;-46.688594155;728.2;7050;17.743910806174952;823.443910806175;Line 333;0;151.964594158027
-23.50309186;-46.688459155;727.6;7020;17.668404802744416;823.3684048027444;Line 333;0;151.964594158027
-23.50333244;-46.688324155;727.0;6990;17.592898799313886;823.2928987993139;Line 333;0;151.964594158027
-23.50357302;-46.688189154;727.4;6960;17.517392795883357;823.2173927958834;Line 333;0;151.964594158027
-23.5038136;-46.688054153;728.1;6930;17.441886792452824;823.1418867924529;Line 333;0;151.964594158027
-23.50405418;-46.687919151;728.9;6900;17.36638078902229;823.0663807890223;Line 333;0;151.964594158027
-23.504294759;-46.687784149;729.4;6870;17.290874785591758;822.9908747855918;Line 333;0;151.964594158027
-23.504535339;-46.687649146;729.6;6840;17.215368782161228;822.9153687821613;Line 333;0;151.964594158027
-23.504775918;-46.687514143;729.5;6810;17.1398627787307;822.8398627787308;Line 333;0;151.964594158027
-23.505016498;-46.687379139;729.0;6780;17.064356775300162;822.7643567753003;Line 333;0;151.964594158027
-23.505257077;-46.687244135;728.5;6750;16.988850771869632;822.6888507718696;Line 333;0;151.964594158027
-23.505497656;-46.687109131;728.1;6720;16.913344768439103;822.6133447684391;Line 333;0;151.964594158027
-23.505738236;-46.686974126;727.8;6690;16.83783876500857;822.5378387650086;Line 333;0;151.964594158027
-23.505978815;-46.68683912;727.5;6660;16.762332761578037;822.4623327615781;Line 333;0;151.964594158027
-23.506219394;-46.686704114;727.1;6630;16.686826758147504;822.3868267581475;Line 333;0;151.964594158027
-23.506459972;-46.686569108;726.3;6600;16.611320754716974;822.311320754717;Line 333;0;151.964594158027
-23.506700551;-46.686434101;725.5;6570;16.535814751286445;822.2358147512865;Line 333;0;151.964594158027
-23.50694113;-46.686299094;725.8;6540;16.460308747855912;822.160308747856;Line 333;0;151.964594158027
-23.507181708;-46.686164086;726.0;6510;16.38480274442538;822.0848027444255;Line 333;0;151.964594158027
-23.507422287;-46.686029078;726.3;6480;16.309296740994846;822.0092967409948;Line 333;0;151.964594158027
-23.507662865;-46.685894069;726.7;6450;16.233790737564316;821.9337907375643;Line 333;0;151.964594158027
-23.507903443;-46.68575906;727.5;6420;16.158284734133787;821.8582847341338;Line 333;0;151.964594158027
-23.508144022;-46.68562405;728.2;6390;16.08277873070325;821.7827787307033;Line 333;0;151.964594158027
-23.5083846;-46.68548904;728.3;6360;16.00727272727272;821.7072727272728;Line 333;0;151.964594158027
-23.508625178;-46.685354029;727.1;6330;15.931766723842188;821.6317667238422;Line 333;0;151.964594158027
-23.508865755;-46.685219018;726.3;6300;15.856260720411656;821.5562607204117;Line 333;0;151.964594158027
-23.509106333;-46.685084007;725.9;6270;15.780754716981127;821.4807547169812;Line 333;0;151.964594158027
-23.509346911;-46.684948995;725.4;6240;15.705248713550594;821.4052487135507;Line 333;0;151.964594158027
-23.509587489;-46.684813982;724.9;6210;15.629742710120063;821.3297427101201;Line 333;0;151.964594158027
-23.509828066;-46.684678969;724.6;6180;15.55423670668953;821.2542367066895;Line 333;0;151.964594158027
-23.510068643;-46.684543956;724.7;6150;15.478730703258998;821.178730703259;Line 333;0;151.964594158027
-23.510309221;-46.684408942;724.9;6120;15.403224699828469;821.1032246998285;Line 333;0;151.964594158027
-23.510549798;-46.684273928;724.7;6090;15.327718696397934;821.027718696398;Line 333;0;151.964594158027
-23.510790375;-46.684138913;724.1;6060;15.252212692967404;820.9522126929675;Line 333;0;151.964594158027
-23.511030952;-46.684003897;725.0;6030;15.176706689536873;820.876706689537;Line 333;0;151.964594158027
-23.511271529;-46.683868882;726.1;6000;15.10120068610634;820.8012006861064;Line 333;0;151.964594158027
-23.511512106;-46.683733865;727.4;5970;15.025694682675809;820.7256946826759;Line 333;0;151.964594158027
-23.511752683;-46.683598849;728.5;5940;14.950188679245278;820.6501886792453;Line 333;0;151.964594158027
-23.511993259;-46.683463832;729.3;5910;14.874682675814745;820.5746826758148;Line 333;0;151.964594158027
-23.512233836;-46.683328814;730.3;5880;14.799176672384213;820.4991766723842;Line 333;0;151.964594158027
-23.512474412;-46.683193796;730.7;5850;14.723670668953682;820.4236706689537;Line 333;0;151.964594158027
-23.512714989;-46.683058777;730.8;5820;14.64816466552315;820.3481646655232;Line 333;0;151.964594158027
-23.512955565;-46.682923758;730.5;5790;14.57265866209262;820.2726586620927;Line 333;0;151.964594158027
-23.513196141;-46.682788739;730.1;5760;14.497152658662086;820.1971526586622;Line 333;0;151.964594158027
-23.513436717;-46.682653719;729.3;5730;14.421646655231555;820.1216466552316;Line 333;0;151.964594158027
-23.513677293;-46.682518698;728.2;5700;14.346140651801022;820.0461406518011;Line 333;0;151.964594158027
-23.513917869;-46.682383677;727.7;5670;14.270634648370493;819.9706346483705;Line 333;0;151.964594158027
-23.514158445;-46.682248656;727.3;5640;14.19512864493996;819.89512864494;Line 333;0;151.964594158027
-23.51439902;-46.682113634;727.7;5610;14.119622641509428;819.8196226415095;Line 333;0;151.964594158027
-23.514639596;-46.681978611;727.4;5580;14.044116638078895;819.7441166380789;Line 333;0;151.964594158027
-23.514880171;-46.681843589;726.5;5550;13.968610634648366;819.6686106346484;Line 333;0;151.964594158027
-23.515120747;-46.681708565;725.6;5520;13.893104631217833;819.5931046312179;Line 333;0;151.964594158027
-23.515361322;-46.681573542;725.9;5490;13.817598627787302;819.5175986277874;Line 333;0;151.964594158027
-23.515601897;-46.681438517;726.4;5460;13.742092624356768;819.4420926243569;Line 333;0;151.964594158027
-23.515842472;-46.681303493;726.6;5430;13.666586620926237;819.3665866209262;Line 333;0;151.964594158027
-23.516083047;-46.681168468;726.5;5400;13.591080617495708;819.2910806174957;Line 333;0;151.964594158027
-23.516323622;-46.681033442;726.4;5370;13.515574614065175;819.2155746140652;Line 333;0;151.964594158027
-23.516564197;-46.680898416;726.1;5340;13.440068610634643;819.1400686106347;Line 333;0;151.964594158027
-23.516804772;-46.680763389;726.3;5310;13.36456260720411;819.0645626072042;Line 333;0;151.964594158027
-23.517045346;-46.680628362;726.7;5280;13.289056603773581;818.9890566037736;Line 333;0;151.964594158027
-23.517285921;-46.680493335;726.9;5250;13.213550600343048;818.9135506003431;Line 333;0;151.964594158027
-23.517526495;-46.680358307;726.8;5220;13.138044596912517;818.8380445969126;Line 333;0;151.964594158027
-23.51776707;-46.680223278;726.5;5190;13.062538593481984;818.7625385934821;Line 333;0;151.964594158027
-23.518007644;-46.680088249;726.1;5160;12.987032590051452;818.6870325900514;Line 333;0;151.964594158027
-23.518248218;-46.67995322;725.8;5130;12.911526586620921;818.6115265866209;Line 333;0;151.964594158027
-23.518488792;-46.67981819;725.5;5100;12.83602058319039;818.5360205831904;Line 333;0;151.964594158027
-23.518729366;-46.67968316;725.4;5070;12.760514579759857;818.4605145797599;Line 333;0;151.964594158027
-23.51896994;-46.679548129;725.4;5040;12.685008576329325;818.3850085763294;Line 333;0;151.964594158027
-23.519210513;-46.679413098;725.3;5010;12.609502572898794;818.3095025728989;Line 333;0;151.964594158027
-23.519451087;-46.679278066;725.2;4980;12.533996569468263;818.2339965694683;Line 333;0;151.964594158027
-23.519691661;-46.679143034;725.3;4950;12.458490566037732;818.1584905660378;Line 333;0;151.964594158027
-23.519932234;-46.679008001;726.1;4920;12.382984562607199;818.0829845626073;Line 333;0;151.964594158027
-23.520172808;-46.678872968;726.6;4890;12.307478559176667;818.0074785591767;Line 333;0;151.964594158027
-23.520413381;-46.678737934;727.3;4860;12.231972555746136;817.9319725557461;Line 333;0;151.964594158027
-23.520653954;-46.6786029;728.0;4830;12.156466552315605;817.8564665523156;Line 333;0;151.964594158027
-23.520894527;-46.678467866;728.9;4800;12.080960548885072;817.7809605488851;Line 333;0;151.964594158027
-23.5211351;-46.678332831;730.1;4770;12.00545454545454;817.7054545454546;Line 333;0;151.964594158027
-23.521375673;-46.678197795;730.6;4740;11.929948542024007;817.6299485420241;Line 333;0;151.964594158027
-23.521616246;-46.678062759;730.9;4710;11.854442538593478;817.5544425385935;Line 333;0;151.964594158027
-23.521856818;-46.677927723;730.4;4680;11.778936535162945;817.478936535163;Line 333;0;151.964594158027
-23.522097391;-46.677792686;729.7;4650;11.703430531732414;817.4034305317325;Line 333;0;151.964594158027
-23.522337963;-46.677657648;728.9;4620;11.62792452830188;817.3279245283019;Line 333;0;151.964594158027
-23.522578536;-46.677522611;727.7;4590;11.552418524871351;817.2524185248714;Line 333;0;151.964594158027
-23.522819108;-46.677387572;726.8;4560;11.47691252144082;817.1769125214408;Line 333;0;151.964594158027
-23.52305968;-46.677252534;726.3;4530;11.401406518010287;817.1014065180103;Line 333;0;151.964594158027
-23.523300252;-46.677117494;726.0;4500;11.325900514579756;817.0259005145798;Line 333;0;151.964594158027
-23.523540824;-46.676982455;727.3;4470;11.250394511149223;816.9503945111493;Line 333;0;151.964594158027
-23.523781396;-46.676847414;728.6;4440;11.174888507718693;816.8748885077188;Line 333;0;151.964594158027
-23.524021968;-46.676712374;729.6;4410;11.09938250428816;816.7993825042882;Line 333;0;151.964594158027
-23.52426254;-46.676577333;730.0;4380;11.023876500857629;816.7238765008577;Line 333;0;151.964594158027
-23.524503112;-46.676442291;729.7;4350;10.948370497427096;816.6483704974271;Line 333;0;151.964594158027
-23.524743683;-46.676307249;729.1;4320;10.872864493996564;816.5728644939966;Line 333;0;151.964594158027
-23.524984255;-46.676172206;728.1;4290;10.797358490566033;816.4973584905661;Line 333;0;151.964594158027
-23.525224826;-46.676037163;731.7;4260;10.721852487135502;816.4218524871355;Line 333;0;151.964594158027
-23.525465397;-46.67590212;735.4;4230;10.646346483704969;816.346346483705;Line 333;0;151.964594158027
-23.525705968;-46.675767076;739.1;4200;10.570840480274438;816.2708404802745;Line 333;0;151.964594158027
-23.525946539;-46.675632032;740.6;4170;10.495334476843906;816.195334476844;Line 333;0;151.964594158027
-23.52618711;-46.675496987;740.5;4140;10.419828473413375;816.1198284734135;Line 333;0;151.964594158027
-23.526427681;-46.675361941;741.3;4110;10.344322469982844;816.044322469983;Line 333;0;151.964594158027
-23.526668252;-46.675226895;742.7;4080;10.26881646655231;815.9688164665523;Line 333;0;151.964594158027
-23.526908823;-46.675091849;745.5;4050;10.19331046312178;815.8933104631218;Line 333;0;151.964594158027
-23.527149393;-46.674956802;748.4;4020;10.117804459691248;815.8178044596913;Line 333;0;151.964594158027
-23.527389964;-46.674821755;749.6;3990;10.042298456260717;815.7422984562608;Line 333;0;151.964594158027
-23.527630534;-46.674686707;748.1;3960;9.966792452830184;815.6667924528302;Line 333;0;151.964594158027
-23.527871104;-46.674551659;745.1;3930;9.891286449399653;815.5912864493997;Line 333;0;151.964594158027
-23.528111675;-46.674416611;742.4;3900;9.815780445969121;815.5157804459692;Line 333;0;151.964594158027
-23.528352245;-46.674281562;740.2;3870;9.74027444253859;815.4402744425387;Line 333;0;151.964594158027
-23.528592815;-46.674146512;740.5;3840;9.664768439108057;815.364768439108;Line 333;0;151.964594158027
-23.528833384;-46.674011462;741.7;3810;9.589262435677526;815.2892624356775;Line 333;0;151.964594158027
-23.529073954;-46.673876411;742.8;3780;9.513756432246993;815.213756432247;Line 333;0;151.964594158027
-23.529314524;-46.67374136;743.4;3750;9.438250428816463;815.1382504288165;Line 333;0;151.964594158027
-23.529555094;-46.673606309;743.6;3720;9.362744425385932;815.062744425386;Line 333;0;151.964594158027
-23.529795663;-46.673471257;743.5;3690;9.287238421955399;814.9872384219555;Line 333;0;151.964594158027
-23.530036233;-46.673336205;743.1;3660;9.211732418524868;814.9117324185249;Line 333;0;151.964594158027
-23.530276802;-46.673201152;743.3;3630;9.136226415094336;814.8362264150944;Line 333;0;151.964594158027
-23.530517371;-46.673066098;743.5;3600;9.060720411663805;814.7607204116639;Line 333;0;151.964594158027
-23.53075794;-46.672931045;743.8;3570;8.985214408233272;814.6852144082333;Line 333;0;151.964594158027
-23.530998509;-46.67279599;744.4;3540;8.90970840480274;814.6097084048027;Line 333;0;151.964594158027
-23.531239078;-46.672660935;745.4;3510;8.834202401372208;814.5342024013722;Line 333;0;151.964594158027
-23.531479647;-46.67252588;746.7;3480;8.758696397941678;814.4586963979417;Line 333;0;151.964594158027
-23.531720216;-46.672390825;747.9;3450;8.683190394511145;814.3831903945112;Line 333;0;151.964594158027
-23.531960784;-46.672255768;748.8;3420;8.607684391080614;814.3076843910807;Line 333;0;151.964594158027
-23.532201353;-46.672120712;750.1;3390;8.532178387650081;814.2321783876502;Line 333;0;151.964594158027
-23.532441921;-46.671985655;751.6;3360;8.456672384219551;814.1566723842196;Line 333;0;151.964594158027
-23.53268249;-46.671850597;754.8;3330;8.381166380789018;814.0811663807891;Line 333;0;151.964594158027
-23.532923058;-46.671715539;758.5;3300;8.305660377358487;814.0056603773585;Line 333;0;151.964594158027
-23.533163626;-46.671580481;762.1;3270;8.230154373927956;813.930154373928;Line 333;0;151.964594158027
-23.533404194;-46.671445422;764.6;3240;8.154648370497423;813.8546483704974;Line 333;0;151.964594158027
-23.533644762;-46.671310362;766.7;3210;8.079142367066893;813.7791423670669;Line 333;0;151.964594158027
-23.53388533;-46.671175302;769.4;3180;8.00363636363636;813.7036363636364;Line 333;0;151.964594158027
-23.534125898;-46.671040242;772.7;3150;7.928130360205828;813.6281303602059;Line 333;0;151.964594158027
-23.534366466;-46.670905181;774.7;3120;7.852624356775297;813.5526243567754;Line 333;0;151.964594158027
-23.534607033;-46.67077012;776.3;3090;7.777118353344765;813.4771183533448;Line 333;0;151.964594158027
-23.534847601;-46.670635058;779.0;3060;7.701612349914234;813.4016123499143;Line 333;0;151.964594158027
-23.535088168;-46.670499995;782.3;3030;7.626106346483702;813.3261063464837;Line 333;0;151.964594158027
-23.535328735;-46.670364933;783.7;3000;7.55060034305317;813.2506003430532;Line 333;0;151.964594158027
-23.535569302;-46.67022987;783.8;2970;7.475094339622639;813.1750943396227;Line 333;0;151.964594158027
-23.53580987;-46.670094806;782.6;2940;7.399588336192107;813.0995883361921;Line 333;0;151.964594158027
-23.536050437;-46.669959742;783.5;2910;7.324082332761575;813.0240823327616;Line 333;0;151.964594158027
-23.536291004;-46.669824677;785.6;2880;7.248576329331043;812.9485763293311;Line 333;0;151.964594158027
-23.53653157;-46.669689612;786.7;2850;7.173070325900511;812.8730703259006;Line 333;0;151.964594158027
-23.536772137;-46.669554546;788.7;2820;7.09756432246998;812.7975643224701;Line 333;0;151.964594158027
-23.537012704;-46.66941948;793.0;2790;7.022058319039448;812.7220583190395;Line 333;0;151.964594158027
-23.53725327;-46.669284414;797.4;2760;6.946552315608916;812.6465523156089;Line 333;0;151.964594158027
-23.537493837;-46.669149347;801.9;2730;6.871046312178384;812.5710463121784;Line 333;0;151.964594158027
-23.537734403;-46.669014279;803.4;2700;6.795540308747854;812.4955403087479;Line 333;0;151.964594158027
-23.537974969;-46.668879212;805.0;2670;6.720034305317322;812.4200343053174;Line 333;0;151.964594158027
-23.538215535;-46.668744143;806.8;2640;6.6445283018867904;812.3445283018868;Line 333;0;151.964594158027
-23.538456101;-46.668609074;808.0;2610;6.569022298456258;812.2690222984563;Line 333;0;151.964594158027
-23.538696667;-46.668474005;808.5;2580;6.493516295025726;812.1935162950258;Line 333;0;151.964594158027
-23.538937233;-46.668338935;809.0;2550;6.418010291595195;812.1180102915953;Line 333;0;151.964594158027
-23.539177799;-46.668203865;806.6;2520;6.342504288164663;812.0425042881648;Line 333;0;151.964594158027
-23.539418365;-46.668068794;801.6;2490;6.2669982847341315;811.9669982847341;Line 333;0;151.964594158027
-23.53965893;-46.667933723;796.8;2460;6.191492281303599;811.8914922813036;Line 333;0;151.964594158027
-23.539899496;-46.667798651;792.0;2430;6.115986277873068;811.8159862778731;Line 333;0;151.964594158027
-23.540140061;-46.667663579;787.7;2400;6.040480274442536;811.7404802744426;Line 333;0;151.964594158027
-23.540380626;-46.667528506;783.7;2370;5.964974271012004;811.664974271012;Line 333;0;151.964594158027
-23.540621191;-46.667393433;780.0;2340;5.8894682675814725;811.5894682675815;Line 333;0;151.964594158027
-23.540861756;-46.66725836;776.7;2310;5.81396226415094;811.513962264151;Line 333;0;151.964594158027
-23.541102321;-46.667123286;773.9;2280;5.73845626072041;811.4384562607205;Line 333;0;151.964594158027
-23.541342886;-46.666988211;771.2;2250;5.662950257289878;811.3629502572899;Line 333;0;151.964594158027
-23.541583451;-46.666853136;768.6;2220;5.5874442538593465;811.2874442538593;Line 333;0;151.964594158027
-23.541824016;-46.666718061;768.3;2190;5.511938250428814;811.2119382504288;Line 333;0;151.964594158027
-23.54206458;-46.666582985;769.3;2160;5.436432246998282;811.1364322469983;Line 333;0;151.964594158027
-23.542305145;-46.666447909;769.8;2130;5.360926243567751;811.0609262435678;Line 333;0;151.964594158027
-23.542545709;-46.666312832;769.1;2100;5.285420240137219;810.9854202401373;Line 333;0;151.964594158027
-23.542786274;-46.666177754;764.6;2070;5.2099142367066875;810.9099142367068;Line 333;0;151.964594158027
-23.543026838;-46.666042677;759.7;2040;5.134408233276155;810.8344082332762;Line 333;0;151.964594158027
-23.543267402;-46.665907598;754.4;2010;5.058902229845624;810.7589022298457;Line 333;0;151.964594158027
-23.543507966;-46.66577252;751.9;1980;4.983396226415092;810.6833962264151;Line 333;0;151.964594158027
-23.54374853;-46.66563744;751.9;1950;4.907890222984561;810.6078902229846;Line 333;0;151.964594158027
-23.543989094;-46.665502361;752.1;1920;4.8323842195540285;810.532384219554;Line 333;0;151.964594158027
-23.544229657;-46.665367281;752.7;1890;4.756878216123496;810.4568782161235;Line 333;0;151.964594158027
-23.544470221;-46.6652322;753.6;1860;4.681372212692966;810.381372212693;Line 333;0;151.964594158027
-23.544710784;-46.665097119;754.7;1830;4.605866209262434;810.3058662092625;Line 333;0;151.964594158027
-23.544951348;-46.664962037;756.1;1800;4.530360205831903;810.230360205832;Line 333;0;151.964594158027
-23.545191911;-46.664826955;758.9;1770;4.45485420240137;810.1548542024015;Line 333;0;151.964594158027
-23.545432475;-46.664691873;762.2;1740;4.379348198970839;810.0793481989709;Line 333;0;151.964594158027
-23.545673038;-46.66455679;765.5;1710;4.303842195540307;810.0038421955403;Line 333;0;151.964594158027
-23.545913601;-46.664421706;769.0;1680;4.228336192109776;809.9283361921098;Line 333;0;151.964594158027
-23.546154164;-46.664286622;772.8;1650;4.152830188679244;809.8528301886793;Line 333;0;151.964594158027
-23.546394726;-46.664151538;776.8;1620;4.077324185248711;809.7773241852487;Line 333;0;151.964594158027
-23.546635289;-46.664016453;780.0;1590;4.00181818181818;809.7018181818182;Line 333;0;151.964594158027
-23.546875852;-46.663881368;781.5;1560;3.9263121783876485;809.6263121783877;Line 333;0;151.964594158027
-23.547116414;-46.663746282;783.7;1530;3.850806174957117;809.5508061749572;Line 333;0;151.964594158027
-23.547356977;-46.663611196;786.9;1500;3.775300171526585;809.4753001715267;Line 333;0;151.964594158027
-23.547597539;-46.663476109;790.2;1470;3.6997941680960533;809.3997941680962;Line 333;0;151.964594158027
-23.547838102;-46.663341022;792.7;1440;3.6242881646655216;809.3242881646655;Line 333;0;151.964594158027
-23.548078664;-46.663205934;793.8;1410;3.54878216123499;809.248782161235;Line 333;0;151.964594158027
-23.548319226;-46.663070846;795.5;1380;3.473276157804458;809.1732761578045;Line 333;0;151.964594158027
-23.548559788;-46.662935757;794.1;1350;3.397770154373927;809.097770154374;Line 333;0;151.964594158027
-23.54880035;-46.662800668;792.2;1320;3.3222641509433952;809.0222641509434;Line 333;0;151.964594158027
-23.549040911;-46.662665579;790.0;1290;3.246758147512863;808.9467581475129;Line 333;0;151.964594158027
-23.549281473;-46.662530489;788.1;1260;3.1712521440823314;808.8712521440824;Line 333;0;151.964594158027
-23.549522035;-46.662395398;788.5;1230;3.0957461406517996;808.7957461406519;Line 333;0;151.964594158027
-23.549762596;-46.662260307;788.7;1200;3.020240137221268;808.7202401372214;Line 333;0;151.964594158027
-23.550003158;-46.662125216;788.4;1170;2.9447341337907362;808.6447341337907;Line 333;0;151.964594158027
-23.550243719;-46.661990124;791.6;1140;2.869228130360205;808.5692281303602;Line 333;0;151.964594158027
-23.55048428;-46.661855032;794.4;1110;2.7937221269296733;808.4937221269297;Line 333;0;151.964594158027
-23.550724841;-46.661719939;797.0;1080;2.718216123499141;808.4182161234992;Line 333;0;151.964594158027
-23.550965402;-46.661584845;801.2;1050;2.6427101200686094;808.3427101200687;Line 333;0;151.964594158027
-23.551205963;-46.661449752;806.3;1020;2.5672041166380777;808.2672041166381;Line 333;0;151.964594158027
-23.551446524;-46.661314657;810.8;990;2.491698113207546;808.1916981132076;Line 333;1;151.964594158027
-23.551687085;-46.661179563;814.6;960;2.4161921097770143;808.1161921097771;Line 333;1;151.964594158027
-23.551927645;-46.661044467;817.9;930;2.340686106346483;808.0406861063466;Line 333;1;151.964594158027
-23.552168206;-46.660909372;820.7;900;2.2651801029159513;807.965180102916;Line 333;1;151.964594158027
-23.552408766;-46.660774276;822.9;870;2.1896740994854196;807.8896740994854;Line 333;1;151.964594158027
-23.552649327;-46.660639179;824.3;840;2.114168096054888;807.8141680960549;Line 333;1;151.964594158027
-23.552889887;-46.660504082;825.0;810;2.0386620926243557;807.7386620926244;Line 333;1;151.964594158027
-23.553130447;-46.660368984;825.1;780;1.9631560891938242;807.6631560891939;Line 333;1;151.964594158027
-23.553371007;-46.660233886;824.7;750;1.8876500857632925;807.5876500857634;Line 333;1;151.964594158027
-23.553611567;-46.660098788;825.4;720;1.8121440823327608;807.5121440823328;Line 333;1;151.964594158027
-23.553852127;-46.659963689;827.5;690;1.736638078902229;807.4366380789023;Line 333;1;151.964594158027
-23.554092687;-46.659828589;829.5;660;1.6611320754716976;807.3611320754717;Line 333;1;151.964594158027
-23.554333246;-46.65969349;831.6;630;1.5856260720411657;807.2856260720412;Line 333;1;151.964594158027
-23.554573806;-46.659558389;834.0;600;1.510120068610634;807.2101200686106;Line 333;1;151.964594158027
-23.554814365;-46.659423288;836.5;570;1.4346140651801025;807.1346140651801;Line 333;1;151.964594158027
-23.555054925;-46.659288187;838.1;540;1.3591080617495706;807.0591080617496;Line 333;1;151.964594158027
-23.555295484;-46.659153085;836.0;510;1.2836020583190388;806.9836020583191;Line 333;1;151.964594158027
-23.555536043;-46.659017983;832.7;480;1.2080960548885071;806.9080960548886;Line 333;1;151.964594158027
-23.555776602;-46.65888288;830.4;450;1.1325900514579756;806.832590051458;Line 333;1;151.964594158027
-23.556017161;-46.658747777;827.7;420;1.057084048027444;806.7570840480275;Line 333;1;151.964594158027
-23.55625772;-46.658612673;825.0;390;0.9815780445969121;806.6815780445969;Line 333;1;151.964594158027
-23.556498279;-46.658477569;822.6;360;0.9060720411663804;806.6060720411664;Line 333;1;151.964594158027
-23.556738838;-46.658342465;821.7;330;0.8305660377358488;806.5305660377359;Line 333;1;151.964594158027
-23.556979396;-46.658207359;823.6;300;0.755060034305317;806.4550600343053;Line 333;1;151.964594158027
-23.557219955;-46.658072254;825.5;270;0.6795540308747853;806.3795540308748;Line 333;1;151.964594158027
-23.557460513;-46.657937148;827.2;240;0.6040480274442536;806.3040480274443;Line 333;1;151.964594158027
-23.557701071;-46.657802041;827.7;210;0.528542024013722;806.2285420240138;Line 333;1;151.964594158027
-23.55794163;-46.657666934;827.9;180;0.4530360205831902;806.1530360205833;Line 333;1;151.964594158027
-23.558182188;-46.657531827;827.8;150;0.3775300171526585;806.0775300171528;Line 333;1;151.964594158027
-23.558422746;-46.657396719;827.4;120;0.3020240137221268;806.0020240137221;Line 333;1;151.964594158027
-23.558663304;-46.657261611;826.0;90;0.2265180102915951;805.9265180102916;Line 333;1;151.964594158027
-23.558903862;-46.657126502;824.4;60;0.1510120068610634;805.8510120068611;Line 333;1;151.964594158027
-23.559144419;-46.656991392;822.4;30;0.0755060034305317;805.7755060034306;Line 333;1;151.964594158027
-23.559384977;-46.656856283;825.1;0;0.0;805.7;Line 333;1;151.964594158027
