latitude;longitude;altitude (m);distance_m;alt_x;alt_y;name;obstrucao;angle 
-23.477654281;-45.977334723;741.9;69960;238.88;981.78;Line 83;0;262.010567077695
-23.477690117;-45.977625886;747.0;69930;238.77756432247;981.67756432247;Line 83;0;262.010567077695
-23.477725951;-45.977917049;752.8;69900;238.67512864493997;981.5751286449399;Line 83;0;262.010567077695
-23.477761786;-45.978208212;757.9;69870;238.57269296740995;981.4726929674099;Line 83;0;262.010567077695
-23.477797619;-45.978499376;758.6;69840;238.47025728987992;981.3702572898799;Line 83;0;262.010567077695
-23.477833452;-45.978790539;755.7;69810;238.3678216123499;981.2678216123498;Line 83;0;262.010567077695
-23.477869285;-45.979081703;752.3;69780;238.2653859348199;981.1653859348198;Line 83;0;262.010567077695
-23.477905117;-45.979372867;746.5;69750;238.16295025728988;981.0629502572899;Line 83;0;262.010567077695
-23.477940948;-45.979664031;739.7;69720;238.06051457975985;980.9605145797598;Line 83;0;262.010567077695
-23.477976779;-45.979955195;732.6;69690;237.95807890222983;980.8580789022299;Line 83;0;262.010567077695
-23.478012609;-45.980246359;726.8;69660;237.8556432246998;980.7556432246997;Line 83;0;262.010567077695
-23.478048439;-45.980537524;721.4;69630;237.7532075471698;980.6532075471698;Line 83;0;262.010567077695
-23.478084268;-45.980828688;715.9;69600;237.65077186963978;980.5507718696398;Line 83;0;262.010567077695
-23.478120097;-45.981119853;713.5;69570;237.54833619210976;980.4483361921098;Line 83;0;262.010567077695
-23.478155925;-45.981411018;711.2;69540;237.44590051457976;980.3459005145797;Line 83;0;262.010567077695
-23.478191752;-45.981702183;709.5;69510;237.34346483704974;980.2434648370497;Line 83;0;262.010567077695
-23.47822758;-45.981993348;711.3;69480;237.24102915951974;980.1410291595197;Line 83;0;262.010567077695
-23.478263406;-45.982284513;713.5;69450;237.13859348198972;980.0385934819897;Line 83;0;262.010567077695
-23.478299232;-45.982575678;714.5;69420;237.0361578044597;979.9361578044596;Line 83;0;262.010567077695
-23.478335057;-45.982866844;711.5;69390;236.93372212692967;979.8337221269296;Line 83;0;262.010567077695
-23.478370882;-45.98315801;708.3;69360;236.83128644939964;979.7312864493996;Line 83;0;262.010567077695
-23.478406706;-45.983449175;704.0;69330;236.72885077186965;979.6288507718696;Line 83;0;262.010567077695
-23.47844253;-45.983740341;698.3;69300;236.62641509433962;979.5264150943397;Line 83;0;262.010567077695
-23.478478353;-45.984031507;692.6;69270;236.5239794168096;979.4239794168095;Line 83;0;262.010567077695
-23.478514176;-45.984322673;690.9;69240;236.42154373927957;979.3215437392796;Line 83;0;262.010567077695
-23.478549998;-45.98461384;692.2;69210;236.31910806174955;979.2191080617495;Line 83;0;262.010567077695
-23.478585819;-45.984905006;693.3;69180;236.21667238421955;979.1166723842196;Line 83;0;262.010567077695
-23.47862164;-45.985196173;692.0;69150;236.11423670668952;979.0142367066895;Line 83;0;262.010567077695
-23.478657461;-45.98548734;689.7;69120;236.01180102915953;978.9118010291595;Line 83;0;262.010567077695
-23.478693281;-45.985778506;687.6;69090;235.9093653516295;978.8093653516295;Line 83;0;262.010567077695
-23.4787291;-45.986069673;685.1;69060;235.80692967409948;978.7069296740995;Line 83;0;262.010567077695
-23.478764919;-45.986360841;682.9;69030;235.70449399656948;978.6044939965694;Line 83;0;262.010567077695
-23.478800737;-45.986652008;681.1;69000;235.60205831903946;978.5020583190394;Line 83;0;262.010567077695
-23.478836555;-45.986943175;682.5;68970;235.49962264150943;978.3996226415094;Line 83;0;262.010567077695
-23.478872372;-45.987234343;684.1;68940;235.3971869639794;978.2971869639794;Line 83;0;262.010567077695
-23.478908188;-45.987525511;686.1;68910;235.29475128644938;978.1947512864493;Line 83;0;262.010567077695
-23.478944004;-45.987816678;690.2;68880;235.1923156089194;978.0923156089193;Line 83;0;262.010567077695
-23.47897982;-45.988107846;694.3;68850;235.08987993138936;977.9898799313894;Line 83;0;262.010567077695
-23.479015635;-45.988399014;698.6;68820;234.98744425385934;977.8874442538593;Line 83;0;262.010567077695
-23.479051449;-45.988690183;704.1;68790;234.8850085763293;977.7850085763293;Line 83;0;262.010567077695
-23.479087263;-45.988981351;709.8;68760;234.7825728987993;977.6825728987992;Line 83;0;262.010567077695
-23.479123076;-45.98927252;715.0;68730;234.6801372212693;977.5801372212693;Line 83;0;262.010567077695
-23.479158889;-45.989563688;719.2;68700;234.57770154373927;977.4777015437393;Line 83;0;262.010567077695
-23.479194701;-45.989854857;723.0;68670;234.47526586620927;977.3752658662092;Line 83;0;262.010567077695
-23.479230513;-45.990146026;725.1;68640;234.37283018867925;977.2728301886792;Line 83;0;262.010567077695
-23.479266324;-45.990437195;725.5;68610;234.27039451114922;977.1703945111492;Line 83;0;262.010567077695
-23.479302134;-45.990728364;726.3;68580;234.16795883361922;977.0679588336192;Line 83;0;262.010567077695
-23.479337944;-45.991019533;724.9;68550;234.0655231560892;976.9655231560891;Line 83;0;262.010567077695
-23.479373754;-45.991310703;722.5;68520;233.96308747855917;976.8630874785591;Line 83;0;262.010567077695
-23.479409563;-45.991601872;720.4;68490;233.86065180102915;976.7606518010291;Line 83;0;262.010567077695
-23.479445371;-45.991893042;720.8;68460;233.75821612349912;976.6582161234991;Line 83;0;262.010567077695
-23.479481179;-45.992184212;721.8;68430;233.65578044596913;976.555780445969;Line 83;0;262.010567077695
-23.479516986;-45.992475382;722.8;68400;233.5533447684391;976.4533447684391;Line 83;0;262.010567077695
-23.479552793;-45.992766552;720.3;68370;233.45090909090908;976.350909090909;Line 83;0;262.010567077695
-23.479588599;-45.993057722;717.2;68340;233.34847341337905;976.2484734133791;Line 83;0;262.010567077695
-23.479624404;-45.993348893;713.8;68310;233.24603773584903;976.146037735849;Line 83;0;262.010567077695
-23.47966021;-45.993640063;707.8;68280;233.14360205831903;976.043602058319;Line 83;0;262.010567077695
-23.479696014;-45.993931234;701.6;68250;233.04116638078904;975.941166380789;Line 83;0;262.010567077695
-23.479731818;-45.994222405;695.9;68220;232.938730703259;975.838730703259;Line 83;0;262.010567077695
-23.479767621;-45.994513576;693.3;68190;232.836295025729;975.736295025729;Line 83;0;262.010567077695
-23.479803424;-45.994804747;690.4;68160;232.73385934819896;975.6338593481989;Line 83;0;262.010567077695
-23.479839226;-45.995095918;688.3;68130;232.63142367066897;975.5314236706689;Line 83;0;262.010567077695
-23.479875028;-45.995387089;688.5;68100;232.52898799313894;975.4289879931389;Line 83;0;262.010567077695
-23.479910829;-45.995678261;688.6;68070;232.42655231560892;975.3265523156089;Line 83;0;262.010567077695
-23.47994663;-45.995969433;689.0;68040;232.3241166380789;975.2241166380788;Line 83;0;262.010567077695
-23.47998243;-45.996260604;689.7;68010;232.22168096054887;975.1216809605488;Line 83;0;262.010567077695
-23.48001823;-45.996551776;690.7;67980;232.11924528301887;975.0192452830188;Line 83;0;262.010567077695
-23.480054029;-45.996842948;691.9;67950;232.01680960548885;974.9168096054889;Line 83;0;262.010567077695
-23.480089827;-45.99713412;692.7;67920;231.91437392795882;974.8143739279587;Line 83;0;262.010567077695
-23.480125625;-45.997425293;693.3;67890;231.8119382504288;974.7119382504288;Line 83;0;262.010567077695
-23.480161422;-45.997716465;697.3;67860;231.70950257289877;974.6095025728987;Line 83;0;262.010567077695
-23.480197219;-45.998007638;702.2;67830;231.60706689536877;974.5070668953688;Line 83;0;262.010567077695
-23.480233015;-45.998298811;706.5;67800;231.50463121783878;974.4046312178388;Line 83;0;262.010567077695
-23.480268811;-45.998589983;712.0;67770;231.40219554030875;974.3021955403087;Line 83;0;262.010567077695
-23.480304606;-45.998881156;717.5;67740;231.29975986277873;974.1997598627787;Line 83;0;262.010567077695
-23.480340401;-45.999172329;722.8;67710;231.1973241852487;974.0973241852487;Line 83;0;262.010567077695
-23.480376195;-45.999463503;720.2;67680;231.0948885077187;973.9948885077187;Line 83;0;262.010567077695
-23.480411988;-45.999754676;717.8;67650;230.99245283018868;973.8924528301886;Line 83;0;262.010567077695
-23.480447781;-46.00004585;715.3;67620;230.89001715265866;973.7900171526586;Line 83;0;262.010567077695
-23.480483574;-46.000337023;711.3;67590;230.78758147512863;973.6875814751286;Line 83;0;262.010567077695
-23.480519366;-46.000628197;707.7;67560;230.6851457975986;973.5851457975986;Line 83;0;262.010567077695
-23.480555157;-46.000919371;705.4;67530;230.5827101200686;973.4827101200685;Line 83;0;262.010567077695
-23.480590948;-46.001210545;705.4;67500;230.4802744425386;973.3802744425386;Line 83;0;262.010567077695
-23.480626738;-46.001501719;705.8;67470;230.37783876500856;973.2778387650085;Line 83;0;262.010567077695
-23.480662527;-46.001792894;708.1;67440;230.27540308747854;973.1754030874786;Line 83;0;262.010567077695
-23.480698317;-46.002084068;713.0;67410;230.1729674099485;973.0729674099484;Line 83;0;262.010567077695
-23.480734105;-46.002375243;718.4;67380;230.07053173241854;972.9705317324185;Line 83;0;262.010567077695
-23.480769893;-46.002666418;724.7;67350;229.96809605488852;972.8680960548885;Line 83;0;262.010567077695
-23.480805681;-46.002957592;731.5;67320;229.8656603773585;972.7656603773585;Line 83;0;262.010567077695
-23.480841468;-46.003248767;738.6;67290;229.76322469982847;972.6632246998284;Line 83;0;262.010567077695
-23.480877254;-46.003539943;744.3;67260;229.66078902229845;972.5607890222984;Line 83;0;262.010567077695
-23.48091304;-46.003831118;749.3;67230;229.55835334476845;972.4583533447684;Line 83;0;262.010567077695
-23.480948825;-46.004122293;754.2;67200;229.45591766723842;972.3559176672384;Line 83;0;262.010567077695
-23.48098461;-46.004413469;753.3;67170;229.3534819897084;972.2534819897083;Line 83;0;262.010567077695
-23.481020394;-46.004704645;751.3;67140;229.25104631217837;972.1510463121783;Line 83;0;262.010567077695
-23.481056177;-46.00499582;749.2;67110;229.14861063464835;972.0486106346483;Line 83;0;262.010567077695
-23.48109196;-46.005286996;749.2;67080;229.04617495711835;971.9461749571183;Line 83;0;262.010567077695
-23.481127743;-46.005578173;748.9;67050;228.94373927958833;971.8437392795884;Line 83;0;262.010567077695
-23.481163525;-46.005869349;748.8;67020;228.8413036020583;971.7413036020582;Line 83;0;262.010567077695
-23.481199306;-46.006160525;752.7;66990;228.73886792452828;971.6388679245283;Line 83;0;262.010567077695
-23.481235087;-46.006451702;756.1;66960;228.63643224699828;971.5364322469983;Line 83;0;262.010567077695
-23.481270867;-46.006742878;759.7;66930;228.5339965694683;971.4339965694683;Line 83;0;262.010567077695
-23.481306647;-46.007034055;764.4;66900;228.43156089193826;971.3315608919382;Line 83;0;262.010567077695
-23.481342426;-46.007325232;768.8;66870;228.32912521440824;971.2291252144082;Line 83;0;262.010567077695
-23.481378205;-46.007616409;772.0;66840;228.2266895368782;971.1266895368782;Line 83;0;262.010567077695
-23.481413983;-46.007907586;773.5;66810;228.1242538593482;971.0242538593482;Line 83;0;262.010567077695
-23.481449761;-46.008198764;774.6;66780;228.0218181818182;970.9218181818181;Line 83;0;262.010567077695
-23.481485538;-46.008489941;774.2;66750;227.91938250428817;970.8193825042881;Line 83;0;262.010567077695
-23.481521314;-46.008781119;772.5;66720;227.81694682675814;970.7169468267581;Line 83;0;262.010567077695
-23.48155709;-46.009072296;770.4;66690;227.71451114922812;970.6145111492281;Line 83;0;262.010567077695
-23.481592866;-46.009363474;767.1;66660;227.6120754716981;970.512075471698;Line 83;0;262.010567077695
-23.48162864;-46.009654652;763.1;66630;227.5096397941681;970.409639794168;Line 83;0;262.010567077695
-23.481664415;-46.00994583;758.6;66600;227.40720411663807;970.3072041166381;Line 83;0;262.010567077695
-23.481700188;-46.010237009;759.9;66570;227.30476843910805;970.204768439108;Line 83;0;262.010567077695
-23.481735962;-46.010528187;762.5;66540;227.20233276157802;970.102332761578;Line 83;0;262.010567077695
-23.481771734;-46.010819366;765.2;66510;227.09989708404802;969.999897084048;Line 83;0;262.010567077695
-23.481807506;-46.011110544;773.8;66480;226.99746140651803;969.897461406518;Line 83;0;262.010567077695
-23.481843278;-46.011401723;782.6;66450;226.895025728988;969.795025728988;Line 83;0;262.010567077695
-23.481879049;-46.011692902;791.6;66420;226.79259005145798;969.692590051458;Line 83;0;262.010567077695
-23.481914819;-46.011984081;800.8;66390;226.69015437392795;969.5901543739279;Line 83;0;262.010567077695
-23.481950589;-46.01227526;810.0;66360;226.58771869639793;969.4877186963979;Line 83;0;262.010567077695
-23.481986358;-46.01256644;819.0;66330;226.48528301886793;969.3852830188679;Line 83;0;262.010567077695
-23.482022127;-46.012857619;827.1;66300;226.3828473413379;969.2828473413379;Line 83;0;262.010567077695
-23.482057895;-46.013148799;835.3;66270;226.28041166380788;969.1804116638078;Line 83;0;262.010567077695
-23.482093663;-46.013439979;840.9;66240;226.17797598627786;969.0779759862778;Line 83;0;262.010567077695
-23.48212943;-46.013731159;841.8;66210;226.07554030874783;968.9755403087478;Line 83;0;262.010567077695
-23.482165197;-46.014022339;842.5;66180;225.97310463121784;968.8731046312178;Line 83;0;262.010567077695
-23.482200963;-46.014313519;839.6;66150;225.8706689536878;968.7706689536878;Line 83;0;262.010567077695
-23.482236728;-46.014604699;833.1;66120;225.7682332761578;968.6682332761577;Line 83;0;262.010567077695
-23.482272493;-46.014895879;826.1;66090;225.6657975986278;968.5657975986278;Line 83;0;262.010567077695
-23.482308257;-46.01518706;821.4;66060;225.56336192109777;968.4633619210978;Line 83;0;262.010567077695
-23.482344021;-46.015478241;818.2;66030;225.46092624356777;968.3609262435677;Line 83;0;262.010567077695
-23.482379784;-46.015769422;815.4;66000;225.35849056603774;968.2584905660377;Line 83;0;262.010567077695
-23.482415547;-46.016060603;818.2;65970;225.25605488850772;968.1560548885077;Line 83;0;262.010567077695
-23.482451309;-46.016351784;822.8;65940;225.1536192109777;968.0536192109777;Line 83;0;262.010567077695
-23.482487071;-46.016642965;827.8;65910;225.05118353344767;967.9511835334476;Line 83;0;262.010567077695
-23.482522832;-46.016934146;833.3;65880;224.94874785591767;967.8487478559176;Line 83;0;262.010567077695
-23.482558593;-46.017225328;839.0;65850;224.84631217838765;967.7463121783876;Line 83;0;262.010567077695
-23.482594353;-46.01751651;844.4;65820;224.74387650085762;967.6438765008576;Line 83;0;262.010567077695
-23.482630112;-46.017807691;846.1;65790;224.6414408233276;967.5414408233275;Line 83;0;262.010567077695
-23.482665871;-46.018098873;847.8;65760;224.53900514579757;967.4390051457975;Line 83;0;262.010567077695
-23.482701629;-46.018390055;848.8;65730;224.43656946826758;967.3365694682675;Line 83;0;262.010567077695
-23.482737387;-46.018681238;846.0;65700;224.33413379073755;967.2341337907376;Line 83;0;262.010567077695
-23.482773144;-46.01897242;842.9;65670;224.23169811320753;967.1316981132074;Line 83;0;262.010567077695
-23.482808901;-46.019263602;841.0;65640;224.12926243567753;967.0292624356775;Line 83;0;262.010567077695
-23.482844657;-46.019554785;842.0;65610;224.0268267581475;966.9268267581475;Line 83;0;262.010567077695
-23.482880413;-46.019845968;842.9;65580;223.9243910806175;966.8243910806175;Line 83;0;262.010567077695
-23.482916168;-46.020137151;845.3;65550;223.8219554030875;966.7219554030875;Line 83;0;262.010567077695
-23.482951922;-46.020428334;849.8;65520;223.71951972555746;966.6195197255574;Line 83;0;262.010567077695
-23.482987676;-46.020719517;854.5;65490;223.61708404802744;966.5170840480274;Line 83;0;262.010567077695
-23.483023429;-46.0210107;856.9;65460;223.5146483704974;966.4146483704974;Line 83;0;262.010567077695
-23.483059182;-46.021301883;858.1;65430;223.41221269296742;966.3122126929674;Line 83;0;262.010567077695
-23.483094935;-46.021593067;859.5;65400;223.3097770154374;966.2097770154373;Line 83;0;262.010567077695
-23.483130686;-46.021884251;858.0;65370;223.20734133790737;966.1073413379073;Line 83;0;262.010567077695
-23.483166437;-46.022175434;855.6;65340;223.10490566037734;966.0049056603773;Line 83;0;262.010567077695
-23.483202188;-46.022466618;853.2;65310;223.00246998284732;965.9024699828473;Line 83;0;262.010567077695
-23.483237938;-46.022757803;849.2;65280;222.90003430531732;965.8000343053172;Line 83;0;262.010567077695
-23.483273688;-46.023048987;844.7;65250;222.7975986277873;965.6975986277873;Line 83;0;262.010567077695
-23.483309437;-46.023340171;840.0;65220;222.6951629502573;965.5951629502573;Line 83;0;262.010567077695
-23.483345185;-46.023631356;837.4;65190;222.59272727272727;965.4927272727273;Line 83;0;262.010567077695
-23.483380933;-46.02392254;834.5;65160;222.49029159519725;965.3902915951973;Line 83;0;262.010567077695
-23.48341668;-46.024213725;831.6;65130;222.38785591766725;965.2878559176672;Line 83;0;262.010567077695
-23.483452427;-46.02450491;828.4;65100;222.28542024013723;965.1854202401372;Line 83;0;262.010567077695
-23.483488173;-46.024796095;825.2;65070;222.1829845626072;965.0829845626072;Line 83;0;262.010567077695
-23.483523919;-46.02508728;822.2;65040;222.08054888507718;964.9805488850772;Line 83;0;262.010567077695
-23.483559664;-46.025378465;820.4;65010;221.97811320754715;964.8781132075471;Line 83;0;262.010567077695
-23.483595409;-46.025669651;818.6;64980;221.87567753001716;964.7756775300171;Line 83;0;262.010567077695
-23.483631153;-46.025960836;819.4;64950;221.77324185248713;964.6732418524871;Line 83;0;262.010567077695
-23.483666896;-46.026252022;823.6;64920;221.6708061749571;964.570806174957;Line 83;0;262.010567077695
-23.483702639;-46.026543208;827.8;64890;221.56837049742708;964.468370497427;Line 83;0;262.010567077695
-23.483738382;-46.026834394;829.9;64860;221.46593481989706;964.365934819897;Line 83;0;262.010567077695
-23.483774123;-46.02712558;830.5;64830;221.36349914236706;964.263499142367;Line 83;0;262.010567077695
-23.483809865;-46.027416766;831.1;64800;221.26106346483704;964.1610634648371;Line 83;0;262.010567077695
-23.483845605;-46.027707953;828.5;64770;221.15862778730704;964.058627787307;Line 83;0;262.010567077695
-23.483881346;-46.027999139;824.9;64740;221.05619210977702;963.956192109777;Line 83;0;262.010567077695
-23.483917085;-46.028290326;821.5;64710;220.953756432247;963.853756432247;Line 83;0;262.010567077695
-23.483952824;-46.028581513;814.8;64680;220.851320754717;963.751320754717;Line 83;0;262.010567077695
-23.483988563;-46.0288727;807.3;64650;220.74888507718697;963.648885077187;Line 83;0;262.010567077695
-23.484024301;-46.029163887;799.8;64620;220.64644939965694;963.5464493996569;Line 83;0;262.010567077695
-23.484060038;-46.029455074;794.7;64590;220.54401372212692;963.4440137221269;Line 83;0;262.010567077695
-23.484095775;-46.029746261;789.5;64560;220.4415780445969;963.3415780445969;Line 83;0;262.010567077695
-23.484131511;-46.030037449;784.3;64530;220.3391423670669;963.2391423670668;Line 83;0;262.010567077695
-23.484167247;-46.030328636;780.8;64500;220.23670668953687;963.1367066895368;Line 83;0;262.010567077695
-23.484202982;-46.030619824;778.2;64470;220.13427101200685;963.0342710120068;Line 83;0;262.010567077695
-23.484238717;-46.030911012;775.0;64440;220.03183533447682;962.9318353344768;Line 83;0;262.010567077695
-23.484274451;-46.0312022;770.8;64410;219.9293996569468;962.8293996569467;Line 83;0;262.010567077695
-23.484310185;-46.031493388;766.4;64380;219.8269639794168;962.7269639794167;Line 83;0;262.010567077695
-23.484345918;-46.031784576;764.9;64350;219.7245283018868;962.6245283018868;Line 83;0;262.010567077695
-23.48438165;-46.032075765;767.4;64320;219.62209262435678;962.5220926243568;Line 83;0;262.010567077695
-23.484417382;-46.032366953;769.6;64290;219.51965694682676;962.4196569468268;Line 83;0;262.010567077695
-23.484453114;-46.032658142;773.9;64260;219.41722126929673;962.3172212692967;Line 83;0;262.010567077695
-23.484488845;-46.032949331;780.2;64230;219.31478559176674;962.2147855917667;Line 83;0;262.010567077695
-23.484524575;-46.03324052;786.4;64200;219.2123499142367;962.1123499142367;Line 83;0;262.010567077695
-23.484560305;-46.033531709;788.4;64170;219.1099142367067;962.0099142367067;Line 83;0;262.010567077695
-23.484596034;-46.033822898;788.9;64140;219.00747855917666;961.9074785591766;Line 83;0;262.010567077695
-23.484631762;-46.034114087;789.8;64110;218.90504288164664;961.8050428816466;Line 83;0;262.010567077695
-23.484667491;-46.034405277;785.6;64080;218.80260720411664;961.7026072041166;Line 83;0;262.010567077695
-23.484703218;-46.034696466;780.6;64050;218.70017152658662;961.6001715265866;Line 83;0;262.010567077695
-23.484738945;-46.034987656;775.7;64020;218.5977358490566;961.4977358490565;Line 83;0;262.010567077695
-23.484774672;-46.035278846;774.7;63990;218.49530017152657;961.3953001715265;Line 83;0;262.010567077695
-23.484810397;-46.035570036;774.0;63960;218.39286449399654;961.2928644939965;Line 83;0;262.010567077695
-23.484846123;-46.035861226;773.9;63930;218.29042881646654;961.1904288164665;Line 83;0;262.010567077695
-23.484881848;-46.036152417;777.8;63900;218.18799313893655;961.0879931389366;Line 83;0;262.010567077695
-23.484917572;-46.036443607;781.8;63870;218.08555746140652;960.9855574614065;Line 83;0;262.010567077695
-23.484953295;-46.036734798;784.5;63840;217.9831217838765;960.8831217838765;Line 83;0;262.010567077695
-23.484989019;-46.037025988;782.8;63810;217.88068610634647;960.7806861063465;Line 83;0;262.010567077695
-23.485024741;-46.037317179;781.1;63780;217.77825042881648;960.6782504288165;Line 83;0;262.010567077695
-23.485060463;-46.03760837;779.0;63750;217.67581475128645;960.5758147512864;Line 83;0;262.010567077695
-23.485096185;-46.037899561;776.1;63720;217.57337907375643;960.4733790737564;Line 83;0;262.010567077695
-23.485131906;-46.038190752;773.3;63690;217.4709433962264;960.3709433962264;Line 83;0;262.010567077695
-23.485167626;-46.038481944;770.7;63660;217.36850771869638;960.2685077186964;Line 83;0;262.010567077695
-23.485203346;-46.038773135;768.1;63630;217.26607204116638;960.1660720411663;Line 83;0;262.010567077695
-23.485239065;-46.039064327;765.4;63600;217.16363636363636;960.0636363636363;Line 83;0;262.010567077695
-23.485274784;-46.039355519;766.2;63570;217.06120068610633;959.9612006861063;Line 83;0;262.010567077695
-23.485310502;-46.039646711;768.6;63540;216.9587650085763;959.8587650085763;Line 83;0;262.010567077695
-23.48534622;-46.039937903;770.8;63510;216.85632933104628;959.7563293310462;Line 83;0;262.010567077695
-23.485381937;-46.040229095;774.8;63480;216.75389365351631;959.6538936535163;Line 83;0;262.010567077695
-23.485417653;-46.040520287;778.9;63450;216.6514579759863;959.5514579759863;Line 83;0;262.010567077695
-23.485453369;-46.04081148;782.5;63420;216.54902229845626;959.4490222984563;Line 83;0;262.010567077695
-23.485489085;-46.041102672;786.5;63390;216.44658662092624;959.3465866209262;Line 83;0;262.010567077695
-23.4855248;-46.041393865;790.7;63360;216.34415094339622;959.2441509433962;Line 83;0;262.010567077695
-23.485560514;-46.041685058;794.7;63330;216.24171526586622;959.1417152658662;Line 83;0;262.010567077695
-23.485596228;-46.041976251;795.2;63300;216.1392795883362;959.0392795883362;Line 83;0;262.010567077695
-23.485631941;-46.042267444;795.9;63270;216.03684391080617;958.9368439108061;Line 83;0;262.010567077695
-23.485667654;-46.042558637;795.9;63240;215.93440823327614;958.8344082332761;Line 83;0;262.010567077695
-23.485703366;-46.042849831;792.4;63210;215.83197255574612;958.7319725557461;Line 83;0;262.010567077695
-23.485739078;-46.043141024;788.9;63180;215.72953687821612;958.6295368782161;Line 83;0;262.010567077695
-23.485774789;-46.043432218;787.8;63150;215.6271012006861;958.527101200686;Line 83;0;262.010567077695
-23.485810499;-46.043723412;791.1;63120;215.52466552315607;958.424665523156;Line 83;0;262.010567077695
-23.485846209;-46.044014605;794.6;63090;215.42222984562605;958.322229845626;Line 83;0;262.010567077695
-23.485881918;-46.0443058;798.3;63060;215.31979416809605;958.2197941680961;Line 83;0;262.010567077695
-23.485917627;-46.044596994;801.8;63030;215.21735849056606;958.1173584905661;Line 83;0;262.010567077695
-23.485953336;-46.044888188;805.1;63000;215.11492281303603;958.014922813036;Line 83;0;262.010567077695
-23.485989043;-46.045179383;806.9;62970;215.012487135506;957.912487135506;Line 83;0;262.010567077695
-23.48602475;-46.045470577;807.8;62940;214.91005145797598;957.810051457976;Line 83;0;262.010567077695
-23.486060457;-46.045761772;808.4;62910;214.80761578044596;957.707615780446;Line 83;0;262.010567077695
-23.486096163;-46.046052967;805.9;62880;214.70518010291596;957.6051801029159;Line 83;0;262.010567077695
-23.486131869;-46.046344162;802.3;62850;214.60274442538594;957.5027444253859;Line 83;0;262.010567077695
-23.486167574;-46.046635357;798.4;62820;214.5003087478559;957.4003087478559;Line 83;0;262.010567077695
-23.486203278;-46.046926552;793.5;62790;214.3978730703259;957.2978730703259;Line 83;0;262.010567077695
-23.486238982;-46.047217748;788.6;62760;214.29543739279586;957.1954373927958;Line 83;0;262.010567077695
-23.486274685;-46.047508943;783.9;62730;214.19300171526586;957.0930017152658;Line 83;0;262.010567077695
-23.486310388;-46.047800139;781.6;62700;214.09056603773584;956.9905660377358;Line 83;0;262.010567077695
-23.48634609;-46.048091335;779.6;62670;213.98813036020582;956.8881303602058;Line 83;0;262.010567077695
-23.486381792;-46.048382531;778.1;62640;213.8856946826758;956.7856946826757;Line 83;0;262.010567077695
-23.486417493;-46.048673727;778.8;62610;213.7832590051458;956.6832590051458;Line 83;0;262.010567077695
-23.486453194;-46.048964923;779.2;62580;213.6808233276158;956.5808233276158;Line 83;0;262.010567077695
-23.486488894;-46.049256119;780.7;62550;213.57838765008577;956.4783876500858;Line 83;0;262.010567077695
-23.486524593;-46.049547316;785.0;62520;213.47595197255575;956.3759519725558;Line 83;0;262.010567077695
-23.486560292;-46.049838512;789.5;62490;213.37351629502572;956.2735162950257;Line 83;0;262.010567077695
-23.486595991;-46.050129709;794.5;62460;213.2710806174957;956.1710806174957;Line 83;0;262.010567077695
-23.486631689;-46.050420906;800.3;62430;213.1686449399657;956.0686449399657;Line 83;0;262.010567077695
-23.486667386;-46.050712103;806.5;62400;213.06620926243568;955.9662092624357;Line 83;0;262.010567077695
-23.486703083;-46.0510033;811.0;62370;212.96377358490565;955.8637735849056;Line 83;0;262.010567077695
-23.486738779;-46.051294497;814.5;62340;212.86133790737563;955.7613379073756;Line 83;0;262.010567077695
-23.486774475;-46.051585695;818.1;62310;212.7589022298456;955.6589022298456;Line 83;0;262.010567077695
-23.48681017;-46.051876892;819.5;62280;212.6564665523156;955.5564665523156;Line 83;0;262.010567077695
-23.486845864;-46.05216809;820.0;62250;212.55403087478558;955.4540308747855;Line 83;0;262.010567077695
-23.486881558;-46.052459288;820.4;62220;212.45159519725556;955.3515951972555;Line 83;0;262.010567077695
-23.486917252;-46.052750486;817.8;62190;212.34915951972556;955.2491595197255;Line 83;0;262.010567077695
-23.486952945;-46.053041684;814.7;62160;212.24672384219554;955.1467238421956;Line 83;0;262.010567077695
-23.486988637;-46.053332882;811.5;62130;212.14428816466554;955.0442881646655;Line 83;0;262.010567077695
-23.487024329;-46.053624081;805.6;62100;212.04185248713551;954.9418524871355;Line 83;0;262.010567077695
-23.48706002;-46.053915279;800.1;62070;211.9394168096055;954.8394168096055;Line 83;0;262.010567077695
-23.487095711;-46.054206478;795.4;62040;211.83698113207546;954.7369811320755;Line 83;0;262.010567077695
-23.487131401;-46.054497676;794.8;62010;211.73454545454544;954.6345454545454;Line 83;0;262.010567077695
-23.48716709;-46.054788875;794.6;61980;211.63210977701544;954.5321097770154;Line 83;0;262.010567077695
-23.487202779;-46.055080074;795.3;61950;211.52967409948542;954.4296740994854;Line 83;0;262.010567077695
-23.487238468;-46.055371274;797.4;61920;211.4272384219554;954.3272384219554;Line 83;0;262.010567077695
-23.487274156;-46.055662473;799.2;61890;211.32480274442537;954.2248027444253;Line 83;0;262.010567077695
-23.487309843;-46.055953672;797.9;61860;211.22236706689534;954.1223670668953;Line 83;0;262.010567077695
-23.48734553;-46.056244872;792.6;61830;211.11993138936535;954.0199313893653;Line 83;0;262.010567077695
-23.487381216;-46.056536072;787.0;61800;211.01749571183532;953.9174957118353;Line 83;0;262.010567077695
-23.487416902;-46.056827271;778.2;61770;210.9150600343053;953.8150600343052;Line 83;0;262.010567077695
-23.487452587;-46.057118471;766.9;61740;210.8126243567753;953.7126243567752;Line 83;0;262.010567077695
-23.487488272;-46.057409671;755.5;61710;210.71018867924528;953.6101886792453;Line 83;0;262.010567077695
-23.487523956;-46.057700872;747.4;61680;210.60775300171528;953.5077530017153;Line 83;0;262.010567077695
-23.48755964;-46.057992072;741.0;61650;210.50531732418526;953.4053173241853;Line 83;0;262.010567077695
-23.487595323;-46.058283273;735.0;61620;210.40288164665523;953.3028816466552;Line 83;0;262.010567077695
-23.487631005;-46.058574473;733.7;61590;210.3004459691252;953.2004459691252;Line 83;0;262.010567077695
-23.487666687;-46.058865674;733.2;61560;210.19801029159518;953.0980102915952;Line 83;0;262.010567077695
-23.487702368;-46.059156875;732.5;61530;210.09557461406519;952.9955746140652;Line 83;0;262.010567077695
-23.487738049;-46.059448076;729.7;61500;209.99313893653516;952.8931389365351;Line 83;0;262.010567077695
-23.487773729;-46.059739277;726.7;61470;209.89070325900514;952.7907032590051;Line 83;0;262.010567077695
-23.487809409;-46.060030478;723.5;61440;209.7882675814751;952.6882675814751;Line 83;0;262.010567077695
-23.487845088;-46.06032168;719.4;61410;209.6858319039451;952.5858319039451;Line 83;0;262.010567077695
-23.487880767;-46.060612881;715.4;61380;209.5833962264151;952.483396226415;Line 83;0;262.010567077695
-23.487916445;-46.060904083;712.0;61350;209.48096054888507;952.380960548885;Line 83;0;262.010567077695
-23.487952122;-46.061195285;710.2;61320;209.37852487135507;952.2785248713551;Line 83;0;262.010567077695
-23.487987799;-46.061486487;708.3;61290;209.27608919382504;952.176089193825;Line 83;0;262.010567077695
-23.488023476;-46.061777689;707.0;61260;209.17365351629502;952.073653516295;Line 83;0;262.010567077695
-23.488059151;-46.062068891;706.2;61230;209.07121783876502;951.971217838765;Line 83;0;262.010567077695
-23.488094827;-46.062360094;705.4;61200;208.968782161235;951.868782161235;Line 83;0;262.010567077695
-23.488130502;-46.062651296;707.3;61170;208.86634648370497;951.766346483705;Line 83;0;262.010567077695
-23.488166176;-46.062942499;711.9;61140;208.76391080617495;951.663910806175;Line 83;0;262.010567077695
-23.488201849;-46.063233702;716.6;61110;208.66147512864492;951.5614751286449;Line 83;0;262.010567077695
-23.488237522;-46.063524905;722.5;61080;208.55903945111493;951.4590394511149;Line 83;0;262.010567077695
-23.488273195;-46.063816108;729.2;61050;208.4566037735849;951.3566037735849;Line 83;0;262.010567077695
-23.488308867;-46.064107311;736.2;61020;208.35416809605488;951.2541680960549;Line 83;0;262.010567077695
-23.488344538;-46.064398514;734.0;60990;208.25173241852485;951.1517324185248;Line 83;0;262.010567077695
-23.488380209;-46.064689718;729.3;60960;208.14929674099483;951.0492967409948;Line 83;0;262.010567077695
-23.48841588;-46.064980921;724.6;60930;208.04686106346483;950.9468610634648;Line 83;0;262.010567077695
-23.488451549;-46.065272125;716.5;60900;207.9444253859348;950.8444253859348;Line 83;0;262.010567077695
-23.488487219;-46.065563329;708.1;60870;207.8419897084048;950.7419897084048;Line 83;0;262.010567077695
-23.488522887;-46.065854533;699.9;60840;207.73955403087479;950.6395540308747;Line 83;0;262.010567077695
-23.488558556;-46.066145737;696.0;60810;207.63711835334476;950.5371183533448;Line 83;0;262.010567077695
-23.488594223;-46.066436941;692.1;60780;207.53468267581476;950.4346826758148;Line 83;0;262.010567077695
-23.48862989;-46.066728146;689.2;60750;207.43224699828474;950.3322469982847;Line 83;0;262.010567077695
-23.488665557;-46.06701935;689.1;60720;207.32981132075471;950.2298113207547;Line 83;0;262.010567077695
-23.488701223;-46.067310555;688.8;60690;207.2273756432247;950.1273756432247;Line 83;0;262.010567077695
-23.488736888;-46.06760176;690.0;60660;207.12493996569467;950.0249399656947;Line 83;0;262.010567077695
-23.488772553;-46.067892965;694.0;60630;207.02250428816467;949.9225042881646;Line 83;0;262.010567077695
-23.488808217;-46.06818417;697.9;60600;206.92006861063464;949.8200686106346;Line 83;0;262.010567077695
-23.488843881;-46.068475375;703.1;60570;206.81763293310462;949.7176329331046;Line 83;0;262.010567077695
-23.488879544;-46.06876658;709.7;60540;206.7151972555746;949.6151972555746;Line 83;0;262.010567077695
-23.488915207;-46.069057786;716.4;60510;206.61276157804457;949.5127615780445;Line 83;0;262.010567077695
-23.488950869;-46.069348991;717.9;60480;206.51032590051457;949.4103259005145;Line 83;0;262.010567077695
-23.48898653;-46.069640197;716.1;60450;206.40789022298458;949.3078902229845;Line 83;0;262.010567077695
-23.489022191;-46.069931403;714.0;60420;206.30545454545455;949.2054545454546;Line 83;0;262.010567077695
-23.489057852;-46.070222609;710.0;60390;206.20301886792453;949.1030188679244;Line 83;0;262.010567077695
-23.489093512;-46.070513815;705.5;60360;206.1005831903945;949.0005831903945;Line 83;0;262.010567077695
-23.489129171;-46.070805021;701.1;60330;205.9981475128645;948.8981475128645;Line 83;0;262.010567077695
-23.48916483;-46.071096228;699.7;60300;205.89571183533448;948.7957118353345;Line 83;0;262.010567077695
-23.489200488;-46.071387434;698.2;60270;205.79327615780446;948.6932761578045;Line 83;0;262.010567077695
-23.489236146;-46.071678641;696.8;60240;205.69084048027443;948.5908404802744;Line 83;0;262.010567077695
-23.489271803;-46.071969848;695.9;60210;205.5884048027444;948.4884048027444;Line 83;0;262.010567077695
-23.489307459;-46.072261054;695.5;60180;205.4859691252144;948.3859691252144;Line 83;0;262.010567077695
-23.489343116;-46.072552262;695.0;60150;205.38353344768439;948.2835334476844;Line 83;0;262.010567077695
-23.489378771;-46.072843469;692.6;60120;205.28109777015436;948.1810977701543;Line 83;0;262.010567077695
-23.489414426;-46.073134676;690.6;60090;205.17866209262434;948.0786620926243;Line 83;0;262.010567077695
-23.48945008;-46.073425884;689.6;60060;205.0762264150943;947.9762264150943;Line 83;0;262.010567077695
-23.489485734;-46.073717091;689.5;60030;204.97379073756431;947.8737907375643;Line 83;0;262.010567077695
-23.489521387;-46.074008299;689.0;60000;204.87135506003432;947.7713550600342;Line 83;0;262.010567077695
-23.48955704;-46.074299507;691.9;59970;204.7689193825043;947.6689193825043;Line 83;0;262.010567077695
-23.489592692;-46.074590715;699.5;59940;204.66648370497427;947.5664837049742;Line 83;0;262.010567077695
-23.489628344;-46.074881923;707.2;59910;204.56404802744424;947.4640480274443;Line 83;0;262.010567077695
-23.489663995;-46.075173131;717.0;59880;204.46161234991425;947.3616123499143;Line 83;0;262.010567077695
-23.489699646;-46.07546434;728.5;59850;204.35917667238422;947.2591766723842;Line 83;0;262.010567077695
-23.489735296;-46.075755548;739.9;59820;204.2567409948542;947.1567409948542;Line 83;0;262.010567077695
-23.489770945;-46.076046757;747.7;59790;204.15430531732417;947.0543053173242;Line 83;0;262.010567077695
-23.489806594;-46.076337966;754.0;59760;204.05186963979415;946.9518696397942;Line 83;0;262.010567077695
-23.489842242;-46.076629175;760.2;59730;203.94943396226415;946.8494339622641;Line 83;0;262.010567077695
-23.48987789;-46.076920384;758.8;59700;203.84699828473413;946.7469982847341;Line 83;0;262.010567077695
-23.489913537;-46.077211593;756.4;59670;203.7445626072041;946.6445626072041;Line 83;0;262.010567077695
-23.489949184;-46.077502802;754.0;59640;203.64212692967408;946.542126929674;Line 83;0;262.010567077695
-23.48998483;-46.077794012;748.0;59610;203.53969125214405;946.439691252144;Line 83;0;262.010567077695
-23.490020476;-46.078085221;741.9;59580;203.43725557461408;946.3372555746141;Line 83;0;262.010567077695
-23.490056121;-46.078376431;736.4;59550;203.33481989708406;946.234819897084;Line 83;0;262.010567077695
-23.490091765;-46.078667641;735.4;59520;203.23238421955404;946.1323842195541;Line 83;0;262.010567077695
-23.490127409;-46.078958851;734.4;59490;203.129948542024;946.0299485420239;Line 83;0;262.010567077695
-23.490163053;-46.079250061;734.8;59460;203.02751286449399;945.927512864494;Line 83;0;262.010567077695
-23.490198695;-46.079541271;739.1;59430;202.925077186964;945.825077186964;Line 83;0;262.010567077695
-23.490234338;-46.079832482;743.4;59400;202.82264150943396;945.722641509434;Line 83;0;262.010567077695
-23.490269979;-46.080123692;748.7;59370;202.72020583190394;945.620205831904;Line 83;0;262.010567077695
-23.490305621;-46.080414903;755.1;59340;202.61777015437391;945.5177701543739;Line 83;0;262.010567077695
-23.490341261;-46.080706114;761.3;59310;202.5153344768439;945.4153344768439;Line 83;0;262.010567077695
-23.490376901;-46.080997325;761.2;59280;202.4128987993139;945.3128987993139;Line 83;0;262.010567077695
-23.490412541;-46.081288536;756.5;59250;202.31046312178387;945.2104631217838;Line 83;0;262.010567077695
-23.49044818;-46.081579747;752.0;59220;202.20802744425384;945.1080274442538;Line 83;0;262.010567077695
-23.490483818;-46.081870958;749.8;59190;202.10559176672382;945.0055917667238;Line 83;0;262.010567077695
-23.490519456;-46.08216217;748.7;59160;202.00315608919382;944.9031560891938;Line 83;0;262.010567077695
-23.490555094;-46.082453381;747.9;59130;201.90072041166383;944.8007204116639;Line 83;0;262.010567077695
-23.49059073;-46.082744593;749.3;59100;201.7982847341338;944.6982847341337;Line 83;0;262.010567077695
-23.490626367;-46.083035805;751.3;59070;201.69584905660378;944.5958490566038;Line 83;0;262.010567077695
-23.490662002;-46.083327017;753.4;59040;201.59341337907375;944.4934133790737;Line 83;0;262.010567077695
-23.490697637;-46.083618229;747.4;59010;201.49097770154373;944.3909777015438;Line 83;0;262.010567077695
-23.490733272;-46.083909441;740.8;58980;201.38854202401373;944.2885420240137;Line 83;0;262.010567077695
-23.490768906;-46.084200654;734.7;58950;201.2861063464837;944.1861063464837;Line 83;0;262.010567077695
-23.490804539;-46.084491866;734.4;58920;201.18367066895368;944.0836706689537;Line 83;0;262.010567077695
-23.490840172;-46.084783079;733.9;58890;201.08123499142366;943.9812349914237;Line 83;0;262.010567077695
-23.490875805;-46.085074292;735.4;58860;200.97879931389363;943.8787993138936;Line 83;0;262.010567077695
-23.490911437;-46.085365505;743.0;58830;200.87636363636364;943.7763636363636;Line 83;0;262.010567077695
-23.490947068;-46.085656718;750.7;58800;200.7739279588336;943.6739279588336;Line 83;0;262.010567077695
-23.490982699;-46.085947931;756.2;58770;200.67149228130359;943.5714922813036;Line 83;0;262.010567077695
-23.491018329;-46.086239144;758.3;58740;200.56905660377356;943.4690566037735;Line 83;0;262.010567077695
-23.491053958;-46.086530358;760.6;58710;200.46662092624356;943.3666209262435;Line 83;0;262.010567077695
-23.491089588;-46.086821571;760.8;58680;200.36418524871357;943.2641852487136;Line 83;0;262.010567077695
-23.491125216;-46.087112785;758.8;58650;200.26174957118354;943.1617495711835;Line 83;0;262.010567077695
-23.491160844;-46.087403999;757.0;58620;200.15931389365352;943.0593138936536;Line 83;0;262.010567077695
-23.491196471;-46.087695213;755.7;58590;200.0568782161235;942.9568782161234;Line 83;0;262.010567077695
-23.491232098;-46.087986427;754.4;58560;199.95444253859347;942.8544425385935;Line 83;0;262.010567077695
-23.491267725;-46.088277641;752.9;58530;199.85200686106347;942.7520068610635;Line 83;0;262.010567077695
-23.49130335;-46.088568856;753.1;58500;199.74957118353345;942.6495711835335;Line 83;0;262.010567077695
-23.491338976;-46.08886007;753.0;58470;199.64713550600342;942.5471355060034;Line 83;0;262.010567077695
-23.4913746;-46.089151285;752.1;58440;199.5446998284734;942.4446998284734;Line 83;0;262.010567077695
-23.491410224;-46.0894425;747.1;58410;199.44226415094337;942.3422641509434;Line 83;0;262.010567077695
-23.491445848;-46.089733715;741.8;58380;199.33982847341338;942.2398284734134;Line 83;0;262.010567077695
-23.491481471;-46.09002493;736.3;58350;199.23739279588335;942.1373927958833;Line 83;0;262.010567077695
-23.491517094;-46.090316145;730.8;58320;199.13495711835333;942.0349571183533;Line 83;0;262.010567077695
-23.491552715;-46.09060736;725.8;58290;199.03252144082333;941.9325214408233;Line 83;0;262.010567077695
-23.491588337;-46.090898576;723.0;58260;198.9300857632933;941.8300857632933;Line 83;0;262.010567077695
-23.491623958;-46.091189792;727.1;58230;198.8276500857633;941.7276500857633;Line 83;0;262.010567077695
-23.491659578;-46.091481007;731.4;58200;198.72521440823328;941.6252144082332;Line 83;0;262.010567077695
-23.491695198;-46.091772223;734.9;58170;198.62277873070326;941.5227787307033;Line 83;0;262.010567077695
-23.491730817;-46.092063439;737.3;58140;198.52034305317324;941.4203430531732;Line 83;0;262.010567077695
-23.491766435;-46.092354655;739.7;58110;198.4179073756432;941.3179073756432;Line 83;0;262.010567077695
-23.491802054;-46.092645872;740.7;58080;198.3154716981132;941.2154716981132;Line 83;0;262.010567077695
-23.491837671;-46.092937088;740.7;58050;198.2130360205832;941.1130360205832;Line 83;0;262.010567077695
-23.491873288;-46.093228304;741.2;58020;198.11060034305316;941.0106003430532;Line 83;0;262.010567077695
-23.491908904;-46.093519521;741.7;57990;198.00816466552314;940.9081646655231;Line 83;0;262.010567077695
-23.49194452;-46.093810738;742.0;57960;197.90572898799311;940.8057289879931;Line 83;0;262.010567077695
-23.491980136;-46.094101955;742.4;57930;197.80329331046312;940.7032933104631;Line 83;0;262.010567077695
-23.49201575;-46.094393172;742.3;57900;197.7008576329331;940.6008576329331;Line 83;0;262.010567077695
-23.492051365;-46.094684389;741.9;57870;197.59842195540307;940.498421955403;Line 83;0;262.010567077695
-23.492086978;-46.094975606;741.2;57840;197.49598627787307;940.395986277873;Line 83;0;262.010567077695
-23.492122591;-46.095266824;738.6;57810;197.39355060034305;940.293550600343;Line 83;0;262.010567077695
-23.492158204;-46.095558042;735.7;57780;197.29111492281305;940.1911149228131;Line 83;0;262.010567077695
-23.492193816;-46.095849259;732.8;57750;197.18867924528303;940.088679245283;Line 83;0;262.010567077695
-23.492229427;-46.096140477;729.6;57720;197.086243567753;939.986243567753;Line 83;0;262.010567077695
-23.492265038;-46.096431695;726.1;57690;196.98380789022298;939.8838078902229;Line 83;0;262.010567077695
-23.492300649;-46.096722913;723.7;57660;196.88137221269295;939.781372212693;Line 83;0;262.010567077695
-23.492336259;-46.097014132;726.9;57630;196.77893653516296;939.678936535163;Line 83;0;262.010567077695
-23.492371868;-46.09730535;729.4;57600;196.67650085763293;939.5765008576329;Line 83;0;262.010567077695
-23.492407477;-46.097596568;732.2;57570;196.5740651801029;939.4740651801029;Line 83;0;262.010567077695
-23.492443085;-46.097887787;736.4;57540;196.47162950257288;939.3716295025729;Line 83;0;262.010567077695
-23.492478692;-46.098179006;740.2;57510;196.36919382504286;939.2691938250429;Line 83;0;262.010567077695
-23.492514299;-46.098470225;746.4;57480;196.26675814751286;939.1667581475128;Line 83;0;262.010567077695
-23.492549906;-46.098761444;755.2;57450;196.16432246998284;939.0643224699828;Line 83;0;262.010567077695
-23.492585512;-46.099052663;763.6;57420;196.06188679245284;938.9618867924528;Line 83;0;262.010567077695
-23.492621117;-46.099343882;772.1;57390;195.9594511149228;938.8594511149228;Line 83;0;262.010567077695
-23.492656722;-46.099635102;780.9;57360;195.8570154373928;938.7570154373927;Line 83;0;262.010567077695
-23.492692326;-46.099926322;789.6;57330;195.7545797598628;938.6545797598628;Line 83;0;262.010567077695
-23.49272793;-46.100217541;794.0;57300;195.65214408233277;938.5521440823327;Line 83;0;262.010567077695
-23.492763533;-46.100508761;797.6;57270;195.54970840480274;938.4497084048028;Line 83;0;262.010567077695
-23.492799136;-46.100799981;801.8;57240;195.44727272727272;938.3472727272726;Line 83;0;262.010567077695
-23.492834738;-46.101091201;803.9;57210;195.3448370497427;938.2448370497427;Line 83;0;262.010567077695
-23.49287034;-46.101382421;806.2;57180;195.2424013722127;938.1424013722127;Line 83;0;262.010567077695
-23.492905941;-46.101673642;809.0;57150;195.13996569468267;938.0399656946827;Line 83;0;262.010567077695
-23.492941541;-46.101964862;813.4;57120;195.03753001715265;937.9375300171527;Line 83;0;262.010567077695
-23.492977141;-46.102256083;817.9;57090;194.93509433962262;937.8350943396226;Line 83;0;262.010567077695
-23.493012741;-46.102547304;821.5;57060;194.8326586620926;937.7326586620926;Line 83;0;262.010567077695
-23.493048339;-46.102838525;820.7;57030;194.7302229845626;937.6302229845626;Line 83;0;262.010567077695
-23.493083938;-46.103129746;820.4;57000;194.62778730703258;937.5277873070326;Line 83;0;262.010567077695
-23.493119535;-46.103420967;818.9;56970;194.52535162950258;937.4253516295025;Line 83;0;262.010567077695
-23.493155132;-46.103712188;813.8;56940;194.42291595197256;937.3229159519725;Line 83;0;262.010567077695
-23.493190729;-46.10400341;809.2;56910;194.32048027444253;937.2204802744425;Line 83;0;262.010567077695
-23.493226325;-46.104294631;804.5;56880;194.21804459691253;937.1180445969126;Line 83;0;262.010567077695
-23.493261921;-46.104585853;799.3;56850;194.1156089193825;937.0156089193824;Line 83;0;262.010567077695
-23.493297516;-46.104877075;794.1;56820;194.01317324185248;936.9131732418525;Line 83;0;262.010567077695
-23.49333311;-46.105168297;789.6;56790;193.91073756432246;936.8107375643224;Line 83;0;262.010567077695
-23.493368704;-46.105459519;784.9;56760;193.80830188679244;936.7083018867925;Line 83;0;262.010567077695
-23.493404297;-46.105750741;780.2;56730;193.70586620926244;936.6058662092624;Line 83;0;262.010567077695
-23.49343989;-46.106041964;771.8;56700;193.6034305317324;936.5034305317324;Line 83;0;262.010567077695
-23.493475482;-46.106333186;761.9;56670;193.5009948542024;936.4009948542024;Line 83;0;262.010567077695
-23.493511074;-46.106624409;751.9;56640;193.39855917667236;936.2985591766724;Line 83;0;262.010567077695
-23.493546665;-46.106915632;750.4;56610;193.29612349914234;936.1961234991423;Line 83;0;262.010567077695
-23.493582255;-46.107206855;750.5;56580;193.19368782161234;936.0936878216123;Line 83;0;262.010567077695
-23.493617845;-46.107498078;750.6;56550;193.09125214408235;935.9912521440823;Line 83;0;262.010567077695
-23.493653435;-46.107789301;755.5;56520;192.98881646655232;935.8888164665523;Line 83;0;262.010567077695
-23.493689024;-46.108080524;760.4;56490;192.8863807890223;935.7863807890222;Line 83;0;262.010567077695
-23.493724612;-46.108371748;764.4;56460;192.78394511149227;935.6839451114922;Line 83;0;262.010567077695
-23.4937602;-46.108662971;763.2;56430;192.68150943396228;935.5815094339623;Line 83;0;262.010567077695
-23.493795787;-46.108954195;761.9;56400;192.57907375643225;935.4790737564322;Line 83;0;262.010567077695
-23.493831374;-46.109245419;760.3;56370;192.47663807890223;935.3766380789023;Line 83;0;262.010567077695
-23.49386696;-46.109536643;758.0;56340;192.3742024013722;935.2742024013721;Line 83;0;262.010567077695
-23.493902546;-46.109827867;755.6;56310;192.27176672384218;935.1717667238422;Line 83;0;262.010567077695
-23.493938131;-46.110119091;753.7;56280;192.16933104631218;935.0693310463122;Line 83;0;262.010567077695
-23.493973715;-46.110410315;752.9;56250;192.06689536878216;934.9668953687822;Line 83;0;262.010567077695
-23.494009299;-46.11070154;752.3;56220;191.96445969125213;934.8644596912521;Line 83;0;262.010567077695
-23.494044882;-46.110992764;753.6;56190;191.8620240137221;934.7620240137221;Line 83;0;262.010567077695
-23.494080465;-46.111283989;756.6;56160;191.75958833619208;934.6595883361921;Line 83;0;262.010567077695
-23.494116048;-46.111575214;759.7;56130;191.65715265866208;934.5571526586621;Line 83;0;262.010567077695
-23.494151629;-46.111866439;757.9;56100;191.5547169811321;934.454716981132;Line 83;0;262.010567077695
-23.494187211;-46.112157664;753.8;56070;191.45228130360206;934.352281303602;Line 83;0;262.010567077695
-23.494222791;-46.11244889;749.7;56040;191.34984562607204;934.249845626072;Line 83;0;262.010567077695
-23.494258371;-46.112740115;743.0;56010;191.247409948542;934.147409948542;Line 83;0;262.010567077695
-23.494293951;-46.113031341;735.6;55980;191.14497427101202;934.044974271012;Line 83;0;262.010567077695
-23.49432953;-46.113322566;728.0;55950;191.042538593482;933.9425385934819;Line 83;0;262.010567077695
-23.494365108;-46.113613792;728.6;55920;190.94010291595197;933.840102915952;Line 83;0;262.010567077695
-23.494400686;-46.113905018;728.9;55890;190.83766723842194;933.7376672384219;Line 83;0;262.010567077695
-23.494436263;-46.114196244;729.2;55860;190.73523156089192;933.635231560892;Line 83;0;262.010567077695
-23.49447184;-46.11448747;734.0;55830;190.63279588336192;933.5327958833619;Line 83;0;262.010567077695
-23.494507417;-46.114778697;738.5;55800;190.5303602058319;933.4303602058319;Line 83;0;262.010567077695
-23.494542992;-46.115069923;742.9;55770;190.42792452830187;933.3279245283019;Line 83;0;262.010567077695
-23.494578567;-46.11536115;748.0;55740;190.32548885077185;933.2254888507719;Line 83;0;262.010567077695
-23.494614142;-46.115652377;753.0;55710;190.22305317324182;933.1230531732418;Line 83;0;262.010567077695
-23.494649716;-46.115943604;756.1;55680;190.12061749571183;933.0206174957118;Line 83;0;262.010567077695
-23.494685289;-46.116234831;756.2;55650;190.01818181818183;932.9181818181818;Line 83;0;262.010567077695
-23.494720862;-46.116526058;756.6;55620;189.9157461406518;932.8157461406518;Line 83;0;262.010567077695
-23.494756435;-46.116817285;755.6;55590;189.81331046312178;932.7133104631217;Line 83;0;262.010567077695
-23.494792007;-46.117108512;753.4;55560;189.71087478559176;932.6108747855917;Line 83;0;262.010567077695
-23.494827578;-46.11739974;751.6;55530;189.60843910806176;932.5084391080618;Line 83;0;262.010567077695
-23.494863149;-46.117690968;750.3;55500;189.50600343053173;932.4060034305317;Line 83;0;262.010567077695
-23.494898719;-46.117982196;748.9;55470;189.4035677530017;932.3035677530017;Line 83;0;262.010567077695
-23.494934288;-46.118273423;747.3;55440;189.30113207547168;932.2011320754716;Line 83;0;262.010567077695
-23.494969858;-46.118564652;742.9;55410;189.19869639794166;932.0986963979417;Line 83;0;262.010567077695
-23.495005426;-46.11885588;737.7;55380;189.09626072041166;931.9962607204117;Line 83;0;262.010567077695
-23.495040994;-46.119147108;733.1;55350;188.99382504288164;931.8938250428816;Line 83;0;262.010567077695
-23.495076561;-46.119438337;732.9;55320;188.8913893653516;931.7913893653516;Line 83;0;262.010567077695
-23.495112128;-46.119729565;733.1;55290;188.7889536878216;931.6889536878216;Line 83;0;262.010567077695
-23.495147695;-46.120020794;733.4;55260;188.6865180102916;931.5865180102916;Line 83;0;262.010567077695
-23.49518326;-46.120312023;735.1;55230;188.5840823327616;931.4840823327615;Line 83;0;262.010567077695
-23.495218826;-46.120603252;737.0;55200;188.48164665523157;931.3816466552315;Line 83;0;262.010567077695
-23.49525439;-46.120894481;739.0;55170;188.37921097770155;931.2792109777015;Line 83;0;262.010567077695
-23.495289954;-46.12118571;740.2;55140;188.27677530017152;931.1767753001715;Line 83;0;262.010567077695
-23.495325518;-46.12147694;741.6;55110;188.1743396226415;931.0743396226414;Line 83;0;262.010567077695
-23.495361081;-46.121768169;742.5;55080;188.0719039451115;930.9719039451115;Line 83;0;262.010567077695
-23.495396644;-46.122059399;742.6;55050;187.96946826758148;930.8694682675814;Line 83;0;262.010567077695
-23.495432205;-46.122350629;742.7;55020;187.86703259005145;930.7670325900515;Line 83;0;262.010567077695
-23.495467767;-46.122641859;743.6;54990;187.76459691252143;930.6645969125213;Line 83;0;262.010567077695
-23.495503328;-46.122933089;745.0;54960;187.6621612349914;930.5621612349914;Line 83;0;262.010567077695
-23.495538888;-46.123224319;746.4;54930;187.5597255574614;930.4597255574614;Line 83;0;262.010567077695
-23.495574448;-46.123515549;744.5;54900;187.45728987993138;930.3572898799314;Line 83;0;262.010567077695
-23.495610007;-46.12380678;740.7;54870;187.35485420240136;930.2548542024014;Line 83;0;262.010567077695
-23.495645565;-46.12409801;737.0;54840;187.25241852487133;930.1524185248713;Line 83;0;262.010567077695
-23.495681123;-46.124389241;732.1;54810;187.14998284734133;930.0499828473413;Line 83;0;262.010567077695
-23.495716681;-46.124680472;726.5;54780;187.04754716981134;929.9475471698113;Line 83;0;262.010567077695
-23.495752238;-46.124971703;720.6;54750;186.9451114922813;929.8451114922813;Line 83;0;262.010567077695
-23.495787794;-46.125262934;715.1;54720;186.8426758147513;929.7426758147512;Line 83;0;262.010567077695
-23.49582335;-46.125554165;709.2;54690;186.74024013722126;929.6402401372212;Line 83;0;262.010567077695
-23.495858906;-46.125845397;703.9;54660;186.63780445969124;929.5378044596912;Line 83;0;262.010567077695
-23.49589446;-46.126136628;705.4;54630;186.53536878216124;929.4353687821613;Line 83;0;262.010567077695
-23.495930015;-46.12642786;706.3;54600;186.43293310463122;929.3329331046311;Line 83;0;262.010567077695
-23.495965568;-46.126719091;707.5;54570;186.3304974271012;929.2304974271012;Line 83;0;262.010567077695
-23.496001121;-46.127010323;713.5;54540;186.22806174957117;929.1280617495711;Line 83;0;262.010567077695
-23.496036674;-46.127301555;719.7;54510;186.12562607204114;929.0256260720412;Line 83;0;262.010567077695
-23.496072226;-46.127592788;724.8;54480;186.02319039451115;928.9231903945112;Line 83;0;262.010567077695
-23.496107777;-46.12788402;727.7;54450;185.92075471698112;928.8207547169811;Line 83;0;262.010567077695
-23.496143328;-46.128175252;730.6;54420;185.8183190394511;928.7183190394511;Line 83;0;262.010567077695
-23.496178879;-46.128466485;731.9;54390;185.7158833619211;928.6158833619211;Line 83;0;262.010567077695
-23.496214428;-46.128757718;731.0;54360;185.61344768439108;928.513447684391;Line 83;0;262.010567077695
-23.496249978;-46.129048951;729.6;54330;185.51101200686108;928.411012006861;Line 83;0;262.010567077695
-23.496285526;-46.129340183;729.9;54300;185.40857632933105;928.308576329331;Line 83;0;262.010567077695
-23.496321075;-46.129631417;731.5;54270;185.30614065180103;928.206140651801;Line 83;0;262.010567077695
-23.496356622;-46.12992265;733.0;54240;185.203704974271;928.103704974271;Line 83;0;262.010567077695
-23.496392169;-46.130213883;735.8;54210;185.10126929674098;928.0012692967409;Line 83;0;262.010567077695
-23.496427716;-46.130505117;738.9;54180;184.99883361921098;927.898833619211;Line 83;0;262.010567077695
-23.496463262;-46.13079635;741.9;54150;184.89639794168096;927.7963979416809;Line 83;0;262.010567077695
-23.496498807;-46.131087584;742.4;54120;184.79396226415093;927.693962264151;Line 83;0;262.010567077695
-23.496534352;-46.131378818;742.5;54090;184.6915265866209;927.5915265866208;Line 83;0;262.010567077695
-23.496569896;-46.131670052;742.4;54060;184.58909090909088;927.4890909090909;Line 83;0;262.010567077695
-23.49660544;-46.131961286;742.4;54030;184.4866552315609;927.3866552315609;Line 83;0;262.010567077695
-23.496640983;-46.13225252;742.6;54000;184.38421955403086;927.2842195540309;Line 83;0;262.010567077695
-23.496676526;-46.132543755;743.1;53970;184.28178387650084;927.1817838765008;Line 83;0;262.010567077695
-23.496712068;-46.132834989;744.3;53940;184.17934819897084;927.0793481989708;Line 83;0;262.010567077695
-23.496747609;-46.133126224;745.3;53910;184.07691252144082;926.9769125214408;Line 83;0;262.010567077695
-23.49678315;-46.133417459;745.4;53880;183.97447684391082;926.8744768439108;Line 83;0;262.010567077695
-23.496818691;-46.133708694;743.6;53850;183.8720411663808;926.7720411663807;Line 83;0;262.010567077695
-23.496854231;-46.133999929;741.9;53820;183.76960548885077;926.6696054888507;Line 83;0;262.010567077695
-23.49688977;-46.134291164;740.5;53790;183.66716981132075;926.5671698113207;Line 83;0;262.010567077695
-23.496925309;-46.1345824;739.6;53760;183.56473413379072;926.4647341337907;Line 83;0;262.010567077695
-23.496960847;-46.134873635;739.1;53730;183.46229845626073;926.3622984562608;Line 83;0;262.010567077695
-23.496996385;-46.135164871;742.0;53700;183.3598627787307;926.2598627787306;Line 83;0;262.010567077695
-23.497031922;-46.135456106;747.2;53670;183.25742710120068;926.1574271012007;Line 83;0;262.010567077695
-23.497067459;-46.135747342;752.1;53640;183.15499142367065;926.0549914236706;Line 83;0;262.010567077695
-23.497102995;-46.136038578;754.9;53610;183.05255574614063;925.9525557461407;Line 83;0;262.010567077695
-23.49713853;-46.136329814;756.6;53580;182.95012006861063;925.8501200686106;Line 83;0;262.010567077695
-23.497174065;-46.136621051;758.2;53550;182.8476843910806;925.7476843910806;Line 83;0;262.010567077695
-23.497209599;-46.136912287;757.1;53520;182.7452487135506;925.6452487135506;Line 83;0;262.010567077695
-23.497245133;-46.137203524;755.5;53490;182.64281303602058;925.5428130360206;Line 83;0;262.010567077695
-23.497280667;-46.13749476;754.0;53460;182.54037735849056;925.4403773584905;Line 83;0;262.010567077695
-23.497316199;-46.137785997;761.4;53430;182.43794168096056;925.3379416809605;Line 83;0;262.010567077695
-23.497351732;-46.138077234;769.3;53400;182.33550600343054;925.2355060034305;Line 83;0;262.010567077695
-23.497387263;-46.138368471;776.8;53370;182.2330703259005;925.1330703259005;Line 83;0;262.010567077695
-23.497422794;-46.138659708;778.5;53340;182.1306346483705;925.0306346483704;Line 83;0;262.010567077695
-23.497458325;-46.138950946;780.1;53310;182.02819897084046;924.9281989708404;Line 83;0;262.010567077695
-23.497493855;-46.139242183;781.2;53280;181.92576329331047;924.8257632933105;Line 83;0;262.010567077695
-23.497529384;-46.139533421;781.4;53250;181.82332761578044;924.7233276157804;Line 83;0;262.010567077695
-23.497564913;-46.139824658;781.4;53220;181.72089193825042;924.6208919382505;Line 83;0;262.010567077695
-23.497600441;-46.140115896;781.5;53190;181.6184562607204;924.5184562607203;Line 83;0;262.010567077695
-23.497635969;-46.140407134;781.8;53160;181.51602058319037;924.4160205831904;Line 83;0;262.010567077695
-23.497671496;-46.140698372;782.4;53130;181.41358490566037;924.3135849056604;Line 83;0;262.010567077695
-23.497707023;-46.140989611;780.7;53100;181.31114922813035;924.2111492281304;Line 83;0;262.010567077695
-23.497742549;-46.141280849;776.9;53070;181.20871355060035;924.1087135506003;Line 83;0;262.010567077695
-23.497778075;-46.141572087;773.1;53040;181.10627787307033;924.0062778730703;Line 83;0;262.010567077695
-23.4978136;-46.141863326;770.5;53010;181.0038421955403;923.9038421955403;Line 83;0;262.010567077695
-23.497849124;-46.142154565;768.6;52980;180.9014065180103;923.8014065180103;Line 83;0;262.010567077695
-23.497884648;-46.142445804;766.9;52950;180.79897084048028;923.6989708404802;Line 83;0;262.010567077695
-23.497920172;-46.142737043;768.9;52920;180.69653516295025;923.5965351629502;Line 83;0;262.010567077695
-23.497955694;-46.143028282;771.7;52890;180.59409948542023;923.4940994854202;Line 83;0;262.010567077695
-23.497991217;-46.143319521;774.5;52860;180.4916638078902;923.3916638078902;Line 83;0;262.010567077695
-23.498026738;-46.143610761;776.9;52830;180.3892281303602;923.2892281303602;Line 83;0;262.010567077695
-23.49806226;-46.143902;779.3;52800;180.28679245283018;923.1867924528301;Line 83;0;262.010567077695
-23.49809778;-46.14419324;781.6;52770;180.18435677530016;923.0843567753002;Line 83;0;262.010567077695
-23.4981333;-46.14448448;780.4;52740;180.08192109777013;922.98192109777;Line 83;0;262.010567077695
-23.49816882;-46.14477572;779.5;52710;179.9794854202401;922.8794854202401;Line 83;0;262.010567077695
-23.498204339;-46.14506696;778.1;52680;179.8770497427101;922.7770497427101;Line 83;0;262.010567077695
-23.498239857;-46.1453582;774.6;52650;179.77461406518012;922.6746140651801;Line 83;0;262.010567077695
-23.498275375;-46.14564944;771.0;52620;179.6721783876501;922.5721783876501;Line 83;0;262.010567077695
-23.498310892;-46.145940681;768.0;52590;179.56974271012007;922.46974271012;Line 83;0;262.010567077695
-23.498346409;-46.146231921;765.7;52560;179.46730703259004;922.36730703259;Line 83;0;262.010567077695
-23.498381925;-46.146523162;763.5;52530;179.36487135506005;922.26487135506;Line 83;0;262.010567077695
-23.498417441;-46.146814403;763.3;52500;179.26243567753002;922.16243567753;Line 83;0;262.010567077695
-23.498452956;-46.147105644;764.9;52470;179.16;922.06;Line 83;0;262.010567077695
-23.498488471;-46.147396885;766.2;52440;179.05756432246997;921.9575643224699;Line 83;0;262.010567077695
-23.498523985;-46.147688126;767.6;52410;178.95512864493995;921.8551286449399;Line 83;0;262.010567077695
-23.498559498;-46.147979368;769.2;52380;178.85269296740995;921.75269296741;Line 83;0;262.010567077695
-23.498595011;-46.148270609;771.0;52350;178.75025728987993;921.6502572898798;Line 83;0;262.010567077695
-23.498630523;-46.148561851;774.8;52320;178.6478216123499;921.5478216123499;Line 83;0;262.010567077695
-23.498666035;-46.148853093;779.2;52290;178.54538593481988;921.4453859348198;Line 83;0;262.010567077695
-23.498701546;-46.149144335;783.7;52260;178.44295025728985;921.3429502572899;Line 83;0;262.010567077695
-23.498737057;-46.149435577;786.9;52230;178.34051457975985;921.2405145797599;Line 83;0;262.010567077695
-23.498772567;-46.149726819;790.0;52200;178.23807890222986;921.1380789022298;Line 83;0;262.010567077695
-23.498808077;-46.150018061;793.0;52170;178.13564322469983;921.0356432246998;Line 83;0;262.010567077695
-23.498843586;-46.150309304;794.6;52140;178.0332075471698;920.9332075471698;Line 83;0;262.010567077695
-23.498879094;-46.150600546;795.9;52110;177.93077186963978;920.8307718696398;Line 83;0;262.010567077695
-23.498914602;-46.150891789;796.7;52080;177.8283361921098;920.7283361921097;Line 83;0;262.010567077695
-23.49895011;-46.151183032;796.3;52050;177.72590051457976;920.6259005145797;Line 83;0;262.010567077695
-23.498985617;-46.151474275;796.0;52020;177.62346483704974;920.5234648370497;Line 83;0;262.010567077695
-23.499021123;-46.151765518;796.3;51990;177.5210291595197;920.4210291595197;Line 83;0;262.010567077695
-23.499056629;-46.152056761;797.5;51960;177.4185934819897;920.3185934819896;Line 83;0;262.010567077695
-23.499092134;-46.152348005;799.1;51930;177.3161578044597;920.2161578044597;Line 83;0;262.010567077695
-23.499127639;-46.152639248;799.5;51900;177.21372212692967;920.1137221269296;Line 83;0;262.010567077695
-23.499163143;-46.152930492;798.5;51870;177.11128644939964;920.0112864493997;Line 83;0;262.010567077695
-23.499198646;-46.153221736;797.0;51840;177.00885077186962;919.9088507718695;Line 83;0;262.010567077695
-23.499234149;-46.15351298;795.6;51810;176.9064150943396;919.8064150943396;Line 83;0;262.010567077695
-23.499269652;-46.153804224;794.1;51780;176.8039794168096;919.7039794168096;Line 83;0;262.010567077695
-23.499305153;-46.154095468;792.7;51750;176.7015437392796;919.6015437392796;Line 83;0;262.010567077695
-23.499340655;-46.154386712;789.9;51720;176.59910806174958;919.4991080617496;Line 83;0;262.010567077695
-23.499376156;-46.154677956;786.7;51690;176.49667238421955;919.3966723842195;Line 83;0;262.010567077695
-23.499411656;-46.154969201;783.5;51660;176.39423670668953;919.2942367066895;Line 83;0;262.010567077695
-23.499447156;-46.155260446;778.8;51630;176.29180102915953;919.1918010291595;Line 83;0;262.010567077695
-23.499482655;-46.155551691;774.0;51600;176.1893653516295;919.0893653516295;Line 83;0;262.010567077695
-23.499518153;-46.155842935;769.2;51570;176.08692967409948;918.9869296740994;Line 83;0;262.010567077695
-23.499553651;-46.156134181;766.6;51540;175.98449399656946;918.8844939965694;Line 83;0;262.010567077695
-23.499589149;-46.156425426;764.0;51510;175.88205831903943;918.7820583190394;Line 83;0;262.010567077695
-23.499624646;-46.156716671;761.8;51480;175.77962264150943;918.6796226415095;Line 83;0;262.010567077695
-23.499660142;-46.157007917;760.9;51450;175.6771869639794;918.5771869639793;Line 83;0;262.010567077695
-23.499695638;-46.157299162;760.0;51420;175.57475128644938;918.4747512864494;Line 83;0;262.010567077695
-23.499731133;-46.157590408;759.1;51390;175.47231560891936;918.3723156089193;Line 83;0;262.010567077695
-23.499766628;-46.157881654;758.2;51360;175.36987993138936;918.2698799313894;Line 83;0;262.010567077695
-23.499802122;-46.1581729;757.3;51330;175.26744425385937;918.1674442538593;Line 83;0;262.010567077695
-23.499837616;-46.158464146;757.1;51300;175.16500857632934;918.0650085763293;Line 83;0;262.010567077695
-23.499873109;-46.158755392;757.5;51270;175.06257289879932;917.9625728987993;Line 83;0;262.010567077695
-23.499908601;-46.159046639;758.1;51240;174.9601372212693;917.8601372212693;Line 83;0;262.010567077695
-23.499944093;-46.159337885;758.2;51210;174.85770154373927;917.7577015437392;Line 83;0;262.010567077695
-23.499979585;-46.159629132;758.1;51180;174.75526586620927;917.6552658662092;Line 83;0;262.010567077695
-23.500015076;-46.159920379;757.9;51150;174.65283018867925;917.5528301886792;Line 83;0;262.010567077695
-23.500050566;-46.160211626;757.1;51120;174.55039451114922;917.4503945111492;Line 83;0;262.010567077695
-23.500086056;-46.160502873;756.0;51090;174.4479588336192;917.3479588336191;Line 83;0;262.010567077695
-23.500121545;-46.16079412;755.0;51060;174.34552315608917;917.2455231560891;Line 83;0;262.010567077695
-23.500157034;-46.161085367;754.6;51030;174.24308747855918;917.1430874785592;Line 83;0;262.010567077695
-23.500192522;-46.161376615;754.3;51000;174.14065180102915;917.0406518010291;Line 83;0;262.010567077695
-23.500228009;-46.161667862;754.0;50970;174.03821612349913;916.9382161234992;Line 83;0;262.010567077695
-23.500263496;-46.16195911;754.2;50940;173.9357804459691;916.835780445969;Line 83;0;262.010567077695
-23.500298983;-46.162250358;754.4;50910;173.8333447684391;916.7333447684391;Line 83;0;262.010567077695
-23.500334469;-46.162541606;754.6;50880;173.7309090909091;916.6309090909091;Line 83;0;262.010567077695
-23.500369954;-46.162832854;754.8;50850;173.62847341337908;916.5284734133791;Line 83;0;262.010567077695
-23.500405439;-46.163124102;754.9;50820;173.52603773584906;916.426037735849;Line 83;0;262.010567077695
-23.500440923;-46.16341535;755.1;50790;173.42360205831903;916.323602058319;Line 83;0;262.010567077695
-23.500476407;-46.163706599;755.7;50760;173.321166380789;916.221166380789;Line 83;0;262.010567077695
-23.50051189;-46.163997847;756.2;50730;173.218730703259;916.118730703259;Line 83;0;262.010567077695
-23.500547372;-46.164289096;756.3;50700;173.116295025729;916.0162950257289;Line 83;0;262.010567077695
-23.500582855;-46.164580345;756.1;50670;173.01385934819896;915.9138593481989;Line 83;0;262.010567077695
-23.500618336;-46.164871594;755.8;50640;172.91142367066894;915.8114236706689;Line 83;0;262.010567077695
-23.500653817;-46.165162843;755.2;50610;172.8089879931389;915.7089879931389;Line 83;0;262.010567077695
-23.500689297;-46.165454092;754.2;50580;172.70655231560892;915.606552315609;Line 83;0;262.010567077695
-23.500724777;-46.165745342;753.4;50550;172.6041166380789;915.5041166380788;Line 83;0;262.010567077695
-23.500760257;-46.166036591;752.4;50520;172.50168096054887;915.4016809605489;Line 83;0;262.010567077695
-23.500795735;-46.166327841;751.3;50490;172.39924528301887;915.2992452830189;Line 83;0;262.010567077695
-23.500831213;-46.166619091;750.2;50460;172.29680960548885;915.1968096054889;Line 83;0;262.010567077695
-23.500866691;-46.166910341;749.1;50430;172.19437392795885;915.0943739279588;Line 83;0;262.010567077695
-23.500902168;-46.167201591;748.1;50400;172.09193825042883;914.9919382504288;Line 83;0;262.010567077695
-23.500937645;-46.167492841;747.1;50370;171.9895025728988;914.8895025728988;Line 83;0;262.010567077695
-23.500973121;-46.167784091;747.3;50340;171.88706689536878;914.7870668953688;Line 83;0;262.010567077695
-23.501008596;-46.168075342;747.5;50310;171.78463121783875;914.6846312178387;Line 83;0;262.010567077695
-23.501044071;-46.168366592;747.5;50280;171.68219554030875;914.5821955403087;Line 83;0;262.010567077695
-23.501079545;-46.168657843;747.9;50250;171.57975986277873;914.4797598627787;Line 83;0;262.010567077695
-23.501115019;-46.168949094;748.3;50220;171.4773241852487;914.3773241852487;Line 83;0;262.010567077695
-23.501150492;-46.169240345;748.6;50190;171.37488850771868;914.2748885077186;Line 83;0;262.010567077695
-23.501185965;-46.169531596;748.4;50160;171.27245283018866;914.1724528301886;Line 83;0;262.010567077695
-23.501221437;-46.169822847;748.2;50130;171.17001715265866;914.0700171526587;Line 83;0;262.010567077695
-23.501256909;-46.170114099;747.7;50100;171.06758147512863;913.9675814751286;Line 83;0;262.010567077695
-23.50129238;-46.17040535;746.9;50070;170.9651457975986;913.8651457975986;Line 83;0;262.010567077695
-23.50132785;-46.170696602;746.0;50040;170.8627101200686;913.7627101200686;Line 83;0;262.010567077695
-23.50136332;-46.170987854;745.7;50010;170.7602744425386;913.6602744425386;Line 83;0;262.010567077695
-23.50139879;-46.171279106;746.2;49980;170.6578387650086;913.5578387650086;Line 83;0;262.010567077695
-23.501434259;-46.171570358;746.9;49950;170.55540308747857;913.4554030874785;Line 83;0;262.010567077695
-23.501469727;-46.17186161;747.8;49920;170.45296740994854;913.3529674099485;Line 83;0;262.010567077695
-23.501505195;-46.172152862;748.7;49890;170.35053173241852;913.2505317324185;Line 83;0;262.010567077695
-23.501540662;-46.172444114;749.6;49860;170.2480960548885;913.1480960548885;Line 83;0;262.010567077695
-23.501576128;-46.172735367;750.2;49830;170.1456603773585;913.0456603773584;Line 83;0;262.010567077695
-23.501611594;-46.17302662;750.7;49800;170.04322469982847;912.9432246998284;Line 83;0;262.010567077695
-23.50164706;-46.173317872;751.0;49770;169.94078902229845;912.8407890222984;Line 83;0;262.010567077695
-23.501682525;-46.173609125;752.6;49740;169.83835334476842;912.7383533447684;Line 83;0;262.010567077695
-23.501717989;-46.173900379;754.1;49710;169.7359176672384;912.6359176672383;Line 83;0;262.010567077695
-23.501753453;-46.174191632;755.4;49680;169.6334819897084;912.5334819897084;Line 83;0;262.010567077695
-23.501788917;-46.174482885;754.6;49650;169.53104631217838;912.4310463121783;Line 83;0;262.010567077695
-23.501824379;-46.174774139;753.7;49620;169.42861063464838;912.3286106346484;Line 83;0;262.010567077695
-23.501859841;-46.175065392;753.1;49590;169.32617495711835;912.2261749571184;Line 83;0;262.010567077695
-23.501895303;-46.175356646;752.9;49560;169.22373927958833;912.1237392795883;Line 83;0;262.010567077695
-23.501930764;-46.1756479;752.9;49530;169.12130360205833;912.0213036020583;Line 83;0;262.010567077695
-23.501966225;-46.175939154;753.5;49500;169.0188679245283;911.9188679245283;Line 83;0;262.010567077695
-23.502001685;-46.176230408;755.0;49470;168.91643224699828;911.8164322469983;Line 83;0;262.010567077695
-23.502037144;-46.176521662;756.4;49440;168.81399656946826;911.7139965694682;Line 83;0;262.010567077695
-23.502072603;-46.176812916;757.6;49410;168.71156089193823;911.6115608919382;Line 83;0;262.010567077695
-23.502108062;-46.177104171;758.8;49380;168.60912521440824;911.5091252144082;Line 83;0;262.010567077695
-23.502143519;-46.177395426;760.1;49350;168.5066895368782;911.4066895368782;Line 83;0;262.010567077695
-23.502178977;-46.17768668;759.6;49320;168.4042538593482;911.3042538593481;Line 83;0;262.010567077695
-23.502214433;-46.177977935;758.0;49290;168.30181818181816;911.2018181818181;Line 83;0;262.010567077695
-23.502249889;-46.17826919;756.4;49260;168.19938250428814;911.0993825042881;Line 83;0;262.010567077695
-23.502285345;-46.178560445;756.0;49230;168.09694682675814;910.9969468267582;Line 83;0;262.010567077695
-23.5023208;-46.178851701;756.1;49200;167.99451114922812;910.894511149228;Line 83;0;262.010567077695
-23.502356255;-46.179142956;756.3;49170;167.89207547169812;910.7920754716981;Line 83;0;262.010567077695
-23.502391709;-46.179434212;755.2;49140;167.7896397941681;910.6896397941681;Line 83;0;262.010567077695
-23.502427162;-46.179725467;754.0;49110;167.68720411663807;910.5872041166381;Line 83;0;262.010567077695
-23.502462615;-46.180016723;752.6;49080;167.58476843910807;910.484768439108;Line 83;0;262.010567077695
-23.502498067;-46.180307979;749.7;49050;167.48233276157805;910.382332761578;Line 83;0;262.010567077695
-23.502533519;-46.180599235;746.8;49020;167.37989708404803;910.279897084048;Line 83;0;262.010567077695
-23.50256897;-46.180890492;744.5;48990;167.277461406518;910.177461406518;Line 83;0;262.010567077695
-23.502604421;-46.181181748;743.0;48960;167.17502572898798;910.075025728988;Line 83;0;262.010567077695
-23.502639871;-46.181473004;741.3;48930;167.07259005145798;909.9725900514579;Line 83;0;262.010567077695
-23.50267532;-46.181764261;740.6;48900;166.97015437392795;909.8701543739279;Line 83;0;262.010567077695
-23.502710769;-46.182055518;741.9;48870;166.86771869639793;909.7677186963979;Line 83;0;262.010567077695
-23.502746218;-46.182346775;743.1;48840;166.7652830188679;909.6652830188679;Line 83;0;262.010567077695
-23.502781666;-46.182638032;743.8;48810;166.66284734133788;909.5628473413378;Line 83;0;262.010567077695
-23.502817113;-46.182929289;744.1;48780;166.56041166380788;909.4604116638079;Line 83;0;262.010567077695
-23.50285256;-46.183220546;744.3;48750;166.4579759862779;909.3579759862779;Line 83;0;262.010567077695
-23.502888006;-46.183511803;744.5;48720;166.35554030874786;909.2555403087479;Line 83;0;262.010567077695
-23.502923452;-46.183803061;744.5;48690;166.25310463121784;909.1531046312178;Line 83;0;262.010567077695
-23.502958897;-46.184094318;744.4;48660;166.1506689536878;909.0506689536878;Line 83;0;262.010567077695
-23.502994341;-46.184385576;744.4;48630;166.04823327615782;908.9482332761578;Line 83;0;262.010567077695
-23.503029785;-46.184676834;744.6;48600;165.9457975986278;908.8457975986278;Line 83;0;262.010567077695
-23.503065229;-46.184968092;745.0;48570;165.84336192109777;908.7433619210977;Line 83;0;262.010567077695
-23.503100672;-46.18525935;744.9;48540;165.74092624356774;908.6409262435677;Line 83;0;262.010567077695
-23.503136114;-46.185550609;744.7;48510;165.63849056603772;908.5384905660377;Line 83;0;262.010567077695
-23.503171556;-46.185841867;744.4;48480;165.53605488850772;908.4360548885077;Line 83;0;262.010567077695
-23.503206997;-46.186133126;744.4;48450;165.4336192109777;908.3336192109776;Line 83;0;262.010567077695
-23.503242438;-46.186424384;744.3;48420;165.33118353344767;908.2311835334476;Line 83;0;262.010567077695
-23.503277878;-46.186715643;744.2;48390;165.22874785591765;908.1287478559176;Line 83;0;262.010567077695
-23.503313318;-46.187006902;743.7;48360;165.12631217838762;908.0263121783876;Line 83;0;262.010567077695
-23.503348757;-46.187298161;743.2;48330;165.02387650085763;907.9238765008577;Line 83;0;262.010567077695
-23.503384195;-46.18758942;743.6;48300;164.92144082332763;907.8214408233276;Line 83;0;262.010567077695
-23.503419633;-46.18788068;745.4;48270;164.8190051457976;907.7190051457976;Line 83;0;262.010567077695
-23.503455071;-46.188171939;747.2;48240;164.71656946826758;907.6165694682676;Line 83;0;262.010567077695
-23.503490508;-46.188463199;747.4;48210;164.61413379073755;907.5141337907376;Line 83;0;262.010567077695
-23.503525944;-46.188754458;745.9;48180;164.51169811320756;907.4116981132075;Line 83;0;262.010567077695
-23.50356138;-46.189045718;744.5;48150;164.40926243567753;907.3092624356775;Line 83;0;262.010567077695
-23.503596815;-46.189336978;743.8;48120;164.3068267581475;907.2068267581475;Line 83;0;262.010567077695
-23.50363225;-46.189628238;743.4;48090;164.20439108061748;907.1043910806175;Line 83;0;262.010567077695
-23.503667684;-46.189919499;743.1;48060;164.10195540308746;907.0019554030874;Line 83;0;262.010567077695
-23.503703117;-46.190210759;743.4;48030;163.99951972555746;906.8995197255574;Line 83;0;262.010567077695
-23.50373855;-46.19050202;743.9;48000;163.89708404802744;906.7970840480274;Line 83;0;262.010567077695
-23.503773983;-46.19079328;744.4;47970;163.7946483704974;906.6946483704974;Line 83;0;262.010567077695
-23.503809415;-46.191084541;744.0;47940;163.6922126929674;906.5922126929673;Line 83;0;262.010567077695
-23.503844846;-46.191375802;743.3;47910;163.58977701543736;906.4897770154373;Line 83;0;262.010567077695
-23.503880277;-46.191667063;742.7;47880;163.48734133790737;906.3873413379074;Line 83;0;262.010567077695
-23.503915707;-46.191958324;742.8;47850;163.38490566037737;906.2849056603774;Line 83;0;262.010567077695
-23.503951137;-46.192249585;743.0;47820;163.28246998284735;906.1824699828474;Line 83;0;262.010567077695
-23.503986566;-46.192540847;743.3;47790;163.18003430531732;906.0800343053173;Line 83;0;262.010567077695
-23.504021994;-46.192832108;743.6;47760;163.0775986277873;905.9775986277873;Line 83;0;262.010567077695
-23.504057422;-46.19312337;743.9;47730;162.9751629502573;905.8751629502573;Line 83;0;262.010567077695
-23.50409285;-46.193414632;744.3;47700;162.87272727272727;905.7727272727273;Line 83;0;262.010567077695
-23.504128277;-46.193705894;745.1;47670;162.77029159519725;905.6702915951972;Line 83;0;262.010567077695
-23.504163703;-46.193997156;745.6;47640;162.66785591766723;905.5678559176672;Line 83;0;262.010567077695
-23.504199129;-46.194288418;746.3;47610;162.5654202401372;905.4654202401372;Line 83;0;262.010567077695
-23.504234554;-46.19457968;747.2;47580;162.4629845626072;905.3629845626072;Line 83;0;262.010567077695
-23.504269979;-46.194870943;748.0;47550;162.36054888507718;905.2605488850771;Line 83;0;262.010567077695
-23.504305403;-46.195162206;748.3;47520;162.25811320754715;905.1581132075471;Line 83;0;262.010567077695
-23.504340827;-46.195453468;748.2;47490;162.15567753001713;905.0556775300171;Line 83;0;262.010567077695
-23.50437625;-46.195744731;748.0;47460;162.05324185248713;904.953241852487;Line 83;0;262.010567077695
-23.504411673;-46.196035994;748.2;47430;161.95080617495714;904.8508061749571;Line 83;0;262.010567077695
-23.504447095;-46.196327257;748.9;47400;161.8483704974271;904.7483704974271;Line 83;0;262.010567077695
-23.504482516;-46.19661852;749.7;47370;161.7459348198971;904.6459348198971;Line 83;0;262.010567077695
-23.504517937;-46.196909784;755.4;47340;161.64349914236706;904.5434991423671;Line 83;0;262.010567077695
-23.504553357;-46.197201047;762.1;47310;161.54106346483704;904.441063464837;Line 83;0;262.010567077695
-23.504588777;-46.197492311;768.8;47280;161.43862778730704;904.338627787307;Line 83;0;262.010567077695
-23.504624196;-46.197783575;773.5;47250;161.33619210977702;904.236192109777;Line 83;0;262.010567077695
-23.504659615;-46.198074839;778.2;47220;161.233756432247;904.133756432247;Line 83;0;262.010567077695
-23.504695033;-46.198366103;781.9;47190;161.13132075471697;904.031320754717;Line 83;0;262.010567077695
-23.504730451;-46.198657367;777.5;47160;161.02888507718694;903.9288850771869;Line 83;0;262.010567077695
-23.504765868;-46.198948631;773.2;47130;160.92644939965695;903.8264493996569;Line 83;0;262.010567077695
-23.504801284;-46.199239896;769.1;47100;160.82401372212692;903.7240137221269;Line 83;0;262.010567077695
-23.5048367;-46.19953116;765.7;47070;160.7215780445969;903.6215780445968;Line 83;0;262.010567077695
-23.504872115;-46.199822425;762.3;47040;160.61914236706687;903.5191423670668;Line 83;0;262.010567077695
-23.50490753;-46.20011369;760.8;47010;160.51670668953687;903.4167066895368;Line 83;0;262.010567077695
-23.504942944;-46.200404955;762.6;46980;160.41427101200688;903.3142710120069;Line 83;0;262.010567077695
-23.504978358;-46.20069622;764.2;46950;160.31183533447685;903.2118353344769;Line 83;0;262.010567077695
-23.505013771;-46.200987485;767.6;46920;160.20939965694683;903.1093996569468;Line 83;0;262.010567077695
-23.505049184;-46.20127875;772.5;46890;160.1069639794168;903.0069639794168;Line 83;0;262.010567077695
-23.505084596;-46.201570016;777.2;46860;160.00452830188678;902.9045283018868;Line 83;0;262.010567077695
-23.505120007;-46.201861281;782.3;46830;159.90209262435678;902.8020926243568;Line 83;0;262.010567077695
-23.505155418;-46.202152547;787.6;46800;159.79965694682676;902.6996569468267;Line 83;0;262.010567077695
-23.505190829;-46.202443813;792.9;46770;159.69722126929673;902.5972212692967;Line 83;0;262.010567077695
-23.505226239;-46.202735079;798.0;46740;159.5947855917667;902.4947855917667;Line 83;0;262.010567077695
-23.505261648;-46.203026345;802.9;46710;159.49234991423668;902.3923499142367;Line 83;0;262.010567077695
-23.505297057;-46.203317611;807.6;46680;159.3899142367067;902.2899142367066;Line 83;0;262.010567077695
-23.505332465;-46.203608877;808.9;46650;159.28747855917666;902.1874785591766;Line 83;0;262.010567077695
-23.505367872;-46.203900144;810.0;46620;159.18504288164664;902.0850428816466;Line 83;0;262.010567077695
-23.50540328;-46.204191411;810.3;46590;159.08260720411664;901.9826072041167;Line 83;0;262.010567077695
-23.505438686;-46.204482677;803.8;46560;158.98017152658662;901.8801715265865;Line 83;0;262.010567077695
-23.505474092;-46.204773944;797.4;46530;158.87773584905662;901.7777358490566;Line 83;0;262.010567077695
-23.505509498;-46.205065211;791.0;46500;158.7753001715266;901.6753001715266;Line 83;0;262.010567077695
-23.505544902;-46.205356478;784.1;46470;158.67286449399657;901.5728644939966;Line 83;0;262.010567077695
-23.505580307;-46.205647746;777.3;46440;158.57042881646655;901.4704288164666;Line 83;0;262.010567077695
-23.505615711;-46.205939013;771.6;46410;158.46799313893652;901.3679931389365;Line 83;0;262.010567077695
-23.505651114;-46.206230281;767.5;46380;158.36555746140652;901.2655574614065;Line 83;0;262.010567077695
-23.505686516;-46.206521548;763.3;46350;158.2631217838765;901.1631217838765;Line 83;0;262.010567077695
-23.505721919;-46.206812816;759.9;46320;158.16068610634647;901.0606861063465;Line 83;0;262.010567077695
-23.50575732;-46.207104084;757.5;46290;158.05825042881645;900.9582504288164;Line 83;0;262.010567077695
-23.505792721;-46.207395352;755.1;46260;157.95581475128643;900.8558147512864;Line 83;0;262.010567077695
-23.505828122;-46.20768662;753.0;46230;157.85337907375643;900.7533790737564;Line 83;0;262.010567077695
-23.505863522;-46.207977889;751.2;46200;157.7509433962264;900.6509433962264;Line 83;0;262.010567077695
-23.505898921;-46.208269157;749.8;46170;157.64850771869638;900.5485077186963;Line 83;0;262.010567077695
-23.50593432;-46.208560426;750.4;46140;157.54607204116638;900.4460720411664;Line 83;0;262.010567077695
-23.505969718;-46.208851694;751.5;46110;157.44363636363636;900.3436363636363;Line 83;0;262.010567077695
-23.506005116;-46.209142963;752.8;46080;157.34120068610636;900.2412006861064;Line 83;0;262.010567077695
-23.506040513;-46.209434232;754.0;46050;157.23876500857634;900.1387650085763;Line 83;0;262.010567077695
-23.50607591;-46.209725501;755.4;46020;157.1363293310463;900.0363293310463;Line 83;0;262.010567077695
-23.506111306;-46.21001677;756.7;45990;157.0338936535163;899.9338936535163;Line 83;0;262.010567077695
-23.506146701;-46.21030804;757.9;45960;156.93145797598626;899.8314579759863;Line 83;0;262.010567077695
-23.506182096;-46.210599309;759.0;45930;156.82902229845627;899.7290222984562;Line 83;0;262.010567077695
-23.50621749;-46.210890579;760.5;45900;156.72658662092624;899.6265866209262;Line 83;0;262.010567077695
-23.506252884;-46.211181849;763.3;45870;156.62415094339622;899.5241509433962;Line 83;0;262.010567077695
-23.506288278;-46.211473118;766.1;45840;156.5217152658662;899.4217152658662;Line 83;0;262.010567077695
-23.50632367;-46.211764388;770.7;45810;156.41927958833617;899.3192795883361;Line 83;0;262.010567077695
-23.506359063;-46.212055659;778.7;45780;156.31684391080617;899.2168439108061;Line 83;0;262.010567077695
-23.506394454;-46.212346929;786.6;45750;156.21440823327615;899.1144082332761;Line 83;0;262.010567077695
-23.506429845;-46.212638199;791.3;45720;156.11197255574615;899.0119725557461;Line 83;0;262.010567077695
-23.506465236;-46.21292947;792.5;45690;156.00953687821612;898.9095368782162;Line 83;0;262.010567077695
-23.506500626;-46.21322074;793.4;45660;155.9071012006861;898.807101200686;Line 83;0;262.010567077695
-23.506536015;-46.213512011;793.8;45630;155.8046655231561;898.7046655231561;Line 83;0;262.010567077695
-23.506571404;-46.213803282;793.9;45600;155.70222984562608;898.6022298456261;Line 83;0;262.010567077695
-23.506606793;-46.214094553;794.0;45570;155.59979416809605;898.4997941680961;Line 83;0;262.010567077695
-23.50664218;-46.214385824;791.2;45540;155.49735849056603;898.397358490566;Line 83;0;262.010567077695
-23.506677568;-46.214677096;787.2;45510;155.394922813036;898.294922813036;Line 83;0;262.010567077695
-23.506712954;-46.214968367;783.0;45480;155.292487135506;898.192487135506;Line 83;0;262.010567077695
-23.50674834;-46.215259639;779.7;45450;155.19005145797598;898.090051457976;Line 83;0;262.010567077695
-23.506783726;-46.21555091;776.4;45420;155.08761578044596;897.9876157804459;Line 83;0;262.010567077695
-23.506819111;-46.215842182;773.2;45390;154.98518010291593;897.8851801029159;Line 83;0;262.010567077695
-23.506854496;-46.216133454;774.2;45360;154.8827444253859;897.7827444253859;Line 83;0;262.010567077695
-23.506889879;-46.216424726;775.2;45330;154.7803087478559;897.6803087478559;Line 83;0;262.010567077695
-23.506925263;-46.216715998;776.8;45300;154.6778730703259;897.5778730703258;Line 83;0;262.010567077695
-23.506960646;-46.217007271;781.8;45270;154.5754373927959;897.4754373927958;Line 83;0;262.010567077695
-23.506996028;-46.217298543;786.5;45240;154.47300171526587;897.3730017152659;Line 83;0;262.010567077695
-23.50703141;-46.217589816;789.0;45210;154.37056603773584;897.2705660377358;Line 83;0;262.010567077695
-23.507066791;-46.217881088;787.3;45180;154.26813036020584;897.1681303602059;Line 83;0;262.010567077695
-23.507102172;-46.218172361;785.5;45150;154.16569468267582;897.0656946826758;Line 83;0;262.010567077695
-23.507137552;-46.218463634;784.8;45120;154.0632590051458;896.9632590051458;Line 83;0;262.010567077695
-23.507172931;-46.218754907;785.6;45090;153.96082332761577;896.8608233276158;Line 83;0;262.010567077695
-23.50720831;-46.219046181;786.8;45060;153.85838765008575;896.7583876500858;Line 83;0;262.010567077695
-23.507243688;-46.219337454;791.0;45030;153.75595197255575;896.6559519725557;Line 83;0;262.010567077695
-23.507279066;-46.219628727;797.5;45000;153.65351629502572;896.5535162950257;Line 83;0;262.010567077695
-23.507314444;-46.219920001;804.3;44970;153.5510806174957;896.4510806174957;Line 83;0;262.010567077695
-23.50734982;-46.220211275;807.8;44940;153.44864493996567;896.3486449399657;Line 83;0;262.010567077695
-23.507385197;-46.220502549;810.3;44910;153.34620926243565;896.2462092624356;Line 83;0;262.010567077695
-23.507420572;-46.220793823;813.3;44880;153.24377358490565;896.1437735849056;Line 83;0;262.010567077695
-23.507455947;-46.221085097;810.3;44850;153.14133790737566;896.0413379073757;Line 83;0;262.010567077695
-23.507491322;-46.221376371;806.4;44820;153.03890222984563;895.9389022298456;Line 83;0;262.010567077695
-23.507526696;-46.221667646;802.3;44790;152.9364665523156;895.8364665523156;Line 83;0;262.010567077695
-23.507562069;-46.22195892;796.4;44760;152.83403087478558;895.7340308747855;Line 83;0;262.010567077695
-23.507597442;-46.222250195;790.6;44730;152.7315951972556;895.6315951972556;Line 83;0;262.010567077695
-23.507632815;-46.22254147;784.7;44700;152.62915951972556;895.5291595197256;Line 83;0;262.010567077695
-23.507668186;-46.222832744;778.8;44670;152.52672384219554;895.4267238421955;Line 83;0;262.010567077695
-23.507703558;-46.22312402;773.0;44640;152.4242881646655;895.3242881646655;Line 83;0;262.010567077695
-23.507738928;-46.223415295;768.0;44610;152.3218524871355;895.2218524871355;Line 83;0;262.010567077695
-23.507774299;-46.22370657;765.3;44580;152.2194168096055;895.1194168096055;Line 83;0;262.010567077695
-23.507809668;-46.223997845;762.3;44550;152.11698113207547;895.0169811320754;Line 83;0;262.010567077695
-23.507845037;-46.224289121;760.4;44520;152.01454545454544;894.9145454545454;Line 83;0;262.010567077695
-23.507880406;-46.224580397;760.3;44490;151.91210977701542;894.8121097770154;Line 83;0;262.010567077695
-23.507915774;-46.224871673;760.1;44460;151.8096740994854;894.7096740994854;Line 83;0;262.010567077695
-23.507951141;-46.225162949;761.8;44430;151.7072384219554;894.6072384219553;Line 83;0;262.010567077695
-23.507986508;-46.225454225;765.0;44400;151.6048027444254;894.5048027444254;Line 83;0;262.010567077695
-23.508021874;-46.225745501;767.9;44370;151.50236706689537;894.4023670668953;Line 83;0;262.010567077695
-23.50805724;-46.226036777;774.5;44340;151.39993138936535;894.2999313893654;Line 83;0;262.010567077695
-23.508092605;-46.226328054;782.6;44310;151.29749571183532;894.1974957118352;Line 83;0;262.010567077695
-23.50812797;-46.22661933;790.5;44280;151.19506003430533;894.0950600343053;Line 83;0;262.010567077695
-23.508163334;-46.226910607;796.2;44250;151.0926243567753;893.9926243567753;Line 83;0;262.010567077695
-23.508198697;-46.227201884;801.3;44220;150.99018867924528;893.8901886792453;Line 83;0;262.010567077695
-23.50823406;-46.227493161;806.2;44190;150.88775300171525;893.7877530017153;Line 83;0;262.010567077695
-23.508269423;-46.227784438;804.6;44160;150.78531732418523;893.6853173241852;Line 83;0;262.010567077695
-23.508304785;-46.228075715;803.1;44130;150.68288164665523;893.5828816466552;Line 83;0;262.010567077695
-23.508340146;-46.228366993;800.8;44100;150.5804459691252;893.4804459691252;Line 83;0;262.010567077695
-23.508375507;-46.22865827;791.8;44070;150.47801029159518;893.3780102915952;Line 83;0;262.010567077695
-23.508410867;-46.228949548;783.1;44040;150.37557461406516;893.2755746140651;Line 83;0;262.010567077695
-23.508446226;-46.229240826;775.0;44010;150.27313893653513;893.1731389365351;Line 83;0;262.010567077695
-23.508481586;-46.229532103;768.0;43980;150.17070325900514;893.0707032590051;Line 83;0;262.010567077695
-23.508516944;-46.229823381;761.5;43950;150.06826758147514;892.9682675814752;Line 83;0;262.010567077695
-23.508552302;-46.23011466;758.8;43920;149.96583190394512;892.865831903945;Line 83;0;262.010567077695
-23.50858766;-46.230405938;761.4;43890;149.8633962264151;892.7633962264151;Line 83;0;262.010567077695
-23.508623017;-46.230697216;764.1;43860;149.76096054888507;892.660960548885;Line 83;0;262.010567077695
-23.508658373;-46.230988495;767.1;43830;149.65852487135507;892.5585248713551;Line 83;0;262.010567077695
-23.508693729;-46.231279773;770.2;43800;149.55608919382504;892.456089193825;Line 83;0;262.010567077695
-23.508729084;-46.231571052;773.2;43770;149.45365351629502;892.353653516295;Line 83;0;262.010567077695
-23.508764439;-46.231862331;774.8;43740;149.351217838765;892.251217838765;Line 83;0;262.010567077695
-23.508799793;-46.23215361;775.7;43710;149.24878216123497;892.148782161235;Line 83;0;262.010567077695
-23.508835146;-46.232444889;776.5;43680;149.14634648370497;892.046346483705;Line 83;0;262.010567077695
-23.508870499;-46.232736169;779.6;43650;149.04391080617495;891.9439108061749;Line 83;0;262.010567077695
-23.508905852;-46.233027448;782.7;43620;148.94147512864492;891.8414751286449;Line 83;0;262.010567077695
-23.508941204;-46.233318728;785.2;43590;148.8390394511149;891.7390394511149;Line 83;0;262.010567077695
-23.508976555;-46.233610008;783.0;43560;148.7366037735849;891.6366037735849;Line 83;0;262.010567077695
-23.509011906;-46.233901287;780.4;43530;148.6341680960549;891.5341680960548;Line 83;0;262.010567077695
-23.509047256;-46.234192567;777.8;43500;148.53173241852488;891.4317324185249;Line 83;0;262.010567077695
-23.509082606;-46.234483847;778.7;43470;148.42929674099486;891.3292967409948;Line 83;0;262.010567077695
-23.509117955;-46.234775128;780.5;43440;148.32686106346483;891.2268610634649;Line 83;0;262.010567077695
-23.509153304;-46.235066408;784.7;43410;148.2244253859348;891.1244253859347;Line 83;0;262.010567077695
-23.509188652;-46.235357688;795.1;43380;148.1219897084048;891.0219897084048;Line 83;0;262.010567077695
-23.509224;-46.235648969;805.5;43350;148.0195540308748;890.9195540308748;Line 83;0;262.010567077695
-23.509259347;-46.23594025;815.1;43320;147.91711835334476;890.8171183533448;Line 83;0;262.010567077695
-23.509294693;-46.236231531;823.2;43290;147.81468267581474;890.7146826758147;Line 83;0;262.010567077695
-23.509330039;-46.236522812;831.2;43260;147.7122469982847;890.6122469982847;Line 83;0;262.010567077695
-23.509365384;-46.236814093;836.8;43230;147.60981132075472;890.5098113207547;Line 83;0;262.010567077695
-23.509400729;-46.237105374;840.2;43200;147.5073756432247;890.4073756432247;Line 83;0;262.010567077695
-23.509436073;-46.237396655;843.9;43170;147.40493996569467;890.3049399656946;Line 83;0;262.010567077695
-23.509471417;-46.237687937;847.0;43140;147.30250428816464;890.2025042881646;Line 83;0;262.010567077695
-23.50950676;-46.237979219;849.9;43110;147.20006861063464;890.1000686106346;Line 83;0;262.010567077695
-23.509542102;-46.2382705;853.2;43080;147.09763293310465;889.9976329331046;Line 83;0;262.010567077695
-23.509577444;-46.238561782;857.6;43050;146.99519725557462;889.8951972555747;Line 83;0;262.010567077695
-23.509612786;-46.238853064;862.2;43020;146.8927615780446;889.7927615780445;Line 83;0;262.010567077695
-23.509648127;-46.239144346;866.8;42990;146.79032590051457;889.6903259005146;Line 83;0;262.010567077695
-23.509683467;-46.239435629;875.0;42960;146.68789022298455;889.5878902229845;Line 83;0;262.010567077695
-23.509718807;-46.239726911;883.3;42930;146.58545454545455;889.4854545454546;Line 83;0;262.010567077695
-23.509754146;-46.240018194;890.8;42900;146.48301886792453;889.3830188679245;Line 83;1;262.010567077695
-23.509789485;-46.240309476;888.5;42870;146.3805831903945;889.2805831903945;Line 83;0;262.010567077695
-23.509824823;-46.240600759;886.0;42840;146.27814751286448;889.1781475128645;Line 83;0;262.010567077695
-23.509860161;-46.240892042;882.1;42810;146.17571183533445;889.0757118353345;Line 83;0;262.010567077695
-23.509895498;-46.241183325;873.6;42780;146.07327615780446;888.9732761578044;Line 83;0;262.010567077695
-23.509930834;-46.241474608;865.2;42750;145.97084048027443;888.8708404802744;Line 83;0;262.010567077695
-23.50996617;-46.241765892;860.9;42720;145.8684048027444;888.7684048027444;Line 83;0;262.010567077695
-23.510001506;-46.242057175;864.2;42690;145.7659691252144;888.6659691252144;Line 83;0;262.010567077695
-23.51003684;-46.242348459;866.8;42660;145.6635334476844;888.5635334476843;Line 83;0;262.010567077695
-23.510072175;-46.242639742;872.7;42630;145.5610977701544;888.4610977701543;Line 83;0;262.010567077695
-23.510107508;-46.242931026;882.0;42600;145.45866209262437;888.3586620926244;Line 83;0;262.010567077695
-23.510142842;-46.24322231;890.7;42570;145.35622641509434;888.2562264150943;Line 83;1;262.010567077695
-23.510178174;-46.243513594;893.6;42540;145.25379073756432;888.1537907375643;Line 83;1;262.010567077695
-23.510213506;-46.243804878;893.4;42510;145.1513550600343;888.0513550600342;Line 83;1;262.010567077695
-23.510248838;-46.244096163;893.6;42480;145.0489193825043;887.9489193825043;Line 83;1;262.010567077695
-23.510284169;-46.244387447;894.7;42450;144.94648370497427;887.8464837049743;Line 83;1;262.010567077695
-23.510319499;-46.244678732;896.0;42420;144.84404802744425;887.7440480274443;Line 83;1;262.010567077695
-23.510354829;-46.244970016;897.5;42390;144.74161234991422;887.6416123499142;Line 83;1;262.010567077695
-23.510390158;-46.245261301;902.7;42360;144.6391766723842;887.5391766723842;Line 83;1;262.010567077695
-23.510425487;-46.245552586;908.4;42330;144.5367409948542;887.4367409948542;Line 83;1;262.010567077695
-23.510460815;-46.245843871;914.0;42300;144.43430531732417;887.3343053173242;Line 83;1;262.010567077695
-23.510496143;-46.246135157;914.9;42270;144.33186963979415;887.2318696397941;Line 83;1;262.010567077695
-23.51053147;-46.246426442;915.8;42240;144.22943396226415;887.1294339622641;Line 83;1;262.010567077695
-23.510566797;-46.246717728;915.9;42210;144.12699828473413;887.0269982847341;Line 83;1;262.010567077695
-23.510602123;-46.247009013;912.2;42180;144.02456260720413;886.924562607204;Line 83;1;262.010567077695
-23.510637448;-46.247300299;908.4;42150;143.9221269296741;886.8221269296741;Line 83;1;262.010567077695
-23.510672773;-46.247591585;904.7;42120;143.81969125214408;886.719691252144;Line 83;1;262.010567077695
-23.510708098;-46.247882871;901.4;42090;143.71725557461406;886.6172555746141;Line 83;1;262.010567077695
-23.510743421;-46.248174157;897.8;42060;143.61481989708403;886.514819897084;Line 83;1;262.010567077695
-23.510778745;-46.248465443;895.5;42030;143.51238421955404;886.412384219554;Line 83;1;262.010567077695
-23.510814067;-46.24875673;895.2;42000;143.409948542024;886.309948542024;Line 83;1;262.010567077695
-23.510849389;-46.249048016;894.9;41970;143.307512864494;886.207512864494;Line 83;1;262.010567077695
-23.510884711;-46.249339303;894.7;41940;143.20507718696396;886.105077186964;Line 83;1;262.010567077695
-23.510920032;-46.24963059;894.6;41910;143.10264150943394;886.0026415094339;Line 83;1;262.010567077695
-23.510955353;-46.249921877;894.8;41880;143.00020583190394;885.9002058319039;Line 83;1;262.010567077695
-23.510990673;-46.250213164;892.2;41850;142.89777015437392;885.7977701543739;Line 83;1;262.010567077695
-23.511025992;-46.250504451;888.8;41820;142.79533447684392;885.6953344768439;Line 83;1;262.010567077695
-23.511061311;-46.250795738;885.6;41790;142.6928987993139;885.5928987993138;Line 83;1;262.010567077695
-23.511096629;-46.251087026;878.1;41760;142.59046312178387;885.4904631217838;Line 83;0;262.010567077695
-23.511131947;-46.251378313;870.1;41730;142.48802744425387;885.3880274442538;Line 83;0;262.010567077695
-23.511167264;-46.251669601;862.3;41700;142.38559176672385;885.2855917667239;Line 83;0;262.010567077695
-23.511202581;-46.251960889;850.7;41670;142.28315608919382;885.1831560891937;Line 83;0;262.010567077695
-23.511237897;-46.252252177;839.4;41640;142.1807204116638;885.0807204116638;Line 83;0;262.010567077695
-23.511273212;-46.252543465;829.5;41610;142.07828473413377;884.9782847341337;Line 83;0;262.010567077695
-23.511308527;-46.252834753;825.8;41580;141.97584905660378;884.8758490566038;Line 83;0;262.010567077695
-23.511343842;-46.253126041;822.7;41550;141.87341337907375;884.7734133790738;Line 83;0;262.010567077695
-23.511379155;-46.25341733;821.9;41520;141.77097770154373;884.6709777015437;Line 83;0;262.010567077695
-23.511414469;-46.253708618;825.4;41490;141.6685420240137;884.5685420240137;Line 83;0;262.010567077695
-23.511449782;-46.253999907;828.8;41460;141.56610634648368;884.4661063464837;Line 83;0;262.010567077695
-23.511485094;-46.254291196;834.0;41430;141.46367066895368;884.3636706689537;Line 83;0;262.010567077695
-23.511520405;-46.254582485;841.7;41400;141.36123499142366;884.2612349914236;Line 83;0;262.010567077695
-23.511555717;-46.254873774;849.2;41370;141.25879931389366;884.1587993138936;Line 83;0;262.010567077695
-23.511591027;-46.255165063;855.0;41340;141.15636363636364;884.0563636363636;Line 83;0;262.010567077695
-23.511626337;-46.255456352;859.5;41310;141.0539279588336;883.9539279588336;Line 83;0;262.010567077695
-23.511661647;-46.255747642;863.8;41280;140.95149228130362;883.8514922813035;Line 83;0;262.010567077695
-23.511696956;-46.256038932;865.7;41250;140.8490566037736;883.7490566037736;Line 83;0;262.010567077695
-23.511732264;-46.256330221;866.9;41220;140.74662092624357;883.6466209262435;Line 83;0;262.010567077695
-23.511767572;-46.256621511;868.1;41190;140.64418524871354;883.5441852487136;Line 83;0;262.010567077695
-23.511802879;-46.256912801;870.2;41160;140.54174957118352;883.4417495711834;Line 83;0;262.010567077695
-23.511838186;-46.257204091;872.3;41130;140.43931389365352;883.3393138936535;Line 83;0;262.010567077695
-23.511873492;-46.257495382;874.3;41100;140.3368782161235;883.2368782161235;Line 83;0;262.010567077695
-23.511908797;-46.257786672;869.8;41070;140.23444253859347;883.1344425385935;Line 83;0;262.010567077695
-23.511944102;-46.258077962;865.3;41040;140.13200686106345;883.0320068610635;Line 83;0;262.010567077695
-23.511979407;-46.258369253;860.2;41010;140.02957118353342;882.9295711835334;Line 83;0;262.010567077695
-23.512014711;-46.258660544;850.8;40980;139.92713550600342;882.8271355060034;Line 83;0;262.010567077695
-23.512050014;-46.258951835;841.7;40950;139.82469982847343;882.7246998284734;Line 83;0;262.010567077695
-23.512085317;-46.259243126;832.8;40920;139.7222641509434;882.6222641509434;Line 83;0;262.010567077695
-23.512120619;-46.259534417;823.8;40890;139.61982847341338;882.5198284734133;Line 83;0;262.010567077695
-23.512155921;-46.259825708;815.3;40860;139.51739279588338;882.4173927958834;Line 83;0;262.010567077695
-23.512191222;-46.260117;809.0;40830;139.41495711835336;882.3149571183533;Line 83;0;262.010567077695
-23.512226523;-46.260408291;805.4;40800;139.31252144082333;882.2125214408234;Line 83;0;262.010567077695
-23.512261823;-46.260699583;802.1;40770;139.2100857632933;882.1100857632932;Line 83;0;262.010567077695
-23.512297122;-46.260990875;798.2;40740;139.10765008576328;882.0076500857633;Line 83;0;262.010567077695
-23.512332421;-46.261282167;793.7;40710;139.0052144082333;881.9052144082333;Line 83;0;262.010567077695
-23.51236772;-46.261573459;789.1;40680;138.90277873070326;881.8027787307033;Line 83;0;262.010567077695
-23.512403018;-46.261864751;784.9;40650;138.80034305317324;881.7003430531732;Line 83;0;262.010567077695
-23.512438315;-46.262156043;781.1;40620;138.6979073756432;881.5979073756432;Line 83;0;262.010567077695
-23.512473612;-46.262447336;777.5;40590;138.5954716981132;881.4954716981132;Line 83;0;262.010567077695
-23.512508908;-46.262738628;775.1;40560;138.4930360205832;881.3930360205832;Line 83;0;262.010567077695
-23.512544204;-46.263029921;773.2;40530;138.39060034305317;881.2906003430531;Line 83;0;262.010567077695
-23.512579499;-46.263321214;771.1;40500;138.28816466552317;881.1881646655231;Line 83;0;262.010567077695
-23.512614793;-46.263612507;769.0;40470;138.18572898799314;881.0857289879931;Line 83;0;262.010567077695
-23.512650087;-46.2639038;766.8;40440;138.08329331046312;880.9832933104631;Line 83;0;262.010567077695
-23.512685381;-46.264195093;764.5;40410;137.98085763293312;880.8808576329332;Line 83;0;262.010567077695
-23.512720674;-46.264486386;763.3;40380;137.8784219554031;880.778421955403;Line 83;0;262.010567077695
-23.512755966;-46.26477768;761.9;40350;137.77598627787307;880.6759862778731;Line 83;0;262.010567077695
-23.512791258;-46.265068973;760.8;40320;137.67355060034305;880.573550600343;Line 83;0;262.010567077695
-23.512826549;-46.265360267;761.2;40290;137.57111492281302;880.4711149228131;Line 83;0;262.010567077695
-23.51286184;-46.265651561;761.5;40260;137.46867924528303;880.368679245283;Line 83;0;262.010567077695
-23.51289713;-46.265942855;761.3;40230;137.366243567753;880.266243567753;Line 83;0;262.010567077695
-23.51293242;-46.266234149;760.8;40200;137.26380789022298;880.163807890223;Line 83;0;262.010567077695
-23.512967709;-46.266525443;760.2;40170;137.16137221269295;880.061372212693;Line 83;0;262.010567077695
-23.513002997;-46.266816737;758.7;40140;137.05893653516293;879.9589365351629;Line 83;0;262.010567077695
-23.513038285;-46.267108032;756.7;40110;136.95650085763293;879.8565008576329;Line 83;0;262.010567077695
-23.513073572;-46.267399327;755.0;40080;136.8540651801029;879.7540651801029;Line 83;0;262.010567077695
-23.513108859;-46.267690621;754.6;40050;136.7516295025729;879.6516295025729;Line 83;0;262.010567077695
-23.513144145;-46.267981916;755.1;40020;136.6491938250429;879.5491938250428;Line 83;0;262.010567077695
-23.513179431;-46.268273211;755.9;39990;136.54675814751286;879.4467581475128;Line 83;0;262.010567077695
-23.513214716;-46.268564506;755.0;39960;136.44432246998286;879.3443224699829;Line 83;0;262.010567077695
-23.513250001;-46.268855802;753.3;39930;136.34188679245284;879.2418867924528;Line 83;0;262.010567077695
-23.513285285;-46.269147097;751.4;39900;136.23945111492282;879.1394511149228;Line 83;0;262.010567077695
-23.513320569;-46.269438392;752.0;39870;136.1370154373928;879.0370154373927;Line 83;0;262.010567077695
-23.513355852;-46.269729688;753.3;39840;136.03457975986277;878.9345797598628;Line 83;0;262.010567077695
-23.513391134;-46.270020984;754.6;39810;135.93214408233277;878.8321440823328;Line 83;0;262.010567077695
-23.513426416;-46.27031228;755.1;39780;135.82970840480274;878.7297084048028;Line 83;0;262.010567077695
-23.513461697;-46.270603576;755.6;39750;135.72727272727272;878.6272727272727;Line 83;0;262.010567077695
-23.513496978;-46.270894872;755.6;39720;135.6248370497427;878.5248370497427;Line 83;0;262.010567077695
-23.513532258;-46.271186168;754.3;39690;135.52240137221267;878.4224013722127;Line 83;0;262.010567077695
-23.513567538;-46.271477465;753.0;39660;135.41996569468267;878.3199656946827;Line 83;0;262.010567077695
-23.513602817;-46.271768761;751.8;39630;135.31753001715268;878.2175300171526;Line 83;0;262.010567077695
-23.513638095;-46.272060058;750.8;39600;135.21509433962265;878.1150943396226;Line 83;0;262.010567077695
-23.513673373;-46.272351355;749.9;39570;135.11265866209263;878.0126586620926;Line 83;0;262.010567077695
-23.513708651;-46.272642652;749.4;39540;135.0102229845626;877.9102229845626;Line 83;0;262.010567077695
-23.513743928;-46.272933949;749.2;39510;134.9077873070326;877.8077873070326;Line 83;0;262.010567077695
-23.513779204;-46.273225246;748.9;39480;134.80535162950258;877.7053516295025;Line 83;0;262.010567077695
-23.51381448;-46.273516543;748.3;39450;134.70291595197256;877.6029159519726;Line 83;0;262.010567077695
-23.513849755;-46.27380784;747.2;39420;134.60048027444253;877.5004802744425;Line 83;0;262.010567077695
-23.51388503;-46.274099138;746.0;39390;134.4980445969125;877.3980445969125;Line 83;0;262.010567077695
-23.513920304;-46.274390436;746.4;39360;134.3956089193825;877.2956089193825;Line 83;0;262.010567077695
-23.513955578;-46.274681734;747.2;39330;134.2931732418525;877.1931732418525;Line 83;0;262.010567077695
-23.513990851;-46.274973031;747.6;39300;134.19073756432246;877.0907375643225;Line 83;0;262.010567077695
-23.514026123;-46.27526433;749.9;39270;134.08830188679244;876.9883018867924;Line 83;0;262.010567077695
-23.514061395;-46.275555628;752.4;39240;133.9858662092624;876.8858662092624;Line 83;0;262.010567077695
-23.514096666;-46.275846926;755.1;39210;133.88343053173242;876.7834305317324;Line 83;0;262.010567077695
-23.514131937;-46.276138225;761.9;39180;133.78099485420242;876.6809948542024;Line 83;0;262.010567077695
-23.514167207;-46.276429523;769.0;39150;133.6785591766724;876.5785591766723;Line 83;0;262.010567077695
-23.514202477;-46.276720822;775.7;39120;133.57612349914237;876.4761234991423;Line 83;0;262.010567077695
-23.514237746;-46.277012121;778.9;39090;133.47368782161234;876.3736878216123;Line 83;0;262.010567077695
-23.514273015;-46.27730342;782.1;39060;133.37125214408235;876.2712521440824;Line 83;0;262.010567077695
-23.514308283;-46.277594719;783.3;39030;133.26881646655232;876.1688164665522;Line 83;0;262.010567077695
-23.51434355;-46.277886018;779.5;39000;133.1663807890223;876.0663807890223;Line 83;0;262.010567077695
-23.514378817;-46.278177317;775.3;38970;133.06394511149227;875.9639451114922;Line 83;0;262.010567077695
-23.514414084;-46.278468617;769.1;38940;132.96150943396225;875.8615094339623;Line 83;0;262.010567077695
-23.51444935;-46.278759916;760.9;38910;132.85907375643225;875.7590737564323;Line 83;0;262.010567077695
-23.514484615;-46.279051216;752.7;38880;132.75663807890223;875.6566380789022;Line 83;0;262.010567077695
-23.51451988;-46.279342516;749.9;38850;132.6542024013722;875.5542024013722;Line 83;0;262.010567077695
-23.514555144;-46.279633816;751.0;38820;132.55176672384218;875.4517667238422;Line 83;0;262.010567077695
-23.514590408;-46.279925116;752.2;38790;132.44933104631218;875.3493310463122;Line 83;0;262.010567077695
-23.514625671;-46.280216416;756.2;38760;132.34689536878219;875.2468953687821;Line 83;0;262.010567077695
-23.514660933;-46.280507717;761.1;38730;132.24445969125216;875.1444596912521;Line 83;0;262.010567077695
-23.514696195;-46.280799017;766.0;38700;132.14202401372214;875.0420240137221;Line 83;0;262.010567077695
-23.514731457;-46.281090318;768.2;38670;132.0395883361921;874.9395883361921;Line 83;0;262.010567077695
-23.514766718;-46.281381619;769.9;38640;131.9371526586621;874.837152658662;Line 83;0;262.010567077695
-23.514801978;-46.281672919;771.1;38610;131.8347169811321;874.7347169811321;Line 83;0;262.010567077695
-23.514837238;-46.28196422;767.8;38580;131.73228130360206;874.632281303602;Line 83;0;262.010567077695
-23.514872497;-46.282255522;764.2;38550;131.62984562607204;874.5298456260721;Line 83;0;262.010567077695
-23.514907756;-46.282546823;760.8;38520;131.52740994854202;874.4274099485419;Line 83;0;262.010567077695
-23.514943014;-46.282838124;760.6;38490;131.424974271012;874.324974271012;Line 83;0;262.010567077695
-23.514978271;-46.283129426;760.7;38460;131.322538593482;874.222538593482;Line 83;0;262.010567077695
-23.515013528;-46.283420727;762.0;38430;131.22010291595197;874.120102915952;Line 83;0;262.010567077695
-23.515048785;-46.283712029;765.4;38400;131.11766723842194;874.017667238422;Line 83;0;262.010567077695
-23.515084041;-46.284003331;768.8;38370;131.01523156089192;873.9152315608919;Line 83;0;262.010567077695
-23.515119296;-46.284294633;771.9;38340;130.91279588336192;873.8127958833619;Line 83;0;262.010567077695
-23.515154551;-46.284585935;774.4;38310;130.81036020583193;873.7103602058319;Line 83;0;262.010567077695
-23.515189805;-46.284877238;776.6;38280;130.7079245283019;873.6079245283019;Line 83;0;262.010567077695
-23.515225059;-46.28516854;776.8;38250;130.60548885077188;873.5054888507718;Line 83;0;262.010567077695
-23.515260312;-46.285459843;775.4;38220;130.50305317324185;873.4030531732418;Line 83;0;262.010567077695
-23.515295565;-46.285751145;773.8;38190;130.40061749571183;873.3006174957118;Line 83;0;262.010567077695
-23.515330817;-46.286042448;772.1;38160;130.29818181818183;873.1981818181819;Line 83;0;262.010567077695
-23.515366068;-46.286333751;770.5;38130;130.1957461406518;873.0957461406517;Line 83;0;262.010567077695
-23.515401319;-46.286625054;768.8;38100;130.09331046312178;872.9933104631218;Line 83;0;262.010567077695
-23.515436569;-46.286916357;770.7;38070;129.99087478559176;872.8908747855917;Line 83;0;262.010567077695
-23.515471819;-46.28720766;773.2;38040;129.88843910806173;872.7884391080618;Line 83;0;262.010567077695
-23.515507069;-46.287498964;775.7;38010;129.78600343053174;872.6860034305317;Line 83;0;262.010567077695
-23.515542317;-46.287790267;776.2;37980;129.6835677530017;872.5835677530017;Line 83;0;262.010567077695
-23.515577566;-46.288081571;776.5;37950;129.5811320754717;872.4811320754717;Line 83;0;262.010567077695
-23.515612813;-46.288372875;776.6;37920;129.4786963979417;872.3786963979417;Line 83;0;262.010567077695
-23.51564806;-46.288664179;775.9;37890;129.37626072041166;872.2762607204116;Line 83;0;262.010567077695
-23.515683307;-46.288955483;775.2;37860;129.27382504288167;872.1738250428816;Line 83;0;262.010567077695
-23.515718553;-46.289246787;775.2;37830;129.17138936535164;872.0713893653516;Line 83;0;262.010567077695
-23.515753798;-46.289538091;777.1;37800;129.06895368782162;871.9689536878216;Line 83;0;262.010567077695
-23.515789043;-46.289829396;779.1;37770;128.9665180102916;871.8665180102915;Line 83;0;262.010567077695
-23.515824287;-46.290120701;782.3;37740;128.86408233276157;871.7640823327615;Line 83;0;262.010567077695
-23.515859531;-46.290412005;787.3;37710;128.76164665523157;871.6616466552316;Line 83;0;262.010567077695
-23.515894774;-46.29070331;792.2;37680;128.65921097770155;871.5592109777015;Line 83;0;262.010567077695
-23.515930017;-46.290994615;794.5;37650;128.55677530017152;871.4567753001716;Line 83;0;262.010567077695
-23.515965259;-46.29128592;795.0;37620;128.4543396226415;871.3543396226414;Line 83;0;262.010567077695
-23.516000501;-46.291577225;795.6;37590;128.35190394511147;871.2519039451115;Line 83;0;262.010567077695
-23.516035742;-46.291868531;794.6;37560;128.24946826758148;871.1494682675815;Line 83;0;262.010567077695
-23.516070982;-46.292159836;793.1;37530;128.14703259005145;871.0470325900515;Line 83;0;262.010567077695
-23.516106222;-46.292451142;791.9;37500;128.04459691252143;870.9445969125214;Line 83;0;262.010567077695
-23.516141461;-46.292742447;793.1;37470;127.94216123499142;870.8421612349914;Line 83;0;262.010567077695
-23.5161767;-46.293033753;794.7;37440;127.83972555746139;870.7397255574614;Line 83;0;262.010567077695
-23.516211938;-46.293325059;796.0;37410;127.7372898799314;870.6372898799314;Line 83;0;262.010567077695
-23.516247176;-46.293616365;793.8;37380;127.63485420240137;870.5348542024013;Line 83;0;262.010567077695
-23.516282413;-46.293907672;791.4;37350;127.53241852487136;870.4324185248713;Line 83;0;262.010567077695
-23.51631765;-46.294198978;788.7;37320;127.42998284734134;870.3299828473413;Line 83;0;262.010567077695
-23.516352886;-46.294490284;784.9;37290;127.32754716981131;870.2275471698113;Line 83;0;262.010567077695
-23.516388121;-46.294781591;780.8;37260;127.22511149228131;870.1251114922813;Line 83;0;262.010567077695
-23.516423356;-46.295072898;777.6;37230;127.12267581475129;870.0226758147512;Line 83;0;262.010567077695
-23.516458591;-46.295364205;777.5;37200;127.02024013722126;869.9202401372213;Line 83;0;262.010567077695
-23.516493825;-46.295655512;777.4;37170;126.91780445969124;869.8178044596912;Line 83;0;262.010567077695
-23.516529058;-46.295946819;777.4;37140;126.81536878216123;869.7153687821612;Line 83;0;262.010567077695
-23.516564291;-46.296238126;777.6;37110;126.71293310463123;869.6129331046312;Line 83;0;262.010567077695
-23.516599523;-46.296529433;778.1;37080;126.61049742710121;869.5104974271012;Line 83;0;262.010567077695
-23.516634754;-46.296820741;777.3;37050;126.50806174957118;869.4080617495712;Line 83;0;262.010567077695
-23.516669985;-46.297112049;775.3;37020;126.40562607204116;869.3056260720412;Line 83;0;262.010567077695
-23.516705216;-46.297403356;773.3;36990;126.30319039451113;869.2031903945111;Line 83;0;262.010567077695
-23.516740446;-46.297694664;769.8;36960;126.20075471698114;869.1007547169811;Line 83;0;262.010567077695
-23.516775675;-46.297985972;765.3;36930;126.09831903945113;868.9983190394511;Line 83;0;262.010567077695
-23.516810904;-46.29827728;760.6;36900;125.9958833619211;868.895883361921;Line 83;0;262.010567077695
-23.516846133;-46.298568589;754.4;36870;125.89344768439108;868.793447684391;Line 83;0;262.010567077695
-23.51688136;-46.298859897;748.1;36840;125.79101200686105;868.691012006861;Line 83;0;262.010567077695
-23.516916587;-46.299151206;742.1;36810;125.68857632933106;868.5885763293311;Line 83;0;262.010567077695
-23.516951814;-46.299442514;740.2;36780;125.58614065180103;868.486140651801;Line 83;0;262.010567077695
-23.51698704;-46.299733823;738.7;36750;125.483704974271;868.383704974271;Line 83;0;262.010567077695
-23.517022266;-46.300025132;737.4;36720;125.381269296741;868.281269296741;Line 83;0;262.010567077695
-23.517057491;-46.300316441;737.5;36690;125.27883361921097;868.178833619211;Line 83;0;262.010567077695
-23.517092715;-46.30060775;737.5;36660;125.17639794168097;868.076397941681;Line 83;0;262.010567077695
-23.517127939;-46.300899059;737.5;36630;125.07396226415095;867.9739622641509;Line 83;0;262.010567077695
-23.517163162;-46.301190369;737.7;36600;124.97152658662093;867.8715265866209;Line 83;0;262.010567077695
-23.517198385;-46.301481678;737.9;36570;124.8690909090909;867.7690909090909;Line 83;0;262.010567077695
-23.517233607;-46.301772988;738.0;36540;124.76665523156088;867.6666552315609;Line 83;0;262.010567077695
-23.517268829;-46.302064298;738.1;36510;124.66421955403088;867.5642195540308;Line 83;0;262.010567077695
-23.51730405;-46.302355608;738.2;36480;124.56178387650087;867.4617838765008;Line 83;0;262.010567077695
-23.517339271;-46.302646918;737.7;36450;124.45934819897084;867.3593481989708;Line 83;0;262.010567077695
-23.517374491;-46.302938228;736.7;36420;124.35691252144082;867.2569125214408;Line 83;0;262.010567077695
-23.51740971;-46.303229538;735.7;36390;124.2544768439108;867.1544768439107;Line 83;0;262.010567077695
-23.517444929;-46.303520849;735.6;36360;124.1520411663808;867.0520411663808;Line 83;0;262.010567077695
-23.517480148;-46.303812159;736.2;36330;124.04960548885077;866.9496054888507;Line 83;0;262.010567077695
-23.517515365;-46.30410347;736.8;36300;123.94716981132075;866.8471698113208;Line 83;0;262.010567077695
-23.517550583;-46.304394781;736.7;36270;123.84473413379074;866.7447341337908;Line 83;0;262.010567077695
-23.517585799;-46.304686092;736.3;36240;123.74229845626071;866.6422984562607;Line 83;0;262.010567077695
-23.517621016;-46.304977403;736.0;36210;123.63986277873072;866.5398627787307;Line 83;0;262.010567077695
-23.517656231;-46.305268714;736.0;36180;123.53742710120069;866.4374271012007;Line 83;0;262.010567077695
-23.517691446;-46.305560025;736.0;36150;123.43499142367067;866.3349914236707;Line 83;0;262.010567077695
-23.517726661;-46.305851337;735.9;36120;123.33255574614064;866.2325557461406;Line 83;0;262.010567077695
-23.517761875;-46.306142648;735.1;36090;123.23012006861062;866.1301200686106;Line 83;0;262.010567077695
-23.517797088;-46.30643396;734.4;36060;123.12768439108063;866.0276843910806;Line 83;0;262.010567077695
-23.517832301;-46.306725272;733.8;36030;123.02524871355061;865.9252487135506;Line 83;0;262.010567077695
-23.517867513;-46.307016584;734.1;36000;122.92281303602059;865.8228130360205;Line 83;0;262.010567077695
-23.517902725;-46.307307896;734.3;35970;122.82037735849056;865.7203773584905;Line 83;0;262.010567077695
-23.517937936;-46.307599208;734.8;35940;122.71794168096054;865.6179416809605;Line 83;0;262.010567077695
-23.517973147;-46.307890521;735.6;35910;122.61550600343054;865.5155060034306;Line 83;0;262.010567077695
-23.518008357;-46.308181833;736.3;35880;122.51307032590051;865.4130703259004;Line 83;0;262.010567077695
-23.518043566;-46.308473146;737.2;35850;122.4106346483705;865.3106346483705;Line 83;0;262.010567077695
-23.518078775;-46.308764458;738.2;35820;122.30819897084048;865.2081989708405;Line 83;0;262.010567077695
-23.518113984;-46.309055771;739.2;35790;122.20576329331045;865.1057632933105;Line 83;0;262.010567077695
-23.518149192;-46.309347084;739.0;35760;122.10332761578046;865.0033276157804;Line 83;0;262.010567077695
-23.518184399;-46.309638397;738.2;35730;122.00089193825043;864.9008919382504;Line 83;0;262.010567077695
-23.518219606;-46.30992971;737.4;35700;121.89845626072041;864.7984562607204;Line 83;0;262.010567077695
-23.518254812;-46.310221024;736.9;35670;121.79602058319038;864.6960205831904;Line 83;0;262.010567077695
-23.518290018;-46.310512337;736.5;35640;121.69358490566037;864.5935849056604;Line 83;0;262.010567077695
-23.518325223;-46.310803651;736.1;35610;121.59114922813038;864.4911492281303;Line 83;0;262.010567077695
-23.518360427;-46.311094965;736.0;35580;121.48871355060035;864.3887135506003;Line 83;0;262.010567077695
-23.518395631;-46.311386278;736.0;35550;121.38627787307033;864.2862778730703;Line 83;0;262.010567077695
-23.518430835;-46.311677592;735.9;35520;121.2838421955403;864.1838421955403;Line 83;0;262.010567077695
-23.518466038;-46.311968907;735.8;35490;121.18140651801028;864.0814065180102;Line 83;0;262.010567077695
-23.51850124;-46.312260221;735.8;35460;121.07897084048028;863.9789708404803;Line 83;0;262.010567077695
-23.518536442;-46.312551535;735.7;35430;120.97653516295026;863.8765351629502;Line 83;0;262.010567077695
-23.518571643;-46.31284285;735.4;35400;120.87409948542025;863.7740994854203;Line 83;0;262.010567077695
-23.518606844;-46.313134164;735.2;35370;120.77166380789022;863.6716638078902;Line 83;0;262.010567077695
-23.518642044;-46.313425479;734.9;35340;120.6692281303602;863.5692281303602;Line 83;0;262.010567077695
-23.518677244;-46.313716794;734.5;35310;120.5667924528302;863.4667924528302;Line 83;0;262.010567077695
-23.518712443;-46.314008109;734.2;35280;120.46435677530017;863.3643567753002;Line 83;0;262.010567077695
-23.518747641;-46.314299424;733.9;35250;120.36192109777015;863.2619210977701;Line 83;0;262.010567077695
-23.518782839;-46.314590739;733.8;35220;120.25948542024013;863.1594854202401;Line 83;0;262.010567077695
-23.518818036;-46.314882055;733.9;35190;120.15704974271011;863.0570497427101;Line 83;0;262.010567077695
-23.518853233;-46.31517337;734.8;35160;120.05461406518012;862.9546140651801;Line 83;0;262.010567077695
-23.518888429;-46.315464686;736.0;35130;119.9521783876501;862.85217838765;Line 83;0;262.010567077695
-23.518923625;-46.315756002;737.1;35100;119.84974271012007;862.74974271012;Line 83;0;262.010567077695
-23.51895882;-46.316047317;736.5;35070;119.74730703259004;862.64730703259;Line 83;0;262.010567077695
-23.518994015;-46.316338633;735.3;35040;119.64487135506003;862.54487135506;Line 83;0;262.010567077695
-23.519029209;-46.31662995;734.0;35010;119.54243567753001;862.4424356775299;Line 83;0;262.010567077695
-23.519064403;-46.316921266;734.3;34980;119.44;862.3399999999999;Line 83;0;262.010567077695
-23.519099596;-46.317212582;734.7;34950;119.33756432246999;862.23756432247;Line 83;0;262.010567077695
-23.519134788;-46.317503899;735.0;34920;119.23512864493996;862.13512864494;Line 83;0;262.010567077695
-23.51916998;-46.317795215;734.6;34890;119.13269296740995;862.03269296741;Line 83;0;262.010567077695
-23.519205171;-46.318086532;734.3;34860;119.03025728987993;861.9302572898799;Line 83;0;262.010567077695
-23.519240362;-46.318377849;734.0;34830;118.9278216123499;861.8278216123499;Line 83;0;262.010567077695
-23.519275552;-46.318669166;734.0;34800;118.82538593481989;861.7253859348199;Line 83;0;262.010567077695
-23.519310742;-46.318960483;734.0;34770;118.72295025728988;861.6229502572899;Line 83;0;262.010567077695
-23.519345931;-46.319251801;734.1;34740;118.62051457975987;861.5205145797598;Line 83;0;262.010567077695
-23.519381119;-46.319543118;734.6;34710;118.51807890222985;861.4180789022298;Line 83;0;262.010567077695
-23.519416307;-46.319834436;735.0;34680;118.41564322469982;861.3156432246998;Line 83;0;262.010567077695
-23.519451495;-46.320125753;735.9;34650;118.31320754716981;861.2132075471698;Line 83;0;262.010567077695
-23.519486682;-46.320417071;737.2;34620;118.21077186963979;861.1107718696397;Line 83;0;262.010567077695
-23.519521868;-46.320708389;738.6;34590;118.10833619210977;861.0083361921097;Line 83;0;262.010567077695
-23.519557054;-46.320999707;739.5;34560;118.00590051457976;860.9059005145798;Line 83;0;262.010567077695
-23.519592239;-46.321291025;740.1;34530;117.90346483704974;860.8034648370497;Line 83;0;262.010567077695
-23.519627424;-46.321582343;740.7;34500;117.80102915951973;860.7010291595197;Line 83;0;262.010567077695
-23.519662608;-46.321873662;740.2;34470;117.6985934819897;860.5985934819897;Line 83;0;262.010567077695
-23.519697791;-46.32216498;739.4;34440;117.5961578044597;860.4961578044597;Line 83;0;262.010567077695
-23.519732974;-46.322456299;738.6;34410;117.49372212692967;860.3937221269297;Line 83;0;262.010567077695
-23.519768157;-46.322747618;738.8;34380;117.39128644939964;860.2912864493996;Line 83;0;262.010567077695
-23.519803339;-46.323038937;739.1;34350;117.28885077186963;860.1888507718696;Line 83;0;262.010567077695
-23.51983852;-46.323330256;739.4;34320;117.18641509433962;860.0864150943396;Line 83;0;262.010567077695
-23.519873701;-46.323621575;739.5;34290;117.08397941680961;859.9839794168096;Line 83;0;262.010567077695
-23.519908881;-46.323912894;739.7;34260;116.98154373927959;859.8815437392796;Line 83;0;262.010567077695
-23.519944061;-46.324204214;739.8;34230;116.87910806174956;859.7791080617495;Line 83;0;262.010567077695
-23.51997924;-46.324495533;739.5;34200;116.77667238421955;859.6766723842195;Line 83;0;262.010567077695
-23.520014419;-46.324786853;739.3;34170;116.67423670668953;859.5742367066895;Line 83;0;262.010567077695
-23.520049597;-46.325078173;739.0;34140;116.57180102915952;859.4718010291595;Line 83;0;262.010567077695
-23.520084774;-46.325369493;739.0;34110;116.4693653516295;859.3693653516295;Line 83;0;262.010567077695
-23.520119951;-46.325660813;739.0;34080;116.36692967409948;859.2669296740994;Line 83;0;262.010567077695
-23.520155127;-46.325952133;738.8;34050;116.26449399656947;859.1644939965695;Line 83;0;262.010567077695
-23.520190303;-46.326243453;738.4;34020;116.16205831903945;859.0620583190395;Line 83;0;262.010567077695
-23.520225479;-46.326534774;737.9;33990;116.05962264150943;858.9596226415094;Line 83;0;262.010567077695
-23.520260653;-46.326826094;737.4;33960;115.95718696397941;858.8571869639794;Line 83;0;262.010567077695
-23.520295827;-46.327117415;736.9;33930;115.85475128644939;858.7547512864494;Line 83;0;262.010567077695
-23.520331001;-46.327408736;736.5;33900;115.75231560891939;858.6523156089194;Line 83;0;262.010567077695
-23.520366174;-46.327700057;737.1;33870;115.64987993138936;858.5498799313893;Line 83;0;262.010567077695
-23.520401347;-46.327991378;738.2;33840;115.54744425385935;858.4474442538593;Line 83;0;262.010567077695
-23.520436519;-46.328282699;739.4;33810;115.44500857632933;858.3450085763293;Line 83;0;262.010567077695
-23.52047169;-46.32857402;740.8;33780;115.3425728987993;858.2425728987993;Line 83;0;262.010567077695
-23.520506861;-46.328865342;742.2;33750;115.2401372212693;858.1401372212692;Line 83;0;262.010567077695
-23.520542031;-46.329156663;743.6;33720;115.13770154373927;858.0377015437392;Line 83;0;262.010567077695
-23.520577201;-46.329447985;742.1;33690;115.03526586620927;857.9352658662092;Line 83;0;262.010567077695
-23.52061237;-46.329739307;740.6;33660;114.93283018867925;857.8328301886793;Line 83;0;262.010567077695
-23.520647539;-46.330030629;739.3;33630;114.83039451114922;857.7303945111491;Line 83;0;262.010567077695
-23.520682707;-46.330321951;739.4;33600;114.72795883361921;857.6279588336192;Line 83;0;262.010567077695
-23.520717874;-46.330613273;739.5;33570;114.62552315608919;857.5255231560892;Line 83;0;262.010567077695
-23.520753041;-46.330904596;739.9;33540;114.52308747855918;857.4230874785592;Line 83;0;262.010567077695
-23.520788208;-46.331195918;741.1;33510;114.42065180102915;857.3206518010292;Line 83;0;262.010567077695
-23.520823374;-46.331487241;742.3;33480;114.31821612349914;857.2182161234991;Line 83;0;262.010567077695
-23.520858539;-46.331778563;742.6;33450;114.21578044596913;857.1157804459691;Line 83;0;262.010567077695
-23.520893704;-46.332069886;742.0;33420;114.1133447684391;857.0133447684391;Line 83;0;262.010567077695
-23.520928868;-46.332361209;741.4;33390;114.0109090909091;856.9109090909091;Line 83;0;262.010567077695
-23.520964032;-46.332652532;741.3;33360;113.90847341337907;856.808473413379;Line 83;0;262.010567077695
-23.520999195;-46.332943855;741.2;33330;113.80603773584905;856.706037735849;Line 83;0;262.010567077695
-23.521034358;-46.333235179;741.1;33300;113.70360205831903;856.603602058319;Line 83;0;262.010567077695
-23.52106952;-46.333526502;741.2;33270;113.60116638078901;856.501166380789;Line 83;0;262.010567077695
-23.521104681;-46.333817826;741.6;33240;113.49873070325901;856.3987307032589;Line 83;0;262.010567077695
-23.521139842;-46.33410915;741.9;33210;113.39629502572899;856.296295025729;Line 83;0;262.010567077695
-23.521175002;-46.334400473;742.6;33180;113.29385934819896;856.1938593481989;Line 83;0;262.010567077695
-23.521210162;-46.334691797;743.3;33150;113.19142367066895;856.091423670669;Line 83;0;262.010567077695
-23.521245321;-46.334983122;744.0;33120;113.08898799313893;855.988987993139;Line 83;0;262.010567077695
-23.52128048;-46.335274446;743.6;33090;112.98655231560892;855.8865523156089;Line 83;0;262.010567077695
-23.521315638;-46.33556577;743.2;33060;112.8841166380789;855.7841166380789;Line 83;0;262.010567077695
-23.521350796;-46.335857095;742.8;33030;112.78168096054888;855.6816809605489;Line 83;0;262.010567077695
-23.521385953;-46.336148419;742.8;33000;112.67924528301887;855.5792452830188;Line 83;0;262.010567077695
-23.521421109;-46.336439744;742.9;32970;112.57680960548885;855.4768096054888;Line 83;0;262.010567077695
-23.521456265;-46.336731069;742.8;32940;112.47437392795884;855.3743739279588;Line 83;0;262.010567077695
-23.521491421;-46.337022394;742.0;32910;112.37193825042881;855.2719382504288;Line 83;0;262.010567077695
-23.521526576;-46.337313719;741.2;32880;112.26950257289879;855.1695025728988;Line 83;0;262.010567077695
-23.52156173;-46.337605044;740.5;32850;112.16706689536878;855.0670668953687;Line 83;0;262.010567077695
-23.521596884;-46.337896369;739.9;32820;112.06463121783877;854.9646312178387;Line 83;0;262.010567077695
-23.521632037;-46.338187695;739.3;32790;111.96219554030876;854.8621955403087;Line 83;0;262.010567077695
-23.521667189;-46.338479021;739.4;32760;111.85975986277873;854.7597598627788;Line 83;0;262.010567077695
-23.521702341;-46.338770346;740.1;32730;111.7573241852487;854.6573241852486;Line 83;0;262.010567077695
-23.521737493;-46.339061672;740.8;32700;111.6548885077187;854.5548885077187;Line 83;0;262.010567077695
-23.521772644;-46.339352998;741.0;32670;111.55245283018867;854.4524528301887;Line 83;0;262.010567077695
-23.521807794;-46.339644324;740.9;32640;111.45001715265866;854.3500171526587;Line 83;0;262.010567077695
-23.521842944;-46.339935651;740.8;32610;111.34758147512865;854.2475814751286;Line 83;0;262.010567077695
-23.521878094;-46.340226977;741.3;32580;111.24514579759862;854.1451457975986;Line 83;0;262.010567077695
-23.521913242;-46.340518303;741.9;32550;111.14271012006861;854.0427101200686;Line 83;0;262.010567077695
-23.521948391;-46.34080963;742.6;32520;111.04027444253859;853.9402744425386;Line 83;0;262.010567077695
-23.521983538;-46.341100957;742.9;32490;110.93783876500858;853.8378387650085;Line 83;0;262.010567077695
-23.522018685;-46.341392284;743.2;32460;110.83540308747855;853.7354030874785;Line 83;0;262.010567077695
-23.522053832;-46.341683611;743.6;32430;110.73296740994853;853.6329674099485;Line 83;0;262.010567077695
-23.522088978;-46.341974938;744.1;32400;110.63053173241852;853.5305317324185;Line 83;0;262.010567077695
-23.522124123;-46.342266265;744.6;32370;110.52809605488851;853.4280960548884;Line 83;0;262.010567077695
-23.522159268;-46.342557592;745.2;32340;110.4256603773585;853.3256603773584;Line 83;0;262.010567077695
-23.522194413;-46.34284892;746.0;32310;110.32322469982847;853.2232246998285;Line 83;0;262.010567077695
-23.522229556;-46.343140248;746.8;32280;110.22078902229845;853.1207890222984;Line 83;0;262.010567077695
-23.5222647;-46.343431575;747.5;32250;110.11835334476844;853.0183533447685;Line 83;0;262.010567077695
-23.522299842;-46.343722903;748.2;32220;110.01591766723841;852.9159176672384;Line 83;0;262.010567077695
-23.522334984;-46.344014231;748.7;32190;109.9134819897084;852.8134819897084;Line 83;0;262.010567077695
-23.522370126;-46.344305559;749.3;32160;109.81104631217839;852.7110463121784;Line 83;0;262.010567077695
-23.522405267;-46.344596888;750.2;32130;109.70861063464837;852.6086106346484;Line 83;0;262.010567077695
-23.522440407;-46.344888216;751.0;32100;109.60617495711836;852.5061749571183;Line 83;0;262.010567077695
-23.522475547;-46.345179545;751.6;32070;109.50373927958833;852.4037392795883;Line 83;0;262.010567077695
-23.522510687;-46.345470873;752.2;32040;109.40130360205832;852.3013036020583;Line 83;0;262.010567077695
-23.522545826;-46.345762202;753.3;32010;109.2988679245283;852.1988679245283;Line 83;0;262.010567077695
-23.522580964;-46.346053531;754.9;31980;109.19643224699827;852.0964322469982;Line 83;0;262.010567077695
-23.522616101;-46.34634486;756.5;31950;109.09399656946827;851.9939965694682;Line 83;0;262.010567077695
-23.522651239;-46.346636189;758.1;31920;108.99156089193825;851.8915608919382;Line 83;0;262.010567077695
-23.522686375;-46.346927518;758.5;31890;108.88912521440824;851.7891252144082;Line 83;0;262.010567077695
-23.522721511;-46.347218848;758.7;31860;108.78668953687821;851.6866895368782;Line 83;0;262.010567077695
-23.522756647;-46.347510177;759.1;31830;108.68425385934819;851.5842538593481;Line 83;0;262.010567077695
-23.522791782;-46.347801507;760.8;31800;108.58181818181818;851.4818181818182;Line 83;0;262.010567077695
-23.522826916;-46.348092837;762.4;31770;108.47938250428815;851.3793825042882;Line 83;0;262.010567077695
-23.52286205;-46.348384166;763.8;31740;108.37694682675816;851.2769468267581;Line 83;0;262.010567077695
-23.522897183;-46.348675497;765.3;31710;108.27451114922813;851.1745111492281;Line 83;0;262.010567077695
-23.522932316;-46.348966827;766.8;31680;108.17207547169811;851.0720754716981;Line 83;0;262.010567077695
-23.522967448;-46.349258157;768.6;31650;108.0696397941681;850.9696397941681;Line 83;0;262.010567077695
-23.52300258;-46.349549487;771.3;31620;107.96720411663807;850.867204116638;Line 83;0;262.010567077695
-23.523037711;-46.349840818;773.9;31590;107.86476843910806;850.764768439108;Line 83;0;262.010567077695
-23.523072841;-46.350132149;776.0;31560;107.76233276157804;850.662332761578;Line 83;0;262.010567077695
-23.523107971;-46.350423479;777.2;31530;107.65989708404803;850.559897084048;Line 83;0;262.010567077695
-23.523143101;-46.35071481;778.2;31500;107.55746140651802;850.457461406518;Line 83;0;262.010567077695
-23.52317823;-46.351006141;779.9;31470;107.45502572898799;850.3550257289879;Line 83;0;262.010567077695
-23.523213358;-46.351297472;782.4;31440;107.35259005145798;850.2525900514579;Line 83;0;262.010567077695
-23.523248486;-46.351588804;784.9;31410;107.25015437392796;850.150154373928;Line 83;0;262.010567077695
-23.523283613;-46.351880135;786.5;31380;107.14771869639793;850.0477186963979;Line 83;0;262.010567077695
-23.52331874;-46.352171467;788.0;31350;107.04528301886792;849.9452830188679;Line 83;0;262.010567077695
-23.523353866;-46.352462798;789.8;31320;106.9428473413379;849.8428473413379;Line 83;0;262.010567077695
-23.523388991;-46.35275413;789.4;31290;106.8404116638079;849.7404116638079;Line 83;0;262.010567077695
-23.523424116;-46.353045462;788.8;31260;106.73797598627787;849.6379759862779;Line 83;0;262.010567077695
-23.523459241;-46.353336794;788.3;31230;106.63554030874785;849.5355403087478;Line 83;0;262.010567077695
-23.523494365;-46.353628126;787.1;31200;106.53310463121784;849.4331046312178;Line 83;0;262.010567077695
-23.523529488;-46.353919458;785.9;31170;106.43066895368781;849.3306689536878;Line 83;0;262.010567077695
-23.523564611;-46.354210791;784.9;31140;106.3282332761578;849.2282332761578;Line 83;0;262.010567077695
-23.523599733;-46.354502123;785.7;31110;106.22579759862778;849.1257975986277;Line 83;0;262.010567077695
-23.523634855;-46.354793456;786.7;31080;106.12336192109777;849.0233619210977;Line 83;0;262.010567077695
-23.523669976;-46.355084789;788.0;31050;106.02092624356776;848.9209262435677;Line 83;0;262.010567077695
-23.523705096;-46.355376122;790.1;31020;105.91849056603773;848.8184905660377;Line 83;0;262.010567077695
-23.523740216;-46.355667455;792.3;30990;105.81605488850772;848.7160548885076;Line 83;0;262.010567077695
-23.523775336;-46.355958788;793.0;30960;105.7136192109777;848.6136192109777;Line 83;0;262.010567077695
-23.523810455;-46.356250121;791.4;30930;105.61118353344767;848.5111835334476;Line 83;0;262.010567077695
-23.523845573;-46.356541455;789.7;30900;105.50874785591766;848.4087478559177;Line 83;0;262.010567077695
-23.523880691;-46.356832788;788.4;30870;105.40631217838765;848.3063121783877;Line 83;0;262.010567077695
-23.523915808;-46.357124122;787.6;30840;105.30387650085764;848.2038765008576;Line 83;0;262.010567077695
-23.523950925;-46.357415456;786.7;30810;105.20144082332762;848.1014408233276;Line 83;0;262.010567077695
-23.523986041;-46.35770679;787.6;30780;105.09900514579759;847.9990051457976;Line 83;0;262.010567077695
-23.524021157;-46.357998124;789.2;30750;104.99656946826758;847.8965694682676;Line 83;0;262.010567077695
-23.524056272;-46.358289458;790.8;30720;104.89413379073756;847.7941337907375;Line 83;0;262.010567077695
-23.524091386;-46.358580792;792.7;30690;104.79169811320754;847.6916981132075;Line 83;0;262.010567077695
-23.5241265;-46.358872126;794.8;30660;104.68926243567753;847.5892624356775;Line 83;0;262.010567077695
-23.524161613;-46.359163461;797.0;30630;104.58682675814751;847.4868267581475;Line 83;0;262.010567077695
-23.524196726;-46.359454796;795.7;30600;104.4843910806175;847.3843910806174;Line 83;0;262.010567077695
-23.524231839;-46.35974613;794.7;30570;104.38195540308747;847.2819554030874;Line 83;0;262.010567077695
-23.52426695;-46.360037465;794.6;30540;104.27951972555746;847.1795197255574;Line 83;0;262.010567077695
-23.524302061;-46.3603288;798.4;30510;104.17708404802744;847.0770840480275;Line 83;0;262.010567077695
-23.524337172;-46.360620136;802.5;30480;104.07464837049741;846.9746483704973;Line 83;0;262.010567077695
-23.524372282;-46.360911471;806.8;30450;103.9722126929674;846.8722126929674;Line 83;0;262.010567077695
-23.524407392;-46.361202806;811.6;30420;103.86977701543739;846.7697770154374;Line 83;0;262.010567077695
-23.524442501;-46.361494142;816.2;30390;103.76734133790738;846.6673413379074;Line 83;0;262.010567077695
-23.524477609;-46.361785478;819.4;30360;103.66490566037736;846.5649056603773;Line 83;0;262.010567077695
-23.524512717;-46.362076813;820.7;30330;103.56246998284733;846.4624699828473;Line 83;0;262.010567077695
-23.524547824;-46.362368149;822.2;30300;103.46003430531732;846.3600343053173;Line 83;0;262.010567077695
-23.524582931;-46.362659485;823.1;30270;103.3575986277873;846.2575986277873;Line 83;0;262.010567077695
-23.524618037;-46.362950822;823.2;30240;103.25516295025729;846.1551629502572;Line 83;0;262.010567077695
-23.524653143;-46.363242158;823.4;30210;103.15272727272728;846.0527272727272;Line 83;0;262.010567077695
-23.524688248;-46.363533494;820.8;30180;103.05029159519725;845.9502915951972;Line 83;0;262.010567077695
-23.524723352;-46.363824831;816.8;30150;102.94785591766724;845.8478559176672;Line 83;0;262.010567077695
-23.524758456;-46.364116167;812.5;30120;102.84542024013722;845.7454202401372;Line 83;0;262.010567077695
-23.52479356;-46.364407504;808.5;30090;102.7429845626072;845.6429845626071;Line 83;0;262.010567077695
-23.524828663;-46.364698841;804.7;30060;102.64054888507718;845.5405488850772;Line 83;0;262.010567077695
-23.524863765;-46.364990178;800.9;30030;102.53811320754716;845.4381132075471;Line 83;0;262.010567077695
-23.524898867;-46.365281515;798.5;30000;102.43567753001716;845.3356775300172;Line 83;0;262.010567077695
-23.524933968;-46.365572853;796.2;29970;102.33324185248713;845.2332418524871;Line 83;0;262.010567077695
-23.524969069;-46.36586419;793.9;29940;102.23080617495712;845.1308061749571;Line 83;0;262.010567077695
-23.525004169;-46.366155528;790.2;29910;102.1283704974271;845.0283704974271;Line 83;0;262.010567077695
-23.525039268;-46.366446865;786.9;29880;102.02593481989707;844.9259348198971;Line 83;0;262.010567077695
-23.525074368;-46.366738203;784.0;29850;101.92349914236706;844.823499142367;Line 83;0;262.010567077695
-23.525109466;-46.367029541;782.1;29820;101.82106346483704;844.721063464837;Line 83;0;262.010567077695
-23.525144564;-46.367320879;780.1;29790;101.71862778730704;844.618627787307;Line 83;0;262.010567077695
-23.525179661;-46.367612217;778.9;29760;101.61619210977702;844.516192109777;Line 83;0;262.010567077695
-23.525214758;-46.367903556;779.4;29730;101.51375643224699;844.4137564322469;Line 83;0;262.010567077695
-23.525249854;-46.368194894;780.1;29700;101.41132075471698;844.3113207547169;Line 83;0;262.010567077695
-23.52528495;-46.368486233;783.1;29670;101.30888507718696;844.2088850771869;Line 83;0;262.010567077695
-23.525320045;-46.368777571;788.1;29640;101.20644939965695;844.1064493996569;Line 83;0;262.010567077695
-23.52535514;-46.36906891;793.1;29610;101.10401372212692;844.004013722127;Line 83;0;262.010567077695
-23.525390234;-46.369360249;797.7;29580;101.00157804459691;843.9015780445969;Line 83;0;262.010567077695
-23.525425327;-46.369651588;802.0;29550;100.8991423670669;843.7991423670669;Line 83;0;262.010567077695
-23.52546042;-46.369942927;806.2;29520;100.79670668953688;843.6967066895369;Line 83;0;262.010567077695
-23.525495513;-46.370234267;809.3;29490;100.69427101200687;843.5942710120069;Line 83;0;262.010567077695
-23.525530604;-46.370525606;812.0;29460;100.59183533447684;843.4918353344768;Line 83;0;262.010567077695
-23.525565696;-46.370816946;814.6;29430;100.48939965694682;843.3893996569468;Line 83;0;262.010567077695
-23.525600786;-46.371108285;811.4;29400;100.3869639794168;843.2869639794168;Line 83;0;262.010567077695
-23.525635877;-46.371399625;807.7;29370;100.28452830188678;843.1845283018868;Line 83;0;262.010567077695
-23.525670966;-46.371690965;803.7;29340;100.18209262435678;843.0820926243567;Line 83;0;262.010567077695
-23.525706055;-46.371982305;800.7;29310;100.07965694682676;842.9796569468267;Line 83;0;262.010567077695
-23.525741144;-46.372273645;797.6;29280;99.97722126929673;842.8772212692967;Line 83;0;262.010567077695
-23.525776232;-46.372564986;794.9;29250;99.87478559176672;842.7747855917667;Line 83;0;262.010567077695
-23.525811319;-46.372856326;792.9;29220;99.7723499142367;842.6723499142366;Line 83;0;262.010567077695
-23.525846406;-46.373147667;791.3;29190;99.66991423670669;842.5699142367066;Line 83;0;262.010567077695
-23.525881492;-46.373439007;790.0;29160;99.56747855917666;842.4674785591767;Line 83;0;262.010567077695
-23.525916578;-46.373730348;789.0;29130;99.46504288164665;842.3650428816467;Line 83;0;262.010567077695
-23.525951663;-46.374021689;787.8;29100;99.36260720411664;842.2626072041166;Line 83;0;262.010567077695
-23.525986748;-46.37431303;785.4;29070;99.26017152658662;842.1601715265866;Line 83;0;262.010567077695
-23.526021832;-46.374604371;781.9;29040;99.1577358490566;842.0577358490566;Line 83;0;262.010567077695
-23.526056915;-46.374895712;778.2;29010;99.05530017152658;841.9553001715266;Line 83;0;262.010567077695
-23.526091998;-46.375187054;776.7;28980;98.95286449399656;841.8528644939965;Line 83;0;262.010567077695
-23.526127081;-46.375478395;776.5;28950;98.85042881646655;841.7504288164665;Line 83;0;262.010567077695
-23.526162163;-46.375769737;776.1;28920;98.74799313893654;841.6479931389365;Line 83;0;262.010567077695
-23.526197244;-46.376061079;779.6;28890;98.64555746140653;841.5455574614065;Line 83;0;262.010567077695
-23.526232325;-46.376352421;784.3;28860;98.5431217838765;841.4431217838764;Line 83;0;262.010567077695
-23.526267405;-46.376643763;789.2;28830;98.44068610634648;841.3406861063464;Line 83;0;262.010567077695
-23.526302485;-46.376935105;794.1;28800;98.33825042881647;841.2382504288164;Line 83;0;262.010567077695
-23.526337564;-46.377226447;799.2;28770;98.23581475128644;841.1358147512864;Line 83;0;262.010567077695
-23.526372642;-46.37751779;804.1;28740;98.13337907375643;841.0333790737564;Line 83;0;262.010567077695
-23.52640772;-46.377809132;805.0;28710;98.03094339622642;840.9309433962264;Line 83;0;262.010567077695
-23.526442798;-46.378100475;805.8;28680;97.9285077186964;840.8285077186964;Line 83;0;262.010567077695
-23.526477875;-46.378391818;806.8;28650;97.82607204116638;840.7260720411664;Line 83;0;262.010567077695
-23.526512951;-46.378683161;808.8;28620;97.72363636363636;840.6236363636364;Line 83;0;262.010567077695
-23.526548027;-46.378974504;810.8;28590;97.62120068610635;840.5212006861063;Line 83;0;262.010567077695
-23.526583102;-46.379265847;812.4;28560;97.51876500857632;840.4187650085763;Line 83;0;262.010567077695
-23.526618177;-46.37955719;813.0;28530;97.4163293310463;840.3163293310463;Line 83;0;262.010567077695
-23.526653251;-46.379848534;813.7;28500;97.31389365351629;840.2138936535163;Line 83;0;262.010567077695
-23.526688325;-46.380139877;813.4;28470;97.21145797598628;840.1114579759862;Line 83;0;262.010567077695
-23.526723398;-46.380431221;811.8;28440;97.10902229845627;840.0090222984562;Line 83;0;262.010567077695
-23.52675847;-46.380722565;810.2;28410;97.00658662092624;839.9065866209262;Line 83;0;262.010567077695
-23.526793542;-46.381013909;808.0;28380;96.90415094339622;839.8041509433962;Line 83;0;262.010567077695
-23.526828613;-46.381305253;805.5;28350;96.8017152658662;839.7017152658661;Line 83;0;262.010567077695
-23.526863684;-46.381596597;803.2;28320;96.69927958833618;839.5992795883361;Line 83;0;262.010567077695
-23.526898754;-46.381887941;805.4;28290;96.59684391080617;839.4968439108061;Line 83;0;262.010567077695
-23.526933824;-46.382179286;808.5;28260;96.49440823327616;839.3944082332762;Line 83;0;262.010567077695
-23.526968893;-46.38247063;811.2;28230;96.39197255574614;839.2919725557462;Line 83;0;262.010567077695
-23.527003962;-46.382761975;813.8;28200;96.28953687821613;839.1895368782161;Line 83;0;262.010567077695
-23.52703903;-46.38305332;816.4;28170;96.1871012006861;839.0871012006861;Line 83;0;262.010567077695
-23.527074097;-46.383344665;818.9;28140;96.08466552315609;838.9846655231561;Line 83;0;262.010567077695
-23.527109164;-46.38363601;817.6;28110;95.98222984562607;838.8822298456261;Line 83;0;262.010567077695
-23.527144231;-46.383927355;816.3;28080;95.87979416809604;838.779794168096;Line 83;0;262.010567077695
-23.527179297;-46.3842187;814.8;28050;95.77735849056604;838.677358490566;Line 83;0;262.010567077695
-23.527214362;-46.384510046;812.8;28020;95.67492281303602;838.574922813036;Line 83;0;262.010567077695
-23.527249427;-46.384801391;810.9;27990;95.57248713550601;838.472487135506;Line 83;0;262.010567077695
-23.527284491;-46.385092737;808.5;27960;95.47005145797598;838.3700514579759;Line 83;0;262.010567077695
-23.527319554;-46.385384083;805.2;27930;95.36761578044596;838.2676157804459;Line 83;0;262.010567077695
-23.527354618;-46.385675429;802.0;27900;95.26518010291595;838.1651801029159;Line 83;0;262.010567077695
-23.52738968;-46.385966775;799.8;27870;95.16274442538592;838.0627444253859;Line 83;0;262.010567077695
-23.527424742;-46.386258121;798.5;27840;95.06030874785591;837.9603087478558;Line 83;0;262.010567077695
-23.527459803;-46.386549467;797.2;27810;94.9578730703259;837.8578730703259;Line 83;0;262.010567077695
-23.527494864;-46.386840814;795.7;27780;94.85543739279588;837.7554373927959;Line 83;0;262.010567077695
-23.527529925;-46.38713216;794.1;27750;94.75300171526587;837.6530017152659;Line 83;0;262.010567077695
-23.527564984;-46.387423507;792.5;27720;94.65056603773584;837.5505660377358;Line 83;0;262.010567077695
-23.527600044;-46.387714854;791.8;27690;94.54813036020583;837.4481303602058;Line 83;0;262.010567077695
-23.527635102;-46.3880062;791.2;27660;94.4456946826758;837.3456946826758;Line 83;0;262.010567077695
-23.52767016;-46.388297548;790.6;27630;94.3432590051458;837.2432590051458;Line 83;0;262.010567077695
-23.527705218;-46.388588895;787.2;27600;94.24082332761579;837.1408233276157;Line 83;0;262.010567077695
-23.527740275;-46.388880242;783.4;27570;94.13838765008576;837.0383876500857;Line 83;0;262.010567077695
-23.527775331;-46.389171589;779.6;27540;94.03595197255575;836.9359519725557;Line 83;0;262.010567077695
-23.527810387;-46.389462937;779.3;27510;93.93351629502573;836.8335162950257;Line 83;0;262.010567077695
-23.527845442;-46.389754285;778.7;27480;93.8310806174957;836.7310806174956;Line 83;0;262.010567077695
-23.527880497;-46.390045632;778.0;27450;93.72864493996569;836.6286449399656;Line 83;0;262.010567077695
-23.527915551;-46.39033698;779.1;27420;93.62620926243567;836.5262092624356;Line 83;0;262.010567077695
-23.527950605;-46.390628328;780.1;27390;93.52377358490567;836.4237735849057;Line 83;0;262.010567077695
-23.527985658;-46.390919677;781.5;27360;93.42133790737564;836.3213379073757;Line 83;0;262.010567077695
-23.528020711;-46.391211025;784.4;27330;93.31890222984562;836.2189022298456;Line 83;0;262.010567077695
-23.528055763;-46.391502373;787.4;27300;93.21646655231561;836.1164665523156;Line 83;0;262.010567077695
-23.528090814;-46.391793722;789.4;27270;93.11403087478558;836.0140308747856;Line 83;0;262.010567077695
-23.528125865;-46.39208507;790.0;27240;93.01159519725557;835.9115951972556;Line 83;0;262.010567077695
-23.528160916;-46.392376419;790.7;27210;92.90915951972555;835.8091595197255;Line 83;0;262.010567077695
-23.528195965;-46.392667768;789.5;27180;92.80672384219554;835.7067238421955;Line 83;0;262.010567077695
-23.528231015;-46.392959117;786.9;27150;92.70428816466553;835.6042881646655;Line 83;0;262.010567077695
-23.528266063;-46.393250466;784.5;27120;92.6018524871355;835.5018524871355;Line 83;0;262.010567077695
-23.528301111;-46.393541816;781.4;27090;92.49941680960549;835.3994168096054;Line 83;0;262.010567077695
-23.528336159;-46.393833165;778.0;27060;92.39698113207547;835.2969811320754;Line 83;0;262.010567077695
-23.528371206;-46.394124515;774.2;27030;92.29454545454544;835.1945454545454;Line 83;0;262.010567077695
-23.528406253;-46.394415864;769.3;27000;92.19210977701543;835.0921097770154;Line 83;0;262.010567077695
-23.528441299;-46.394707214;764.4;26970;92.08967409948542;834.9896740994855;Line 83;0;262.010567077695
-23.528476344;-46.394998564;759.7;26940;91.98723842195541;834.8872384219554;Line 83;0;262.010567077695
-23.528511389;-46.395289914;760.0;26910;91.88480274442539;834.7848027444254;Line 83;0;262.010567077695
-23.528546433;-46.395581264;760.4;26880;91.78236706689536;834.6823670668954;Line 83;0;262.010567077695
-23.528581477;-46.395872614;761.2;26850;91.67993138936535;834.5799313893654;Line 83;0;262.010567077695
-23.52861652;-46.396163965;765.0;26820;91.57749571183533;834.4774957118353;Line 83;0;262.010567077695
-23.528651562;-46.396455315;768.9;26790;91.47506003430532;834.3750600343053;Line 83;0;262.010567077695
-23.528686605;-46.396746666;773.1;26760;91.3726243567753;834.2726243567753;Line 83;0;262.010567077695
-23.528721646;-46.397038017;777.9;26730;91.27018867924528;834.1701886792453;Line 83;0;262.010567077695
-23.528756687;-46.397329368;782.8;26700;91.16775300171527;834.0677530017152;Line 83;0;262.010567077695
-23.528791727;-46.397620719;787.1;26670;91.06531732418524;833.9653173241852;Line 83;0;262.010567077695
-23.528826767;-46.39791207;790.8;26640;90.96288164665523;833.8628816466552;Line 83;0;262.010567077695
-23.528861807;-46.398203421;794.5;26610;90.86044596912521;833.7604459691252;Line 83;0;262.010567077695
-23.528896845;-46.398494773;797.1;26580;90.75801029159518;833.6580102915951;Line 83;0;262.010567077695
-23.528931883;-46.398786124;798.6;26550;90.65557461406517;833.5555746140651;Line 83;0;262.010567077695
-23.528966921;-46.399077476;800.2;26520;90.55313893653516;833.4531389365352;Line 83;0;262.010567077695
-23.529001958;-46.399368828;800.7;26490;90.45070325900515;833.3507032590052;Line 83;0;262.010567077695
-23.529036995;-46.399660179;800.8;26460;90.34826758147513;833.2482675814751;Line 83;0;262.010567077695
-23.529072031;-46.399951531;800.8;26430;90.2458319039451;833.1458319039451;Line 83;0;262.010567077695
-23.529107066;-46.400242884;799.2;26400;90.14339622641509;833.0433962264151;Line 83;0;262.010567077695
-23.529142101;-46.400534236;797.2;26370;90.04096054888507;832.9409605488851;Line 83;0;262.010567077695
-23.529177135;-46.400825588;795.2;26340;89.93852487135506;832.838524871355;Line 83;0;262.010567077695
-23.529212169;-46.401116941;797.3;26310;89.83608919382505;832.736089193825;Line 83;0;262.010567077695
-23.529247202;-46.401408293;799.4;26280;89.73365351629502;832.633653516295;Line 83;0;262.010567077695
-23.529282235;-46.401699646;801.1;26250;89.63121783876501;832.531217838765;Line 83;0;262.010567077695
-23.529317267;-46.401990999;799.6;26220;89.52878216123499;832.428782161235;Line 83;0;262.010567077695
-23.529352299;-46.402282352;798.2;26190;89.42634648370498;832.3263464837049;Line 83;0;262.010567077695
-23.52938733;-46.402573705;797.2;26160;89.32391080617495;832.2239108061749;Line 83;0;262.010567077695
-23.52942236;-46.402865059;796.9;26130;89.22147512864493;832.1214751286449;Line 83;0;262.010567077695
-23.52945739;-46.403156412;796.6;26100;89.11903945111493;832.0190394511148;Line 83;0;262.010567077695
-23.529492419;-46.403447765;797.5;26070;89.0166037735849;831.9166037735849;Line 83;0;262.010567077695
-23.529527448;-46.403739119;799.8;26040;88.9141680960549;831.8141680960549;Line 83;0;262.010567077695
-23.529562476;-46.404030473;802.0;26010;88.81173241852487;831.7117324185249;Line 83;0;262.010567077695
-23.529597504;-46.404321827;802.9;25980;88.70929674099484;831.6092967409949;Line 83;0;262.010567077695
-23.529632531;-46.404613181;802.9;25950;88.60686106346483;831.5068610634648;Line 83;0;262.010567077695
-23.529667558;-46.404904535;802.8;25920;88.50442538593481;831.4044253859348;Line 83;0;262.010567077695
-23.529702584;-46.405195889;803.8;25890;88.4019897084048;831.3019897084048;Line 83;0;262.010567077695
-23.529737609;-46.405487244;805.2;25860;88.29955403087479;831.1995540308748;Line 83;0;262.010567077695
-23.529772634;-46.405778598;806.5;25830;88.19711835334476;831.0971183533447;Line 83;0;262.010567077695
-23.529807658;-46.406069953;810.1;25800;88.09468267581475;830.9946826758147;Line 83;0;262.010567077695
-23.529842682;-46.406361307;814.1;25770;87.99224699828473;830.8922469982847;Line 83;0;262.010567077695
-23.529877705;-46.406652662;818.0;25740;87.88981132075472;830.7898113207547;Line 83;0;262.010567077695
-23.529912728;-46.406944017;823.1;25710;87.78737564322469;830.6873756432246;Line 83;0;262.010567077695
-23.52994775;-46.407235372;828.3;25680;87.68493996569468;830.5849399656946;Line 83;0;262.010567077695
-23.529982772;-46.407526728;833.2;25650;87.58250428816467;830.4825042881646;Line 83;1;262.010567077695
-23.530017793;-46.407818083;835.2;25620;87.48006861063465;830.3800686106347;Line 83;1;262.010567077695
-23.530052813;-46.408109439;837.3;25590;87.37763293310464;830.2776329331047;Line 83;1;262.010567077695
-23.530087833;-46.408400794;838.5;25560;87.27519725557461;830.1751972555746;Line 83;1;262.010567077695
-23.530122853;-46.40869215;837.3;25530;87.17276157804459;830.0727615780446;Line 83;1;262.010567077695
-23.530157871;-46.408983506;836.2;25500;87.07032590051458;829.9703259005146;Line 83;1;262.010567077695
-23.53019289;-46.409274862;835.1;25470;86.96789022298455;829.8678902229846;Line 83;1;262.010567077695
-23.530227907;-46.409566218;833.5;25440;86.86545454545455;829.7654545454545;Line 83;1;262.010567077695
-23.530262925;-46.409857574;831.8;25410;86.76301886792453;829.6630188679245;Line 83;1;262.010567077695
-23.530297941;-46.410148931;830.2;25380;86.6605831903945;829.5605831903945;Line 83;1;262.010567077695
-23.530332957;-46.410440287;828.4;25350;86.5581475128645;829.4581475128645;Line 83;0;262.010567077695
-23.530367973;-46.410731644;826.2;25320;86.45571183533447;829.3557118353344;Line 83;0;262.010567077695
-23.530402988;-46.411023;824.7;25290;86.35327615780446;829.2532761578044;Line 83;0;262.010567077695
-23.530438002;-46.411314357;823.6;25260;86.25084048027443;829.1508404802744;Line 83;0;262.010567077695
-23.530473016;-46.411605714;822.5;25230;86.14840480274442;829.0484048027444;Line 83;0;262.010567077695
-23.530508029;-46.411897071;822.4;25200;86.04596912521441;828.9459691252143;Line 83;0;262.010567077695
-23.530543042;-46.412188429;822.9;25170;85.94353344768439;828.8435334476844;Line 83;0;262.010567077695
-23.530578054;-46.412479786;823.6;25140;85.84109777015438;828.7410977701544;Line 83;0;262.010567077695
-23.530613066;-46.412771143;821.6;25110;85.73866209262435;828.6386620926244;Line 83;0;262.010567077695
-23.530648077;-46.413062501;819.6;25080;85.63622641509433;828.5362264150943;Line 83;0;262.010567077695
-23.530683087;-46.413353859;817.7;25050;85.53379073756432;828.4337907375643;Line 83;0;262.010567077695
-23.530718097;-46.413645217;816.0;25020;85.4313550600343;828.3313550600343;Line 83;0;262.010567077695
-23.530753107;-46.413936575;814.4;24990;85.3289193825043;828.2289193825043;Line 83;0;262.010567077695
-23.530788116;-46.414227933;812.4;24960;85.22648370497427;828.1264837049742;Line 83;0;262.010567077695
-23.530823124;-46.414519291;809.6;24930;85.12404802744425;828.0240480274442;Line 83;0;262.010567077695
-23.530858132;-46.414810649;806.6;24900;85.02161234991424;827.9216123499142;Line 83;0;262.010567077695
-23.530893139;-46.415102008;803.3;24870;84.91917667238421;827.8191766723842;Line 83;0;262.010567077695
-23.530928146;-46.415393366;799.5;24840;84.8167409948542;827.7167409948541;Line 83;0;262.010567077695
-23.530963152;-46.415684725;795.8;24810;84.71430531732419;827.6143053173241;Line 83;0;262.010567077695
-23.530998157;-46.415976084;793.5;24780;84.61186963979416;827.5118696397941;Line 83;0;262.010567077695
-23.531033162;-46.416267443;792.2;24750;84.50943396226415;827.4094339622641;Line 83;0;262.010567077695
-23.531068167;-46.416558802;790.7;24720;84.40699828473413;827.3069982847342;Line 83;0;262.010567077695
-23.531103171;-46.416850161;789.5;24690;84.30456260720412;827.2045626072041;Line 83;0;262.010567077695
-23.531138174;-46.417141521;788.8;24660;84.2021269296741;827.1021269296741;Line 83;0;262.010567077695
-23.531173177;-46.41743288;788.0;24630;84.09969125214407;826.9996912521441;Line 83;0;262.010567077695
-23.531208179;-46.41772424;789.0;24600;83.99725557461406;826.8972555746141;Line 83;0;262.010567077695
-23.531243181;-46.418015599;790.5;24570;83.89481989708405;826.794819897084;Line 83;0;262.010567077695
-23.531278182;-46.418306959;792.0;24540;83.79238421955404;826.692384219554;Line 83;0;262.010567077695
-23.531313182;-46.418598319;792.1;24510;83.68994854202401;826.589948542024;Line 83;0;262.010567077695
-23.531348182;-46.418889679;792.2;24480;83.58751286449399;826.487512864494;Line 83;0;262.010567077695
-23.531383182;-46.419181039;792.2;24450;83.48507718696398;826.3850771869639;Line 83;0;262.010567077695
-23.531418181;-46.4194724;788.9;24420;83.38264150943395;826.2826415094339;Line 83;0;262.010567077695
-23.531453179;-46.41976376;785.7;24390;83.28020583190394;826.1802058319039;Line 83;0;262.010567077695
-23.531488177;-46.420055121;782.4;24360;83.17777015437393;826.0777701543739;Line 83;0;262.010567077695
-23.531523174;-46.420346481;777.9;24330;83.0753344768439;825.9753344768438;Line 83;0;262.010567077695
-23.531558171;-46.420637842;773.4;24300;82.9728987993139;825.8728987993138;Line 83;0;262.010567077695
-23.531593167;-46.420929203;769.4;24270;82.87046312178387;825.7704631217839;Line 83;0;262.010567077695
-23.531628163;-46.421220564;766.5;24240;82.76802744425386;825.6680274442539;Line 83;0;262.010567077695
-23.531663158;-46.421511926;763.5;24210;82.66559176672384;825.5655917667239;Line 83;0;262.010567077695
-23.531698152;-46.421803287;761.7;24180;82.56315608919381;825.4631560891938;Line 83;0;262.010567077695
-23.531733146;-46.422094648;761.2;24150;82.46072041166381;825.3607204116638;Line 83;0;262.010567077695
-23.531768139;-46.42238601;761.0;24120;82.35828473413379;825.2582847341338;Line 83;0;262.010567077695
-23.531803132;-46.422677372;761.9;24090;82.25584905660378;825.1558490566038;Line 83;0;262.010567077695
-23.531838124;-46.422968733;763.5;24060;82.15341337907375;825.0534133790737;Line 83;0;262.010567077695
-23.531873116;-46.423260095;765.4;24030;82.05097770154373;824.9509777015437;Line 83;0;262.010567077695
-23.531908107;-46.423551457;767.3;24000;81.94854202401372;824.8485420240137;Line 83;0;262.010567077695
-23.531943098;-46.42384282;769.2;23970;81.8461063464837;824.7461063464837;Line 83;0;262.010567077695
-23.531978088;-46.424134182;771.1;23940;81.74367066895368;824.6436706689536;Line 83;0;262.010567077695
-23.532013078;-46.424425544;771.2;23910;81.64123499142367;824.5412349914236;Line 83;0;262.010567077695
-23.532048066;-46.424716907;770.9;23880;81.53879931389365;824.4387993138936;Line 83;0;262.010567077695
-23.532083055;-46.42500827;770.4;23850;81.43636363636364;824.3363636363636;Line 83;0;262.010567077695
-23.532118043;-46.425299632;766.6;23820;81.33392795883361;824.2339279588336;Line 83;0;262.010567077695
-23.53215303;-46.425590995;762.7;23790;81.2314922813036;824.1314922813036;Line 83;0;262.010567077695
-23.532188017;-46.425882358;758.7;23760;81.12905660377358;824.0290566037736;Line 83;0;262.010567077695
-23.532223003;-46.426173722;755.8;23730;81.02662092624357;823.9266209262436;Line 83;0;262.010567077695
-23.532257989;-46.426465085;752.8;23700;80.92418524871356;823.8241852487135;Line 83;0;262.010567077695
-23.532292974;-46.426756448;750.4;23670;80.82174957118353;823.7217495711835;Line 83;0;262.010567077695
-23.532327958;-46.427047812;749.3;23640;80.71931389365352;823.6193138936535;Line 83;0;262.010567077695
-23.532362942;-46.427339175;748.3;23610;80.6168782161235;823.5168782161235;Line 83;0;262.010567077695
-23.532397925;-46.427630539;747.8;23580;80.51444253859347;823.4144425385934;Line 83;0;262.010567077695
-23.532432908;-46.427921903;747.8;23550;80.41200686106346;823.3120068610634;Line 83;0;262.010567077695
-23.532467891;-46.428213267;747.9;23520;80.30957118353344;823.2095711835334;Line 83;0;262.010567077695
-23.532502872;-46.428504631;747.4;23490;80.20713550600344;823.1071355060034;Line 83;0;262.010567077695
-23.532537854;-46.428795996;746.4;23460;80.10469982847341;823.0046998284733;Line 83;0;262.010567077695
-23.532572834;-46.42908736;745.4;23430;80.00226415094339;822.9022641509433;Line 83;0;262.010567077695
-23.532607814;-46.429378725;746.8;23400;79.89982847341338;822.7998284734133;Line 83;0;262.010567077695
-23.532642794;-46.429670089;749.0;23370;79.79739279588335;822.6973927958834;Line 83;0;262.010567077695
-23.532677773;-46.429961454;751.1;23340;79.69495711835334;822.5949571183534;Line 83;0;262.010567077695
-23.532712751;-46.430252819;753.7;23310;79.59252144082332;822.4925214408233;Line 83;0;262.010567077695
-23.532747729;-46.430544184;756.4;23280;79.49008576329331;822.3900857632933;Line 83;0;262.010567077695
-23.532782707;-46.430835549;759.0;23250;79.3876500857633;822.2876500857633;Line 83;0;262.010567077695
-23.532817683;-46.431126914;761.8;23220;79.28521440823327;822.1852144082333;Line 83;0;262.010567077695
-23.53285266;-46.43141828;764.6;23190;79.18277873070326;822.0827787307032;Line 83;0;262.010567077695
-23.532887635;-46.431709645;767.1;23160;79.08034305317324;821.9803430531732;Line 83;0;262.010567077695
-23.53292261;-46.432001011;768.8;23130;78.97790737564321;821.8779073756432;Line 83;0;262.010567077695
-23.532957585;-46.432292377;770.6;23100;78.8754716981132;821.7754716981132;Line 83;0;262.010567077695
-23.532992559;-46.432583743;772.1;23070;78.77303602058319;821.6730360205831;Line 83;0;262.010567077695
-23.533027532;-46.432875109;772.6;23040;78.67060034305318;821.5706003430531;Line 83;0;262.010567077695
-23.533062505;-46.433166475;773.2;23010;78.56816466552316;821.4681646655231;Line 83;0;262.010567077695
-23.533097478;-46.433457841;773.7;22980;78.46572898799313;821.3657289879931;Line 83;0;262.010567077695
-23.533132449;-46.433749207;774.1;22950;78.36329331046312;821.263293310463;Line 83;0;262.010567077695
-23.533167421;-46.434040574;774.5;22920;78.2608576329331;821.1608576329331;Line 83;0;262.010567077695
-23.533202391;-46.434331941;775.9;22890;78.15842195540309;821.0584219554031;Line 83;0;262.010567077695
-23.533237361;-46.434623307;778.1;22860;78.05598627787307;820.9559862778731;Line 83;0;262.010567077695
-23.533272331;-46.434914674;780.4;22830;77.95355060034305;820.853550600343;Line 83;0;262.010567077695
-23.5333073;-46.435206041;782.5;22800;77.85111492281304;820.751114922813;Line 83;0;262.010567077695
-23.533342268;-46.435497408;784.5;22770;77.74867924528301;820.648679245283;Line 83;0;262.010567077695
-23.533377236;-46.435788776;786.2;22740;77.646243567753;820.546243567753;Line 83;0;262.010567077695
-23.533412204;-46.436080143;787.5;22710;77.54380789022298;820.443807890223;Line 83;0;262.010567077695
-23.533447171;-46.43637151;788.9;22680;77.44137221269295;820.3413722126929;Line 83;0;262.010567077695
-23.533482137;-46.436662878;790.4;22650;77.33893653516294;820.2389365351629;Line 83;0;262.010567077695
-23.533517103;-46.436954246;790.1;22620;77.23650085763293;820.1365008576329;Line 83;0;262.010567077695
-23.533552068;-46.437245614;789.7;22590;77.13406518010292;820.0340651801029;Line 83;0;262.010567077695
-23.533587032;-46.437536982;789.3;22560;77.0316295025729;819.9316295025728;Line 83;0;262.010567077695
-23.533621996;-46.43782835;788.5;22530;76.92919382504287;819.8291938250428;Line 83;0;262.010567077695
-23.53365696;-46.438119718;787.6;22500;76.82675814751286;819.7267581475128;Line 83;0;262.010567077695
-23.533691923;-46.438411086;786.7;22470;76.72432246998284;819.6243224699829;Line 83;0;262.010567077695
-23.533726885;-46.438702455;785.8;22440;76.62188679245283;819.5218867924528;Line 83;0;262.010567077695
-23.533761847;-46.438993823;784.8;22410;76.51945111492282;819.4194511149228;Line 83;0;262.010567077695
-23.533796808;-46.439285192;784.8;22380;76.41701543739279;819.3170154373928;Line 83;0;262.010567077695
-23.533831769;-46.439576561;786.6;22350;76.31457975986278;819.2145797598628;Line 83;0;262.010567077695
-23.533866729;-46.43986793;788.5;22320;76.21214408233276;819.1121440823327;Line 83;0;262.010567077695
-23.533901689;-46.440159299;790.7;22290;76.10970840480275;819.0097084048027;Line 83;0;262.010567077695
-23.533936648;-46.440450668;793.1;22260;76.00727272727272;818.9072727272727;Line 83;0;262.010567077695
-23.533971606;-46.440742038;795.6;22230;75.9048370497427;818.8048370497427;Line 83;0;262.010567077695
-23.534006564;-46.441033407;797.7;22200;75.8024013722127;818.7024013722126;Line 83;0;262.010567077695
-23.534041522;-46.441324777;799.7;22170;75.69996569468267;818.5999656946826;Line 83;0;262.010567077695
-23.534076479;-46.441616146;801.6;22140;75.59753001715266;818.4975300171526;Line 83;0;262.010567077695
-23.534111435;-46.441907516;801.7;22110;75.49509433962264;818.3950943396226;Line 83;0;262.010567077695
-23.534146391;-46.442198886;801.4;22080;75.39265866209261;818.2926586620925;Line 83;0;262.010567077695
-23.534181346;-46.442490256;800.9;22050;75.2902229845626;818.1902229845625;Line 83;0;262.010567077695
-23.5342163;-46.442781626;799.7;22020;75.18778730703258;818.0877873070326;Line 83;0;262.010567077695
-23.534251254;-46.443072997;798.4;21990;75.08535162950257;817.9853516295026;Line 83;0;262.010567077695
-23.534286208;-46.443364367;797.2;21960;74.98291595197256;817.8829159519726;Line 83;0;262.010567077695
-23.534321161;-46.443655738;796.0;21930;74.88048027444253;817.7804802744425;Line 83;0;262.010567077695
-23.534356113;-46.443947108;794.7;21900;74.77804459691252;817.6780445969125;Line 83;0;262.010567077695
-23.534391065;-46.444238479;793.4;21870;74.6756089193825;817.5756089193825;Line 83;0;262.010567077695
-23.534426017;-46.44452985;792.3;21840;74.57317324185249;817.4731732418525;Line 83;0;262.010567077695
-23.534460967;-46.444821221;791.3;21810;74.47073756432246;817.3707375643224;Line 83;0;262.010567077695
-23.534495918;-46.445112592;789.8;21780;74.36830188679245;817.2683018867924;Line 83;0;262.010567077695
-23.534530867;-46.445403964;787.9;21750;74.26586620926244;817.1658662092624;Line 83;0;262.010567077695
-23.534565816;-46.445695335;786.2;21720;74.16343053173242;817.0634305317324;Line 83;0;262.010567077695
-23.534600765;-46.445986707;783.9;21690;74.0609948542024;816.9609948542023;Line 83;0;262.010567077695
-23.534635713;-46.446278078;781.1;21660;73.95855917667238;816.8585591766723;Line 83;0;262.010567077695
-23.53467066;-46.44656945;778.5;21630;73.85612349914236;816.7561234991423;Line 83;0;262.010567077695
-23.534705607;-46.446860822;776.0;21600;73.75368782161235;816.6536878216123;Line 83;0;262.010567077695
-23.534740553;-46.447152194;773.4;21570;73.65125214408232;816.5512521440824;Line 83;0;262.010567077695
-23.534775499;-46.447443566;770.7;21540;73.54881646655232;816.4488164665523;Line 83;0;262.010567077695
-23.534810444;-46.447734939;768.4;21510;73.4463807890223;816.3463807890223;Line 83;0;262.010567077695
-23.534845389;-46.448026311;766.1;21480;73.34394511149227;816.2439451114923;Line 83;0;262.010567077695
-23.534880333;-46.448317684;763.6;21450;73.24150943396226;816.1415094339623;Line 83;0;262.010567077695
-23.534915277;-46.448609056;762.5;21420;73.13907375643224;816.0390737564322;Line 83;0;262.010567077695
-23.53495022;-46.448900429;761.3;21390;73.03663807890223;815.9366380789022;Line 83;0;262.010567077695
-23.534985162;-46.449191802;760.2;21360;72.9342024013722;815.8342024013722;Line 83;0;262.010567077695
-23.535020104;-46.449483175;760.7;21330;72.8317667238422;815.7317667238422;Line 83;0;262.010567077695
-23.535055046;-46.449774548;761.1;21300;72.72933104631218;815.6293310463121;Line 83;0;262.010567077695
-23.535089986;-46.450065921;761.1;21270;72.62689536878216;815.5268953687821;Line 83;0;262.010567077695
-23.535124927;-46.450357295;760.4;21240;72.52445969125215;815.4244596912521;Line 83;0;262.010567077695
-23.535159866;-46.450648668;759.6;21210;72.42202401372212;815.3220240137221;Line 83;0;262.010567077695
-23.535194805;-46.450940042;758.4;21180;72.3195883361921;815.219588336192;Line 83;0;262.010567077695
-23.535229744;-46.451231416;756.7;21150;72.21715265866209;815.117152658662;Line 83;0;262.010567077695
-23.535264682;-46.45152279;755.1;21120;72.11471698113208;815.0147169811321;Line 83;0;262.010567077695
-23.535299619;-46.451814164;753.5;21090;72.01228130360207;814.9122813036021;Line 83;0;262.010567077695
-23.535334556;-46.452105538;752.1;21060;71.90984562607204;814.809845626072;Line 83;0;262.010567077695
-23.535369493;-46.452396912;750.9;21030;71.80740994854202;814.707409948542;Line 83;0;262.010567077695
-23.535404429;-46.452688286;750.6;21000;71.704974271012;814.604974271012;Line 83;0;262.010567077695
-23.535439364;-46.452979661;750.8;20970;71.60253859348198;814.502538593482;Line 83;0;262.010567077695
-23.535474299;-46.453271035;751.1;20940;71.50010291595197;814.400102915952;Line 83;0;262.010567077695
-23.535509233;-46.45356241;751.8;20910;71.39766723842196;814.2976672384219;Line 83;0;262.010567077695
-23.535544166;-46.453853785;752.6;20880;71.29523156089193;814.1952315608919;Line 83;0;262.010567077695
-23.535579099;-46.45414516;753.3;20850;71.19279588336192;814.0927958833619;Line 83;0;262.010567077695
-23.535614032;-46.454436535;753.6;20820;71.0903602058319;813.9903602058318;Line 83;0;262.010567077695
-23.535648964;-46.45472791;753.7;20790;70.98792452830189;813.8879245283018;Line 83;0;262.010567077695
-23.535683895;-46.455019286;753.8;20760;70.88548885077186;813.7854888507718;Line 83;0;262.010567077695
-23.535718826;-46.455310661;752.8;20730;70.78305317324184;813.6830531732418;Line 83;0;262.010567077695
-23.535753756;-46.455602037;751.8;20700;70.68061749571183;813.5806174957117;Line 83;0;262.010567077695
-23.535788686;-46.455893413;750.9;20670;70.57818181818182;813.4781818181818;Line 83;0;262.010567077695
-23.535823615;-46.456184788;750.6;20640;70.47574614065181;813.3757461406518;Line 83;0;262.010567077695
-23.535858544;-46.456476164;750.2;20610;70.37331046312178;813.2733104631218;Line 83;0;262.010567077695
-23.535893472;-46.456767541;750.6;20580;70.27087478559176;813.1708747855918;Line 83;0;262.010567077695
-23.535928399;-46.457058917;752.1;20550;70.16843910806175;813.0684391080617;Line 83;0;262.010567077695
-23.535963326;-46.457350293;753.5;20520;70.06600343053172;812.9660034305317;Line 83;0;262.010567077695
-23.535998253;-46.45764167;755.0;20490;69.96356775300171;812.8635677530017;Line 83;0;262.010567077695
-23.536033179;-46.457933046;756.9;20460;69.8611320754717;812.7611320754717;Line 83;0;262.010567077695
-23.536068104;-46.458224423;758.8;20430;69.75869639794169;812.6586963979416;Line 83;0;262.010567077695
-23.536103029;-46.4585158;759.4;20400;69.65626072041167;812.5562607204116;Line 83;0;262.010567077695
-23.536137953;-46.458807177;759.5;20370;69.55382504288164;812.4538250428816;Line 83;0;262.010567077695
-23.536172876;-46.459098554;759.7;20340;69.45138936535163;812.3513893653516;Line 83;0;262.010567077695
-23.536207799;-46.459389931;760.4;20310;69.3489536878216;812.2489536878215;Line 83;0;262.010567077695
-23.536242722;-46.459681308;761.2;20280;69.2465180102916;812.1465180102916;Line 83;0;262.010567077695
-23.536277644;-46.459972686;762.2;20250;69.14408233276158;812.0440823327616;Line 83;0;262.010567077695
-23.536312565;-46.460264063;765.2;20220;69.04164665523156;811.9416466552316;Line 83;0;262.010567077695
-23.536347486;-46.460555441;768.6;20190;68.93921097770155;811.8392109777016;Line 83;0;262.010567077695
-23.536382407;-46.460846819;772.0;20160;68.83677530017152;811.7367753001715;Line 83;0;262.010567077695
-23.536417326;-46.461138197;775.1;20130;68.73433962264151;811.6343396226415;Line 83;0;262.010567077695
-23.536452246;-46.461429575;778.3;20100;68.63190394511149;811.5319039451115;Line 83;0;262.010567077695
-23.536487164;-46.461720953;781.5;20070;68.52946826758146;811.4294682675815;Line 83;0;262.010567077695
-23.536522082;-46.462012331;784.8;20040;68.42703259005145;811.3270325900514;Line 83;0;262.010567077695
-23.536557;-46.46230371;787.9;20010;68.32459691252144;811.2245969125214;Line 83;0;262.010567077695
-23.536591917;-46.462595088;790.2;19980;68.22216123499143;811.1221612349914;Line 83;0;262.010567077695
-23.536626833;-46.462886467;790.7;19950;68.11972555746141;811.0197255574614;Line 83;0;262.010567077695
-23.536661749;-46.463177846;791.0;19920;68.01728987993138;810.9172898799313;Line 83;0;262.010567077695
-23.536696664;-46.463469225;790.7;19890;67.91485420240137;810.8148542024013;Line 83;0;262.010567077695
-23.536731579;-46.463760604;790.1;19860;67.81241852487135;810.7124185248713;Line 83;0;262.010567077695
-23.536766493;-46.464051983;789.4;19830;67.70998284734134;810.6099828473414;Line 83;0;262.010567077695
-23.536801407;-46.464343362;789.8;19800;67.60754716981133;810.5075471698113;Line 83;0;262.010567077695
-23.53683632;-46.464634742;790.9;19770;67.5051114922813;810.4051114922813;Line 83;0;262.010567077695
-23.536871233;-46.464926121;792.2;19740;67.40267581475129;810.3026758147513;Line 83;0;262.010567077695
-23.536906145;-46.465217501;794.8;19710;67.30024013722127;810.2002401372213;Line 83;0;262.010567077695
-23.536941056;-46.46550888;797.9;19680;67.19780445969126;810.0978044596912;Line 83;0;262.010567077695
-23.536975967;-46.46580026;801.1;19650;67.09536878216123;809.9953687821612;Line 83;0;262.010567077695
-23.537010877;-46.46609164;801.7;19620;66.9929331046312;809.8929331046312;Line 83;0;262.010567077695
-23.537045787;-46.466383021;801.8;19590;66.89049742710121;809.7904974271012;Line 83;0;262.010567077695
-23.537080696;-46.466674401;802.0;19560;66.78806174957118;809.6880617495711;Line 83;0;262.010567077695
-23.537115605;-46.466965781;800.0;19530;66.68562607204117;809.5856260720411;Line 83;0;262.010567077695
-23.537150513;-46.467257162;797.9;19500;66.58319039451115;809.4831903945111;Line 83;0;262.010567077695
-23.537185421;-46.467548542;796.0;19470;66.48075471698112;809.3807547169811;Line 83;0;262.010567077695
-23.537220328;-46.467839923;795.6;19440;66.37831903945111;809.278319039451;Line 83;0;262.010567077695
-23.537255234;-46.468131304;795.0;19410;66.27588336192109;809.175883361921;Line 83;0;262.010567077695
-23.53729014;-46.468422685;795.0;19380;66.17344768439109;809.0734476843911;Line 83;0;262.010567077695
-23.537325046;-46.468714066;796.2;19350;66.07101200686107;808.9710120068611;Line 83;0;262.010567077695
-23.53735995;-46.469005447;797.4;19320;65.96857632933104;808.8685763293311;Line 83;0;262.010567077695
-23.537394855;-46.469296829;798.9;19290;65.86614065180103;808.766140651801;Line 83;0;262.010567077695
-23.537429758;-46.46958821;800.5;19260;65.76370497427101;808.663704974271;Line 83;0;262.010567077695
-23.537464662;-46.469879592;802.3;19230;65.661269296741;808.561269296741;Line 83;0;262.010567077695
-23.537499564;-46.470170973;803.0;19200;65.55883361921097;808.458833619211;Line 83;0;262.010567077695
-23.537534466;-46.470462355;802.6;19170;65.45639794168096;808.3563979416809;Line 83;0;262.010567077695
-23.537569368;-46.470753737;802.2;19140;65.35396226415095;808.2539622641509;Line 83;0;262.010567077695
-23.537604269;-46.471045119;801.7;19110;65.25152658662093;808.1515265866209;Line 83;0;262.010567077695
-23.537639169;-46.471336502;801.0;19080;65.14909090909092;808.0490909090909;Line 83;0;262.010567077695
-23.537674069;-46.471627884;800.4;19050;65.04665523156089;807.9466552315608;Line 83;0;262.010567077695
-23.537708968;-46.471919266;801.5;19020;64.94421955403087;807.8442195540308;Line 83;0;262.010567077695
-23.537743867;-46.472210649;802.8;18990;64.84178387650086;807.7417838765008;Line 83;0;262.010567077695
-23.537778765;-46.472502032;804.0;18960;64.73934819897084;807.6393481989708;Line 83;0;262.010567077695
-23.537813663;-46.472793415;803.7;18930;64.63691252144083;807.5369125214409;Line 83;0;262.010567077695
-23.53784856;-46.473084798;803.4;18900;64.53447684391081;807.4344768439108;Line 83;0;262.010567077695
-23.537883456;-46.473376181;803.0;18870;64.43204116638078;807.3320411663808;Line 83;0;262.010567077695
-23.537918352;-46.473667564;802.5;18840;64.32960548885077;807.2296054888508;Line 83;0;262.010567077695
-23.537953247;-46.473958947;801.9;18810;64.22716981132075;807.1271698113208;Line 83;0;262.010567077695
-23.537988142;-46.474250331;801.9;18780;64.12473413379074;807.0247341337907;Line 83;0;262.010567077695
-23.538023037;-46.474541714;803.1;18750;64.02229845626071;806.9222984562607;Line 83;0;262.010567077695
-23.53805793;-46.474833098;804.6;18720;63.919862778730696;806.8198627787307;Line 83;0;262.010567077695
-23.538092823;-46.475124482;807.1;18690;63.817427101200686;806.7174271012007;Line 83;1;262.010567077695
-23.538127716;-46.475415866;810.9;18660;63.71499142367067;806.6149914236706;Line 83;1;262.010567077695
-23.538162608;-46.47570725;814.7;18630;63.61255574614066;806.5125557461406;Line 83;1;262.010567077695
-23.5381975;-46.475998634;816.7;18600;63.51012006861063;806.4101200686106;Line 83;1;262.010567077695
-23.538232391;-46.476290018;817.3;18570;63.407684391080615;806.3076843910806;Line 83;1;262.010567077695
-23.538267281;-46.476581402;818.0;18540;63.305248713550604;806.2052487135505;Line 83;1;262.010567077695
-23.538302171;-46.476872787;818.3;18510;63.20281303602058;806.1028130360205;Line 83;1;262.010567077695
-23.53833706;-46.477164172;818.6;18480;63.10037735849057;806.0003773584906;Line 83;1;262.010567077695
-23.538371949;-46.477455556;818.8;18450;62.99794168096055;805.8979416809606;Line 83;1;262.010567077695
-23.538406837;-46.477746941;817.6;18420;62.895506003430526;805.7955060034305;Line 83;1;262.010567077695
-23.538441725;-46.478038326;816.1;18390;62.793070325900516;805.6930703259005;Line 83;1;262.010567077695
-23.538476612;-46.478329712;814.7;18360;62.6906346483705;805.5906346483705;Line 83;1;262.010567077695
-23.538511498;-46.478621097;812.6;18330;62.58819897084049;805.4881989708405;Line 83;1;262.010567077695
-23.538546384;-46.478912482;810.3;18300;62.48576329331046;805.3857632933104;Line 83;1;262.010567077695
-23.53858127;-46.479203868;807.9;18270;62.38332761578044;805.2833276157804;Line 83;1;262.010567077695
-23.538616155;-46.479495253;805.5;18240;62.280891938250434;805.1808919382504;Line 83;1;262.010567077695
-23.538651039;-46.479786639;802.9;18210;62.17845626072041;805.0784562607204;Line 83;0;262.010567077695
-23.538685923;-46.480078025;800.3;18180;62.0760205831904;804.9760205831903;Line 83;0;262.010567077695
-23.538720806;-46.480369411;798.3;18150;61.973584905660374;804.8735849056603;Line 83;0;262.010567077695
-23.538755689;-46.480660797;796.4;18120;61.871149228130356;804.7711492281303;Line 83;0;262.010567077695
-23.538790571;-46.480952183;794.9;18090;61.768713550600346;804.6687135506003;Line 83;0;262.010567077695
-23.538825452;-46.48124357;793.9;18060;61.66627787307032;804.5662778730702;Line 83;0;262.010567077695
-23.538860333;-46.481534956;792.8;18030;61.56384219554032;804.4638421955403;Line 83;0;262.010567077695
-23.538895214;-46.481826343;791.5;18000;61.46140651801029;804.3614065180103;Line 83;0;262.010567077695
-23.538930094;-46.48211773;789.9;17970;61.35897084048027;804.2589708404803;Line 83;0;262.010567077695
-23.538964973;-46.482409116;788.4;17940;61.25653516295026;804.1565351629503;Line 83;0;262.010567077695
-23.538999852;-46.482700503;786.7;17910;61.15409948542024;804.0540994854202;Line 83;0;262.010567077695
-23.53903473;-46.482991891;784.9;17880;61.05166380789023;803.9516638078902;Line 83;0;262.010567077695
-23.539069608;-46.483283278;783.1;17850;60.949228130360204;803.8492281303602;Line 83;0;262.010567077695
-23.539104485;-46.483574665;782.3;17820;60.84679245283019;803.7467924528302;Line 83;0;262.010567077695
-23.539139361;-46.483866053;781.7;17790;60.744356775300176;803.6443567753001;Line 83;0;262.010567077695
-23.539174237;-46.48415744;781.1;17760;60.64192109777015;803.5419210977701;Line 83;0;262.010567077695
-23.539209113;-46.484448828;782.3;17730;60.53948542024014;803.4394854202401;Line 83;0;262.010567077695
-23.539243988;-46.484740216;783.7;17700;60.43704974271012;803.3370497427101;Line 83;0;262.010567077695
-23.539278862;-46.485031604;785.1;17670;60.3346140651801;803.23461406518;Line 83;0;262.010567077695
-23.539313736;-46.485322992;787.2;17640;60.23217838765009;803.13217838765;Line 83;0;262.010567077695
-23.539348609;-46.48561438;789.1;17610;60.12974271012006;803.02974271012;Line 83;0;262.010567077695
-23.539383482;-46.485905768;791.0;17580;60.02730703259006;802.9273070325901;Line 83;0;262.010567077695
-23.539418354;-46.486197157;792.7;17550;59.924871355060034;802.82487135506;Line 83;0;262.010567077695
-23.539453225;-46.486488545;794.3;17520;59.82243567753002;802.72243567753;Line 83;0;262.010567077695
-23.539488096;-46.486779934;796.0;17490;59.72;802.62;Line 83;0;262.010567077695
-23.539522967;-46.487071323;798.4;17460;59.61756432246998;802.51756432247;Line 83;0;262.010567077695
-23.539557837;-46.487362712;800.8;17430;59.51512864493996;802.41512864494;Line 83;0;262.010567077695
-23.539592706;-46.487654101;803.5;17400;59.412692967409946;802.3126929674099;Line 83;1;262.010567077695
-23.539627575;-46.48794549;806.2;17370;59.310257289879935;802.2102572898799;Line 83;1;262.010567077695
-23.539662443;-46.488236879;809.1;17340;59.20782161234991;802.1078216123499;Line 83;1;262.010567077695
-23.539697311;-46.488528269;810.7;17310;59.10538593481989;802.0053859348199;Line 83;1;262.010567077695
-23.539732178;-46.488819658;812.0;17280;59.00295025728988;801.9029502572898;Line 83;1;262.010567077695
-23.539767045;-46.489111048;813.4;17250;58.900514579759864;801.8005145797598;Line 83;1;262.010567077695
-23.539801911;-46.489402438;814.5;17220;58.79807890222985;801.6980789022298;Line 83;1;262.010567077695
-23.539836776;-46.489693827;815.7;17190;58.69564322469982;801.5956432246998;Line 83;1;262.010567077695
-23.539871641;-46.489985217;816.9;17160;58.59320754716981;801.4932075471697;Line 83;1;262.010567077695
-23.539906505;-46.490276608;817.0;17130;58.490771869639794;801.3907718696398;Line 83;1;262.010567077695
-23.539941369;-46.490567998;816.9;17100;58.388336192109776;801.2883361921098;Line 83;1;262.010567077695
-23.539976233;-46.490859388;816.7;17070;58.28590051457976;801.1859005145798;Line 83;1;262.010567077695
-23.540011095;-46.491150779;815.1;17040;58.18346483704974;801.0834648370497;Line 83;1;262.010567077695
-23.540045957;-46.491442169;813.4;17010;58.08102915951972;800.9810291595197;Line 83;1;262.010567077695
-23.540080819;-46.49173356;811.6;16980;57.978593481989705;800.8785934819897;Line 83;1;262.010567077695
-23.54011568;-46.492024951;809.8;16950;57.876157804459694;800.7761578044597;Line 83;1;262.010567077695
-23.540150541;-46.492316342;808.0;16920;57.77372212692968;800.6737221269296;Line 83;1;262.010567077695
-23.5401854;-46.492607733;805.9;16890;57.67128644939965;800.5712864493996;Line 83;1;262.010567077695
-23.54022026;-46.492899124;803.5;16860;57.568850771869634;800.4688507718696;Line 83;1;262.010567077695
-23.540255119;-46.493190516;801.1;16830;57.466415094339624;800.3664150943396;Line 83;1;262.010567077695
-23.540289977;-46.493481907;799.1;16800;57.363979416809606;800.2639794168095;Line 83;0;262.010567077695
-23.540324835;-46.493773299;797.4;16770;57.26154373927959;800.1615437392795;Line 83;0;262.010567077695
-23.540359692;-46.494064691;795.6;16740;57.15910806174957;800.0591080617495;Line 83;0;262.010567077695
-23.540394549;-46.494356082;793.8;16710;57.05667238421955;799.9566723842195;Line 83;0;262.010567077695
-23.540429405;-46.494647474;792.1;16680;56.954236706689535;799.8542367066896;Line 83;0;262.010567077695
-23.54046426;-46.494938866;790.6;16650;56.85180102915952;799.7518010291595;Line 83;0;262.010567077695
-23.540499115;-46.495230259;789.9;16620;56.74936535162951;799.6493653516295;Line 83;0;262.010567077695
-23.540533969;-46.495521651;789.6;16590;56.64692967409948;799.5469296740995;Line 83;0;262.010567077695
-23.540568823;-46.495813043;789.5;16560;56.544493996569464;799.4444939965695;Line 83;0;262.010567077695
-23.540603677;-46.496104436;792.6;16530;56.44205831903945;799.3420583190394;Line 83;0;262.010567077695
-23.540638529;-46.496395829;795.8;16500;56.339622641509436;799.2396226415094;Line 83;0;262.010567077695
-23.540673382;-46.496687222;799.0;16470;56.23718696397942;799.1371869639794;Line 83;0;262.010567077695
-23.540708233;-46.496978615;800.6;16440;56.134751286449394;799.0347512864494;Line 83;1;262.010567077695
-23.540743084;-46.497270008;802.0;16410;56.03231560891938;798.9323156089193;Line 83;1;262.010567077695
-23.540777935;-46.497561401;802.7;16380;55.929879931389365;798.8298799313893;Line 83;1;262.010567077695
-23.540812785;-46.497852794;801.7;16350;55.82744425385935;798.7274442538593;Line 83;1;262.010567077695
-23.540847634;-46.498144188;800.6;16320;55.72500857632933;798.6250085763293;Line 83;1;262.010567077695
-23.540882483;-46.498435581;799.1;16290;55.62257289879931;798.5225728987992;Line 83;1;262.010567077695
-23.540917331;-46.498726975;797.5;16260;55.520137221269295;798.4201372212692;Line 83;0;262.010567077695
-23.540952179;-46.499018369;796.1;16230;55.41770154373928;798.3177015437393;Line 83;0;262.010567077695
-23.540987026;-46.499309762;794.8;16200;55.31526586620926;798.2152658662093;Line 83;0;262.010567077695
-23.541021873;-46.499601156;793.8;16170;55.21283018867925;798.1128301886793;Line 83;0;262.010567077695
-23.541056719;-46.499892551;792.8;16140;55.110394511149224;798.0103945111492;Line 83;0;262.010567077695
-23.541091565;-46.500183945;791.4;16110;55.007958833619206;797.9079588336192;Line 83;0;262.010567077695
-23.54112641;-46.500475339;789.6;16080;54.905523156089195;797.8055231560892;Line 83;0;262.010567077695
-23.541161254;-46.500766734;787.8;16050;54.80308747855918;797.7030874785592;Line 83;0;262.010567077695
-23.541196098;-46.501058128;787.8;16020;54.70065180102916;797.6006518010291;Line 83;0;262.010567077695
-23.541230941;-46.501349523;788.3;15990;54.598216123499135;797.4982161234991;Line 83;0;262.010567077695
-23.541265784;-46.501640918;788.9;15960;54.495780445969125;797.3957804459691;Line 83;0;262.010567077695
-23.541300626;-46.501932313;789.0;15930;54.39334476843911;797.293344768439;Line 83;0;262.010567077695
-23.541335468;-46.502223708;789.3;15900;54.29090909090909;797.190909090909;Line 83;0;262.010567077695
-23.541370309;-46.502515103;789.5;15870;54.18847341337908;797.088473413379;Line 83;0;262.010567077695
-23.541405149;-46.502806499;787.2;15840;54.086037735849054;796.986037735849;Line 83;0;262.010567077695
-23.541439989;-46.503097894;785.0;15810;53.983602058319036;796.883602058319;Line 83;0;262.010567077695
-23.541474829;-46.50338929;782.7;15780;53.88116638078902;796.781166380789;Line 83;0;262.010567077695
-23.541509668;-46.503680686;779.3;15750;53.77873070325901;796.678730703259;Line 83;0;262.010567077695
-23.541544506;-46.503972082;775.8;15720;53.67629502572899;796.576295025729;Line 83;0;262.010567077695
-23.541579344;-46.504263478;772.8;15690;53.573859348198965;796.473859348199;Line 83;0;262.010567077695
-23.541614181;-46.504554874;771.0;15660;53.47142367066895;796.371423670669;Line 83;0;262.010567077695
-23.541649018;-46.50484627;769.1;15630;53.36898799313894;796.2689879931389;Line 83;0;262.010567077695
-23.541683854;-46.505137666;768.5;15600;53.26655231560892;796.1665523156089;Line 83;0;262.010567077695
-23.54171869;-46.505429063;769.4;15570;53.1641166380789;796.0641166380789;Line 83;0;262.010567077695
-23.541753525;-46.505720459;769.9;15540;53.061680960548884;795.9616809605488;Line 83;0;262.010567077695
-23.541788359;-46.506011856;770.9;15510;52.959245283018866;795.8592452830188;Line 83;0;262.010567077695
-23.541823193;-46.506303253;772.3;15480;52.85680960548885;795.7568096054888;Line 83;0;262.010567077695
-23.541858026;-46.50659465;773.7;15450;52.75437392795883;795.6543739279588;Line 83;0;262.010567077695
-23.541892859;-46.506886047;773.9;15420;52.65193825042882;795.5519382504287;Line 83;0;262.010567077695
-23.541927691;-46.507177444;773.6;15390;52.549502572898795;795.4495025728987;Line 83;0;262.010567077695
-23.541962523;-46.507468841;773.6;15360;52.44706689536878;795.3470668953687;Line 83;0;262.010567077695
-23.541997354;-46.507760239;771.5;15330;52.34463121783877;795.2446312178388;Line 83;0;262.010567077695
-23.542032185;-46.508051636;769.1;15300;52.24219554030875;795.1421955403088;Line 83;0;262.010567077695
-23.542067015;-46.508343034;766.6;15270;52.13975986277873;795.0397598627787;Line 83;0;262.010567077695
-23.542101844;-46.508634432;765.0;15240;52.03732418524871;794.9373241852487;Line 83;0;262.010567077695
-23.542136673;-46.50892583;763.5;15210;51.934888507718696;794.8348885077187;Line 83;0;262.010567077695
-23.542171501;-46.509217228;762.1;15180;51.83245283018868;794.7324528301887;Line 83;0;262.010567077695
-23.542206329;-46.509508626;761.1;15150;51.73001715265866;794.6300171526586;Line 83;0;262.010567077695
-23.542241157;-46.509800024;760.2;15120;51.62758147512864;794.5275814751286;Line 83;0;262.010567077695
-23.542275983;-46.510091423;758.9;15090;51.525145797598626;794.4251457975986;Line 83;0;262.010567077695
-23.542310809;-46.510382821;756.7;15060;51.42271012006861;794.3227101200686;Line 83;0;262.010567077695
-23.542345635;-46.51067422;754.6;15030;51.32027444253859;794.2202744425385;Line 83;0;262.010567077695
-23.54238046;-46.510965618;752.4;15000;51.21783876500858;794.1178387650085;Line 83;0;262.010567077695
-23.542415285;-46.511257017;750.3;14970;51.11540308747856;794.0154030874785;Line 83;0;262.010567077695
-23.542450108;-46.511548416;748.5;14940;51.01296740994854;793.9129674099485;Line 83;0;262.010567077695
-23.542484932;-46.511839815;749.2;14910;50.91053173241852;793.8105317324184;Line 83;0;262.010567077695
-23.542519755;-46.512131215;751.5;14880;50.80809605488851;793.7080960548885;Line 83;0;262.010567077695
-23.542554577;-46.512422614;753.8;14850;50.70566037735849;793.6056603773585;Line 83;0;262.010567077695
-23.542589399;-46.512714014;754.7;14820;50.60322469982847;793.5032246998285;Line 83;0;262.010567077695
-23.54262422;-46.513005413;755.1;14790;50.500789022298456;793.4007890222985;Line 83;0;262.010567077695
-23.54265904;-46.513296813;755.5;14760;50.39835334476844;793.2983533447684;Line 83;0;262.010567077695
-23.54269386;-46.513588213;756.8;14730;50.29591766723842;793.1959176672384;Line 83;0;262.010567077695
-23.54272868;-46.513879613;758.1;14700;50.1934819897084;793.0934819897084;Line 83;0;262.010567077695
-23.542763499;-46.514171013;759.3;14670;50.09104631217839;792.9910463121784;Line 83;0;262.010567077695
-23.542798317;-46.514462413;762.6;14640;49.98861063464837;792.8886106346483;Line 83;0;262.010567077695
-23.542833135;-46.514753813;765.9;14610;49.88617495711835;792.7861749571183;Line 83;0;262.010567077695
-23.542867952;-46.515045214;769.2;14580;49.78373927958833;792.6837392795883;Line 83;0;262.010567077695
-23.542902769;-46.515336614;771.9;14550;49.68130360205832;792.5813036020583;Line 83;0;262.010567077695
-23.542937585;-46.515628015;774.8;14520;49.5788679245283;792.4788679245282;Line 83;0;262.010567077695
-23.542972401;-46.515919416;777.0;14490;49.47643224699828;792.3764322469982;Line 83;0;262.010567077695
-23.543007216;-46.516210817;777.4;14460;49.37399656946827;792.2739965694683;Line 83;0;262.010567077695
-23.54304203;-46.516502218;777.8;14430;49.27156089193825;792.1715608919383;Line 83;0;262.010567077695
-23.543076844;-46.516793619;777.6;14400;49.16912521440823;792.0691252144082;Line 83;0;262.010567077695
-23.543111658;-46.51708502;776.6;14370;49.066689536878215;791.9666895368782;Line 83;0;262.010567077695
-23.543146471;-46.517376422;775.7;14340;48.9642538593482;791.8642538593482;Line 83;0;262.010567077695
-23.543181283;-46.517667823;775.0;14310;48.86181818181818;791.7618181818182;Line 83;0;262.010567077695
-23.543216095;-46.517959225;774.5;14280;48.75938250428816;791.6593825042881;Line 83;0;262.010567077695
-23.543250906;-46.518250627;774.0;14250;48.656946826758144;791.5569468267581;Line 83;0;262.010567077695
-23.543285717;-46.518542029;774.1;14220;48.554511149228134;791.4545111492281;Line 83;0;262.010567077695
-23.543320527;-46.518833431;774.2;14190;48.45207547169811;791.3520754716981;Line 83;0;262.010567077695
-23.543355336;-46.519124833;774.2;14160;48.34963979416809;791.249639794168;Line 83;0;262.010567077695
-23.543390145;-46.519416235;775.6;14130;48.24720411663808;791.147204116638;Line 83;0;262.010567077695
-23.543424954;-46.519707638;777.1;14100;48.14476843910806;791.044768439108;Line 83;0;262.010567077695
-23.543459761;-46.51999904;778.6;14070;48.042332761578045;790.942332761578;Line 83;0;262.010567077695
-23.543494569;-46.520290443;780.0;14040;47.93989708404802;790.839897084048;Line 83;0;262.010567077695
-23.543529375;-46.520581845;781.1;14010;47.83746140651801;790.737461406518;Line 83;0;262.010567077695
-23.543564182;-46.520873248;781.8;13980;47.73502572898799;790.635025728988;Line 83;0;262.010567077695
-23.543598987;-46.521164651;781.2;13950;47.632590051457974;790.532590051458;Line 83;0;262.010567077695
-23.543633792;-46.521456054;780.5;13920;47.53015437392796;790.430154373928;Line 83;0;262.010567077695
-23.543668597;-46.521747458;779.7;13890;47.42771869639794;790.3277186963979;Line 83;0;262.010567077695
-23.543703401;-46.522038861;778.6;13860;47.32528301886792;790.2252830188679;Line 83;0;262.010567077695
-23.543738204;-46.522330265;777.5;13830;47.2228473413379;790.1228473413379;Line 83;0;262.010567077695
-23.543773007;-46.522621668;775.6;13800;47.12041166380789;790.0204116638079;Line 83;0;262.010567077695
-23.543807809;-46.522913072;772.1;13770;47.017975986277875;789.9179759862778;Line 83;0;262.010567077695
-23.543842611;-46.523204476;768.7;13740;46.91554030874785;789.8155403087478;Line 83;0;262.010567077695
-23.543877412;-46.52349588;765.8;13710;46.81310463121783;789.7131046312178;Line 83;0;262.010567077695
-23.543912213;-46.523787284;763.2;13680;46.71066895368782;789.6106689536878;Line 83;0;262.010567077695
-23.543947013;-46.524078688;760.4;13650;46.608233276157804;789.5082332761577;Line 83;0;262.010567077695
-23.543981813;-46.524370092;760.0;13620;46.50579759862779;789.4057975986277;Line 83;0;262.010567077695
-23.544016612;-46.524661497;760.9;13590;46.40336192109777;789.3033619210978;Line 83;0;262.010567077695
-23.54405141;-46.524952901;762.1;13560;46.30092624356775;789.2009262435678;Line 83;0;262.010567077695
-23.544086208;-46.525244306;760.7;13530;46.198490566037734;789.0984905660378;Line 83;0;262.010567077695
-23.544121005;-46.525535711;758.8;13500;46.096054888507716;788.9960548885077;Line 83;0;262.010567077695
-23.544155802;-46.525827116;757.0;13470;45.993619210977705;788.8936192109777;Line 83;0;262.010567077695
-23.544190598;-46.526118521;753.1;13440;45.89118353344768;788.7911835334477;Line 83;0;262.010567077695
-23.544225394;-46.526409926;749.1;13410;45.78874785591766;788.6887478559177;Line 83;0;262.010567077695
-23.544260189;-46.526701331;745.3;13380;45.68631217838765;788.5863121783876;Line 83;0;262.010567077695
-23.544294984;-46.526992737;743.1;13350;45.583876500857635;788.4838765008576;Line 83;0;262.010567077695
-23.544329778;-46.527284142;740.9;13320;45.48144082332762;788.3814408233276;Line 83;0;262.010567077695
-23.544364571;-46.527575548;739.2;13290;45.37900514579759;788.2790051457976;Line 83;0;262.010567077695
-23.544399364;-46.527866954;738.9;13260;45.27656946826758;788.1765694682675;Line 83;0;262.010567077695
-23.544434156;-46.528158359;738.7;13230;45.174133790737564;788.0741337907375;Line 83;0;262.010567077695
-23.544468948;-46.528449765;738.4;13200;45.071698113207546;787.9716981132075;Line 83;0;262.010567077695
-23.544503739;-46.528741172;737.5;13170;44.96926243567753;787.8692624356775;Line 83;0;262.010567077695
-23.54453853;-46.529032578;736.8;13140;44.86682675814751;787.7668267581475;Line 83;0;262.010567077695
-23.54457332;-46.529323984;736.6;13110;44.76439108061749;787.6643910806175;Line 83;0;262.010567077695
-23.54460811;-46.529615391;736.8;13080;44.661955403087475;787.5619554030875;Line 83;0;262.010567077695
-23.544642899;-46.529906797;737.1;13050;44.559519725557465;787.4595197255575;Line 83;0;262.010567077695
-23.544677687;-46.530198204;737.5;13020;44.45708404802745;787.3570840480274;Line 83;0;262.010567077695
-23.544712475;-46.530489611;737.9;12990;44.35464837049742;787.2546483704974;Line 83;0;262.010567077695
-23.544747263;-46.530781018;738.3;12960;44.252212692967404;787.1522126929674;Line 83;0;262.010567077695
-23.544782049;-46.531072425;738.1;12930;44.149777015437394;787.0497770154374;Line 83;0;262.010567077695
-23.544816836;-46.531363832;737.8;12900;44.047341337907376;786.9473413379073;Line 83;0;262.010567077695
-23.544851621;-46.53165524;737.5;12870;43.94490566037736;786.8449056603773;Line 83;0;262.010567077695
-23.544886406;-46.531946647;737.9;12840;43.84246998284734;786.7424699828473;Line 83;0;262.010567077695
-23.544921191;-46.532238055;738.4;12810;43.74003430531732;786.6400343053173;Line 83;0;262.010567077695
-23.544955975;-46.532529462;738.8;12780;43.637598627787305;786.5375986277872;Line 83;0;262.010567077695
-23.544990758;-46.53282087;739.0;12750;43.53516295025729;786.4351629502572;Line 83;0;262.010567077695
-23.545025541;-46.533112278;739.0;12720;43.43272727272728;786.3327272727272;Line 83;0;262.010567077695
-23.545060324;-46.533403686;738.9;12690;43.33029159519725;786.2302915951973;Line 83;0;262.010567077695
-23.545095106;-46.533695094;738.3;12660;43.227855917667235;786.1278559176673;Line 83;0;262.010567077695
-23.545129887;-46.533986503;737.7;12630;43.12542024013722;786.0254202401372;Line 83;0;262.010567077695
-23.545164668;-46.534277911;737.6;12600;43.022984562607206;785.9229845626072;Line 83;0;262.010567077695
-23.545199448;-46.53456932;738.2;12570;42.92054888507719;785.8205488850772;Line 83;0;262.010567077695
-23.545234227;-46.534860728;738.8;12540;42.818113207547164;785.7181132075472;Line 83;0;262.010567077695
-23.545269006;-46.535152137;738.9;12510;42.71567753001715;785.6156775300171;Line 83;0;262.010567077695
-23.545303785;-46.535443546;738.7;12480;42.613241852487135;785.5132418524871;Line 83;0;262.010567077695
-23.545338563;-46.535734955;738.5;12450;42.51080617495712;785.4108061749571;Line 83;0;262.010567077695
-23.54537334;-46.536026364;738.1;12420;42.4083704974271;785.3083704974271;Line 83;0;262.010567077695
-23.545408117;-46.536317773;737.6;12390;42.30593481989708;785.205934819897;Line 83;0;262.010567077695
-23.545442893;-46.536609183;737.2;12360;42.203499142367065;785.103499142367;Line 83;0;262.010567077695
-23.545477669;-46.536900592;737.4;12330;42.10106346483705;785.001063464837;Line 83;0;262.010567077695
-23.545512444;-46.537192002;737.9;12300;41.99862778730703;784.898627787307;Line 83;0;262.010567077695
-23.545547219;-46.537483412;738.3;12270;41.89619210977702;784.7961921097769;Line 83;0;262.010567077695
-23.545581993;-46.537774822;738.6;12240;41.793756432246994;784.693756432247;Line 83;0;262.010567077695
-23.545616766;-46.538066231;739.0;12210;41.691320754716976;784.591320754717;Line 83;0;262.010567077695
-23.545651539;-46.538357642;739.3;12180;41.588885077186966;784.488885077187;Line 83;0;262.010567077695
-23.545686311;-46.538649052;739.5;12150;41.48644939965695;784.386449399657;Line 83;0;262.010567077695
-23.545721083;-46.538940462;739.6;12120;41.38401372212693;784.2840137221269;Line 83;0;262.010567077695
-23.545755855;-46.539231873;739.7;12090;41.281578044596905;784.1815780445969;Line 83;0;262.010567077695
-23.545790625;-46.539523283;739.9;12060;41.179142367066895;784.0791423670669;Line 83;0;262.010567077695
-23.545825395;-46.539814694;740.0;12030;41.07670668953688;783.9767066895369;Line 83;0;262.010567077695
-23.545860165;-46.540106105;740.4;12000;40.97427101200686;783.8742710120068;Line 83;0;262.010567077695
-23.545894934;-46.540397516;741.3;11970;40.87183533447684;783.7718353344768;Line 83;0;262.010567077695
-23.545929703;-46.540688927;742.2;11940;40.769399656946824;783.6693996569468;Line 83;0;262.010567077695
-23.545964471;-46.540980338;743.3;11910;40.666963979416806;783.5669639794168;Line 83;0;262.010567077695
-23.545999238;-46.541271749;744.4;11880;40.56452830188679;783.4645283018867;Line 83;0;262.010567077695
-23.546034005;-46.541563161;745.4;11850;40.46209262435678;783.3620926243567;Line 83;0;262.010567077695
-23.546068771;-46.541854572;746.6;11820;40.35965694682676;783.2596569468267;Line 83;0;262.010567077695
-23.546103537;-46.542145984;747.9;11790;40.257221269296735;783.1572212692968;Line 83;0;262.010567077695
-23.546138302;-46.542437396;749.1;11760;40.15478559176672;783.0547855917667;Line 83;0;262.010567077695
-23.546173067;-46.542728808;749.5;11730;40.05234991423671;782.9523499142367;Line 83;0;262.010567077695
-23.546207831;-46.54302022;749.7;11700;39.94991423670669;782.8499142367067;Line 83;0;262.010567077695
-23.546242594;-46.543311632;750.0;11670;39.84747855917667;782.7474785591767;Line 83;0;262.010567077695
-23.546277357;-46.543603044;749.1;11640;39.745042881646654;782.6450428816466;Line 83;0;262.010567077695
-23.54631212;-46.543894456;748.2;11610;39.642607204116636;782.5426072041166;Line 83;0;262.010567077695
-23.546346881;-46.544185869;747.3;11580;39.54017152658662;782.4401715265866;Line 83;0;262.010567077695
-23.546381643;-46.544477282;745.3;11550;39.4377358490566;782.3377358490566;Line 83;0;262.010567077695
-23.546416403;-46.544768694;743.2;11520;39.33530017152659;782.2353001715265;Line 83;0;262.010567077695
-23.546451164;-46.545060107;741.6;11490;39.232864493996566;782.1328644939965;Line 83;0;262.010567077695
-23.546485923;-46.54535152;742.1;11460;39.13042881646655;782.0304288164665;Line 83;0;262.010567077695
-23.546520682;-46.545642933;742.6;11430;39.02799313893654;781.9279931389365;Line 83;0;262.010567077695
-23.546555441;-46.545934347;743.9;11400;38.92555746140652;781.8255574614064;Line 83;0;262.010567077695
-23.546590199;-46.54622576;746.8;11370;38.8231217838765;781.7231217838764;Line 83;0;262.010567077695
-23.546624956;-46.546517173;749.6;11340;38.72068610634648;781.6206861063465;Line 83;0;262.010567077695
-23.546659713;-46.546808587;752.2;11310;38.61825042881647;781.5182504288165;Line 83;0;262.010567077695
-23.546694469;-46.547100001;754.7;11280;38.51581475128645;781.4158147512865;Line 83;0;262.010567077695
-23.546729225;-46.547391415;757.3;11250;38.41337907375643;781.3133790737564;Line 83;0;262.010567077695
-23.54676398;-46.547682828;759.8;11220;38.31094339622641;781.2109433962264;Line 83;0;262.010567077695
-23.546798735;-46.547974243;762.3;11190;38.208507718696396;781.1085077186964;Line 83;0;262.010567077695
-23.546833489;-46.548265657;764.8;11160;38.10607204116638;781.0060720411664;Line 83;0;262.010567077695
-23.546868243;-46.548557071;766.8;11130;38.00363636363636;780.9036363636363;Line 83;0;262.010567077695
-23.546902996;-46.548848486;768.5;11100;37.90120068610635;780.8012006861063;Line 83;0;262.010567077695
-23.546937748;-46.5491399;770.2;11070;37.79876500857633;780.6987650085763;Line 83;0;262.010567077695
-23.5469725;-46.549431315;770.0;11040;37.69632933104631;780.5963293310463;Line 83;0;262.010567077695
-23.547007251;-46.54972273;769.7;11010;37.59389365351629;780.4938936535162;Line 83;0;262.010567077695
-23.547042002;-46.550014144;769.3;10980;37.49145797598628;780.3914579759862;Line 83;0;262.010567077695
-23.547076752;-46.550305559;768.6;10950;37.38902229845626;780.2890222984562;Line 83;0;262.010567077695
-23.547111502;-46.550596975;767.8;10920;37.28658662092624;780.1865866209262;Line 83;0;262.010567077695
-23.547146251;-46.55088839;766.9;10890;37.184150943396226;780.0841509433963;Line 83;0;262.010567077695
-23.547181;-46.551179805;765.7;10860;37.08171526586621;779.9817152658662;Line 83;0;262.010567077695
-23.547215748;-46.551471221;764.5;10830;36.97927958833619;779.8792795883362;Line 83;0;262.010567077695
-23.547250495;-46.551762636;763.7;10800;36.87684391080617;779.7768439108062;Line 83;0;262.010567077695
-23.547285242;-46.552054052;764.0;10770;36.77440823327616;779.6744082332762;Line 83;0;262.010567077695
-23.547319988;-46.552345468;764.2;10740;36.67197255574614;779.5719725557461;Line 83;0;262.010567077695
-23.547354734;-46.552636884;764.9;10710;36.56953687821612;779.4695368782161;Line 83;0;262.010567077695
-23.547389479;-46.5529283;765.9;10680;36.4671012006861;779.3671012006861;Line 83;0;262.010567077695
-23.547424224;-46.553219716;767.1;10650;36.36466552315609;779.264665523156;Line 83;0;262.010567077695
-23.547458968;-46.553511133;768.5;10620;36.262229845626074;779.162229845626;Line 83;0;262.010567077695
-23.547493711;-46.553802549;770.2;10590;36.15979416809605;779.059794168096;Line 83;0;262.010567077695
-23.547528454;-46.554093966;771.8;10560;36.05735849056604;778.957358490566;Line 83;0;262.010567077695
-23.547563197;-46.554385383;772.3;10530;35.95492281303602;778.854922813036;Line 83;0;262.010567077695
-23.547597939;-46.554676799;772.3;10500;35.852487135506;778.7524871355059;Line 83;0;262.010567077695
-23.54763268;-46.554968216;772.3;10470;35.750051457975985;778.6500514579759;Line 83;0;262.010567077695
-23.547667421;-46.555259633;774.1;10440;35.64761578044597;778.547615780446;Line 83;0;262.010567077695
-23.547702161;-46.555551051;776.1;10410;35.54518010291595;778.445180102916;Line 83;0;262.010567077695
-23.547736901;-46.555842468;778.0;10380;35.44274442538593;778.342744425386;Line 83;0;262.010567077695
-23.54777164;-46.556133885;779.5;10350;35.340308747855914;778.2403087478559;Line 83;1;262.010567077695
-23.547806379;-46.556425303;781.2;10320;35.237873070325904;778.1378730703259;Line 83;1;262.010567077695
-23.547841117;-46.556716721;782.6;10290;35.13543739279588;778.0354373927959;Line 83;1;262.010567077695
-23.547875854;-46.557008138;781.4;10260;35.03300171526586;777.9330017152658;Line 83;1;262.010567077695
-23.547910591;-46.557299556;780.1;10230;34.93056603773585;777.8305660377358;Line 83;1;262.010567077695
-23.547945327;-46.557590974;778.9;10200;34.82813036020583;777.7281303602058;Line 83;1;262.010567077695
-23.547980063;-46.557882392;778.5;10170;34.725694682675815;777.6256946826758;Line 83;1;262.010567077695
-23.548014798;-46.558173811;778.1;10140;34.6232590051458;777.5232590051457;Line 83;1;262.010567077695
-23.548049533;-46.558465229;777.2;10110;34.52082332761578;777.4208233276157;Line 83;0;262.010567077695
-23.548084267;-46.558756648;775.7;10080;34.41838765008576;777.3183876500857;Line 83;0;262.010567077695
-23.548119001;-46.559048066;774.2;10050;34.315951972555744;777.2159519725557;Line 83;0;262.010567077695
-23.548153734;-46.559339485;772.2;10020;34.21351629502573;777.1135162950256;Line 83;0;262.010567077695
-23.548188466;-46.559630904;769.9;9990;34.111080617495716;777.0110806174957;Line 83;0;262.010567077695
-23.548223198;-46.559922323;767.6;9960;34.00864493996569;776.9086449399657;Line 83;0;262.010567077695
-23.548257929;-46.560213742;767.8;9930;33.906209262435674;776.8062092624357;Line 83;0;262.010567077695
-23.54829266;-46.560505161;768.8;9900;33.80377358490566;776.7037735849057;Line 83;0;262.010567077695
-23.54832739;-46.56079658;769.9;9870;33.701337907375645;776.6013379073756;Line 83;0;262.010567077695
-23.54836212;-46.561088;772.2;9840;33.59890222984563;776.4989022298456;Line 83;0;262.010567077695
-23.548396849;-46.561379419;774.8;9810;33.4964665523156;776.3964665523156;Line 83;0;262.010567077695
-23.548431578;-46.561670839;777.4;9780;33.39403087478559;776.2940308747856;Line 83;1;262.010567077695
-23.548466306;-46.561962259;779.0;9750;33.291595197255575;776.1915951972555;Line 83;1;262.010567077695
-23.548501033;-46.562253679;780.6;9720;33.18915951972556;776.0891595197255;Line 83;1;262.010567077695
-23.54853576;-46.562545099;782.1;9690;33.086723842195546;775.9867238421955;Line 83;1;262.010567077695
-23.548570487;-46.562836519;783.4;9660;32.98428816466552;775.8842881646655;Line 83;1;262.010567077695
-23.548605212;-46.56312794;784.6;9630;32.881852487135504;775.7818524871354;Line 83;1;262.010567077695
-23.548639938;-46.56341936;785.2;9600;32.779416809605486;775.6794168096054;Line 83;1;262.010567077695
-23.548674662;-46.56371078;784.8;9570;32.676981132075476;775.5769811320755;Line 83;1;262.010567077695
-23.548709386;-46.564002201;784.3;9540;32.57454545454546;775.4745454545455;Line 83;1;262.010567077695
-23.54874411;-46.564293622;783.3;9510;32.47210977701543;775.3721097770155;Line 83;1;262.010567077695
-23.548778833;-46.564585043;781.8;9480;32.36967409948542;775.2696740994854;Line 83;1;262.010567077695
-23.548813556;-46.564876464;780.4;9450;32.267238421955405;775.1672384219554;Line 83;1;262.010567077695
-23.548848278;-46.565167885;779.6;9420;32.16480274442539;775.0648027444254;Line 83;1;262.010567077695
-23.548882999;-46.565459306;779.3;9390;32.06236706689537;774.9623670668954;Line 83;1;262.010567077695
-23.54891772;-46.565750728;778.8;9360;31.959931389365348;774.8599313893653;Line 83;1;262.010567077695
-23.54895244;-46.566042149;778.9;9330;31.857495711835334;774.7574957118353;Line 83;1;262.010567077695
-23.54898716;-46.566333571;779.1;9300;31.755060034305316;774.6550600343053;Line 83;1;262.010567077695
-23.549021879;-46.566624992;779.4;9270;31.652624356775302;774.5526243567753;Line 83;1;262.010567077695
-23.549056597;-46.566916414;779.6;9240;31.550188679245284;774.4501886792452;Line 83;1;262.010567077695
-23.549091315;-46.567207836;779.8;9210;31.447753001715263;774.3477530017152;Line 83;1;262.010567077695
-23.549126033;-46.567499258;779.9;9180;31.34531732418525;774.2453173241852;Line 83;1;262.010567077695
-23.54916075;-46.567790681;781.4;9150;31.24288164665523;774.1428816466552;Line 83;1;262.010567077695
-23.549195466;-46.568082103;782.8;9120;31.140445969125217;774.0404459691252;Line 83;1;262.010567077695
-23.549230182;-46.568373525;783.9;9090;31.0380102915952;773.9380102915952;Line 83;1;262.010567077695
-23.549264897;-46.568664948;784.0;9060;30.935574614065178;773.8355746140652;Line 83;1;262.010567077695
-23.549299612;-46.568956371;784.2;9030;30.83313893653516;773.7331389365352;Line 83;1;262.010567077695
-23.549334326;-46.569247793;783.8;9000;30.730703259005146;773.6307032590051;Line 83;1;262.010567077695
-23.54936904;-46.569539216;781.7;8970;30.62826758147513;773.5282675814751;Line 83;1;262.010567077695
-23.549403753;-46.569830639;779.6;8940;30.525831903945114;773.4258319039451;Line 83;1;262.010567077695
-23.549438465;-46.570122063;777.9;8910;30.423396226415093;773.3233962264151;Line 83;1;262.010567077695
-23.549473177;-46.570413486;776.8;8880;30.320960548885076;773.220960548885;Line 83;1;262.010567077695
-23.549507889;-46.570704909;775.7;8850;30.21852487135506;773.118524871355;Line 83;1;262.010567077695
-23.5495426;-46.570996333;774.7;8820;30.116089193825044;773.016089193825;Line 83;1;262.010567077695
-23.54957731;-46.571287756;773.9;8790;30.01365351629503;772.913653516295;Line 83;1;262.010567077695
-23.54961202;-46.57157918;773.2;8760;29.91121783876501;772.811217838765;Line 83;1;262.010567077695
-23.549646729;-46.571870604;772.9;8730;29.80878216123499;772.7087821612349;Line 83;1;262.010567077695
-23.549681437;-46.572162028;772.9;8700;29.706346483704973;772.6063464837049;Line 83;1;262.010567077695
-23.549716145;-46.572453452;773.0;8670;29.603910806174955;772.503910806175;Line 83;1;262.010567077695
-23.549750853;-46.572744877;770.9;8640;29.50147512864494;772.401475128645;Line 83;0;262.010567077695
-23.54978556;-46.573036301;768.4;8610;29.399039451114923;772.2990394511149;Line 83;0;262.010567077695
-23.549820266;-46.573327725;765.8;8580;29.296603773584906;772.1966037735849;Line 83;0;262.010567077695
-23.549854972;-46.57361915;764.3;8550;29.194168096054888;772.0941680960549;Line 83;0;262.010567077695
-23.549889677;-46.573910575;762.9;8520;29.09173241852487;771.9917324185249;Line 83;0;262.010567077695
-23.549924382;-46.574202;761.9;8490;28.989296740994853;771.8892967409948;Line 83;0;262.010567077695
-23.549959086;-46.574493424;763.4;8460;28.88686106346484;771.7868610634648;Line 83;0;262.010567077695
-23.54999379;-46.57478485;764.9;8430;28.784425385934817;771.6844253859348;Line 83;0;262.010567077695
-23.550028493;-46.575076275;766.1;8400;28.681989708404803;771.5819897084048;Line 83;0;262.010567077695
-23.550063195;-46.5753677;766.2;8370;28.579554030874785;771.4795540308747;Line 83;0;262.010567077695
-23.550097897;-46.575659125;766.1;8340;28.477118353344768;771.3771183533447;Line 83;0;262.010567077695
-23.550132599;-46.575950551;765.0;8310;28.374682675814753;771.2746826758147;Line 83;0;262.010567077695
-23.5501673;-46.576241977;762.4;8280;28.272246998284732;771.1722469982847;Line 83;0;262.010567077695
-23.550202;-46.576533403;759.5;8250;28.169811320754718;771.0698113207548;Line 83;0;262.010567077695
-23.5502367;-46.576824828;755.9;8220;28.067375643224697;770.9673756432247;Line 83;0;262.010567077695
-23.550271399;-46.577116254;751.8;8190;27.964939965694683;770.8649399656947;Line 83;0;262.010567077695
-23.550306098;-46.577407681;747.6;8160;27.862504288164665;770.7625042881647;Line 83;0;262.010567077695
-23.550340796;-46.577699107;745.0;8130;27.760068610634647;770.6600686106347;Line 83;0;262.010567077695
-23.550375493;-46.577990533;743.1;8100;27.65763293310463;770.5576329331046;Line 83;0;262.010567077695
-23.55041019;-46.57828196;741.3;8070;27.555197255574612;770.4551972555746;Line 83;0;262.010567077695
-23.550444887;-46.578573386;741.1;8040;27.452761578044598;770.3527615780446;Line 83;0;262.010567077695
-23.550479582;-46.578864813;741.3;8010;27.35032590051458;770.2503259005146;Line 83;0;262.010567077695
-23.550514278;-46.57915624;741.6;7980;27.247890222984562;770.1478902229845;Line 83;0;262.010567077695
-23.550548972;-46.579447667;743.1;7950;27.145454545454545;770.0454545454545;Line 83;0;262.010567077695
-23.550583667;-46.579739094;744.7;7920;27.043018867924527;769.9430188679245;Line 83;0;262.010567077695
-23.55061836;-46.580030521;746.4;7890;26.94058319039451;769.8405831903945;Line 83;0;262.010567077695
-23.550653053;-46.580321949;748.1;7860;26.838147512864495;769.7381475128644;Line 83;0;262.010567077695
-23.550687746;-46.580613376;749.7;7830;26.735711835334474;769.6357118353344;Line 83;0;262.010567077695
-23.550722438;-46.580904804;751.3;7800;26.63327615780446;769.5332761578045;Line 83;0;262.010567077695
-23.550757129;-46.581196231;753.0;7770;26.530840480274442;769.4308404802745;Line 83;0;262.010567077695
-23.55079182;-46.581487659;754.8;7740;26.428404802744424;769.3284048027444;Line 83;0;262.010567077695
-23.55082651;-46.581779087;756.9;7710;26.32596912521441;769.2259691252144;Line 83;0;262.010567077695
-23.5508612;-46.582070515;759.4;7680;26.22353344768439;769.1235334476844;Line 83;0;262.010567077695
-23.550895889;-46.582361943;761.9;7650;26.121097770154375;769.0210977701544;Line 83;0;262.010567077695
-23.550930578;-46.582653372;764.2;7620;26.018662092624353;768.9186620926243;Line 83;0;262.010567077695
-23.550965266;-46.5829448;766.4;7590;25.91622641509434;768.8162264150943;Line 83;0;262.010567077695
-23.550999954;-46.583236229;768.5;7560;25.81379073756432;768.7137907375643;Line 83;0;262.010567077695
-23.551034641;-46.583527657;770.2;7530;25.711355060034304;768.6113550600343;Line 83;1;262.010567077695
-23.551069327;-46.583819086;771.8;7500;25.60891938250429;768.5089193825042;Line 83;1;262.010567077695
-23.551104013;-46.584110515;773.4;7470;25.50648370497427;768.4064837049742;Line 83;1;262.010567077695
-23.551138698;-46.584401944;774.3;7440;25.404048027444254;768.3040480274442;Line 83;1;262.010567077695
-23.551173383;-46.584693373;775.1;7410;25.301612349914237;768.2016123499142;Line 83;1;262.010567077695
-23.551208067;-46.584984802;775.9;7380;25.19917667238422;768.0991766723841;Line 83;1;262.010567077695
-23.551242751;-46.585276232;776.2;7350;25.0967409948542;767.9967409948542;Line 83;1;262.010567077695
-23.551277434;-46.585567661;776.4;7320;24.994305317324184;767.8943053173242;Line 83;1;262.010567077695
-23.551312116;-46.585859091;776.6;7290;24.891869639794166;767.7918696397942;Line 83;1;262.010567077695
-23.551346798;-46.586150521;776.5;7260;24.78943396226415;767.6894339622642;Line 83;1;262.010567077695
-23.55138148;-46.58644195;776.4;7230;24.686998284734134;767.5869982847341;Line 83;1;262.010567077695
-23.551416161;-46.58673338;776.1;7200;24.584562607204116;767.4845626072041;Line 83;1;262.010567077695
-23.551450841;-46.58702481;774.8;7170;24.4821269296741;767.3821269296741;Line 83;1;262.010567077695
-23.551485521;-46.587316241;773.4;7140;24.37969125214408;767.2796912521441;Line 83;1;262.010567077695
-23.5515202;-46.587607671;772.8;7110;24.277255574614067;767.177255574614;Line 83;1;262.010567077695
-23.551554879;-46.587899101;773.4;7080;24.174819897084046;767.074819897084;Line 83;1;262.010567077695
-23.551589557;-46.588190532;774.1;7050;24.07238421955403;766.972384219554;Line 83;1;262.010567077695
-23.551624234;-46.588481963;774.3;7020;23.96994854202401;766.869948542024;Line 83;1;262.010567077695
-23.551658911;-46.588773393;773.9;6990;23.867512864493996;766.7675128644939;Line 83;1;262.010567077695
-23.551693588;-46.589064824;773.3;6960;23.76507718696398;766.6650771869639;Line 83;1;262.010567077695
-23.551728264;-46.589356255;772.6;6930;23.66264150943396;766.5626415094339;Line 83;1;262.010567077695
-23.551762939;-46.589647686;772.0;6900;23.560205831903946;766.460205831904;Line 83;1;262.010567077695
-23.551797614;-46.589939118;771.4;6870;23.457770154373925;766.357770154374;Line 83;1;262.010567077695
-23.551832288;-46.590230549;771.0;6840;23.35533447684391;766.2553344768439;Line 83;1;262.010567077695
-23.551866962;-46.590521981;770.6;6810;23.252898799313893;766.1528987993139;Line 83;1;262.010567077695
-23.551901635;-46.590813412;770.0;6780;23.150463121783876;766.0504631217839;Line 83;1;262.010567077695
-23.551936307;-46.591104844;768.5;6750;23.048027444253858;765.9480274442539;Line 83;1;262.010567077695
-23.551970979;-46.591396276;766.8;6720;22.94559176672384;765.8455917667238;Line 83;1;262.010567077695
-23.552005651;-46.591687708;765.0;6690;22.843156089193826;765.7431560891938;Line 83;0;262.010567077695
-23.552040322;-46.59197914;763.1;6660;22.74072041166381;765.6407204116638;Line 83;0;262.010567077695
-23.552074992;-46.592270572;761.0;6630;22.63828473413379;765.5382847341338;Line 83;0;262.010567077695
-23.552109662;-46.592562004;759.2;6600;22.535849056603773;765.4358490566037;Line 83;0;262.010567077695
-23.552144331;-46.592853437;757.9;6570;22.433413379073755;765.3334133790737;Line 83;0;262.010567077695
-23.552179;-46.59314487;756.7;6540;22.330977701543738;765.2309777015437;Line 83;0;262.010567077695
-23.552213668;-46.593436302;755.7;6510;22.228542024013723;765.1285420240137;Line 83;0;262.010567077695
-23.552248335;-46.593727735;754.7;6480;22.126106346483702;765.0261063464836;Line 83;0;262.010567077695
-23.552283002;-46.594019168;753.7;6450;22.023670668953688;764.9236706689537;Line 83;0;262.010567077695
-23.552317669;-46.594310601;753.3;6420;21.92123499142367;764.8212349914237;Line 83;0;262.010567077695
-23.552352335;-46.594602034;753.5;6390;21.818799313893653;764.7187993138937;Line 83;0;262.010567077695
-23.552387;-46.594893467;753.8;6360;21.71636363636364;764.6163636363636;Line 83;0;262.010567077695
-23.552421665;-46.595184901;754.7;6330;21.613927958833617;764.5139279588336;Line 83;0;262.010567077695
-23.552456329;-46.595476334;756.1;6300;21.511492281303603;764.4114922813036;Line 83;0;262.010567077695
-23.552490993;-46.595767768;757.6;6270;21.409056603773582;764.3090566037736;Line 83;0;262.010567077695
-23.552525656;-46.596059202;758.8;6240;21.306620926243568;764.2066209262435;Line 83;0;262.010567077695
-23.552560318;-46.596350636;759.8;6210;21.20418524871355;764.1041852487135;Line 83;0;262.010567077695
-23.552594981;-46.59664207;760.8;6180;21.101749571183532;764.0017495711835;Line 83;0;262.010567077695
-23.552629642;-46.596933504;761.1;6150;20.999313893653515;763.8993138936535;Line 83;0;262.010567077695
-23.552664303;-46.597224938;761.2;6120;20.896878216123497;763.7968782161234;Line 83;0;262.010567077695
-23.552698963;-46.597516372;761.1;6090;20.794442538593483;763.6944425385934;Line 83;0;262.010567077695
-23.552733623;-46.597807807;758.6;6060;20.692006861063465;763.5920068610634;Line 83;0;262.010567077695
-23.552768282;-46.598099241;756.0;6030;20.589571183533447;763.4895711835334;Line 83;0;262.010567077695
-23.552802941;-46.598390676;753.6;6000;20.48713550600343;763.3871355060035;Line 83;0;262.010567077695
-23.552837599;-46.598682111;752.0;5970;20.384699828473412;763.2846998284734;Line 83;0;262.010567077695
-23.552872257;-46.598973546;750.4;5940;20.282264150943394;763.1822641509434;Line 83;0;262.010567077695
-23.552906914;-46.599264981;749.5;5910;20.17982847341338;763.0798284734134;Line 83;0;262.010567077695
-23.55294157;-46.599556416;749.5;5880;20.07739279588336;762.9773927958834;Line 83;0;262.010567077695
-23.552976226;-46.599847851;749.3;5850;19.974957118353345;762.8749571183533;Line 83;0;262.010567077695
-23.553010881;-46.600139287;749.7;5820;19.872521440823327;762.7725214408233;Line 83;0;262.010567077695
-23.553045536;-46.600430722;750.9;5790;19.77008576329331;762.6700857632933;Line 83;0;262.010567077695
-23.55308019;-46.600722158;752.2;5760;19.667650085763295;762.5676500857633;Line 83;0;262.010567077695
-23.553114844;-46.601013594;752.2;5730;19.565214408233274;762.4652144082332;Line 83;0;262.010567077695
-23.553149497;-46.60130503;751.6;5700;19.46277873070326;762.3627787307032;Line 83;0;262.010567077695
-23.55318415;-46.601596466;751.1;5670;19.36034305317324;762.2603430531732;Line 83;0;262.010567077695
-23.553218802;-46.601887902;750.1;5640;19.257907375643224;762.1579073756432;Line 83;0;262.010567077695
-23.553253453;-46.602179338;749.0;5610;19.155471698113207;762.0554716981131;Line 83;0;262.010567077695
-23.553288104;-46.602470774;747.9;5580;19.05303602058319;761.9530360205831;Line 83;0;262.010567077695
-23.553322755;-46.602762211;747.6;5550;18.950600343053175;761.8506003430532;Line 83;0;262.010567077695
-23.553357404;-46.603053648;747.3;5520;18.848164665523154;761.7481646655232;Line 83;0;262.010567077695
-23.553392054;-46.603345084;746.9;5490;18.74572898799314;761.6457289879932;Line 83;0;262.010567077695
-23.553426702;-46.603636521;746.2;5460;18.64329331046312;761.5432933104631;Line 83;0;262.010567077695
-23.55346135;-46.603927958;745.4;5430;18.540857632933104;761.4408576329331;Line 83;0;262.010567077695
-23.553495998;-46.604219395;744.6;5400;18.438421955403086;761.3384219554031;Line 83;0;262.010567077695
-23.553530645;-46.604510832;743.6;5370;18.33598627787307;761.235986277873;Line 83;0;262.010567077695
-23.553565292;-46.60480227;742.6;5340;18.23355060034305;761.133550600343;Line 83;0;262.010567077695
-23.553599937;-46.605093707;741.9;5310;18.131114922813037;761.031114922813;Line 83;0;262.010567077695
-23.553634583;-46.605385145;741.7;5280;18.02867924528302;760.928679245283;Line 83;0;262.010567077695
-23.553669228;-46.605676582;741.7;5250;17.926243567753;760.826243567753;Line 83;0;262.010567077695
-23.553703872;-46.60596802;742.1;5220;17.823807890222984;760.7238078902229;Line 83;0;262.010567077695
-23.553738516;-46.606259458;743.0;5190;17.721372212692966;760.6213722126929;Line 83;0;262.010567077695
-23.553773159;-46.606550896;743.8;5160;17.618936535162952;760.5189365351629;Line 83;0;262.010567077695
-23.553807801;-46.606842334;743.7;5130;17.51650085763293;760.4165008576329;Line 83;0;262.010567077695
-23.553842443;-46.607133772;743.0;5100;17.414065180102916;760.314065180103;Line 83;0;262.010567077695
-23.553877085;-46.607425211;742.2;5070;17.3116295025729;760.2116295025729;Line 83;0;262.010567077695
-23.553911726;-46.607716649;741.1;5040;17.20919382504288;760.1091938250429;Line 83;0;262.010567077695
-23.553946366;-46.608008088;740.0;5010;17.106758147512863;760.0067581475129;Line 83;0;262.010567077695
-23.553981006;-46.608299527;738.9;4980;17.004322469982846;759.9043224699828;Line 83;0;262.010567077695
-23.554015645;-46.608590966;739.2;4950;16.90188679245283;759.8018867924528;Line 83;0;262.010567077695
-23.554050284;-46.608882405;739.6;4920;16.799451114922814;759.6994511149228;Line 83;0;262.010567077695
-23.554084922;-46.609173844;740.0;4890;16.697015437392796;759.5970154373928;Line 83;0;262.010567077695
-23.55411956;-46.609465283;739.4;4860;16.59457975986278;759.4945797598627;Line 83;0;262.010567077695
-23.554154197;-46.609756722;738.6;4830;16.49214408233276;759.3921440823327;Line 83;0;262.010567077695
-23.554188833;-46.610048162;738.1;4800;16.389708404802743;759.2897084048027;Line 83;0;262.010567077695
-23.554223469;-46.610339601;738.5;4770;16.28727272727273;759.1872727272727;Line 83;0;262.010567077695
-23.554258105;-46.610631041;738.9;4740;16.18483704974271;759.0848370497426;Line 83;0;262.010567077695
-23.554292739;-46.610922481;739.4;4710;16.082401372212694;758.9824013722126;Line 83;0;262.010567077695
-23.554327374;-46.611213921;740.3;4680;15.979965694682674;758.8799656946826;Line 83;0;262.010567077695
-23.554362007;-46.611505361;741.1;4650;15.877530017152658;758.7775300171527;Line 83;0;262.010567077695
-23.55439664;-46.611796801;741.3;4620;15.775094339622642;758.6750943396227;Line 83;0;262.010567077695
-23.554431273;-46.612088241;740.8;4590;15.672658662092624;758.5726586620926;Line 83;0;262.010567077695
-23.554465905;-46.612379681;740.5;4560;15.570222984562609;758.4702229845626;Line 83;0;262.010567077695
-23.554500537;-46.612671122;740.4;4530;15.467787307032589;758.3677873070326;Line 83;0;262.010567077695
-23.554535168;-46.612962563;740.3;4500;15.365351629502573;758.2653516295026;Line 83;0;262.010567077695
-23.554569798;-46.613254003;740.1;4470;15.262915951972557;758.1629159519725;Line 83;0;262.010567077695
-23.554604428;-46.613545444;739.4;4440;15.160480274442538;758.0604802744425;Line 83;0;262.010567077695
-23.554639057;-46.613836885;738.7;4410;15.058044596912522;757.9580445969125;Line 83;0;262.010567077695
-23.554673686;-46.614128326;737.9;4380;14.955608919382504;757.8556089193825;Line 83;0;262.010567077695
-23.554708314;-46.614419767;737.0;4350;14.853173241852486;757.7531732418524;Line 83;0;262.010567077695
-23.554742941;-46.614711209;736.1;4320;14.75073756432247;757.6507375643224;Line 83;0;262.010567077695
-23.554777569;-46.61500265;735.1;4290;14.648301886792453;757.5483018867924;Line 83;0;262.010567077695
-23.554812195;-46.615294092;735.0;4260;14.545866209262435;757.4458662092624;Line 83;0;262.010567077695
-23.554846821;-46.615585534;734.9;4230;14.44343053173242;757.3434305317325;Line 83;0;262.010567077695
-23.554881446;-46.615876975;734.7;4200;14.340994854202401;757.2409948542024;Line 83;0;262.010567077695
-23.554916071;-46.616168417;734.8;4170;14.238559176672384;757.1385591766724;Line 83;0;262.010567077695
-23.554950695;-46.616459859;734.9;4140;14.136123499142366;757.0361234991424;Line 83;0;262.010567077695
-23.554985319;-46.616751301;734.7;4110;14.033687821612348;756.9336878216124;Line 83;0;262.010567077695
-23.555019942;-46.617042744;733.6;4080;13.931252144082332;756.8312521440823;Line 83;0;262.010567077695
-23.555054565;-46.617334186;732.6;4050;13.828816466552315;756.7288164665523;Line 83;0;262.010567077695
-23.555089187;-46.617625629;732.1;4020;13.726380789022299;756.6263807890223;Line 83;0;262.010567077695
-23.555123809;-46.617917071;732.1;3990;13.623945111492281;756.5239451114923;Line 83;0;262.010567077695
-23.555158429;-46.618208514;732.2;3960;13.521509433962263;756.4215094339622;Line 83;0;262.010567077695
-23.55519305;-46.618499957;731.9;3930;13.419073756432248;756.3190737564322;Line 83;0;262.010567077695
-23.55522767;-46.6187914;731.3;3900;13.31663807890223;756.2166380789022;Line 83;0;262.010567077695
-23.555262289;-46.619082843;730.8;3870;13.214202401372212;756.1142024013722;Line 83;0;262.010567077695
-23.555296908;-46.619374286;730.4;3840;13.111766723842194;756.0117667238421;Line 83;0;262.010567077695
-23.555331526;-46.61966573;729.8;3810;13.009331046312177;755.9093310463121;Line 83;0;262.010567077695
-23.555366143;-46.619957173;729.2;3780;12.90689536878216;755.8068953687822;Line 83;0;262.010567077695
-23.555400761;-46.620248617;729.2;3750;12.804459691252145;755.7044596912522;Line 83;0;262.010567077695
-23.555435377;-46.62054006;729.3;3720;12.702024013722127;755.6020240137221;Line 83;0;262.010567077695
-23.555469993;-46.620831504;729.6;3690;12.59958833619211;755.4995883361921;Line 83;0;262.010567077695
-23.555504608;-46.621122948;730.5;3660;12.497152658662092;755.3971526586621;Line 83;0;262.010567077695
-23.555539223;-46.621414392;731.5;3630;12.394716981132076;755.2947169811321;Line 83;0;262.010567077695
-23.555573837;-46.621705836;732.3;3600;12.292281303602058;755.192281303602;Line 83;0;262.010567077695
-23.555608451;-46.621997281;731.9;3570;12.18984562607204;755.089845626072;Line 83;0;262.010567077695
-23.555643064;-46.622288725;731.3;3540;12.087409948542023;754.987409948542;Line 83;0;262.010567077695
-23.555677677;-46.622580169;730.7;3510;11.984974271012005;754.884974271012;Line 83;0;262.010567077695
-23.555712289;-46.622871614;730.5;3480;11.88253859348199;754.782538593482;Line 83;0;262.010567077695
-23.555746901;-46.623163059;730.2;3450;11.780102915951973;754.6801029159519;Line 83;0;262.010567077695
-23.555781512;-46.623454504;730.1;3420;11.677667238421956;754.5776672384219;Line 83;0;262.010567077695
-23.555816122;-46.623745949;730.0;3390;11.575231560891938;754.4752315608919;Line 83;0;262.010567077695
-23.555850732;-46.624037394;730.1;3360;11.47279588336192;754.3727958833618;Line 83;0;262.010567077695
-23.555885341;-46.624328839;730.8;3330;11.370360205831904;754.2703602058319;Line 83;0;262.010567077695
-23.55591995;-46.624620284;731.9;3300;11.267924528301887;754.1679245283019;Line 83;0;262.010567077695
-23.555954558;-46.62491173;732.9;3270;11.165488850771869;754.0654888507719;Line 83;0;262.010567077695
-23.555989166;-46.625203175;733.2;3240;11.063053173241851;753.9630531732419;Line 83;0;262.010567077695
-23.556023773;-46.625494621;733.2;3210;10.960617495711835;753.8606174957118;Line 83;0;262.010567077695
-23.556058379;-46.625786067;733.3;3180;10.85818181818182;753.7581818181818;Line 83;0;262.010567077695
-23.556092985;-46.626077513;732.5;3150;10.755746140651802;753.6557461406518;Line 83;0;262.010567077695
-23.556127591;-46.626368959;731.4;3120;10.653310463121784;753.5533104631218;Line 83;0;262.010567077695
-23.556162195;-46.626660405;730.2;3090;10.550874785591766;753.4508747855917;Line 83;0;262.010567077695
-23.5561968;-46.626951851;730.6;3060;10.448439108061748;753.3484391080617;Line 83;0;262.010567077695
-23.556231403;-46.627243298;731.1;3030;10.346003430531733;753.2460034305317;Line 83;0;262.010567077695
-23.556266007;-46.627534744;731.7;3000;10.243567753001715;753.1435677530017;Line 83;0;262.010567077695
-23.556300609;-46.627826191;733.9;2970;10.141132075471697;753.0411320754716;Line 83;0;262.010567077695
-23.556335211;-46.628117638;736.0;2940;10.03869639794168;752.9386963979416;Line 83;0;262.010567077695
-23.556369813;-46.628409085;737.4;2910;9.936260720411664;752.8362607204116;Line 83;0;262.010567077695
-23.556404414;-46.628700532;737.0;2880;9.833825042881648;752.7338250428817;Line 83;0;262.010567077695
-23.556439014;-46.628991979;736.7;2850;9.73138936535163;752.6313893653517;Line 83;0;262.010567077695
-23.556473614;-46.629283426;736.1;2820;9.628953687821612;752.5289536878216;Line 83;0;262.010567077695
-23.556508213;-46.629574873;735.2;2790;9.526518010291595;752.4265180102916;Line 83;0;262.010567077695
-23.556542812;-46.629866321;734.4;2760;9.424082332761577;752.3240823327616;Line 83;0;262.010567077695
-23.55657741;-46.630157768;734.6;2730;9.32164665523156;752.2216466552316;Line 83;0;262.010567077695
-23.556612008;-46.630449216;735.9;2700;9.219210977701543;752.1192109777015;Line 83;0;262.010567077695
-23.556646605;-46.630740664;737.4;2670;9.116775300171525;752.0167753001715;Line 83;0;262.010567077695
-23.556681201;-46.631032112;739.5;2640;9.01433962264151;751.9143396226415;Line 83;0;262.010567077695
-23.556715797;-46.63132356;741.6;2610;8.911903945111492;751.8119039451115;Line 83;0;262.010567077695
-23.556750393;-46.631615008;743.6;2580;8.809468267581476;751.7094682675814;Line 83;0;262.010567077695
-23.556784988;-46.631906456;746.4;2550;8.707032590051458;751.6070325900514;Line 83;0;262.010567077695
-23.556819582;-46.632197905;749.3;2520;8.60459691252144;751.5045969125214;Line 83;0;262.010567077695
-23.556854176;-46.632489353;752.3;2490;8.502161234991423;751.4021612349914;Line 83;1;262.010567077695
-23.556888769;-46.632780802;753.8;2460;8.399725557461407;751.2997255574613;Line 83;1;262.010567077695
-23.556923362;-46.633072251;755.3;2430;8.29728987993139;751.1972898799314;Line 83;1;262.010567077695
-23.556957954;-46.6333637;757.0;2400;8.194854202401372;751.0948542024014;Line 83;1;262.010567077695
-23.556992545;-46.633655149;760.0;2370;8.092418524871356;750.9924185248714;Line 83;1;262.010567077695
-23.557027136;-46.633946598;763.0;2340;7.989982847341337;750.8899828473413;Line 83;1;262.010567077695
-23.557061726;-46.634238047;765.5;2310;7.887547169811321;750.7875471698113;Line 83;1;262.010567077695
-23.557096316;-46.634529496;766.5;2280;7.785111492281304;750.6851114922813;Line 83;1;262.010567077695
-23.557130906;-46.634820946;767.4;2250;7.682675814751287;750.5826758147513;Line 83;1;262.010567077695
-23.557165494;-46.635112395;768.8;2220;7.580240137221269;750.4802401372212;Line 83;1;262.010567077695
-23.557200083;-46.635403845;770.6;2190;7.477804459691252;750.3778044596912;Line 83;1;262.010567077695
-23.55723467;-46.635695295;772.4;2160;7.375368782161235;750.2753687821612;Line 83;1;262.010567077695
-23.557269257;-46.635986745;773.3;2130;7.272933104631218;750.1729331046312;Line 83;1;262.010567077695
-23.557303844;-46.636278195;773.5;2100;7.170497427101201;750.0704974271011;Line 83;1;262.010567077695
-23.55733843;-46.636569645;773.7;2070;7.068061749571183;749.9680617495711;Line 83;1;262.010567077695
-23.557373015;-46.636861095;772.6;2040;6.965626072041166;749.8656260720411;Line 83;1;262.010567077695
-23.5574076;-46.637152546;770.8;2010;6.863190394511149;749.7631903945111;Line 83;1;262.010567077695
-23.557442184;-46.637443996;769.0;1980;6.760754716981132;749.6607547169812;Line 83;1;262.010567077695
-23.557476768;-46.637735447;768.8;1950;6.658319039451115;749.5583190394511;Line 83;1;262.010567077695
-23.557511351;-46.638026898;769.0;1920;6.555883361921097;749.4558833619211;Line 83;1;262.010567077695
-23.557545934;-46.638318348;768.9;1890;6.45344768439108;749.3534476843911;Line 83;1;262.010567077695
-23.557580516;-46.638609799;770.8;1860;6.351012006861064;749.2510120068611;Line 83;1;262.010567077695
-23.557615098;-46.638901251;772.9;1830;6.248576329331046;749.148576329331;Line 83;1;262.010567077695
-23.557649679;-46.639192702;774.9;1800;6.146140651801029;749.046140651801;Line 83;1;262.010567077695
-23.557684259;-46.639484153;775.9;1770;6.043704974271011;748.943704974271;Line 83;1;262.010567077695
-23.557718839;-46.639775605;776.9;1740;5.941269296740995;748.841269296741;Line 83;1;262.010567077695
-23.557753418;-46.640067056;777.9;1710;5.838833619210978;748.7388336192109;Line 83;1;262.010567077695
-23.557787997;-46.640358508;778.8;1680;5.73639794168096;748.6363979416809;Line 83;1;262.010567077695
-23.557822575;-46.64064996;779.7;1650;5.633962264150943;748.5339622641509;Line 83;1;262.010567077695
-23.557857153;-46.640941412;779.9;1620;5.531526586620926;748.4315265866209;Line 83;1;262.010567077695
-23.55789173;-46.641232864;779.4;1590;5.42909090909091;748.3290909090908;Line 83;1;262.010567077695
-23.557926306;-46.641524316;779.3;1560;5.326655231560892;748.2266552315609;Line 83;1;262.010567077695
-23.557960882;-46.641815768;779.1;1530;5.224219554030874;748.1242195540309;Line 83;1;262.010567077695
-23.557995458;-46.64210722;778.6;1500;5.121783876500857;748.0217838765009;Line 83;1;262.010567077695
-23.558030033;-46.642398673;777.9;1470;5.01934819897084;747.9193481989709;Line 83;1;262.010567077695
-23.558064607;-46.642690126;778.2;1440;4.916912521440824;747.8169125214408;Line 83;1;262.010567077695
-23.558099181;-46.642981578;779.0;1410;4.814476843910806;747.7144768439108;Line 83;1;262.010567077695
-23.558133754;-46.643273031;779.9;1380;4.712041166380788;747.6120411663808;Line 83;1;262.010567077695
-23.558168326;-46.643564484;781.0;1350;4.609605488850772;747.5096054888508;Line 83;1;262.010567077695
-23.558202899;-46.643855937;782.0;1320;4.507169811320755;747.4071698113207;Line 83;1;262.010567077695
-23.55823747;-46.644147391;782.9;1290;4.404734133790738;747.3047341337907;Line 83;1;262.010567077695
-23.558272041;-46.644438844;784.9;1260;4.30229845626072;747.2022984562607;Line 83;1;262.010567077695
-23.558306612;-46.644730297;787.0;1230;4.1998627787307035;747.0998627787307;Line 83;1;262.010567077695
-23.558341181;-46.645021751;789.1;1200;4.097427101200686;746.9974271012006;Line 83;1;262.010567077695
-23.558375751;-46.645313205;790.2;1170;3.9949914236706685;746.8949914236706;Line 83;1;262.010567077695
-23.558410319;-46.645604658;791.4;1140;3.892555746140652;746.7925557461406;Line 83;1;262.010567077695
-23.558444888;-46.645896112;792.2;1110;3.7901200686106344;746.6901200686107;Line 83;1;262.010567077695
-23.558479455;-46.646187566;792.2;1080;3.6876843910806176;746.5876843910806;Line 83;1;262.010567077695
-23.558514022;-46.646479021;792.3;1050;3.5852487135506004;746.4852487135506;Line 83;1;262.010567077695
-23.558548589;-46.646770475;793.0;1020;3.482813036020583;746.3828130360206;Line 83;1;262.010567077695
-23.558583155;-46.647061929;794.4;990;3.380377358490566;746.2803773584906;Line 83;1;262.010567077695
-23.55861772;-46.647353384;795.8;960;3.2779416809605486;746.1779416809605;Line 83;1;262.010567077695
-23.558652285;-46.647644838;794.4;930;3.175506003430532;746.0755060034305;Line 83;1;262.010567077695
-23.558686849;-46.647936293;790.1;900;3.0730703259005145;745.9730703259005;Line 83;1;262.010567077695
-23.558721413;-46.648227748;785.8;870;2.9706346483704973;745.8706346483705;Line 83;1;262.010567077695
-23.558755976;-46.648519203;782.3;840;2.86819897084048;745.7681989708404;Line 83;1;262.010567077695
-23.558790539;-46.648810658;779.0;810;2.765763293310463;745.6657632933104;Line 83;1;262.010567077695
-23.558825101;-46.649102113;775.4;780;2.663327615780446;745.5633276157804;Line 83;1;262.010567077695
-23.558859663;-46.649393569;776.8;750;2.5608919382504287;745.4608919382504;Line 83;1;262.010567077695
-23.558894224;-46.649685024;779.6;720;2.458456260720412;745.3584562607203;Line 83;1;262.010567077695
-23.558928784;-46.64997648;782.5;690;2.356020583190394;745.2560205831903;Line 83;1;262.010567077695
-23.558963344;-46.650267935;787.4;660;2.2535849056603774;745.1535849056604;Line 83;1;262.010567077695
-23.558997903;-46.650559391;792.9;630;2.15114922813036;745.0511492281304;Line 83;1;262.010567077695
-23.559032462;-46.650850847;798.5;600;2.048713550600343;744.9487135506004;Line 83;1;262.010567077695
-23.55906702;-46.651142303;802.9;570;1.946277873070326;744.8462778730703;Line 83;1;262.010567077695
-23.559101578;-46.651433759;807.8;540;1.8438421955403088;744.7438421955403;Line 83;1;262.010567077695
-23.559136135;-46.651725215;812.3;510;1.7414065180102916;744.6414065180103;Line 83;1;262.010567077695
-23.559170692;-46.652016672;814.3;480;1.6389708404802743;744.5389708404803;Line 83;1;262.010567077695
-23.559205248;-46.652308128;815.9;450;1.5365351629502573;744.4365351629502;Line 83;1;262.010567077695
-23.559239803;-46.652599585;816.1;420;1.43409948542024;744.3340994854202;Line 83;1;262.010567077695
-23.559274358;-46.652891042;813.9;390;1.331663807890223;744.2316638078902;Line 83;1;262.010567077695
-23.559308912;-46.653182498;811.8;360;1.229228130360206;744.1292281303602;Line 83;1;262.010567077695
-23.559343466;-46.653473955;809.7;330;1.1267924528301887;744.0267924528301;Line 83;1;262.010567077695
-23.559378019;-46.653765413;807.4;300;1.0243567753001714;743.9243567753001;Line 83;1;262.010567077695
-23.559412572;-46.65405687;804.7;270;0.9219210977701544;743.8219210977701;Line 83;1;262.010567077695
-23.559447124;-46.654348327;804.2;240;0.8194854202401372;743.7194854202401;Line 83;1;262.010567077695
-23.559481675;-46.654639784;804.9;210;0.71704974271012;743.6170497427102;Line 83;1;262.010567077695
-23.559516226;-46.654931242;805.3;180;0.614614065180103;743.5146140651801;Line 83;1;262.010567077695
-23.559550777;-46.6552227;808.8;150;0.5121783876500857;743.4121783876501;Line 83;1;262.010567077695
-23.559585327;-46.655514157;813.7;120;0.4097427101200686;743.3097427101201;Line 83;1;262.010567077695
-23.559619876;-46.655805615;818.9;90;0.3073070325900515;743.20730703259;Line 83;1;262.010567077695
-23.559654425;-46.656097073;821.8;60;0.2048713550600343;743.10487135506;Line 83;1;262.010567077695
-23.559688973;-46.656388532;824.8;30;0.10243567753001714;743.00243567753;Line 83;1;262.010567077695
-23.559528028;-46.656664688;825.2;0;0.0;742.9;Line 83;1;262.010567077695
