latitude;longitude;altitude (m);distance_m;alt_x;alt_y;name;obstrucao;angle 
-23.664527004;-45.980489426;931.5;69960;49.27999999999997;981.78;Line 100;0;279.020002481324
-23.664482688;-45.980779624;928.0;69930;49.258867924528275;981.7588679245283;Line 100;0;279.020002481324
-23.664438371;-45.981069821;922.5;69900;49.23773584905658;981.7377358490565;Line 100;0;279.020002481324
-23.664394054;-45.981360019;916.7;69870;49.21660377358488;981.7166037735849;Line 100;0;279.020002481324
-23.664349736;-45.981650216;910.9;69840;49.19547169811318;981.6954716981131;Line 100;0;279.020002481324
-23.664305417;-45.981940413;904.1;69810;49.17433962264148;981.6743396226415;Line 100;0;279.020002481324
-23.664261098;-45.982230609;897.6;69780;49.153207547169785;981.6532075471698;Line 100;0;279.020002481324
-23.664216779;-45.982520806;891.5;69750;49.13207547169809;981.632075471698;Line 100;0;279.020002481324
-23.664172459;-45.982811002;888.0;69720;49.11094339622639;981.6109433962264;Line 100;0;279.020002481324
-23.664128138;-45.983101198;883.9;69690;49.08981132075469;981.5898113207547;Line 100;0;279.020002481324
-23.664083817;-45.983391394;879.4;69660;49.068679245282986;981.568679245283;Line 100;0;279.020002481324
-23.664039495;-45.983681589;872.9;69630;49.047547169811295;981.5475471698113;Line 100;0;279.020002481324
-23.663995173;-45.983971785;866.8;69600;49.0264150943396;981.5264150943397;Line 100;0;279.020002481324
-23.66395085;-45.98426198;860.5;69570;49.0052830188679;981.5052830188679;Line 100;0;279.020002481324
-23.663906527;-45.984552175;852.8;69540;48.9841509433962;981.4841509433962;Line 100;0;279.020002481324
-23.663862203;-45.98484237;844.9;69510;48.9630188679245;981.4630188679245;Line 100;0;279.020002481324
-23.663817879;-45.985132564;838.6;69480;48.9418867924528;981.4418867924528;Line 100;0;279.020002481324
-23.663773554;-45.985422759;834.4;69450;48.92075471698111;981.4207547169812;Line 100;0;279.020002481324
-23.663729228;-45.985712953;830.5;69420;48.89962264150941;981.3996226415094;Line 100;0;279.020002481324
-23.663684902;-45.986003146;825.2;69390;48.87849056603771;981.3784905660377;Line 100;0;279.020002481324
-23.663640576;-45.98629334;819.2;69360;48.85735849056601;981.357358490566;Line 100;0;279.020002481324
-23.663596249;-45.986583534;813.3;69330;48.83622641509431;981.3362264150943;Line 100;0;279.020002481324
-23.663551921;-45.986873727;806.6;69300;48.81509433962262;981.3150943396226;Line 100;0;279.020002481324
-23.663507593;-45.98716392;799.6;69270;48.79396226415092;981.2939622641509;Line 100;0;279.020002481324
-23.663463264;-45.987454113;792.6;69240;48.77283018867922;981.2728301886792;Line 100;0;279.020002481324
-23.663418935;-45.987744305;787.1;69210;48.75169811320752;981.2516981132076;Line 100;0;279.020002481324
-23.663374605;-45.988034497;782.0;69180;48.73056603773582;981.2305660377358;Line 100;0;279.020002481324
-23.663330275;-45.98832469;777.0;69150;48.70943396226412;981.2094339622641;Line 100;0;279.020002481324
-23.663285944;-45.988614882;768.9;69120;48.68830188679243;981.1883018867925;Line 100;0;279.020002481324
-23.663241613;-45.988905073;761.2;69090;48.66716981132073;981.1671698113207;Line 100;0;279.020002481324
-23.663197281;-45.989195265;754.3;69060;48.64603773584903;981.1460377358491;Line 100;0;279.020002481324
-23.663152948;-45.989485456;751.6;69030;48.62490566037733;981.1249056603773;Line 100;0;279.020002481324
-23.663108615;-45.989775647;749.1;69000;48.60377358490563;981.1037735849056;Line 100;0;279.020002481324
-23.663064282;-45.990065838;748.1;68970;48.582641509433934;981.082641509434;Line 100;0;279.020002481324
-23.663019948;-45.990356028;751.2;68940;48.56150943396224;981.0615094339622;Line 100;0;279.020002481324
-23.662975613;-45.990646219;754.1;68910;48.54037735849054;981.0403773584906;Line 100;0;279.020002481324
-23.662931278;-45.990936409;756.3;68880;48.51924528301884;981.0192452830188;Line 100;0;279.020002481324
-23.662886943;-45.991226599;757.5;68850;48.49811320754714;980.9981132075471;Line 100;0;279.020002481324
-23.662842606;-45.991516789;758.8;68820;48.476981132075444;980.9769811320755;Line 100;0;279.020002481324
-23.66279827;-45.991806978;759.6;68790;48.455849056603746;980.9558490566037;Line 100;0;279.020002481324
-23.662753932;-45.992097168;760.3;68760;48.43471698113205;980.934716981132;Line 100;0;279.020002481324
-23.662709595;-45.992387357;761.5;68730;48.41358490566035;980.9135849056604;Line 100;0;279.020002481324
-23.662665256;-45.992677546;764.2;68700;48.39245283018865;980.8924528301886;Line 100;0;279.020002481324
-23.662620917;-45.992967734;768.1;68670;48.371320754716955;980.871320754717;Line 100;0;279.020002481324
-23.662576578;-45.993257923;772.5;68640;48.35018867924526;980.8501886792452;Line 100;0;279.020002481324
-23.662532238;-45.993548111;777.6;68610;48.32905660377356;980.8290566037736;Line 100;0;279.020002481324
-23.662487897;-45.993838299;783.3;68580;48.30792452830186;980.8079245283019;Line 100;0;279.020002481324
-23.662443556;-45.994128487;789.3;68550;48.28679245283016;980.7867924528301;Line 100;0;279.020002481324
-23.662399215;-45.994418674;797.2;68520;48.265660377358465;980.7656603773585;Line 100;0;279.020002481324
-23.662354873;-45.994708862;805.2;68490;48.24452830188677;980.7445283018868;Line 100;0;279.020002481324
-23.66231053;-45.994999049;813.1;68460;48.22339622641506;980.723396226415;Line 100;0;279.020002481324
-23.662266187;-45.995289236;819.0;68430;48.20226415094337;980.7022641509434;Line 100;0;279.020002481324
-23.662221843;-45.995579423;825.1;68400;48.18113207547167;980.6811320754716;Line 100;0;279.020002481324
-23.662177499;-45.995869609;831.3;68370;48.159999999999975;980.66;Line 100;0;279.020002481324
-23.662133154;-45.996159795;837.3;68340;48.13886792452828;980.6388679245283;Line 100;0;279.020002481324
-23.662088809;-45.996449981;843.2;68310;48.11773584905657;980.6177358490565;Line 100;0;279.020002481324
-23.662044463;-45.996740167;849.6;68280;48.096603773584874;980.5966037735849;Line 100;0;279.020002481324
-23.662000117;-45.997030353;857.8;68250;48.07547169811318;980.5754716981132;Line 100;0;279.020002481324
-23.66195577;-45.997320538;865.9;68220;48.054339622641486;980.5543396226415;Line 100;0;279.020002481324
-23.661911422;-45.997610724;873.1;68190;48.03320754716979;980.5332075471698;Line 100;0;279.020002481324
-23.661867074;-45.997900909;879.2;68160;48.01207547169808;980.512075471698;Line 100;0;279.020002481324
-23.661822726;-45.998191093;885.7;68130;47.990943396226385;980.4909433962264;Line 100;0;279.020002481324
-23.661778376;-45.998481278;890.3;68100;47.969811320754694;980.4698113207547;Line 100;0;279.020002481324
-23.661734027;-45.998771462;893.0;68070;47.948679245282996;980.448679245283;Line 100;0;279.020002481324
-23.661689677;-45.999061646;895.7;68040;47.9275471698113;980.4275471698113;Line 100;0;279.020002481324
-23.661645326;-45.99935183;896.6;68010;47.90641509433959;980.4064150943395;Line 100;0;279.020002481324
-23.661600975;-45.999642014;895.7;67980;47.885283018867895;980.3852830188679;Line 100;0;279.020002481324
-23.661556623;-45.999932197;894.4;67950;47.8641509433962;980.3641509433962;Line 100;0;279.020002481324
-23.661512271;-46.000222381;895.1;67920;47.843018867924506;980.3430188679245;Line 100;0;279.020002481324
-23.661467918;-46.000512564;895.8;67890;47.82188679245281;980.3218867924528;Line 100;0;279.020002481324
-23.661423564;-46.000802746;895.7;67860;47.8007547169811;980.3007547169811;Line 100;0;279.020002481324
-23.66137921;-46.001092929;890.8;67830;47.779622641509405;980.2796226415094;Line 100;0;279.020002481324
-23.661334856;-46.001383111;885.1;67800;47.75849056603771;980.2584905660377;Line 100;0;279.020002481324
-23.661290501;-46.001673294;879.1;67770;47.73735849056601;980.2373584905661;Line 100;0;279.020002481324
-23.661246145;-46.001963476;871.3;67740;47.71622641509432;980.2162264150943;Line 100;0;279.020002481324
-23.661201789;-46.002253657;863.5;67710;47.695094339622614;980.1950943396226;Line 100;0;279.020002481324
-23.661157433;-46.002543839;856.1;67680;47.673962264150916;980.1739622641509;Line 100;0;279.020002481324
-23.661113076;-46.00283402;850.9;67650;47.65283018867922;980.1528301886792;Line 100;0;279.020002481324
-23.661068718;-46.003124201;845.7;67620;47.63169811320752;980.1316981132076;Line 100;0;279.020002481324
-23.66102436;-46.003414382;840.8;67590;47.61056603773582;980.1105660377358;Line 100;0;279.020002481324
-23.660980001;-46.003704563;836.6;67560;47.589433962264124;980.0894339622641;Line 100;0;279.020002481324
-23.660935642;-46.003994743;832.8;67530;47.568301886792426;980.0683018867924;Line 100;0;279.020002481324
-23.660891282;-46.004284923;827.8;67500;47.54716981132073;980.0471698113207;Line 100;0;279.020002481324
-23.660846922;-46.004575103;820.5;67470;47.52603773584903;980.0260377358491;Line 100;0;279.020002481324
-23.660802561;-46.004865283;813.1;67440;47.50490566037733;980.0049056603773;Line 100;0;279.020002481324
-23.660758199;-46.005155463;805.0;67410;47.483773584905634;979.9837735849056;Line 100;0;279.020002481324
-23.660713837;-46.005445642;796.7;67380;47.46264150943394;979.962641509434;Line 100;0;279.020002481324
-23.660669475;-46.005735821;789.2;67350;47.44150943396224;979.9415094339622;Line 100;0;279.020002481324
-23.660625112;-46.006026;782.4;67320;47.42037735849054;979.9203773584906;Line 100;0;279.020002481324
-23.660580748;-46.006316179;775.9;67290;47.39924528301884;979.8992452830189;Line 100;0;279.020002481324
-23.660536384;-46.006606357;769.7;67260;47.37811320754714;979.8781132075471;Line 100;0;279.020002481324
-23.660492019;-46.006896535;768.3;67230;47.35698113207545;979.8569811320755;Line 100;0;279.020002481324
-23.660447654;-46.007186714;767.7;67200;47.33584905660375;979.8358490566037;Line 100;0;279.020002481324
-23.660403288;-46.007476891;766.6;67170;47.31471698113205;979.814716981132;Line 100;0;279.020002481324
-23.660358922;-46.007767069;764.6;67140;47.29358490566035;979.7935849056604;Line 100;0;279.020002481324
-23.660314555;-46.008057246;762.3;67110;47.27245283018865;979.7724528301886;Line 100;0;279.020002481324
-23.660270188;-46.008347424;759.8;67080;47.25132075471695;979.751320754717;Line 100;0;279.020002481324
-23.66022582;-46.0086376;756.0;67050;47.23018867924526;979.7301886792452;Line 100;0;279.020002481324
-23.660181452;-46.008927777;752.4;67020;47.20905660377356;979.7090566037735;Line 100;0;279.020002481324
-23.660137083;-46.009217954;749.1;66990;47.18792452830186;979.6879245283019;Line 100;0;279.020002481324
-23.660092713;-46.00950813;746.5;66960;47.16679245283016;979.6667924528301;Line 100;0;279.020002481324
-23.660048343;-46.009798306;743.9;66930;47.14566037735846;979.6456603773585;Line 100;0;279.020002481324
-23.660003973;-46.010088482;742.0;66900;47.12452830188676;979.6245283018868;Line 100;0;279.020002481324
-23.659959601;-46.010378658;742.2;66870;47.10339622641507;979.603396226415;Line 100;0;279.020002481324
-23.65991523;-46.010668833;742.3;66840;47.082264150943374;979.5822641509434;Line 100;0;279.020002481324
-23.659870858;-46.010959008;742.4;66810;47.06113207547167;979.5611320754716;Line 100;0;279.020002481324
-23.659826485;-46.011249183;742.7;66780;47.03999999999997;979.54;Line 100;0;279.020002481324
-23.659782112;-46.011539358;742.9;66750;47.01886792452827;979.5188679245283;Line 100;0;279.020002481324
-23.659737738;-46.011829533;743.1;66720;46.99773584905658;979.4977358490565;Line 100;0;279.020002481324
-23.659693363;-46.012119707;743.4;66690;46.976603773584884;979.4766037735849;Line 100;0;279.020002481324
-23.659648989;-46.012409881;743.8;66660;46.95547169811318;979.4554716981132;Line 100;0;279.020002481324
-23.659604613;-46.012700055;744.1;66630;46.93433962264148;979.4343396226415;Line 100;0;279.020002481324
-23.659560237;-46.012990229;744.4;66600;46.91320754716978;979.4132075471698;Line 100;0;279.020002481324
-23.659515861;-46.013280402;744.9;66570;46.892075471698085;979.392075471698;Line 100;0;279.020002481324
-23.659471484;-46.013570576;748.7;66540;46.870943396226394;979.3709433962264;Line 100;0;279.020002481324
-23.659427106;-46.013860749;753.5;66510;46.8498113207547;979.3498113207547;Line 100;0;279.020002481324
-23.659382728;-46.014150921;758.6;66480;46.82867924528299;979.328679245283;Line 100;0;279.020002481324
-23.65933835;-46.014441094;764.0;66450;46.80754716981129;979.3075471698113;Line 100;0;279.020002481324
-23.65929397;-46.014731266;769.9;66420;46.786415094339596;979.2864150943396;Line 100;0;279.020002481324
-23.659249591;-46.015021439;775.9;66390;46.7652830188679;979.2652830188679;Line 100;0;279.020002481324
-23.65920521;-46.015311611;779.2;66360;46.74415094339621;979.2441509433962;Line 100;0;279.020002481324
-23.65916083;-46.015601782;782.4;66330;46.7230188679245;979.2230188679245;Line 100;0;279.020002481324
-23.659116448;-46.015891954;784.3;66300;46.701886792452804;979.2018867924528;Line 100;0;279.020002481324
-23.659072066;-46.016182125;784.7;66270;46.680754716981106;979.1807547169811;Line 100;0;279.020002481324
-23.659027684;-46.016472296;785.6;66240;46.65962264150941;979.1596226415094;Line 100;0;279.020002481324
-23.658983301;-46.016762467;787.7;66210;46.63849056603771;979.1384905660377;Line 100;0;279.020002481324
-23.658938918;-46.017052638;791.1;66180;46.61735849056601;979.1173584905661;Line 100;0;279.020002481324
-23.658894534;-46.017342808;793.9;66150;46.596226415094314;979.0962264150943;Line 100;0;279.020002481324
-23.658850149;-46.017632978;796.4;66120;46.575094339622616;979.0750943396226;Line 100;0;279.020002481324
-23.658805764;-46.017923148;798.5;66090;46.55396226415092;979.0539622641509;Line 100;0;279.020002481324
-23.658761379;-46.018213318;799.6;66060;46.53283018867922;979.0328301886792;Line 100;0;279.020002481324
-23.658716992;-46.018503488;801.2;66030;46.51169811320752;979.0116981132076;Line 100;0;279.020002481324
-23.658672606;-46.018793657;803.9;66000;46.490566037735825;978.9905660377358;Line 100;0;279.020002481324
-23.658628219;-46.019083826;806.8;65970;46.46943396226413;978.9694339622641;Line 100;0;279.020002481324
-23.658583831;-46.019373995;814.8;65940;46.44830188679243;978.9483018867925;Line 100;0;279.020002481324
-23.658539442;-46.019664164;825.1;65910;46.42716981132073;978.9271698113207;Line 100;0;279.020002481324
-23.658495054;-46.019954332;835.7;65880;46.406037735849026;978.906037735849;Line 100;0;279.020002481324
-23.658450664;-46.020244501;847.7;65850;46.384905660377335;978.8849056603773;Line 100;0;279.020002481324
-23.658406274;-46.020534669;860.3;65820;46.36377358490564;978.8637735849056;Line 100;0;279.020002481324
-23.658361884;-46.020824837;873.3;65790;46.34264150943394;978.842641509434;Line 100;0;279.020002481324
-23.658317493;-46.021115004;876.4;65760;46.32150943396224;978.8215094339622;Line 100;0;279.020002481324
-23.658273101;-46.021405172;878.4;65730;46.300377358490536;978.8003773584906;Line 100;0;279.020002481324
-23.658228709;-46.021695339;879.0;65700;46.27924528301884;978.7792452830188;Line 100;0;279.020002481324
-23.658184317;-46.021985506;874.5;65670;46.25811320754715;978.7581132075471;Line 100;0;279.020002481324
-23.658139924;-46.022275673;870.2;65640;46.23698113207545;978.7369811320755;Line 100;0;279.020002481324
-23.65809553;-46.022565839;867.3;65610;46.21584905660375;978.7158490566037;Line 100;0;279.020002481324
-23.658051136;-46.022856005;868.7;65580;46.194716981132046;978.694716981132;Line 100;0;279.020002481324
-23.658006741;-46.023146171;870.8;65550;46.17358490566035;978.6735849056604;Line 100;0;279.020002481324
-23.657962346;-46.023436337;874.0;65520;46.15245283018865;978.6524528301886;Line 100;0;279.020002481324
-23.65791795;-46.023726503;878.2;65490;46.13132075471696;978.631320754717;Line 100;0;279.020002481324
-23.657873554;-46.024016668;882.5;65460;46.11018867924526;978.6101886792453;Line 100;0;279.020002481324
-23.657829157;-46.024306834;887.3;65430;46.08905660377356;978.5890566037735;Line 100;0;279.020002481324
-23.657784759;-46.024596999;892.2;65400;46.06792452830186;978.5679245283019;Line 100;0;279.020002481324
-23.657740361;-46.024887163;896.9;65370;46.04679245283016;978.5467924528301;Line 100;0;279.020002481324
-23.657695963;-46.025177328;898.5;65340;46.02566037735847;978.5256603773585;Line 100;0;279.020002481324
-23.657651564;-46.025467492;897.5;65310;46.00452830188677;978.5045283018868;Line 100;0;279.020002481324
-23.657607164;-46.025757657;895.6;65280;45.98339622641507;978.483396226415;Line 100;0;279.020002481324
-23.657562764;-46.02604782;889.6;65250;45.96226415094337;978.4622641509434;Line 100;0;279.020002481324
-23.657518364;-46.026337984;882.4;65220;45.94113207547167;978.4411320754716;Line 100;0;279.020002481324
-23.657473963;-46.026628148;874.9;65190;45.91999999999997;978.42;Line 100;0;279.020002481324
-23.657429561;-46.026918311;864.8;65160;45.89886792452828;978.3988679245283;Line 100;0;279.020002481324
-23.657385159;-46.027208474;854.2;65130;45.87773584905658;978.3777358490565;Line 100;0;279.020002481324
-23.657340756;-46.027498637;843.5;65100;45.85660377358488;978.3566037735849;Line 100;0;279.020002481324
-23.657296352;-46.027788799;829.9;65070;45.83547169811318;978.3354716981132;Line 100;0;279.020002481324
-23.657251949;-46.028078962;816.7;65040;45.814339622641484;978.3143396226415;Line 100;0;279.020002481324
-23.657207544;-46.028369124;804.7;65010;45.793207547169786;978.2932075471698;Line 100;0;279.020002481324
-23.657163139;-46.028659286;799.4;64980;45.77207547169809;978.2720754716981;Line 100;0;279.020002481324
-23.657118734;-46.028949448;794.6;64950;45.75094339622639;978.2509433962264;Line 100;0;279.020002481324
-23.657074328;-46.029239609;793.1;64920;45.72981132075469;978.2298113207547;Line 100;0;279.020002481324
-23.657029921;-46.029529771;799.8;64890;45.708679245282994;978.208679245283;Line 100;0;279.020002481324
-23.656985514;-46.029819932;806.9;64860;45.687547169811296;978.1875471698113;Line 100;0;279.020002481324
-23.656941107;-46.030110092;815.6;64830;45.6664150943396;978.1664150943396;Line 100;0;279.020002481324
-23.656896698;-46.030400253;825.9;64800;45.6452830188679;978.1452830188679;Line 100;0;279.020002481324
-23.65685229;-46.030690414;835.7;64770;45.6241509433962;978.1241509433962;Line 100;0;279.020002481324
-23.656807881;-46.030980574;844.5;64740;45.603018867924504;978.1030188679244;Line 100;0;279.020002481324
-23.656763471;-46.031270734;852.2;64710;45.581886792452806;978.0818867924528;Line 100;0;279.020002481324
-23.65671906;-46.031560894;859.4;64680;45.5607547169811;978.0607547169811;Line 100;0;279.020002481324
-23.65667465;-46.031851053;866.8;64650;45.53962264150941;978.0396226415094;Line 100;0;279.020002481324
-23.656630238;-46.032141213;874.5;64620;45.51849056603771;978.0184905660377;Line 100;0;279.020002481324
-23.656585826;-46.032431372;882.2;64590;45.497358490566015;977.9973584905661;Line 100;0;279.020002481324
-23.656541414;-46.032721531;887.0;64560;45.47622641509432;977.9762264150943;Line 100;0;279.020002481324
-23.656497001;-46.033011689;890.5;64530;45.45509433962261;977.9550943396226;Line 100;0;279.020002481324
-23.656452587;-46.033301848;893.8;64500;45.433962264150914;977.9339622641509;Line 100;0;279.020002481324
-23.656408173;-46.033592006;891.0;64470;45.41283018867922;977.9128301886792;Line 100;0;279.020002481324
-23.656363759;-46.033882164;887.2;64440;45.391698113207525;977.8916981132076;Line 100;0;279.020002481324
-23.656319344;-46.034172322;883.2;64410;45.37056603773583;977.8705660377358;Line 100;0;279.020002481324
-23.656274928;-46.034462479;879.0;64380;45.34943396226412;977.8494339622641;Line 100;0;279.020002481324
-23.656230512;-46.034752637;874.7;64350;45.328301886792424;977.8283018867925;Line 100;0;279.020002481324
-23.656186095;-46.035042794;870.8;64320;45.307169811320726;977.8071698113207;Line 100;0;279.020002481324
-23.656141678;-46.035332951;869.8;64290;45.286037735849035;977.786037735849;Line 100;0;279.020002481324
-23.65609726;-46.035623108;868.7;64260;45.26490566037734;977.7649056603773;Line 100;0;279.020002481324
-23.656052842;-46.035913264;866.7;64230;45.24377358490563;977.7437735849056;Line 100;0;279.020002481324
-23.656008423;-46.036203421;862.7;64200;45.222641509433934;977.722641509434;Line 100;0;279.020002481324
-23.655964003;-46.036493577;858.8;64170;45.20150943396224;977.7015094339622;Line 100;0;279.020002481324
-23.655919583;-46.036783732;853.8;64140;45.18037735849054;977.6803773584905;Line 100;0;279.020002481324
-23.655875163;-46.037073888;847.3;64110;45.15924528301885;977.6592452830189;Line 100;0;279.020002481324
-23.655830742;-46.037364044;841.0;64080;45.13811320754714;977.6381132075471;Line 100;0;279.020002481324
-23.65578632;-46.037654199;837.4;64050;45.116981132075445;977.6169811320755;Line 100;0;279.020002481324
-23.655741898;-46.037944354;836.3;64020;45.09584905660375;977.5958490566037;Line 100;0;279.020002481324
-23.655697476;-46.038234509;835.9;63990;45.07471698113205;977.574716981132;Line 100;0;279.020002481324
-23.655653052;-46.038524663;838.0;63960;45.05358490566036;977.5535849056604;Line 100;0;279.020002481324
-23.655608629;-46.038814817;841.3;63930;45.03245283018865;977.5324528301886;Line 100;0;279.020002481324
-23.655564204;-46.039104972;844.6;63900;45.011320754716955;977.511320754717;Line 100;0;279.020002481324
-23.65551978;-46.039395125;847.0;63870;44.99018867924526;977.4901886792453;Line 100;0;279.020002481324
-23.655475354;-46.039685279;849.3;63840;44.96905660377356;977.4690566037735;Line 100;0;279.020002481324
-23.655430928;-46.039975433;851.9;63810;44.94792452830186;977.4479245283019;Line 100;0;279.020002481324
-23.655386502;-46.040265586;855.5;63780;44.92679245283016;977.4267924528301;Line 100;0;279.020002481324
-23.655342075;-46.040555739;859.1;63750;44.905660377358465;977.4056603773585;Line 100;0;279.020002481324
-23.655297648;-46.040845892;862.4;63720;44.88452830188677;977.3845283018868;Line 100;0;279.020002481324
-23.65525322;-46.041136044;863.4;63690;44.86339622641507;977.363396226415;Line 100;0;279.020002481324
-23.655208791;-46.041426197;864.9;63660;44.84226415094337;977.3422641509434;Line 100;0;279.020002481324
-23.655164362;-46.041716349;865.3;63630;44.82113207547167;977.3211320754717;Line 100;0;279.020002481324
-23.655119932;-46.042006501;858.6;63600;44.799999999999976;977.3;Line 100;0;279.020002481324
-23.655075502;-46.042296653;851.6;63570;44.77886792452828;977.2788679245283;Line 100;0;279.020002481324
-23.655031072;-46.042586804;844.7;63540;44.75773584905658;977.2577358490565;Line 100;0;279.020002481324
-23.65498664;-46.042876955;838.7;63510;44.73660377358488;977.2366037735849;Line 100;0;279.020002481324
-23.654942209;-46.043167106;833.0;63480;44.71547169811318;977.2154716981132;Line 100;0;279.020002481324
-23.654897776;-46.043457257;830.4;63450;44.694339622641486;977.1943396226415;Line 100;0;279.020002481324
-23.654853343;-46.043747408;831.5;63420;44.67320754716979;977.1732075471698;Line 100;0;279.020002481324
-23.65480891;-46.044037558;832.4;63390;44.65207547169809;977.1520754716981;Line 100;0;279.020002481324
-23.654764476;-46.044327708;832.5;63360;44.63094339622639;977.1309433962264;Line 100;0;279.020002481324
-23.654720042;-46.044617858;831.8;63330;44.60981132075469;977.1098113207547;Line 100;0;279.020002481324
-23.654675607;-46.044908008;830.9;63300;44.58867924528299;977.088679245283;Line 100;0;279.020002481324
-23.654631171;-46.045198158;829.1;63270;44.5675471698113;977.0675471698113;Line 100;0;279.020002481324
-23.654586735;-46.045488307;827.2;63240;44.5464150943396;977.0464150943396;Line 100;0;279.020002481324
-23.654542299;-46.045778456;825.4;63210;44.5252830188679;977.0252830188679;Line 100;0;279.020002481324
-23.654497861;-46.046068605;824.1;63180;44.5041509433962;977.0041509433962;Line 100;0;279.020002481324
-23.654453424;-46.046358754;823.3;63150;44.4830188679245;976.9830188679246;Line 100;0;279.020002481324
-23.654408986;-46.046648902;823.0;63120;44.4618867924528;976.9618867924528;Line 100;0;279.020002481324
-23.654364547;-46.04693905;825.1;63090;44.44075471698111;976.9407547169811;Line 100;0;279.020002481324
-23.654320108;-46.047229198;827.9;63060;44.41962264150941;976.9196226415094;Line 100;0;279.020002481324
-23.654275668;-46.047519346;831.3;63030;44.398490566037715;976.8984905660377;Line 100;0;279.020002481324
-23.654231227;-46.047809494;834.9;63000;44.37735849056601;976.877358490566;Line 100;0;279.020002481324
-23.654186787;-46.048099641;839.0;62970;44.35622641509431;976.8562264150943;Line 100;0;279.020002481324
-23.654142345;-46.048389788;842.5;62940;44.335094339622614;976.8350943396226;Line 100;0;279.020002481324
-23.654097903;-46.048679935;841.3;62910;44.31396226415092;976.813962264151;Line 100;0;279.020002481324
-23.654053461;-46.048970082;840.1;62880;44.292830188679226;976.7928301886792;Line 100;0;279.020002481324
-23.654009018;-46.049260229;839.6;62850;44.27169811320752;976.7716981132075;Line 100;0;279.020002481324
-23.653964574;-46.049550375;840.0;62820;44.25056603773582;976.7505660377358;Line 100;0;279.020002481324
-23.65392013;-46.049840521;840.2;62790;44.229433962264125;976.7294339622641;Line 100;0;279.020002481324
-23.653875685;-46.050130667;838.9;62760;44.20830188679243;976.7083018867925;Line 100;0;279.020002481324
-23.65383124;-46.050420812;836.4;62730;44.187169811320736;976.6871698113207;Line 100;0;279.020002481324
-23.653786794;-46.050710958;834.2;62700;44.16603773584903;976.666037735849;Line 100;0;279.020002481324
-23.653742348;-46.051001103;832.6;62670;44.14490566037733;976.6449056603774;Line 100;0;279.020002481324
-23.653697901;-46.051291248;831.4;62640;44.123773584905635;976.6237735849056;Line 100;0;279.020002481324
-23.653653454;-46.051581393;830.0;62610;44.10264150943394;976.602641509434;Line 100;0;279.020002481324
-23.653609006;-46.051871537;831.1;62580;44.081509433962246;976.5815094339622;Line 100;0;279.020002481324
-23.653564558;-46.052161681;833.1;62550;44.06037735849054;976.5603773584905;Line 100;0;279.020002481324
-23.653520109;-46.052451826;834.9;62520;44.03924528301884;976.5392452830189;Line 100;0;279.020002481324
-23.65347566;-46.052741969;833.9;62490;44.018113207547145;976.5181132075471;Line 100;0;279.020002481324
-23.65343121;-46.053032113;831.9;62460;43.99698113207545;976.4969811320755;Line 100;0;279.020002481324
-23.653386759;-46.053322256;829.3;62430;43.97584905660375;976.4758490566037;Line 100;0;279.020002481324
-23.653342308;-46.0536124;821.9;62400;43.95471698113205;976.454716981132;Line 100;0;279.020002481324
-23.653297856;-46.053902543;814.0;62370;43.933584905660354;976.4335849056604;Line 100;0;279.020002481324
-23.653253404;-46.054192685;806.6;62340;43.912452830188656;976.4124528301886;Line 100;0;279.020002481324
-23.653208951;-46.054482828;803.7;62310;43.89132075471696;976.391320754717;Line 100;0;279.020002481324
-23.653164498;-46.05477297;800.8;62280;43.87018867924526;976.3701886792453;Line 100;0;279.020002481324
-23.653120044;-46.055063112;798.5;62250;43.849056603773555;976.3490566037735;Line 100;0;279.020002481324
-23.65307559;-46.055353254;798.5;62220;43.827924528301864;976.3279245283019;Line 100;0;279.020002481324
-23.653031135;-46.055643396;798.1;62190;43.806792452830166;976.3067924528302;Line 100;0;279.020002481324
-23.65298668;-46.055933538;797.1;62160;43.78566037735847;976.2856603773585;Line 100;0;279.020002481324
-23.652942224;-46.056223679;795.2;62130;43.76452830188677;976.2645283018868;Line 100;0;279.020002481324
-23.652897768;-46.05651382;792.7;62100;43.743396226415065;976.243396226415;Line 100;0;279.020002481324
-23.652853311;-46.056803961;790.5;62070;43.722264150943374;976.2222641509434;Line 100;0;279.020002481324
-23.652808853;-46.057094101;789.2;62040;43.701132075471676;976.2011320754717;Line 100;0;279.020002481324
-23.652764395;-46.057384242;787.9;62010;43.67999999999998;976.18;Line 100;0;279.020002481324
-23.652719937;-46.057674382;788.7;61980;43.65886792452828;976.1588679245283;Line 100;0;279.020002481324
-23.652675477;-46.057964522;790.9;61950;43.637735849056575;976.1377358490565;Line 100;0;279.020002481324
-23.652631018;-46.058254661;793.2;61920;43.61660377358488;976.1166037735849;Line 100;0;279.020002481324
-23.652586558;-46.058544801;795.1;61890;43.59547169811319;976.0954716981132;Line 100;0;279.020002481324
-23.652542097;-46.05883494;796.8;61860;43.57433962264149;976.0743396226414;Line 100;0;279.020002481324
-23.652497636;-46.059125079;798.6;61830;43.55320754716979;976.0532075471698;Line 100;0;279.020002481324
-23.652453174;-46.059415218;794.8;61800;43.532075471698086;976.0320754716981;Line 100;0;279.020002481324
-23.652408711;-46.059705357;790.4;61770;43.51094339622639;976.0109433962264;Line 100;0;279.020002481324
-23.652364249;-46.059995495;786.1;61740;43.48981132075469;975.9898113207547;Line 100;0;279.020002481324
-23.652319785;-46.060285633;782.9;61710;43.468679245283;975.968679245283;Line 100;0;279.020002481324
-23.652275321;-46.060575771;779.9;61680;43.4475471698113;975.9475471698113;Line 100;0;279.020002481324
-23.652230857;-46.060865909;777.2;61650;43.426415094339596;975.9264150943396;Line 100;0;279.020002481324
-23.652186392;-46.061156047;776.0;61620;43.4052830188679;975.9052830188679;Line 100;0;279.020002481324
-23.652141926;-46.061446184;774.8;61590;43.3841509433962;975.8841509433962;Line 100;0;279.020002481324
-23.65209746;-46.061736321;774.2;61560;43.3630188679245;975.8630188679246;Line 100;0;279.020002481324
-23.652052993;-46.062026458;775.3;61530;43.34188679245281;975.8418867924528;Line 100;0;279.020002481324
-23.652008526;-46.062316595;776.7;61500;43.32075471698111;975.8207547169811;Line 100;0;279.020002481324
-23.651964059;-46.062606731;779.4;61470;43.29962264150941;975.7996226415094;Line 100;0;279.020002481324
-23.65191959;-46.062896867;784.1;61440;43.27849056603771;975.7784905660377;Line 100;0;279.020002481324
-23.651875122;-46.063187003;789.3;61410;43.25735849056601;975.757358490566;Line 100;0;279.020002481324
-23.651830652;-46.063477139;791.8;61380;43.23622641509432;975.7362264150943;Line 100;0;279.020002481324
-23.651786182;-46.063767275;790.6;61350;43.21509433962262;975.7150943396226;Line 100;0;279.020002481324
-23.651741712;-46.06405741;788.9;61320;43.19396226415092;975.693962264151;Line 100;0;279.020002481324
-23.651697241;-46.064347545;788.0;61290;43.17283018867922;975.6728301886792;Line 100;0;279.020002481324
-23.65165277;-46.06463768;787.8;61260;43.15169811320752;975.6516981132075;Line 100;0;279.020002481324
-23.651608298;-46.064927815;788.3;61230;43.130566037735825;975.6305660377358;Line 100;0;279.020002481324
-23.651563825;-46.065217949;787.3;61200;43.10943396226413;975.6094339622641;Line 100;0;279.020002481324
-23.651519352;-46.065508084;785.5;61170;43.08830188679243;975.5883018867925;Line 100;0;279.020002481324
-23.651474878;-46.065798218;782.9;61140;43.06716981132073;975.5671698113207;Line 100;0;279.020002481324
-23.651430404;-46.066088351;783.0;61110;43.04603773584903;975.546037735849;Line 100;0;279.020002481324
-23.65138593;-46.066378485;783.3;61080;43.024905660377335;975.5249056603774;Line 100;0;279.020002481324
-23.651341454;-46.066668618;783.4;61050;43.00377358490563;975.5037735849056;Line 100;0;279.020002481324
-23.651296979;-46.066958752;786.3;61020;42.98264150943394;975.482641509434;Line 100;0;279.020002481324
-23.651252502;-46.067248885;789.2;60990;42.96150943396224;975.4615094339622;Line 100;0;279.020002481324
-23.651208026;-46.067539017;792.8;60960;42.940377358490544;975.4403773584905;Line 100;0;279.020002481324
-23.651163548;-46.06782915;801.0;60930;42.919245283018846;975.4192452830189;Line 100;0;279.020002481324
-23.65111907;-46.068119282;809.6;60900;42.89811320754714;975.3981132075471;Line 100;0;279.020002481324
-23.651074592;-46.068409414;819.1;60870;42.87698113207545;975.3769811320755;Line 100;0;279.020002481324
-23.651030113;-46.068699546;830.7;60840;42.85584905660375;975.3558490566038;Line 100;0;279.020002481324
-23.650985633;-46.068989678;842.4;60810;42.834716981132054;975.334716981132;Line 100;0;279.020002481324
-23.650941153;-46.069279809;854.4;60780;42.813584905660356;975.3135849056604;Line 100;0;279.020002481324
-23.650896673;-46.06956994;866.8;60750;42.79245283018865;975.2924528301886;Line 100;0;279.020002481324
-23.650852192;-46.069860071;879.7;60720;42.77132075471695;975.271320754717;Line 100;0;279.020002481324
-23.65080771;-46.070150202;888.0;60690;42.75018867924526;975.2501886792453;Line 100;0;279.020002481324
-23.650763228;-46.070440333;891.5;60660;42.729056603773564;975.2290566037735;Line 100;0;279.020002481324
-23.650718745;-46.070730463;894.7;60630;42.70792452830187;975.2079245283019;Line 100;0;279.020002481324
-23.650674262;-46.071020593;894.9;60600;42.68679245283016;975.1867924528301;Line 100;0;279.020002481324
-23.650629778;-46.071310723;893.9;60570;42.66566037735846;975.1656603773584;Line 100;0;279.020002481324
-23.650585294;-46.071600852;893.1;60540;42.644528301886766;975.1445283018868;Line 100;0;279.020002481324
-23.650540809;-46.071890982;889.4;60510;42.623396226415075;975.123396226415;Line 100;0;279.020002481324
-23.650496324;-46.072181111;885.0;60480;42.60226415094338;975.1022641509434;Line 100;0;279.020002481324
-23.650451838;-46.07247124;880.7;60450;42.58113207547167;975.0811320754717;Line 100;0;279.020002481324
-23.650407351;-46.072761369;876.8;60420;42.559999999999974;975.06;Line 100;0;279.020002481324
-23.650362864;-46.073051498;873.0;60390;42.538867924528276;975.0388679245283;Line 100;0;279.020002481324
-23.650318377;-46.073341626;869.4;60360;42.51773584905658;975.0177358490566;Line 100;0;279.020002481324
-23.650273888;-46.073631754;872.6;60330;42.49660377358489;974.9966037735849;Line 100;0;279.020002481324
-23.6502294;-46.073921882;876.0;60300;42.47547169811318;974.9754716981132;Line 100;0;279.020002481324
-23.650184911;-46.07421201;879.2;60270;42.454339622641484;974.9543396226414;Line 100;0;279.020002481324
-23.650140421;-46.074502137;880.8;60240;42.433207547169786;974.9332075471698;Line 100;0;279.020002481324
-23.650095931;-46.074792264;882.5;60210;42.41207547169809;974.9120754716981;Line 100;0;279.020002481324
-23.65005144;-46.075082391;883.7;60180;42.39094339622639;974.8909433962264;Line 100;0;279.020002481324
-23.650006949;-46.075372518;883.5;60150;42.36981132075469;974.8698113207547;Line 100;0;279.020002481324
-23.649962457;-46.075662645;883.3;60120;42.348679245282995;974.8486792452829;Line 100;0;279.020002481324
-23.649917965;-46.075952771;881.1;60090;42.3275471698113;974.8275471698113;Line 100;0;279.020002481324
-23.649873472;-46.076242897;876.2;60060;42.3064150943396;974.8064150943396;Line 100;0;279.020002481324
-23.649828978;-46.076533023;871.1;60030;42.2852830188679;974.7852830188679;Line 100;0;279.020002481324
-23.649784484;-46.076823149;867.0;60000;42.2641509433962;974.7641509433962;Line 100;0;279.020002481324
-23.64973999;-46.077113275;863.6;59970;42.243018867924505;974.7430188679245;Line 100;0;279.020002481324
-23.649695495;-46.0774034;859.8;59940;42.22188679245281;974.7218867924528;Line 100;0;279.020002481324
-23.649650999;-46.077693525;854.9;59910;42.20075471698111;974.7007547169811;Line 100;0;279.020002481324
-23.649606503;-46.07798365;849.3;59880;42.17962264150941;974.6796226415095;Line 100;0;279.020002481324
-23.649562006;-46.078273774;843.8;59850;42.158490566037706;974.6584905660377;Line 100;0;279.020002481324
-23.649517509;-46.078563899;836.4;59820;42.137358490566015;974.637358490566;Line 100;0;279.020002481324
-23.649473011;-46.078854023;829.0;59790;42.11622641509432;974.6162264150943;Line 100;0;279.020002481324
-23.649428513;-46.079144147;821.8;59760;42.09509433962262;974.5950943396226;Line 100;0;279.020002481324
-23.649384014;-46.079434271;818.5;59730;42.07396226415092;974.573962264151;Line 100;0;279.020002481324
-23.649339515;-46.079724394;815.8;59700;42.05283018867922;974.5528301886792;Line 100;0;279.020002481324
-23.649295015;-46.080014518;813.4;59670;42.03169811320752;974.5316981132075;Line 100;0;279.020002481324
-23.649250515;-46.080304641;809.8;59640;42.01056603773583;974.5105660377358;Line 100;0;279.020002481324
-23.649206014;-46.080594764;806.1;59610;41.98943396226413;974.4894339622641;Line 100;0;279.020002481324
-23.649161512;-46.080884886;802.9;59580;41.96830188679243;974.4683018867925;Line 100;0;279.020002481324
-23.64911701;-46.081175009;802.3;59550;41.947169811320734;974.4471698113207;Line 100;0;279.020002481324
-23.649072508;-46.081465131;801.4;59520;41.92603773584903;974.426037735849;Line 100;0;279.020002481324
-23.649028005;-46.081755253;799.3;59490;41.90490566037734;974.4049056603774;Line 100;0;279.020002481324
-23.648983501;-46.082045375;794.9;59460;41.88377358490564;974.3837735849056;Line 100;0;279.020002481324
-23.648938997;-46.082335496;790.9;59430;41.86264150943394;974.362641509434;Line 100;0;279.020002481324
-23.648894492;-46.082625618;786.3;59400;41.841509433962244;974.3415094339623;Line 100;0;279.020002481324
-23.648849987;-46.082915739;780.8;59370;41.82037735849054;974.3203773584905;Line 100;0;279.020002481324
-23.648805481;-46.08320586;775.4;59340;41.79924528301884;974.2992452830189;Line 100;0;279.020002481324
-23.648760975;-46.08349598;771.7;59310;41.77811320754715;974.2781132075471;Line 100;0;279.020002481324
-23.648716468;-46.083786101;769.4;59280;41.75698113207545;974.2569811320755;Line 100;0;279.020002481324
-23.648671961;-46.084076221;767.1;59250;41.735849056603755;974.2358490566038;Line 100;0;279.020002481324
-23.648627453;-46.084366341;767.1;59220;41.71471698113205;974.214716981132;Line 100;0;279.020002481324
-23.648582944;-46.084656461;768.0;59190;41.69358490566035;974.1935849056604;Line 100;0;279.020002481324
-23.648538435;-46.084946581;768.8;59160;41.672452830188654;974.1724528301886;Line 100;0;279.020002481324
-23.648493926;-46.0852367;772.4;59130;41.65132075471696;974.151320754717;Line 100;0;279.020002481324
-23.648449416;-46.085526819;776.4;59100;41.630188679245265;974.1301886792453;Line 100;0;279.020002481324
-23.648404905;-46.085816938;780.0;59070;41.60905660377356;974.1090566037735;Line 100;0;279.020002481324
-23.648360394;-46.086107057;780.8;59040;41.58792452830186;974.0879245283019;Line 100;0;279.020002481324
-23.648315882;-46.086397175;781.4;59010;41.566792452830164;974.0667924528302;Line 100;0;279.020002481324
-23.64827137;-46.086687294;781.9;58980;41.545660377358466;974.0456603773584;Line 100;0;279.020002481324
-23.648226857;-46.086977412;780.4;58950;41.524528301886775;974.0245283018868;Line 100;0;279.020002481324
-23.648182344;-46.087267529;779.2;58920;41.50339622641507;974.003396226415;Line 100;0;279.020002481324
-23.64813783;-46.087557647;778.3;58890;41.48226415094337;973.9822641509434;Line 100;0;279.020002481324
-23.648093316;-46.087847764;777.6;58860;41.461132075471674;973.9611320754717;Line 100;0;279.020002481324
-23.648048801;-46.088137882;777.1;58830;41.439999999999976;973.9399999999999;Line 100;0;279.020002481324
-23.648004286;-46.088427999;776.1;58800;41.41886792452828;973.9188679245283;Line 100;0;279.020002481324
-23.64795977;-46.088718115;773.5;58770;41.39773584905658;973.8977358490566;Line 100;0;279.020002481324
-23.647915253;-46.089008232;770.9;58740;41.37660377358488;973.8766037735849;Line 100;0;279.020002481324
-23.647870736;-46.089298348;768.3;58710;41.355471698113185;973.8554716981132;Line 100;0;279.020002481324
-23.647826218;-46.089588464;765.4;58680;41.33433962264149;973.8343396226414;Line 100;0;279.020002481324
-23.6477817;-46.08987858;762.6;58650;41.31320754716979;973.8132075471698;Line 100;0;279.020002481324
-23.647737182;-46.090168696;760.4;58620;41.29207547169809;973.7920754716981;Line 100;0;279.020002481324
-23.647692663;-46.090458811;758.7;58590;41.27094339622639;973.7709433962264;Line 100;0;279.020002481324
-23.647648143;-46.090748926;757.0;58560;41.249811320754695;973.7498113207547;Line 100;0;279.020002481324
-23.647603623;-46.091039041;755.8;58530;41.228679245283;973.728679245283;Line 100;0;279.020002481324
-23.647559102;-46.091329156;755.0;58500;41.2075471698113;973.7075471698113;Line 100;0;279.020002481324
-23.647514581;-46.091619271;754.1;58470;41.186415094339594;973.6864150943396;Line 100;0;279.020002481324
-23.647470059;-46.091909385;754.4;58440;41.1652830188679;973.6652830188679;Line 100;0;279.020002481324
-23.647425536;-46.092199499;754.9;58410;41.144150943396205;973.6441509433962;Line 100;0;279.020002481324
-23.647381013;-46.092489613;755.6;58380;41.12301886792451;973.6230188679245;Line 100;0;279.020002481324
-23.64733649;-46.092779727;757.0;58350;41.10188679245281;973.6018867924528;Line 100;0;279.020002481324
-23.647291966;-46.09306984;758.7;58320;41.080754716981104;973.5807547169811;Line 100;0;279.020002481324
-23.647247441;-46.093359953;760.8;58290;41.05962264150941;973.5596226415093;Line 100;0;279.020002481324
-23.647202916;-46.093650066;762.7;58260;41.038490566037716;973.5384905660377;Line 100;0;279.020002481324
-23.647158391;-46.093940179;764.7;58230;41.01735849056602;973.517358490566;Line 100;0;279.020002481324
-23.647113865;-46.094230292;766.2;58200;40.99622641509432;973.4962264150943;Line 100;0;279.020002481324
-23.647069338;-46.094520404;765.5;58170;40.975094339622615;973.4750943396226;Line 100;0;279.020002481324
-23.647024811;-46.094810516;764.8;58140;40.95396226415092;973.453962264151;Line 100;0;279.020002481324
-23.646980283;-46.095100628;764.3;58110;40.932830188679226;973.4328301886792;Line 100;0;279.020002481324
-23.646935755;-46.09539074;764.5;58080;40.91169811320753;973.4116981132075;Line 100;0;279.020002481324
-23.646891226;-46.095680851;764.4;58050;40.89056603773583;973.3905660377359;Line 100;0;279.020002481324
-23.646846696;-46.095970963;765.0;58020;40.869433962264125;973.3694339622641;Line 100;0;279.020002481324
-23.646802167;-46.096261074;765.9;57990;40.84830188679243;973.3483018867925;Line 100;0;279.020002481324
-23.646757636;-46.096551185;766.5;57960;40.82716981132073;973.3271698113207;Line 100;0;279.020002481324
-23.646713105;-46.096841295;767.2;57930;40.80603773584904;973.306037735849;Line 100;0;279.020002481324
-23.646668574;-46.097131406;768.2;57900;40.78490566037734;973.2849056603774;Line 100;0;279.020002481324
-23.646624042;-46.097421516;769.5;57870;40.763773584905636;973.2637735849056;Line 100;0;279.020002481324
-23.646579509;-46.097711626;771.8;57840;40.74264150943394;973.242641509434;Line 100;0;279.020002481324
-23.646534976;-46.098001735;774.6;57810;40.72150943396224;973.2215094339622;Line 100;0;279.020002481324
-23.646490442;-46.098291845;777.4;57780;40.70037735849054;973.2003773584905;Line 100;0;279.020002481324
-23.646445908;-46.098581954;780.5;57750;40.67924528301885;973.1792452830189;Line 100;0;279.020002481324
-23.646401373;-46.098872063;783.7;57720;40.658113207547146;973.1581132075471;Line 100;0;279.020002481324
-23.646356838;-46.099162172;786.9;57690;40.63698113207545;973.1369811320754;Line 100;0;279.020002481324
-23.646312302;-46.099452281;787.9;57660;40.61584905660375;973.1158490566038;Line 100;0;279.020002481324
-23.646267766;-46.099742389;788.8;57630;40.59471698113205;973.094716981132;Line 100;0;279.020002481324
-23.646223229;-46.100032497;789.4;57600;40.573584905660354;973.0735849056604;Line 100;0;279.020002481324
-23.646178692;-46.100322605;789.2;57570;40.552452830188656;973.0524528301887;Line 100;0;279.020002481324
-23.646134154;-46.100612713;789.1;57540;40.53132075471696;973.031320754717;Line 100;0;279.020002481324
-23.646089615;-46.100902821;788.6;57510;40.51018867924526;973.0101886792453;Line 100;0;279.020002481324
-23.646045076;-46.101192928;786.9;57480;40.48905660377356;972.9890566037735;Line 100;0;279.020002481324
-23.646000537;-46.101483035;785.2;57450;40.467924528301864;972.9679245283019;Line 100;0;279.020002481324
-23.645955997;-46.101773142;783.2;57420;40.44679245283017;972.9467924528302;Line 100;0;279.020002481324
-23.645911456;-46.102063248;780.9;57390;40.42566037735847;972.9256603773584;Line 100;0;279.020002481324
-23.645866915;-46.102353355;778.5;57360;40.40452830188677;972.9045283018868;Line 100;0;279.020002481324
-23.645822373;-46.102643461;776.4;57330;40.38339622641507;972.883396226415;Line 100;0;279.020002481324
-23.645777831;-46.102933567;775.2;57300;40.362264150943375;972.8622641509434;Line 100;0;279.020002481324
-23.645733288;-46.103223673;774.1;57270;40.34113207547167;972.8411320754717;Line 100;0;279.020002481324
-23.645688745;-46.103513778;772.4;57240;40.31999999999998;972.8199999999999;Line 100;0;279.020002481324
-23.645644201;-46.103803884;770.2;57210;40.29886792452828;972.7988679245283;Line 100;0;279.020002481324
-23.645599657;-46.104093989;767.9;57180;40.27773584905658;972.7777358490566;Line 100;0;279.020002481324
-23.645555112;-46.104384094;765.7;57150;40.256603773584885;972.7566037735849;Line 100;0;279.020002481324
-23.645510567;-46.104674198;763.5;57120;40.23547169811318;972.7354716981132;Line 100;0;279.020002481324
-23.645466021;-46.104964303;761.3;57090;40.21433962264148;972.7143396226414;Line 100;0;279.020002481324
-23.645421474;-46.105254407;761.8;57060;40.19320754716979;972.6932075471698;Line 100;0;279.020002481324
-23.645376927;-46.105544511;762.7;57030;40.17207547169809;972.6720754716981;Line 100;0;279.020002481324
-23.64533238;-46.105834615;763.8;57000;40.150943396226396;972.6509433962264;Line 100;0;279.020002481324
-23.645287831;-46.106124719;767.2;56970;40.12981132075469;972.6298113207547;Line 100;0;279.020002481324
-23.645243283;-46.106414822;770.5;56940;40.10867924528299;972.608679245283;Line 100;0;279.020002481324
-23.645198734;-46.106704925;773.5;56910;40.087547169811295;972.5875471698113;Line 100;0;279.020002481324
-23.645154184;-46.106995028;775.4;56880;40.066415094339604;972.5664150943396;Line 100;0;279.020002481324
-23.645109634;-46.107285131;777.0;56850;40.045283018867906;972.5452830188678;Line 100;0;279.020002481324
-23.645065083;-46.107575233;778.2;56820;40.0241509433962;972.5241509433962;Line 100;0;279.020002481324
-23.645020532;-46.107865335;779.4;56790;40.0030188679245;972.5030188679245;Line 100;0;279.020002481324
-23.64497598;-46.108155437;780.8;56760;39.981886792452805;972.4818867924528;Line 100;0;279.020002481324
-23.644931427;-46.108445539;782.7;56730;39.960754716981114;972.4607547169811;Line 100;0;279.020002481324
-23.644886874;-46.108735641;785.0;56700;39.939622641509416;972.4396226415095;Line 100;0;279.020002481324
-23.644842321;-46.109025742;787.1;56670;39.91849056603771;972.4184905660377;Line 100;0;279.020002481324
-23.644797767;-46.109315843;788.2;56640;39.89735849056601;972.397358490566;Line 100;0;279.020002481324
-23.644753212;-46.109605944;788.4;56610;39.876226415094315;972.3762264150943;Line 100;0;279.020002481324
-23.644708657;-46.109896045;788.6;56580;39.85509433962262;972.3550943396226;Line 100;0;279.020002481324
-23.644664102;-46.110186146;787.9;56550;39.83396226415093;972.333962264151;Line 100;0;279.020002481324
-23.644619545;-46.110476246;787.1;56520;39.81283018867922;972.3128301886792;Line 100;0;279.020002481324
-23.644574989;-46.110766346;786.5;56490;39.791698113207524;972.2916981132075;Line 100;0;279.020002481324
-23.644530432;-46.111056446;787.5;56460;39.770566037735826;972.2705660377359;Line 100;0;279.020002481324
-23.644485874;-46.111346545;789.1;56430;39.74943396226413;972.2494339622641;Line 100;0;279.020002481324
-23.644441316;-46.111636645;790.8;56400;39.72830188679243;972.2283018867925;Line 100;0;279.020002481324
-23.644396757;-46.111926744;794.1;56370;39.70716981132073;972.2071698113207;Line 100;0;279.020002481324
-23.644352197;-46.112216843;797.6;56340;39.686037735849034;972.186037735849;Line 100;0;279.020002481324
-23.644307637;-46.112506942;801.1;56310;39.664905660377336;972.1649056603774;Line 100;0;279.020002481324
-23.644263077;-46.11279704;804.3;56280;39.64377358490564;972.1437735849056;Line 100;0;279.020002481324
-23.644218516;-46.113087138;807.4;56250;39.62264150943394;972.122641509434;Line 100;0;279.020002481324
-23.644173955;-46.113377236;810.2;56220;39.60150943396224;972.1015094339623;Line 100;0;279.020002481324
-23.644129392;-46.113667334;810.5;56190;39.580377358490544;972.0803773584905;Line 100;0;279.020002481324
-23.64408483;-46.113957432;811.0;56160;39.559245283018846;972.0592452830189;Line 100;0;279.020002481324
-23.644040267;-46.114247529;810.5;56130;39.53811320754715;972.0381132075471;Line 100;0;279.020002481324
-23.643995703;-46.114537627;807.2;56100;39.51698113207545;972.0169811320754;Line 100;0;279.020002481324
-23.643951139;-46.114827724;804.1;56070;39.49584905660375;971.9958490566038;Line 100;0;279.020002481324
-23.643906574;-46.11511782;801.1;56040;39.474716981132055;971.974716981132;Line 100;0;279.020002481324
-23.643862009;-46.115407917;798.3;56010;39.45358490566036;971.9535849056604;Line 100;0;279.020002481324
-23.643817443;-46.115698013;795.4;55980;39.43245283018866;971.9324528301887;Line 100;0;279.020002481324
-23.643772877;-46.115988109;793.7;55950;39.41132075471696;971.9113207547169;Line 100;0;279.020002481324
-23.64372831;-46.116278205;793.2;55920;39.39018867924526;971.8901886792453;Line 100;0;279.020002481324
-23.643683743;-46.116568301;792.5;55890;39.36905660377356;971.8690566037735;Line 100;0;279.020002481324
-23.643639175;-46.116858396;792.1;55860;39.34792452830187;971.8479245283019;Line 100;0;279.020002481324
-23.643594606;-46.117148492;792.0;55830;39.32679245283017;971.8267924528302;Line 100;0;279.020002481324
-23.643550037;-46.117438587;792.2;55800;39.30566037735847;971.8056603773584;Line 100;0;279.020002481324
-23.643505468;-46.117728681;792.0;55770;39.28452830188677;971.7845283018868;Line 100;0;279.020002481324
-23.643460898;-46.118018776;791.9;55740;39.26339622641507;971.7633962264151;Line 100;0;279.020002481324
-23.643416327;-46.11830887;792.0;55710;39.24226415094337;971.7422641509434;Line 100;0;279.020002481324
-23.643371756;-46.118598964;790.4;55680;39.22113207547168;971.7211320754717;Line 100;0;279.020002481324
-23.643327184;-46.118889058;788.4;55650;39.19999999999998;971.6999999999999;Line 100;0;279.020002481324
-23.643282612;-46.119179152;786.2;55620;39.178867924528284;971.6788679245283;Line 100;0;279.020002481324
-23.643238039;-46.119469245;783.2;55590;39.15773584905658;971.6577358490566;Line 100;0;279.020002481324
-23.643193466;-46.119759339;780.0;55560;39.13660377358488;971.6366037735849;Line 100;0;279.020002481324
-23.643148892;-46.120049432;777.1;55530;39.11547169811318;971.6154716981132;Line 100;0;279.020002481324
-23.643104318;-46.120339524;776.5;55500;39.09433962264149;971.5943396226415;Line 100;0;279.020002481324
-23.643059743;-46.120629617;775.8;55470;39.073207547169794;971.5732075471698;Line 100;0;279.020002481324
-23.643015167;-46.120919709;775.8;55440;39.05207547169809;971.5520754716981;Line 100;0;279.020002481324
-23.642970591;-46.121209801;777.1;55410;39.03094339622639;971.5309433962263;Line 100;0;279.020002481324
-23.642926015;-46.121499893;778.3;55380;39.00981132075469;971.5098113207547;Line 100;0;279.020002481324
-23.642881438;-46.121789985;780.9;55350;38.988679245283;971.488679245283;Line 100;0;279.020002481324
-23.64283686;-46.122080077;785.3;55320;38.967547169811304;971.4675471698113;Line 100;0;279.020002481324
-23.642792282;-46.122370168;789.5;55290;38.9464150943396;971.4464150943396;Line 100;0;279.020002481324
-23.642747704;-46.122660259;791.5;55260;38.9252830188679;971.425283018868;Line 100;0;279.020002481324
-23.642703124;-46.12295035;791.6;55230;38.9041509433962;971.4041509433962;Line 100;0;279.020002481324
-23.642658545;-46.12324044;791.5;55200;38.883018867924505;971.3830188679245;Line 100;0;279.020002481324
-23.642613964;-46.123530531;790.5;55170;38.861886792452815;971.3618867924528;Line 100;0;279.020002481324
-23.642569384;-46.123820621;789.5;55140;38.84075471698111;971.3407547169811;Line 100;0;279.020002481324
-23.642524802;-46.124110711;789.1;55110;38.81962264150941;971.3196226415095;Line 100;0;279.020002481324
-23.64248022;-46.1244008;787.5;55080;38.798490566037714;971.2984905660377;Line 100;0;279.020002481324
-23.642435638;-46.12469089;785.4;55050;38.777358490566016;971.277358490566;Line 100;0;279.020002481324
-23.642391055;-46.124980979;783.2;55020;38.75622641509432;971.2562264150943;Line 100;0;279.020002481324
-23.642346472;-46.125271068;782.5;54990;38.73509433962262;971.2350943396226;Line 100;0;279.020002481324
-23.642301888;-46.125561157;782.0;54960;38.71396226415092;971.213962264151;Line 100;0;279.020002481324
-23.642257303;-46.125851246;781.7;54930;38.692830188679224;971.1928301886792;Line 100;0;279.020002481324
-23.642212718;-46.126141334;784.4;54900;38.671698113207526;971.1716981132075;Line 100;0;279.020002481324
-23.642168132;-46.126431422;787.2;54870;38.65056603773583;971.1505660377359;Line 100;0;279.020002481324
-23.642123546;-46.12672151;789.5;54840;38.62943396226413;971.1294339622641;Line 100;0;279.020002481324
-23.64207896;-46.127011598;788.9;54810;38.60830188679243;971.1083018867924;Line 100;0;279.020002481324
-23.642034372;-46.127301686;788.2;54780;38.587169811320734;971.0871698113208;Line 100;0;279.020002481324
-23.641989785;-46.127591773;786.7;54750;38.56603773584904;971.066037735849;Line 100;0;279.020002481324
-23.641945196;-46.12788186;783.8;54720;38.54490566037734;971.0449056603774;Line 100;0;279.020002481324
-23.641900608;-46.128171947;781.2;54690;38.52377358490563;971.0237735849056;Line 100;0;279.020002481324
-23.641856018;-46.128462033;778.2;54660;38.50264150943394;971.0026415094339;Line 100;0;279.020002481324
-23.641811428;-46.12875212;774.7;54630;38.481509433962245;970.9815094339623;Line 100;0;279.020002481324
-23.641766838;-46.129042206;771.0;54600;38.46037735849055;970.9603773584905;Line 100;0;279.020002481324
-23.641722247;-46.129332292;769.1;54570;38.43924528301885;970.9392452830189;Line 100;0;279.020002481324
-23.641677655;-46.129622378;768.5;54540;38.418113207547144;970.9181132075471;Line 100;0;279.020002481324
-23.641633063;-46.129912463;768.0;54510;38.396981132075446;970.8969811320754;Line 100;0;279.020002481324
-23.641588471;-46.130202549;768.1;54480;38.375849056603755;970.8758490566038;Line 100;0;279.020002481324
-23.641543878;-46.130492634;768.3;54450;38.35471698113206;970.854716981132;Line 100;0;279.020002481324
-23.641499284;-46.130782719;768.5;54420;38.33358490566036;970.8335849056604;Line 100;0;279.020002481324
-23.64145469;-46.131072803;767.5;54390;38.312452830188654;970.8124528301887;Line 100;0;279.020002481324
-23.641410095;-46.131362888;766.1;54360;38.291320754716956;970.7913207547169;Line 100;0;279.020002481324
-23.6413655;-46.131652972;764.6;54330;38.27018867924526;970.7701886792453;Line 100;0;279.020002481324
-23.641320904;-46.131943056;764.1;54300;38.24905660377357;970.7490566037736;Line 100;0;279.020002481324
-23.641276308;-46.13223314;763.8;54270;38.22792452830187;970.7279245283019;Line 100;0;279.020002481324
-23.641231711;-46.132523223;763.4;54240;38.206792452830165;970.7067924528302;Line 100;0;279.020002481324
-23.641187114;-46.132813306;762.8;54210;38.18566037735847;970.6856603773584;Line 100;0;279.020002481324
-23.641142516;-46.13310339;762.0;54180;38.16452830188677;970.6645283018868;Line 100;0;279.020002481324
-23.641097917;-46.133393472;761.3;54150;38.14339622641508;970.6433962264151;Line 100;0;279.020002481324
-23.641053318;-46.133683555;761.2;54120;38.12226415094338;970.6222641509434;Line 100;0;279.020002481324
-23.641008719;-46.133973638;761.4;54090;38.101132075471675;970.6011320754717;Line 100;0;279.020002481324
-23.640964119;-46.13426372;762.1;54060;38.07999999999998;970.5799999999999;Line 100;0;279.020002481324
-23.640919518;-46.134553802;764.2;54030;38.05886792452828;970.5588679245283;Line 100;0;279.020002481324
-23.640874917;-46.134843884;766.5;54000;38.03773584905658;970.5377358490566;Line 100;0;279.020002481324
-23.640830315;-46.135133965;768.8;53970;38.01660377358489;970.5166037735848;Line 100;0;279.020002481324
-23.640785713;-46.135424046;771.2;53940;37.995471698113185;970.4954716981132;Line 100;0;279.020002481324
-23.64074111;-46.135714128;773.8;53910;37.97433962264149;970.4743396226415;Line 100;0;279.020002481324
-23.640696507;-46.136004209;774.8;53880;37.95320754716979;970.4532075471698;Line 100;0;279.020002481324
-23.640651903;-46.136294289;774.5;53850;37.93207547169809;970.4320754716981;Line 100;0;279.020002481324
-23.640607299;-46.13658437;774.1;53820;37.91094339622639;970.4109433962263;Line 100;0;279.020002481324
-23.640562694;-46.13687445;775.9;53790;37.889811320754696;970.3898113207547;Line 100;0;279.020002481324
-23.640518089;-46.13716453;778.2;53760;37.868679245283;970.368679245283;Line 100;0;279.020002481324
-23.640473483;-46.13745461;780.1;53730;37.8475471698113;970.3475471698113;Line 100;0;279.020002481324
-23.640428876;-46.137744689;779.9;53700;37.8264150943396;970.3264150943396;Line 100;0;279.020002481324
-23.640384269;-46.138034769;779.1;53670;37.805283018867904;970.305283018868;Line 100;0;279.020002481324
-23.640339661;-46.138324848;778.1;53640;37.784150943396206;970.2841509433962;Line 100;0;279.020002481324
-23.640295053;-46.138614927;774.7;53610;37.76301886792451;970.2630188679245;Line 100;0;279.020002481324
-23.640250445;-46.138905005;771.0;53580;37.74188679245281;970.2418867924528;Line 100;0;279.020002481324
-23.640205836;-46.139195084;767.3;53550;37.72075471698111;970.2207547169811;Line 100;0;279.020002481324
-23.640161226;-46.139485162;764.8;53520;37.699622641509414;970.1996226415094;Line 100;0;279.020002481324
-23.640116616;-46.13977524;762.7;53490;37.67849056603771;970.1784905660377;Line 100;0;279.020002481324
-23.640072005;-46.140065318;761.2;53460;37.65735849056602;970.157358490566;Line 100;0;279.020002481324
-23.640027394;-46.140355396;761.5;53430;37.63622641509432;970.1362264150944;Line 100;0;279.020002481324
-23.639982782;-46.140645473;761.8;53400;37.61509433962262;970.1150943396226;Line 100;0;279.020002481324
-23.639938169;-46.14093555;763.2;53370;37.593962264150925;970.093962264151;Line 100;0;279.020002481324
-23.639893556;-46.141225627;766.3;53340;37.57283018867922;970.0728301886792;Line 100;0;279.020002481324
-23.639848943;-46.141515704;769.1;53310;37.55169811320752;970.0516981132075;Line 100;0;279.020002481324
-23.639804329;-46.14180578;772.0;53280;37.53056603773583;970.0305660377359;Line 100;0;279.020002481324
-23.639759714;-46.142095856;774.7;53250;37.50943396226413;970.0094339622641;Line 100;0;279.020002481324
-23.639715099;-46.142385933;777.2;53220;37.488301886792435;969.9883018867924;Line 100;0;279.020002481324
-23.639670484;-46.142676008;778.8;53190;37.46716981132073;969.9671698113207;Line 100;0;279.020002481324
-23.639625868;-46.142966084;780.1;53160;37.44603773584903;969.946037735849;Line 100;0;279.020002481324
-23.639581251;-46.143256159;781.5;53130;37.424905660377334;969.9249056603774;Line 100;0;279.020002481324
-23.639536634;-46.143546235;782.2;53100;37.40377358490564;969.9037735849056;Line 100;0;279.020002481324
-23.639492016;-46.143836309;782.7;53070;37.382641509433945;969.8826415094339;Line 100;0;279.020002481324
-23.639447398;-46.144126384;783.2;53040;37.36150943396224;969.8615094339623;Line 100;0;279.020002481324
-23.639402779;-46.144416459;786.1;53010;37.34037735849054;969.8403773584905;Line 100;0;279.020002481324
-23.63935816;-46.144706533;790.0;52980;37.319245283018844;969.8192452830189;Line 100;0;279.020002481324
-23.63931354;-46.144996607;794.5;52950;37.298113207547146;969.7981132075472;Line 100;0;279.020002481324
-23.639268919;-46.145286681;795.5;52920;37.276981132075456;969.7769811320754;Line 100;0;279.020002481324
-23.639224298;-46.145576754;796.9;52890;37.25584905660376;969.7558490566038;Line 100;0;279.020002481324
-23.639179677;-46.145866828;798.4;52860;37.23471698113205;969.734716981132;Line 100;0;279.020002481324
-23.639135055;-46.146156901;797.6;52830;37.213584905660355;969.7135849056604;Line 100;0;279.020002481324
-23.639090432;-46.146446974;796.5;52800;37.19245283018866;969.6924528301887;Line 100;0;279.020002481324
-23.639045809;-46.146737047;796.4;52770;37.171320754716966;969.6713207547169;Line 100;0;279.020002481324
-23.639001186;-46.147027119;799.3;52740;37.15018867924527;969.6501886792453;Line 100;0;279.020002481324
-23.638956562;-46.147317192;801.3;52710;37.12905660377356;969.6290566037735;Line 100;0;279.020002481324
-23.638911937;-46.147607264;801.7;52680;37.107924528301865;969.6079245283019;Line 100;0;279.020002481324
-23.638867312;-46.147897335;800.9;52650;37.08679245283017;969.5867924528302;Line 100;0;279.020002481324
-23.638822686;-46.148187407;800.0;52620;37.06566037735847;969.5656603773584;Line 100;0;279.020002481324
-23.63877806;-46.148477479;797.3;52590;37.04452830188678;969.5445283018868;Line 100;0;279.020002481324
-23.638733433;-46.14876755;793.1;52560;37.02339622641507;969.5233962264151;Line 100;0;279.020002481324
-23.638688805;-46.149057621;789.5;52530;37.002264150943375;969.5022641509433;Line 100;0;279.020002481324
-23.638644177;-46.149347691;787.0;52500;36.98113207547168;969.4811320754717;Line 100;0;279.020002481324
-23.638599549;-46.149637762;785.4;52470;36.95999999999998;969.46;Line 100;0;279.020002481324
-23.63855492;-46.149927832;784.4;52440;36.93886792452828;969.4388679245283;Line 100;0;279.020002481324
-23.638510291;-46.150217902;783.7;52410;36.917735849056584;969.4177358490566;Line 100;0;279.020002481324
-23.63846566;-46.150507972;783.0;52380;36.896603773584886;969.3966037735848;Line 100;0;279.020002481324
-23.63842103;-46.150798042;782.2;52350;36.87547169811319;969.3754716981132;Line 100;0;279.020002481324
-23.638376399;-46.151088111;782.7;52320;36.85433962264149;969.3543396226415;Line 100;0;279.020002481324
-23.638331767;-46.15137818;783.0;52290;36.83320754716979;969.3332075471698;Line 100;0;279.020002481324
-23.638287135;-46.151668249;783.6;52260;36.812075471698094;969.3120754716981;Line 100;0;279.020002481324
-23.638242502;-46.151958318;789.5;52230;36.790943396226396;969.2909433962263;Line 100;0;279.020002481324
-23.638197869;-46.152248387;794.8;52200;36.7698113207547;969.2698113207547;Line 100;0;279.020002481324
-23.638153235;-46.152538455;799.6;52170;36.748679245283;969.248679245283;Line 100;0;279.020002481324
-23.638108601;-46.152828523;803.9;52140;36.7275471698113;969.2275471698113;Line 100;0;279.020002481324
-23.638063966;-46.153118591;807.9;52110;36.7064150943396;969.2064150943396;Line 100;0;279.020002481324
-23.638019331;-46.153408659;810.5;52080;36.685283018867906;969.185283018868;Line 100;0;279.020002481324
-23.637974695;-46.153698726;810.0;52050;36.66415094339621;969.1641509433962;Line 100;0;279.020002481324
-23.637930058;-46.153988793;809.6;52020;36.64301886792451;969.1430188679245;Line 100;0;279.020002481324
-23.637885421;-46.15427886;808.3;51990;36.62188679245281;969.1218867924529;Line 100;0;279.020002481324
-23.637840784;-46.154568927;806.0;51960;36.60075471698111;969.1007547169811;Line 100;0;279.020002481324
-23.637796146;-46.154858994;803.9;51930;36.57962264150941;969.0796226415094;Line 100;0;279.020002481324
-23.637751507;-46.15514906;803.7;51900;36.55849056603772;969.0584905660377;Line 100;0;279.020002481324
-23.637706868;-46.155439126;805.1;51870;36.53735849056602;969.037358490566;Line 100;0;279.020002481324
-23.637662228;-46.155729192;806.8;51840;36.51622641509432;969.0162264150944;Line 100;0;279.020002481324
-23.637617588;-46.156019258;808.0;51810;36.49509433962262;968.9950943396226;Line 100;0;279.020002481324
-23.637572947;-46.156309323;809.0;51780;36.47396226415092;968.9739622641509;Line 100;0;279.020002481324
-23.637528306;-46.156599388;809.9;51750;36.45283018867922;968.9528301886792;Line 100;0;279.020002481324
-23.637483664;-46.156889453;807.8;51720;36.43169811320753;968.9316981132075;Line 100;0;279.020002481324
-23.637439022;-46.157179518;804.6;51690;36.41056603773583;968.9105660377359;Line 100;0;279.020002481324
-23.637394379;-46.157469583;801.4;51660;36.38943396226413;968.8894339622641;Line 100;0;279.020002481324
-23.637349735;-46.157759647;800.2;51630;36.36830188679243;968.8683018867924;Line 100;0;279.020002481324
-23.637305091;-46.158049711;799.7;51600;36.34716981132073;968.8471698113208;Line 100;0;279.020002481324
-23.637260447;-46.158339775;799.6;51570;36.326037735849035;968.826037735849;Line 100;0;279.020002481324
-23.637215802;-46.158629839;800.3;51540;36.304905660377344;968.8049056603774;Line 100;0;279.020002481324
-23.637171156;-46.158919902;801.1;51510;36.28377358490564;968.7837735849056;Line 100;0;279.020002481324
-23.63712651;-46.159209965;801.7;51480;36.26264150943394;968.7626415094339;Line 100;0;279.020002481324
-23.637081864;-46.159500028;799.4;51450;36.24150943396224;968.7415094339623;Line 100;0;279.020002481324
-23.637037216;-46.159790091;796.9;51420;36.220377358490545;968.7203773584905;Line 100;0;279.020002481324
-23.636992569;-46.160080154;794.8;51390;36.199245283018854;968.6992452830189;Line 100;0;279.020002481324
-23.63694792;-46.160370216;793.8;51360;36.17811320754715;968.6781132075472;Line 100;0;279.020002481324
-23.636903272;-46.160660278;792.6;51330;36.15698113207545;968.6569811320754;Line 100;0;279.020002481324
-23.636858622;-46.16095034;792.7;51300;36.13584905660375;968.6358490566038;Line 100;0;279.020002481324
-23.636813973;-46.161240402;795.0;51270;36.114716981132055;968.614716981132;Line 100;0;279.020002481324
-23.636769322;-46.161530463;797.5;51240;36.09358490566036;968.5935849056604;Line 100;0;279.020002481324
-23.636724671;-46.161820525;799.7;51210;36.07245283018866;968.5724528301887;Line 100;0;279.020002481324
-23.63668002;-46.162110586;801.8;51180;36.05132075471696;968.5513207547169;Line 100;0;279.020002481324
-23.636635368;-46.162400646;804.5;51150;36.03018867924526;968.5301886792453;Line 100;0;279.020002481324
-23.636590715;-46.162690707;803.7;51120;36.009056603773566;968.5090566037736;Line 100;0;279.020002481324
-23.636546062;-46.162980767;801.1;51090;35.98792452830187;968.4879245283018;Line 100;0;279.020002481324
-23.636501409;-46.163270827;798.8;51060;35.96679245283016;968.4667924528302;Line 100;0;279.020002481324
-23.636456755;-46.163560887;796.8;51030;35.94566037735847;968.4456603773584;Line 100;0;279.020002481324
-23.6364121;-46.163850947;794.6;51000;35.924528301886774;968.4245283018868;Line 100;0;279.020002481324
-23.636367445;-46.164141007;792.2;50970;35.903396226415076;968.4033962264151;Line 100;0;279.020002481324
-23.636322789;-46.164431066;794.2;50940;35.88226415094338;968.3822641509433;Line 100;0;279.020002481324
-23.636278133;-46.164721125;796.1;50910;35.86113207547167;968.3611320754717;Line 100;0;279.020002481324
-23.636233476;-46.165011184;797.5;50880;35.83999999999998;968.34;Line 100;0;279.020002481324
-23.636188819;-46.165301242;798.8;50850;35.818867924528284;968.3188679245283;Line 100;0;279.020002481324
-23.636144161;-46.165591301;799.6;50820;35.797735849056586;968.2977358490566;Line 100;0;279.020002481324
-23.636099502;-46.165881359;800.5;50790;35.77660377358489;968.2766037735848;Line 100;0;279.020002481324
-23.636054843;-46.166171417;804.3;50760;35.75547169811318;968.2554716981132;Line 100;0;279.020002481324
-23.636010184;-46.166461474;808.6;50730;35.734339622641485;968.2343396226415;Line 100;0;279.020002481324
-23.635965524;-46.166751532;812.1;50700;35.713207547169795;968.2132075471698;Line 100;0;279.020002481324
-23.635920863;-46.167041589;812.7;50670;35.6920754716981;968.1920754716981;Line 100;0;279.020002481324
-23.635876202;-46.167331646;813.9;50640;35.6709433962264;968.1709433962264;Line 100;0;279.020002481324
-23.635831541;-46.167621703;812.9;50610;35.649811320754694;968.1498113207547;Line 100;0;279.020002481324
-23.635786878;-46.16791176;808.1;50580;35.628679245282996;968.128679245283;Line 100;0;279.020002481324
-23.635742216;-46.168201816;803.6;50550;35.6075471698113;968.1075471698113;Line 100;0;279.020002481324
-23.635697552;-46.168491872;798.2;50520;35.58641509433961;968.0864150943396;Line 100;0;279.020002481324
-23.635652889;-46.168781928;791.8;50490;35.56528301886791;968.065283018868;Line 100;0;279.020002481324
-23.635608224;-46.169071984;785.2;50460;35.544150943396204;968.0441509433962;Line 100;0;279.020002481324
-23.63556356;-46.169362039;782.4;50430;35.523018867924506;968.0230188679245;Line 100;0;279.020002481324
-23.635518894;-46.169652094;781.0;50400;35.50188679245281;968.0018867924528;Line 100;0;279.020002481324
-23.635474228;-46.169942149;779.0;50370;35.48075471698111;967.9807547169811;Line 100;0;279.020002481324
-23.635429562;-46.170232204;778.5;50340;35.45962264150942;967.9596226415094;Line 100;0;279.020002481324
-23.635384895;-46.170522259;778.4;50310;35.438490566037714;967.9384905660377;Line 100;0;279.020002481324
-23.635340227;-46.170812313;778.5;50280;35.417358490566016;967.917358490566;Line 100;0;279.020002481324
-23.635295559;-46.171102367;774.0;50250;35.39622641509432;967.8962264150944;Line 100;0;279.020002481324
-23.635250891;-46.171392421;769.8;50220;35.37509433962262;967.8750943396226;Line 100;0;279.020002481324
-23.635206222;-46.171682475;766.3;50190;35.35396226415092;967.8539622641509;Line 100;0;279.020002481324
-23.635161552;-46.171972529;762.4;50160;35.332830188679225;967.8328301886793;Line 100;0;279.020002481324
-23.635116882;-46.172262582;758.3;50130;35.31169811320753;967.8116981132075;Line 100;0;279.020002481324
-23.635072211;-46.172552635;755.0;50100;35.29056603773583;967.7905660377359;Line 100;0;279.020002481324
-23.63502754;-46.172842688;755.0;50070;35.26943396226413;967.7694339622641;Line 100;0;279.020002481324
-23.634982868;-46.17313274;755.0;50040;35.24830188679243;967.7483018867924;Line 100;0;279.020002481324
-23.634938196;-46.173422793;755.0;50010;35.227169811320735;967.7271698113208;Line 100;0;279.020002481324
-23.634893523;-46.173712845;755.0;49980;35.20603773584904;967.706037735849;Line 100;0;279.020002481324
-23.63484885;-46.174002897;755.0;49950;35.18490566037734;967.6849056603774;Line 100;0;279.020002481324
-23.634804176;-46.174292949;755.0;49920;35.16377358490564;967.6637735849056;Line 100;0;279.020002481324
-23.634759501;-46.174583;755.0;49890;35.14264150943394;967.6426415094339;Line 100;0;279.020002481324
-23.634714826;-46.174873051;755.0;49860;35.12150943396224;967.6215094339623;Line 100;0;279.020002481324
-23.634670151;-46.175163102;755.0;49830;35.10037735849055;967.6003773584905;Line 100;0;279.020002481324
-23.634625475;-46.175453153;755.0;49800;35.07924528301885;967.5792452830188;Line 100;0;279.020002481324
-23.634580798;-46.175743204;755.0;49770;35.05811320754715;967.5581132075472;Line 100;0;279.020002481324
-23.634536121;-46.176033254;755.0;49740;35.036981132075454;967.5369811320754;Line 100;0;279.020002481324
-23.634491443;-46.176323304;755.0;49710;35.01584905660375;967.5158490566038;Line 100;0;279.020002481324
-23.634446765;-46.176613354;755.0;49680;34.99471698113205;967.494716981132;Line 100;0;279.020002481324
-23.634402086;-46.176903404;755.0;49650;34.97358490566036;967.4735849056603;Line 100;0;279.020002481324
-23.634357407;-46.177193454;755.0;49620;34.95245283018866;967.4524528301887;Line 100;0;279.020002481324
-23.634312727;-46.177483503;755.0;49590;34.931320754716964;967.4313207547169;Line 100;0;279.020002481324
-23.634268047;-46.177773552;755.0;49560;34.91018867924526;967.4101886792453;Line 100;0;279.020002481324
-23.634223366;-46.178063601;755.0;49530;34.88905660377356;967.3890566037736;Line 100;0;279.020002481324
-23.634178685;-46.178353649;755.0;49500;34.86792452830187;967.3679245283018;Line 100;0;279.020002481324
-23.634134003;-46.178643698;755.0;49470;34.84679245283017;967.3467924528302;Line 100;0;279.020002481324
-23.63408932;-46.178933746;755.0;49440;34.825660377358474;967.3256603773584;Line 100;0;279.020002481324
-23.634044637;-46.179223794;755.0;49410;34.804528301886776;967.3045283018868;Line 100;0;279.020002481324
-23.633999954;-46.179513842;755.0;49380;34.78339622641507;967.2833962264151;Line 100;0;279.020002481324
-23.633955269;-46.179803889;755.0;49350;34.76226415094337;967.2622641509433;Line 100;0;279.020002481324
-23.633910585;-46.180093936;755.0;49320;34.74113207547168;967.2411320754717;Line 100;0;279.020002481324
-23.6338659;-46.180383984;755.0;49290;34.719999999999985;967.22;Line 100;0;279.020002481324
-23.633821214;-46.18067403;755.0;49260;34.69886792452829;967.1988679245283;Line 100;0;279.020002481324
-23.633776528;-46.180964077;755.0;49230;34.67773584905658;967.1777358490566;Line 100;0;279.020002481324
-23.633731841;-46.181254123;755.0;49200;34.656603773584884;967.1566037735848;Line 100;0;279.020002481324
-23.633687154;-46.18154417;755.0;49170;34.635471698113186;967.1354716981132;Line 100;0;279.020002481324
-23.633642466;-46.181834216;755.0;49140;34.614339622641495;967.1143396226415;Line 100;0;279.020002481324
-23.633597777;-46.182124261;755.0;49110;34.5932075471698;967.0932075471698;Line 100;0;279.020002481324
-23.633553089;-46.182414307;755.0;49080;34.57207547169809;967.0720754716981;Line 100;0;279.020002481324
-23.633508399;-46.182704352;755.0;49050;34.550943396226394;967.0509433962264;Line 100;0;279.020002481324
-23.633463709;-46.182994397;755.0;49020;34.529811320754696;967.0298113207547;Line 100;0;279.020002481324
-23.633419019;-46.183284442;755.0;48990;34.508679245283;967.008679245283;Line 100;0;279.020002481324
-23.633374328;-46.183574487;755.0;48960;34.48754716981131;966.9875471698113;Line 100;0;279.020002481324
-23.633329636;-46.183864531;755.0;48930;34.4664150943396;966.9664150943396;Line 100;0;279.020002481324
-23.633284944;-46.184154575;755.0;48900;34.445283018867904;966.9452830188679;Line 100;0;279.020002481324
-23.633240251;-46.184444619;755.6;48870;34.42415094339621;966.9241509433962;Line 100;0;279.020002481324
-23.633195558;-46.184734663;756.1;48840;34.40301886792451;966.9030188679245;Line 100;0;279.020002481324
-23.633150864;-46.185024706;756.8;48810;34.38188679245282;966.8818867924529;Line 100;0;279.020002481324
-23.63310617;-46.18531475;759.2;48780;34.36075471698111;966.8607547169811;Line 100;0;279.020002481324
-23.633061475;-46.185604793;761.4;48750;34.339622641509415;966.8396226415094;Line 100;0;279.020002481324
-23.63301678;-46.185894836;763.5;48720;34.31849056603772;966.8184905660377;Line 100;0;279.020002481324
-23.632972084;-46.186184878;765.1;48690;34.29735849056602;966.797358490566;Line 100;0;279.020002481324
-23.632927388;-46.186474921;766.5;48660;34.27622641509432;966.7762264150944;Line 100;0;279.020002481324
-23.632882691;-46.186764963;766.9;48630;34.25509433962262;966.7550943396226;Line 100;0;279.020002481324
-23.632837993;-46.187055005;766.0;48600;34.233962264150925;966.7339622641509;Line 100;0;279.020002481324
-23.632793295;-46.187345047;765.3;48570;34.21283018867923;966.7128301886793;Line 100;0;279.020002481324
-23.632748597;-46.187635088;763.4;48540;34.19169811320753;966.6916981132075;Line 100;0;279.020002481324
-23.632703898;-46.187925129;760.1;48510;34.17056603773583;966.6705660377359;Line 100;0;279.020002481324
-23.632659198;-46.18821517;756.8;48480;34.149433962264126;966.6494339622641;Line 100;0;279.020002481324
-23.632614498;-46.188505211;755.3;48450;34.128301886792435;966.6283018867924;Line 100;0;279.020002481324
-23.632569797;-46.188795252;755.1;48420;34.10716981132074;966.6071698113208;Line 100;0;279.020002481324
-23.632525096;-46.189085292;755.0;48390;34.08603773584904;966.586037735849;Line 100;0;279.020002481324
-23.632480394;-46.189375333;755.0;48360;34.06490566037734;966.5649056603773;Line 100;0;279.020002481324
-23.632435692;-46.189665373;755.0;48330;34.04377358490564;966.5437735849057;Line 100;0;279.020002481324
-23.632390989;-46.189955412;755.0;48300;34.022641509433946;966.5226415094339;Line 100;0;279.020002481324
-23.632346286;-46.190245452;755.0;48270;34.00150943396225;966.5015094339623;Line 100;0;279.020002481324
-23.632301582;-46.190535491;755.0;48240;33.98037735849055;966.4803773584905;Line 100;0;279.020002481324
-23.632256878;-46.19082553;755.0;48210;33.95924528301885;966.4592452830188;Line 100;0;279.020002481324
-23.632212173;-46.191115569;755.0;48180;33.93811320754715;966.4381132075472;Line 100;0;279.020002481324
-23.632167467;-46.191405608;755.0;48150;33.91698113207545;966.4169811320754;Line 100;0;279.020002481324
-23.632122761;-46.191695646;755.0;48120;33.89584905660376;966.3958490566038;Line 100;0;279.020002481324
-23.632078055;-46.191985684;755.0;48090;33.87471698113206;966.3747169811321;Line 100;0;279.020002481324
-23.632033348;-46.192275722;755.0;48060;33.85358490566036;966.3535849056603;Line 100;0;279.020002481324
-23.63198864;-46.19256576;755.0;48030;33.83245283018866;966.3324528301887;Line 100;0;279.020002481324
-23.631943932;-46.192855797;755.0;48000;33.81132075471696;966.3113207547169;Line 100;0;279.020002481324
-23.631899223;-46.193145835;755.0;47970;33.79018867924526;966.2901886792453;Line 100;0;279.020002481324
-23.631854514;-46.193435872;755.0;47940;33.76905660377357;966.2690566037736;Line 100;0;279.020002481324
-23.631809804;-46.193725909;755.0;47910;33.74792452830187;966.2479245283018;Line 100;0;279.020002481324
-23.631765094;-46.194015945;755.0;47880;33.72679245283017;966.2267924528302;Line 100;0;279.020002481324
-23.631720383;-46.194305982;755.0;47850;33.70566037735847;966.2056603773585;Line 100;0;279.020002481324
-23.631675672;-46.194596018;755.0;47820;33.68452830188677;966.1845283018868;Line 100;0;279.020002481324
-23.63163096;-46.194886054;755.0;47790;33.663396226415074;966.1633962264151;Line 100;0;279.020002481324
-23.631586247;-46.19517609;755.0;47760;33.64226415094338;966.1422641509433;Line 100;0;279.020002481324
-23.631541534;-46.195466125;755.0;47730;33.62113207547168;966.1211320754717;Line 100;0;279.020002481324
-23.631496821;-46.195756161;755.0;47700;33.59999999999998;966.1;Line 100;0;279.020002481324
-23.631452107;-46.196046196;755.2;47670;33.57886792452828;966.0788679245283;Line 100;0;279.020002481324
-23.631407392;-46.19633623;755.4;47640;33.557735849056584;966.0577358490566;Line 100;0;279.020002481324
-23.631362677;-46.196626265;755.6;47610;33.536603773584886;966.0366037735848;Line 100;0;279.020002481324
-23.631317962;-46.196916299;756.2;47580;33.51547169811319;966.0154716981132;Line 100;0;279.020002481324
-23.631273245;-46.197206334;756.9;47550;33.49433962264149;965.9943396226415;Line 100;0;279.020002481324
-23.631228529;-46.197496368;757.4;47520;33.47320754716979;965.9732075471697;Line 100;0;279.020002481324
-23.631183811;-46.197786401;758.3;47490;33.452075471698095;965.9520754716981;Line 100;0;279.020002481324
-23.631139094;-46.198076435;759.4;47460;33.4309433962264;965.9309433962264;Line 100;0;279.020002481324
-23.631094375;-46.198366468;760.3;47430;33.4098113207547;965.9098113207547;Line 100;0;279.020002481324
-23.631049657;-46.198656501;760.0;47400;33.388679245283;965.888679245283;Line 100;0;279.020002481324
-23.631004937;-46.198946534;759.6;47370;33.3675471698113;965.8675471698114;Line 100;0;279.020002481324
-23.630960217;-46.199236567;759.0;47340;33.346415094339605;965.8464150943396;Line 100;0;279.020002481324
-23.630915497;-46.199526599;757.6;47310;33.32528301886791;965.8252830188679;Line 100;0;279.020002481324
-23.630870776;-46.199816631;756.1;47280;33.3041509433962;965.8041509433962;Line 100;0;279.020002481324
-23.630826054;-46.200106663;754.1;47250;33.28301886792451;965.7830188679245;Line 100;0;279.020002481324
-23.630781332;-46.200396695;751.5;47220;33.26188679245281;965.7618867924529;Line 100;0;279.020002481324
-23.63073661;-46.200686727;749.2;47190;33.240754716981115;965.7407547169811;Line 100;0;279.020002481324
-23.630691886;-46.200976758;748.2;47160;33.21962264150942;965.7196226415094;Line 100;0;279.020002481324
-23.630647163;-46.201266789;748.2;47130;33.19849056603771;965.6984905660377;Line 100;0;279.020002481324
-23.630602439;-46.20155682;748.3;47100;33.177358490566014;965.677358490566;Line 100;0;279.020002481324
-23.630557714;-46.201846851;748.5;47070;33.156226415094324;965.6562264150944;Line 100;0;279.020002481324
-23.630512989;-46.202136881;748.6;47040;33.135094339622626;965.6350943396226;Line 100;0;279.020002481324
-23.630468263;-46.202426911;748.7;47010;33.11396226415093;965.6139622641509;Line 100;0;279.020002481324
-23.630423537;-46.202716941;748.6;46980;33.09283018867922;965.5928301886793;Line 100;0;279.020002481324
-23.63037881;-46.203006971;748.8;46950;33.071698113207525;965.5716981132075;Line 100;0;279.020002481324
-23.630334082;-46.203297;749.0;46920;33.050566037735834;965.5505660377358;Line 100;0;279.020002481324
-23.630289354;-46.20358703;750.5;46890;33.029433962264136;965.5294339622642;Line 100;0;279.020002481324
-23.630244626;-46.203877059;752.3;46860;33.00830188679244;965.5083018867924;Line 100;0;279.020002481324
-23.630199897;-46.204167088;754.0;46830;32.98716981132073;965.4871698113208;Line 100;0;279.020002481324
-23.630155167;-46.204457116;755.3;46800;32.966037735849035;965.466037735849;Line 100;0;279.020002481324
-23.630110437;-46.204747145;756.7;46770;32.94490566037734;965.4449056603773;Line 100;0;279.020002481324
-23.630065707;-46.205037173;758.1;46740;32.923773584905646;965.4237735849057;Line 100;0;279.020002481324
-23.630020975;-46.205327201;759.6;46710;32.90264150943395;965.4026415094339;Line 100;0;279.020002481324
-23.629976244;-46.205617229;761.0;46680;32.88150943396224;965.3815094339623;Line 100;0;279.020002481324
-23.629931512;-46.205907256;762.8;46650;32.860377358490545;965.3603773584905;Line 100;0;279.020002481324
-23.629886779;-46.206197283;765.2;46620;32.83924528301885;965.3392452830188;Line 100;0;279.020002481324
-23.629842046;-46.20648731;767.3;46590;32.81811320754715;965.3181132075472;Line 100;0;279.020002481324
-23.629797312;-46.206777337;769.0;46560;32.79698113207546;965.2969811320754;Line 100;0;279.020002481324
-23.629752577;-46.207067364;770.4;46530;32.775849056603754;965.2758490566038;Line 100;0;279.020002481324
-23.629707842;-46.20735739;771.9;46500;32.754716981132056;965.2547169811321;Line 100;0;279.020002481324
-23.629663107;-46.207647417;774.0;46470;32.73358490566036;965.2335849056603;Line 100;0;279.020002481324
-23.629618371;-46.207937442;776.4;46440;32.71245283018866;965.2124528301887;Line 100;0;279.020002481324
-23.629573635;-46.208227468;778.7;46410;32.69132075471696;965.1913207547169;Line 100;0;279.020002481324
-23.629528898;-46.208517494;779.4;46380;32.670188679245264;965.1701886792453;Line 100;0;279.020002481324
-23.62948416;-46.208807519;779.2;46350;32.649056603773566;965.1490566037736;Line 100;0;279.020002481324
-23.629439422;-46.209097544;779.0;46320;32.62792452830187;965.1279245283018;Line 100;0;279.020002481324
-23.629394683;-46.209387569;777.3;46290;32.60679245283017;965.1067924528302;Line 100;0;279.020002481324
-23.629349944;-46.209677594;775.1;46260;32.58566037735847;965.0856603773585;Line 100;0;279.020002481324
-23.629305204;-46.209967618;772.9;46230;32.564528301886774;965.0645283018868;Line 100;0;279.020002481324
-23.629260464;-46.210257642;774.3;46200;32.54339622641508;965.0433962264151;Line 100;0;279.020002481324
-23.629215723;-46.210547666;776.1;46170;32.52226415094338;965.0222641509433;Line 100;0;279.020002481324
-23.629170982;-46.21083769;778.1;46140;32.50113207547168;965.0011320754717;Line 100;0;279.020002481324
-23.62912624;-46.211127713;780.8;46110;32.47999999999998;964.98;Line 100;0;279.020002481324
-23.629081498;-46.211417737;783.5;46080;32.45886792452828;964.9588679245282;Line 100;0;279.020002481324
-23.629036755;-46.21170776;785.9;46050;32.43773584905659;964.9377358490566;Line 100;0;279.020002481324
-23.628992012;-46.211997783;787.2;46020;32.41660377358489;964.9166037735849;Line 100;0;279.020002481324
-23.628947268;-46.212287805;788.4;45990;32.39547169811319;964.8954716981132;Line 100;0;279.020002481324
-23.628902523;-46.212577828;788.6;45960;32.37433962264149;964.8743396226415;Line 100;0;279.020002481324
-23.628857778;-46.21286785;786.4;45930;32.353207547169795;964.8532075471697;Line 100;0;279.020002481324
-23.628813032;-46.213157872;784.2;45900;32.33207547169809;964.8320754716981;Line 100;0;279.020002481324
-23.628768286;-46.213447894;780.4;45870;32.3109433962264;964.8109433962264;Line 100;0;279.020002481324
-23.62872354;-46.213737915;774.3;45840;32.2898113207547;964.7898113207547;Line 100;0;279.020002481324
-23.628678793;-46.214027936;768.5;45810;32.268679245283;964.768679245283;Line 100;0;279.020002481324
-23.628634045;-46.214317957;764.2;45780;32.247547169811305;964.7475471698114;Line 100;0;279.020002481324
-23.628589297;-46.214607978;761.2;45750;32.2264150943396;964.7264150943396;Line 100;0;279.020002481324
-23.628544548;-46.214897999;758.3;45720;32.2052830188679;964.7052830188679;Line 100;0;279.020002481324
-23.628499798;-46.215188019;757.2;45690;32.18415094339621;964.6841509433962;Line 100;0;279.020002481324
-23.628455049;-46.215478039;757.1;45660;32.163018867924514;964.6630188679245;Line 100;0;279.020002481324
-23.628410298;-46.215768059;757.0;45630;32.141886792452816;964.6418867924529;Line 100;0;279.020002481324
-23.628365547;-46.216058079;758.3;45600;32.12075471698111;964.6207547169811;Line 100;0;279.020002481324
-23.628320796;-46.216348099;760.0;45570;32.09962264150941;964.5996226415094;Line 100;0;279.020002481324
-23.628276044;-46.216638118;761.4;45540;32.07849056603772;964.5784905660378;Line 100;0;279.020002481324
-23.628231291;-46.216928137;764.2;45510;32.057358490566024;964.557358490566;Line 100;0;279.020002481324
-23.628186538;-46.217218156;767.0;45480;32.036226415094326;964.5362264150943;Line 100;0;279.020002481324
-23.628141785;-46.217508174;769.5;45450;32.01509433962262;964.5150943396226;Line 100;0;279.020002481324
-23.628097031;-46.217798193;771.2;45420;31.993962264150923;964.4939622641509;Line 100;0;279.020002481324
-23.628052276;-46.218088211;772.8;45390;31.97283018867923;964.4728301886793;Line 100;0;279.020002481324
-23.628007521;-46.218378229;773.8;45360;31.95169811320753;964.4516981132075;Line 100;0;279.020002481324
-23.627962765;-46.218668247;772.3;45330;31.930566037735833;964.4305660377358;Line 100;0;279.020002481324
-23.627918009;-46.218958264;771.0;45300;31.90943396226413;964.4094339622641;Line 100;0;279.020002481324
-23.627873252;-46.219248281;769.6;45270;31.888301886792433;964.3883018867924;Line 100;0;279.020002481324
-23.627828495;-46.219538299;767.9;45240;31.86716981132074;964.3671698113208;Line 100;0;279.020002481324
-23.627783737;-46.219828315;766.1;45210;31.84603773584904;964.346037735849;Line 100;0;279.020002481324
-23.627738978;-46.220118332;765.8;45180;31.824905660377343;964.3249056603773;Line 100;0;279.020002481324
-23.627694219;-46.220408348;767.5;45150;31.80377358490564;964.3037735849057;Line 100;0;279.020002481324
-23.62764946;-46.220698365;769.1;45120;31.782641509433944;964.2826415094339;Line 100;0;279.020002481324
-23.6276047;-46.220988381;771.4;45090;31.761509433962246;964.2615094339623;Line 100;0;279.020002481324
-23.627559939;-46.221278396;773.9;45060;31.74037735849055;964.2403773584906;Line 100;0;279.020002481324
-23.627515178;-46.221568412;776.2;45030;31.719245283018854;964.2192452830188;Line 100;0;279.020002481324
-23.627470417;-46.221858427;781.3;45000;31.69811320754715;964.1981132075472;Line 100;0;279.020002481324
-23.627425654;-46.222148442;787.9;44970;31.676981132075454;964.1769811320754;Line 100;0;279.020002481324
-23.627380892;-46.222438457;794.4;44940;31.655849056603756;964.1558490566038;Line 100;0;279.020002481324
-23.627336129;-46.222728471;802.0;44910;31.63471698113206;964.1347169811321;Line 100;0;279.020002481324
-23.627291365;-46.223018486;809.5;44880;31.613584905660364;964.1135849056603;Line 100;0;279.020002481324
-23.627246601;-46.2233085;816.4;44850;31.59245283018866;964.0924528301887;Line 100;0;279.020002481324
-23.627201836;-46.223598514;819.1;44820;31.57132075471696;964.0713207547169;Line 100;0;279.020002481324
-23.62715707;-46.223888528;821.3;44790;31.550188679245267;964.0501886792453;Line 100;0;279.020002481324
-23.627112304;-46.224178541;823.1;44760;31.52905660377357;964.0290566037736;Line 100;0;279.020002481324
-23.627067538;-46.224468554;822.2;44730;31.50792452830187;964.0079245283018;Line 100;0;279.020002481324
-23.627022771;-46.224758567;821.8;44700;31.48679245283017;963.9867924528302;Line 100;0;279.020002481324
-23.626978004;-46.22504858;821.0;44670;31.46566037735847;963.9656603773585;Line 100;0;279.020002481324
-23.626933236;-46.225338593;817.1;44640;31.444528301886773;963.9445283018867;Line 100;0;279.020002481324
-23.626888467;-46.225628605;813.6;44610;31.42339622641508;963.9233962264151;Line 100;0;279.020002481324
-23.626843698;-46.225918617;810.4;44580;31.40226415094338;963.9022641509434;Line 100;0;279.020002481324
-23.626798928;-46.226208629;807.3;44550;31.38113207547168;963.8811320754717;Line 100;0;279.020002481324
-23.626754158;-46.226498641;804.3;44520;31.35999999999998;963.86;Line 100;0;279.020002481324
-23.626709387;-46.226788653;801.2;44490;31.338867924528284;963.8388679245282;Line 100;0;279.020002481324
-23.626664616;-46.227078664;797.6;44460;31.31773584905659;963.8177358490566;Line 100;0;279.020002481324
-23.626619844;-46.227368675;793.8;44430;31.29660377358489;963.7966037735849;Line 100;0;279.020002481324
-23.626575072;-46.227658686;791.7;44400;31.275471698113186;963.7754716981132;Line 100;0;279.020002481324
-23.626530299;-46.227948696;791.0;44370;31.254339622641492;963.7543396226415;Line 100;0;279.020002481324
-23.626485526;-46.228238707;790.3;44340;31.233207547169794;963.7332075471697;Line 100;0;279.020002481324
-23.626440752;-46.228528717;791.7;44310;31.212075471698096;963.7120754716981;Line 100;0;279.020002481324
-23.626395978;-46.228818727;793.9;44280;31.1909433962264;963.6909433962264;Line 100;0;279.020002481324
-23.626351203;-46.229108736;795.9;44250;31.169811320754697;963.6698113207547;Line 100;0;279.020002481324
-23.626306427;-46.229398746;798.5;44220;31.148679245283;963.648679245283;Line 100;0;279.020002481324
-23.626261651;-46.229688755;801.2;44190;31.127547169811304;963.6275471698114;Line 100;0;279.020002481324
-23.626216875;-46.229978764;804.0;44160;31.106415094339606;963.6064150943396;Line 100;0;279.020002481324
-23.626172097;-46.230268773;803.5;44130;31.08528301886791;963.5852830188679;Line 100;0;279.020002481324
-23.62612732;-46.230558782;802.8;44100;31.064150943396207;963.5641509433962;Line 100;0;279.020002481324
-23.626082542;-46.23084879;802.1;44070;31.04301886792451;963.5430188679245;Line 100;0;279.020002481324
-23.626037763;-46.231138798;801.4;44040;31.02188679245281;963.5218867924528;Line 100;0;279.020002481324
-23.625992984;-46.231428806;800.6;44010;31.000754716981117;963.5007547169811;Line 100;0;279.020002481324
-23.625948204;-46.231718814;800.2;43980;30.97962264150942;963.4796226415094;Line 100;0;279.020002481324
-23.625903424;-46.232008821;801.4;43950;30.958490566037717;963.4584905660378;Line 100;0;279.020002481324
-23.625858643;-46.232298828;802.9;43920;30.93735849056602;963.437358490566;Line 100;0;279.020002481324
-23.625813861;-46.232588835;802.5;43890;30.91622641509432;963.4162264150943;Line 100;0;279.020002481324
-23.625769079;-46.232878842;797.8;43860;30.895094339622627;963.3950943396226;Line 100;0;279.020002481324
-23.625724297;-46.233168849;793.2;43830;30.87396226415093;963.3739622641509;Line 100;0;279.020002481324
-23.625679514;-46.233458855;789.1;43800;30.852830188679224;963.3528301886793;Line 100;0;279.020002481324
-23.625634731;-46.233748861;785.5;43770;30.83169811320753;963.3316981132075;Line 100;0;279.020002481324
-23.625589946;-46.234038867;781.9;43740;30.810566037735832;963.3105660377358;Line 100;0;279.020002481324
-23.625545162;-46.234328873;782.5;43710;30.789433962264134;963.2894339622642;Line 100;0;279.020002481324
-23.625500377;-46.234618878;786.3;43680;30.76830188679244;963.2683018867924;Line 100;0;279.020002481324
-23.625455591;-46.234908884;790.2;43650;30.747169811320735;963.2471698113208;Line 100;0;279.020002481324
-23.625410805;-46.235198889;795.4;43620;30.726037735849037;963.226037735849;Line 100;0;279.020002481324
-23.625366018;-46.235488893;801.1;43590;30.704905660377342;963.2049056603773;Line 100;0;279.020002481324
-23.625321231;-46.235778898;806.5;43560;30.683773584905644;963.1837735849057;Line 100;0;279.020002481324
-23.625276443;-46.236068902;808.3;43530;30.662641509433946;963.1626415094339;Line 100;0;279.020002481324
-23.625231655;-46.236358906;809.2;43500;30.641509433962245;963.1415094339623;Line 100;0;279.020002481324
-23.625186866;-46.23664891;810.1;43470;30.620377358490547;963.1203773584906;Line 100;0;279.020002481324
-23.625142077;-46.236938914;810.0;43440;30.59924528301885;963.0992452830188;Line 100;0;279.020002481324
-23.625097287;-46.237228917;810.0;43410;30.578113207547155;963.0781132075472;Line 100;0;279.020002481324
-23.625052496;-46.237518921;810.2;43380;30.556981132075457;963.0569811320754;Line 100;0;279.020002481324
-23.625007705;-46.237808924;811.5;43350;30.535849056603755;963.0358490566038;Line 100;0;279.020002481324
-23.624962914;-46.238098926;813.0;43320;30.514716981132057;963.0147169811321;Line 100;0;279.020002481324
-23.624918122;-46.238388929;813.8;43290;30.49358490566036;962.9935849056603;Line 100;0;279.020002481324
-23.624873329;-46.238678931;810.9;43260;30.472452830188665;962.9724528301887;Line 100;0;279.020002481324
-23.624828536;-46.238968934;808.1;43230;30.451320754716967;962.951320754717;Line 100;0;279.020002481324
-23.624783742;-46.239258935;804.9;43200;30.430188679245262;962.9301886792452;Line 100;0;279.020002481324
-23.624738948;-46.239548937;800.7;43170;30.409056603773568;962.9090566037736;Line 100;0;279.020002481324
-23.624694153;-46.239838938;796.6;43140;30.38792452830187;962.8879245283018;Line 100;0;279.020002481324
-23.624649358;-46.24012894;793.4;43110;30.366792452830172;962.8667924528302;Line 100;0;279.020002481324
-23.624604562;-46.240418941;791.1;43080;30.345660377358477;962.8456603773585;Line 100;0;279.020002481324
-23.624559766;-46.240708941;788.7;43050;30.324528301886772;962.8245283018867;Line 100;0;279.020002481324
-23.624514969;-46.240998942;786.8;43020;30.303396226415074;962.8033962264151;Line 100;0;279.020002481324
-23.624470172;-46.241288942;785.0;42990;30.28226415094338;962.7822641509434;Line 100;0;279.020002481324
-23.624425374;-46.241578942;782.6;42960;30.261132075471682;962.7611320754717;Line 100;0;279.020002481324
-23.624380575;-46.241868942;780.6;42930;30.239999999999984;962.74;Line 100;0;279.020002481324
-23.624335776;-46.242158942;779.1;42900;30.218867924528283;962.7188679245282;Line 100;0;279.020002481324
-23.624290977;-46.242448941;777.7;42870;30.197735849056585;962.6977358490566;Line 100;0;279.020002481324
-23.624246177;-46.242738941;778.0;42840;30.176603773584887;962.6766037735849;Line 100;0;279.020002481324
-23.624201376;-46.24302894;778.8;42810;30.155471698113193;962.6554716981132;Line 100;0;279.020002481324
-23.624156575;-46.243318938;779.9;42780;30.134339622641495;962.6343396226415;Line 100;0;279.020002481324
-23.624111773;-46.243608937;782.0;42750;30.113207547169793;962.6132075471698;Line 100;0;279.020002481324
-23.624066971;-46.243898935;784.1;42720;30.092075471698095;962.5920754716981;Line 100;0;279.020002481324
-23.624022168;-46.244188933;785.8;42690;30.070943396226397;962.5709433962264;Line 100;0;279.020002481324
-23.623977365;-46.244478931;785.8;42660;30.0498113207547;962.5498113207547;Line 100;0;279.020002481324
-23.623932561;-46.244768929;785.8;42630;30.028679245283005;962.528679245283;Line 100;0;279.020002481324
-23.623887757;-46.245058926;785.8;42600;30.007547169811307;962.5075471698113;Line 100;0;279.020002481324
-23.623842952;-46.245348923;784.7;42570;29.986415094339606;962.4864150943396;Line 100;0;279.020002481324
-23.623798146;-46.24563892;783.7;42540;29.965283018867908;962.4652830188679;Line 100;0;279.020002481324
-23.62375334;-46.245928917;783.0;42510;29.94415094339621;962.4441509433962;Line 100;0;279.020002481324
-23.623708534;-46.246218914;782.8;42480;29.92301886792451;962.4230188679245;Line 100;0;279.020002481324
-23.623663727;-46.24650891;782.3;42450;29.901886792452814;962.4018867924528;Line 100;0;279.020002481324
-23.623618919;-46.246798906;780.5;42420;29.880754716981116;962.3807547169811;Line 100;0;279.020002481324
-23.623574111;-46.247088902;777.4;42390;29.859622641509418;962.3596226415094;Line 100;0;279.020002481324
-23.623529303;-46.247378898;774.2;42360;29.83849056603772;962.3384905660378;Line 100;0;279.020002481324
-23.623484493;-46.247668893;771.0;42330;29.81735849056602;962.317358490566;Line 100;0;279.020002481324
-23.623439684;-46.247958888;767.9;42300;29.796226415094324;962.2962264150943;Line 100;0;279.020002481324
-23.623394874;-46.248248883;765.0;42270;29.775094339622626;962.2750943396227;Line 100;0;279.020002481324
-23.623350063;-46.248538878;765.8;42240;29.753962264150925;962.2539622641509;Line 100;0;279.020002481324
-23.623305252;-46.248828872;768.4;42210;29.73283018867923;962.2328301886793;Line 100;0;279.020002481324
-23.62326044;-46.249118867;771.1;42180;29.71169811320753;962.2116981132075;Line 100;0;279.020002481324
-23.623215627;-46.249408861;771.3;42150;29.69056603773583;962.1905660377358;Line 100;0;279.020002481324
-23.623170814;-46.249698855;771.1;42120;29.669433962264137;962.1694339622642;Line 100;0;279.020002481324
-23.623126001;-46.249988848;771.0;42090;29.648301886792435;962.1483018867924;Line 100;0;279.020002481324
-23.623081187;-46.250278842;770.7;42060;29.627169811320737;962.1271698113208;Line 100;0;279.020002481324
-23.623036373;-46.250568835;770.6;42030;29.60603773584904;962.106037735849;Line 100;0;279.020002481324
-23.622991558;-46.250858828;770.9;42000;29.58490566037734;962.0849056603773;Line 100;0;279.020002481324
-23.622946742;-46.25114882;773.3;41970;29.563773584905643;962.0637735849057;Line 100;0;279.020002481324
-23.622901926;-46.251438813;775.9;41940;29.542641509433945;962.0426415094339;Line 100;0;279.020002481324
-23.622857109;-46.251728805;778.4;41910;29.521509433962247;962.0215094339623;Line 100;0;279.020002481324
-23.622812292;-46.252018797;780.1;41880;29.50037735849055;962.0003773584906;Line 100;0;279.020002481324
-23.622767474;-46.252308789;781.8;41850;29.47924528301885;961.9792452830188;Line 100;0;279.020002481324
-23.622722656;-46.252598781;783.3;41820;29.458113207547154;961.9581132075472;Line 100;0;279.020002481324
-23.622677837;-46.252888772;784.6;41790;29.436981132075456;961.9369811320754;Line 100;0;279.020002481324
-23.622633018;-46.253178763;785.9;41760;29.415849056603758;961.9158490566037;Line 100;0;279.020002481324
-23.622588198;-46.253468754;787.8;41730;29.39471698113206;961.8947169811321;Line 100;0;279.020002481324
-23.622543378;-46.253758745;790.2;41700;29.373584905660362;961.8735849056603;Line 100;0;279.020002481324
-23.622498557;-46.254048735;792.4;41670;29.352452830188664;961.8524528301887;Line 100;0;279.020002481324
-23.622453735;-46.254338726;792.4;41640;29.331320754716963;961.831320754717;Line 100;0;279.020002481324
-23.622408914;-46.254628716;791.6;41610;29.310188679245268;961.8101886792452;Line 100;0;279.020002481324
-23.622364091;-46.254918706;790.9;41580;29.28905660377357;961.7890566037736;Line 100;0;279.020002481324
-23.622319268;-46.255208695;789.0;41550;29.26792452830187;961.7679245283018;Line 100;0;279.020002481324
-23.622274444;-46.255498684;786.8;41520;29.246792452830174;961.7467924528302;Line 100;0;279.020002481324
-23.62222962;-46.255788674;784.6;41490;29.225660377358473;961.7256603773585;Line 100;0;279.020002481324
-23.622184796;-46.256078663;782.2;41460;29.204528301886775;961.7045283018867;Line 100;0;279.020002481324
-23.62213997;-46.256368651;779.8;41430;29.18339622641508;961.6833962264151;Line 100;0;279.020002481324
-23.622095145;-46.25665864;777.5;41400;29.16226415094338;961.6622641509434;Line 100;0;279.020002481324
-23.622050319;-46.256948628;774.3;41370;29.14113207547168;961.6411320754717;Line 100;0;279.020002481324
-23.622005492;-46.257238616;771.0;41340;29.119999999999983;961.62;Line 100;0;279.020002481324
-23.621960664;-46.257528604;767.8;41310;29.098867924528285;961.5988679245282;Line 100;0;279.020002481324
-23.621915837;-46.257818591;763.3;41280;29.077735849056587;961.5777358490566;Line 100;0;279.020002481324
-23.621871008;-46.258108579;758.7;41250;29.05660377358489;961.5566037735849;Line 100;0;279.020002481324
-23.621826179;-46.258398566;754.5;41220;29.03547169811319;961.5354716981132;Line 100;0;279.020002481324
-23.62178135;-46.258688553;752.1;41190;29.014339622641494;961.5143396226415;Line 100;0;279.020002481324
-23.62173652;-46.258978539;749.7;41160;28.993207547169796;961.4932075471698;Line 100;0;279.020002481324
-23.621691689;-46.259268526;747.9;41130;28.972075471698098;961.4720754716981;Line 100;0;279.020002481324
-23.621646858;-46.259558512;747.6;41100;28.9509433962264;961.4509433962264;Line 100;0;279.020002481324
-23.621602027;-46.259848498;747.2;41070;28.929811320754702;961.4298113207547;Line 100;0;279.020002481324
-23.621557195;-46.260138484;747.1;41040;28.908679245283;961.408679245283;Line 100;0;279.020002481324
-23.621512362;-46.26042847;747.4;41010;28.887547169811306;961.3875471698113;Line 100;0;279.020002481324
-23.621467529;-46.260718455;747.7;40980;28.866415094339608;961.3664150943396;Line 100;0;279.020002481324
-23.621422695;-46.26100844;747.9;40950;28.845283018867907;961.3452830188679;Line 100;0;279.020002481324
-23.621377861;-46.261298425;748.2;40920;28.824150943396212;961.3241509433963;Line 100;0;279.020002481324
-23.621333026;-46.26158841;748.5;40890;28.80301886792451;961.3030188679245;Line 100;0;279.020002481324
-23.621288191;-46.261878394;748.3;40860;28.781886792452813;961.2818867924528;Line 100;0;279.020002481324
-23.621243355;-46.262168378;747.9;40830;28.76075471698112;961.2607547169811;Line 100;0;279.020002481324
-23.621198518;-46.262458362;747.5;40800;28.739622641509417;961.2396226415094;Line 100;0;279.020002481324
-23.621153681;-46.262748346;747.8;40770;28.71849056603772;961.2184905660378;Line 100;0;279.020002481324
-23.621108844;-46.26303833;748.2;40740;28.69735849056602;961.197358490566;Line 100;0;279.020002481324
-23.621064006;-46.263328313;748.7;40710;28.676226415094323;961.1762264150943;Line 100;0;279.020002481324
-23.621019168;-46.263618296;751.2;40680;28.655094339622625;961.1550943396227;Line 100;0;279.020002481324
-23.620974328;-46.263908279;753.9;40650;28.633962264150927;961.1339622641509;Line 100;0;279.020002481324
-23.620929489;-46.264198261;756.4;40620;28.61283018867923;961.1128301886793;Line 100;0;279.020002481324
-23.620884649;-46.264488244;756.1;40590;28.59169811320753;961.0916981132075;Line 100;0;279.020002481324
-23.620839808;-46.264778226;755.5;40560;28.570566037735833;961.0705660377358;Line 100;0;279.020002481324
-23.620794967;-46.265068208;755.3;40530;28.549433962264136;961.0494339622642;Line 100;0;279.020002481324
-23.620750125;-46.26535819;756.1;40500;28.528301886792438;961.0283018867924;Line 100;0;279.020002481324
-23.620705283;-46.265648171;756.9;40470;28.50716981132074;961.0071698113208;Line 100;0;279.020002481324
-23.62066044;-46.265938153;757.2;40440;28.486037735849038;960.9860377358491;Line 100;0;279.020002481324
-23.620615597;-46.266228134;756.8;40410;28.464905660377344;960.9649056603773;Line 100;0;279.020002481324
-23.620570753;-46.266518115;756.3;40380;28.443773584905646;960.9437735849057;Line 100;0;279.020002481324
-23.620525909;-46.266808095;756.3;40350;28.422641509433944;960.9226415094339;Line 100;0;279.020002481324
-23.620481064;-46.267098076;756.8;40320;28.40150943396225;960.9015094339622;Line 100;0;279.020002481324
-23.620436218;-46.267388056;757.3;40290;28.38037735849055;960.8803773584906;Line 100;0;279.020002481324
-23.620391372;-46.267678036;758.5;40260;28.35924528301885;960.8592452830188;Line 100;0;279.020002481324
-23.620346526;-46.267968016;760.1;40230;28.338113207547156;960.8381132075472;Line 100;0;279.020002481324
-23.620301679;-46.268257995;761.7;40200;28.316981132075455;960.8169811320754;Line 100;0;279.020002481324
-23.620256831;-46.268547974;763.3;40170;28.295849056603757;960.7958490566037;Line 100;0;279.020002481324
-23.620211983;-46.268837953;764.9;40140;28.27471698113206;960.7747169811321;Line 100;0;279.020002481324
-23.620167134;-46.269127932;766.6;40110;28.25358490566036;960.7535849056603;Line 100;0;279.020002481324
-23.620122285;-46.269417911;767.4;40080;28.232452830188663;960.7324528301887;Line 100;0;279.020002481324
-23.620077435;-46.269707889;768.2;40050;28.211320754716965;960.711320754717;Line 100;0;279.020002481324
-23.620032585;-46.269997867;769.1;40020;28.190188679245267;960.6901886792452;Line 100;0;279.020002481324
-23.619987734;-46.270287845;767.6;39990;28.16905660377357;960.6690566037736;Line 100;0;279.020002481324
-23.619942883;-46.270577823;766.3;39960;28.14792452830187;960.6479245283019;Line 100;0;279.020002481324
-23.619898031;-46.270867801;764.8;39930;28.126792452830173;960.6267924528302;Line 100;0;279.020002481324
-23.619853178;-46.271157778;762.1;39900;28.105660377358475;960.6056603773585;Line 100;0;279.020002481324
-23.619808326;-46.271447755;759.3;39870;28.084528301886778;960.5845283018867;Line 100;0;279.020002481324
-23.619763472;-46.271737732;756.8;39840;28.06339622641508;960.5633962264151;Line 100;0;279.020002481324
-23.619718618;-46.272027708;754.9;39810;28.04226415094338;960.5422641509434;Line 100;0;279.020002481324
-23.619673764;-46.272317685;753.0;39780;28.021132075471684;960.5211320754717;Line 100;0;279.020002481324
-23.619628908;-46.272607661;751.6;39750;27.999999999999982;960.5;Line 100;0;279.020002481324
-23.619584053;-46.272897637;750.8;39720;27.978867924528288;960.4788679245282;Line 100;0;279.020002481324
-23.619539197;-46.273187613;750.0;39690;27.95773584905659;960.4577358490566;Line 100;0;279.020002481324
-23.61949434;-46.273477588;750.4;39660;27.93660377358489;960.4366037735849;Line 100;0;279.020002481324
-23.619449483;-46.273767563;751.9;39630;27.915471698113194;960.4154716981132;Line 100;0;279.020002481324
-23.619404625;-46.274057538;753.4;39600;27.894339622641493;960.3943396226415;Line 100;0;279.020002481324
-23.619359767;-46.274347513;754.0;39570;27.873207547169795;960.3732075471698;Line 100;0;279.020002481324
-23.619314908;-46.274637488;754.1;39540;27.8520754716981;960.3520754716981;Line 100;0;279.020002481324
-23.619270049;-46.274927462;754.1;39510;27.8309433962264;960.3309433962264;Line 100;0;279.020002481324
-23.619225189;-46.275217436;753.8;39480;27.8098113207547;960.3098113207546;Line 100;0;279.020002481324
-23.619180328;-46.27550741;753.4;39450;27.788679245283003;960.288679245283;Line 100;0;279.020002481324
-23.619135467;-46.275797384;753.0;39420;27.767547169811305;960.2675471698113;Line 100;0;279.020002481324
-23.619090606;-46.276087357;752.9;39390;27.746415094339607;960.2464150943396;Line 100;0;279.020002481324
-23.619045744;-46.27637733;752.8;39360;27.72528301886791;960.2252830188679;Line 100;0;279.020002481324
-23.619000881;-46.276667303;752.6;39330;27.70415094339621;960.2041509433963;Line 100;0;279.020002481324
-23.618956018;-46.276957276;753.3;39300;27.683018867924513;960.1830188679245;Line 100;0;279.020002481324
-23.618911155;-46.277247249;754.0;39270;27.661886792452815;960.1618867924528;Line 100;0;279.020002481324
-23.618866291;-46.277537221;754.8;39240;27.640754716981117;960.1407547169811;Line 100;0;279.020002481324
-23.618821426;-46.277827193;756.2;39210;27.61962264150942;960.1196226415094;Line 100;0;279.020002481324
-23.618776561;-46.278117165;757.5;39180;27.59849056603772;960.0984905660378;Line 100;0;279.020002481324
-23.618731695;-46.278407137;759.3;39150;27.57735849056602;960.077358490566;Line 100;0;279.020002481324
-23.618686829;-46.278697108;762.4;39120;27.556226415094326;960.0562264150943;Line 100;0;279.020002481324
-23.618641962;-46.278987079;765.4;39090;27.535094339622628;960.0350943396227;Line 100;0;279.020002481324
-23.618597094;-46.27927705;768.1;39060;27.513962264150926;960.0139622641509;Line 100;0;279.020002481324
-23.618552227;-46.279567021;770.0;39030;27.492830188679232;959.9928301886792;Line 100;0;279.020002481324
-23.618507358;-46.279856992;771.9;39000;27.47169811320753;959.9716981132075;Line 100;0;279.020002481324
-23.618462489;-46.280146962;773.9;38970;27.450566037735832;959.9505660377358;Line 100;0;279.020002481324
-23.61841762;-46.280436932;776.1;38940;27.429433962264138;959.9294339622642;Line 100;0;279.020002481324
-23.61837275;-46.280726902;778.3;38910;27.408301886792437;959.9083018867924;Line 100;0;279.020002481324
-23.618327879;-46.281016872;780.8;38880;27.38716981132074;959.8871698113207;Line 100;0;279.020002481324
-23.618283008;-46.281306841;783.4;38850;27.36603773584904;959.8660377358491;Line 100;0;279.020002481324
-23.618238136;-46.28159681;785.9;38820;27.344905660377343;959.8449056603773;Line 100;0;279.020002481324
-23.618193264;-46.281886779;786.5;38790;27.323773584905645;959.8237735849057;Line 100;0;279.020002481324
-23.618148392;-46.282176748;786.6;38760;27.302641509433947;959.8026415094339;Line 100;0;279.020002481324
-23.618103518;-46.282466717;786.6;38730;27.28150943396225;959.7815094339622;Line 100;0;279.020002481324
-23.618058645;-46.282756685;786.4;38700;27.26037735849055;959.7603773584906;Line 100;0;279.020002481324
-23.61801377;-46.283046653;786.1;38670;27.239245283018853;959.7392452830188;Line 100;0;279.020002481324
-23.617968896;-46.283336621;785.8;38640;27.218113207547155;959.7181132075472;Line 100;0;279.020002481324
-23.61792402;-46.283626588;785.9;38610;27.196981132075457;959.6969811320755;Line 100;0;279.020002481324
-23.617879144;-46.283916556;786.0;38580;27.17584905660376;959.6758490566037;Line 100;0;279.020002481324
-23.617834268;-46.284206523;786.4;38550;27.154716981132058;959.6547169811321;Line 100;0;279.020002481324
-23.617789391;-46.28449649;787.4;38520;27.133584905660364;959.6335849056603;Line 100;0;279.020002481324
-23.617744513;-46.284786457;788.4;38490;27.112452830188666;959.6124528301887;Line 100;0;279.020002481324
-23.617699635;-46.285076423;788.9;38460;27.091320754716964;959.591320754717;Line 100;0;279.020002481324
-23.617654757;-46.285366389;787.4;38430;27.07018867924527;959.5701886792452;Line 100;0;279.020002481324
-23.617609878;-46.285656355;786.0;38400;27.049056603773572;959.5490566037736;Line 100;0;279.020002481324
-23.617564998;-46.285946321;783.8;38370;27.02792452830187;959.5279245283019;Line 100;0;279.020002481324
-23.617520118;-46.286236287;780.2;38340;27.006792452830176;959.5067924528302;Line 100;0;279.020002481324
-23.617475237;-46.286526252;776.7;38310;26.985660377358474;959.4856603773585;Line 100;0;279.020002481324
-23.617430356;-46.286816217;773.0;38280;26.964528301886777;959.4645283018867;Line 100;0;279.020002481324
-23.617385474;-46.287106182;769.2;38250;26.943396226415082;959.4433962264151;Line 100;0;279.020002481324
-23.617340592;-46.287396147;765.4;38220;26.92226415094338;959.4222641509434;Line 100;0;279.020002481324
-23.617295709;-46.287686112;762.9;38190;26.901132075471683;959.4011320754717;Line 100;0;279.020002481324
-23.617250826;-46.287976076;761.1;38160;26.879999999999985;959.38;Line 100;0;279.020002481324
-23.617205942;-46.28826604;759.4;38130;26.858867924528287;959.3588679245283;Line 100;0;279.020002481324
-23.617161058;-46.288556004;757.6;38100;26.83773584905659;959.3377358490566;Line 100;0;279.020002481324
-23.617116173;-46.288845967;755.6;38070;26.81660377358489;959.3166037735849;Line 100;0;279.020002481324
-23.617071287;-46.289135931;753.7;38040;26.795471698113193;959.2954716981131;Line 100;0;279.020002481324
-23.617026401;-46.289425894;753.1;38010;26.774339622641495;959.2743396226415;Line 100;0;279.020002481324
-23.616981515;-46.289715857;752.7;37980;26.753207547169797;959.2532075471698;Line 100;0;279.020002481324
-23.616936627;-46.290005819;752.3;37950;26.7320754716981;959.2320754716981;Line 100;0;279.020002481324
-23.61689174;-46.290295782;752.5;37920;26.7109433962264;959.2109433962264;Line 100;0;279.020002481324
-23.616846852;-46.290585744;752.8;37890;26.689811320754703;959.1898113207548;Line 100;0;279.020002481324
-23.616801963;-46.290875706;753.0;37860;26.668679245283002;959.168679245283;Line 100;0;279.020002481324
-23.616757074;-46.291165668;753.0;37830;26.647547169811308;959.1475471698113;Line 100;0;279.020002481324
-23.616712184;-46.291455629;753.0;37800;26.62641509433961;959.1264150943396;Line 100;0;279.020002481324
-23.616667294;-46.291745591;753.1;37770;26.605283018867908;959.1052830188679;Line 100;0;279.020002481324
-23.616622403;-46.292035552;753.4;37740;26.584150943396214;959.0841509433963;Line 100;0;279.020002481324
-23.616577511;-46.292325513;753.7;37710;26.563018867924512;959.0630188679245;Line 100;0;279.020002481324
-23.61653262;-46.292615473;754.0;37680;26.541886792452814;959.0418867924528;Line 100;0;279.020002481324
-23.616487727;-46.292905434;754.2;37650;26.52075471698112;959.0207547169812;Line 100;0;279.020002481324
-23.616442834;-46.293195394;754.3;37620;26.49962264150942;958.9996226415094;Line 100;0;279.020002481324
-23.616397941;-46.293485354;754.1;37590;26.47849056603772;958.9784905660377;Line 100;0;279.020002481324
-23.616353047;-46.293775314;753.6;37560;26.457358490566023;958.957358490566;Line 100;0;279.020002481324
-23.616308152;-46.294065273;753.1;37530;26.436226415094325;958.9362264150943;Line 100;0;279.020002481324
-23.616263257;-46.294355233;752.7;37500;26.415094339622627;958.9150943396227;Line 100;0;279.020002481324
-23.616218361;-46.294645192;752.2;37470;26.39396226415093;958.8939622641509;Line 100;0;279.020002481324
-23.616173465;-46.294935151;751.7;37440;26.37283018867923;958.8728301886792;Line 100;0;279.020002481324
-23.616128569;-46.295225109;751.7;37410;26.351698113207533;958.8516981132075;Line 100;0;279.020002481324
-23.616083671;-46.295515068;751.9;37380;26.330566037735835;958.8305660377358;Line 100;0;279.020002481324
-23.616038774;-46.295805026;752.0;37350;26.309433962264137;958.8094339622642;Line 100;0;279.020002481324
-23.615993875;-46.296094984;752.8;37320;26.28830188679244;958.7883018867924;Line 100;0;279.020002481324
-23.615948976;-46.296384941;753.7;37290;26.26716981132074;958.7671698113207;Line 100;0;279.020002481324
-23.615904077;-46.296674899;754.7;37260;26.24603773584904;958.7460377358491;Line 100;0;279.020002481324
-23.615859177;-46.296964856;754.6;37230;26.224905660377345;958.7249056603773;Line 100;0;279.020002481324
-23.615814277;-46.297254813;754.3;37200;26.203773584905647;958.7037735849057;Line 100;0;279.020002481324
-23.615769376;-46.29754477;753.6;37170;26.182641509433946;958.6826415094339;Line 100;0;279.020002481324
-23.615724474;-46.297834727;752.2;37140;26.16150943396225;958.6615094339622;Line 100;0;279.020002481324
-23.615679572;-46.298124683;750.9;37110;26.14037735849055;958.6403773584906;Line 100;0;279.020002481324
-23.61563467;-46.298414639;749.8;37080;26.119245283018852;958.6192452830188;Line 100;0;279.020002481324
-23.615589767;-46.298704595;749.2;37050;26.098113207547158;958.5981132075472;Line 100;0;279.020002481324
-23.615544863;-46.298994551;748.7;37020;26.076981132075456;958.5769811320755;Line 100;0;279.020002481324
-23.615499959;-46.299284506;748.4;36990;26.05584905660376;958.5558490566037;Line 100;0;279.020002481324
-23.615455054;-46.299574462;748.5;36960;26.03471698113206;958.5347169811321;Line 100;0;279.020002481324
-23.615410149;-46.299864417;748.5;36930;26.013584905660363;958.5135849056603;Line 100;0;279.020002481324
-23.615365243;-46.300154372;748.5;36900;25.992452830188665;958.4924528301887;Line 100;0;279.020002481324
-23.615320337;-46.300444326;748.3;36870;25.971320754716967;958.471320754717;Line 100;0;279.020002481324
-23.61527543;-46.300734281;748.1;36840;25.95018867924527;958.4501886792452;Line 100;0;279.020002481324
-23.615230523;-46.301024235;748.2;36810;25.929056603773567;958.4290566037736;Line 100;0;279.020002481324
-23.615185615;-46.301314189;748.6;36780;25.907924528301873;958.4079245283019;Line 100;0;279.020002481324
-23.615140706;-46.301604142;748.9;36750;25.886792452830175;958.3867924528302;Line 100;0;279.020002481324
-23.615095797;-46.301894096;749.3;36720;25.865660377358477;958.3656603773585;Line 100;0;279.020002481324
-23.615050888;-46.302184049;749.7;36690;25.84452830188678;958.3445283018867;Line 100;0;279.020002481324
-23.615005978;-46.302474002;750.0;36660;25.82339622641508;958.3233962264151;Line 100;0;279.020002481324
-23.614961067;-46.302763955;753.2;36630;25.802264150943383;958.3022641509434;Line 100;0;279.020002481324
-23.614916156;-46.303053907;756.9;36600;25.781132075471685;958.2811320754716;Line 100;0;279.020002481324
-23.614871244;-46.30334386;760.7;36570;25.759999999999984;958.26;Line 100;0;279.020002481324
-23.614826332;-46.303633812;765.5;36540;25.73886792452829;958.2388679245283;Line 100;0;279.020002481324
-23.61478142;-46.303923764;770.3;36510;25.71773584905659;958.2177358490566;Line 100;0;279.020002481324
-23.614736506;-46.304213715;775.8;36480;25.69660377358489;958.1966037735849;Line 100;0;279.020002481324
-23.614691593;-46.304503667;784.5;36450;25.675471698113196;958.1754716981131;Line 100;0;279.020002481324
-23.614646678;-46.304793618;793.1;36420;25.654339622641494;958.1543396226415;Line 100;0;279.020002481324
-23.614601763;-46.305083569;798.9;36390;25.633207547169796;958.1332075471698;Line 100;0;279.020002481324
-23.614556848;-46.30537352;798.1;36360;25.612075471698102;958.1120754716981;Line 100;0;279.020002481324
-23.614511932;-46.30566347;797.6;36330;25.5909433962264;958.0909433962264;Line 100;0;279.020002481324
-23.614467016;-46.305953421;797.2;36300;25.569811320754702;958.0698113207548;Line 100;0;279.020002481324
-23.614422099;-46.306243371;796.6;36270;25.548679245283004;958.048679245283;Line 100;0;279.020002481324
-23.614377181;-46.306533321;796.1;36240;25.527547169811307;958.0275471698113;Line 100;0;279.020002481324
-23.614332263;-46.30682327;796.2;36210;25.50641509433961;958.0064150943396;Line 100;0;279.020002481324
-23.614287345;-46.30711322;796.4;36180;25.48528301886791;957.9852830188679;Line 100;0;279.020002481324
-23.614242426;-46.307403169;796.6;36150;25.464150943396213;957.9641509433962;Line 100;0;279.020002481324
-23.614197506;-46.307693118;799.1;36120;25.44301886792451;957.9430188679245;Line 100;0;279.020002481324
-23.614152586;-46.307983066;803.1;36090;25.421886792452817;957.9218867924528;Line 100;0;279.020002481324
-23.614107665;-46.308273015;807.7;36060;25.40075471698112;957.9007547169812;Line 100;0;279.020002481324
-23.614062744;-46.308562963;814.0;36030;25.37962264150942;957.8796226415094;Line 100;0;279.020002481324
-23.614017822;-46.308852911;820.5;36000;25.358490566037723;957.8584905660377;Line 100;0;279.020002481324
-23.6139729;-46.309142859;826.9;35970;25.33735849056602;957.837358490566;Line 100;0;279.020002481324
-23.613927977;-46.309432807;832.3;35940;25.316226415094327;957.8162264150943;Line 100;0;279.020002481324
-23.613883054;-46.309722754;836.5;35910;25.29509433962263;957.7950943396227;Line 100;0;279.020002481324
-23.61383813;-46.310012701;839.3;35880;25.273962264150928;957.7739622641509;Line 100;0;279.020002481324
-23.613793205;-46.310302648;836.9;35850;25.252830188679233;957.7528301886792;Line 100;0;279.020002481324
-23.61374828;-46.310592595;834.0;35820;25.231698113207532;957.7316981132076;Line 100;0;279.020002481324
-23.613703355;-46.310882541;830.7;35790;25.210566037735834;957.7105660377358;Line 100;0;279.020002481324
-23.613658429;-46.311172488;827.1;35760;25.18943396226414;957.6894339622642;Line 100;0;279.020002481324
-23.613613502;-46.311462434;823.9;35730;25.168301886792438;957.6683018867924;Line 100;0;279.020002481324
-23.613568575;-46.311752379;819.9;35700;25.14716981132074;957.6471698113207;Line 100;0;279.020002481324
-23.613523647;-46.312042325;813.2;35670;25.126037735849042;957.6260377358491;Line 100;0;279.020002481324
-23.613478719;-46.31233227;806.8;35640;25.104905660377344;957.6049056603773;Line 100;0;279.020002481324
-23.613433791;-46.312622216;800.8;35610;25.083773584905646;957.5837735849057;Line 100;0;279.020002481324
-23.613388861;-46.31291216;794.8;35580;25.06264150943395;957.562641509434;Line 100;0;279.020002481324
-23.613343932;-46.313202105;788.8;35550;25.04150943396225;957.5415094339622;Line 100;0;279.020002481324
-23.613299001;-46.31349205;784.1;35520;25.02037735849055;957.5203773584906;Line 100;0;279.020002481324
-23.61325407;-46.313781994;780.5;35490;24.999245283018855;957.4992452830188;Line 100;0;279.020002481324
-23.613209139;-46.314071938;776.8;35460;24.978113207547157;957.4781132075472;Line 100;0;279.020002481324
-23.613164207;-46.314361882;774.6;35430;24.956981132075455;957.4569811320755;Line 100;0;279.020002481324
-23.613119275;-46.314651825;773.5;35400;24.93584905660376;957.4358490566037;Line 100;0;279.020002481324
-23.613074342;-46.314941768;773.0;35370;24.91471698113206;957.4147169811321;Line 100;0;279.020002481324
-23.613029408;-46.315231712;775.0;35340;24.893584905660365;957.3935849056604;Line 100;0;279.020002481324
-23.612984474;-46.315521654;777.6;35310;24.872452830188667;957.3724528301886;Line 100;0;279.020002481324
-23.61293954;-46.315811597;780.1;35280;24.851320754716966;957.351320754717;Line 100;0;279.020002481324
-23.612894605;-46.31610154;785.4;35250;24.83018867924527;957.3301886792452;Line 100;0;279.020002481324
-23.612849669;-46.316391482;790.4;35220;24.80905660377357;957.3090566037736;Line 100;0;279.020002481324
-23.612804733;-46.316681424;794.8;35190;24.787924528301872;957.2879245283019;Line 100;0;279.020002481324
-23.612759796;-46.316971365;798.8;35160;24.766792452830177;957.2667924528301;Line 100;0;279.020002481324
-23.612714859;-46.317261307;802.4;35130;24.745660377358476;957.2456603773585;Line 100;0;279.020002481324
-23.612669921;-46.317551248;805.1;35100;24.724528301886778;957.2245283018867;Line 100;0;279.020002481324
-23.612624983;-46.317841189;805.3;35070;24.70339622641508;957.2033962264151;Line 100;0;279.020002481324
-23.612580044;-46.31813113;806.0;35040;24.682264150943382;957.1822641509434;Line 100;0;279.020002481324
-23.612535105;-46.318421071;806.5;35010;24.661132075471684;957.1611320754716;Line 100;0;279.020002481324
-23.612490165;-46.318711011;806.9;34980;24.639999999999986;957.14;Line 100;0;279.020002481324
-23.612445224;-46.319000951;808.1;34950;24.61886792452829;957.1188679245283;Line 100;0;279.020002481324
-23.612400283;-46.319290891;808.3;34920;24.59773584905659;957.0977358490566;Line 100;0;279.020002481324
-23.612355342;-46.319580831;806.8;34890;24.576603773584893;957.0766037735849;Line 100;0;279.020002481324
-23.6123104;-46.319870771;805.4;34860;24.555471698113195;957.0554716981133;Line 100;0;279.020002481324
-23.612265457;-46.32016071;804.5;34830;24.534339622641493;957.0343396226415;Line 100;0;279.020002481324
-23.612220514;-46.320450649;804.3;34800;24.5132075471698;957.0132075471698;Line 100;0;279.020002481324
-23.612175571;-46.320740588;804.1;34770;24.4920754716981;956.9920754716981;Line 100;0;279.020002481324
-23.612130626;-46.321030526;806.7;34740;24.4709433962264;956.9709433962264;Line 100;0;279.020002481324
-23.612085682;-46.321320465;810.2;34710;24.449811320754705;956.9498113207547;Line 100;0;279.020002481324
-23.612040736;-46.321610403;813.2;34680;24.428679245283003;956.928679245283;Line 100;0;279.020002481324
-23.611995791;-46.321900341;815.1;34650;24.40754716981131;956.9075471698113;Line 100;0;279.020002481324
-23.611950844;-46.322190278;816.3;34620;24.38641509433961;956.8864150943396;Line 100;0;279.020002481324
-23.611905898;-46.322480216;816.8;34590;24.36528301886791;956.8652830188679;Line 100;0;279.020002481324
-23.61186095;-46.322770153;818.5;34560;24.344150943396215;956.8441509433962;Line 100;0;279.020002481324
-23.611816002;-46.32306009;820.4;34530;24.323018867924514;956.8230188679245;Line 100;0;279.020002481324
-23.611771054;-46.323350027;822.5;34500;24.301886792452816;956.8018867924528;Line 100;0;279.020002481324
-23.611726105;-46.323639963;828.3;34470;24.28075471698112;956.7807547169812;Line 100;0;279.020002481324
-23.611681155;-46.3239299;834.6;34440;24.25962264150942;956.7596226415094;Line 100;0;279.020002481324
-23.611636205;-46.324219836;842.3;34410;24.238490566037722;956.7384905660377;Line 100;0;279.020002481324
-23.611591255;-46.324509772;854.0;34380;24.217358490566024;956.717358490566;Line 100;0;279.020002481324
-23.611546304;-46.324799707;865.8;34350;24.196226415094326;956.6962264150943;Line 100;0;279.020002481324
-23.611501352;-46.325089643;877.0;34320;24.17509433962263;956.6750943396227;Line 100;0;279.020002481324
-23.6114564;-46.325379578;886.6;34290;24.15396226415093;956.6539622641509;Line 100;0;279.020002481324
-23.611411447;-46.325669513;895.7;34260;24.132830188679232;956.6328301886792;Line 100;0;279.020002481324
-23.611366494;-46.325959448;900.1;34230;24.11169811320753;956.6116981132076;Line 100;0;279.020002481324
-23.61132154;-46.326249382;898.6;34200;24.090566037735837;956.5905660377358;Line 100;0;279.020002481324
-23.611276586;-46.326539317;896.9;34170;24.06943396226414;956.5694339622642;Line 100;0;279.020002481324
-23.611231631;-46.326829251;890.8;34140;24.048301886792437;956.5483018867924;Line 100;0;279.020002481324
-23.611186676;-46.327119185;881.5;34110;24.027169811320743;956.5271698113207;Line 100;0;279.020002481324
-23.61114172;-46.327409118;872.1;34080;24.00603773584904;956.5060377358491;Line 100;0;279.020002481324
-23.611096764;-46.327699052;863.0;34050;23.984905660377347;956.4849056603773;Line 100;0;279.020002481324
-23.611051807;-46.327988985;854.2;34020;23.96377358490565;956.4637735849057;Line 100;0;279.020002481324
-23.611006849;-46.328278918;845.8;33990;23.942641509433948;956.442641509434;Line 100;0;279.020002481324
-23.610961891;-46.32856885;839.7;33960;23.921509433962253;956.4215094339622;Line 100;0;279.020002481324
-23.610916933;-46.328858783;834.1;33930;23.90037735849055;956.4003773584906;Line 100;0;279.020002481324
-23.610871973;-46.329148715;828.5;33900;23.879245283018854;956.3792452830188;Line 100;0;279.020002481324
-23.610827014;-46.329438647;830.9;33870;23.85811320754716;956.3581132075471;Line 100;0;279.020002481324
-23.610782054;-46.329728579;833.7;33840;23.836981132075458;956.3369811320755;Line 100;0;279.020002481324
-23.610737093;-46.330018511;836.6;33810;23.81584905660376;956.3158490566037;Line 100;0;279.020002481324
-23.610692132;-46.330308442;842.5;33780;23.794716981132062;956.2947169811321;Line 100;0;279.020002481324
-23.61064717;-46.330598373;848.5;33750;23.773584905660364;956.2735849056604;Line 100;0;279.020002481324
-23.610602208;-46.330888304;853.8;33720;23.752452830188666;956.2524528301886;Line 100;0;279.020002481324
-23.610557245;-46.331178235;856.2;33690;23.73132075471697;956.231320754717;Line 100;0;279.020002481324
-23.610512282;-46.331468165;858.7;33660;23.71018867924527;956.2101886792452;Line 100;0;279.020002481324
-23.610467318;-46.331758096;859.5;33630;23.68905660377357;956.1890566037736;Line 100;0;279.020002481324
-23.610422353;-46.332048026;856.4;33600;23.667924528301874;956.1679245283019;Line 100;0;279.020002481324
-23.610377388;-46.332337955;853.5;33570;23.646792452830177;956.1467924528301;Line 100;0;279.020002481324
-23.610332423;-46.332627885;849.8;33540;23.625660377358475;956.1256603773585;Line 100;0;279.020002481324
-23.610287457;-46.332917814;844.6;33510;23.60452830188678;956.1045283018868;Line 100;0;279.020002481324
-23.61024249;-46.333207743;839.4;33480;23.58339622641508;956.0833962264151;Line 100;0;279.020002481324
-23.610197523;-46.333497672;833.9;33450;23.56226415094338;956.0622641509434;Line 100;0;279.020002481324
-23.610152556;-46.333787601;828.4;33420;23.541132075471687;956.0411320754716;Line 100;0;279.020002481324
-23.610107587;-46.334077529;822.8;33390;23.519999999999985;956.02;Line 100;0;279.020002481324
-23.610062619;-46.334367458;817.9;33360;23.49886792452829;955.9988679245283;Line 100;0;279.020002481324
-23.610017649;-46.334657386;813.1;33330;23.47773584905659;955.9777358490566;Line 100;0;279.020002481324
-23.60997268;-46.334947313;808.0;33300;23.45660377358489;955.9566037735849;Line 100;0;279.020002481324
-23.609927709;-46.335237241;807.1;33270;23.435471698113197;955.9354716981132;Line 100;0;279.020002481324
-23.609882739;-46.335527168;807.0;33240;23.414339622641496;955.9143396226415;Line 100;0;279.020002481324
-23.609837767;-46.335817095;806.5;33210;23.393207547169798;955.8932075471698;Line 100;0;279.020002481324
-23.609792795;-46.336107022;809.6;33180;23.372075471698103;955.872075471698;Line 100;0;279.020002481324
-23.609747823;-46.336396949;813.0;33150;23.350943396226402;955.8509433962264;Line 100;0;279.020002481324
-23.60970285;-46.336686875;816.5;33120;23.329811320754704;955.8298113207547;Line 100;0;279.020002481324
-23.609657877;-46.336976801;821.4;33090;23.308679245283006;955.808679245283;Line 100;0;279.020002481324
-23.609612903;-46.337266727;826.2;33060;23.287547169811308;955.7875471698113;Line 100;0;279.020002481324
-23.609567928;-46.337556653;830.7;33030;23.26641509433961;955.7664150943397;Line 100;0;279.020002481324
-23.609522953;-46.337846578;834.6;33000;23.245283018867912;955.7452830188679;Line 100;0;279.020002481324
-23.609477977;-46.338136504;838.6;32970;23.224150943396214;955.7241509433962;Line 100;0;279.020002481324
-23.609433001;-46.338426429;842.7;32940;23.203018867924513;955.7030188679245;Line 100;0;279.020002481324
-23.609388024;-46.338716354;847.2;32910;23.18188679245282;955.6818867924528;Line 100;0;279.020002481324
-23.609343047;-46.339006278;852.3;32880;23.16075471698112;955.6607547169812;Line 100;0;279.020002481324
-23.60929807;-46.339296202;853.1;32850;23.13962264150942;955.6396226415094;Line 100;0;279.020002481324
-23.609253091;-46.339586127;848.2;32820;23.118490566037725;955.6184905660377;Line 100;0;279.020002481324
-23.609208112;-46.339876051;843.2;32790;23.097358490566023;955.597358490566;Line 100;0;279.020002481324
-23.609163133;-46.340165974;836.6;32760;23.076226415094325;955.5762264150943;Line 100;0;279.020002481324
-23.609118153;-46.340455898;828.9;32730;23.05509433962263;955.5550943396227;Line 100;0;279.020002481324
-23.609073173;-46.340745821;821.8;32700;23.03396226415093;955.5339622641509;Line 100;0;279.020002481324
-23.609028192;-46.341035744;817.1;32670;23.012830188679235;955.5128301886792;Line 100;0;279.020002481324
-23.60898321;-46.341325667;813.7;32640;22.991698113207534;955.4916981132076;Line 100;0;279.020002481324
-23.608938228;-46.341615589;810.8;32610;22.970566037735836;955.4705660377358;Line 100;0;279.020002481324
-23.608893246;-46.341905512;812.4;32580;22.94943396226414;955.4494339622642;Line 100;0;279.020002481324
-23.608848263;-46.342195434;814.9;32550;22.92830188679244;955.4283018867925;Line 100;0;279.020002481324
-23.608803279;-46.342485356;817.5;32520;22.907169811320742;955.4071698113207;Line 100;0;279.020002481324
-23.608758295;-46.342775277;816.7;32490;22.886037735849044;955.3860377358491;Line 100;0;279.020002481324
-23.60871331;-46.343065199;815.2;32460;22.864905660377346;955.3649056603773;Line 100;0;279.020002481324
-23.608668325;-46.34335512;813.3;32430;22.843773584905648;955.3437735849056;Line 100;0;279.020002481324
-23.608623339;-46.343645041;810.8;32400;22.82264150943395;955.322641509434;Line 100;0;279.020002481324
-23.608578353;-46.343934962;808.4;32370;22.801509433962252;955.3015094339622;Line 100;0;279.020002481324
-23.608533366;-46.344224882;806.6;32340;22.78037735849055;955.2803773584906;Line 100;0;279.020002481324
-23.608488379;-46.344514802;807.6;32310;22.759245283018856;955.2592452830188;Line 100;0;279.020002481324
-23.608443391;-46.344804722;808.9;32280;22.73811320754716;955.2381132075471;Line 100;0;279.020002481324
-23.608398403;-46.345094642;809.6;32250;22.716981132075457;955.2169811320755;Line 100;0;279.020002481324
-23.608353414;-46.345384562;808.7;32220;22.695849056603763;955.1958490566037;Line 100;0;279.020002481324
-23.608308424;-46.345674481;807.5;32190;22.67471698113206;955.1747169811321;Line 100;0;279.020002481324
-23.608263434;-46.3459644;805.2;32160;22.653584905660363;955.1535849056604;Line 100;0;279.020002481324
-23.608218444;-46.346254319;801.8;32130;22.63245283018867;955.1324528301886;Line 100;0;279.020002481324
-23.608173453;-46.346544238;798.4;32100;22.611320754716967;955.111320754717;Line 100;0;279.020002481324
-23.608128461;-46.346834157;794.6;32070;22.59018867924527;955.0901886792452;Line 100;0;279.020002481324
-23.608083469;-46.347124075;790.3;32040;22.56905660377357;955.0690566037736;Line 100;0;279.020002481324
-23.608038476;-46.347413993;786.1;32010;22.547924528301873;955.0479245283019;Line 100;0;279.020002481324
-23.607993483;-46.347703911;783.4;31980;22.52679245283018;955.0267924528301;Line 100;0;279.020002481324
-23.607948489;-46.347993828;781.1;31950;22.505660377358478;955.0056603773585;Line 100;0;279.020002481324
-23.607903495;-46.348283746;778.6;31920;22.48452830188678;954.9845283018868;Line 100;0;279.020002481324
-23.6078585;-46.348573663;778.3;31890;22.46339622641508;954.9633962264151;Line 100;0;279.020002481324
-23.607813505;-46.34886358;778.1;31860;22.442264150943384;954.9422641509434;Line 100;0;279.020002481324
-23.607768509;-46.349153496;777.7;31830;22.421132075471686;954.9211320754716;Line 100;0;279.020002481324
-23.607723513;-46.349443413;777.9;31800;22.399999999999988;954.9;Line 100;0;279.020002481324
-23.607678516;-46.349733329;777.9;31770;22.37886792452829;954.8788679245283;Line 100;0;279.020002481324
-23.607633518;-46.350023245;777.8;31740;22.35773584905659;954.8577358490566;Line 100;0;279.020002481324
-23.60758852;-46.350313161;779.2;31710;22.336603773584894;954.8366037735849;Line 100;0;279.020002481324
-23.607543522;-46.350603076;780.4;31680;22.315471698113196;954.8154716981132;Line 100;0;279.020002481324
-23.607498523;-46.350892992;780.9;31650;22.294339622641495;954.7943396226415;Line 100;0;279.020002481324
-23.607453523;-46.351182907;780.4;31620;22.2732075471698;954.7732075471698;Line 100;0;279.020002481324
-23.607408523;-46.351472822;780.1;31590;22.2520754716981;954.752075471698;Line 100;0;279.020002481324
-23.607363522;-46.351762736;781.5;31560;22.2309433962264;954.7309433962264;Line 100;0;279.020002481324
-23.607318521;-46.352052651;786.1;31530;22.209811320754707;954.7098113207547;Line 100;0;279.020002481324
-23.607273519;-46.352342565;790.8;31500;22.188679245283005;954.688679245283;Line 100;0;279.020002481324
-23.607228517;-46.352632479;795.3;31470;22.167547169811307;954.6675471698113;Line 100;0;279.020002481324
-23.607183514;-46.352922393;798.9;31440;22.146415094339613;954.6464150943397;Line 100;0;279.020002481324
-23.607138511;-46.353212306;802.3;31410;22.12528301886791;954.6252830188679;Line 100;0;279.020002481324
-23.607093507;-46.353502219;803.9;31380;22.104150943396213;954.6041509433962;Line 100;0;279.020002481324
-23.607048503;-46.353792132;803.9;31350;22.083018867924515;954.5830188679245;Line 100;0;279.020002481324
-23.607003498;-46.354082045;803.4;31320;22.061886792452817;954.5618867924528;Line 100;0;279.020002481324
-23.606958492;-46.354371958;800.9;31290;22.040754716981123;954.5407547169812;Line 100;0;279.020002481324
-23.606913487;-46.35466187;797.7;31260;22.01962264150942;954.5196226415094;Line 100;0;279.020002481324
-23.60686848;-46.354951782;794.8;31230;21.998490566037724;954.4984905660377;Line 100;0;279.020002481324
-23.606823473;-46.355241694;795.0;31200;21.977358490566026;954.4773584905661;Line 100;0;279.020002481324
-23.606778465;-46.355531606;796.0;31170;21.956226415094328;954.4562264150943;Line 100;0;279.020002481324
-23.606733457;-46.355821517;797.3;31140;21.93509433962263;954.4350943396227;Line 100;0;279.020002481324
-23.606688449;-46.356111429;799.1;31110;21.913962264150932;954.4139622641509;Line 100;0;279.020002481324
-23.606643439;-46.35640134;801.1;31080;21.892830188679234;954.3928301886792;Line 100;0;279.020002481324
-23.60659843;-46.35669125;802.8;31050;21.871698113207533;954.3716981132076;Line 100;0;279.020002481324
-23.606553419;-46.356981161;799.7;31020;21.850566037735838;954.3505660377358;Line 100;0;279.020002481324
-23.606508409;-46.357271071;796.8;30990;21.82943396226414;954.3294339622641;Line 100;0;279.020002481324
-23.606463397;-46.357560981;793.1;30960;21.80830188679244;954.3083018867925;Line 100;0;279.020002481324
-23.606418386;-46.357850891;785.8;30930;21.787169811320744;954.2871698113207;Line 100;0;279.020002481324
-23.606373373;-46.358140801;778.6;30900;21.766037735849043;954.2660377358491;Line 100;0;279.020002481324
-23.60632836;-46.35843071;773.4;30870;21.744905660377345;954.2449056603773;Line 100;0;279.020002481324
-23.606283347;-46.35872062;772.0;30840;21.72377358490565;954.2237735849056;Line 100;0;279.020002481324
-23.606238333;-46.359010529;770.2;30810;21.70264150943395;954.202641509434;Line 100;0;279.020002481324
-23.606193318;-46.359300437;769.1;30780;21.68150943396225;954.1815094339622;Line 100;0;279.020002481324
-23.606148303;-46.359590346;769.0;30750;21.660377358490553;954.1603773584906;Line 100;0;279.020002481324
-23.606103288;-46.359880254;768.7;30720;21.639245283018855;954.1392452830189;Line 100;0;279.020002481324
-23.606058272;-46.360170162;769.4;30690;21.61811320754716;954.1181132075471;Line 100;0;279.020002481324
-23.606013255;-46.36046007;770.6;30660;21.59698113207546;954.0969811320755;Line 100;0;279.020002481324
-23.605968238;-46.360749978;771.6;30630;21.57584905660376;954.0758490566037;Line 100;0;279.020002481324
-23.60592322;-46.361039885;773.1;30600;21.554716981132064;954.0547169811321;Line 100;0;279.020002481324
-23.605878202;-46.361329792;774.9;30570;21.533584905660366;954.0335849056604;Line 100;0;279.020002481324
-23.605833183;-46.361619699;776.7;30540;21.512452830188668;954.0124528301886;Line 100;0;279.020002481324
-23.605788164;-46.361909606;779.3;30510;21.49132075471697;953.991320754717;Line 100;0;279.020002481324
-23.605743144;-46.362199512;782.0;30480;21.470188679245272;953.9701886792453;Line 100;0;279.020002481324
-23.605698124;-46.362489419;784.7;30450;21.44905660377357;953.9490566037736;Line 100;0;279.020002481324
-23.605653103;-46.362779325;787.3;30420;21.427924528301876;953.9279245283019;Line 100;0;279.020002481324
-23.605608081;-46.36306923;789.9;30390;21.406792452830178;953.9067924528301;Line 100;0;279.020002481324
-23.605563059;-46.363359136;792.6;30360;21.385660377358477;953.8856603773585;Line 100;0;279.020002481324
-23.605518037;-46.363649041;796.1;30330;21.364528301886782;953.8645283018868;Line 100;0;279.020002481324
-23.605473014;-46.363938946;799.5;30300;21.34339622641508;953.843396226415;Line 100;0;279.020002481324
-23.60542799;-46.364228851;802.5;30270;21.322264150943383;953.8222641509434;Line 100;0;279.020002481324
-23.605382966;-46.364518756;804.4;30240;21.30113207547169;953.8011320754717;Line 100;0;279.020002481324
-23.605337941;-46.36480866;806.3;30210;21.279999999999987;953.78;Line 100;0;279.020002481324
-23.605292916;-46.365098565;807.4;30180;21.25886792452829;953.7588679245283;Line 100;0;279.020002481324
-23.605247891;-46.365388469;807.1;30150;21.23773584905659;953.7377358490565;Line 100;0;279.020002481324
-23.605202864;-46.365678372;807.0;30120;21.216603773584893;953.7166037735849;Line 100;0;279.020002481324
-23.605157838;-46.365968276;806.0;30090;21.195471698113195;953.6954716981132;Line 100;0;279.020002481324
-23.60511281;-46.366258179;803.8;30060;21.174339622641497;953.6743396226415;Line 100;0;279.020002481324
-23.605067782;-46.366548082;801.7;30030;21.1532075471698;953.6532075471698;Line 100;0;279.020002481324
-23.605022754;-46.366837985;797.9;30000;21.1320754716981;953.632075471698;Line 100;0;279.020002481324
-23.604977725;-46.367127888;792.6;29970;21.110943396226403;953.6109433962264;Line 100;0;279.020002481324
-23.604932696;-46.36741779;787.3;29940;21.089811320754706;953.5898113207547;Line 100;0;279.020002481324
-23.604887666;-46.367707692;782.2;29910;21.068679245283008;953.568679245283;Line 100;0;279.020002481324
-23.604842635;-46.367997594;777.0;29880;21.04754716981131;953.5475471698113;Line 100;0;279.020002481324
-23.604797604;-46.368287496;771.8;29850;21.02641509433961;953.5264150943397;Line 100;0;279.020002481324
-23.604752573;-46.368577398;769.4;29820;21.005283018867914;953.5052830188679;Line 100;0;279.020002481324
-23.604707541;-46.368867299;767.3;29790;20.984150943396216;953.4841509433962;Line 100;0;279.020002481324
-23.604662508;-46.3691572;765.0;29760;20.963018867924514;953.4630188679245;Line 100;0;279.020002481324
-23.604617475;-46.369447101;763.3;29730;20.94188679245282;953.4418867924528;Line 100;0;279.020002481324
-23.604572441;-46.369737001;761.7;29700;20.920754716981122;953.4207547169812;Line 100;0;279.020002481324
-23.604527407;-46.370026902;760.6;29670;20.89962264150942;953.3996226415094;Line 100;0;279.020002481324
-23.604482372;-46.370316802;763.1;29640;20.878490566037726;953.3784905660377;Line 100;0;279.020002481324
-23.604437337;-46.370606702;766.0;29610;20.857358490566025;953.3573584905661;Line 100;0;279.020002481324
-23.604392301;-46.370896601;769.8;29580;20.836226415094327;953.3362264150943;Line 100;0;279.020002481324
-23.604347265;-46.371186501;776.3;29550;20.815094339622632;953.3150943396226;Line 100;0;279.020002481324
-23.604302228;-46.3714764;783.1;29520;20.79396226415093;953.2939622641509;Line 100;0;279.020002481324
-23.604257191;-46.371766299;788.7;29490;20.772830188679233;953.2728301886792;Line 100;0;279.020002481324
-23.604212153;-46.372056198;791.3;29460;20.751698113207535;953.2516981132076;Line 100;0;279.020002481324
-23.604167114;-46.372346096;793.3;29430;20.730566037735837;953.2305660377358;Line 100;0;279.020002481324
-23.604122075;-46.372635995;793.2;29400;20.70943396226414;953.2094339622641;Line 100;0;279.020002481324
-23.604077036;-46.372925893;792.2;29370;20.68830188679244;953.1883018867925;Line 100;0;279.020002481324
-23.604031995;-46.373215791;791.1;29340;20.667169811320743;953.1671698113207;Line 100;0;279.020002481324
-23.603986955;-46.373505688;789.4;29310;20.646037735849045;953.1460377358491;Line 100;0;279.020002481324
-23.603941914;-46.373795586;787.6;29280;20.624905660377348;953.1249056603773;Line 100;0;279.020002481324
-23.603896872;-46.374085483;786.0;29250;20.60377358490565;953.1037735849056;Line 100;0;279.020002481324
-23.60385183;-46.37437538;789.9;29220;20.58264150943395;953.082641509434;Line 100;0;279.020002481324
-23.603806787;-46.374665277;795.7;29190;20.561509433962254;953.0615094339622;Line 100;0;279.020002481324
-23.603761744;-46.374955173;801.6;29160;20.540377358490552;953.0403773584906;Line 100;0;279.020002481324
-23.6037167;-46.375245069;805.2;29130;20.519245283018858;953.0192452830189;Line 100;0;279.020002481324
-23.603671656;-46.375534965;808.3;29100;20.49811320754716;952.9981132075471;Line 100;0;279.020002481324
-23.603626611;-46.375824861;811.1;29070;20.47698113207546;952.9769811320755;Line 100;0;279.020002481324
-23.603581565;-46.376114757;808.4;29040;20.455849056603764;952.9558490566037;Line 100;0;279.020002481324
-23.60353652;-46.376404652;805.5;29010;20.434716981132063;952.934716981132;Line 100;0;279.020002481324
-23.603491473;-46.376694547;803.1;28980;20.413584905660365;952.9135849056604;Line 100;0;279.020002481324
-23.603446426;-46.376984442;806.9;28950;20.39245283018867;952.8924528301886;Line 100;0;279.020002481324
-23.603401379;-46.377274337;810.9;28920;20.37132075471697;952.871320754717;Line 100;0;279.020002481324
-23.60335633;-46.377564231;815.0;28890;20.35018867924527;952.8501886792453;Line 100;0;279.020002481324
-23.603311282;-46.377854126;817.3;28860;20.329056603773573;952.8290566037736;Line 100;0;279.020002481324
-23.603266233;-46.37814402;818.8;28830;20.307924528301875;952.8079245283019;Line 100;0;279.020002481324
-23.603221183;-46.378433913;817.5;28800;20.286792452830177;952.7867924528301;Line 100;0;279.020002481324
-23.603176133;-46.378723807;811.4;28770;20.26566037735848;952.7656603773585;Line 100;0;279.020002481324
-23.603131082;-46.3790137;805.8;28740;20.24452830188678;952.7445283018868;Line 100;0;279.020002481324
-23.603086031;-46.379303593;802.1;28710;20.223396226415083;952.723396226415;Line 100;0;279.020002481324
-23.603040979;-46.379593486;800.8;28680;20.202264150943385;952.7022641509434;Line 100;0;279.020002481324
-23.602995927;-46.379883379;800.0;28650;20.181132075471687;952.6811320754717;Line 100;0;279.020002481324
-23.602950874;-46.380173271;802.1;28620;20.15999999999999;952.66;Line 100;0;279.020002481324
-23.602905821;-46.380463163;806.1;28590;20.13886792452829;952.6388679245283;Line 100;0;279.020002481324
-23.602860767;-46.380753055;810.5;28560;20.11773584905659;952.6177358490565;Line 100;0;279.020002481324
-23.602815712;-46.381042947;817.4;28530;20.096603773584896;952.5966037735849;Line 100;0;279.020002481324
-23.602770657;-46.381332839;825.0;28500;20.075471698113198;952.5754716981132;Line 100;0;279.020002481324
-23.602725602;-46.38162273;832.8;28470;20.054339622641496;952.5543396226415;Line 100;0;279.020002481324
-23.602680546;-46.381912621;841.3;28440;20.033207547169802;952.5332075471698;Line 100;0;279.020002481324
-23.602635489;-46.382202512;850.0;28410;20.0120754716981;952.5120754716982;Line 100;0;279.020002481324
-23.602590432;-46.382492402;858.7;28380;19.990943396226402;952.4909433962264;Line 100;0;279.020002481324
-23.602545374;-46.382782293;869.3;28350;19.969811320754708;952.4698113207547;Line 100;0;279.020002481324
-23.602500316;-46.383072183;880.3;28320;19.948679245283007;952.448679245283;Line 100;0;279.020002481324
-23.602455257;-46.383362073;890.9;28290;19.92754716981131;952.4275471698113;Line 100;0;279.020002481324
-23.602410198;-46.383651962;895.5;28260;19.90641509433961;952.4064150943396;Line 100;0;279.020002481324
-23.602365138;-46.383941852;900.2;28230;19.885283018867913;952.3852830188679;Line 100;0;279.020002481324
-23.602320078;-46.384231741;902.6;28200;19.864150943396215;952.3641509433962;Line 100;0;279.020002481324
-23.602275017;-46.38452163;896.6;28170;19.843018867924517;952.3430188679246;Line 100;0;279.020002481324
-23.602229956;-46.384811519;891.3;28140;19.82188679245282;952.3218867924528;Line 100;0;279.020002481324
-23.602184894;-46.385101407;887.8;28110;19.80075471698112;952.3007547169811;Line 100;0;279.020002481324
-23.602139832;-46.385391296;887.0;28080;19.779622641509423;952.2796226415094;Line 100;0;279.020002481324
-23.602094769;-46.385681184;886.7;28050;19.758490566037725;952.2584905660377;Line 100;0;279.020002481324
-23.602049705;-46.385971072;889.9;28020;19.737358490566027;952.2373584905661;Line 100;0;279.020002481324
-23.602004641;-46.386260959;896.3;27990;19.71622641509433;952.2162264150943;Line 100;0;279.020002481324
-23.601959576;-46.386550847;902.4;27960;19.69509433962263;952.1950943396226;Line 100;0;279.020002481324
-23.601914511;-46.386840734;904.8;27930;19.673962264150934;952.173962264151;Line 100;0;279.020002481324
-23.601869446;-46.387130621;904.8;27900;19.652830188679236;952.1528301886792;Line 100;0;279.020002481324
-23.60182438;-46.387420508;904.7;27870;19.631698113207534;952.1316981132076;Line 100;0;279.020002481324
-23.601779313;-46.387710394;906.3;27840;19.61056603773584;952.1105660377358;Line 100;0;279.020002481324
-23.601734246;-46.38800028;908.5;27810;19.589433962264142;952.0894339622641;Line 100;0;279.020002481324
-23.601689178;-46.388290167;910.9;27780;19.56830188679244;952.0683018867925;Line 100;0;279.020002481324
-23.60164411;-46.388580052;909.5;27750;19.547169811320746;952.0471698113207;Line 100;0;279.020002481324
-23.601599041;-46.388869938;906.5;27720;19.526037735849044;952.0260377358491;Line 100;0;279.020002481324
-23.601553971;-46.389159823;903.2;27690;19.504905660377347;952.0049056603773;Line 100;0;279.020002481324
-23.601508902;-46.389449708;896.9;27660;19.483773584905652;951.9837735849056;Line 100;0;279.020002481324
-23.601463831;-46.389739593;890.2;27630;19.46264150943395;951.962641509434;Line 100;0;279.020002481324
-23.60141876;-46.390029478;883.5;27600;19.441509433962253;951.9415094339622;Line 100;0;279.020002481324
-23.601373689;-46.390319363;878.7;27570;19.420377358490555;951.9203773584906;Line 100;0;279.020002481324
-23.601328617;-46.390609247;873.8;27540;19.399245283018857;951.8992452830189;Line 100;0;279.020002481324
-23.601283544;-46.390899131;871.4;27510;19.37811320754716;951.8781132075471;Line 100;0;279.020002481324
-23.601238471;-46.391189015;877.7;27480;19.35698113207546;951.8569811320755;Line 100;0;279.020002481324
-23.601193397;-46.391478898;883.6;27450;19.335849056603763;951.8358490566038;Line 100;0;279.020002481324
-23.601148323;-46.391768781;888.8;27420;19.314716981132065;951.814716981132;Line 100;0;279.020002481324
-23.601103249;-46.392058664;892.8;27390;19.293584905660367;951.7935849056604;Line 100;0;279.020002481324
-23.601058173;-46.392348547;896.6;27360;19.27245283018867;951.7724528301886;Line 100;0;279.020002481324
-23.601013098;-46.39263843;899.4;27330;19.25132075471697;951.751320754717;Line 100;0;279.020002481324
-23.600968021;-46.392928312;901.3;27300;19.230188679245273;951.7301886792453;Line 100;0;279.020002481324
-23.600922945;-46.393218195;903.3;27270;19.209056603773572;951.7090566037735;Line 100;0;279.020002481324
-23.600877867;-46.393508077;904.3;27240;19.187924528301878;951.6879245283019;Line 100;0;279.020002481324
-23.600832789;-46.393797958;904.7;27210;19.16679245283018;951.6667924528301;Line 100;0;279.020002481324
-23.600787711;-46.39408784;905.2;27180;19.145660377358478;951.6456603773585;Line 100;0;279.020002481324
-23.600742632;-46.394377721;900.6;27150;19.124528301886784;951.6245283018868;Line 100;0;279.020002481324
-23.600697553;-46.394667602;894.0;27120;19.103396226415082;951.603396226415;Line 100;0;279.020002481324
-23.600652473;-46.394957483;887.3;27090;19.082264150943384;951.5822641509434;Line 100;0;279.020002481324
-23.600607392;-46.395247363;880.7;27060;19.06113207547169;951.5611320754717;Line 100;0;279.020002481324
-23.600562311;-46.395537244;873.9;27030;19.03999999999999;951.54;Line 100;0;279.020002481324
-23.600517229;-46.395827124;867.1;27000;19.01886792452829;951.5188679245283;Line 100;0;279.020002481324
-23.600472147;-46.396117004;863.4;26970;18.997735849056593;951.4977358490565;Line 100;0;279.020002481324
-23.600427065;-46.396406884;860.0;26940;18.976603773584895;951.4766037735849;Line 100;0;279.020002481324
-23.600381981;-46.396696763;856.6;26910;18.955471698113197;951.4554716981132;Line 100;0;279.020002481324
-23.600336898;-46.396986642;852.1;26880;18.9343396226415;951.4343396226415;Line 100;0;279.020002481324
-23.600291813;-46.397276521;847.7;26850;18.9132075471698;951.4132075471698;Line 100;0;279.020002481324
-23.600246729;-46.3975664;843.5;26820;18.892075471698103;951.3920754716981;Line 100;0;279.020002481324
-23.600201643;-46.397856279;840.1;26790;18.870943396226405;951.3709433962264;Line 100;0;279.020002481324
-23.600156557;-46.398146157;837.0;26760;18.849811320754707;951.3498113207547;Line 100;0;279.020002481324
-23.600111471;-46.398436035;834.0;26730;18.82867924528301;951.328679245283;Line 100;0;279.020002481324
-23.600066384;-46.398725913;830.8;26700;18.80754716981131;951.3075471698113;Line 100;0;279.020002481324
-23.600021297;-46.39901579;827.7;26670;18.78641509433961;951.2864150943396;Line 100;0;279.020002481324
-23.599976209;-46.399305668;825.5;26640;18.765283018867915;951.2652830188679;Line 100;0;279.020002481324
-23.59993112;-46.399595545;824.3;26610;18.744150943396217;951.2441509433962;Line 100;0;279.020002481324
-23.599886031;-46.399885422;823.1;26580;18.723018867924516;951.2230188679246;Line 100;0;279.020002481324
-23.599840941;-46.400175299;822.0;26550;18.70188679245282;951.2018867924528;Line 100;0;279.020002481324
-23.599795851;-46.400465175;820.9;26520;18.68075471698112;951.1807547169811;Line 100;0;279.020002481324
-23.599750761;-46.400755051;819.7;26490;18.659622641509422;951.1596226415094;Line 100;0;279.020002481324
-23.599705669;-46.401044927;819.2;26460;18.638490566037728;951.1384905660377;Line 100;0;279.020002481324
-23.599660578;-46.401334803;819.0;26430;18.617358490566026;951.1173584905661;Line 100;0;279.020002481324
-23.599615486;-46.401624679;818.7;26400;18.59622641509433;951.0962264150943;Line 100;0;279.020002481324
-23.599570393;-46.401914554;821.0;26370;18.575094339622634;951.0750943396226;Line 100;0;279.020002481324
-23.599525299;-46.402204429;823.6;26340;18.553962264150933;951.053962264151;Line 100;0;279.020002481324
-23.599480206;-46.402494304;826.0;26310;18.532830188679235;951.0328301886792;Line 100;0;279.020002481324
-23.599435111;-46.402784179;830.1;26280;18.511698113207537;951.0116981132076;Line 100;0;279.020002481324
-23.599390016;-46.403074053;834.3;26250;18.49056603773584;950.9905660377358;Line 100;0;279.020002481324
-23.599344921;-46.403363928;838.2;26220;18.46943396226414;950.9694339622641;Line 100;0;279.020002481324
-23.599299825;-46.403653802;840.6;26190;18.448301886792443;950.9483018867925;Line 100;0;279.020002481324
-23.599254728;-46.403943675;843.0;26160;18.427169811320745;950.9271698113207;Line 100;0;279.020002481324
-23.599209631;-46.404233549;843.5;26130;18.406037735849047;950.906037735849;Line 100;0;279.020002481324
-23.599164534;-46.404523422;838.4;26100;18.38490566037735;950.8849056603774;Line 100;0;279.020002481324
-23.599119436;-46.404813295;833.1;26070;18.36377358490565;950.8637735849056;Line 100;0;279.020002481324
-23.599074337;-46.405103168;829.2;26040;18.342641509433953;950.842641509434;Line 100;0;279.020002481324
-23.599029238;-46.405393041;828.1;26010;18.321509433962255;950.8215094339622;Line 100;0;279.020002481324
-23.598984138;-46.405682913;827.8;25980;18.300377358490554;950.8003773584906;Line 100;0;279.020002481324
-23.598939038;-46.405972785;831.9;25950;18.27924528301886;950.7792452830189;Line 100;0;279.020002481324
-23.598893937;-46.406262657;839.7;25920;18.25811320754716;950.7581132075471;Line 100;0;279.020002481324
-23.598848836;-46.406552529;846.8;25890;18.23698113207546;950.7369811320755;Line 100;0;279.020002481324
-23.598803734;-46.4068424;851.8;25860;18.215849056603766;950.7158490566038;Line 100;0;279.020002481324
-23.598758632;-46.407132272;855.6;25830;18.194716981132064;950.694716981132;Line 100;0;279.020002481324
-23.598713529;-46.407422143;859.1;25800;18.173584905660366;950.6735849056604;Line 100;0;279.020002481324
-23.598668425;-46.407712013;860.4;25770;18.152452830188672;950.6524528301886;Line 100;0;279.020002481324
-23.598623322;-46.408001884;860.9;25740;18.13132075471697;950.631320754717;Line 100;0;279.020002481324
-23.598578217;-46.408291754;861.4;25710;18.110188679245272;950.6101886792453;Line 100;0;279.020002481324
-23.598533112;-46.408581624;863.1;25680;18.089056603773574;950.5890566037735;Line 100;0;279.020002481324
-23.598488006;-46.408871494;865.3;25650;18.067924528301877;950.5679245283019;Line 100;0;279.020002481324
-23.5984429;-46.409161364;867.7;25620;18.04679245283018;950.5467924528302;Line 100;0;279.020002481324
-23.598397794;-46.409451233;869.7;25590;18.02566037735848;950.5256603773585;Line 100;0;279.020002481324
-23.598352687;-46.409741103;871.8;25560;18.004528301886783;950.5045283018868;Line 100;0;279.020002481324
-23.598307579;-46.410030972;873.5;25530;17.98339622641508;950.483396226415;Line 100;0;279.020002481324
-23.598262471;-46.41032084;873.5;25500;17.962264150943387;950.4622641509434;Line 100;0;279.020002481324
-23.598217362;-46.410610709;873.8;25470;17.94113207547169;950.4411320754717;Line 100;0;279.020002481324
-23.598172253;-46.410900577;874.2;25440;17.91999999999999;950.42;Line 100;0;279.020002481324
-23.598127143;-46.411190445;873.6;25410;17.898867924528293;950.3988679245283;Line 100;0;279.020002481324
-23.598082033;-46.411480313;873.0;25380;17.87773584905659;950.3777358490565;Line 100;0;279.020002481324
-23.598036922;-46.411770181;871.1;25350;17.856603773584897;950.3566037735849;Line 100;0;279.020002481324
-23.59799181;-46.412060048;867.0;25320;17.8354716981132;950.3354716981132;Line 100;0;279.020002481324
-23.597946698;-46.412349915;863.0;25290;17.814339622641498;950.3143396226415;Line 100;0;279.020002481324
-23.597901586;-46.412639782;858.9;25260;17.793207547169803;950.2932075471698;Line 100;0;279.020002481324
-23.597856473;-46.412929649;854.7;25230;17.772075471698102;950.2720754716981;Line 100;0;279.020002481324
-23.597811359;-46.413219515;850.7;25200;17.750943396226404;950.2509433962264;Line 100;0;279.020002481324
-23.597766245;-46.413509381;846.0;25170;17.72981132075471;950.2298113207547;Line 100;0;279.020002481324
-23.597721131;-46.413799248;841.0;25140;17.708679245283008;950.2086792452831;Line 100;0;279.020002481324
-23.597676016;-46.414089113;836.1;25110;17.68754716981131;950.1875471698113;Line 100;0;279.020002481324
-23.5976309;-46.414378979;828.6;25080;17.666415094339612;950.1664150943396;Line 100;0;279.020002481324
-23.597585784;-46.414668844;819.8;25050;17.645283018867914;950.1452830188679;Line 100;0;279.020002481324
-23.597540667;-46.414958709;811.0;25020;17.624150943396216;950.1241509433962;Line 100;0;279.020002481324
-23.59749555;-46.415248574;806.7;24990;17.60301886792452;950.1030188679246;Line 100;0;279.020002481324
-23.597450432;-46.415538439;802.7;24960;17.58188679245282;950.0818867924528;Line 100;0;279.020002481324
-23.597405314;-46.415828303;798.7;24930;17.56075471698112;950.0607547169811;Line 100;0;279.020002481324
-23.597360195;-46.416118167;799.5;24900;17.539622641509425;950.0396226415094;Line 100;0;279.020002481324
-23.597315076;-46.416408031;800.6;24870;17.518490566037727;950.0184905660377;Line 100;0;279.020002481324
-23.597269956;-46.416697895;802.2;24840;17.497358490566025;949.9973584905661;Line 100;0;279.020002481324
-23.597224835;-46.416987759;805.8;24810;17.47622641509433;949.9762264150943;Line 100;0;279.020002481324
-23.597179714;-46.417277622;809.5;24780;17.45509433962263;949.9550943396226;Line 100;0;279.020002481324
-23.597134593;-46.417567485;813.5;24750;17.433962264150935;949.933962264151;Line 100;0;279.020002481324
-23.597089471;-46.417857348;818.5;24720;17.412830188679237;949.9128301886792;Line 100;0;279.020002481324
-23.597044348;-46.41814721;823.2;24690;17.391698113207536;949.8916981132076;Line 100;0;279.020002481324
-23.596999225;-46.418437073;826.9;24660;17.37056603773584;949.8705660377359;Line 100;0;279.020002481324
-23.596954101;-46.418726935;829.0;24630;17.349433962264143;949.8494339622641;Line 100;0;279.020002481324
-23.596908977;-46.419016797;831.1;24600;17.328301886792442;949.8283018867925;Line 100;0;279.020002481324
-23.596863852;-46.419306658;832.4;24570;17.307169811320747;949.8071698113207;Line 100;0;279.020002481324
-23.596818727;-46.41959652;833.2;24540;17.286037735849046;949.786037735849;Line 100;0;279.020002481324
-23.596773601;-46.419886381;834.1;24510;17.264905660377348;949.7649056603774;Line 100;0;279.020002481324
-23.596728475;-46.420176242;833.1;24480;17.243773584905654;949.7437735849056;Line 100;0;279.020002481324
-23.596683348;-46.420466103;830.7;24450;17.222641509433952;949.722641509434;Line 100;0;279.020002481324
-23.596638221;-46.420755963;828.5;24420;17.201509433962254;949.7015094339622;Line 100;0;279.020002481324
-23.596593093;-46.421045824;825.8;24390;17.180377358490556;949.6803773584905;Line 100;0;279.020002481324
-23.596547965;-46.421335684;823.1;24360;17.15924528301886;949.6592452830189;Line 100;0;279.020002481324
-23.596502836;-46.421625543;820.6;24330;17.13811320754716;949.6381132075471;Line 100;0;279.020002481324
-23.596457706;-46.421915403;817.9;24300;17.116981132075463;949.6169811320755;Line 100;0;279.020002481324
-23.596412576;-46.422205263;814.9;24270;17.095849056603765;949.5958490566038;Line 100;0;279.020002481324
-23.596367446;-46.422495122;811.7;24240;17.074716981132063;949.574716981132;Line 100;0;279.020002481324
-23.596322315;-46.422784981;812.3;24210;17.05358490566037;949.5535849056604;Line 100;0;279.020002481324
-23.596277183;-46.423074839;812.9;24180;17.03245283018867;949.5324528301886;Line 100;0;279.020002481324
-23.596232051;-46.423364698;814.0;24150;17.011320754716973;949.511320754717;Line 100;0;279.020002481324
-23.596186918;-46.423654556;819.1;24120;16.990188679245275;949.4901886792453;Line 100;0;279.020002481324
-23.596141785;-46.423944414;824.0;24090;16.969056603773573;949.4690566037735;Line 100;0;279.020002481324
-23.596096651;-46.424234272;827.3;24060;16.94792452830188;949.4479245283019;Line 100;0;279.020002481324
-23.596051517;-46.424524129;825.5;24030;16.92679245283018;949.4267924528302;Line 100;0;279.020002481324
-23.596006382;-46.424813987;823.6;24000;16.90566037735848;949.4056603773585;Line 100;0;279.020002481324
-23.595961247;-46.425103844;821.3;23970;16.884528301886785;949.3845283018868;Line 100;0;279.020002481324
-23.595916111;-46.425393701;818.3;23940;16.863396226415084;949.363396226415;Line 100;0;279.020002481324
-23.595870974;-46.425683557;815.5;23910;16.842264150943386;949.3422641509434;Line 100;0;279.020002481324
-23.595825838;-46.425973414;813.7;23880;16.82113207547169;949.3211320754717;Line 100;0;279.020002481324
-23.5957807;-46.42626327;812.9;23850;16.79999999999999;949.3;Line 100;0;279.020002481324
-23.595735562;-46.426553126;811.9;23820;16.778867924528292;949.2788679245283;Line 100;0;279.020002481324
-23.595690424;-46.426842982;807.9;23790;16.757735849056594;949.2577358490566;Line 100;0;279.020002481324
-23.595645284;-46.427132837;802.2;23760;16.736603773584896;949.2366037735849;Line 100;0;279.020002481324
-23.595600145;-46.427422693;796.7;23730;16.7154716981132;949.2154716981132;Line 100;0;279.020002481324
-23.595555005;-46.427712548;793.6;23700;16.6943396226415;949.1943396226415;Line 100;0;279.020002481324
-23.595509864;-46.428002402;791.5;23670;16.673207547169802;949.1732075471698;Line 100;0;279.020002481324
-23.595464723;-46.428292257;789.5;23640;16.6520754716981;949.1520754716981;Line 100;0;279.020002481324
-23.595419581;-46.428582111;788.9;23610;16.630943396226407;949.1309433962264;Line 100;0;279.020002481324
-23.595374439;-46.428871965;788.5;23580;16.60981132075471;949.1098113207547;Line 100;0;279.020002481324
-23.595329296;-46.429161819;788.2;23550;16.588679245283007;949.0886792452831;Line 100;0;279.020002481324
-23.595284153;-46.429451673;788.3;23520;16.567547169811313;949.0675471698113;Line 100;0;279.020002481324
-23.595239009;-46.429741527;788.0;23490;16.54641509433961;949.0464150943396;Line 100;0;279.020002481324
-23.595193865;-46.43003138;787.2;23460;16.525283018867917;949.0252830188679;Line 100;0;279.020002481324
-23.59514872;-46.430321233;786.2;23430;16.50415094339622;949.0041509433962;Line 100;0;279.020002481324
-23.595103574;-46.430611086;785.3;23400;16.483018867924518;948.9830188679246;Line 100;0;279.020002481324
-23.595058428;-46.430900938;784.7;23370;16.461886792452823;948.9618867924528;Line 100;0;279.020002481324
-23.595013282;-46.43119079;784.6;23340;16.44075471698112;948.9407547169811;Line 100;0;279.020002481324
-23.594968135;-46.431480642;784.7;23310;16.419622641509424;948.9196226415095;Line 100;0;279.020002481324
-23.594922987;-46.431770494;784.8;23280;16.39849056603773;948.8984905660377;Line 100;0;279.020002481324
-23.594877839;-46.432060346;785.0;23250;16.377358490566028;948.877358490566;Line 100;0;279.020002481324
-23.59483269;-46.432350197;785.2;23220;16.35622641509433;948.8562264150943;Line 100;0;279.020002481324
-23.594787541;-46.432640048;784.6;23190;16.335094339622632;948.8350943396226;Line 100;0;279.020002481324
-23.594742392;-46.432929899;783.2;23160;16.313962264150934;948.813962264151;Line 100;0;279.020002481324
-23.594697241;-46.43321975;781.8;23130;16.292830188679236;948.7928301886792;Line 100;0;279.020002481324
-23.594652091;-46.433509601;781.1;23100;16.27169811320754;948.7716981132075;Line 100;0;279.020002481324
-23.594606939;-46.433799451;780.8;23070;16.25056603773584;948.7505660377359;Line 100;0;279.020002481324
-23.594561787;-46.434089301;780.5;23040;16.22943396226414;948.7294339622641;Line 100;0;279.020002481324
-23.594516635;-46.434379151;780.4;23010;16.208301886792444;948.7083018867925;Line 100;0;279.020002481324
-23.594471482;-46.434669;780.5;22980;16.187169811320747;948.6871698113207;Line 100;0;279.020002481324
-23.594426329;-46.43495885;780.6;22950;16.166037735849045;948.666037735849;Line 100;0;279.020002481324
-23.594381175;-46.435248699;780.7;22920;16.14490566037735;948.6449056603774;Line 100;0;279.020002481324
-23.59433602;-46.435538548;780.8;22890;16.123773584905653;948.6237735849056;Line 100;0;279.020002481324
-23.594290865;-46.435828396;780.7;22860;16.10264150943395;948.602641509434;Line 100;0;279.020002481324
-23.59424571;-46.436118245;781.3;22830;16.081509433962257;948.5815094339623;Line 100;0;279.020002481324
-23.594200554;-46.436408093;781.7;22800;16.060377358490555;948.5603773584905;Line 100;0;279.020002481324
-23.594155397;-46.436697941;782.0;22770;16.03924528301886;948.5392452830189;Line 100;0;279.020002481324
-23.59411024;-46.436987789;781.9;22740;16.018113207547163;948.5181132075471;Line 100;0;279.020002481324
-23.594065082;-46.437277636;781.8;22710;15.996981132075462;948.4969811320755;Line 100;0;279.020002481324
-23.594019924;-46.437567483;782.0;22680;15.975849056603765;948.4758490566038;Line 100;0;279.020002481324
-23.593974765;-46.43785733;782.6;22650;15.954716981132066;948.454716981132;Line 100;0;279.020002481324
-23.593929606;-46.438147177;782.9;22620;15.93358490566037;948.4335849056604;Line 100;0;279.020002481324
-23.593884446;-46.438437024;783.3;22590;15.912452830188672;948.4124528301887;Line 100;0;279.020002481324
-23.593839286;-46.43872687;783.7;22560;15.891320754716972;948.391320754717;Line 100;0;279.020002481324
-23.593794125;-46.439016716;784.0;22530;15.870188679245276;948.3701886792453;Line 100;0;279.020002481324
-23.593748964;-46.439306562;784.6;22500;15.849056603773574;948.3490566037735;Line 100;0;279.020002481324
-23.593703802;-46.439596408;785.4;22470;15.827924528301878;948.3279245283019;Line 100;0;279.020002481324
-23.593658639;-46.439886253;786.2;22440;15.806792452830182;948.3067924528302;Line 100;0;279.020002481324
-23.593613476;-46.440176099;786.1;22410;15.78566037735848;948.2856603773585;Line 100;0;279.020002481324
-23.593568313;-46.440465944;785.4;22380;15.764528301886784;948.2645283018868;Line 100;0;279.020002481324
-23.593523149;-46.440755788;784.7;22350;15.743396226415085;948.243396226415;Line 100;0;279.020002481324
-23.593477984;-46.441045633;783.5;22320;15.722264150943387;948.2222641509434;Line 100;0;279.020002481324
-23.593432819;-46.441335477;782.2;22290;15.70113207547169;948.2011320754717;Line 100;0;279.020002481324
-23.593387653;-46.441625321;780.7;22260;15.67999999999999;948.18;Line 100;0;279.020002481324
-23.593342487;-46.441915165;779.2;22230;15.658867924528295;948.1588679245283;Line 100;0;279.020002481324
-23.59329732;-46.442205009;777.9;22200;15.637735849056593;948.1377358490566;Line 100;0;279.020002481324
-23.593252153;-46.442494852;776.6;22170;15.616603773584897;948.1166037735849;Line 100;0;279.020002481324
-23.593206985;-46.442784695;776.1;22140;15.5954716981132;948.0954716981132;Line 100;0;279.020002481324
-23.593161817;-46.443074538;775.5;22110;15.5743396226415;948.0743396226414;Line 100;0;279.020002481324
-23.593116648;-46.443364381;774.9;22080;15.553207547169803;948.0532075471698;Line 100;0;279.020002481324
-23.593071479;-46.443654223;774.3;22050;15.532075471698104;948.0320754716981;Line 100;0;279.020002481324
-23.593026309;-46.443944066;773.9;22020;15.510943396226406;948.0109433962264;Line 100;0;279.020002481324
-23.592981139;-46.444233908;773.6;21990;15.48981132075471;947.9898113207547;Line 100;0;279.020002481324
-23.592935968;-46.444523749;773.7;21960;15.46867924528301;947.968679245283;Line 100;0;279.020002481324
-23.592890796;-46.444813591;773.8;21930;15.447547169811314;947.9475471698113;Line 100;0;279.020002481324
-23.592845624;-46.445103432;773.8;21900;15.426415094339612;947.9264150943396;Line 100;0;279.020002481324
-23.592800452;-46.445393273;773.6;21870;15.405283018867916;947.9052830188679;Line 100;0;279.020002481324
-23.592755278;-46.445683114;773.7;21840;15.38415094339622;947.8841509433962;Line 100;0;279.020002481324
-23.592710105;-46.445972955;775.5;21810;15.363018867924518;947.8630188679246;Line 100;0;279.020002481324
-23.592664931;-46.446262795;779.2;21780;15.341886792452822;947.8418867924528;Line 100;0;279.020002481324
-23.592619756;-46.446552636;783.3;21750;15.320754716981122;947.8207547169811;Line 100;0;279.020002481324
-23.592574581;-46.446842475;786.5;21720;15.299622641509425;947.7996226415095;Line 100;0;279.020002481324
-23.592529405;-46.447132315;789.1;21690;15.278490566037728;947.7784905660377;Line 100;0;279.020002481324
-23.592484229;-46.447422155;791.8;21660;15.257358490566029;947.757358490566;Line 100;0;279.020002481324
-23.592439052;-46.447711994;788.8;21630;15.236226415094333;947.7362264150943;Line 100;0;279.020002481324
-23.592393875;-46.448001833;783.5;21600;15.215094339622631;947.7150943396226;Line 100;0;279.020002481324
-23.592348697;-46.448291672;778.0;21570;15.193962264150935;947.693962264151;Line 100;0;279.020002481324
-23.592303518;-46.44858151;775.9;21540;15.172830188679239;947.6728301886792;Line 100;0;279.020002481324
-23.592258339;-46.448871349;774.6;21510;15.151698113207537;947.6516981132075;Line 100;0;279.020002481324
-23.59221316;-46.449161187;773.5;21480;15.130566037735841;947.6305660377359;Line 100;0;279.020002481324
-23.59216798;-46.449451025;777.5;21450;15.109433962264141;947.6094339622641;Line 100;0;279.020002481324
-23.592122799;-46.449740862;782.1;21420;15.088301886792443;947.5883018867925;Line 100;0;279.020002481324
-23.592077618;-46.4500307;787.0;21390;15.067169811320747;947.5671698113207;Line 100;0;279.020002481324
-23.592032437;-46.450320537;791.1;21360;15.046037735849048;947.546037735849;Line 100;0;279.020002481324
-23.591987255;-46.450610374;795.4;21330;15.02490566037735;947.5249056603774;Line 100;0;279.020002481324
-23.591942072;-46.450900211;799.5;21300;15.003773584905653;947.5037735849056;Line 100;0;279.020002481324
-23.591896889;-46.451190047;802.9;21270;14.982641509433954;947.482641509434;Line 100;0;279.020002481324
-23.591851705;-46.451479884;806.3;21240;14.961509433962256;947.4615094339623;Line 100;0;279.020002481324
-23.591806521;-46.45176972;809.5;21210;14.940377358490558;947.4403773584905;Line 100;0;279.020002481324
-23.591761336;-46.452059556;812.4;21180;14.91924528301886;947.4192452830189;Line 100;0;279.020002481324
-23.591716151;-46.452349391;815.4;21150;14.898113207547162;947.3981132075471;Line 100;0;279.020002481324
-23.591670965;-46.452639227;819.0;21120;14.876981132075462;947.3769811320755;Line 100;0;279.020002481324
-23.591625778;-46.452929062;822.3;21090;14.855849056603764;947.3558490566038;Line 100;0;279.020002481324
-23.591580591;-46.453218897;824.9;21060;14.834716981132068;947.334716981132;Line 100;0;279.020002481324
-23.591535404;-46.453508731;824.7;21030;14.813584905660369;947.3135849056604;Line 100;0;279.020002481324
-23.591490216;-46.453798566;822.9;21000;14.79245283018867;947.2924528301887;Line 100;0;279.020002481324
-23.591445027;-46.4540884;820.9;20970;14.771320754716973;947.271320754717;Line 100;0;279.020002481324
-23.591399838;-46.454378234;817.0;20940;14.750188679245275;947.2501886792453;Line 100;0;279.020002481324
-23.591354649;-46.454668068;812.5;20910;14.729056603773577;947.2290566037735;Line 100;0;279.020002481324
-23.591309459;-46.454957901;807.8;20880;14.707924528301879;947.2079245283019;Line 100;0;279.020002481324
-23.591264268;-46.455247735;804.4;20850;14.686792452830181;947.1867924528302;Line 100;0;279.020002481324
-23.591219077;-46.455537568;801.1;20820;14.665660377358481;947.1656603773584;Line 100;0;279.020002481324
-23.591173885;-46.455827401;797.7;20790;14.644528301886785;947.1445283018868;Line 100;0;279.020002481324
-23.591128693;-46.456117233;795.6;20760;14.623396226415087;947.1233962264151;Line 100;0;279.020002481324
-23.5910835;-46.456407066;794.0;20730;14.602264150943387;947.1022641509434;Line 100;0;279.020002481324
-23.591038307;-46.456696898;793.1;20700;14.58113207547169;947.0811320754717;Line 100;0;279.020002481324
-23.590993113;-46.45698673;793.9;20670;14.559999999999992;947.06;Line 100;0;279.020002481324
-23.590947919;-46.457276561;794.9;20640;14.538867924528294;947.0388679245283;Line 100;0;279.020002481324
-23.590902724;-46.457566393;795.0;20610;14.517735849056596;947.0177358490566;Line 100;0;279.020002481324
-23.590857528;-46.457856224;791.5;20580;14.496603773584898;946.9966037735849;Line 100;0;279.020002481324
-23.590812333;-46.458146055;787.7;20550;14.4754716981132;946.9754716981132;Line 100;0;279.020002481324
-23.590767136;-46.458435886;783.2;20520;14.4543396226415;946.9543396226416;Line 100;0;279.020002481324
-23.590721939;-46.458725716;778.7;20490;14.433207547169804;946.9332075471698;Line 100;0;279.020002481324
-23.590676742;-46.459015547;774.4;20460;14.412075471698106;946.9120754716981;Line 100;0;279.020002481324
-23.590631543;-46.459305377;774.2;20430;14.390943396226406;946.8909433962264;Line 100;0;279.020002481324
-23.590586345;-46.459595207;778.5;20400;14.369811320754708;946.8698113207547;Line 100;0;279.020002481324
-23.590541146;-46.459885036;782.7;20370;14.34867924528301;946.848679245283;Line 100;0;279.020002481324
-23.590495946;-46.460174866;788.2;20340;14.327547169811313;946.8275471698113;Line 100;0;279.020002481324
-23.590450746;-46.460464695;794.2;20310;14.306415094339615;946.8064150943396;Line 100;0;279.020002481324
-23.590405545;-46.460754524;799.8;20280;14.285283018867917;946.785283018868;Line 100;0;279.020002481324
-23.590360344;-46.461044353;804.3;20250;14.264150943396219;946.7641509433962;Line 100;0;279.020002481324
-23.590315142;-46.461334181;808.4;20220;14.243018867924519;946.7430188679245;Line 100;0;279.020002481324
-23.59026994;-46.461624009;812.2;20190;14.221886792452823;946.7218867924528;Line 100;0;279.020002481324
-23.590224737;-46.461913838;815.3;20160;14.200754716981125;946.7007547169811;Line 100;0;279.020002481324
-23.590179533;-46.462203665;818.4;20130;14.179622641509425;946.6796226415095;Line 100;0;279.020002481324
-23.59013433;-46.462493493;821.7;20100;14.158490566037727;946.6584905660377;Line 100;0;279.020002481324
-23.590089125;-46.46278332;822.2;20070;14.13735849056603;946.637358490566;Line 100;0;279.020002481324
-23.59004392;-46.463073147;823.0;20040;14.116226415094332;946.6162264150944;Line 100;0;279.020002481324
-23.589998715;-46.463362974;823.8;20010;14.095094339622634;946.5950943396226;Line 100;0;279.020002481324
-23.589953509;-46.463652801;822.1;19980;14.073962264150936;946.573962264151;Line 100;0;279.020002481324
-23.589908302;-46.463942627;820.7;19950;14.052830188679238;946.5528301886792;Line 100;0;279.020002481324
-23.589863095;-46.464232454;818.6;19920;14.03169811320754;946.5316981132075;Line 100;0;279.020002481324
-23.589817887;-46.46452228;813.5;19890;14.010566037735842;946.5105660377359;Line 100;0;279.020002481324
-23.589772679;-46.464812105;808.7;19860;13.989433962264144;946.4894339622641;Line 100;0;279.020002481324
-23.58972747;-46.465101931;804.3;19830;13.968301886792444;946.4683018867925;Line 100;0;279.020002481324
-23.589682261;-46.465391756;799.8;19800;13.947169811320746;946.4471698113207;Line 100;0;279.020002481324
-23.589637051;-46.465681581;795.1;19770;13.92603773584905;946.426037735849;Line 100;0;279.020002481324
-23.589591841;-46.465971406;791.0;19740;13.90490566037735;946.4049056603774;Line 100;0;279.020002481324
-23.58954663;-46.466261231;788.0;19710;13.883773584905652;946.3837735849056;Line 100;0;279.020002481324
-23.589501419;-46.466551055;785.0;19680;13.862641509433955;946.362641509434;Line 100;0;279.020002481324
-23.589456207;-46.466840879;787.4;19650;13.841509433962257;946.3415094339623;Line 100;0;279.020002481324
-23.589410995;-46.467130703;793.6;19620;13.820377358490559;946.3203773584905;Line 100;0;279.020002481324
-23.589365782;-46.467420527;800.2;19590;13.79924528301886;946.2992452830189;Line 100;0;279.020002481324
-23.589320568;-46.46771035;806.3;19560;13.778113207547163;946.2781132075471;Line 100;0;279.020002481324
-23.589275354;-46.468000173;812.2;19530;13.756981132075463;946.2569811320755;Line 100;0;279.020002481324
-23.589230139;-46.468289996;818.2;19500;13.735849056603765;946.2358490566038;Line 100;0;279.020002481324
-23.589184924;-46.468579819;817.4;19470;13.714716981132069;946.214716981132;Line 100;0;279.020002481324
-23.589139709;-46.468869642;815.2;19440;13.69358490566037;946.1935849056604;Line 100;0;279.020002481324
-23.589094493;-46.469159464;813.2;19410;13.672452830188671;946.1724528301887;Line 100;0;279.020002481324
-23.589049276;-46.469449286;811.2;19380;13.651320754716973;946.151320754717;Line 100;0;279.020002481324
-23.589004059;-46.469739108;809.4;19350;13.630188679245276;946.1301886792453;Line 100;0;279.020002481324
-23.588958841;-46.470028929;808.4;19320;13.609056603773578;946.1090566037735;Line 100;0;279.020002481324
-23.588913623;-46.470318751;810.9;19290;13.58792452830188;946.0879245283019;Line 100;0;279.020002481324
-23.588868404;-46.470608572;813.0;19260;13.566792452830182;946.0667924528302;Line 100;0;279.020002481324
-23.588823185;-46.470898393;814.0;19230;13.545660377358482;946.0456603773584;Line 100;0;279.020002481324
-23.588777965;-46.471188214;812.2;19200;13.524528301886786;946.0245283018868;Line 100;0;279.020002481324
-23.588732744;-46.471478034;810.2;19170;13.503396226415088;946.0033962264151;Line 100;0;279.020002481324
-23.588687523;-46.471767854;806.7;19140;13.482264150943388;945.9822641509434;Line 100;0;279.020002481324
-23.588642302;-46.472057674;800.6;19110;13.46113207547169;945.9611320754717;Line 100;0;279.020002481324
-23.58859708;-46.472347494;794.4;19080;13.439999999999992;945.9399999999999;Line 100;0;279.020002481324
-23.588551857;-46.472637314;789.5;19050;13.418867924528294;945.9188679245283;Line 100;0;279.020002481324
-23.588506634;-46.472927133;786.5;19020;13.397735849056597;945.8977358490566;Line 100;0;279.020002481324
-23.588461411;-46.473216952;783.8;18990;13.376603773584899;945.8766037735849;Line 100;0;279.020002481324
-23.588416187;-46.473506771;787.0;18960;13.3554716981132;945.8554716981132;Line 100;0;279.020002481324
-23.588370962;-46.47379659;794.4;18930;13.334339622641501;945.8343396226416;Line 100;0;279.020002481324
-23.588325737;-46.474086408;802.2;18900;13.313207547169805;945.8132075471698;Line 100;0;279.020002481324
-23.588280511;-46.474376226;805.6;18870;13.292075471698107;945.7920754716981;Line 100;0;279.020002481324
-23.588235285;-46.474666044;807.3;18840;13.270943396226407;945.7709433962264;Line 100;0;279.020002481324
-23.588190058;-46.474955862;809.1;18810;13.24981132075471;945.7498113207547;Line 100;0;279.020002481324
-23.588144831;-46.475245679;810.2;18780;13.228679245283011;945.728679245283;Line 100;0;279.020002481324
-23.588099603;-46.475535497;811.1;18750;13.207547169811313;945.7075471698113;Line 100;0;279.020002481324
-23.588054375;-46.475825314;812.0;18720;13.186415094339615;945.6864150943396;Line 100;0;279.020002481324
-23.588009146;-46.47611513;812.3;18690;13.165283018867918;945.665283018868;Line 100;0;279.020002481324
-23.587963916;-46.476404947;812.2;18660;13.14415094339622;945.6441509433962;Line 100;0;279.020002481324
-23.587918686;-46.476694763;812.0;18630;13.12301886792452;945.6230188679245;Line 100;0;279.020002481324
-23.587873456;-46.476984579;812.2;18600;13.101886792452824;945.6018867924528;Line 100;0;279.020002481324
-23.587828225;-46.477274395;812.3;18570;13.080754716981126;945.5807547169811;Line 100;0;279.020002481324
-23.587782993;-46.477564211;812.3;18540;13.059622641509426;945.5596226415095;Line 100;0;279.020002481324
-23.587737761;-46.477854026;812.5;18510;13.038490566037728;945.5384905660377;Line 100;0;279.020002481324
-23.587692529;-46.478143841;812.6;18480;13.01735849056603;945.517358490566;Line 100;0;279.020002481324
-23.587647296;-46.478433656;811.7;18450;12.996226415094332;945.4962264150944;Line 100;0;279.020002481324
-23.587602062;-46.478723471;809.1;18420;12.975094339622634;945.4750943396226;Line 100;0;279.020002481324
-23.587556828;-46.479013286;806.8;18390;12.953962264150936;945.453962264151;Line 100;0;279.020002481324
-23.587511593;-46.4793031;804.1;18360;12.932830188679239;945.4328301886792;Line 100;0;279.020002481324
-23.587466358;-46.479592914;800.0;18330;12.91169811320754;945.4116981132075;Line 100;0;279.020002481324
-23.587421122;-46.479882728;795.6;18300;12.890566037735843;945.3905660377359;Line 100;0;279.020002481324
-23.587375886;-46.480172541;789.3;18270;12.869433962264145;945.3694339622641;Line 100;0;279.020002481324
-23.587330649;-46.480462355;782.0;18240;12.848301886792445;945.3483018867925;Line 100;0;279.020002481324
-23.587285411;-46.480752168;775.1;18210;12.827169811320747;945.3271698113208;Line 100;0;279.020002481324
-23.587240173;-46.481041981;769.5;18180;12.806037735849051;945.306037735849;Line 100;0;279.020002481324
-23.587194935;-46.481331793;764.6;18150;12.784905660377351;945.2849056603774;Line 100;0;279.020002481324
-23.587149696;-46.481621606;760.0;18120;12.763773584905653;945.2637735849056;Line 100;0;279.020002481324
-23.587104456;-46.481911418;759.1;18090;12.742641509433955;945.242641509434;Line 100;0;279.020002481324
-23.587059216;-46.48220123;759.0;18060;12.721509433962256;945.2215094339623;Line 100;0;279.020002481324
-23.587013976;-46.482491042;759.1;18030;12.70037735849056;945.2003773584905;Line 100;0;279.020002481324
-23.586968735;-46.482780853;759.7;18000;12.679245283018862;945.1792452830189;Line 100;0;279.020002481324
-23.586923493;-46.483070664;760.3;17970;12.658113207547164;945.1581132075472;Line 100;0;279.020002481324
-23.586878251;-46.483360475;760.9;17940;12.636981132075464;945.1369811320754;Line 100;0;279.020002481324
-23.586833008;-46.483650286;760.0;17910;12.615849056603766;945.1158490566038;Line 100;0;279.020002481324
-23.586787765;-46.483940097;758.9;17880;12.59471698113207;945.094716981132;Line 100;0;279.020002481324
-23.586742521;-46.484229907;757.6;17850;12.57358490566037;945.0735849056604;Line 100;0;279.020002481324
-23.586697277;-46.484519717;755.9;17820;12.552452830188672;945.0524528301887;Line 100;0;279.020002481324
-23.586652032;-46.484809527;754.4;17790;12.531320754716974;945.031320754717;Line 100;0;279.020002481324
-23.586606787;-46.485099337;754.2;17760;12.510188679245275;945.0101886792453;Line 100;0;279.020002481324
-23.586561541;-46.485389146;755.9;17730;12.489056603773578;944.9890566037736;Line 100;0;279.020002481324
-23.586516294;-46.485678955;758.0;17700;12.46792452830188;944.9679245283019;Line 100;0;279.020002481324
-23.586471047;-46.485968764;760.5;17670;12.446792452830183;944.9467924528302;Line 100;0;279.020002481324
-23.5864258;-46.486258573;763.3;17640;12.425660377358483;944.9256603773584;Line 100;0;279.020002481324
-23.586380552;-46.486548382;766.2;17610;12.404528301886785;944.9045283018868;Line 100;0;279.020002481324
-23.586335303;-46.48683819;766.4;17580;12.383396226415089;944.8833962264151;Line 100;0;279.020002481324
-23.586290054;-46.487127998;764.6;17550;12.362264150943389;944.8622641509434;Line 100;0;279.020002481324
-23.586244805;-46.487417806;762.4;17520;12.341132075471691;944.8411320754717;Line 100;0;279.020002481324
-23.586199554;-46.487707613;760.2;17490;12.319999999999993;944.8199999999999;Line 100;0;279.020002481324
-23.586154304;-46.487997421;757.8;17460;12.298867924528295;944.7988679245283;Line 100;0;279.020002481324
-23.586109053;-46.488287228;755.1;17430;12.277735849056597;944.7777358490566;Line 100;0;279.020002481324
-23.586063801;-46.488577035;754.5;17400;12.2566037735849;944.7566037735849;Line 100;0;279.020002481324
-23.586018549;-46.488866842;754.2;17370;12.2354716981132;944.7354716981132;Line 100;0;279.020002481324
-23.585973296;-46.489156648;753.7;17340;12.214339622641502;944.7143396226415;Line 100;0;279.020002481324
-23.585928042;-46.489446454;756.1;17310;12.193207547169806;944.6932075471698;Line 100;0;279.020002481324
-23.585882789;-46.48973626;758.7;17280;12.172075471698108;944.6720754716981;Line 100;0;279.020002481324
-23.585837534;-46.490026066;761.1;17250;12.150943396226408;944.6509433962264;Line 100;0;279.020002481324
-23.585792279;-46.490315871;761.9;17220;12.12981132075471;944.6298113207547;Line 100;0;279.020002481324
-23.585747024;-46.490605677;762.7;17190;12.108679245283012;944.608679245283;Line 100;0;279.020002481324
-23.585701768;-46.490895482;763.3;17160;12.087547169811314;944.5875471698113;Line 100;0;279.020002481324
-23.585656511;-46.491185287;763.5;17130;12.066415094339616;944.5664150943396;Line 100;0;279.020002481324
-23.585611254;-46.491475091;763.6;17100;12.045283018867918;944.545283018868;Line 100;0;279.020002481324
-23.585565997;-46.491764896;762.7;17070;12.024150943396219;944.5241509433962;Line 100;0;279.020002481324
-23.585520739;-46.4920547;759.6;17040;12.00301886792452;944.5030188679245;Line 100;0;279.020002481324
-23.58547548;-46.492344504;756.4;17010;11.981886792452825;944.4818867924528;Line 100;0;279.020002481324
-23.585430221;-46.492634307;754.5;16980;11.960754716981127;944.4607547169811;Line 100;0;279.020002481324
-23.585384961;-46.492924111;754.2;16950;11.939622641509427;944.4396226415095;Line 100;0;279.020002481324
-23.585339701;-46.493213914;754.0;16920;11.918490566037729;944.4184905660377;Line 100;0;279.020002481324
-23.58529444;-46.493503717;756.5;16890;11.897358490566031;944.397358490566;Line 100;0;279.020002481324
-23.585249179;-46.49379352;760.8;16860;11.876226415094333;944.3762264150944;Line 100;0;279.020002481324
-23.585203917;-46.494083322;765.0;16830;11.855094339622635;944.3550943396226;Line 100;0;279.020002481324
-23.585158655;-46.494373125;768.3;16800;11.833962264150937;944.333962264151;Line 100;0;279.020002481324
-23.585113392;-46.494662927;771.1;16770;11.812830188679238;944.3128301886792;Line 100;0;279.020002481324
-23.585068128;-46.494952729;773.9;16740;11.79169811320754;944.2916981132075;Line 100;0;279.020002481324
-23.585022864;-46.49524253;776.4;16710;11.770566037735843;944.2705660377359;Line 100;0;279.020002481324
-23.5849776;-46.495532332;779.0;16680;11.749433962264145;944.2494339622641;Line 100;0;279.020002481324
-23.584932335;-46.495822133;781.5;16650;11.728301886792446;944.2283018867925;Line 100;0;279.020002481324
-23.584887069;-46.496111934;782.4;16620;11.707169811320748;944.2071698113208;Line 100;0;279.020002481324
-23.584841803;-46.496401734;783.2;16590;11.686037735849052;944.186037735849;Line 100;0;279.020002481324
-23.584796537;-46.496691535;784.1;16560;11.664905660377352;944.1649056603774;Line 100;0;279.020002481324
-23.58475127;-46.496981335;785.0;16530;11.643773584905654;944.1437735849056;Line 100;0;279.020002481324
-23.584706002;-46.497271135;785.7;16500;11.622641509433956;944.122641509434;Line 100;0;279.020002481324
-23.584660734;-46.497560935;786.3;16470;11.601509433962256;944.1015094339623;Line 100;0;279.020002481324
-23.584615465;-46.497850734;786.8;16440;11.58037735849056;944.0803773584905;Line 100;0;279.020002481324
-23.584570196;-46.498140534;787.3;16410;11.559245283018862;944.0592452830189;Line 100;0;279.020002481324
-23.584524926;-46.498430333;787.9;16380;11.538113207547163;944.0381132075472;Line 100;0;279.020002481324
-23.584479656;-46.498720131;789.1;16350;11.516981132075465;944.0169811320754;Line 100;0;279.020002481324
-23.584434385;-46.49900993;790.7;16320;11.495849056603767;943.9958490566038;Line 100;0;279.020002481324
-23.584389113;-46.499299728;793.0;16290;11.47471698113207;943.974716981132;Line 100;0;279.020002481324
-23.584343841;-46.499589527;796.0;16260;11.453584905660371;943.9535849056604;Line 100;0;279.020002481324
-23.584298569;-46.499879325;799.3;16230;11.432452830188673;943.9324528301887;Line 100;0;279.020002481324
-23.584253296;-46.500169122;798.9;16200;11.411320754716975;943.9113207547169;Line 100;0;279.020002481324
-23.584208022;-46.50045892;795.2;16170;11.390188679245275;943.8901886792453;Line 100;0;279.020002481324
-23.584162748;-46.500748717;791.2;16140;11.36905660377358;943.8690566037736;Line 100;0;279.020002481324
-23.584117474;-46.501038514;788.0;16110;11.347924528301881;943.8479245283019;Line 100;0;279.020002481324
-23.584072199;-46.501328311;785.4;16080;11.326792452830182;943.8267924528302;Line 100;0;279.020002481324
-23.584026923;-46.501618107;782.7;16050;11.305660377358484;943.8056603773584;Line 100;0;279.020002481324
-23.583981647;-46.501907904;779.2;16020;11.284528301886786;943.7845283018868;Line 100;0;279.020002481324
-23.58393637;-46.5021977;775.3;15990;11.26339622641509;943.7633962264151;Line 100;0;279.020002481324
-23.583891093;-46.502487496;771.2;15960;11.24226415094339;943.7422641509434;Line 100;0;279.020002481324
-23.583845815;-46.502777291;766.9;15930;11.221132075471692;943.7211320754717;Line 100;0;279.020002481324
-23.583800537;-46.503067087;762.8;15900;11.199999999999994;943.7;Line 100;0;279.020002481324
-23.583755258;-46.503356882;758.9;15870;11.178867924528294;943.6788679245283;Line 100;0;279.020002481324
-23.583709979;-46.503646677;757.1;15840;11.157735849056598;943.6577358490566;Line 100;0;279.020002481324
-23.583664699;-46.503936471;755.5;15810;11.1366037735849;943.6366037735849;Line 100;0;279.020002481324
-23.583619419;-46.504226266;754.9;15780;11.1154716981132;943.6154716981132;Line 100;0;279.020002481324
-23.583574138;-46.50451606;757.3;15750;11.094339622641503;943.5943396226415;Line 100;0;279.020002481324
-23.583528856;-46.504805854;759.6;15720;11.073207547169806;943.5732075471698;Line 100;0;279.020002481324
-23.583483574;-46.505095648;762.0;15690;11.052075471698107;943.5520754716981;Line 100;0;279.020002481324
-23.583438292;-46.505385441;765.0;15660;11.030943396226409;943.5309433962265;Line 100;0;279.020002481324
-23.583393009;-46.505675235;767.9;15630;11.00981132075471;943.5098113207547;Line 100;0;279.020002481324
-23.583347725;-46.505965028;769.2;15600;10.988679245283013;943.488679245283;Line 100;0;279.020002481324
-23.583302441;-46.506254821;768.9;15570;10.967547169811315;943.4675471698113;Line 100;0;279.020002481324
-23.583257156;-46.506544613;768.8;15540;10.946415094339617;943.4464150943396;Line 100;0;279.020002481324
-23.583211871;-46.506834406;768.9;15510;10.925283018867919;943.425283018868;Line 100;0;279.020002481324
-23.583166585;-46.507124198;769.3;15480;10.90415094339622;943.4041509433962;Line 100;0;279.020002481324
-23.583121299;-46.50741399;769.6;15450;10.883018867924521;943.3830188679245;Line 100;0;279.020002481324
-23.583076012;-46.507703781;770.4;15420;10.861886792452825;943.3618867924529;Line 100;0;279.020002481324
-23.583030725;-46.507993573;771.5;15390;10.840754716981126;943.3407547169811;Line 100;0;279.020002481324
-23.582985437;-46.508283364;772.6;15360;10.819622641509428;943.3196226415095;Line 100;0;279.020002481324
-23.582940149;-46.508573155;774.5;15330;10.79849056603773;943.2984905660377;Line 100;0;279.020002481324
-23.58289486;-46.508862946;776.6;15300;10.777358490566032;943.277358490566;Line 100;0;279.020002481324
-23.58284957;-46.509152736;778.6;15270;10.756226415094334;943.2562264150944;Line 100;0;279.020002481324
-23.58280428;-46.509442527;781.0;15240;10.735094339622636;943.2350943396226;Line 100;0;279.020002481324
-23.58275899;-46.509732317;783.4;15210;10.713962264150938;943.213962264151;Line 100;0;279.020002481324
-23.582713699;-46.510022107;785.8;15180;10.692830188679238;943.1928301886792;Line 100;0;279.020002481324
-23.582668407;-46.510311896;789.5;15150;10.67169811320754;943.1716981132075;Line 100;0;279.020002481324
-23.582623115;-46.510601686;793.1;15120;10.650566037735844;943.1505660377359;Line 100;0;279.020002481324
-23.582577823;-46.510891475;796.0;15090;10.629433962264144;943.1294339622641;Line 100;0;279.020002481324
-23.58253253;-46.511181264;795.7;15060;10.608301886792447;943.1083018867924;Line 100;0;279.020002481324
-23.582487236;-46.511471052;795.2;15030;10.587169811320749;943.0871698113208;Line 100;0;279.020002481324
-23.582441942;-46.511760841;794.6;15000;10.56603773584905;943.066037735849;Line 100;0;279.020002481324
-23.582396647;-46.512050629;793.6;14970;10.544905660377353;943.0449056603774;Line 100;0;279.020002481324
-23.582351352;-46.512340417;792.5;14940;10.523773584905655;943.0237735849057;Line 100;0;279.020002481324
-23.582306056;-46.512630205;790.6;14910;10.502641509433957;943.0026415094339;Line 100;0;279.020002481324
-23.582260759;-46.512919993;788.2;14880;10.481509433962257;942.9815094339623;Line 100;0;279.020002481324
-23.582215463;-46.51320978;785.7;14850;10.460377358490561;942.9603773584905;Line 100;0;279.020002481324
-23.582170165;-46.513499567;783.1;14820;10.439245283018863;942.9392452830189;Line 100;0;279.020002481324
-23.582124867;-46.513789354;780.5;14790;10.418113207547163;942.9181132075472;Line 100;0;279.020002481324
-23.582079569;-46.51407914;778.0;14760;10.396981132075465;942.8969811320754;Line 100;0;279.020002481324
-23.58203427;-46.514368927;775.4;14730;10.375849056603768;942.8758490566038;Line 100;0;279.020002481324
-23.58198897;-46.514658713;772.9;14700;10.35471698113207;942.854716981132;Line 100;0;279.020002481324
-23.58194367;-46.514948499;770.7;14670;10.333584905660372;942.8335849056604;Line 100;0;279.020002481324
-23.58189837;-46.515238285;771.2;14640;10.312452830188674;942.8124528301887;Line 100;0;279.020002481324
-23.581853069;-46.51552807;772.5;14610;10.291320754716976;942.7913207547169;Line 100;0;279.020002481324
-23.581807767;-46.515817855;774.1;14580;10.270188679245276;942.7701886792453;Line 100;0;279.020002481324
-23.581762465;-46.51610764;777.1;14550;10.24905660377358;942.7490566037736;Line 100;0;279.020002481324
-23.581717162;-46.516397425;780.2;14520;10.227924528301882;942.7279245283019;Line 100;0;279.020002481324
-23.581671859;-46.51668721;783.1;14490;10.206792452830182;942.7067924528302;Line 100;0;279.020002481324
-23.581626555;-46.516976994;785.5;14460;10.185660377358484;942.6856603773584;Line 100;0;279.020002481324
-23.581581251;-46.517266778;787.9;14430;10.164528301886786;942.6645283018868;Line 100;0;279.020002481324
-23.581535946;-46.517556562;790.4;14400;10.143396226415089;942.6433962264151;Line 100;0;279.020002481324
-23.581490641;-46.517846346;792.4;14370;10.12226415094339;942.6222641509434;Line 100;0;279.020002481324
-23.581445335;-46.518136129;794.3;14340;10.101132075471693;942.6011320754717;Line 100;0;279.020002481324
-23.581400028;-46.518425912;795.7;14310;10.079999999999995;942.58;Line 100;0;279.020002481324
-23.581354721;-46.518715695;796.1;14280;10.058867924528295;942.5588679245283;Line 100;0;279.020002481324
-23.581309414;-46.519005478;796.4;14250;10.037735849056599;942.5377358490566;Line 100;0;279.020002481324
-23.581264106;-46.51929526;795.6;14220;10.016603773584901;942.5166037735848;Line 100;0;279.020002481324
-23.581218797;-46.519585042;793.7;14190;9.995471698113201;942.4954716981132;Line 100;0;279.020002481324
-23.581173488;-46.519874824;791.7;14160;9.974339622641503;942.4743396226415;Line 100;0;279.020002481324
-23.581128179;-46.520164606;788.8;14130;9.953207547169805;942.4532075471698;Line 100;0;279.020002481324
-23.581082868;-46.520454388;785.3;14100;9.932075471698107;942.4320754716981;Line 100;0;279.020002481324
-23.581037558;-46.520744169;781.8;14070;9.91094339622641;942.4109433962265;Line 100;0;279.020002481324
-23.580992247;-46.52103395;778.5;14040;9.889811320754712;942.3898113207547;Line 100;0;279.020002481324
-23.580946935;-46.521323731;775.3;14010;9.868679245283014;942.368679245283;Line 100;0;279.020002481324
-23.580901623;-46.521613512;772.0;13980;9.847547169811316;942.3475471698113;Line 100;0;279.020002481324
-23.58085631;-46.521903292;769.7;13950;9.826415094339618;942.3264150943396;Line 100;0;279.020002481324
-23.580810997;-46.522193072;767.7;13920;9.80528301886792;942.305283018868;Line 100;0;279.020002481324
-23.580765683;-46.522482852;765.7;13890;9.78415094339622;942.2841509433962;Line 100;0;279.020002481324
-23.580720368;-46.522772632;764.0;13860;9.763018867924522;942.2630188679245;Line 100;0;279.020002481324
-23.580675053;-46.523062411;762.6;13830;9.741886792452826;942.2418867924529;Line 100;0;279.020002481324
-23.580629738;-46.523352191;761.6;13800;9.720754716981126;942.2207547169811;Line 100;0;279.020002481324
-23.580584422;-46.52364197;763.6;13770;9.699622641509428;942.1996226415094;Line 100;0;279.020002481324
-23.580539105;-46.523931748;765.5;13740;9.67849056603773;942.1784905660377;Line 100;0;279.020002481324
-23.580493788;-46.524221527;767.7;13710;9.657358490566033;942.157358490566;Line 100;0;279.020002481324
-23.580448471;-46.524511305;770.2;13680;9.636226415094335;942.1362264150944;Line 100;0;279.020002481324
-23.580403153;-46.524801083;772.9;13650;9.615094339622637;942.1150943396226;Line 100;0;279.020002481324
-23.580357834;-46.525090861;775.6;13620;9.593962264150939;942.093962264151;Line 100;0;279.020002481324
-23.580312515;-46.525380639;778.1;13590;9.572830188679239;942.0728301886793;Line 100;0;279.020002481324
-23.580267195;-46.525670416;780.5;13560;9.551698113207541;942.0516981132075;Line 100;0;279.020002481324
-23.580221875;-46.525960193;783.1;13530;9.530566037735845;942.0305660377359;Line 100;0;279.020002481324
-23.580176554;-46.52624997;786.1;13500;9.509433962264145;942.0094339622641;Line 100;0;279.020002481324
-23.580131233;-46.526539747;789.0;13470;9.488301886792447;941.9883018867924;Line 100;0;279.020002481324
-23.580085911;-46.526829523;792.0;13440;9.46716981132075;941.9671698113208;Line 100;0;279.020002481324
-23.580040589;-46.5271193;795.3;13410;9.446037735849051;941.946037735849;Line 100;0;279.020002481324
-23.579995266;-46.527409076;798.9;13380;9.424905660377354;941.9249056603774;Line 100;0;279.020002481324
-23.579949943;-46.527698851;800.3;13350;9.403773584905656;941.9037735849057;Line 100;0;279.020002481324
-23.579904619;-46.527988627;800.8;13320;9.382641509433958;941.8826415094339;Line 100;0;279.020002481324
-23.579859294;-46.528278402;801.4;13290;9.361509433962258;941.8615094339623;Line 100;0;279.020002481324
-23.579813969;-46.528568177;801.0;13260;9.34037735849056;941.8403773584905;Line 100;0;279.020002481324
-23.579768644;-46.528857952;800.3;13230;9.319245283018864;941.8192452830189;Line 100;0;279.020002481324
-23.579723318;-46.529147727;799.7;13200;9.298113207547164;941.7981132075472;Line 100;0;279.020002481324
-23.579677991;-46.529437501;799.6;13170;9.276981132075466;941.7769811320754;Line 100;0;279.020002481324
-23.579632664;-46.529727275;799.4;13140;9.255849056603768;941.7558490566038;Line 100;0;279.020002481324
-23.579587336;-46.530017049;799.1;13110;9.23471698113207;941.7347169811321;Line 100;0;279.020002481324
-23.579542008;-46.530306823;799.8;13080;9.213584905660372;941.7135849056604;Line 100;0;279.020002481324
-23.579496679;-46.530596596;800.4;13050;9.192452830188675;941.6924528301887;Line 100;0;279.020002481324
-23.57945135;-46.53088637;801.3;13020;9.171320754716977;941.6713207547169;Line 100;0;279.020002481324
-23.57940602;-46.531176143;804.1;12990;9.150188679245277;941.6501886792453;Line 100;0;279.020002481324
-23.57936069;-46.531465915;807.0;12960;9.12905660377358;941.6290566037736;Line 100;0;279.020002481324
-23.579315359;-46.531755688;810.1;12930;9.107924528301883;941.6079245283019;Line 100;0;279.020002481324
-23.579270028;-46.53204546;813.2;12900;9.086792452830183;941.5867924528302;Line 100;0;279.020002481324
-23.579224696;-46.532335232;816.2;12870;9.065660377358485;941.5656603773585;Line 100;0;279.020002481324
-23.579179364;-46.532625004;818.9;12840;9.044528301886787;941.5445283018868;Line 100;0;279.020002481324
-23.579134031;-46.532914776;820.6;12810;9.02339622641509;941.5233962264151;Line 100;0;279.020002481324
-23.579088697;-46.533204547;822.4;12780;9.002264150943391;941.5022641509433;Line 100;0;279.020002481324
-23.579043363;-46.533494318;824.7;12750;8.981132075471693;941.4811320754717;Line 100;0;279.020002481324
-23.578998029;-46.533784089;827.1;12720;8.959999999999996;941.46;Line 100;0;279.020002481324
-23.578952694;-46.53407386;829.6;12690;8.938867924528296;941.4388679245283;Line 100;0;279.020002481324
-23.578907358;-46.53436363;829.6;12660;8.9177358490566;941.4177358490566;Line 100;0;279.020002481324
-23.578862022;-46.5346534;828.5;12630;8.896603773584902;941.396603773585;Line 100;0;279.020002481324
-23.578816685;-46.53494317;827.5;12600;8.875471698113202;941.3754716981132;Line 100;0;279.020002481324
-23.578771348;-46.53523294;825.7;12570;8.854339622641504;941.3543396226415;Line 100;0;279.020002481324
-23.57872601;-46.53552271;823.7;12540;8.833207547169806;941.3332075471698;Line 100;0;279.020002481324
-23.578680672;-46.535812479;821.8;12510;8.812075471698108;941.3120754716981;Line 100;0;279.020002481324
-23.578635333;-46.536102248;818.8;12480;8.79094339622641;941.2909433962265;Line 100;0;279.020002481324
-23.578589994;-46.536392017;815.7;12450;8.769811320754712;941.2698113207547;Line 100;0;279.020002481324
-23.578544654;-46.536681785;812.6;12420;8.748679245283013;941.248679245283;Line 100;0;279.020002481324
-23.578499314;-46.536971554;809.2;12390;8.727547169811315;941.2275471698113;Line 100;0;279.020002481324
-23.578453973;-46.537261322;805.9;12360;8.706415094339619;941.2064150943396;Line 100;0;279.020002481324
-23.578408631;-46.53755109;802.7;12330;8.68528301886792;941.185283018868;Line 100;0;279.020002481324
-23.578363289;-46.537840858;799.8;12300;8.664150943396221;941.1641509433962;Line 100;0;279.020002481324
-23.578317947;-46.538130625;796.9;12270;8.643018867924523;941.1430188679245;Line 100;0;279.020002481324
-23.578272604;-46.538420392;794.4;12240;8.621886792452827;941.1218867924529;Line 100;0;279.020002481324
-23.57822726;-46.538710159;793.1;12210;8.600754716981127;941.1007547169811;Line 100;0;279.020002481324
-23.578181916;-46.538999926;791.7;12180;8.57962264150943;941.0796226415094;Line 100;0;279.020002481324
-23.578136572;-46.539289692;791.6;12150;8.558490566037731;941.0584905660377;Line 100;0;279.020002481324
-23.578091226;-46.539579459;793.2;12120;8.537358490566032;941.037358490566;Line 100;0;279.020002481324
-23.578045881;-46.539869225;794.4;12090;8.516226415094335;941.0162264150944;Line 100;0;279.020002481324
-23.578000535;-46.540158991;795.4;12060;8.495094339622637;940.9950943396226;Line 100;0;279.020002481324
-23.577955188;-46.540448756;796.4;12030;8.47396226415094;940.9739622641509;Line 100;0;279.020002481324
-23.577909841;-46.540738522;797.4;12000;8.45283018867924;940.9528301886793;Line 100;0;279.020002481324
-23.577864493;-46.541028287;797.5;11970;8.431698113207542;940.9316981132075;Line 100;0;279.020002481324
-23.577819144;-46.541318052;797.5;11940;8.410566037735846;940.9105660377359;Line 100;0;279.020002481324
-23.577773796;-46.541607816;797.9;11910;8.389433962264146;940.8894339622641;Line 100;0;279.020002481324
-23.577728446;-46.541897581;797.2;11880;8.368301886792448;940.8683018867924;Line 100;0;279.020002481324
-23.577683096;-46.542187345;796.1;11850;8.34716981132075;940.8471698113208;Line 100;0;279.020002481324
-23.577637746;-46.542477109;794.9;11820;8.32603773584905;940.826037735849;Line 100;0;279.020002481324
-23.577592395;-46.542766873;792.6;11790;8.304905660377354;940.8049056603774;Line 100;0;279.020002481324
-23.577547043;-46.543056636;789.9;11760;8.283773584905656;940.7837735849057;Line 100;0;279.020002481324
-23.577501691;-46.543346399;787.0;11730;8.262641509433958;940.7626415094339;Line 100;0;279.020002481324
-23.577456339;-46.543636162;786.5;11700;8.241509433962259;940.7415094339623;Line 100;0;279.020002481324
-23.577410986;-46.543925925;785.8;11670;8.22037735849056;940.7203773584905;Line 100;0;279.020002481324
-23.577365632;-46.544215688;785.1;11640;8.199245283018865;940.6992452830189;Line 100;0;279.020002481324
-23.577320278;-46.54450545;785.3;11610;8.178113207547165;940.6781132075472;Line 100;0;279.020002481324
-23.577274923;-46.544795212;785.3;11580;8.156981132075467;940.6569811320754;Line 100;0;279.020002481324
-23.577229568;-46.545084974;785.6;11550;8.13584905660377;940.6358490566038;Line 100;0;279.020002481324
-23.577184212;-46.545374736;787.1;11520;8.11471698113207;940.6147169811321;Line 100;0;279.020002481324
-23.577138856;-46.545664497;788.7;11490;8.093584905660373;940.5935849056604;Line 100;0;279.020002481324
-23.577093499;-46.545954258;790.1;11460;8.072452830188675;940.5724528301887;Line 100;0;279.020002481324
-23.577048142;-46.546244019;791.0;11430;8.051320754716976;940.5513207547169;Line 100;0;279.020002481324
-23.577002784;-46.54653378;791.9;11400;8.030188679245278;940.5301886792453;Line 100;0;279.020002481324
-23.576957425;-46.546823541;791.3;11370;8.009056603773582;940.5090566037736;Line 100;0;279.020002481324
-23.576912066;-46.547113301;789.5;11340;7.987924528301883;940.4879245283018;Line 100;0;279.020002481324
-23.576866707;-46.547403061;787.7;11310;7.966792452830185;940.4667924528302;Line 100;0;279.020002481324
-23.576821347;-46.547692821;786.7;11280;7.945660377358486;940.4456603773585;Line 100;0;279.020002481324
-23.576775986;-46.54798258;786.2;11250;7.924528301886787;940.4245283018868;Line 100;0;279.020002481324
-23.576730625;-46.54827234;785.5;11220;7.903396226415091;940.4033962264151;Line 100;0;279.020002481324
-23.576685264;-46.548562099;786.7;11190;7.882264150943392;940.3822641509433;Line 100;0;279.020002481324
-23.576639902;-46.548851858;788.7;11160;7.861132075471693;940.3611320754717;Line 100;0;279.020002481324
-23.576594539;-46.549141616;790.9;11130;7.839999999999995;940.34;Line 100;0;279.020002481324
-23.576549176;-46.549431375;792.2;11100;7.818867924528297;940.3188679245283;Line 100;0;279.020002481324
-23.576503812;-46.549721133;793.5;11070;7.7977358490566;940.2977358490566;Line 100;0;279.020002481324
-23.576458448;-46.550010891;794.7;11040;7.776603773584902;940.276603773585;Line 100;0;279.020002481324
-23.576413083;-46.550300648;793.7;11010;7.755471698113203;940.2554716981132;Line 100;0;279.020002481324
-23.576367718;-46.550590406;792.8;10980;7.734339622641505;940.2343396226415;Line 100;0;279.020002481324
-23.576322352;-46.550880163;792.2;10950;7.713207547169806;940.2132075471698;Line 100;0;279.020002481324
-23.576276985;-46.55116992;793.3;10920;7.69207547169811;940.1920754716981;Line 100;0;279.020002481324
-23.576231619;-46.551459677;794.5;10890;7.670943396226411;940.1709433962264;Line 100;0;279.020002481324
-23.576186251;-46.551749434;794.9;10860;7.649811320754712;940.1498113207547;Line 100;0;279.020002481324
-23.576140883;-46.55203919;793.4;10830;7.628679245283014;940.128679245283;Line 100;0;279.020002481324
-23.576095515;-46.552328946;791.9;10800;7.6075471698113155;940.1075471698114;Line 100;0;279.020002481324
-23.576050146;-46.552618702;791.3;10770;7.586415094339619;940.0864150943396;Line 100;0;279.020002481324
-23.576004776;-46.552908457;791.9;10740;7.5652830188679205;940.065283018868;Line 100;0;279.020002481324
-23.575959406;-46.553198213;792.7;10710;7.544150943396222;940.0441509433962;Line 100;0;279.020002481324
-23.575914035;-46.553487968;792.1;10680;7.523018867924524;940.0230188679245;Line 100;0;279.020002481324
-23.575868664;-46.553777723;790.5;10650;7.501886792452827;940.0018867924529;Line 100;0;279.020002481324
-23.575823293;-46.554067478;788.8;10620;7.480754716981128;939.9807547169811;Line 100;0;279.020002481324
-23.57577792;-46.554357232;788.4;10590;7.45962264150943;939.9596226415094;Line 100;0;279.020002481324
-23.575732548;-46.554646986;788.7;10560;7.438490566037731;939.9384905660378;Line 100;0;279.020002481324
-23.575687174;-46.55493674;788.9;10530;7.417358490566034;939.917358490566;Line 100;0;279.020002481324
-23.575641801;-46.555226494;788.9;10500;7.396226415094335;939.8962264150944;Line 100;0;279.020002481324
-23.575596426;-46.555516248;788.8;10470;7.375094339622637;939.8750943396226;Line 100;0;279.020002481324
-23.575551051;-46.555806001;788.7;10440;7.3539622641509395;939.8539622641509;Line 100;0;279.020002481324
-23.575505676;-46.556095754;788.0;10410;7.332830188679241;939.8328301886793;Line 100;0;279.020002481324
-23.5754603;-46.556385507;787.2;10380;7.311698113207544;939.8116981132075;Line 100;0;279.020002481324
-23.575414924;-46.55667526;786.5;10350;7.290566037735845;939.7905660377359;Line 100;0;279.020002481324
-23.575369547;-46.556965012;787.0;10320;7.269433962264147;939.7694339622642;Line 100;0;279.020002481324
-23.575324169;-46.557254764;787.5;10290;7.248301886792449;939.7483018867924;Line 100;0;279.020002481324
-23.575278791;-46.557544516;788.1;10260;7.22716981132075;939.7271698113208;Line 100;0;279.020002481324
-23.575233413;-46.557834268;788.9;10230;7.206037735849053;939.706037735849;Line 100;0;279.020002481324
-23.575188034;-46.558124019;789.8;10200;7.184905660377354;939.6849056603774;Line 100;0;279.020002481324
-23.575142654;-46.55841377;790.6;10170;7.163773584905656;939.6637735849057;Line 100;0;279.020002481324
-23.575097274;-46.558703521;791.1;10140;7.142641509433958;939.6426415094339;Line 100;0;279.020002481324
-23.575051893;-46.558993272;791.6;10110;7.1215094339622595;939.6215094339623;Line 100;0;279.020002481324
-23.575006512;-46.559283023;791.4;10080;7.1003773584905625;939.6003773584906;Line 100;0;279.020002481324
-23.57496113;-46.559572773;790.3;10050;7.079245283018864;939.5792452830188;Line 100;0;279.020002481324
-23.574915748;-46.559862523;789.5;10020;7.058113207547166;939.5581132075472;Line 100;0;279.020002481324
-23.574870365;-46.560152273;789.4;9990;7.036981132075468;939.5369811320754;Line 100;0;279.020002481324
-23.574824982;-46.560442022;790.0;9960;7.01584905660377;939.5158490566038;Line 100;0;279.020002481324
-23.574779598;-46.560731772;790.6;9930;6.994716981132072;939.4947169811321;Line 100;0;279.020002481324
-23.574734213;-46.561021521;790.6;9900;6.973584905660373;939.4735849056603;Line 100;0;279.020002481324
-23.574688828;-46.56131127;790.2;9870;6.952452830188675;939.4524528301887;Line 100;0;279.020002481324
-23.574643443;-46.561601019;789.6;9840;6.931320754716977;939.4313207547169;Line 100;0;279.020002481324
-23.574598057;-46.561890767;790.0;9810;6.910188679245279;939.4101886792453;Line 100;0;279.020002481324
-23.574552671;-46.562180515;790.6;9780;6.889056603773581;939.3890566037736;Line 100;0;279.020002481324
-23.574507283;-46.562470263;791.3;9750;6.867924528301883;939.3679245283018;Line 100;0;279.020002481324
-23.574461896;-46.562760011;793.8;9720;6.846792452830185;939.3467924528302;Line 100;0;279.020002481324
-23.574416508;-46.563049758;796.5;9690;6.825660377358487;939.3256603773585;Line 100;0;279.020002481324
-23.574371119;-46.563339506;799.1;9660;6.804528301886789;939.3045283018868;Line 100;0;279.020002481324
-23.57432573;-46.563629253;800.4;9630;6.783396226415091;939.2833962264151;Line 100;0;279.020002481324
-23.57428034;-46.563919;801.6;9600;6.762264150943393;939.2622641509433;Line 100;0;279.020002481324
-23.57423495;-46.564208746;802.6;9570;6.741132075471694;939.2411320754717;Line 100;0;279.020002481324
-23.574189559;-46.564498492;803.2;9540;6.719999999999996;939.22;Line 100;0;279.020002481324
-23.574144168;-46.564788239;803.8;9510;6.698867924528298;939.1988679245283;Line 100;0;279.020002481324
-23.574098776;-46.565077984;804.2;9480;6.6777358490566;939.1777358490566;Line 100;0;279.020002481324
-23.574053384;-46.56536773;804.3;9450;6.656603773584902;939.156603773585;Line 100;0;279.020002481324
-23.574007991;-46.565657476;804.3;9420;6.635471698113204;939.1354716981132;Line 100;0;279.020002481324
-23.573962598;-46.565947221;803.8;9390;6.614339622641506;939.1143396226415;Line 100;0;279.020002481324
-23.573917204;-46.566236966;802.8;9360;6.593207547169808;939.0932075471698;Line 100;0;279.020002481324
-23.573871809;-46.56652671;801.5;9330;6.57207547169811;939.0720754716981;Line 100;0;279.020002481324
-23.573826414;-46.566816455;799.7;9300;6.550943396226412;939.0509433962264;Line 100;0;279.020002481324
-23.573781019;-46.567106199;797.6;9270;6.529811320754713;939.0298113207547;Line 100;0;279.020002481324
-23.573735623;-46.567395943;795.7;9240;6.508679245283015;939.008679245283;Line 100;0;279.020002481324
-23.573690226;-46.567685687;794.6;9210;6.487547169811317;938.9875471698114;Line 100;0;279.020002481324
-23.573644829;-46.567975431;794.0;9180;6.466415094339619;938.9664150943396;Line 100;0;279.020002481324
-23.573599431;-46.568265174;793.6;9150;6.445283018867921;938.9452830188679;Line 100;0;279.020002481324
-23.573554033;-46.568554917;794.5;9120;6.4241509433962225;938.9241509433962;Line 100;0;279.020002481324
-23.573508634;-46.56884466;795.7;9090;6.4030188679245255;938.9030188679245;Line 100;0;279.020002481324
-23.573463235;-46.569134402;796.8;9060;6.381886792452827;938.8818867924529;Line 100;0;279.020002481324
-23.573417835;-46.569424145;795.3;9030;6.360754716981128;938.8607547169811;Line 100;0;279.020002481324
-23.573372435;-46.569713887;793.3;9000;6.339622641509431;938.8396226415094;Line 100;0;279.020002481324
-23.573327034;-46.570003629;790.9;8970;6.318490566037732;938.8184905660378;Line 100;0;279.020002481324
-23.573281633;-46.570293371;787.5;8940;6.297358490566035;938.797358490566;Line 100;0;279.020002481324
-23.573236231;-46.570583112;784.2;8910;6.276226415094336;938.7762264150944;Line 100;0;279.020002481324
-23.573190828;-46.570872853;781.3;8880;6.255094339622637;938.7550943396226;Line 100;0;279.020002481324
-23.573145426;-46.571162594;781.3;8850;6.23396226415094;938.7339622641509;Line 100;0;279.020002481324
-23.573100022;-46.571452335;781.2;8820;6.212830188679241;938.7128301886793;Line 100;0;279.020002481324
-23.573054618;-46.571742076;780.6;8790;6.191698113207544;938.6916981132075;Line 100;0;279.020002481324
-23.573009213;-46.572031816;778.6;8760;6.1705660377358456;938.6705660377359;Line 100;0;279.020002481324
-23.572963808;-46.572321556;776.8;8730;6.149433962264148;938.6494339622642;Line 100;0;279.020002481324
-23.572918403;-46.572611296;775.7;8700;6.12830188679245;938.6283018867924;Line 100;0;279.020002481324
-23.572872997;-46.572901036;776.1;8670;6.107169811320751;938.6071698113208;Line 100;0;279.020002481324
-23.57282759;-46.573190775;776.7;8640;6.086037735849054;938.586037735849;Line 100;0;279.020002481324
-23.572782183;-46.573480514;777.9;8610;6.064905660377355;938.5649056603773;Line 100;0;279.020002481324
-23.572736775;-46.573770253;779.8;8580;6.043773584905657;938.5437735849057;Line 100;0;279.020002481324
-23.572691367;-46.574059992;781.9;8550;6.022641509433959;938.5226415094339;Line 100;0;279.020002481324
-23.572645958;-46.57434973;784.2;8520;6.00150943396226;938.5015094339623;Line 100;0;279.020002481324
-23.572600549;-46.574639468;786.6;8490;5.980377358490563;938.4803773584906;Line 100;0;279.020002481324
-23.572555139;-46.574929206;789.0;8460;5.9592452830188645;938.4592452830188;Line 100;0;279.020002481324
-23.572509729;-46.575218944;791.5;8430;5.9381132075471665;938.4381132075472;Line 100;0;279.020002481324
-23.572464318;-46.575508682;793.8;8400;5.916981132075469;938.4169811320754;Line 100;0;279.020002481324
-23.572418906;-46.575798419;796.0;8370;5.89584905660377;938.3958490566038;Line 100;0;279.020002481324
-23.572373494;-46.576088156;798.2;8340;5.874716981132073;938.3747169811321;Line 100;0;279.020002481324
-23.572328082;-46.576377893;800.1;8310;5.853584905660374;938.3535849056603;Line 100;0;279.020002481324
-23.572282669;-46.576667629;802.0;8280;5.832452830188676;938.3324528301887;Line 100;0;279.020002481324
-23.572237255;-46.576957366;803.2;8250;5.811320754716978;938.311320754717;Line 100;0;279.020002481324
-23.572191841;-46.577247102;804.1;8220;5.79018867924528;938.2901886792453;Line 100;0;279.020002481324
-23.572146427;-46.577536838;804.7;8190;5.769056603773581;938.2690566037736;Line 100;0;279.020002481324
-23.572101011;-46.577826573;804.7;8160;5.747924528301883;938.2479245283018;Line 100;0;279.020002481324
-23.572055596;-46.578116309;805.0;8130;5.7267924528301855;938.2267924528302;Line 100;0;279.020002481324
-23.572010179;-46.578406044;805.0;8100;5.7056603773584875;938.2056603773585;Line 100;0;279.020002481324
-23.571964763;-46.578695779;803.7;8070;5.68452830188679;938.1845283018868;Line 100;0;279.020002481324
-23.571919345;-46.578985514;802.6;8040;5.663396226415091;938.1633962264151;Line 100;0;279.020002481324
-23.571873928;-46.579275248;801.9;8010;5.642264150943393;938.1422641509434;Line 100;0;279.020002481324
-23.571828509;-46.579564983;801.8;7980;5.621132075471695;938.1211320754717;Line 100;0;279.020002481324
-23.571783091;-46.579854717;802.0;7950;5.599999999999997;938.1;Line 100;0;279.020002481324
-23.571737671;-46.58014445;802.0;7920;5.578867924528299;938.0788679245283;Line 100;0;279.020002481324
-23.571692251;-46.580434184;801.7;7890;5.5577358490566;938.0577358490566;Line 100;0;279.020002481324
-23.571646831;-46.580723917;801.2;7860;5.536603773584903;938.0366037735849;Line 100;0;279.020002481324
-23.57160141;-46.58101365;798.2;7830;5.515471698113204;938.0154716981132;Line 100;0;279.020002481324
-23.571555988;-46.581303383;793.9;7800;5.494339622641506;937.9943396226415;Line 100;0;279.020002481324
-23.571510566;-46.581593116;789.7;7770;5.4732075471698085;937.9732075471699;Line 100;0;279.020002481324
-23.571465144;-46.581882848;785.8;7740;5.45207547169811;937.9520754716981;Line 100;0;279.020002481324
-23.571419721;-46.58217258;782.0;7710;5.430943396226413;937.9309433962264;Line 100;0;279.020002481324
-23.571374297;-46.582462312;778.1;7680;5.409811320754714;937.9098113207547;Line 100;0;279.020002481324
-23.571328873;-46.582752044;775.1;7650;5.388679245283016;937.888679245283;Line 100;0;279.020002481324
-23.571283448;-46.583041776;772.5;7620;5.367547169811318;937.8675471698114;Line 100;0;279.020002481324
-23.571238023;-46.583331507;770.0;7590;5.346415094339619;937.8464150943396;Line 100;0;279.020002481324
-23.571192597;-46.583621238;771.2;7560;5.325283018867922;937.8252830188679;Line 100;0;279.020002481324
-23.571147171;-46.583910969;772.6;7530;5.304150943396223;937.8041509433963;Line 100;0;279.020002481324
-23.571101744;-46.584200699;774.1;7500;5.283018867924525;937.7830188679245;Line 100;0;279.020002481324
-23.571056317;-46.584490429;774.7;7470;5.261886792452827;937.7618867924529;Line 100;0;279.020002481324
-23.571010889;-46.58478016;775.3;7440;5.240754716981129;937.7407547169811;Line 100;0;279.020002481324
-23.570965461;-46.585069889;776.0;7410;5.219622641509432;937.7196226415094;Line 100;0;279.020002481324
-23.570920032;-46.585359619;777.0;7380;5.198490566037733;937.6984905660378;Line 100;0;279.020002481324
-23.570874602;-46.585649348;778.1;7350;5.177358490566035;937.677358490566;Line 100;0;279.020002481324
-23.570829172;-46.585939078;780.2;7320;5.156226415094337;937.6562264150944;Line 100;0;279.020002481324
-23.570783742;-46.586228806;783.8;7290;5.135094339622638;937.6350943396226;Line 100;0;279.020002481324
-23.570738311;-46.586518535;787.2;7260;5.113962264150941;937.6139622641509;Line 100;0;279.020002481324
-23.570692879;-46.586808264;790.7;7230;5.092830188679242;937.5928301886793;Line 100;0;279.020002481324
-23.570647447;-46.587097992;794.2;7200;5.071698113207544;937.5716981132075;Line 100;0;279.020002481324
-23.570602014;-46.58738772;797.4;7170;5.050566037735846;937.5505660377358;Line 100;0;279.020002481324
-23.570556581;-46.587677448;797.3;7140;5.0294339622641475;937.5294339622642;Line 100;0;279.020002481324
-23.570511148;-46.587967175;795.2;7110;5.0083018867924505;937.5083018867924;Line 100;0;279.020002481324
-23.570465713;-46.588256902;793.0;7080;4.987169811320752;937.4871698113208;Line 100;0;279.020002481324
-23.570420279;-46.588546629;788.8;7050;4.966037735849054;937.466037735849;Line 100;0;279.020002481324
-23.570374843;-46.588836356;783.8;7020;4.944905660377356;937.4449056603773;Line 100;0;279.020002481324
-23.570329407;-46.589126083;778.9;6990;4.923773584905658;937.4237735849057;Line 100;0;279.020002481324
-23.570283971;-46.589415809;779.0;6960;4.90264150943396;937.4026415094339;Line 100;0;279.020002481324
-23.570238534;-46.589705535;780.3;6930;4.881509433962261;937.3815094339623;Line 100;0;279.020002481324
-23.570193097;-46.589995261;782.0;6900;4.860377358490563;937.3603773584906;Line 100;0;279.020002481324
-23.570147659;-46.590284987;781.5;6870;4.839245283018865;937.3392452830188;Line 100;0;279.020002481324
-23.57010222;-46.590574712;780.9;6840;4.818113207547167;937.3181132075472;Line 100;0;279.020002481324
-23.570056782;-46.590864437;780.2;6810;4.796981132075469;937.2969811320754;Line 100;0;279.020002481324
-23.570011342;-46.591154162;779.7;6780;4.775849056603771;937.2758490566038;Line 100;0;279.020002481324
-23.569965902;-46.591443887;778.9;6750;4.754716981132073;937.2547169811321;Line 100;0;279.020002481324
-23.569920461;-46.591733612;777.4;6720;4.733584905660375;937.2335849056603;Line 100;0;279.020002481324
-23.56987502;-46.592023336;774.4;6690;4.712452830188677;937.2124528301887;Line 100;0;279.020002481324
-23.569829579;-46.59231306;771.5;6660;4.691320754716979;937.191320754717;Line 100;0;279.020002481324
-23.569784136;-46.592602784;769.3;6630;4.67018867924528;937.1701886792453;Line 100;0;279.020002481324
-23.569738694;-46.592892507;768.0;6600;4.649056603773582;937.1490566037736;Line 100;0;279.020002481324
-23.569693251;-46.593182231;766.9;6570;4.627924528301884;937.1279245283018;Line 100;0;279.020002481324
-23.569647807;-46.593471954;766.3;6540;4.606792452830186;937.1067924528302;Line 100;0;279.020002481324
-23.569602362;-46.593761677;766.1;6510;4.585660377358488;937.0856603773585;Line 100;0;279.020002481324
-23.569556918;-46.594051399;765.8;6480;4.56452830188679;937.0645283018868;Line 100;0;279.020002481324
-23.569511472;-46.594341122;763.8;6450;4.5433962264150916;937.0433962264151;Line 100;0;279.020002481324
-23.569466026;-46.594630844;760.7;6420;4.522264150943394;937.0222641509434;Line 100;0;279.020002481324
-23.56942058;-46.594920566;757.7;6390;4.501132075471696;937.0011320754717;Line 100;0;279.020002481324
-23.569375133;-46.595210287;755.2;6360;4.479999999999998;936.98;Line 100;0;279.020002481324
-23.569329686;-46.595500009;753.1;6330;4.4588679245283;936.9588679245282;Line 100;0;279.020002481324
-23.569284238;-46.59578973;751.2;6300;4.437735849056601;936.9377358490566;Line 100;0;279.020002481324
-23.569238789;-46.596079451;749.9;6270;4.416603773584903;936.9166037735849;Line 100;0;279.020002481324
-23.56919334;-46.596369172;748.5;6240;4.395471698113205;936.8954716981132;Line 100;0;279.020002481324
-23.569147891;-46.596658892;747.2;6210;4.374339622641506;936.8743396226415;Line 100;0;279.020002481324
-23.56910244;-46.596948613;746.2;6180;4.353207547169809;936.8532075471699;Line 100;0;279.020002481324
-23.56905699;-46.597238333;745.1;6150;4.3320754716981105;936.8320754716981;Line 100;0;279.020002481324
-23.569011539;-46.597528053;744.0;6120;4.310943396226413;936.8109433962264;Line 100;0;279.020002481324
-23.568966087;-46.597817772;743.2;6090;4.289811320754715;936.7898113207547;Line 100;0;279.020002481324
-23.568920635;-46.598107492;742.4;6060;4.268679245283016;936.768679245283;Line 100;0;279.020002481324
-23.568875182;-46.598397211;741.5;6030;4.247547169811319;936.7475471698114;Line 100;0;279.020002481324
-23.568829729;-46.59868693;740.6;6000;4.22641509433962;936.7264150943396;Line 100;0;279.020002481324
-23.568784275;-46.598976648;739.6;5970;4.205283018867923;936.7052830188679;Line 100;0;279.020002481324
-23.56873882;-46.599266367;739.0;5940;4.184150943396224;936.6841509433963;Line 100;0;279.020002481324
-23.568693366;-46.599556085;739.2;5910;4.163018867924525;936.6630188679245;Line 100;0;279.020002481324
-23.56864791;-46.599845803;739.3;5880;4.141886792452828;936.6418867924529;Line 100;0;279.020002481324
-23.568602454;-46.600135521;739.3;5850;4.120754716981129;936.6207547169811;Line 100;0;279.020002481324
-23.568556998;-46.600425238;739.4;5820;4.099622641509432;936.5996226415094;Line 100;0;279.020002481324
-23.568511541;-46.600714955;739.3;5790;4.0784905660377335;936.5784905660378;Line 100;0;279.020002481324
-23.568466083;-46.601004672;739.0;5760;4.057358490566035;936.557358490566;Line 100;0;279.020002481324
-23.568420625;-46.601294389;738.7;5730;4.036226415094338;936.5362264150943;Line 100;0;279.020002481324
-23.568375167;-46.601584106;738.2;5700;4.015094339622639;936.5150943396227;Line 100;0;279.020002481324
-23.568329707;-46.601873822;738.5;5670;3.9939622641509414;936.4939622641509;Line 100;0;279.020002481324
-23.568284248;-46.602163538;739.2;5640;3.972830188679243;936.4728301886793;Line 100;0;279.020002481324
-23.568238788;-46.602453254;739.8;5610;3.9516981132075455;936.4516981132075;Line 100;0;279.020002481324
-23.568193327;-46.60274297;738.8;5580;3.9305660377358467;936.4305660377358;Line 100;0;279.020002481324
-23.568147866;-46.603032685;737.5;5550;3.9094339622641483;936.4094339622642;Line 100;0;279.020002481324
-23.568102404;-46.6033224;736.3;5520;3.888301886792451;936.3883018867924;Line 100;0;279.020002481324
-23.568056942;-46.603612115;736.7;5490;3.8671698113207524;936.3671698113208;Line 100;0;279.020002481324
-23.568011479;-46.60390183;737.0;5460;3.846037735849055;936.3460377358491;Line 100;0;279.020002481324
-23.567966015;-46.604191544;737.1;5430;3.824905660377356;936.3249056603773;Line 100;0;279.020002481324
-23.567920552;-46.604481259;736.6;5400;3.8037735849056578;936.3037735849057;Line 100;0;279.020002481324
-23.567875087;-46.604770973;736.2;5370;3.7826415094339603;936.2826415094339;Line 100;0;279.020002481324
-23.567829622;-46.605060686;736.1;5340;3.761509433962262;936.2615094339623;Line 100;0;279.020002481324
-23.567784157;-46.6053504;736.4;5310;3.740377358490564;936.2403773584906;Line 100;0;279.020002481324
-23.567738691;-46.605640113;736.9;5280;3.7192452830188656;936.2192452830188;Line 100;0;279.020002481324
-23.567693224;-46.605929826;737.2;5250;3.6981132075471677;936.1981132075472;Line 100;0;279.020002481324
-23.567647757;-46.606219539;736.8;5220;3.6769811320754697;936.1769811320755;Line 100;0;279.020002481324
-23.567602289;-46.606509252;736.3;5190;3.655849056603772;936.1558490566038;Line 100;0;279.020002481324
-23.567556821;-46.606798964;735.7;5160;3.6347169811320734;936.1347169811321;Line 100;0;279.020002481324
-23.567511353;-46.607088676;735.0;5130;3.613584905660375;936.1135849056603;Line 100;0;279.020002481324
-23.567465884;-46.607378388;734.3;5100;3.592452830188677;936.0924528301887;Line 100;0;279.020002481324
-23.567420414;-46.6076681;733.4;5070;3.571320754716979;936.071320754717;Line 100;0;279.020002481324
-23.567374944;-46.607957811;732.5;5040;3.5501886792452813;936.0501886792453;Line 100;0;279.020002481324
-23.567329473;-46.608247523;731.8;5010;3.529056603773583;936.0290566037736;Line 100;0;279.020002481324
-23.567284002;-46.608537234;732.0;4980;3.507924528301885;936.0079245283018;Line 100;0;279.020002481324
-23.56723853;-46.608826944;732.4;4950;3.4867924528301866;935.9867924528302;Line 100;0;279.020002481324
-23.567193057;-46.609116655;732.6;4920;3.4656603773584886;935.9656603773585;Line 100;0;279.020002481324
-23.567147584;-46.609406365;733.1;4890;3.4445283018867907;935.9445283018867;Line 100;0;279.020002481324
-23.567102111;-46.609696075;733.5;4860;3.4233962264150923;935.9233962264151;Line 100;0;279.020002481324
-23.567056637;-46.609985785;733.8;4830;3.4022641509433944;935.9022641509434;Line 100;0;279.020002481324
-23.567011163;-46.610275494;734.2;4800;3.3811320754716965;935.8811320754717;Line 100;0;279.020002481324
-23.566965688;-46.610565204;734.7;4770;3.359999999999998;935.86;Line 100;0;279.020002481324
-23.566920212;-46.610854913;735.4;4740;3.3388679245283;935.8388679245282;Line 100;0;279.020002481324
-23.566874736;-46.611144622;736.1;4710;3.317735849056602;935.8177358490566;Line 100;0;279.020002481324
-23.566829259;-46.61143433;736.9;4680;3.296603773584904;935.7966037735849;Line 100;0;279.020002481324
-23.566783782;-46.611724039;737.6;4650;3.275471698113206;935.7754716981132;Line 100;0;279.020002481324
-23.566738305;-46.612013747;737.1;4620;3.2543396226415076;935.7543396226415;Line 100;0;279.020002481324
-23.566692826;-46.612303455;736.5;4590;3.2332075471698096;935.7332075471699;Line 100;0;279.020002481324
-23.566647348;-46.612593163;736.2;4560;3.2120754716981113;935.7120754716981;Line 100;0;279.020002481324
-23.566601868;-46.61288287;736.7;4530;3.1909433962264133;935.6909433962264;Line 100;0;279.020002481324
-23.566556389;-46.613172577;737.3;4500;3.1698113207547154;935.6698113207547;Line 100;0;279.020002481324
-23.566510908;-46.613462284;737.6;4470;3.1486792452830175;935.648679245283;Line 100;0;279.020002481324
-23.566465428;-46.613751991;737.6;4440;3.1275471698113186;935.6275471698114;Line 100;0;279.020002481324
-23.566419946;-46.614041698;737.6;4410;3.1064150943396207;935.6064150943396;Line 100;0;279.020002481324
-23.566374464;-46.614331404;737.9;4380;3.0852830188679228;935.5852830188679;Line 100;0;279.020002481324
-23.566328982;-46.61462111;738.5;4350;3.064150943396225;935.5641509433963;Line 100;0;279.020002481324
-23.566283499;-46.614910816;738.9;4320;3.043018867924527;935.5430188679245;Line 100;0;279.020002481324
-23.566238015;-46.615200521;738.2;4290;3.0218867924528285;935.5218867924528;Line 100;0;279.020002481324
-23.566192531;-46.615490227;737.0;4260;3.00075471698113;935.5007547169811;Line 100;0;279.020002481324
-23.566147047;-46.615779932;735.6;4230;2.9796226415094322;935.4796226415094;Line 100;0;279.020002481324
-23.566101562;-46.616069637;736.6;4200;2.9584905660377343;935.4584905660378;Line 100;0;279.020002481324
-23.566056076;-46.616359342;738.1;4170;2.9373584905660364;935.437358490566;Line 100;0;279.020002481324
-23.56601059;-46.616649046;739.5;4140;2.916226415094338;935.4162264150943;Line 100;0;279.020002481324
-23.565965103;-46.61693875;739.6;4110;2.89509433962264;935.3950943396227;Line 100;0;279.020002481324
-23.565919616;-46.617228454;739.5;4080;2.8739622641509417;935.3739622641509;Line 100;0;279.020002481324
-23.565874129;-46.617518158;739.4;4050;2.8528301886792438;935.3528301886793;Line 100;0;279.020002481324
-23.56582864;-46.617807861;740.5;4020;2.8316981132075454;935.3316981132075;Line 100;0;279.020002481324
-23.565783152;-46.618097565;741.7;3990;2.8105660377358475;935.3105660377358;Line 100;0;279.020002481324
-23.565737662;-46.618387268;743.3;3960;2.7894339622641495;935.2894339622642;Line 100;0;279.020002481324
-23.565692172;-46.618676971;747.3;3930;2.7683018867924516;935.2683018867924;Line 100;0;279.020002481324
-23.565646682;-46.618966673;751.0;3900;2.747169811320753;935.2471698113208;Line 100;0;279.020002481324
-23.565601191;-46.619256375;753.9;3870;2.726037735849055;935.2260377358491;Line 100;0;279.020002481324
-23.5655557;-46.619546078;755.4;3840;2.704905660377357;935.2049056603773;Line 100;0;279.020002481324
-23.565510208;-46.619835779;756.9;3810;2.683773584905659;935.1837735849057;Line 100;0;279.020002481324
-23.565464715;-46.620125481;757.5;3780;2.662641509433961;935.1626415094339;Line 100;0;279.020002481324
-23.565419222;-46.620415182;757.0;3750;2.6415094339622627;935.1415094339623;Line 100;0;279.020002481324
-23.565373729;-46.620704884;756.7;3720;2.6203773584905643;935.1203773584906;Line 100;0;279.020002481324
-23.565328235;-46.620994585;757.2;3690;2.5992452830188664;935.0992452830188;Line 100;0;279.020002481324
-23.56528274;-46.621284285;758.2;3660;2.5781132075471684;935.0781132075472;Line 100;0;279.020002481324
-23.565237245;-46.621573986;759.1;3630;2.5569811320754705;935.0569811320755;Line 100;0;279.020002481324
-23.565191749;-46.621863686;759.0;3600;2.535849056603772;935.0358490566038;Line 100;0;279.020002481324
-23.565146253;-46.622153386;758.1;3570;2.5147169811320738;935.0147169811321;Line 100;0;279.020002481324
-23.565100756;-46.622443086;756.9;3540;2.493584905660376;934.9935849056603;Line 100;0;279.020002481324
-23.565055259;-46.622732785;752.6;3510;2.472452830188678;934.9724528301887;Line 100;0;279.020002481324
-23.565009761;-46.623022485;747.6;3480;2.45132075471698;934.951320754717;Line 100;0;279.020002481324
-23.564964263;-46.623312184;743.2;3450;2.4301886792452816;934.9301886792452;Line 100;0;279.020002481324
-23.564918764;-46.623601882;741.5;3420;2.4090566037735837;934.9090566037736;Line 100;0;279.020002481324
-23.564873265;-46.623891581;740.3;3390;2.3879245283018853;934.8879245283019;Line 100;0;279.020002481324
-23.564827765;-46.624181279;739.3;3360;2.3667924528301874;934.8667924528302;Line 100;0;279.020002481324
-23.564782265;-46.624470977;740.3;3330;2.3456603773584894;934.8456603773585;Line 100;0;279.020002481324
-23.564736764;-46.624760675;741.4;3300;2.324528301886791;934.8245283018867;Line 100;0;279.020002481324
-23.564691262;-46.625050373;743.3;3270;2.303396226415093;934.8033962264151;Line 100;0;279.020002481324
-23.56464576;-46.62534007;748.1;3240;2.282264150943395;934.7822641509434;Line 100;0;279.020002481324
-23.564600258;-46.625629768;752.8;3210;2.261132075471697;934.7611320754717;Line 100;0;279.020002481324
-23.564554754;-46.625919465;756.5;3180;2.239999999999999;934.74;Line 100;0;279.020002481324
-23.564509251;-46.626209161;757.9;3150;2.2188679245283005;934.7188679245284;Line 100;0;279.020002481324
-23.564463747;-46.626498858;759.2;3120;2.1977358490566026;934.6977358490566;Line 100;0;279.020002481324
-23.564418242;-46.626788554;760.2;3090;2.1766037735849046;934.6766037735849;Line 100;0;279.020002481324
-23.564372737;-46.62707825;760.9;3060;2.1554716981132067;934.6554716981132;Line 100;0;279.020002481324
-23.564327231;-46.627367946;761.4;3030;2.134339622641508;934.6343396226415;Line 100;0;279.020002481324
-23.564281725;-46.627657641;763.0;3000;2.11320754716981;934.6132075471698;Line 100;0;279.020002481324
-23.564236218;-46.627947337;765.7;2970;2.092075471698112;934.5920754716981;Line 100;0;279.020002481324
-23.564190711;-46.628237032;768.8;2940;2.070943396226414;934.5709433962264;Line 100;0;279.020002481324
-23.564145203;-46.628526727;768.8;2910;2.049811320754716;934.5498113207548;Line 100;0;279.020002481324
-23.564099695;-46.628816421;766.9;2880;2.0286792452830174;934.528679245283;Line 100;0;279.020002481324
-23.564054186;-46.629106116;765.0;2850;2.0075471698113194;934.5075471698113;Line 100;0;279.020002481324
-23.564008676;-46.62939581;765.5;2820;1.9864150943396215;934.4864150943396;Line 100;0;279.020002481324
-23.563963166;-46.629685504;766.7;2790;1.9652830188679233;934.4652830188679;Line 100;0;279.020002481324
-23.563917656;-46.629975197;767.9;2760;1.9441509433962254;934.4441509433963;Line 100;0;279.020002481324
-23.563872145;-46.630264891;766.9;2730;1.9230188679245275;934.4230188679245;Line 100;0;279.020002481324
-23.563826633;-46.630554584;765.9;2700;1.9018867924528289;934.4018867924528;Line 100;0;279.020002481324
-23.563781121;-46.630844277;765.1;2670;1.880754716981131;934.3807547169812;Line 100;0;279.020002481324
-23.563735609;-46.63113397;762.7;2640;1.8596226415094328;934.3596226415094;Line 100;0;279.020002481324
-23.563690096;-46.631423662;760.4;2610;1.8384905660377349;934.3384905660378;Line 100;0;279.020002481324
-23.563644582;-46.631713355;758.7;2580;1.8173584905660367;934.317358490566;Line 100;0;279.020002481324
-23.563599068;-46.632003047;759.5;2550;1.7962264150943386;934.2962264150943;Line 100;0;279.020002481324
-23.563553553;-46.632292739;760.5;2520;1.7750943396226406;934.2750943396227;Line 100;0;279.020002481324
-23.563508038;-46.63258243;761.6;2490;1.7539622641509425;934.2539622641509;Line 100;0;279.020002481324
-23.563462522;-46.632872121;762.8;2460;1.7328301886792443;934.2328301886793;Line 100;0;279.020002481324
-23.563417006;-46.633161813;764.1;2430;1.7116981132075462;934.2116981132075;Line 100;0;279.020002481324
-23.563371489;-46.633451503;766.4;2400;1.6905660377358482;934.1905660377358;Line 100;0;279.020002481324
-23.563325972;-46.633741194;769.9;2370;1.66943396226415;934.1694339622642;Line 100;0;279.020002481324
-23.563280454;-46.634030884;772.9;2340;1.648301886792452;934.1483018867924;Line 100;0;279.020002481324
-23.563234935;-46.634320575;774.7;2310;1.6271698113207538;934.1271698113208;Line 100;0;279.020002481324
-23.563189416;-46.634610265;775.4;2280;1.6060377358490556;934.1060377358491;Line 100;0;279.020002481324
-23.563143897;-46.634899954;775.8;2250;1.5849056603773577;934.0849056603773;Line 100;0;279.020002481324
-23.563098377;-46.635189644;772.7;2220;1.5637735849056593;934.0637735849057;Line 100;0;279.020002481324
-23.563052856;-46.635479333;768.6;2190;1.5426415094339614;934.0426415094339;Line 100;0;279.020002481324
-23.563007335;-46.635769022;765.1;2160;1.5215094339622635;934.0215094339623;Line 100;0;279.020002481324
-23.562961814;-46.636058711;766.6;2130;1.500377358490565;934.0003773584906;Line 100;0;279.020002481324
-23.562916291;-46.636348399;769.4;2100;1.4792452830188672;933.9792452830188;Line 100;0;279.020002481324
-23.562870769;-46.636638088;772.3;2070;1.458113207547169;933.9581132075472;Line 100;0;279.020002481324
-23.562825246;-46.636927776;775.5;2040;1.4369811320754708;933.9369811320755;Line 100;0;279.020002481324
-23.562779722;-46.637217464;778.8;2010;1.4158490566037727;933.9158490566037;Line 100;0;279.020002481324
-23.562734198;-46.637507151;782.2;1980;1.3947169811320748;933.8947169811321;Line 100;0;279.020002481324
-23.562688673;-46.637796839;784.1;1950;1.3735849056603766;933.8735849056603;Line 100;0;279.020002481324
-23.562643148;-46.638086526;785.9;1920;1.3524528301886785;933.8524528301887;Line 100;0;279.020002481324
-23.562597622;-46.638376213;787.1;1890;1.3313207547169805;933.831320754717;Line 100;0;279.020002481324
-23.562552095;-46.638665899;785.9;1860;1.3101886792452822;933.8101886792452;Line 100;0;279.020002481324
-23.562506569;-46.638955586;784.8;1830;1.2890566037735842;933.7890566037736;Line 100;0;279.020002481324
-23.562461041;-46.639245272;783.1;1800;1.267924528301886;933.7679245283019;Line 100;0;279.020002481324
-23.562415513;-46.639534958;780.5;1770;1.246792452830188;933.7467924528302;Line 100;0;279.020002481324
-23.562369985;-46.639824644;777.7;1740;1.22566037735849;933.7256603773585;Line 100;0;279.020002481324
-23.562324456;-46.640114329;776.6;1710;1.2045283018867918;933.7045283018867;Line 100;0;279.020002481324
-23.562278926;-46.640404014;777.8;1680;1.1833962264150937;933.6833962264151;Line 100;0;279.020002481324
-23.562233396;-46.640693699;779.0;1650;1.1622641509433955;933.6622641509434;Line 100;0;279.020002481324
-23.562187865;-46.640983384;780.7;1620;1.1411320754716976;933.6411320754717;Line 100;0;279.020002481324
-23.562142334;-46.641273069;782.9;1590;1.1199999999999994;933.62;Line 100;0;279.020002481324
-23.562096803;-46.641562753;785.2;1560;1.0988679245283013;933.5988679245283;Line 100;0;279.020002481324
-23.562051271;-46.641852437;787.8;1530;1.0777358490566034;933.5777358490566;Line 100;0;279.020002481324
-23.562005738;-46.642142121;790.8;1500;1.056603773584905;933.5566037735849;Line 100;0;279.020002481324
-23.561960205;-46.642431805;793.9;1470;1.035471698113207;933.5354716981132;Line 100;0;279.020002481324
-23.561914671;-46.642721488;796.1;1440;1.0143396226415087;933.5143396226415;Line 100;0;279.020002481324
-23.561869137;-46.643011171;798.0;1410;0.9932075471698107;933.4932075471698;Line 100;0;279.020002481324
-23.561823602;-46.643300854;800.0;1380;0.9720754716981127;933.4720754716981;Line 100;0;279.020002481324
-23.561778066;-46.643590537;799.4;1350;0.9509433962264144;933.4509433962264;Line 100;0;279.020002481324
-23.56173253;-46.643880219;798.3;1320;0.9298113207547164;933.4298113207548;Line 100;0;279.020002481324
-23.561686994;-46.644169901;797.1;1290;0.9086792452830184;933.408679245283;Line 100;0;279.020002481324
-23.561641457;-46.644459583;795.8;1260;0.8875471698113203;933.3875471698113;Line 100;0;279.020002481324
-23.56159592;-46.644749265;794.5;1230;0.8664150943396222;933.3664150943396;Line 100;0;279.020002481324
-23.561550382;-46.645038947;793.9;1200;0.8452830188679241;933.3452830188679;Line 100;0;279.020002481324
-23.561504843;-46.645328628;796.5;1170;0.824150943396226;933.3241509433963;Line 100;0;279.020002481324
-23.561459304;-46.645618309;799.0;1140;0.8030188679245278;933.3030188679245;Line 100;0;279.020002481324
-23.561413764;-46.64590799;801.7;1110;0.7818867924528297;933.2818867924528;Line 100;0;279.020002481324
-23.561368224;-46.64619767;805.0;1080;0.7607547169811317;933.2607547169812;Line 100;0;279.020002481324
-23.561322684;-46.646487351;808.6;1050;0.7396226415094336;933.2396226415094;Line 100;0;279.020002481324
-23.561277142;-46.646777031;813.7;1020;0.7184905660377354;933.2184905660378;Line 100;0;279.020002481324
-23.561231601;-46.647066711;821.2;990;0.6973584905660374;933.197358490566;Line 100;0;279.020002481324
-23.561186059;-46.64735639;828.8;960;0.6762264150943392;933.1762264150943;Line 100;0;279.020002481324
-23.561140516;-46.64764607;828.6;930;0.6550943396226411;933.1550943396227;Line 100;0;279.020002481324
-23.561094973;-46.647935749;820.0;900;0.633962264150943;933.1339622641509;Line 100;0;279.020002481324
-23.561049429;-46.648225428;810.7;870;0.612830188679245;933.1128301886793;Line 100;0;279.020002481324
-23.561003884;-46.648515106;802.0;840;0.5916981132075468;933.0916981132076;Line 100;0;279.020002481324
-23.560958339;-46.648804785;793.7;810;0.5705660377358488;933.0705660377358;Line 100;0;279.020002481324
-23.560912794;-46.649094463;785.3;780;0.5494339622641506;933.0494339622642;Line 100;0;279.020002481324
-23.560867248;-46.649384141;786.3;750;0.5283018867924525;933.0283018867924;Line 100;0;279.020002481324
-23.560821702;-46.649673819;791.1;720;0.5071698113207543;933.0071698113208;Line 100;0;279.020002481324
-23.560776155;-46.649963496;796.0;690;0.48603773584905635;932.9860377358491;Line 100;0;279.020002481324
-23.560730607;-46.650253174;802.0;660;0.4649056603773582;932.9649056603773;Line 100;0;279.020002481324
-23.560685059;-46.650542851;808.3;630;0.44377358490566016;932.9437735849057;Line 100;0;279.020002481324
-23.56063951;-46.650832528;814.7;600;0.42264150943396206;932.922641509434;Line 100;0;279.020002481324
-23.560593961;-46.651122204;818.8;570;0.4015094339622639;932.9015094339622;Line 100;0;279.020002481324
-23.560548412;-46.65141188;822.8;540;0.38037735849056586;932.8803773584906;Line 100;0;279.020002481324
-23.560502862;-46.651701557;826.2;510;0.3592452830188677;932.8592452830188;Line 100;0;279.020002481324
-23.560457311;-46.651991232;826.4;480;0.3381132075471696;932.8381132075472;Line 100;0;279.020002481324
-23.56041176;-46.652280908;826.7;450;0.3169811320754715;932.8169811320755;Line 100;0;279.020002481324
-23.560366208;-46.652570584;826.9;420;0.2958490566037734;932.7958490566037;Line 100;0;279.020002481324
-23.560320656;-46.652860259;826.0;390;0.2747169811320753;932.7747169811321;Line 100;0;279.020002481324
-23.560275103;-46.653149934;824.7;360;0.25358490566037717;932.7535849056604;Line 100;0;279.020002481324
-23.560229549;-46.653439608;821.8;330;0.2324528301886791;932.7324528301887;Line 100;0;279.020002481324
-23.560183996;-46.653729283;816.3;300;0.21132075471698103;932.711320754717;Line 100;0;279.020002481324
-23.560138441;-46.654018957;810.4;270;0.19018867924528293;932.6901886792452;Line 100;0;279.020002481324
-23.560092886;-46.654308631;805.6;240;0.1690566037735848;932.6690566037736;Line 100;0;279.020002481324
-23.560047331;-46.654598305;802.6;210;0.1479245283018867;932.6479245283019;Line 100;0;279.020002481324
-23.560001775;-46.654887978;799.8;180;0.12679245283018858;932.6267924528302;Line 100;0;279.020002481324
-23.559956218;-46.655177652;803.7;150;0.10566037735849051;932.6056603773585;Line 100;0;279.020002481324
-23.559910661;-46.655467325;810.8;120;0.0845283018867924;932.5845283018868;Line 100;0;279.020002481324
-23.559865104;-46.655756998;817.5;90;0.06339622641509429;932.5633962264151;Line 100;0;279.020002481324
-23.559819546;-46.65604667;821.8;60;0.0422641509433962;932.5422641509434;Line 100;0;279.020002481324
-23.559773987;-46.656336343;825.0;30;0.0211320754716981;932.5211320754717;Line 100;0;279.020002481324
-23.559728428;-46.656626015;827.7;0;0.0;932.5;Line 100;0;279.020002481324
