latitude;longitude;altitude (m);distance_m;alt_x;alt_y;name;obstrucao;angle
-23.877909949;-47.250211151;692.2;69960;288.5799999999999;981.78;Line 240;0;59.0034973616609
-23.877774202;-47.24995634;688.4;69930;288.45625214408227;981.6562521440824;Line 240;0;59.0034973616609
-23.877638454;-47.249701529;686.5;69900;288.3325042881646;981.5325042881647;Line 240;0;59.0034973616609
-23.877502705;-47.249446718;684.1;69870;288.2087564322469;981.408756432247;Line 240;0;59.0034973616609
-23.877366956;-47.249191908;684.2;69840;288.08500857632924;981.2850085763293;Line 240;0;59.0034973616609
-23.877231207;-47.248937098;684.9;69810;287.9612607204116;981.1612607204116;Line 240;0;59.0034973616609
-23.877095457;-47.248682289;684.9;69780;287.83751286449393;981.0375128644939;Line 240;0;59.0034973616609
-23.876959706;-47.24842748;683.9;69750;287.7137650085763;980.9137650085763;Line 240;0;59.0034973616609
-23.876823955;-47.248172672;682.6;69720;287.59001715265856;980.7900171526586;Line 240;0;59.0034973616609
-23.876688204;-47.247917865;682.1;69690;287.4662692967409;980.6662692967409;Line 240;0;59.0034973616609
-23.876552452;-47.247663058;684.9;69660;287.34252144082325;980.5425214408233;Line 240;0;59.0034973616609
-23.8764167;-47.247408251;690.1;69630;287.2187735849056;980.4187735849057;Line 240;0;59.0034973616609
-23.876280947;-47.247153445;697.7;69600;287.09502572898793;980.295025728988;Line 240;0;59.0034973616609
-23.876145194;-47.246898639;706.2;69570;286.9712778730702;980.1712778730703;Line 240;0;59.0034973616609
-23.87600944;-47.246643834;714.9;69540;286.8475300171526;980.0475300171527;Line 240;0;59.0034973616609
-23.875873686;-47.24638903;716.5;69510;286.7237821612349;979.923782161235;Line 240;0;59.0034973616609
-23.875737932;-47.246134226;713.7;69480;286.60003430531725;979.8000343053172;Line 240;0;59.0034973616609
-23.875602177;-47.245879422;708.6;69450;286.4762864493996;979.6762864493996;Line 240;0;59.0034973616609
-23.875466421;-47.245624619;701.5;69420;286.3525385934819;979.5525385934819;Line 240;0;59.0034973616609
-23.875330665;-47.245369816;694.9;69390;286.2287907375643;979.4287907375643;Line 240;0;59.0034973616609
-23.875194909;-47.245115014;689.4;69360;286.10504288164657;979.3050428816466;Line 240;0;59.0034973616609
-23.875059152;-47.244860213;685.8;69330;285.9812950257289;979.181295025729;Line 240;0;59.0034973616609
-23.874923394;-47.244605412;683.7;69300;285.85754716981126;979.0575471698113;Line 240;0;59.0034973616609
-23.874787637;-47.244350611;682.5;69270;285.73379931389354;978.9337993138936;Line 240;0;59.0034973616609
-23.874651878;-47.244095811;683.8;69240;285.61005145797594;978.810051457976;Line 240;0;59.0034973616609
-23.87451612;-47.243841012;688.2;69210;285.48630360205823;978.6863036020583;Line 240;0;59.0034973616609
-23.87438036;-47.243586213;692.7;69180;285.3625557461406;978.5625557461406;Line 240;0;59.0034973616609
-23.874244601;-47.243331414;697.2;69150;285.2388078902229;978.438807890223;Line 240;0;59.0034973616609
-23.87410884;-47.243076616;693.3;69120;285.11506003430526;978.3150600343054;Line 240;0;59.0034973616609
-23.87397308;-47.242821819;686.8;69090;284.9913121783876;978.1913121783876;Line 240;0;59.0034973616609
-23.873837319;-47.242567022;680.7;69060;284.8675643224699;978.0675643224699;Line 240;0;59.0034973616609
-23.873701557;-47.242312226;675.3;69030;284.74381646655223;977.9438164665523;Line 240;0;59.0034973616609
-23.873565795;-47.24205743;670.9;69000;284.6200686106346;977.8200686106346;Line 240;0;59.0034973616609
-23.873430033;-47.241802634;667.6;68970;284.4963207547169;977.6963207547169;Line 240;0;59.0034973616609
-23.87329427;-47.241547839;666.2;68940;284.37257289879926;977.5725728987993;Line 240;0;59.0034973616609
-23.873158506;-47.241293045;666.6;68910;284.24882504288155;977.4488250428816;Line 240;0;59.0034973616609
-23.873022742;-47.241038251;666.7;68880;284.1250771869639;977.3250771869639;Line 240;0;59.0034973616609
-23.872886978;-47.240783458;666.4;68850;284.00132933104624;977.2013293310463;Line 240;0;59.0034973616609
-23.872751213;-47.240528665;666.0;68820;283.8775814751286;977.0775814751287;Line 240;0;59.0034973616609
-23.872615448;-47.240273872;665.6;68790;283.7538336192109;976.953833619211;Line 240;0;59.0034973616609
-23.872479682;-47.24001908;665.1;68760;283.6300857632932;976.8300857632933;Line 240;0;59.0034973616609
-23.872343916;-47.239764289;666.7;68730;283.50633790737555;976.7063379073757;Line 240;0;59.0034973616609
-23.872208149;-47.239509498;668.4;68700;283.3825900514579;976.5825900514579;Line 240;0;59.0034973616609
-23.872072382;-47.239254708;670.1;68670;283.25884219554024;976.4588421955402;Line 240;0;59.0034973616609
-23.871936615;-47.238999918;671.4;68640;283.1350943396226;976.3350943396226;Line 240;0;59.0034973616609
-23.871800847;-47.238745129;672.8;68610;283.01134648370487;976.2113464837049;Line 240;0;59.0034973616609
-23.871665078;-47.23849034;674.5;68580;282.8875986277872;976.0875986277872;Line 240;0;59.0034973616609
-23.871529309;-47.238235551;679.3;68550;282.7638507718696;975.9638507718696;Line 240;0;59.0034973616609
-23.87139354;-47.237980764;686.7;68520;282.6401029159519;975.840102915952;Line 240;0;59.0034973616609
-23.87125777;-47.237725976;694.8;68490;282.51635506003424;975.7163550600343;Line 240;0;59.0034973616609
-23.871121999;-47.237471189;703.0;68460;282.39260720411653;975.5926072041166;Line 240;0;59.0034973616609
-23.870986229;-47.237216403;705.9;68430;282.2688593481989;975.468859348199;Line 240;0;59.0034973616609
-23.870850457;-47.236961617;708.6;68400;282.1451114922813;975.3451114922814;Line 240;0;59.0034973616609
-23.870714686;-47.236706832;711.5;68370;282.02136363636356;975.2213636363635;Line 240;0;59.0034973616609
-23.870578913;-47.236452047;715.0;68340;281.8976157804459;975.097615780446;Line 240;0;59.0034973616609
-23.870443141;-47.236197263;717.7;68310;281.7738679245282;974.9738679245282;Line 240;0;59.0034973616609
-23.870307367;-47.235942479;719.6;68280;281.65012006861053;974.8501200686105;Line 240;0;59.0034973616609
-23.870171594;-47.235687696;722.6;68250;281.52637221269293;974.7263722126929;Line 240;0;59.0034973616609
-23.87003582;-47.235432913;727.1;68220;281.4026243567752;974.6026243567753;Line 240;0;59.0034973616609
-23.869900045;-47.235178131;729.2;68190;281.27887650085756;974.4788765008576;Line 240;0;59.0034973616609
-23.86976427;-47.234923349;732.1;68160;281.15512864493985;974.3551286449399;Line 240;0;59.0034973616609
-23.869628495;-47.234668568;736.6;68130;281.03138078902225;974.2313807890223;Line 240;0;59.0034973616609
-23.869492719;-47.234413787;740.4;68100;280.9076329331046;974.1076329331047;Line 240;0;59.0034973616609
-23.869356942;-47.234159007;743.5;68070;280.7838850771869;973.9838850771869;Line 240;0;59.0034973616609
-23.869221165;-47.233904227;750.5;68040;280.6601372212692;973.8601372212693;Line 240;0;59.0034973616609
-23.869085388;-47.233649448;759.2;68010;280.5363893653515;973.7363893653516;Line 240;0;59.0034973616609
-23.86894961;-47.233394669;769.2;67980;280.4126415094339;973.612641509434;Line 240;0;59.0034973616609
-23.868813832;-47.233139891;779.7;67950;280.28889365351625;973.4888936535162;Line 240;0;59.0034973616609
-23.868678053;-47.232885114;790.4;67920;280.16514579759854;973.3651457975986;Line 240;0;59.0034973616609
-23.868542274;-47.232630336;801.5;67890;280.0413979416809;973.2413979416809;Line 240;0;59.0034973616609
-23.868406495;-47.23237556;811.9;67860;279.91765008576317;973.1176500857632;Line 240;0;59.0034973616609
-23.868270714;-47.232120784;818.9;67830;279.79390222984557;972.9939022298456;Line 240;0;59.0034973616609
-23.868134934;-47.231866008;823.6;67800;279.6701543739279;972.870154373928;Line 240;0;59.0034973616609
-23.867999153;-47.231611233;828.1;67770;279.5464065180102;972.7464065180102;Line 240;0;59.0034973616609
-23.867863371;-47.231356458;832.3;67740;279.42265866209254;972.6226586620926;Line 240;0;59.0034973616609
-23.867727589;-47.231101684;838.4;67710;279.2989108061749;972.498910806175;Line 240;0;59.0034973616609
-23.867591807;-47.23084691;846.4;67680;279.17516295025723;972.3751629502573;Line 240;0;59.0034973616609
-23.867456024;-47.230592137;851.8;67650;279.0514150943396;972.2514150943396;Line 240;0;59.0034973616609
-23.867320241;-47.230337365;855.9;67620;278.92766723842186;972.127667238422;Line 240;0;59.0034973616609
-23.867184457;-47.230082593;860.8;67590;278.8039193825042;972.0039193825043;Line 240;0;59.0034973616609
-23.867048672;-47.229827821;863.0;67560;278.68017152658655;971.8801715265865;Line 240;0;59.0034973616609
-23.866912888;-47.22957305;864.9;67530;278.5564236706689;971.7564236706689;Line 240;0;59.0034973616609
-23.866777102;-47.229318279;868.2;67500;278.43267581475124;971.6326758147513;Line 240;0;59.0034973616609
-23.866641317;-47.229063509;872.4;67470;278.3089279588335;971.5089279588335;Line 240;0;59.0034973616609
-23.866505531;-47.22880874;875.5;67440;278.18518010291587;971.3851801029159;Line 240;0;59.0034973616609
-23.866369744;-47.228553971;878.0;67410;278.0614322469982;971.2614322469983;Line 240;0;59.0034973616609
-23.866233957;-47.228299202;880.3;67380;277.93768439108055;971.1376843910806;Line 240;0;59.0034973616609
-23.866098169;-47.228044434;886.0;67350;277.8139365351629;971.0139365351629;Line 240;0;59.0034973616609
-23.865962381;-47.227789667;891.2;67320;277.6901886792452;970.8901886792453;Line 240;0;59.0034973616609
-23.865826593;-47.2275349;896.2;67290;277.5664408233275;970.7664408233276;Line 240;0;59.0034973616609
-23.865690804;-47.227280133;905.9;67260;277.44269296740987;970.6426929674099;Line 240;0;59.0034973616609
-23.865555015;-47.227025367;915.7;67230;277.3189451114922;970.5189451114923;Line 240;0;59.0034973616609
-23.865419225;-47.226770602;925.4;67200;277.19519725557456;970.3951972555747;Line 240;0;59.0034973616609
-23.865283434;-47.226515837;934.5;67170;277.07144939965684;970.2714493996568;Line 240;0;59.0034973616609
-23.865147644;-47.226261072;944.0;67140;276.94770154373924;970.1477015437392;Line 240;0;59.0034973616609
-23.865011852;-47.226006308;954.6;67110;276.82395368782153;970.0239536878216;Line 240;0;59.0034973616609
-23.864876061;-47.225751545;961.1;67080;276.7002058319039;969.9002058319039;Line 240;0;59.0034973616609
-23.864740269;-47.225496782;963.8;67050;276.5764579759862;969.7764579759862;Line 240;0;59.0034973616609
-23.864604476;-47.225242019;966.8;67020;276.4527101200685;969.6527101200686;Line 240;0;59.0034973616609
-23.864468683;-47.224987257;970.1;66990;276.3289622641509;969.528962264151;Line 240;1;59.0034973616609
-23.864332889;-47.224732496;970.0;66960;276.2052144082332;969.4052144082332;Line 240;1;59.0034973616609
-23.864197095;-47.224477735;970.8;66930;276.08146655231553;969.2814665523156;Line 240;1;59.0034973616609
-23.864061301;-47.224222974;971.2;66900;275.9577186963979;969.157718696398;Line 240;1;59.0034973616609
-23.863925506;-47.223968214;967.0;66870;275.83397084048016;969.0339708404802;Line 240;0;59.0034973616609
-23.86378971;-47.223713455;960.6;66840;275.71022298456256;968.9102229845626;Line 240;0;59.0034973616609
-23.863653914;-47.223458696;952.8;66810;275.58647512864485;968.786475128645;Line 240;0;59.0034973616609
-23.863518118;-47.223203938;943.4;66780;275.4627272727272;968.6627272727272;Line 240;0;59.0034973616609
-23.863382321;-47.22294918;933.8;66750;275.33897941680954;968.5389794168095;Line 240;0;59.0034973616609
-23.863246524;-47.222694422;923.7;66720;275.2152315608919;968.4152315608919;Line 240;0;59.0034973616609
-23.863110726;-47.222439666;913.5;66690;275.0914837049742;968.2914837049743;Line 240;0;59.0034973616609
-23.862974928;-47.222184909;905.7;66660;274.9677358490565;968.1677358490565;Line 240;0;59.0034973616609
-23.862839129;-47.221930153;900.5;66630;274.84398799313885;968.0439879931389;Line 240;0;59.0034973616609
-23.86270333;-47.221675398;898.1;66600;274.7202401372212;967.9202401372213;Line 240;0;59.0034973616609
-23.862567531;-47.221420643;905.5;66570;274.59649228130354;967.7964922813036;Line 240;0;59.0034973616609
-23.862431731;-47.221165889;914.6;66540;274.4727444253859;967.6727444253859;Line 240;0;59.0034973616609
-23.86229593;-47.220911135;923.4;66510;274.3489965694682;967.5489965694683;Line 240;0;59.0034973616609
-23.862160129;-47.220656382;930.6;66480;274.2252487135505;967.4252487135506;Line 240;0;59.0034973616609
-23.862024328;-47.220401629;936.6;66450;274.10150085763286;967.3015008576328;Line 240;0;59.0034973616609
-23.861888526;-47.220146877;942.0;66420;273.9777530017152;967.1777530017152;Line 240;0;59.0034973616609
-23.861752723;-47.219892125;946.1;66390;273.85400514579754;967.0540051457976;Line 240;0;59.0034973616609
-23.86161692;-47.219637373;949.3;66360;273.7302572898799;966.9302572898799;Line 240;0;59.0034973616609
-23.861481117;-47.219382623;952.4;66330;273.6065094339622;966.8065094339622;Line 240;0;59.0034973616609
-23.861345313;-47.219127872;954.6;66300;273.4827615780445;966.6827615780446;Line 240;0;59.0034973616609
-23.861209509;-47.218873123;949.6;66270;273.35901372212686;966.5590137221269;Line 240;0;59.0034973616609
-23.861073704;-47.218618373;944.5;66240;273.2352658662092;966.4352658662092;Line 240;0;59.0034973616609
-23.860937899;-47.218363625;939.5;66210;273.11151801029155;966.3115180102916;Line 240;0;59.0034973616609
-23.860802094;-47.218108876;931.3;66180;272.98777015437383;966.1877701543739;Line 240;0;59.0034973616609
-23.860666288;-47.217854129;923.6;66150;272.86402229845623;966.0640222984563;Line 240;0;59.0034973616609
-23.860530481;-47.217599381;915.8;66120;272.7402744425385;965.9402744425386;Line 240;0;59.0034973616609
-23.860394674;-47.217344635;912.3;66090;272.61652658662086;965.816526586621;Line 240;0;59.0034973616609
-23.860258867;-47.217089888;912.0;66060;272.4927787307032;965.6927787307033;Line 240;0;59.0034973616609
-23.860123059;-47.216835143;912.5;66030;272.3690308747855;965.5690308747855;Line 240;0;59.0034973616609
-23.85998725;-47.216580397;915.5;66000;272.2452830188679;965.4452830188679;Line 240;0;59.0034973616609
-23.859851441;-47.216325653;922.0;65970;272.1215351629502;965.3215351629502;Line 240;0;59.0034973616609
-23.859715632;-47.216070909;929.5;65940;271.9977873070325;965.1977873070325;Line 240;0;59.0034973616609
-23.859579822;-47.215816165;937.8;65910;271.87403945111487;965.0740394511149;Line 240;0;59.0034973616609
-23.859444012;-47.215561422;943.8;65880;271.75029159519715;964.9502915951972;Line 240;0;59.0034973616609
-23.859308201;-47.215306679;950.0;65850;271.62654373927955;964.8265437392796;Line 240;0;59.0034973616609
-23.85917239;-47.215051937;956.3;65820;271.50279588336184;964.7027958833619;Line 240;0;59.0034973616609
-23.859036578;-47.214797195;955.5;65790;271.3790480274442;964.5790480274443;Line 240;0;59.0034973616609
-23.858900766;-47.214542454;953.8;65760;271.2553001715265;964.4553001715266;Line 240;0;59.0034973616609
-23.858764954;-47.214287713;953.0;65730;271.1315523156089;964.3315523156089;Line 240;0;59.0034973616609
-23.858629141;-47.214032973;951.5;65700;271.0078044596912;964.2078044596913;Line 240;0;59.0034973616609
-23.858493327;-47.213778234;949.0;65670;270.8840566037735;964.0840566037735;Line 240;0;59.0034973616609
-23.858357513;-47.213523495;947.0;65640;270.76030874785585;963.9603087478558;Line 240;0;59.0034973616609
-23.858221699;-47.213268756;945.3;65610;270.6365608919382;963.8365608919382;Line 240;0;59.0034973616609
-23.858085884;-47.213014018;945.6;65580;270.51281303602053;963.7128130360206;Line 240;0;59.0034973616609
-23.857950069;-47.21275928;947.0;65550;270.3890651801029;963.5890651801029;Line 240;0;59.0034973616609
-23.857814253;-47.212504543;949.7;65520;270.26531732418516;963.4653173241852;Line 240;0;59.0034973616609
-23.857678437;-47.212249807;955.0;65490;270.1415694682675;963.3415694682676;Line 240;0;59.0034973616609
-23.85754262;-47.21199507;960.3;65460;270.01782161234985;963.2178216123499;Line 240;0;59.0034973616609
-23.857406803;-47.211740335;966.1;65430;269.8940737564322;963.0940737564322;Line 240;1;59.0034973616609
-23.857270985;-47.2114856;971.4;65400;269.77032590051454;962.9703259005146;Line 240;1;59.0034973616609
-23.857135167;-47.211230865;975.5;65370;269.6465780445968;962.8465780445969;Line 240;1;59.0034973616609
-23.856999348;-47.210976131;979.0;65340;269.52283018867917;962.7228301886792;Line 240;1;59.0034973616609
-23.856863529;-47.210721398;981.2;65310;269.3990823327615;962.5990823327616;Line 240;1;59.0034973616609
-23.85672771;-47.210466665;982.1;65280;269.27533447684385;962.475334476844;Line 240;1;59.0034973616609
-23.85659189;-47.210211932;982.0;65250;269.1515866209262;962.3515866209262;Line 240;1;59.0034973616609
-23.856456069;-47.2099572;982.3;65220;269.0278387650085;962.2278387650085;Line 240;1;59.0034973616609
-23.856320248;-47.209702469;984.0;65190;268.9040909090908;962.1040909090909;Line 240;1;59.0034973616609
-23.856184427;-47.209447738;985.0;65160;268.7803430531732;961.9803430531733;Line 240;1;59.0034973616609
-23.856048605;-47.209193007;985.2;65130;268.6565951972555;961.8565951972555;Line 240;1;59.0034973616609
-23.855912783;-47.208938277;988.5;65100;268.53284734133786;961.7328473413379;Line 240;1;59.0034973616609
-23.85577696;-47.208683548;991.0;65070;268.40909948542014;961.6090994854202;Line 240;1;59.0034973616609
-23.855641137;-47.208428819;992.1;65040;268.2853516295025;961.4853516295025;Line 240;1;59.0034973616609
-23.855505313;-47.20817409;995.5;65010;268.1616037735849;961.3616037735849;Line 240;1;59.0034973616609
-23.855369489;-47.207919362;1000.5;64980;268.0378559176672;961.2378559176673;Line 240;1;59.0034973616609
-23.855233664;-47.207664635;1005.0;64950;267.9141080617495;961.1141080617496;Line 240;1;59.0034973616609
-23.855097839;-47.207409908;1010.7;64920;267.7903602058318;960.9903602058318;Line 240;1;59.0034973616609
-23.854962014;-47.207155181;1018.4;64890;267.66661234991415;960.8666123499142;Line 240;1;59.0034973616609
-23.854826188;-47.206900455;1024.5;64860;267.54286449399655;960.7428644939966;Line 240;1;59.0034973616609
-23.854690361;-47.20664573;1029.6;64830;267.41911663807883;960.6191166380788;Line 240;1;59.0034973616609
-23.854554534;-47.206391005;1035.7;64800;267.2953687821612;960.4953687821612;Line 240;1;59.0034973616609
-23.854418707;-47.206136281;1042.2;64770;267.17162092624346;960.3716209262435;Line 240;1;59.0034973616609
-23.854282879;-47.205881557;1049.1;64740;267.04787307032586;960.2478730703259;Line 240;1;59.0034973616609
-23.854147051;-47.205626833;1051.8;64710;266.9241252144082;960.1241252144082;Line 240;1;59.0034973616609
-23.854011222;-47.205372111;1053.1;64680;266.8003773584905;960.0003773584906;Line 240;1;59.0034973616609
-23.853875393;-47.205117388;1054.6;64650;266.67662950257284;959.8766295025729;Line 240;1;59.0034973616609
-23.853739563;-47.204862666;1053.4;64620;266.5528816466551;959.7528816466552;Line 240;1;59.0034973616609
-23.853603733;-47.204607945;1051.4;64590;266.4291337907375;959.6291337907376;Line 240;1;59.0034973616609
-23.853467902;-47.204353224;1051.6;64560;266.30538593481987;959.50538593482;Line 240;1;59.0034973616609
-23.853332071;-47.204098504;1053.9;64530;266.18163807890215;959.3816380789021;Line 240;1;59.0034973616609
-23.853196239;-47.203843784;1053.4;64500;266.0578902229845;959.2578902229845;Line 240;1;59.0034973616609
-23.853060407;-47.203589065;1053.9;64470;265.9341423670668;959.1341423670668;Line 240;1;59.0034973616609
-23.852924575;-47.203334346;1055.4;64440;265.8103945111492;959.0103945111492;Line 240;1;59.0034973616609
-23.852788742;-47.203079627;1055.0;64410;265.6866466552315;958.8866466552315;Line 240;1;59.0034973616609
-23.852652909;-47.20282491;1055.2;64380;265.5628987993138;958.7628987993139;Line 240;1;59.0034973616609
-23.852517075;-47.202570192;1056.0;64350;265.43915094339616;958.6391509433962;Line 240;1;59.0034973616609
-23.85238124;-47.202315476;1051.9;64320;265.3154030874785;958.5154030874785;Line 240;1;59.0034973616609
-23.852245406;-47.202060759;1049.5;64290;265.19165523156084;958.3916552315609;Line 240;1;59.0034973616609
-23.85210957;-47.201806043;1050.1;64260;265.0679073756432;958.2679073756433;Line 240;1;59.0034973616609
-23.851973735;-47.201551328;1051.4;64230;264.9441595197255;958.1441595197255;Line 240;1;59.0034973616609
-23.851837898;-47.201296613;1050.9;64200;264.8204116638078;958.0204116638079;Line 240;1;59.0034973616609
-23.851702062;-47.201041899;1051.2;64170;264.69666380789016;957.8966638078903;Line 240;1;59.0034973616609
-23.851566225;-47.200787185;1048.4;64140;264.5729159519725;957.7729159519725;Line 240;1;59.0034973616609
-23.851430387;-47.200532472;1040.2;64110;264.44916809605485;957.6491680960548;Line 240;1;59.0034973616609
-23.851294549;-47.200277759;1032.1;64080;264.32542024013713;957.5254202401372;Line 240;1;59.0034973616609
-23.85115871;-47.200023047;1024.3;64050;264.2016723842195;957.4016723842195;Line 240;1;59.0034973616609
-23.851022872;-47.199768335;1018.8;64020;264.0779245283018;957.2779245283018;Line 240;1;59.0034973616609
-23.850887032;-47.199513624;1013.4;63990;263.95417667238416;957.1541766723842;Line 240;1;59.0034973616609
-23.850751192;-47.199258914;1006.8;63960;263.8304288164665;957.0304288164666;Line 240;1;59.0034973616609
-23.850615352;-47.199004203;1004.5;63930;263.7066809605488;956.9066809605488;Line 240;1;59.0034973616609
-23.850479511;-47.198749494;1005.9;63900;263.58293310463114;956.7829331046312;Line 240;1;59.0034973616609
-23.85034367;-47.198494784;1008.4;63870;263.4591852487135;956.6591852487136;Line 240;1;59.0034973616609
-23.850207828;-47.198240076;1013.1;63840;263.3354373927958;956.5354373927959;Line 240;1;59.0034973616609
-23.850071986;-47.197985368;1019.9;63810;263.21168953687817;956.4116895368782;Line 240;1;59.0034973616609
-23.849936143;-47.19773066;1025.7;63780;263.08794168096045;956.2879416809606;Line 240;1;59.0034973616609
-23.8498003;-47.197475953;1028.4;63750;262.96419382504286;956.164193825043;Line 240;1;59.0034973616609
-23.849664456;-47.197221246;1023.2;63720;262.84044596912514;956.0404459691251;Line 240;1;59.0034973616609
-23.849528612;-47.19696654;1019.6;63690;262.7166981132075;955.9166981132075;Line 240;1;59.0034973616609
-23.849392768;-47.196711834;1017.7;63660;262.59295025728983;955.7929502572899;Line 240;1;59.0034973616609
-23.849256923;-47.196457129;1017.3;63630;262.4692024013721;955.6692024013721;Line 240;1;59.0034973616609
-23.849121077;-47.196202425;1017.2;63600;262.3454545454545;955.5454545454545;Line 240;1;59.0034973616609
-23.848985231;-47.195947721;1015.1;63570;262.2217066895368;955.4217066895369;Line 240;1;59.0034973616609
-23.848849385;-47.195693017;1012.8;63540;262.09795883361915;955.2979588336192;Line 240;1;59.0034973616609
-23.848713538;-47.195438314;1010.7;63510;261.9742109777015;955.1742109777015;Line 240;1;59.0034973616609
-23.848577691;-47.195183611;1008.9;63480;261.8504631217838;955.0504631217839;Line 240;1;59.0034973616609
-23.848441843;-47.194928909;1006.8;63450;261.7267152658662;954.9267152658663;Line 240;1;59.0034973616609
-23.848305995;-47.194674208;1005.0;63420;261.60296740994846;954.8029674099485;Line 240;1;59.0034973616609
-23.848170146;-47.194419507;1006.0;63390;261.4792195540308;954.6792195540309;Line 240;1;59.0034973616609
-23.848034297;-47.194164806;1008.2;63360;261.35547169811315;954.5554716981133;Line 240;1;59.0034973616609
-23.847898447;-47.193910106;1008.2;63330;261.2317238421955;954.4317238421955;Line 240;1;59.0034973616609
-23.847762597;-47.193655406;1008.3;63300;261.10797598627784;954.3079759862778;Line 240;1;59.0034973616609
-23.847626747;-47.193400707;1008.7;63270;260.9842281303601;954.1842281303602;Line 240;1;59.0034973616609
-23.847490896;-47.193146009;1008.2;63240;260.86048027444247;954.0604802744425;Line 240;1;59.0034973616609
-23.847355044;-47.192891311;1007.2;63210;260.7367324185248;953.9367324185248;Line 240;1;59.0034973616609
-23.847219192;-47.192636613;1007.6;63180;260.61298456260715;953.8129845626072;Line 240;1;59.0034973616609
-23.84708334;-47.192381916;1008.6;63150;260.4892367066895;953.6892367066896;Line 240;1;59.0034973616609
-23.846947487;-47.19212722;1008.7;63120;260.3654888507718;953.5654888507718;Line 240;1;59.0034973616609
-23.846811634;-47.191872524;1008.3;63090;260.2417409948541;953.4417409948542;Line 240;1;59.0034973616609
-23.84667578;-47.191617828;1007.4;63060;260.11799313893647;953.3179931389366;Line 240;1;59.0034973616609
-23.846539926;-47.191363133;1007.7;63030;259.9942452830188;953.1942452830189;Line 240;1;59.0034973616609
-23.846404071;-47.191108439;1008.8;63000;259.87049742710116;953.0704974271011;Line 240;1;59.0034973616609
-23.846268216;-47.190853745;1010.6;62970;259.74674957118344;952.9467495711835;Line 240;1;59.0034973616609
-23.84613236;-47.190599051;1009.9;62940;259.6230017152658;952.8230017152658;Line 240;1;59.0034973616609
-23.845996504;-47.190344358;1008.4;62910;259.49925385934813;952.6992538593481;Line 240;1;59.0034973616609
-23.845860648;-47.190089666;1006.3;62880;259.3755060034305;952.5755060034305;Line 240;1;59.0034973616609
-23.845724791;-47.189834974;997.8;62850;259.2517581475128;952.4517581475129;Line 240;1;59.0034973616609
-23.845588933;-47.189580283;988.5;62820;259.1280102915951;952.3280102915951;Line 240;1;59.0034973616609
-23.845453075;-47.189325592;980.7;62790;259.00426243567745;952.2042624356775;Line 240;1;59.0034973616609
-23.845317217;-47.189070901;976.7;62760;258.88051457975985;952.0805145797599;Line 240;1;59.0034973616609
-23.845181358;-47.188816211;976.5;62730;258.75676672384213;951.9567667238422;Line 240;1;59.0034973616609
-23.845045499;-47.188561522;975.7;62700;258.6330188679245;951.8330188679245;Line 240;1;59.0034973616609
-23.844909639;-47.188306833;975.8;62670;258.50927101200676;951.7092710120069;Line 240;1;59.0034973616609
-23.844773779;-47.188052145;979.1;62640;258.3855231560891;951.5855231560892;Line 240;1;59.0034973616609
-23.844637918;-47.187797457;981.6;62610;258.2617753001715;951.4617753001716;Line 240;1;59.0034973616609
-23.844502057;-47.187542769;983.5;62580;258.1380274442538;951.3380274442538;Line 240;1;59.0034973616609
-23.844366195;-47.187288083;987.5;62550;258.01427958833614;951.2142795883362;Line 240;1;59.0034973616609
-23.844230333;-47.187033396;991.3;62520;257.8905317324184;951.0905317324184;Line 240;1;59.0034973616609
-23.84409447;-47.18677871;996.6;62490;257.76678387650077;950.9667838765008;Line 240;1;59.0034973616609
-23.843958607;-47.186524025;999.9;62460;257.64303602058317;950.8430360205832;Line 240;1;59.0034973616609
-23.843822744;-47.18626934;999.4;62430;257.51928816466545;950.7192881646655;Line 240;1;59.0034973616609
-23.84368688;-47.186014656;997.6;62400;257.3955403087478;950.5955403087478;Line 240;1;59.0034973616609
-23.843551016;-47.185759972;993.6;62370;257.2717924528301;950.4717924528302;Line 240;1;59.0034973616609
-23.843415151;-47.185505289;987.0;62340;257.1480445969125;950.3480445969126;Line 240;1;59.0034973616609
-23.843279285;-47.185250606;982.5;62310;257.0242967409948;950.2242967409949;Line 240;1;59.0034973616609
-23.84314342;-47.184995924;981.8;62280;256.9005488850771;950.1005488850772;Line 240;1;59.0034973616609
-23.843007553;-47.184741242;982.8;62250;256.77680102915946;949.9768010291596;Line 240;1;59.0034973616609
-23.842871687;-47.184486561;982.4;62220;256.65305317324174;949.8530531732417;Line 240;1;59.0034973616609
-23.842735819;-47.18423188;980.6;62190;256.52930531732414;949.7293053173241;Line 240;1;59.0034973616609
-23.842599952;-47.1839772;978.8;62160;256.4055574614065;949.6055574614065;Line 240;1;59.0034973616609
-23.842464084;-47.18372252;977.0;62130;256.2818096054888;949.4818096054888;Line 240;1;59.0034973616609
-23.842328215;-47.183467841;977.1;62100;256.1580617495711;949.3580617495711;Line 240;1;59.0034973616609
-23.842192346;-47.183213162;979.6;62070;256.0343138936534;949.2343138936535;Line 240;1;59.0034973616609
-23.842056476;-47.182958484;984.8;62040;255.91056603773578;949.1105660377358;Line 240;1;59.0034973616609
-23.841920606;-47.182703806;989.9;62010;255.78681818181815;948.9868181818182;Line 240;1;59.0034973616609
-23.841784736;-47.182449129;994.5;61980;255.66307032590043;948.8630703259005;Line 240;1;59.0034973616609
-23.841648865;-47.182194452;997.3;61950;255.5393224699828;948.7393224699829;Line 240;1;59.0034973616609
-23.841512994;-47.181939776;995.8;61920;255.4155746140651;948.6155746140652;Line 240;1;59.0034973616609
-23.841377122;-47.1816851;992.7;61890;255.29182675814744;948.4918267581475;Line 240;1;59.0034973616609
-23.84124125;-47.181430425;987.3;61860;255.1680789022298;948.3680789022299;Line 240;1;59.0034973616609
-23.841105377;-47.18117575;982.1;61830;255.0443310463121;948.2443310463121;Line 240;1;59.0034973616609
-23.840969504;-47.180921076;977.2;61800;254.92058319039447;948.1205831903945;Line 240;1;59.0034973616609
-23.84083363;-47.180666402;974.0;61770;254.79683533447675;947.9968353344768;Line 240;1;59.0034973616609
-23.840697756;-47.180411729;976.4;61740;254.67308747855913;947.8730874785592;Line 240;1;59.0034973616609
-23.840561881;-47.180157056;979.3;61710;254.54933962264147;947.7493396226415;Line 240;1;59.0034973616609
-23.840426006;-47.179902384;982.5;61680;254.42559176672376;947.6255917667238;Line 240;1;59.0034973616609
-23.840290131;-47.179647713;984.5;61650;254.30184391080613;947.5018439108062;Line 240;1;59.0034973616609
-23.840154255;-47.179393042;985.0;61620;254.1780960548884;947.3780960548885;Line 240;1;59.0034973616609
-23.840018378;-47.179138371;983.9;61590;254.05434819897079;947.2543481989708;Line 240;1;59.0034973616609
-23.839882502;-47.178883701;981.4;61560;253.93060034305313;947.1306003430532;Line 240;1;59.0034973616609
-23.839746624;-47.178629031;978.1;61530;253.80685248713544;947.0068524871355;Line 240;1;59.0034973616609
-23.839610746;-47.178374362;974.1;61500;253.6831046312178;946.8831046312179;Line 240;1;59.0034973616609
-23.839474868;-47.178119693;973.0;61470;253.55935677530007;946.7593567753001;Line 240;1;59.0034973616609
-23.839338989;-47.177865025;972.6;61440;253.43560891938245;946.6356089193825;Line 240;1;59.0034973616609
-23.83920311;-47.177610358;972.5;61410;253.3118610634648;946.5118610634648;Line 240;1;59.0034973616609
-23.83906723;-47.177355691;978.0;61380;253.1881132075471;946.3881132075471;Line 240;1;59.0034973616609
-23.83893135;-47.177101024;987.7;61350;253.06436535162945;946.2643653516295;Line 240;1;59.0034973616609
-23.83879547;-47.176846358;998.0;61320;252.94061749571176;946.1406174957118;Line 240;1;59.0034973616609
-23.838659589;-47.176591693;1006.8;61290;252.8168696397941;946.0168696397941;Line 240;1;59.0034973616609
-23.838523707;-47.176337028;1009.9;61260;252.69312178387645;945.8931217838765;Line 240;1;59.0034973616609
-23.838387825;-47.176082363;1011.6;61230;252.56937392795876;945.7693739279588;Line 240;1;59.0034973616609
-23.838251943;-47.175827699;1010.2;61200;252.4456260720411;945.6456260720412;Line 240;1;59.0034973616609
-23.83811606;-47.175573035;1000.8;61170;252.32187821612342;945.5218782161235;Line 240;1;59.0034973616609
-23.837980176;-47.175318372;990.7;61140;252.19813036020577;945.3981303602059;Line 240;1;59.0034973616609
-23.837844293;-47.17506371;979.9;61110;252.0743825042881;945.2743825042882;Line 240;1;59.0034973616609
-23.837708408;-47.174809048;968.3;61080;251.95063464837042;945.1506346483704;Line 240;1;59.0034973616609
-23.837572523;-47.174554386;957.2;61050;251.82688679245277;945.0268867924528;Line 240;1;59.0034973616609
-23.837436638;-47.174299725;948.0;61020;251.70313893653508;944.9031389365351;Line 240;1;59.0034973616609
-23.837300753;-47.174045065;946.0;60990;251.57939108061743;944.7793910806174;Line 240;1;59.0034973616609
-23.837164866;-47.173790405;949.1;60960;251.4556432246998;944.6556432246998;Line 240;1;59.0034973616609
-23.83702898;-47.173535746;952.3;60930;251.33189536878209;944.5318953687821;Line 240;1;59.0034973616609
-23.836893093;-47.173281087;955.4;60900;251.20814751286443;944.4081475128645;Line 240;1;59.0034973616609
-23.836757205;-47.173026428;956.8;60870;251.08439965694674;944.2843996569468;Line 240;1;59.0034973616609
-23.836621317;-47.17277177;957.4;60840;250.9606518010291;944.1606518010292;Line 240;1;59.0034973616609
-23.836485429;-47.172517113;957.0;60810;250.83690394511146;944.0369039451115;Line 240;1;59.0034973616609
-23.83634954;-47.172262456;959.4;60780;250.71315608919375;943.9131560891938;Line 240;1;59.0034973616609
-23.836213651;-47.172007799;962.4;60750;250.58940823327612;943.7894082332762;Line 240;1;59.0034973616609
-23.836077761;-47.171753143;965.7;60720;250.4656603773584;943.6656603773584;Line 240;1;59.0034973616609
-23.83594187;-47.171498488;966.7;60690;250.34191252144075;943.5419125214407;Line 240;1;59.0034973616609
-23.83580598;-47.171243833;966.6;60660;250.21816466552312;943.4181646655231;Line 240;1;59.0034973616609
-23.835670088;-47.170989179;967.2;60630;250.0944168096054;943.2944168096054;Line 240;1;59.0034973616609
-23.835534197;-47.170734525;967.0;60600;249.97066895368778;943.1706689536878;Line 240;1;59.0034973616609
-23.835398305;-47.170479872;966.9;60570;249.84692109777006;943.0469210977701;Line 240;1;59.0034973616609
-23.835262412;-47.170225219;968.2;60540;249.72317324185244;942.9231732418525;Line 240;1;59.0034973616609
-23.835126519;-47.169970566;970.9;60510;249.59942538593478;942.7994253859348;Line 240;1;59.0034973616609
-23.834990625;-47.169715914;971.9;60480;249.47567753001707;942.6756775300171;Line 240;1;59.0034973616609
-23.834854731;-47.169461263;971.5;60450;249.35192967409944;942.5519296740995;Line 240;1;59.0034973616609
-23.834718837;-47.169206612;969.7;60420;249.22818181818172;942.4281818181818;Line 240;1;59.0034973616609
-23.834582942;-47.168951962;964.3;60390;249.1044339622641;942.3044339622642;Line 240;1;59.0034973616609
-23.834447047;-47.168697312;958.1;60360;248.98068610634644;942.1806861063465;Line 240;1;59.0034973616609
-23.834311151;-47.168442663;951.6;60330;248.85693825042875;942.0569382504289;Line 240;1;59.0034973616609
-23.834175254;-47.168188014;945.6;60300;248.7331903945111;941.9331903945111;Line 240;1;59.0034973616609
-23.834039358;-47.167933366;941.2;60270;248.60944253859338;941.8094425385934;Line 240;0;59.0034973616609
-23.83390346;-47.167678718;936.5;60240;248.48569468267576;941.6856946826758;Line 240;0;59.0034973616609
-23.833767563;-47.167424071;932.4;60210;248.3619468267581;941.5619468267581;Line 240;0;59.0034973616609
-23.833631665;-47.167169424;929.2;60180;248.23819897084041;941.4381989708404;Line 240;0;59.0034973616609
-23.833495766;-47.166914778;924.2;60150;248.11445111492276;941.3144511149228;Line 240;0;59.0034973616609
-23.833359867;-47.166660132;917.5;60120;247.99070325900507;941.1907032590051;Line 240;0;59.0034973616609
-23.833223967;-47.166405487;912.3;60090;247.86695540308742;941.0669554030875;Line 240;0;59.0034973616609
-23.833088067;-47.166150842;908.0;60060;247.74320754716976;940.9432075471698;Line 240;0;59.0034973616609
-23.832952167;-47.165896198;903.9;60030;247.61945969125208;940.8194596912522;Line 240;0;59.0034973616609
-23.832816266;-47.165641554;900.0;60000;247.49571183533442;940.6957118353345;Line 240;0;59.0034973616609
-23.832680365;-47.165386911;894.4;59970;247.37196397941673;940.5719639794168;Line 240;0;59.0034973616609
-23.832544463;-47.165132268;886.9;59940;247.24821612349908;940.4482161234992;Line 240;0;59.0034973616609
-23.83240856;-47.164877626;875.7;59910;247.12446826758142;940.3244682675814;Line 240;0;59.0034973616609
-23.832272658;-47.164622984;863.2;59880;247.00072041166374;940.2007204116637;Line 240;0;59.0034973616609
-23.832136754;-47.164368343;850.7;59850;246.87697255574608;940.0769725557461;Line 240;0;59.0034973616609
-23.832000851;-47.164113702;838.6;59820;246.7532246998284;939.9532246998284;Line 240;0;59.0034973616609
-23.831864946;-47.163859062;829.2;59790;246.62947684391074;939.8294768439108;Line 240;0;59.0034973616609
-23.831729042;-47.163604422;820.2;59760;246.5057289879931;939.7057289879931;Line 240;0;59.0034973616609
-23.831593137;-47.163349783;812.5;59730;246.3819811320754;939.5819811320755;Line 240;0;59.0034973616609
-23.831457231;-47.163095144;812.5;59700;246.25823327615774;939.4582332761578;Line 240;0;59.0034973616609
-23.831321325;-47.162840506;813.7;59670;246.13448542024005;939.3344854202401;Line 240;0;59.0034973616609
-23.831185419;-47.162585869;815.6;59640;246.0107375643224;939.2107375643225;Line 240;0;59.0034973616609
-23.831049512;-47.162331231;817.4;59610;245.88698970840477;939.0869897084049;Line 240;0;59.0034973616609
-23.830913604;-47.162076595;819.5;59580;245.76324185248706;938.963241852487;Line 240;0;59.0034973616609
-23.830777697;-47.161821959;819.6;59550;245.63949399656943;938.8394939965694;Line 240;0;59.0034973616609
-23.830641788;-47.161567323;816.3;59520;245.51574614065171;938.7157461406517;Line 240;0;59.0034973616609
-23.83050588;-47.161312688;814.4;59490;245.39199828473406;938.5919982847341;Line 240;0;59.0034973616609
-23.83036997;-47.161058053;813.9;59460;245.26825042881643;938.4682504288164;Line 240;0;59.0034973616609
-23.830234061;-47.160803419;814.4;59430;245.14450257289872;938.3445025728988;Line 240;0;59.0034973616609
-23.83009815;-47.160548786;814.1;59400;245.0207547169811;938.2207547169811;Line 240;0;59.0034973616609
-23.82996224;-47.160294153;813.7;59370;244.89700686106337;938.0970068610634;Line 240;0;59.0034973616609
-23.829826329;-47.16003952;811.3;59340;244.77325900514575;937.9732590051458;Line 240;0;59.0034973616609
-23.829690417;-47.159784888;803.2;59310;244.6495111492281;937.8495111492282;Line 240;0;59.0034973616609
-23.829554505;-47.159530256;794.5;59280;244.52576329331038;937.7257632933104;Line 240;0;59.0034973616609
-23.829418593;-47.159275625;786.2;59250;244.40201543739275;937.6020154373928;Line 240;0;59.0034973616609
-23.82928268;-47.159020995;776.1;59220;244.27826758147503;937.478267581475;Line 240;0;59.0034973616609
-23.829146766;-47.158766365;764.6;59190;244.1545197255574;937.3545197255575;Line 240;0;59.0034973616609
-23.829010853;-47.158511735;754.4;59160;244.03077186963975;937.2307718696397;Line 240;0;59.0034973616609
-23.828874938;-47.158257106;746.0;59130;243.90702401372207;937.1070240137221;Line 240;0;59.0034973616609
-23.828739023;-47.158002478;741.6;59100;243.7832761578044;936.9832761578044;Line 240;0;59.0034973616609
-23.828603108;-47.15774785;737.7;59070;243.6595283018867;936.8595283018867;Line 240;0;59.0034973616609
-23.828467192;-47.157493222;734.6;59040;243.53578044596907;936.7357804459691;Line 240;0;59.0034973616609
-23.828331276;-47.157238595;738.3;59010;243.4120325900514;936.6120325900515;Line 240;0;59.0034973616609
-23.82819536;-47.156983969;744.4;58980;243.28828473413373;936.4882847341338;Line 240;0;59.0034973616609
-23.828059443;-47.156729343;750.4;58950;243.16453687821607;936.3645368782161;Line 240;0;59.0034973616609
-23.827923525;-47.156474717;759.6;58920;243.04078902229838;936.2407890222985;Line 240;0;59.0034973616609
-23.827787607;-47.156220092;770.9;58890;242.91704116638073;936.1170411663808;Line 240;0;59.0034973616609
-23.827651689;-47.155965468;783.4;58860;242.79329331046307;935.9932933104631;Line 240;0;59.0034973616609
-23.82751577;-47.155710844;795.8;58830;242.66954545454539;935.8695454545455;Line 240;0;59.0034973616609
-23.82737985;-47.15545622;804.7;58800;242.54579759862773;935.7457975986277;Line 240;0;59.0034973616609
-23.82724393;-47.155201598;813.9;58770;242.42204974271004;935.62204974271;Line 240;0;59.0034973616609
-23.82710801;-47.154946975;822.8;58740;242.2983018867924;935.4983018867924;Line 240;0;59.0034973616609
-23.826972089;-47.154692353;828.4;58710;242.17455403087473;935.3745540308748;Line 240;0;59.0034973616609
-23.826836168;-47.154437732;834.5;58680;242.05080617495705;935.2508061749571;Line 240;0;59.0034973616609
-23.826700246;-47.154183111;841.2;58650;241.9270583190394;935.1270583190394;Line 240;0;59.0034973616609
-23.826564324;-47.15392849;845.7;58620;241.8033104631217;935.0033104631218;Line 240;0;59.0034973616609
-23.826428402;-47.153673871;849.6;58590;241.67956260720405;934.8795626072041;Line 240;0;59.0034973616609
-23.826292478;-47.153419251;853.0;58560;241.55581475128642;934.7558147512865;Line 240;0;59.0034973616609
-23.826156555;-47.153164632;850.4;58530;241.4320668953687;934.6320668953688;Line 240;0;59.0034973616609
-23.826020631;-47.152910014;843.6;58500;241.30831903945105;934.5083190394511;Line 240;0;59.0034973616609
-23.825884706;-47.152655396;835.5;58470;241.18457118353336;934.3845711835334;Line 240;0;59.0034973616609
-23.825748782;-47.152400779;827.7;58440;241.0608233276157;934.2608233276158;Line 240;0;59.0034973616609
-23.825612856;-47.152146162;821.2;58410;240.93707547169808;934.1370754716982;Line 240;0;59.0034973616609
-23.82547693;-47.151891546;815.3;58380;240.81332761578037;934.0133276157804;Line 240;0;59.0034973616609
-23.825341004;-47.15163693;810.1;58350;240.68957975986274;933.8895797598627;Line 240;0;59.0034973616609
-23.825205077;-47.151382314;806.3;58320;240.56583190394502;933.7658319039451;Line 240;0;59.0034973616609
-23.82506915;-47.1511277;802.3;58290;240.44208404802737;933.6420840480274;Line 240;0;59.0034973616609
-23.824933222;-47.150873085;797.8;58260;240.31833619210974;933.5183361921098;Line 240;0;59.0034973616609
-23.824797294;-47.150618472;801.0;58230;240.19458833619203;933.3945883361921;Line 240;0;59.0034973616609
-23.824661365;-47.150363858;806.6;58200;240.0708404802744;933.2708404802745;Line 240;0;59.0034973616609
-23.824525436;-47.150109245;813.4;58170;239.94709262435669;933.1470926243567;Line 240;0;59.0034973616609
-23.824389507;-47.149854633;816.5;58140;239.82334476843906;933.0233447684391;Line 240;0;59.0034973616609
-23.824253577;-47.149600021;815.1;58110;239.69959691252137;932.8995969125215;Line 240;0;59.0034973616609
-23.824117646;-47.14934541;812.1;58080;239.57584905660372;932.7758490566038;Line 240;0;59.0034973616609
-23.823981715;-47.149090799;806.8;58050;239.45210120068606;932.652101200686;Line 240;0;59.0034973616609
-23.823845784;-47.148836189;798.0;58020;239.32835334476837;932.5283533447684;Line 240;0;59.0034973616609
-23.823709852;-47.148581579;788.4;57990;239.20460548885072;932.4046054888507;Line 240;0;59.0034973616609
-23.82357392;-47.14832697;778.1;57960;239.08085763293303;932.280857632933;Line 240;0;59.0034973616609
-23.823437987;-47.148072361;770.3;57930;238.95710977701538;932.1571097770154;Line 240;0;59.0034973616609
-23.823302054;-47.147817753;762.6;57900;238.83336192109772;932.0333619210978;Line 240;0;59.0034973616609
-23.82316612;-47.147563146;755.4;57870;238.70961406518003;931.9096140651801;Line 240;0;59.0034973616609
-23.823030186;-47.147308538;756.0;57840;238.58586620926238;931.7858662092624;Line 240;0;59.0034973616609
-23.822894251;-47.147053932;760.1;57810;238.4621183533447;931.6621183533448;Line 240;0;59.0034973616609
-23.822758316;-47.146799325;765.7;57780;238.33837049742706;931.5383704974271;Line 240;0;59.0034973616609
-23.822622381;-47.14654472;773.8;57750;238.21462264150938;931.4146226415094;Line 240;0;59.0034973616609
-23.822486445;-47.146290115;784.5;57720;238.0908747855917;931.2908747855918;Line 240;0;59.0034973616609
-23.822350508;-47.14603551;794.8;57690;237.96712692967404;931.167126929674;Line 240;0;59.0034973616609
-23.822214571;-47.145780906;804.2;57660;237.84337907375635;931.0433790737563;Line 240;0;59.0034973616609
-23.822078634;-47.145526302;807.1;57630;237.71963121783872;930.9196312178387;Line 240;0;59.0034973616609
-23.821942696;-47.145271699;810.0;57600;237.59588336192104;930.7958833619211;Line 240;0;59.0034973616609
-23.821806758;-47.145017096;813.0;57570;237.47213550600338;930.6721355060034;Line 240;0;59.0034973616609
-23.821670819;-47.144762494;815.6;57540;237.3483876500857;930.5483876500857;Line 240;0;59.0034973616609
-23.82153488;-47.144507893;819.0;57510;237.224639794168;930.4246397941681;Line 240;0;59.0034973616609
-23.82139894;-47.144253291;823.0;57480;237.10089193825038;930.3008919382504;Line 240;0;59.0034973616609
-23.821263;-47.143998691;829.7;57450;236.9771440823327;930.1771440823327;Line 240;0;59.0034973616609
-23.821127059;-47.143744091;837.8;57420;236.85339622641504;930.0533962264151;Line 240;0;59.0034973616609
-23.820991118;-47.143489491;845.8;57390;236.72964837049736;929.9296483704974;Line 240;0;59.0034973616609
-23.820855177;-47.143234892;850.8;57360;236.6059005145797;929.8059005145798;Line 240;0;59.0034973616609
-23.820719235;-47.142980294;850.1;57330;236.48215265866205;929.6821526586621;Line 240;0;59.0034973616609
-23.820583292;-47.142725695;850.5;57300;236.35840480274436;929.5584048027445;Line 240;0;59.0034973616609
-23.820447349;-47.142471098;851.8;57270;236.2346569468267;929.4346569468267;Line 240;0;59.0034973616609
-23.820311406;-47.142216501;851.0;57240;236.11090909090902;929.310909090909;Line 240;0;59.0034973616609
-23.820175462;-47.141961904;850.5;57210;235.98716123499136;929.1871612349914;Line 240;0;59.0034973616609
-23.820039518;-47.141707308;850.3;57180;235.8634133790737;929.0634133790737;Line 240;0;59.0034973616609
-23.819903573;-47.141452713;846.3;57150;235.73966552315605;928.9396655231561;Line 240;0;59.0034973616609
-23.819767628;-47.141198118;839.9;57120;235.61591766723836;928.8159176672384;Line 240;0;59.0034973616609
-23.819631682;-47.140943523;832.3;57090;235.49216981132068;928.6921698113207;Line 240;0;59.0034973616609
-23.819495736;-47.140688929;822.8;57060;235.36842195540302;928.5684219554031;Line 240;0;59.0034973616609
-23.819359789;-47.140434336;811.9;57030;235.24467409948537;928.4446740994854;Line 240;0;59.0034973616609
-23.819223842;-47.140179743;799.9;57000;235.1209262435677;928.3209262435678;Line 240;0;59.0034973616609
-23.819087895;-47.13992515;790.2;56970;234.99717838765002;928.1971783876501;Line 240;0;59.0034973616609
-23.818951947;-47.139670558;784.7;56940;234.87343053173237;928.0734305317324;Line 240;0;59.0034973616609
-23.818815998;-47.139415967;778.1;56910;234.74968267581468;927.9496826758148;Line 240;0;59.0034973616609
-23.81868005;-47.139161376;770.5;56880;234.62593481989703;927.825934819897;Line 240;0;59.0034973616609
-23.8185441;-47.138906785;768.3;56850;234.50218696397937;927.7021869639794;Line 240;0;59.0034973616609
-23.81840815;-47.138652195;765.2;56820;234.37843910806168;927.5784391080617;Line 240;0;59.0034973616609
-23.8182722;-47.138397606;763.1;56790;234.25469125214403;927.4546912521441;Line 240;0;59.0034973616609
-23.818136249;-47.138143017;763.8;56760;234.13094339622634;927.3309433962264;Line 240;0;59.0034973616609
-23.818000298;-47.137888429;764.8;56730;234.0071955403087;927.2071955403087;Line 240;0;59.0034973616609
-23.817864346;-47.137633841;765.6;56700;233.88344768439103;927.0834476843911;Line 240;0;59.0034973616609
-23.817728394;-47.137379253;766.2;56670;233.75969982847334;926.9596998284734;Line 240;0;59.0034973616609
-23.817592442;-47.137124666;765.5;56640;233.6359519725557;926.8359519725557;Line 240;0;59.0034973616609
-23.817456489;-47.13687008;763.8;56610;233.512204116638;926.7122041166381;Line 240;0;59.0034973616609
-23.817320535;-47.136615494;763.9;56580;233.38845626072037;926.5884562607205;Line 240;0;59.0034973616609
-23.817184581;-47.136360909;765.2;56550;233.2647084048027;926.4647084048028;Line 240;0;59.0034973616609
-23.817048627;-47.136106324;765.2;56520;233.140960548885;926.340960548885;Line 240;0;59.0034973616609
-23.816912672;-47.135851739;764.1;56490;233.01721269296735;926.2172126929675;Line 240;0;59.0034973616609
-23.816776716;-47.135597155;763.2;56460;232.89346483704966;926.0934648370497;Line 240;0;59.0034973616609
-23.81664076;-47.135342572;761.1;56430;232.76971698113204;925.969716981132;Line 240;0;59.0034973616609
-23.816504804;-47.135087989;760.1;56400;232.64596912521435;925.8459691252144;Line 240;0;59.0034973616609
-23.816368847;-47.134833407;761.1;56370;232.5222212692967;925.7222212692967;Line 240;0;59.0034973616609
-23.81623289;-47.134578825;761.7;56340;232.398473413379;925.598473413379;Line 240;0;59.0034973616609
-23.816096933;-47.134324244;760.3;56310;232.27472555746132;925.4747255574614;Line 240;0;59.0034973616609
-23.815960974;-47.134069663;758.2;56280;232.1509777015437;925.3509777015438;Line 240;0;59.0034973616609
-23.815825016;-47.133815083;757.7;56250;232.027229845626;925.2272298456261;Line 240;0;59.0034973616609
-23.815689057;-47.133560503;758.9;56220;231.90348198970835;925.1034819897084;Line 240;0;59.0034973616609
-23.815553097;-47.133305924;760.3;56190;231.77973413379067;924.9797341337908;Line 240;0;59.0034973616609
-23.815417137;-47.133051345;763.4;56160;231.655986277873;924.8559862778731;Line 240;0;59.0034973616609
-23.815281177;-47.132796766;767.1;56130;231.53223842195536;924.7322384219553;Line 240;0;59.0034973616609
-23.815145216;-47.132542189;771.3;56100;231.40849056603767;924.6084905660377;Line 240;0;59.0034973616609
-23.815009255;-47.132287611;778.0;56070;231.28474271012;924.48474271012;Line 240;0;59.0034973616609
-23.814873293;-47.132033035;782.0;56040;231.16099485420233;924.3609948542023;Line 240;0;59.0034973616609
-23.814737331;-47.131778458;784.3;56010;231.03724699828467;924.2372469982847;Line 240;0;59.0034973616609
-23.814601368;-47.131523883;787.3;55980;230.91349914236702;924.1134991423671;Line 240;0;59.0034973616609
-23.814465405;-47.131269307;792.4;55950;230.78975128644936;923.9897512864494;Line 240;0;59.0034973616609
-23.814329441;-47.131014733;798.7;55920;230.66600343053167;923.8660034305317;Line 240;0;59.0034973616609
-23.814193477;-47.130760159;805.1;55890;230.542255574614;923.7422555746141;Line 240;0;59.0034973616609
-23.814057512;-47.130505585;807.3;55860;230.41850771869633;923.6185077186964;Line 240;0;59.0034973616609
-23.813921547;-47.130251012;809.3;55830;230.29475986277868;923.4947598627787;Line 240;0;59.0034973616609
-23.813785582;-47.129996439;811.6;55800;230.17101200686102;923.3710120068611;Line 240;0;59.0034973616609
-23.813649616;-47.129741867;810.7;55770;230.04726415094333;923.2472641509434;Line 240;0;59.0034973616609
-23.813513649;-47.129487295;809.1;55740;229.92351629502568;923.1235162950258;Line 240;0;59.0034973616609
-23.813377682;-47.129232724;807.0;55710;229.799768439108;922.999768439108;Line 240;0;59.0034973616609
-23.813241715;-47.128978153;810.4;55680;229.67602058319034;922.8760205831904;Line 240;0;59.0034973616609
-23.813105747;-47.128723583;816.2;55650;229.55227272727268;922.7522727272727;Line 240;0;59.0034973616609
-23.812969779;-47.128469013;822.1;55620;229.428524871355;922.628524871355;Line 240;0;59.0034973616609
-23.81283381;-47.128214444;828.7;55590;229.30477701543734;922.5047770154374;Line 240;0;59.0034973616609
-23.812697841;-47.127959876;834.7;55560;229.18102915951965;922.3810291595197;Line 240;0;59.0034973616609
-23.812561871;-47.127705307;839.1;55530;229.057281303602;922.257281303602;Line 240;0;59.0034973616609
-23.812425901;-47.12745074;846.0;55500;228.93353344768434;922.1335334476844;Line 240;0;59.0034973616609
-23.812289931;-47.127196173;857.7;55470;228.80978559176665;922.0097855917667;Line 240;0;59.0034973616609
-23.81215396;-47.126941606;869.5;55440;228.686037735849;921.8860377358491;Line 240;0;59.0034973616609
-23.812017988;-47.12668704;881.5;55410;228.5622898799313;921.7622898799314;Line 240;0;59.0034973616609
-23.811882016;-47.126432474;886.9;55380;228.43854202401369;921.6385420240138;Line 240;0;59.0034973616609
-23.811746044;-47.126177909;890.1;55350;228.314794168096;921.514794168096;Line 240;0;59.0034973616609
-23.811610071;-47.125923345;892.4;55320;228.19104631217832;921.3910463121783;Line 240;0;59.0034973616609
-23.811474098;-47.125668781;896.6;55290;228.06729845626066;921.2672984562607;Line 240;0;59.0034973616609
-23.811338124;-47.125414217;901.3;55260;227.94355060034297;921.143550600343;Line 240;0;59.0034973616609
-23.81120215;-47.125159654;905.7;55230;227.81980274442535;921.0198027444254;Line 240;0;59.0034973616609
-23.811066175;-47.124905091;911.2;55200;227.69605488850766;920.8960548885077;Line 240;0;59.0034973616609
-23.8109302;-47.124650529;918.8;55170;227.57230703259;920.7723070325901;Line 240;0;59.0034973616609
-23.810794224;-47.124395968;925.7;55140;227.44855917667232;920.6485591766724;Line 240;1;59.0034973616609
-23.810658248;-47.124141407;933.1;55110;227.32481132075463;920.5248113207547;Line 240;1;59.0034973616609
-23.810522271;-47.123886846;940.7;55080;227.201063464837;920.4010634648371;Line 240;1;59.0034973616609
-23.810386294;-47.123632286;948.6;55050;227.07731560891932;920.2773156089194;Line 240;1;59.0034973616609
-23.810250317;-47.123377727;956.8;55020;226.95356775300166;920.1535677530017;Line 240;1;59.0034973616609
-23.810114339;-47.123123168;960.9;54990;226.82981989708398;920.029819897084;Line 240;1;59.0034973616609
-23.809978361;-47.122868609;963.4;54960;226.70607204116632;919.9060720411663;Line 240;1;59.0034973616609
-23.809842382;-47.122614051;962.5;54930;226.58232418524867;919.7823241852487;Line 240;1;59.0034973616609
-23.809706402;-47.122359494;961.0;54900;226.45857632933098;919.658576329331;Line 240;1;59.0034973616609
-23.809570423;-47.122104937;960.5;54870;226.33482847341332;919.5348284734134;Line 240;1;59.0034973616609
-23.809434442;-47.12185038;962.0;54840;226.21108061749564;919.4110806174957;Line 240;1;59.0034973616609
-23.809298462;-47.121595824;962.8;54810;226.08733276157798;919.287332761578;Line 240;1;59.0034973616609
-23.80916248;-47.121341269;958.7;54780;225.96358490566033;919.1635849056604;Line 240;1;59.0034973616609
-23.809026499;-47.121086714;953.3;54750;225.83983704974267;919.0398370497427;Line 240;1;59.0034973616609
-23.808890517;-47.12083216;949.6;54720;225.71608919382498;918.916089193825;Line 240;1;59.0034973616609
-23.808754534;-47.120577606;942.5;54690;225.5923413379073;918.7923413379074;Line 240;1;59.0034973616609
-23.808618551;-47.120323052;936.0;54660;225.46859348198964;918.6685934819897;Line 240;1;59.0034973616609
-23.808482568;-47.120068499;930.2;54630;225.344845626072;918.5448456260721;Line 240;1;59.0034973616609
-23.808346584;-47.119813947;929.0;54600;225.22109777015433;918.4210977701543;Line 240;1;59.0034973616609
-23.808210599;-47.119559395;930.0;54570;225.09734991423664;918.2973499142367;Line 240;1;59.0034973616609
-23.808074615;-47.119304844;931.6;54540;224.973602058319;918.173602058319;Line 240;1;59.0034973616609
-23.807938629;-47.119050293;934.4;54510;224.8498542024013;918.0498542024013;Line 240;1;59.0034973616609
-23.807802643;-47.118795742;937.8;54480;224.72610634648365;917.9261063464837;Line 240;1;59.0034973616609
-23.807666657;-47.118541193;940.8;54450;224.602358490566;917.802358490566;Line 240;1;59.0034973616609
-23.807530671;-47.118286643;942.8;54420;224.4786106346483;917.6786106346483;Line 240;1;59.0034973616609
-23.807394683;-47.118032094;938.3;54390;224.35486277873065;917.5548627787307;Line 240;1;59.0034973616609
-23.807258696;-47.117777546;933.9;54360;224.23111492281296;917.431114922813;Line 240;1;59.0034973616609
-23.807122708;-47.117522998;930.3;54330;224.1073670668953;917.3073670668954;Line 240;1;59.0034973616609
-23.806986719;-47.117268451;925.8;54300;223.98361921097765;917.1836192109777;Line 240;1;59.0034973616609
-23.80685073;-47.117013904;921.0;54270;223.85987135505997;917.0598713550601;Line 240;1;59.0034973616609
-23.806714741;-47.116759358;915.9;54240;223.7361234991423;916.9361234991424;Line 240;0;59.0034973616609
-23.806578751;-47.116504812;912.2;54210;223.61237564322462;916.8123756432246;Line 240;0;59.0034973616609
-23.80644276;-47.116250267;909.5;54180;223.488627787307;916.688627787307;Line 240;0;59.0034973616609
-23.80630677;-47.115995722;906.7;54150;223.3648799313893;916.5648799313893;Line 240;0;59.0034973616609
-23.806170778;-47.115741178;905.7;54120;223.24113207547163;916.4411320754716;Line 240;0;59.0034973616609
-23.806034787;-47.115486634;907.7;54090;223.11738421955397;916.317384219554;Line 240;0;59.0034973616609
-23.805898794;-47.11523209;909.4;54060;222.99363636363628;916.1936363636363;Line 240;0;59.0034973616609
-23.805762802;-47.114977548;910.8;54030;222.86988850771866;916.0698885077187;Line 240;0;59.0034973616609
-23.805626809;-47.114723005;912.6;54000;222.74614065180097;915.946140651801;Line 240;0;59.0034973616609
-23.805490815;-47.114468464;914.6;53970;222.62239279588331;915.8223927958834;Line 240;0;59.0034973616609
-23.805354821;-47.114213922;916.8;53940;222.49864493996563;915.6986449399657;Line 240;1;59.0034973616609
-23.805218826;-47.113959382;916.3;53910;222.37489708404794;915.574897084048;Line 240;1;59.0034973616609
-23.805082831;-47.113704841;915.9;53880;222.25114922813032;915.4511492281304;Line 240;1;59.0034973616609
-23.804946836;-47.113450302;916.8;53850;222.12740137221263;915.3274013722126;Line 240;1;59.0034973616609
-23.80481084;-47.113195763;919.1;53820;222.00365351629497;915.203653516295;Line 240;1;59.0034973616609
-23.804674844;-47.112941224;921.5;53790;221.8799056603773;915.0799056603773;Line 240;1;59.0034973616609
-23.804538847;-47.112686686;924.3;53760;221.75615780445966;914.9561578044597;Line 240;1;59.0034973616609
-23.80440285;-47.112432148;926.6;53730;221.63240994854198;914.832409948542;Line 240;1;59.0034973616609
-23.804266852;-47.112177611;926.8;53700;221.5086620926243;914.7086620926243;Line 240;1;59.0034973616609
-23.804130854;-47.111923074;926.2;53670;221.38491423670663;914.5849142367067;Line 240;1;59.0034973616609
-23.803994855;-47.111668538;925.3;53640;221.26116638078895;914.461166380789;Line 240;1;59.0034973616609
-23.803858856;-47.111414002;920.5;53610;221.13741852487132;914.3374185248714;Line 240;1;59.0034973616609
-23.803722856;-47.111159467;915.0;53580;221.01367066895364;914.2136706689537;Line 240;1;59.0034973616609
-23.803586856;-47.110904932;908.8;53550;220.88992281303598;914.0899228130361;Line 240;0;59.0034973616609
-23.803450856;-47.110650398;906.2;53520;220.7661749571183;913.9661749571184;Line 240;0;59.0034973616609
-23.803314855;-47.110395865;904.4;53490;220.6424271012006;913.8424271012007;Line 240;0;59.0034973616609
-23.803178853;-47.110141332;902.6;53460;220.51867924528298;913.718679245283;Line 240;0;59.0034973616609
-23.803042852;-47.109886799;901.9;53430;220.3949313893653;913.5949313893653;Line 240;0;59.0034973616609
-23.802906849;-47.109632267;903.7;53400;220.27118353344764;913.4711835334476;Line 240;0;59.0034973616609
-23.802770846;-47.109377735;905.9;53370;220.14743567752996;913.34743567753;Line 240;0;59.0034973616609
-23.802634843;-47.109123204;909.0;53340;220.0236878216123;913.2236878216123;Line 240;0;59.0034973616609
-23.802498839;-47.108868674;915.1;53310;219.89993996569464;913.0999399656947;Line 240;1;59.0034973616609
-23.802362835;-47.108614144;920.7;53280;219.77619210977696;912.976192109777;Line 240;1;59.0034973616609
-23.802226831;-47.108359614;927.0;53250;219.6524442538593;912.8524442538594;Line 240;1;59.0034973616609
-23.802090826;-47.108105085;929.7;53220;219.52869639794162;912.7286963979417;Line 240;1;59.0034973616609
-23.80195482;-47.107850556;931.8;53190;219.40494854202396;912.604948542024;Line 240;1;59.0034973616609
-23.801818814;-47.107596028;933.8;53160;219.2812006861063;912.4812006861064;Line 240;1;59.0034973616609
-23.801682808;-47.107341501;932.3;53130;219.15745283018862;912.3574528301887;Line 240;1;59.0034973616609
-23.801546801;-47.107086974;926.0;53100;219.03370497427096;912.233704974271;Line 240;1;59.0034973616609
-23.801410793;-47.106832447;919.1;53070;218.90995711835328;912.1099571183533;Line 240;1;59.0034973616609
-23.801274785;-47.106577921;912.4;53040;218.78620926243562;911.9862092624356;Line 240;1;59.0034973616609
-23.801138777;-47.106323396;907.2;53010;218.66246140651796;911.862461406518;Line 240;0;59.0034973616609
-23.801002768;-47.106068871;902.5;52980;218.5387135506003;911.7387135506003;Line 240;0;59.0034973616609
-23.800866759;-47.105814346;898.4;52950;218.41496569468262;911.6149656946827;Line 240;0;59.0034973616609
-23.800730749;-47.105559822;896.7;52920;218.29121783876494;911.491217838765;Line 240;0;59.0034973616609
-23.800594739;-47.105305299;895.9;52890;218.16746998284728;911.3674699828473;Line 240;0;59.0034973616609
-23.800458729;-47.105050776;895.9;52860;218.04372212692962;911.2437221269297;Line 240;0;59.0034973616609
-23.800322717;-47.104796253;899.1;52830;217.91997427101197;911.119974271012;Line 240;0;59.0034973616609
-23.800186706;-47.104541731;903.3;52800;217.79622641509428;910.9962264150943;Line 240;0;59.0034973616609
-23.800050694;-47.10428721;907.8;52770;217.67247855917662;910.8724785591767;Line 240;0;59.0034973616609
-23.799914681;-47.104032689;913.2;52740;217.54873070325894;910.748730703259;Line 240;1;59.0034973616609
-23.799778669;-47.103778168;918.8;52710;217.42498284734128;910.6249828473414;Line 240;1;59.0034973616609
-23.799642655;-47.103523649;924.0;52680;217.30123499142363;910.5012349914236;Line 240;1;59.0034973616609
-23.799506641;-47.103269129;928.5;52650;217.17748713550594;910.377487135506;Line 240;1;59.0034973616609
-23.799370627;-47.10301461;931.8;52620;217.05373927958829;910.2537392795883;Line 240;1;59.0034973616609
-23.799234612;-47.102760092;934.5;52590;216.9299914236706;910.1299914236706;Line 240;1;59.0034973616609
-23.799098597;-47.102505574;936.1;52560;216.80624356775297;910.006243567753;Line 240;1;59.0034973616609
-23.798962581;-47.102251057;932.5;52530;216.6824957118353;909.8824957118353;Line 240;1;59.0034973616609
-23.798826565;-47.10199654;928.5;52500;216.5587478559176;909.7587478559176;Line 240;1;59.0034973616609
-23.798690549;-47.101742023;924.1;52470;216.43499999999995;909.635;Line 240;1;59.0034973616609
-23.798554532;-47.101487507;919.3;52440;216.31125214408226;909.5112521440823;Line 240;1;59.0034973616609
-23.798418514;-47.101232992;914.4;52410;216.18750428816463;909.3875042881647;Line 240;1;59.0034973616609
-23.798282496;-47.100978477;910.2;52380;216.06375643224695;909.263756432247;Line 240;1;59.0034973616609
-23.798146478;-47.100723963;909.5;52350;215.9400085763293;909.1400085763294;Line 240;1;59.0034973616609
-23.798010459;-47.100469449;911.3;52320;215.8162607204116;909.0162607204117;Line 240;1;59.0034973616609
-23.797874439;-47.100214936;913.1;52290;215.69251286449392;908.8925128644939;Line 240;1;59.0034973616609
-23.79773842;-47.099960423;915.0;52260;215.5687650085763;908.7687650085763;Line 240;1;59.0034973616609
-23.797602399;-47.09970591;916.7;52230;215.4450171526586;908.6450171526586;Line 240;1;59.0034973616609
-23.797466379;-47.099451399;917.3;52200;215.32126929674095;908.521269296741;Line 240;1;59.0034973616609
-23.797330357;-47.099196887;918.8;52170;215.19752144082327;908.3975214408233;Line 240;1;59.0034973616609
-23.797194336;-47.098942377;924.2;52140;215.0737735849056;908.2737735849057;Line 240;1;59.0034973616609
-23.797058314;-47.098687866;930.2;52110;214.95002572898795;908.150025728988;Line 240;1;59.0034973616609
-23.796922291;-47.098433357;936.3;52080;214.82627787307027;908.0262778730703;Line 240;1;59.0034973616609
-23.796786268;-47.098178847;944.1;52050;214.7025300171526;907.9025300171527;Line 240;1;59.0034973616609
-23.796650245;-47.097924338;952.9;52020;214.57878216123493;907.778782161235;Line 240;1;59.0034973616609
-23.796514221;-47.09766983;961.6;51990;214.45503430531727;907.6550343053173;Line 240;1;59.0034973616609
-23.796378196;-47.097415322;966.8;51960;214.3312864493996;907.5312864493997;Line 240;1;59.0034973616609
-23.796242171;-47.097160815;966.5;51930;214.20753859348193;907.407538593482;Line 240;1;59.0034973616609
-23.796106146;-47.096906308;964.4;51900;214.08379073756427;907.2837907375643;Line 240;1;59.0034973616609
-23.79597012;-47.096651802;960.6;51870;213.9600428816466;907.1600428816466;Line 240;1;59.0034973616609
-23.795834094;-47.096397297;961.2;51840;213.83629502572893;907.036295025729;Line 240;1;59.0034973616609
-23.795698067;-47.096142791;963.8;51810;213.71254716981127;906.9125471698113;Line 240;1;59.0034973616609
-23.79556204;-47.095888287;967.3;51780;213.58879931389362;906.7887993138936;Line 240;1;59.0034973616609
-23.795426012;-47.095633782;968.2;51750;213.46505145797593;906.665051457976;Line 240;1;59.0034973616609
-23.795289984;-47.095379279;967.4;51720;213.34130360205825;906.5413036020583;Line 240;1;59.0034973616609
-23.795153956;-47.095124776;965.6;51690;213.2175557461406;906.4175557461406;Line 240;1;59.0034973616609
-23.795017927;-47.094870273;960.5;51660;213.09380789022293;906.293807890223;Line 240;1;59.0034973616609
-23.794881897;-47.094615771;952.0;51630;212.97006003430528;906.1700600343054;Line 240;1;59.0034973616609
-23.794745867;-47.094361269;943.0;51600;212.8463121783876;906.0463121783877;Line 240;1;59.0034973616609
-23.794609837;-47.094106768;934.5;51570;212.72256432246994;905.92256432247;Line 240;1;59.0034973616609
-23.794473806;-47.093852267;929.0;51540;212.59881646655225;905.7988164665524;Line 240;1;59.0034973616609
-23.794337775;-47.093597767;924.3;51510;212.4750686106346;905.6750686106346;Line 240;1;59.0034973616609
-23.794201743;-47.093343267;920.6;51480;212.35132075471694;905.5513207547169;Line 240;1;59.0034973616609
-23.794065711;-47.093088768;921.7;51450;212.22757289879925;905.4275728987993;Line 240;1;59.0034973616609
-23.793929678;-47.09283427;923.3;51420;212.1038250428816;905.3038250428816;Line 240;1;59.0034973616609
-23.793793645;-47.092579772;925.0;51390;211.9800771869639;905.1800771869639;Line 240;1;59.0034973616609
-23.793657611;-47.092325274;925.4;51360;211.85632933104628;905.0563293310463;Line 240;1;59.0034973616609
-23.793521577;-47.092070777;924.8;51330;211.7325814751286;904.9325814751287;Line 240;1;59.0034973616609
-23.793385543;-47.09181628;923.6;51300;211.6088336192109;904.808833619211;Line 240;1;59.0034973616609
-23.793249508;-47.091561784;922.4;51270;211.48508576329326;904.6850857632933;Line 240;1;59.0034973616609
-23.793113472;-47.091307289;921.7;51240;211.36133790737557;904.5613379073757;Line 240;1;59.0034973616609
-23.792977437;-47.091052794;921.3;51210;211.23759005145794;904.437590051458;Line 240;1;59.0034973616609
-23.7928414;-47.090798299;921.0;51180;211.11384219554026;904.3138421955402;Line 240;1;59.0034973616609
-23.792705363;-47.090543805;920.2;51150;210.9900943396226;904.1900943396226;Line 240;1;59.0034973616609
-23.792569326;-47.090289311;920.7;51120;210.86634648370492;904.0663464837049;Line 240;1;59.0034973616609
-23.792433288;-47.090034818;922.0;51090;210.74259862778723;903.9425986277872;Line 240;1;59.0034973616609
-23.79229725;-47.089780326;918.3;51060;210.6188507718696;903.8188507718696;Line 240;1;59.0034973616609
-23.792161212;-47.089525834;913.4;51030;210.49510291595192;903.695102915952;Line 240;1;59.0034973616609
-23.792025172;-47.089271342;908.0;51000;210.37135506003426;903.5713550600343;Line 240;1;59.0034973616609
-23.791889133;-47.089016851;904.7;50970;210.24760720411658;903.4476072041166;Line 240;1;59.0034973616609
-23.791753093;-47.088762361;902.8;50940;210.12385934819892;903.323859348199;Line 240;0;59.0034973616609
-23.791617052;-47.088507871;900.9;50910;210.00011149228126;903.2001114922813;Line 240;0;59.0034973616609
-23.791481011;-47.088253381;900.0;50880;209.87636363636358;903.0763636363636;Line 240;0;59.0034973616609
-23.79134497;-47.087998892;900.8;50850;209.75261578044592;902.952615780446;Line 240;0;59.0034973616609
-23.791208928;-47.087744404;901.3;50820;209.62886792452824;902.8288679245283;Line 240;0;59.0034973616609
-23.791072886;-47.087489916;901.4;50790;209.50512006861058;902.7051200686107;Line 240;0;59.0034973616609
-23.790936843;-47.087235428;900.2;50760;209.38137221269292;902.5813722126929;Line 240;0;59.0034973616609
-23.7908008;-47.086980942;899.8;50730;209.25762435677524;902.4576243567753;Line 240;0;59.0034973616609
-23.790664756;-47.086726455;902.4;50700;209.13387650085758;902.3338765008576;Line 240;1;59.0034973616609
-23.790528712;-47.086471969;907.8;50670;209.0101286449399;902.2101286449399;Line 240;1;59.0034973616609
-23.790392667;-47.086217484;914.3;50640;208.88638078902224;902.0863807890223;Line 240;1;59.0034973616609
-23.790256622;-47.085962999;921.8;50610;208.76263293310458;901.9626329331046;Line 240;1;59.0034973616609
-23.790120577;-47.085708514;926.7;50580;208.63888507718693;901.838885077187;Line 240;1;59.0034973616609
-23.789984531;-47.085454031;927.8;50550;208.51513722126924;901.7151372212693;Line 240;1;59.0034973616609
-23.789848484;-47.085199547;928.5;50520;208.39138936535156;901.5913893653516;Line 240;1;59.0034973616609
-23.789712437;-47.084945064;929.6;50490;208.2676415094339;901.467641509434;Line 240;1;59.0034973616609
-23.78957639;-47.084690582;930.3;50460;208.14389365351624;901.3438936535163;Line 240;1;59.0034973616609
-23.789440342;-47.0844361;931.4;50430;208.0201457975986;901.2201457975987;Line 240;1;59.0034973616609
-23.789304294;-47.084181619;932.7;50400;207.8963979416809;901.096397941681;Line 240;1;59.0034973616609
-23.789168245;-47.083927138;939.2;50370;207.77265008576325;900.9726500857632;Line 240;1;59.0034973616609
-23.789032196;-47.083672657;945.9;50340;207.64890222984556;900.8489022298456;Line 240;1;59.0034973616609
-23.788896146;-47.083418178;952.4;50310;207.5251543739279;900.7251543739279;Line 240;1;59.0034973616609
-23.788760096;-47.083163698;958.7;50280;207.40140651801025;900.6014065180103;Line 240;1;59.0034973616609
-23.788624045;-47.082909219;965.0;50250;207.27765866209256;900.4776586620926;Line 240;1;59.0034973616609
-23.788487994;-47.082654741;971.2;50220;207.1539108061749;900.353910806175;Line 240;1;59.0034973616609
-23.788351943;-47.082400263;976.4;50190;207.03016295025722;900.2301629502573;Line 240;1;59.0034973616609
-23.788215891;-47.082145786;977.6;50160;206.9064150943396;900.1064150943396;Line 240;1;59.0034973616609
-23.788079838;-47.081891309;978.5;50130;206.7826672384219;899.982667238422;Line 240;1;59.0034973616609
-23.787943785;-47.081636833;978.9;50100;206.65891938250422;899.8589193825043;Line 240;1;59.0034973616609
-23.787807732;-47.081382357;977.6;50070;206.53517152658657;899.7351715265866;Line 240;1;59.0034973616609
-23.787671678;-47.081127882;976.9;50040;206.41142367066888;899.611423670669;Line 240;1;59.0034973616609
-23.787535624;-47.080873407;976.7;50010;206.28767581475125;899.4876758147514;Line 240;1;59.0034973616609
-23.787399569;-47.080618933;977.9;49980;206.16392795883357;899.3639279588336;Line 240;1;59.0034973616609
-23.787263514;-47.080364459;978.8;49950;206.0401801029159;899.2401801029159;Line 240;1;59.0034973616609
-23.787127458;-47.080109986;979.6;49920;205.91643224699823;899.1164322469983;Line 240;1;59.0034973616609
-23.786991402;-47.079855513;981.9;49890;205.79268439108054;898.9926843910806;Line 240;1;59.0034973616609
-23.786855346;-47.079601041;985.7;49860;205.6689365351629;898.8689365351629;Line 240;1;59.0034973616609
-23.786719289;-47.079346569;989.8;49830;205.54518867924523;898.7451886792453;Line 240;1;59.0034973616609
-23.786583231;-47.079092098;991.5;49800;205.42144082332757;898.6214408233276;Line 240;1;59.0034973616609
-23.786447173;-47.078837627;988.6;49770;205.2976929674099;898.4976929674099;Line 240;1;59.0034973616609
-23.786311115;-47.078583157;985.5;49740;205.17394511149223;898.3739451114923;Line 240;1;59.0034973616609
-23.786175056;-47.078328687;982.1;49710;205.05019725557457;898.2501972555747;Line 240;1;59.0034973616609
-23.786038997;-47.078074218;976.2;49680;204.9264493996569;898.126449399657;Line 240;1;59.0034973616609
-23.785902937;-47.077819749;970.8;49650;204.80270154373923;898.0027015437392;Line 240;1;59.0034973616609
-23.785766876;-47.077565281;966.4;49620;204.67895368782155;897.8789536878216;Line 240;1;59.0034973616609
-23.785630816;-47.077310814;965.9;49590;204.5552058319039;897.7552058319039;Line 240;1;59.0034973616609
-23.785494755;-47.077056346;965.6;49560;204.43145797598623;897.6314579759862;Line 240;1;59.0034973616609
-23.785358693;-47.07680188;964.1;49530;204.30771012006855;897.5077101200686;Line 240;1;59.0034973616609
-23.785222631;-47.076547414;961.4;49500;204.1839622641509;897.3839622641509;Line 240;1;59.0034973616609
-23.785086568;-47.076292948;958.1;49470;204.0602144082332;897.2602144082332;Line 240;1;59.0034973616609
-23.784950505;-47.076038483;955.2;49440;203.93646655231555;897.1364665523156;Line 240;1;59.0034973616609
-23.784814442;-47.075784018;954.3;49410;203.8127186963979;897.012718696398;Line 240;1;59.0034973616609
-23.784678378;-47.075529554;954.7;49380;203.68897084048024;896.8889708404803;Line 240;1;59.0034973616609
-23.784542314;-47.07527509;955.6;49350;203.56522298456255;896.7652229845626;Line 240;1;59.0034973616609
-23.784406249;-47.075020627;956.9;49320;203.44147512864487;896.641475128645;Line 240;1;59.0034973616609
-23.784270184;-47.074766165;959.9;49290;203.3177272727272;896.5177272727273;Line 240;1;59.0034973616609
-23.784134118;-47.074511703;963.3;49260;203.19397941680955;896.3939794168095;Line 240;1;59.0034973616609
-23.783998052;-47.074257241;968.3;49230;203.0702315608919;896.270231560892;Line 240;1;59.0034973616609
-23.783861985;-47.07400278;972.8;49200;202.9464837049742;896.1464837049742;Line 240;1;59.0034973616609
-23.783725918;-47.07374832;977.2;49170;202.82273584905656;896.0227358490566;Line 240;1;59.0034973616609
-23.78358985;-47.073493859;981.8;49140;202.69898799313887;895.8989879931389;Line 240;1;59.0034973616609
-23.783453782;-47.0732394;986.4;49110;202.57524013722121;895.7752401372213;Line 240;1;59.0034973616609
-23.783317714;-47.072984941;989.5;49080;202.45149228130356;895.6514922813036;Line 240;1;59.0034973616609
-23.783181645;-47.072730482;989.0;49050;202.32774442538587;895.5277444253859;Line 240;1;59.0034973616609
-23.783045575;-47.072476024;987.7;49020;202.20399656946822;895.4039965694683;Line 240;1;59.0034973616609
-23.782909505;-47.072221567;988.2;48990;202.08024871355053;895.2802487135506;Line 240;1;59.0034973616609
-23.782773435;-47.07196711;989.0;48960;201.9565008576329;895.156500857633;Line 240;1;59.0034973616609
-23.782637364;-47.071712653;990.1;48930;201.83275300171522;895.0327530017153;Line 240;1;59.0034973616609
-23.782501293;-47.071458197;991.8;48900;201.70900514579753;894.9090051457976;Line 240;1;59.0034973616609
-23.782365221;-47.071203742;996.4;48870;201.58525728987988;894.78525728988;Line 240;1;59.0034973616609
-23.782229149;-47.070949287;1000.6;48840;201.4615094339622;894.6615094339622;Line 240;1;59.0034973616609
-23.782093076;-47.070694832;1001.9;48810;201.33776157804456;894.5377615780446;Line 240;1;59.0034973616609
-23.781957003;-47.070440378;1000.5;48780;201.21401372212688;894.4140137221269;Line 240;1;59.0034973616609
-23.78182093;-47.070185925;998.3;48750;201.09026586620922;894.2902658662092;Line 240;1;59.0034973616609
-23.781684856;-47.069931472;994.3;48720;200.96651801029154;894.1665180102916;Line 240;1;59.0034973616609
-23.781548781;-47.06967702;988.6;48690;200.84277015437385;894.0427701543739;Line 240;1;59.0034973616609
-23.781412706;-47.069422568;983.6;48660;200.71902229845622;893.9190222984563;Line 240;1;59.0034973616609
-23.781276631;-47.069168116;979.2;48630;200.59527444253854;893.7952744425386;Line 240;1;59.0034973616609
-23.781140555;-47.068913665;973.9;48600;200.47152658662088;893.671526586621;Line 240;1;59.0034973616609
-23.781004479;-47.068659215;968.4;48570;200.3477787307032;893.5477787307033;Line 240;1;59.0034973616609
-23.780868402;-47.068404765;962.7;48540;200.22403087478554;893.4240308747856;Line 240;1;59.0034973616609
-23.780732325;-47.068150316;958.2;48510;200.10028301886788;893.300283018868;Line 240;1;59.0034973616609
-23.780596247;-47.067895867;954.2;48480;199.9765351629502;893.1765351629502;Line 240;1;59.0034973616609
-23.780460169;-47.067641418;950.0;48450;199.85278730703254;893.0527873070325;Line 240;1;59.0034973616609
-23.78032409;-47.06738697;947.5;48420;199.72903945111486;892.9290394511149;Line 240;1;59.0034973616609
-23.780188011;-47.067132523;946.0;48390;199.60529159519723;892.8052915951973;Line 240;1;59.0034973616609
-23.780051932;-47.066878076;942.8;48360;199.48154373927954;892.6815437392796;Line 240;1;59.0034973616609
-23.779915852;-47.06662363;939.8;48330;199.35779588336186;892.5577958833619;Line 240;1;59.0034973616609
-23.779779771;-47.066369184;940.6;48300;199.2340480274442;892.4340480274443;Line 240;1;59.0034973616609
-23.779643691;-47.066114739;940.3;48270;199.11030017152652;892.3103001715266;Line 240;1;59.0034973616609
-23.779507609;-47.065860294;938.9;48240;198.9865523156089;892.1865523156089;Line 240;1;59.0034973616609
-23.779371527;-47.065605849;935.6;48210;198.8628044596912;892.0628044596913;Line 240;1;59.0034973616609
-23.779235445;-47.065351406;933.4;48180;198.73905660377355;891.9390566037736;Line 240;1;59.0034973616609
-23.779099362;-47.065096962;933.5;48150;198.61530874785586;891.8153087478559;Line 240;1;59.0034973616609
-23.778963279;-47.06484252;938.9;48120;198.49156089193818;891.6915608919383;Line 240;1;59.0034973616609
-23.778827196;-47.064588077;947.1;48090;198.36781303602055;891.5678130360207;Line 240;1;59.0034973616609
-23.778691111;-47.064333635;956.3;48060;198.24406518010287;891.4440651801029;Line 240;1;59.0034973616609
-23.778555027;-47.064079194;965.3;48030;198.1203173241852;891.3203173241852;Line 240;1;59.0034973616609
-23.778418942;-47.063824753;971.7;48000;197.99656946826752;891.1965694682676;Line 240;1;59.0034973616609
-23.778282856;-47.063570313;975.7;47970;197.87282161234987;891.0728216123499;Line 240;1;59.0034973616609
-23.77814677;-47.063315873;977.1;47940;197.7490737564322;890.9490737564322;Line 240;1;59.0034973616609
-23.778010684;-47.063061434;971.7;47910;197.62532590051453;890.8253259005146;Line 240;1;59.0034973616609
-23.777874597;-47.062806995;966.3;47880;197.50157804459687;890.7015780445969;Line 240;1;59.0034973616609
-23.77773851;-47.062552557;960.9;47850;197.37783018867918;890.5778301886792;Line 240;1;59.0034973616609
-23.777602422;-47.062298119;955.6;47820;197.25408233276153;890.4540823327616;Line 240;1;59.0034973616609
-23.777466334;-47.062043682;950.1;47790;197.13033447684387;890.330334476844;Line 240;1;59.0034973616609
-23.777330245;-47.061789246;945.1;47760;197.0065866209262;890.2065866209263;Line 240;1;59.0034973616609
-23.777194156;-47.061534809;943.5;47730;196.88283876500853;890.0828387650085;Line 240;1;59.0034973616609
-23.777058066;-47.061280374;945.2;47700;196.75909090909084;889.959090909091;Line 240;1;59.0034973616609
-23.776921976;-47.061025938;947.5;47670;196.6353430531732;889.8353430531732;Line 240;1;59.0034973616609
-23.776785886;-47.060771504;949.4;47640;196.51159519725553;889.7115951972555;Line 240;1;59.0034973616609
-23.776649795;-47.06051707;948.1;47610;196.38784734133787;889.5878473413379;Line 240;1;59.0034973616609
-23.776513703;-47.060262636;946.3;47580;196.2640994854202;889.4640994854202;Line 240;1;59.0034973616609
-23.776377611;-47.060008203;943.7;47550;196.14035162950253;889.3403516295026;Line 240;1;59.0034973616609
-23.776241519;-47.05975377;939.4;47520;196.01660377358485;889.2166037735849;Line 240;1;59.0034973616609
-23.776105426;-47.059499338;934.9;47490;195.8928559176672;889.0928559176673;Line 240;1;59.0034973616609
-23.775969333;-47.059244906;930.2;47460;195.76910806174953;888.9691080617496;Line 240;1;59.0034973616609
-23.775833239;-47.058990475;927.6;47430;195.64536020583185;888.8453602058319;Line 240;1;59.0034973616609
-23.775697145;-47.058736045;927.1;47400;195.5216123499142;888.7216123499143;Line 240;1;59.0034973616609
-23.77556105;-47.058481614;926.5;47370;195.3978644939965;888.5978644939966;Line 240;1;59.0034973616609
-23.775424955;-47.058227185;927.2;47340;195.27411663807885;888.4741166380788;Line 240;1;59.0034973616609
-23.77528886;-47.057972756;930.3;47310;195.1503687821612;888.3503687821612;Line 240;1;59.0034973616609
-23.775152764;-47.057718327;933.7;47280;195.0266209262435;888.2266209262435;Line 240;1;59.0034973616609
-23.775016667;-47.057463899;937.2;47250;194.90287307032585;888.1028730703259;Line 240;1;59.0034973616609
-23.77488057;-47.057209471;938.6;47220;194.77912521440817;887.9791252144082;Line 240;1;59.0034973616609
-23.774744473;-47.056955044;940.2;47190;194.65537735849054;887.8553773584906;Line 240;1;59.0034973616609
-23.774608375;-47.056700618;941.8;47160;194.53162950257286;887.7316295025729;Line 240;1;59.0034973616609
-23.774472277;-47.056446192;938.3;47130;194.40788164665517;887.6078816466552;Line 240;1;59.0034973616609
-23.774336178;-47.056191766;934.0;47100;194.2841337907375;887.4841337907376;Line 240;1;59.0034973616609
-23.774200079;-47.055937341;929.7;47070;194.16038593481983;887.3603859348199;Line 240;1;59.0034973616609
-23.774063979;-47.055682917;927.5;47040;194.0366380789022;887.2366380789023;Line 240;1;59.0034973616609
-23.773927879;-47.055428493;927.5;47010;193.91289022298452;887.1128902229846;Line 240;1;59.0034973616609
-23.773791778;-47.055174069;928.2;46980;193.78914236706686;886.989142367067;Line 240;1;59.0034973616609
-23.773655677;-47.054919646;930.3;46950;193.66539451114917;886.8653945111492;Line 240;1;59.0034973616609
-23.773519576;-47.054665224;933.4;46920;193.5416466552315;886.7416466552315;Line 240;1;59.0034973616609
-23.773383474;-47.054410802;935.8;46890;193.41789879931386;886.6178987993139;Line 240;1;59.0034973616609
-23.773247371;-47.05415638;939.0;46860;193.29415094339618;886.4941509433962;Line 240;1;59.0034973616609
-23.773111268;-47.053901959;944.3;46830;193.17040308747852;886.3704030874785;Line 240;1;59.0034973616609
-23.772975165;-47.053647539;948.9;46800;193.04665523156083;886.2466552315609;Line 240;1;59.0034973616609
-23.772839061;-47.053393119;952.8;46770;192.92290737564318;886.1229073756432;Line 240;1;59.0034973616609
-23.772702957;-47.053138699;954.1;46740;192.79915951972552;885.9991595197256;Line 240;1;59.0034973616609
-23.772566852;-47.05288428;955.3;46710;192.67541166380784;885.8754116638079;Line 240;1;59.0034973616609
-23.772430747;-47.052629862;956.8;46680;192.55166380789018;885.7516638078903;Line 240;1;59.0034973616609
-23.772294641;-47.052375444;956.8;46650;192.4279159519725;885.6279159519726;Line 240;1;59.0034973616609
-23.772158535;-47.052121026;955.2;46620;192.30416809605484;885.5041680960549;Line 240;1;59.0034973616609
-23.772022429;-47.05186661;953.6;46590;192.18042024013718;885.3804202401373;Line 240;1;59.0034973616609
-23.771886322;-47.051612193;952.2;46560;192.05667238421952;885.2566723842195;Line 240;1;59.0034973616609
-23.771750214;-47.051357777;950.8;46530;191.93292452830184;885.1329245283018;Line 240;1;59.0034973616609
-23.771614106;-47.051103362;949.2;46500;191.80917667238415;885.0091766723842;Line 240;1;59.0034973616609
-23.771477998;-47.050848947;947.1;46470;191.6854288164665;884.8854288164665;Line 240;1;59.0034973616609
-23.771341889;-47.050594533;944.1;46440;191.56168096054884;884.7616809605489;Line 240;1;59.0034973616609
-23.77120578;-47.050340119;941.1;46410;191.43793310463118;884.6379331046312;Line 240;1;59.0034973616609
-23.77106967;-47.050085705;938.4;46380;191.3141852487135;884.5141852487136;Line 240;1;59.0034973616609
-23.77093356;-47.049831292;935.1;46350;191.19043739279584;884.3904373927959;Line 240;1;59.0034973616609
-23.770797449;-47.04957688;931.2;46320;191.06668953687816;884.2666895368782;Line 240;1;59.0034973616609
-23.770661338;-47.049322468;926.7;46290;190.9429416809605;884.1429416809606;Line 240;1;59.0034973616609
-23.770525226;-47.049068057;922.9;46260;190.81919382504284;884.0191938250429;Line 240;1;59.0034973616609
-23.770389114;-47.048813646;920.0;46230;190.69544596912516;883.8954459691251;Line 240;1;59.0034973616609
-23.770253002;-47.048559236;917.1;46200;190.5716981132075;883.7716981132075;Line 240;1;59.0034973616609
-23.770116889;-47.048304826;914.8;46170;190.44795025728982;883.6479502572898;Line 240;1;59.0034973616609
-23.769980775;-47.048050417;917.4;46140;190.32420240137216;883.5242024013722;Line 240;1;59.0034973616609
-23.769844661;-47.047796008;920.1;46110;190.2004545454545;883.4004545454545;Line 240;1;59.0034973616609
-23.769708547;-47.0475416;922.5;46080;190.07670668953682;883.2767066895369;Line 240;1;59.0034973616609
-23.769572432;-47.047287192;925.3;46050;189.95295883361916;883.1529588336192;Line 240;1;59.0034973616609
-23.769436317;-47.047032784;928.5;46020;189.82921097770148;883.0292109777015;Line 240;1;59.0034973616609
-23.769300201;-47.046778378;932.2;45990;189.70546312178385;882.9054631217839;Line 240;1;59.0034973616609
-23.769164085;-47.046523971;934.0;45960;189.58171526586617;882.7817152658662;Line 240;1;59.0034973616609
-23.769027968;-47.046269566;935.5;45930;189.45796740994848;882.6579674099485;Line 240;1;59.0034973616609
-23.768891851;-47.04601516;938.3;45900;189.33421955403082;882.5342195540309;Line 240;1;59.0034973616609
-23.768755733;-47.045760756;941.5;45870;189.21047169811314;882.4104716981132;Line 240;1;59.0034973616609
-23.768619615;-47.045506351;942.7;45840;189.0867238421955;882.2867238421956;Line 240;1;59.0034973616609
-23.768483497;-47.045251948;943.8;45810;188.96297598627783;882.1629759862778;Line 240;1;59.0034973616609
-23.768347378;-47.044997544;944.7;45780;188.83922813036017;882.0392281303602;Line 240;1;59.0034973616609
-23.768211259;-47.044743142;944.3;45750;188.71548027444248;881.9154802744425;Line 240;1;59.0034973616609
-23.768075139;-47.04448874;944.3;45720;188.5917324185248;881.7917324185248;Line 240;1;59.0034973616609
-23.767939018;-47.044234338;944.9;45690;188.46798456260717;881.6679845626072;Line 240;1;59.0034973616609
-23.767802898;-47.043979937;948.2;45660;188.3442367066895;881.5442367066895;Line 240;1;59.0034973616609
-23.767666776;-47.043725536;951.8;45630;188.22048885077183;881.4204888507719;Line 240;1;59.0034973616609
-23.767530655;-47.043471136;954.8;45600;188.09674099485414;881.2967409948542;Line 240;1;59.0034973616609
-23.767394533;-47.043216736;958.5;45570;187.9729931389365;881.1729931389366;Line 240;1;59.0034973616609
-23.76725841;-47.042962337;963.0;45540;187.84924528301883;881.0492452830189;Line 240;1;59.0034973616609
-23.767122287;-47.042707938;967.1;45510;187.72549742710115;880.9254974271012;Line 240;1;59.0034973616609
-23.766986163;-47.04245354;969.8;45480;187.6017495711835;880.8017495711836;Line 240;1;59.0034973616609
-23.766850039;-47.042199143;969.1;45450;187.4780017152658;880.6780017152659;Line 240;1;59.0034973616609
-23.766713915;-47.041944745;968.6;45420;187.35425385934815;880.5542538593481;Line 240;1;59.0034973616609
-23.76657779;-47.041690349;966.8;45390;187.2305060034305;880.4305060034305;Line 240;1;59.0034973616609
-23.766441665;-47.041435953;961.4;45360;187.10675814751283;880.3067581475129;Line 240;1;59.0034973616609
-23.766305539;-47.041181557;957.0;45330;186.98301029159515;880.1830102915952;Line 240;1;59.0034973616609
-23.766169413;-47.040927162;954.1;45300;186.85926243567746;880.0592624356775;Line 240;1;59.0034973616609
-23.766033286;-47.040672767;951.7;45270;186.7355145797598;879.9355145797599;Line 240;1;59.0034973616609
-23.765897159;-47.040418373;949.0;45240;186.61176672384215;879.8117667238422;Line 240;1;59.0034973616609
-23.765761031;-47.04016398;945.5;45210;186.4880188679245;879.6880188679245;Line 240;1;59.0034973616609
-23.765624903;-47.039909587;940.6;45180;186.3642710120068;879.5642710120069;Line 240;1;59.0034973616609
-23.765488774;-47.039655194;933.7;45150;186.24052315608915;879.4405231560892;Line 240;1;59.0034973616609
-23.765352645;-47.039400802;926.6;45120;186.11677530017147;879.3167753001715;Line 240;1;59.0034973616609
-23.765216516;-47.03914641;919.8;45090;185.9930274442538;879.1930274442539;Line 240;1;59.0034973616609
-23.765080386;-47.038892019;918.8;45060;185.86927958833616;879.0692795883363;Line 240;1;59.0034973616609
-23.764944256;-47.038637629;918.9;45030;185.74553173241847;878.9455317324185;Line 240;1;59.0034973616609
-23.764808125;-47.038383239;920.4;45000;185.6217838765008;878.8217838765008;Line 240;1;59.0034973616609
-23.764671994;-47.038128849;925.2;44970;185.49803602058313;878.6980360205832;Line 240;1;59.0034973616609
-23.764535862;-47.03787446;930.6;44940;185.37428816466547;878.5742881646655;Line 240;1;59.0034973616609
-23.76439973;-47.037620072;936.0;44910;185.25054030874782;878.4505403087478;Line 240;1;59.0034973616609
-23.764263597;-47.037365684;940.9;44880;185.12679245283013;878.3267924528302;Line 240;1;59.0034973616609
-23.764127464;-47.037111296;945.0;44850;185.00304459691247;878.2030445969125;Line 240;1;59.0034973616609
-23.76399133;-47.036856909;948.0;44820;184.8792967409948;878.0792967409948;Line 240;1;59.0034973616609
-23.763855196;-47.036602523;950.4;44790;184.75554888507716;877.9555488850772;Line 240;1;59.0034973616609
-23.763719062;-47.036348137;951.2;44760;184.63180102915948;877.8318010291596;Line 240;1;59.0034973616609
-23.763582927;-47.036093751;952.8;44730;184.5080531732418;877.7080531732419;Line 240;1;59.0034973616609
-23.763446791;-47.035839366;955.1;44700;184.38430531732413;877.5843053173242;Line 240;1;59.0034973616609
-23.763310655;-47.035584982;954.3;44670;184.26055746140645;877.4605574614066;Line 240;1;59.0034973616609
-23.763174519;-47.035330598;953.3;44640;184.13680960548882;877.3368096054888;Line 240;1;59.0034973616609
-23.763038382;-47.035076215;952.9;44610;184.01306174957114;877.2130617495711;Line 240;1;59.0034973616609
-23.762902245;-47.034821832;950.5;44580;183.88931389365348;877.0893138936535;Line 240;1;59.0034973616609
-23.762766107;-47.034567449;947.9;44550;183.7655660377358;876.9655660377358;Line 240;1;59.0034973616609
-23.762629969;-47.034313067;945.9;44520;183.6418181818181;876.8418181818181;Line 240;1;59.0034973616609
-23.76249383;-47.034058686;945.8;44490;183.51807032590048;876.7180703259005;Line 240;1;59.0034973616609
-23.762357691;-47.033804305;946.4;44460;183.3943224699828;876.5943224699829;Line 240;1;59.0034973616609
-23.762221552;-47.033549925;946.5;44430;183.27057461406514;876.4705746140652;Line 240;1;59.0034973616609
-23.762085412;-47.033295545;945.8;44400;183.14682675814745;876.3468267581475;Line 240;1;59.0034973616609
-23.761949271;-47.033041165;941.7;44370;183.0230789022298;876.2230789022299;Line 240;1;59.0034973616609
-23.76181313;-47.032786787;936.7;44340;182.89933104631214;876.0993310463122;Line 240;1;59.0034973616609
-23.761676989;-47.032532408;930.8;44310;182.77558319039446;875.9755831903944;Line 240;1;59.0034973616609
-23.761540847;-47.03227803;926.5;44280;182.6518353344768;875.8518353344768;Line 240;1;59.0034973616609
-23.761404705;-47.032023653;922.8;44250;182.52808747855912;875.7280874785591;Line 240;1;59.0034973616609
-23.761268562;-47.031769276;919.4;44220;182.40433962264146;875.6043396226415;Line 240;1;59.0034973616609
-23.761132419;-47.0315149;917.2;44190;182.2805917667238;875.4805917667238;Line 240;1;59.0034973616609
-23.760996275;-47.031260524;915.7;44160;182.15684391080615;875.3568439108062;Line 240;1;59.0034973616609
-23.760860131;-47.031006149;914.2;44130;182.03309605488846;875.2330960548885;Line 240;1;59.0034973616609
-23.760723987;-47.030751774;912.8;44100;181.90934819897078;875.1093481989708;Line 240;1;59.0034973616609
-23.760587842;-47.0304974;911.7;44070;181.78560034305312;874.9856003430532;Line 240;1;59.0034973616609
-23.760451696;-47.030243026;910.3;44040;181.66185248713546;874.8618524871355;Line 240;1;59.0034973616609
-23.76031555;-47.029988653;908.5;44010;181.5381046312178;874.7381046312179;Line 240;1;59.0034973616609
-23.760179404;-47.02973428;908.8;43980;181.41435677530012;874.6143567753002;Line 240;1;59.0034973616609
-23.760043257;-47.029479908;909.5;43950;181.29060891938246;874.4906089193826;Line 240;1;59.0034973616609
-23.759907109;-47.029225536;910.8;43920;181.16686106346478;874.3668610634649;Line 240;1;59.0034973616609
-23.759770962;-47.028971165;913.8;43890;181.04311320754712;874.2431132075471;Line 240;1;59.0034973616609
-23.759634813;-47.028716794;917.7;43860;180.91936535162947;874.1193653516295;Line 240;1;59.0034973616609
-23.759498665;-47.028462424;922.3;43830;180.79561749571178;873.9956174957118;Line 240;1;59.0034973616609
-23.759362516;-47.028208054;926.4;43800;180.67186963979412;873.8718696397941;Line 240;1;59.0034973616609
-23.759226366;-47.027953685;929.3;43770;180.54812178387644;873.7481217838765;Line 240;1;59.0034973616609
-23.759090216;-47.027699316;930.7;43740;180.42437392795878;873.6243739279588;Line 240;1;59.0034973616609
-23.758954065;-47.027444948;931.2;43710;180.30062607204113;873.5006260720412;Line 240;1;59.0034973616609
-23.758817914;-47.02719058;931.9;43680;180.17687821612344;873.3768782161235;Line 240;1;59.0034973616609
-23.758681763;-47.026936213;932.4;43650;180.05313036020578;873.2531303602059;Line 240;1;59.0034973616609
-23.758545611;-47.026681846;932.7;43620;179.9293825042881;873.1293825042882;Line 240;1;59.0034973616609
-23.758409459;-47.02642748;931.3;43590;179.80563464837047;873.0056346483705;Line 240;1;59.0034973616609
-23.758273306;-47.026173114;929.4;43560;179.6818867924528;872.8818867924529;Line 240;1;59.0034973616609
-23.758137153;-47.025918749;927.1;43530;179.5581389365351;872.7581389365351;Line 240;1;59.0034973616609
-23.758000999;-47.025664384;924.7;43500;179.43439108061744;872.6343910806174;Line 240;1;59.0034973616609
-23.757864845;-47.02541002;922.8;43470;179.3106432246998;872.5106432246998;Line 240;1;59.0034973616609
-23.75772869;-47.025155657;921.7;43440;179.18689536878213;872.3868953687822;Line 240;1;59.0034973616609
-23.757592535;-47.024901294;921.8;43410;179.06314751286445;872.2631475128645;Line 240;1;59.0034973616609
-23.757456379;-47.024646931;923.5;43380;178.9393996569468;872.1393996569468;Line 240;1;59.0034973616609
-23.757320223;-47.024392569;925.8;43350;178.8156518010291;872.0156518010292;Line 240;1;59.0034973616609
-23.757184067;-47.024138207;927.3;43320;178.69190394511145;871.8919039451115;Line 240;1;59.0034973616609
-23.75704791;-47.023883846;927.5;43290;178.5681560891938;871.7681560891938;Line 240;1;59.0034973616609
-23.756911753;-47.023629485;926.8;43260;178.4444082332761;871.6444082332762;Line 240;1;59.0034973616609
-23.756775595;-47.023375125;925.4;43230;178.32066037735845;871.5206603773585;Line 240;1;59.0034973616609
-23.756639436;-47.023120766;925.2;43200;178.19691252144077;871.3969125214408;Line 240;1;59.0034973616609
-23.756503278;-47.022866407;927.3;43170;178.07316466552314;871.2731646655232;Line 240;1;59.0034973616609
-23.756367118;-47.022612048;929.3;43140;177.94941680960545;871.1494168096056;Line 240;1;59.0034973616609
-23.756230959;-47.02235769;932.1;43110;177.82566895368777;871.0256689536878;Line 240;1;59.0034973616609
-23.756094799;-47.022103333;935.6;43080;177.7019210977701;870.9019210977701;Line 240;1;59.0034973616609
-23.755958638;-47.021848976;939.2;43050;177.57817324185243;870.7781732418525;Line 240;1;59.0034973616609
-23.755822477;-47.021594619;942.6;43020;177.4544253859348;870.6544253859348;Line 240;1;59.0034973616609
-23.755686316;-47.021340263;945.5;42990;177.3306775300171;870.5306775300171;Line 240;1;59.0034973616609
-23.755550154;-47.021085907;949.0;42960;177.20692967409946;870.4069296740995;Line 240;1;59.0034973616609
-23.755413991;-47.020831552;953.0;42930;177.08318181818177;870.2831818181818;Line 240;1;59.0034973616609
-23.755277828;-47.020577198;955.9;42900;176.9594339622641;870.1594339622641;Line 240;1;59.0034973616609
-23.755141665;-47.020322844;958.8;42870;176.83568610634646;870.0356861063465;Line 240;1;59.0034973616609
-23.755005501;-47.02006849;961.6;42840;176.71193825042877;869.9119382504289;Line 240;1;59.0034973616609
-23.754869337;-47.019814137;962.3;42810;176.58819039451112;869.7881903945112;Line 240;1;59.0034973616609
-23.754733172;-47.019559785;962.6;42780;176.46444253859343;869.6644425385934;Line 240;1;59.0034973616609
-23.754597007;-47.019305433;962.7;42750;176.34069468267577;869.5406946826758;Line 240;1;59.0034973616609
-23.754460841;-47.019051082;960.6;42720;176.21694682675812;869.4169468267581;Line 240;1;59.0034973616609
-23.754324675;-47.018796731;955.6;42690;176.09319897084043;869.2931989708404;Line 240;1;59.0034973616609
-23.754188509;-47.01854238;950.0;42660;175.96945111492278;869.1694511149228;Line 240;1;59.0034973616609
-23.754052342;-47.01828803;945.3;42630;175.8457032590051;869.0457032590051;Line 240;1;59.0034973616609
-23.753916174;-47.018033681;941.3;42600;175.72195540308743;868.9219554030875;Line 240;1;59.0034973616609
-23.753780006;-47.017779332;936.7;42570;175.59820754716978;868.7982075471698;Line 240;1;59.0034973616609
-23.753643838;-47.017524983;931.4;42540;175.4744596912521;868.6744596912522;Line 240;1;59.0034973616609
-23.753507669;-47.017270636;928.3;42510;175.35071183533444;868.5507118353345;Line 240;1;59.0034973616609
-23.7533715;-47.017016288;925.9;42480;175.22696397941675;868.4269639794168;Line 240;1;59.0034973616609
-23.75323533;-47.016761941;924.4;42450;175.1032161234991;868.3032161234992;Line 240;1;59.0034973616609
-23.75309916;-47.016507595;926.3;42420;174.97946826758144;868.1794682675815;Line 240;1;59.0034973616609
-23.752962989;-47.016253249;929.6;42390;174.85572041166378;868.0557204116639;Line 240;1;59.0034973616609
-23.752826818;-47.015998904;932.5;42360;174.7319725557461;867.9319725557461;Line 240;1;59.0034973616609
-23.752690647;-47.015744559;935.8;42330;174.6082246998284;867.8082246998284;Line 240;1;59.0034973616609
-23.752554475;-47.015490214;940.6;42300;174.48447684391076;867.6844768439108;Line 240;1;59.0034973616609
-23.752418302;-47.01523587;946.1;42270;174.3607289879931;867.5607289879931;Line 240;1;59.0034973616609
-23.752282129;-47.014981527;951.5;42240;174.23698113207544;867.4369811320755;Line 240;1;59.0034973616609
-23.752145956;-47.014727184;954.5;42210;174.11323327615776;867.3132332761578;Line 240;1;59.0034973616609
-23.752009782;-47.014472842;956.9;42180;173.9894854202401;867.1894854202401;Line 240;1;59.0034973616609
-23.751873608;-47.0142185;958.8;42150;173.86573756432242;867.0657375643225;Line 240;1;59.0034973616609
-23.751737433;-47.013964159;954.0;42120;173.74198970840476;866.9419897084048;Line 240;1;59.0034973616609
-23.751601258;-47.013709818;946.6;42090;173.6182418524871;866.8182418524872;Line 240;1;59.0034973616609
-23.751465082;-47.013455478;938.8;42060;173.49449399656942;866.6944939965695;Line 240;1;59.0034973616609
-23.751328906;-47.013201138;934.7;42030;173.37074614065176;866.5707461406519;Line 240;1;59.0034973616609
-23.751192729;-47.012946799;934.5;42000;173.24699828473408;866.4469982847341;Line 240;1;59.0034973616609
-23.751056552;-47.01269246;934.9;41970;173.12325042881645;866.3232504288164;Line 240;1;59.0034973616609
-23.750920375;-47.012438122;937.2;41940;172.99950257289876;866.1995025728988;Line 240;1;59.0034973616609
-23.750784197;-47.012183784;943.4;41910;172.87575471698108;866.0757547169811;Line 240;1;59.0034973616609
-23.750648018;-47.011929447;949.3;41880;172.75200686106342;865.9520068610634;Line 240;1;59.0034973616609
-23.75051184;-47.01167511;954.7;41850;172.62825900514574;865.8282590051458;Line 240;1;59.0034973616609
-23.75037566;-47.011420774;956.8;41820;172.5045111492281;865.7045111492282;Line 240;1;59.0034973616609
-23.75023948;-47.011166438;958.1;41790;172.38076329331042;865.5807632933105;Line 240;1;59.0034973616609
-23.7501033;-47.010912103;958.9;41760;172.25701543739277;865.4570154373928;Line 240;1;59.0034973616609
-23.749967119;-47.010657768;962.4;41730;172.13326758147508;865.3332675814752;Line 240;1;59.0034973616609
-23.749830938;-47.010403434;968.7;41700;172.0095197255574;865.2095197255575;Line 240;1;59.0034973616609
-23.749694757;-47.0101491;974.7;41670;171.88577186963977;865.0857718696398;Line 240;1;59.0034973616609
-23.749558575;-47.009894767;981.4;41640;171.76202401372208;864.9620240137222;Line 240;1;59.0034973616609
-23.749422392;-47.009640434;990.3;41610;171.63827615780443;864.8382761578044;Line 240;1;59.0034973616609
-23.749286209;-47.009386102;1000.3;41580;171.51452830188674;864.7145283018867;Line 240;1;59.0034973616609
-23.749150026;-47.00913177;1010.6;41550;171.39078044596909;864.5907804459691;Line 240;1;59.0034973616609
-23.749013842;-47.008877439;1014.2;41520;171.26703259005143;864.4670325900515;Line 240;1;59.0034973616609
-23.748877657;-47.008623109;1017.1;41490;171.14328473413374;864.3432847341338;Line 240;1;59.0034973616609
-23.748741473;-47.008368778;1019.1;41460;171.0195368782161;864.2195368782161;Line 240;1;59.0034973616609
-23.748605287;-47.008114449;1018.9;41430;170.8957890222984;864.0957890222985;Line 240;1;59.0034973616609
-23.748469102;-47.00786012;1018.4;41400;170.77204116638075;863.9720411663808;Line 240;1;59.0034973616609
-23.748332915;-47.007605791;1017.9;41370;170.6482933104631;863.8482933104631;Line 240;1;59.0034973616609
-23.748196729;-47.007351463;1014.1;41340;170.5245454545454;863.7245454545455;Line 240;1;59.0034973616609
-23.748060542;-47.007097135;1009.5;41310;170.40079759862775;863.6007975986278;Line 240;1;59.0034973616609
-23.747924354;-47.006842808;1006.5;41280;170.27704974271006;863.47704974271;Line 240;1;59.0034973616609
-23.747788166;-47.006588482;1004.1;41250;170.1533018867924;863.3533018867925;Line 240;1;59.0034973616609
-23.747651978;-47.006334155;999.7;41220;170.02955403087475;863.2295540308749;Line 240;1;59.0034973616609
-23.747515789;-47.00607983;994.6;41190;169.9058061749571;863.1058061749571;Line 240;1;59.0034973616609
-23.747379599;-47.005825505;989.9;41160;169.7820583190394;862.9820583190394;Line 240;1;59.0034973616609
-23.747243409;-47.00557118;986.5;41130;169.65831046312172;862.8583104631218;Line 240;1;59.0034973616609
-23.747107219;-47.005316856;983.3;41100;169.53456260720407;862.7345626072041;Line 240;1;59.0034973616609
-23.746971028;-47.005062533;980.2;41070;169.4108147512864;862.6108147512864;Line 240;1;59.0034973616609
-23.746834837;-47.00480821;977.5;41040;169.28706689536875;862.4870668953688;Line 240;1;59.0034973616609
-23.746698645;-47.004553887;973.9;41010;169.16331903945107;862.3633190394511;Line 240;1;59.0034973616609
-23.746562453;-47.004299565;969.1;40980;169.0395711835334;862.2395711835335;Line 240;1;59.0034973616609
-23.746426261;-47.004045243;966.9;40950;168.91582332761573;862.1158233276158;Line 240;1;59.0034973616609
-23.746290068;-47.003790922;966.5;40920;168.79207547169807;861.9920754716982;Line 240;1;59.0034973616609
-23.746153874;-47.003536602;965.2;40890;168.6683276157804;861.8683276157805;Line 240;1;59.0034973616609
-23.74601768;-47.003282282;963.9;40860;168.54457975986273;861.7445797598627;Line 240;1;59.0034973616609
-23.745881486;-47.003027962;965.6;40830;168.42083190394507;861.6208319039451;Line 240;1;59.0034973616609
-23.745745291;-47.002773643;967.6;40800;168.2970840480274;861.4970840480274;Line 240;1;59.0034973616609
-23.745609096;-47.002519325;968.4;40770;168.17333619210976;861.3733361921098;Line 240;1;59.0034973616609
-23.7454729;-47.002265007;969.1;40740;168.04958833619207;861.2495883361921;Line 240;1;59.0034973616609
-23.745336704;-47.00201069;971.0;40710;167.9258404802744;861.1258404802744;Line 240;1;59.0034973616609
-23.745200507;-47.001756373;974.0;40680;167.80209262435673;861.0020926243568;Line 240;1;59.0034973616609
-23.74506431;-47.001502056;973.3;40650;167.67834476843905;860.8783447684391;Line 240;1;59.0034973616609
-23.744928112;-47.00124774;970.1;40620;167.55459691252142;860.7545969125215;Line 240;1;59.0034973616609
-23.744791914;-47.000993425;967.8;40590;167.43084905660373;860.6308490566038;Line 240;1;59.0034973616609
-23.744655716;-47.00073911;965.7;40560;167.30710120068608;860.5071012006861;Line 240;1;59.0034973616609
-23.744519517;-47.000484795;961.8;40530;167.1833533447684;860.3833533447685;Line 240;1;59.0034973616609
-23.744383317;-47.000230482;957.7;40500;167.0596054888507;860.2596054888508;Line 240;1;59.0034973616609
-23.744247117;-46.999976168;954.0;40470;166.93585763293308;860.1358576329332;Line 240;1;59.0034973616609
-23.744110917;-46.999721855;954.5;40440;166.8121097770154;860.0121097770154;Line 240;1;59.0034973616609
-23.743974716;-46.999467543;954.5;40410;166.68836192109774;859.8883619210978;Line 240;1;59.0034973616609
-23.743838515;-46.999213231;954.4;40380;166.56461406518005;859.7646140651801;Line 240;1;59.0034973616609
-23.743702313;-46.99895892;956.6;40350;166.4408662092624;859.6408662092624;Line 240;1;59.0034973616609
-23.743566111;-46.998704609;959.7;40320;166.31711835334474;859.5171183533448;Line 240;1;59.0034973616609
-23.743429908;-46.998450298;963.2;40290;166.19337049742705;859.3933704974271;Line 240;1;59.0034973616609
-23.743293705;-46.998195989;966.3;40260;166.0696226415094;859.2696226415094;Line 240;1;59.0034973616609
-23.743157502;-46.997941679;968.2;40230;165.9458747855917;859.1458747855918;Line 240;1;59.0034973616609
-23.743021298;-46.99768737;969.5;40200;165.82212692967406;859.0221269296741;Line 240;1;59.0034973616609
-23.742885093;-46.997433062;969.4;40170;165.6983790737564;858.8983790737565;Line 240;1;59.0034973616609
-23.742748888;-46.997178754;966.7;40140;165.57463121783871;858.7746312178388;Line 240;1;59.0034973616609
-23.742612683;-46.996924447;963.8;40110;165.45088336192106;858.6508833619212;Line 240;1;59.0034973616609
-23.742476477;-46.99667014;960.8;40080;165.32713550600337;858.5271355060034;Line 240;1;59.0034973616609
-23.742340271;-46.996415834;957.0;40050;165.20338765008572;858.4033876500857;Line 240;1;59.0034973616609
-23.742204064;-46.996161528;953.8;40020;165.07963979416806;858.2796397941681;Line 240;1;59.0034973616609
-23.742067857;-46.995907223;951.0;39990;164.9558919382504;858.1558919382504;Line 240;1;59.0034973616609
-23.741931649;-46.995652918;949.0;39960;164.83214408233272;858.0321440823327;Line 240;1;59.0034973616609
-23.741795441;-46.995398614;947.6;39930;164.70839622641503;857.9083962264151;Line 240;1;59.0034973616609
-23.741659233;-46.99514431;946.5;39900;164.58464837049738;857.7846483704974;Line 240;1;59.0034973616609
-23.741523024;-46.994890007;945.1;39870;164.46090051457972;857.6609005145798;Line 240;1;59.0034973616609
-23.741386814;-46.994635704;943.6;39840;164.33715265866206;857.5371526586621;Line 240;1;59.0034973616609
-23.741250604;-46.994381402;942.0;39810;164.21340480274438;857.4134048027445;Line 240;1;59.0034973616609
-23.741114394;-46.9941271;940.7;39780;164.08965694682672;857.2896569468268;Line 240;1;59.0034973616609
-23.740978183;-46.993872799;940.5;39750;163.96590909090904;857.165909090909;Line 240;1;59.0034973616609
-23.740841972;-46.993618498;940.7;39720;163.84216123499138;857.0421612349915;Line 240;1;59.0034973616609
-23.74070576;-46.993364198;940.7;39690;163.71841337907372;856.9184133790737;Line 240;1;59.0034973616609
-23.740569548;-46.993109898;943.9;39660;163.59466552315604;856.794665523156;Line 240;1;59.0034973616609
-23.740433335;-46.992855599;947.5;39630;163.47091766723838;856.6709176672384;Line 240;1;59.0034973616609
-23.740297122;-46.9926013;951.1;39600;163.3471698113207;856.5471698113207;Line 240;1;59.0034973616609
-23.740160908;-46.992347002;955.0;39570;163.22342195540307;856.4234219554031;Line 240;1;59.0034973616609
-23.740024694;-46.992092704;959.3;39540;163.09967409948538;856.2996740994854;Line 240;1;59.0034973616609
-23.73988848;-46.991838407;962.1;39510;162.9759262435677;856.1759262435678;Line 240;1;59.0034973616609
-23.739752265;-46.991584111;963.6;39480;162.85217838765004;856.0521783876501;Line 240;1;59.0034973616609
-23.739616049;-46.991329814;965.0;39450;162.72843053173236;855.9284305317324;Line 240;1;59.0034973616609
-23.739479833;-46.991075519;967.1;39420;162.60468267581473;855.8046826758148;Line 240;1;59.0034973616609
-23.739343617;-46.990821224;969.8;39390;162.48093481989704;855.6809348198971;Line 240;1;59.0034973616609
-23.7392074;-46.990566929;969.7;39360;162.3571869639794;855.5571869639795;Line 240;1;59.0034973616609
-23.739071183;-46.990312635;969.3;39330;162.2334391080617;855.4334391080617;Line 240;1;59.0034973616609
-23.738934965;-46.990058341;968.0;39300;162.10969125214402;855.309691252144;Line 240;1;59.0034973616609
-23.738798747;-46.989804048;965.6;39270;161.9859433962264;855.1859433962264;Line 240;1;59.0034973616609
-23.738662529;-46.989549756;963.5;39240;161.8621955403087;855.0621955403087;Line 240;1;59.0034973616609
-23.73852631;-46.989295463;962.0;39210;161.73844768439105;854.9384476843911;Line 240;1;59.0034973616609
-23.73839009;-46.989041172;962.7;39180;161.61469982847336;854.8146998284734;Line 240;1;59.0034973616609
-23.73825387;-46.988786881;966.6;39150;161.4909519725557;854.6909519725557;Line 240;1;59.0034973616609
-23.73811765;-46.98853259;971.2;39120;161.36720411663805;854.5672041166381;Line 240;1;59.0034973616609
-23.737981429;-46.9882783;975.3;39090;161.24345626072036;854.4434562607204;Line 240;1;59.0034973616609
-23.737845207;-46.988024011;977.6;39060;161.1197084048027;854.3197084048028;Line 240;1;59.0034973616609
-23.737708986;-46.987769722;979.2;39030;160.99596054888502;854.1959605488851;Line 240;1;59.0034973616609
-23.737572763;-46.987515433;980.3;39000;160.87221269296737;854.0722126929675;Line 240;1;59.0034973616609
-23.737436541;-46.987261145;977.1;38970;160.7484648370497;853.9484648370498;Line 240;1;59.0034973616609
-23.737300318;-46.987006858;974.1;38940;160.62471698113202;853.824716981132;Line 240;1;59.0034973616609
-23.737164094;-46.98675257;971.0;38910;160.50096912521437;853.7009691252144;Line 240;1;59.0034973616609
-23.73702787;-46.986498284;967.7;38880;160.37722126929668;853.5772212692967;Line 240;1;59.0034973616609
-23.736891645;-46.986243998;964.1;38850;160.25347341337903;853.453473413379;Line 240;1;59.0034973616609
-23.73675542;-46.985989712;960.3;38820;160.12972555746137;853.3297255574614;Line 240;1;59.0034973616609
-23.736619195;-46.985735428;956.6;38790;160.0059777015437;853.2059777015438;Line 240;1;59.0034973616609
-23.736482969;-46.985481143;953.0;38760;159.88222984562603;853.0822298456261;Line 240;1;59.0034973616609
-23.736346743;-46.985226859;949.1;38730;159.75848198970834;852.9584819897084;Line 240;1;59.0034973616609
-23.736210516;-46.984972576;945.6;38700;159.6347341337907;852.8347341337908;Line 240;1;59.0034973616609
-23.736074288;-46.984718293;945.7;38670;159.51098627787303;852.7109862778731;Line 240;1;59.0034973616609
-23.735938061;-46.98446401;945.5;38640;159.38723842195537;852.5872384219554;Line 240;1;59.0034973616609
-23.735801833;-46.984209728;944.9;38610;159.2634905660377;852.4634905660378;Line 240;1;59.0034973616609
-23.735665604;-46.983955447;946.5;38580;159.13974271012003;852.33974271012;Line 240;1;59.0034973616609
-23.735529375;-46.983701166;948.8;38550;159.01599485420235;852.2159948542023;Line 240;1;59.0034973616609
-23.735393145;-46.983446885;951.0;38520;158.8922469982847;852.0922469982847;Line 240;1;59.0034973616609
-23.735256915;-46.983192606;953.3;38490;158.76849914236703;851.9684991423671;Line 240;1;59.0034973616609
-23.735120685;-46.982938326;954.9;38460;158.64475128644935;851.8447512864494;Line 240;1;59.0034973616609
-23.734984454;-46.982684047;955.3;38430;158.5210034305317;851.7210034305317;Line 240;1;59.0034973616609
-23.734848222;-46.982429769;955.2;38400;158.397255574614;851.5972555746141;Line 240;1;59.0034973616609
-23.734711991;-46.982175491;953.5;38370;158.27350771869638;851.4735077186964;Line 240;1;59.0034973616609
-23.734575758;-46.981921214;952.1;38340;158.1497598627787;851.3497598627787;Line 240;1;59.0034973616609
-23.734439526;-46.981666937;951.0;38310;158.026012006861;851.2260120068611;Line 240;1;59.0034973616609
-23.734303292;-46.98141266;950.4;38280;157.90226415094335;851.1022641509434;Line 240;1;59.0034973616609
-23.734167059;-46.981158385;950.8;38250;157.7785162950257;850.9785162950258;Line 240;1;59.0034973616609
-23.734030825;-46.980904109;952.8;38220;157.65476843910804;850.854768439108;Line 240;1;59.0034973616609
-23.73389459;-46.980649834;956.7;38190;157.53102058319035;850.7310205831905;Line 240;1;59.0034973616609
-23.733758355;-46.98039556;961.0;38160;157.4072727272727;850.6072727272727;Line 240;1;59.0034973616609
-23.733622119;-46.980141286;964.9;38130;157.283524871355;850.483524871355;Line 240;1;59.0034973616609
-23.733485884;-46.979887013;968.5;38100;157.15977701543736;850.3597770154374;Line 240;1;59.0034973616609
-23.733349647;-46.97963274;971.9;38070;157.0360291595197;850.2360291595197;Line 240;1;59.0034973616609
-23.73321341;-46.979378468;974.6;38040;156.91228130360201;850.112281303602;Line 240;1;59.0034973616609
-23.733077173;-46.979124196;977.3;38010;156.78853344768436;849.9885334476844;Line 240;1;59.0034973616609
-23.732940935;-46.978869925;978.8;37980;156.66478559176667;849.8647855917667;Line 240;1;59.0034973616609
-23.732804697;-46.978615654;980.1;37950;156.54103773584902;849.7410377358491;Line 240;1;59.0034973616609
-23.732668458;-46.978361384;981.3;37920;156.41728987993136;849.6172898799314;Line 240;1;59.0034973616609
-23.732532219;-46.978107114;979.4;37890;156.29354202401368;849.4935420240138;Line 240;1;59.0034973616609
-23.73239598;-46.977852845;977.8;37860;156.16979416809602;849.3697941680961;Line 240;1;59.0034973616609
-23.73225974;-46.977598576;976.5;37830;156.04604631217833;849.2460463121784;Line 240;1;59.0034973616609
-23.732123499;-46.977344308;975.3;37800;155.9222984562607;849.1222984562608;Line 240;1;59.0034973616609
-23.731987258;-46.97709004;974.5;37770;155.79855060034302;848.998550600343;Line 240;1;59.0034973616609
-23.731851017;-46.976835773;974.5;37740;155.67480274442534;848.8748027444253;Line 240;1;59.0034973616609
-23.731714775;-46.976581506;975.2;37710;155.55105488850768;848.7510548885077;Line 240;1;59.0034973616609
-23.731578532;-46.97632724;975.6;37680;155.42730703259;848.62730703259;Line 240;1;59.0034973616609
-23.73144229;-46.976072974;975.8;37650;155.30355917667237;848.5035591766724;Line 240;1;59.0034973616609
-23.731306046;-46.975818709;976.2;37620;155.17981132075468;848.3798113207547;Line 240;1;59.0034973616609
-23.731169803;-46.975564444;977.2;37590;155.05606346483702;848.2560634648371;Line 240;1;59.0034973616609
-23.731033559;-46.97531018;977.6;37560;154.93231560891934;848.1323156089194;Line 240;1;59.0034973616609
-23.730897314;-46.975055916;977.3;37530;154.80856775300165;848.0085677530017;Line 240;1;59.0034973616609
-23.730761069;-46.974801653;974.3;37500;154.68481989708403;847.8848198970841;Line 240;1;59.0034973616609
-23.730624823;-46.974547391;970.7;37470;154.56107204116634;847.7610720411664;Line 240;1;59.0034973616609
-23.730488577;-46.974293128;966.9;37440;154.43732418524868;847.6373241852488;Line 240;1;59.0034973616609
-23.730352331;-46.974038867;963.4;37410;154.313576329331;847.513576329331;Line 240;1;59.0034973616609
-23.730216084;-46.973784606;960.3;37380;154.18982847341334;847.3898284734134;Line 240;1;59.0034973616609
-23.730079837;-46.973530345;957.2;37350;154.0660806174957;847.2660806174957;Line 240;1;59.0034973616609
-23.729943589;-46.973276085;955.3;37320;153.942332761578;847.142332761578;Line 240;1;59.0034973616609
-23.729807341;-46.973021825;955.7;37290;153.81858490566034;847.0185849056604;Line 240;1;59.0034973616609
-23.729671092;-46.972767566;956.4;37260;153.69483704974266;846.8948370497427;Line 240;1;59.0034973616609
-23.729534843;-46.972513308;957.3;37230;153.571089193825;846.771089193825;Line 240;1;59.0034973616609
-23.729398593;-46.972259049;957.2;37200;153.44734133790735;846.6473413379074;Line 240;1;59.0034973616609
-23.729262343;-46.972004792;956.9;37170;153.3235934819897;846.5235934819898;Line 240;1;59.0034973616609
-23.729126093;-46.971750535;956.1;37140;153.199845626072;846.3998456260721;Line 240;1;59.0034973616609
-23.728989842;-46.971496278;956.0;37110;153.07609777015432;846.2760977701544;Line 240;1;59.0034973616609
-23.72885359;-46.971242022;956.4;37080;152.95234991423666;846.1523499142368;Line 240;1;59.0034973616609
-23.728717338;-46.970987767;956.7;37050;152.828602058319;846.028602058319;Line 240;1;59.0034973616609
-23.728581086;-46.970733512;956.7;37020;152.70485420240135;845.9048542024013;Line 240;1;59.0034973616609
-23.728444833;-46.970479257;956.4;36990;152.58110634648366;845.7811063464837;Line 240;1;59.0034973616609
-23.72830858;-46.970225003;956.3;36960;152.457358490566;845.657358490566;Line 240;1;59.0034973616609
-23.728172326;-46.96997075;956.1;36930;152.33361063464832;845.5336106346483;Line 240;1;59.0034973616609
-23.728036072;-46.969716497;953.2;36900;152.20986277873067;845.4098627787307;Line 240;1;59.0034973616609
-23.727899817;-46.969462244;949.7;36870;152.086114922813;845.2861149228131;Line 240;1;59.0034973616609
-23.727763562;-46.969207992;945.8;36840;151.96236706689533;845.1623670668954;Line 240;1;59.0034973616609
-23.727627307;-46.968953741;941.2;36810;151.83861921097767;845.0386192109777;Line 240;1;59.0034973616609
-23.727491051;-46.96869949;936.5;36780;151.71487135505998;844.9148713550601;Line 240;1;59.0034973616609
-23.727354794;-46.968445239;931.9;36750;151.59112349914233;844.7911234991424;Line 240;1;59.0034973616609
-23.727218537;-46.968190989;929.4;36720;151.46737564322467;844.6673756432247;Line 240;1;59.0034973616609
-23.72708228;-46.96793674;927.7;36690;151.34362778730699;844.5436277873071;Line 240;1;59.0034973616609
-23.726946022;-46.967682491;925.2;36660;151.21987993138933;844.4198799313893;Line 240;1;59.0034973616609
-23.726809764;-46.967428242;923.6;36630;151.09613207547164;844.2961320754716;Line 240;1;59.0034973616609
-23.726673505;-46.967173994;925.9;36600;150.97238421955402;844.172384219554;Line 240;1;59.0034973616609
-23.726537246;-46.966919747;928.5;36570;150.84863636363633;844.0486363636364;Line 240;1;59.0034973616609
-23.726400986;-46.9666655;930.4;36540;150.72488850771865;843.9248885077187;Line 240;1;59.0034973616609
-23.726264726;-46.966411254;932.5;36510;150.601140651801;843.801140651801;Line 240;1;59.0034973616609
-23.726128466;-46.966157008;934.8;36480;150.4773927958833;843.6773927958834;Line 240;1;59.0034973616609
-23.725992205;-46.965902762;937.5;36450;150.35364493996568;843.5536449399657;Line 240;1;59.0034973616609
-23.725855943;-46.965648517;939.4;36420;150.229897084048;843.429897084048;Line 240;1;59.0034973616609
-23.725719681;-46.965394273;940.2;36390;150.10614922813033;843.3061492281304;Line 240;1;59.0034973616609
-23.725583419;-46.965140029;941.1;36360;149.98240137221265;843.1824013722127;Line 240;1;59.0034973616609
-23.725447156;-46.964885786;942.1;36330;149.85865351629496;843.058653516295;Line 240;1;59.0034973616609
-23.725310893;-46.964631543;942.9;36300;149.73490566037734;842.9349056603774;Line 240;1;59.0034973616609
-23.725174629;-46.9643773;943.5;36270;149.61115780445965;842.8111578044598;Line 240;1;59.0034973616609
-23.725038365;-46.964123059;943.7;36240;149.487409948542;842.687409948542;Line 240;1;59.0034973616609
-23.7249021;-46.963868817;943.7;36210;149.3636620926243;842.5636620926243;Line 240;1;59.0034973616609
-23.724765835;-46.963614576;943.7;36180;149.23991423670665;842.4399142367067;Line 240;1;59.0034973616609
-23.72462957;-46.963360336;943.9;36150;149.116166380789;842.316166380789;Line 240;1;59.0034973616609
-23.724493303;-46.963106096;943.3;36120;148.9924185248713;842.1924185248713;Line 240;1;59.0034973616609
-23.724357037;-46.962851857;942.5;36090;148.86867066895365;842.0686706689537;Line 240;1;59.0034973616609
-23.72422077;-46.962597618;941.5;36060;148.74492281303597;841.944922813036;Line 240;1;59.0034973616609
-23.724084503;-46.96234338;940.2;36030;148.6211749571183;841.8211749571184;Line 240;1;59.0034973616609
-23.723948235;-46.962089142;938.3;36000;148.49742710120066;841.6974271012007;Line 240;1;59.0034973616609
-23.723811967;-46.961834905;935.7;35970;148.373679245283;841.5736792452831;Line 240;1;59.0034973616609
-23.723675698;-46.961580668;931.8;35940;148.24993138936532;841.4499313893654;Line 240;1;59.0034973616609
-23.723539429;-46.961326432;927.0;35910;148.12618353344763;841.3261835334476;Line 240;1;59.0034973616609
-23.723403159;-46.961072196;922.9;35880;148.00243567752997;841.20243567753;Line 240;1;59.0034973616609
-23.723266889;-46.960817961;920.0;35850;147.87868782161232;841.0786878216123;Line 240;1;59.0034973616609
-23.723130618;-46.960563726;920.0;35820;147.75493996569466;840.9549399656947;Line 240;1;59.0034973616609
-23.722994347;-46.960309492;920.0;35790;147.63119210977698;840.831192109777;Line 240;1;59.0034973616609
-23.722858076;-46.960055258;920.0;35760;147.50744425385932;840.7074442538594;Line 240;1;59.0034973616609
-23.722721804;-46.959801025;920.0;35730;147.38369639794163;840.5836963979417;Line 240;1;59.0034973616609
-23.722585531;-46.959546792;920.0;35700;147.25994854202398;840.459948542024;Line 240;1;59.0034973616609
-23.722449259;-46.95929256;920.0;35670;147.13620068610632;840.3362006861064;Line 240;1;59.0034973616609
-23.722312985;-46.959038328;920.0;35640;147.01245283018864;840.2124528301887;Line 240;1;59.0034973616609
-23.722176711;-46.958784097;920.0;35610;146.88870497427098;840.088704974271;Line 240;1;59.0034973616609
-23.722040437;-46.958529866;920.0;35580;146.7649571183533;839.9649571183534;Line 240;1;59.0034973616609
-23.721904163;-46.958275636;920.0;35550;146.64120926243564;839.8412092624357;Line 240;1;59.0034973616609
-23.721767887;-46.958021406;920.0;35520;146.51746140651798;839.717461406518;Line 240;1;59.0034973616609
-23.721631612;-46.957767177;920.1;35490;146.3937135506003;839.5937135506003;Line 240;1;59.0034973616609
-23.721495336;-46.957512949;920.4;35460;146.26996569468264;839.4699656946827;Line 240;1;59.0034973616609
-23.721359059;-46.95725872;925.1;35430;146.14621783876495;839.346217838765;Line 240;1;59.0034973616609
-23.721222782;-46.957004493;930.0;35400;146.02246998284733;839.2224699828473;Line 240;1;59.0034973616609
-23.721086505;-46.956750266;934.9;35370;145.89872212692964;839.0987221269297;Line 240;1;59.0034973616609
-23.720950227;-46.956496039;938.6;35340;145.77497427101196;838.974974271012;Line 240;1;59.0034973616609
-23.720813949;-46.956241813;941.5;35310;145.6512264150943;838.8512264150943;Line 240;1;59.0034973616609
-23.72067767;-46.955987587;943.8;35280;145.52747855917661;838.7274785591767;Line 240;1;59.0034973616609
-23.720541391;-46.955733362;945.0;35250;145.403730703259;838.6037307032591;Line 240;1;59.0034973616609
-23.720405111;-46.955479138;945.1;35220;145.2799828473413;838.4799828473414;Line 240;1;59.0034973616609
-23.720268831;-46.955224914;945.7;35190;145.15623499142364;838.3562349914237;Line 240;1;59.0034973616609
-23.72013255;-46.95497069;946.4;35160;145.03248713550596;838.2324871355061;Line 240;1;59.0034973616609
-23.719996269;-46.954716467;944.6;35130;144.90873927958827;838.1087392795883;Line 240;1;59.0034973616609
-23.719859988;-46.954462244;941.7;35100;144.78499142367065;837.9849914236706;Line 240;1;59.0034973616609
-23.719723706;-46.954208022;938.7;35070;144.66124356775296;837.861243567753;Line 240;1;59.0034973616609
-23.719587423;-46.953953801;934.1;35040;144.5374957118353;837.7374957118353;Line 240;1;59.0034973616609
-23.719451141;-46.95369958;929.6;35010;144.41374785591762;837.6137478559176;Line 240;1;59.0034973616609
-23.719314857;-46.953445359;925.6;34980;144.28999999999996;837.49;Line 240;1;59.0034973616609
-23.719178573;-46.953191139;921.6;34950;144.1662521440823;837.3662521440824;Line 240;1;59.0034973616609
-23.719042289;-46.95293692;916.4;34920;144.04250428816462;837.2425042881647;Line 240;1;59.0034973616609
-23.718906005;-46.952682701;911.4;34890;143.91875643224697;837.118756432247;Line 240;1;59.0034973616609
-23.718769719;-46.952428482;907.9;34860;143.79500857632928;836.9950085763294;Line 240;1;59.0034973616609
-23.718633434;-46.952174264;908.5;34830;143.67126072041162;836.8712607204117;Line 240;1;59.0034973616609
-23.718497148;-46.951920047;910.2;34800;143.54751286449397;836.747512864494;Line 240;1;59.0034973616609
-23.718360861;-46.95166583;912.9;34770;143.4237650085763;836.6237650085764;Line 240;1;59.0034973616609
-23.718224574;-46.951411613;918.4;34740;143.30001715265863;836.5000171526586;Line 240;1;59.0034973616609
-23.718088287;-46.951157397;924.2;34710;143.17626929674094;836.3762692967409;Line 240;1;59.0034973616609
-23.717951999;-46.950903182;930.3;34680;143.05252144082328;836.2525214408233;Line 240;1;59.0034973616609
-23.717815711;-46.950648967;933.9;34650;142.92877358490563;836.1287735849057;Line 240;1;59.0034973616609
-23.717679422;-46.950394752;936.5;34620;142.80502572898797;836.005025728988;Line 240;1;59.0034973616609
-23.717543133;-46.950140538;938.9;34590;142.6812778730703;835.8812778730703;Line 240;1;59.0034973616609
-23.717406843;-46.949886325;938.9;34560;142.55753001715263;835.7575300171527;Line 240;1;59.0034973616609
-23.717270553;-46.949632112;936.2;34530;142.43378216123494;835.633782161235;Line 240;1;59.0034973616609
-23.717134262;-46.9493779;932.6;34500;142.3100343053173;835.5100343053173;Line 240;1;59.0034973616609
-23.716997971;-46.949123688;928.1;34470;142.18628644939963;835.3862864493997;Line 240;1;59.0034973616609
-23.71686168;-46.948869476;924.0;34440;142.06253859348195;835.262538593482;Line 240;1;59.0034973616609
-23.716725388;-46.948615265;919.9;34410;141.9387907375643;835.1387907375644;Line 240;1;59.0034973616609
-23.716589095;-46.948361055;917.4;34380;141.8150428816466;835.0150428816467;Line 240;1;59.0034973616609
-23.716452802;-46.948106845;920.1;34350;141.69129502572895;834.891295025729;Line 240;1;59.0034973616609
-23.716316509;-46.947852636;923.0;34320;141.5675471698113;834.7675471698113;Line 240;1;59.0034973616609
-23.716180215;-46.947598427;925.7;34290;141.4437993138936;834.6437993138936;Line 240;1;59.0034973616609
-23.716043921;-46.947344218;928.9;34260;141.32005145797595;834.520051457976;Line 240;1;59.0034973616609
-23.715907626;-46.947090011;931.7;34230;141.19630360205826;834.3963036020583;Line 240;1;59.0034973616609
-23.715771331;-46.946835803;934.4;34200;141.07255574614064;834.2725557461407;Line 240;1;59.0034973616609
-23.715635035;-46.946581596;937.4;34170;140.94880789022295;834.148807890223;Line 240;1;59.0034973616609
-23.715498739;-46.94632739;939.9;34140;140.82506003430527;834.0250600343053;Line 240;1;59.0034973616609
-23.715362443;-46.946073184;941.8;34110;140.7013121783876;833.9013121783877;Line 240;1;59.0034973616609
-23.715226146;-46.945818979;943.1;34080;140.57756432246993;833.77756432247;Line 240;1;59.0034973616609
-23.715089848;-46.945564774;941.8;34050;140.4538164665523;833.6538164665524;Line 240;1;59.0034973616609
-23.714953551;-46.94531057;940.8;34020;140.3300686106346;833.5300686106347;Line 240;1;59.0034973616609
-23.714817252;-46.945056366;940.3;33990;140.20632075471696;833.406320754717;Line 240;1;59.0034973616609
-23.714680953;-46.944802163;939.7;33960;140.08257289879927;833.2825728987993;Line 240;1;59.0034973616609
-23.714544654;-46.94454796;938.2;33930;139.95882504288159;833.1588250428816;Line 240;1;59.0034973616609
-23.714408354;-46.944293758;935.9;33900;139.83507718696396;833.035077186964;Line 240;1;59.0034973616609
-23.714272054;-46.944039556;934.0;33870;139.71132933104627;832.9113293310463;Line 240;1;59.0034973616609
-23.714135754;-46.943785355;933.4;33840;139.58758147512862;832.7875814751287;Line 240;1;59.0034973616609
-23.713999453;-46.943531154;933.0;33810;139.46383361921093;832.663833619211;Line 240;1;59.0034973616609
-23.713863151;-46.943276954;931.8;33780;139.34008576329327;832.5400857632933;Line 240;1;59.0034973616609
-23.713726849;-46.943022754;929.5;33750;139.21633790737562;832.4163379073757;Line 240;1;59.0034973616609
-23.713590547;-46.942768555;927.7;33720;139.09259005145793;832.292590051458;Line 240;1;59.0034973616609
-23.713454244;-46.942514356;926.2;33690;138.96884219554028;832.1688421955403;Line 240;1;59.0034973616609
-23.71331794;-46.942260158;924.3;33660;138.8450943396226;832.0450943396227;Line 240;1;59.0034973616609
-23.713181637;-46.94200596;922.6;33630;138.72134648370493;831.921346483705;Line 240;1;59.0034973616609
-23.713045332;-46.941751763;921.2;33600;138.59759862778728;831.7975986277874;Line 240;1;59.0034973616609
-23.712909028;-46.941497566;920.6;33570;138.47385077186962;831.6738507718696;Line 240;1;59.0034973616609
-23.712772722;-46.94124337;920.3;33540;138.35010291595194;831.550102915952;Line 240;1;59.0034973616609
-23.712636417;-46.940989174;920.0;33510;138.22635506003425;831.4263550600343;Line 240;1;59.0034973616609
-23.712500111;-46.940734979;919.5;33480;138.1026072041166;831.3026072041166;Line 240;1;59.0034973616609
-23.712363804;-46.940480785;918.3;33450;137.97885934819894;831.178859348199;Line 240;1;59.0034973616609
-23.712227497;-46.940226591;917.1;33420;137.85511149228128;831.0551114922813;Line 240;1;59.0034973616609
-23.71209119;-46.939972397;916.1;33390;137.7313636363636;830.9313636363636;Line 240;1;59.0034973616609
-23.711954882;-46.939718204;917.7;33360;137.60761578044594;830.807615780446;Line 240;1;59.0034973616609
-23.711818574;-46.939464011;919.5;33330;137.48386792452825;830.6838679245283;Line 240;1;59.0034973616609
-23.711682265;-46.939209819;921.6;33300;137.3601200686106;830.5601200686107;Line 240;1;59.0034973616609
-23.711545956;-46.938955627;925.8;33270;137.23637221269294;830.436372212693;Line 240;1;59.0034973616609
-23.711409646;-46.938701436;930.0;33240;137.11262435677526;830.3126243567754;Line 240;1;59.0034973616609
-23.711273336;-46.938447246;933.9;33210;136.9888765008576;830.1888765008576;Line 240;1;59.0034973616609
-23.711137025;-46.938193056;934.2;33180;136.86512864493994;830.0651286449399;Line 240;1;59.0034973616609
-23.711000714;-46.937938866;932.3;33150;136.74138078902226;829.9413807890223;Line 240;1;59.0034973616609
-23.710864402;-46.937684677;931.1;33120;136.6176329331046;829.8176329331046;Line 240;1;59.0034973616609
-23.71072809;-46.937430488;930.2;33090;136.49388507718692;829.6938850771869;Line 240;1;59.0034973616609
-23.710591778;-46.9371763;929.2;33060;136.37013722126926;829.5701372212693;Line 240;1;59.0034973616609
-23.710455465;-46.936922113;928.5;33030;136.2463893653516;829.4463893653517;Line 240;1;59.0034973616609
-23.710319152;-46.936667926;927.9;33000;136.12264150943395;829.322641509434;Line 240;1;59.0034973616609
-23.710182838;-46.936413739;927.0;32970;135.99889365351626;829.1988936535163;Line 240;1;59.0034973616609
-23.710046524;-46.936159553;926.2;32940;135.87514579759858;829.0751457975987;Line 240;1;59.0034973616609
-23.709910209;-46.935905368;923.7;32910;135.75139794168092;828.951397941681;Line 240;1;59.0034973616609
-23.709773894;-46.935651183;917.8;32880;135.62765008576326;828.8276500857633;Line 240;1;59.0034973616609
-23.709637578;-46.935396998;912.0;32850;135.5039022298456;828.7039022298457;Line 240;1;59.0034973616609
-23.709501262;-46.935142814;907.4;32820;135.38015437392792;828.5801543739279;Line 240;1;59.0034973616609
-23.709364946;-46.934888631;903.8;32790;135.25640651801027;828.4564065180103;Line 240;1;59.0034973616609
-23.709228629;-46.934634448;899.7;32760;135.13265866209258;828.3326586620926;Line 240;1;59.0034973616609
-23.709092311;-46.934380265;894.6;32730;135.00891080617492;828.208910806175;Line 240;1;59.0034973616609
-23.708955993;-46.934126083;891.0;32700;134.88516295025727;828.0851629502573;Line 240;1;59.0034973616609
-23.708819675;-46.933871902;896.5;32670;134.76141509433958;827.9614150943396;Line 240;1;59.0034973616609
-23.708683356;-46.933617721;901.6;32640;134.63766723842193;827.837667238422;Line 240;1;59.0034973616609
-23.708547037;-46.93336354;906.4;32610;134.51391938250424;827.7139193825043;Line 240;1;59.0034973616609
-23.708410717;-46.93310936;909.9;32580;134.3901715265866;827.5901715265867;Line 240;1;59.0034973616609
-23.708274397;-46.932855181;914.2;32550;134.26642367066893;827.466423670669;Line 240;1;59.0034973616609
-23.708138076;-46.932601002;917.4;32520;134.14267581475124;827.3426758147513;Line 240;1;59.0034973616609
-23.708001755;-46.932346824;914.5;32490;134.0189279588336;827.2189279588337;Line 240;1;59.0034973616609
-23.707865434;-46.932092646;907.9;32460;133.8951801029159;827.095180102916;Line 240;1;59.0034973616609
-23.707729112;-46.931838468;901.4;32430;133.77143224699827;826.9714322469983;Line 240;1;59.0034973616609
-23.707592789;-46.931584291;895.9;32400;133.6476843910806;826.8476843910806;Line 240;1;59.0034973616609
-23.707456466;-46.931330115;893.3;32370;133.52393653516293;826.7239365351629;Line 240;1;59.0034973616609
-23.707320143;-46.931075939;890.6;32340;133.40018867924525;826.6001886792453;Line 240;1;59.0034973616609
-23.707183819;-46.930821764;887.9;32310;133.27644082332756;826.4764408233276;Line 240;1;59.0034973616609
-23.707047495;-46.930567589;887.9;32280;133.15269296740993;826.35269296741;Line 240;1;59.0034973616609
-23.70691117;-46.930313415;888.6;32250;133.02894511149225;826.2289451114923;Line 240;1;59.0034973616609
-23.706774845;-46.930059241;889.9;32220;132.9051972555746;826.1051972555747;Line 240;1;59.0034973616609
-23.706638519;-46.929805067;892.3;32190;132.7814493996569;825.981449399657;Line 240;1;59.0034973616609
-23.706502193;-46.929550895;895.1;32160;132.65770154373925;825.8577015437393;Line 240;1;59.0034973616609
-23.706365867;-46.929296722;897.8;32130;132.5339536878216;825.7339536878217;Line 240;1;59.0034973616609
-23.70622954;-46.92904255;898.0;32100;132.4102058319039;825.610205831904;Line 240;1;59.0034973616609
-23.706093212;-46.928788379;895.8;32070;132.28645797598625;825.4864579759862;Line 240;1;59.0034973616609
-23.705956884;-46.928534208;893.6;32040;132.16271012006857;825.3627101200686;Line 240;1;59.0034973616609
-23.705820556;-46.928280038;891.5;32010;132.0389622641509;825.2389622641509;Line 240;1;59.0034973616609
-23.705684227;-46.928025868;889.2;31980;131.91521440823325;825.1152144082333;Line 240;1;59.0034973616609
-23.705547898;-46.927771699;887.3;31950;131.79146655231557;824.9914665523156;Line 240;1;59.0034973616609
-23.705411568;-46.92751753;885.7;31920;131.6677186963979;824.867718696398;Line 240;1;59.0034973616609
-23.705275238;-46.927263362;885.5;31890;131.54397084048023;824.7439708404803;Line 240;1;59.0034973616609
-23.705138908;-46.927009194;886.0;31860;131.42022298456257;824.6202229845626;Line 240;1;59.0034973616609
-23.705002577;-46.926755027;887.0;31830;131.29647512864491;824.496475128645;Line 240;1;59.0034973616609
-23.704866245;-46.92650086;882.8;31800;131.17272727272726;824.3727272727273;Line 240;1;59.0034973616609
-23.704729913;-46.926246694;877.3;31770;131.04897941680957;824.2489794168096;Line 240;1;59.0034973616609
-23.704593581;-46.925992528;872.1;31740;130.9252315608919;824.125231560892;Line 240;1;59.0034973616609
-23.704457248;-46.925738363;867.9;31710;130.80148370497423;824.0014837049742;Line 240;1;59.0034973616609
-23.704320914;-46.925484198;864.5;31680;130.67773584905657;823.8777358490566;Line 240;1;59.0034973616609
-23.704184581;-46.925230034;860.7;31650;130.55398799313892;823.7539879931389;Line 240;1;59.0034973616609
-23.704048246;-46.92497587;857.5;31620;130.43024013722123;823.6302401372213;Line 240;1;59.0034973616609
-23.703911912;-46.924721707;859.0;31590;130.30649228130358;823.5064922813036;Line 240;1;59.0034973616609
-23.703775576;-46.924467544;860.7;31560;130.1827444253859;823.3827444253859;Line 240;1;59.0034973616609
-23.703639241;-46.924213382;862.6;31530;130.05899656946823;823.2589965694683;Line 240;1;59.0034973616609
-23.703502905;-46.923959221;862.5;31500;129.93524871355058;823.1352487135506;Line 240;1;59.0034973616609
-23.703366568;-46.923705059;862.1;31470;129.8115008576329;823.0115008576329;Line 240;1;59.0034973616609
-23.703230231;-46.923450899;864.8;31440;129.68775300171524;822.8877530017153;Line 240;1;59.0034973616609
-23.703093894;-46.923196739;866.8;31410;129.56400514579755;822.7640051457976;Line 240;1;59.0034973616609
-23.702957556;-46.922942579;866.3;31380;129.44025728987992;822.64025728988;Line 240;1;59.0034973616609
-23.702821217;-46.92268842;864.7;31350;129.31650943396224;822.5165094339623;Line 240;1;59.0034973616609
-23.702684879;-46.922434261;862.6;31320;129.19276157804455;822.3927615780447;Line 240;1;59.0034973616609
-23.702548539;-46.922180103;860.4;31290;129.0690137221269;822.2690137221269;Line 240;1;59.0034973616609
-23.7024122;-46.921925946;857.1;31260;128.9452658662092;822.1452658662092;Line 240;1;59.0034973616609
-23.70227586;-46.921671788;854.0;31230;128.82151801029158;822.0215180102916;Line 240;1;59.0034973616609
-23.702139519;-46.921417632;854.3;31200;128.6977701543739;821.8977701543739;Line 240;1;59.0034973616609
-23.702003178;-46.921163476;853.8;31170;128.57402229845624;821.7740222984563;Line 240;1;59.0034973616609
-23.701866836;-46.92090932;852.2;31140;128.45027444253856;821.6502744425386;Line 240;1;59.0034973616609
-23.701730494;-46.920655165;850.8;31110;128.32652658662087;821.5265265866209;Line 240;1;59.0034973616609
-23.701594152;-46.920401011;850.9;31080;128.20277873070324;821.4027787307033;Line 240;1;59.0034973616609
-23.701457809;-46.920146857;850.5;31050;128.07903087478556;821.2790308747856;Line 240;1;59.0034973616609
-23.701321466;-46.919892703;850.2;31020;127.95528301886789;821.155283018868;Line 240;1;59.0034973616609
-23.701185122;-46.91963855;851.8;30990;127.83153516295022;821.0315351629503;Line 240;1;59.0034973616609
-23.701048778;-46.919384397;852.9;30960;127.70778730703255;820.9077873070325;Line 240;1;59.0034973616609
-23.700912433;-46.919130245;853.9;30930;127.5840394511149;820.784039451115;Line 240;1;59.0034973616609
-23.700776088;-46.918876094;856.5;30900;127.46029159519723;820.6602915951972;Line 240;1;59.0034973616609
-23.700639742;-46.918621943;858.5;30870;127.33654373927956;820.5365437392796;Line 240;1;59.0034973616609
-23.700503396;-46.918367792;859.7;30840;127.21279588336188;820.4127958833619;Line 240;1;59.0034973616609
-23.70036705;-46.918113642;859.0;30810;127.0890480274442;820.2890480274442;Line 240;1;59.0034973616609
-23.700230703;-46.917859493;857.8;30780;126.96530017152656;820.1653001715266;Line 240;1;59.0034973616609
-23.700094355;-46.917605344;856.3;30750;126.8415523156089;820.0415523156089;Line 240;1;59.0034973616609
-23.699958007;-46.917351195;854.9;30720;126.71780445969122;819.9178044596913;Line 240;1;59.0034973616609
-23.699821659;-46.917097047;855.1;30690;126.59405660377355;819.7940566037736;Line 240;1;59.0034973616609
-23.69968531;-46.9168429;856.4;30660;126.47030874785588;819.6703087478559;Line 240;1;59.0034973616609
-23.699548961;-46.916588753;859.4;30630;126.34656089193822;819.5465608919383;Line 240;1;59.0034973616609
-23.699412611;-46.916334607;863.8;30600;126.22281303602055;819.4228130360206;Line 240;1;59.0034973616609
-23.699276261;-46.916080461;867.7;30570;126.09906518010288;819.299065180103;Line 240;1;59.0034973616609
-23.699139911;-46.915826315;871.0;30540;125.97531732418521;819.1753173241852;Line 240;1;59.0034973616609
-23.699003559;-46.91557217;873.3;30510;125.85156946826754;819.0515694682676;Line 240;1;59.0034973616609
-23.698867208;-46.915318026;874.9;30480;125.7278216123499;818.9278216123499;Line 240;1;59.0034973616609
-23.698730856;-46.915063882;875.9;30450;125.60407375643221;818.8040737564322;Line 240;1;59.0034973616609
-23.698594504;-46.914809739;872.1;30420;125.48032590051454;818.6803259005146;Line 240;1;59.0034973616609
-23.698458151;-46.914555596;866.4;30390;125.35657804459687;818.5565780445969;Line 240;1;59.0034973616609
-23.698321797;-46.914301453;860.3;30360;125.2328301886792;818.4328301886792;Line 240;1;59.0034973616609
-23.698185444;-46.914047311;858.2;30330;125.10908233276156;818.3090823327616;Line 240;1;59.0034973616609
-23.698049089;-46.91379317;860.9;30300;124.98533447684389;818.185334476844;Line 240;1;59.0034973616609
-23.697912735;-46.913539029;864.3;30270;124.86158662092622;818.0615866209263;Line 240;1;59.0034973616609
-23.697776379;-46.913284889;867.7;30240;124.73783876500853;817.9378387650086;Line 240;1;59.0034973616609
-23.697640024;-46.913030749;868.1;30210;124.61409090909086;817.814090909091;Line 240;1;59.0034973616609
-23.697503668;-46.91277661;868.7;30180;124.49034305317322;817.6903430531733;Line 240;1;59.0034973616609
-23.697367311;-46.912522471;867.5;30150;124.36659519725555;817.5665951972555;Line 240;1;59.0034973616609
-23.697230954;-46.912268332;861.2;30120;124.24284734133788;817.4428473413379;Line 240;1;59.0034973616609
-23.697094597;-46.912014195;854.7;30090;124.11909948542021;817.3190994854202;Line 240;1;59.0034973616609
-23.696958239;-46.911760057;848.6;30060;123.99535162950254;817.1953516295026;Line 240;1;59.0034973616609
-23.696821881;-46.911505921;847.8;30030;123.87160377358488;817.0716037735849;Line 240;1;59.0034973616609
-23.696685522;-46.911251784;850.1;30000;123.74785591766721;816.9478559176673;Line 240;1;59.0034973616609
-23.696549163;-46.910997648;851.4;29970;123.62410806174954;816.8241080617496;Line 240;1;59.0034973616609
-23.696412803;-46.910743513;851.8;29940;123.50036020583187;816.7003602058319;Line 240;1;59.0034973616609
-23.696276443;-46.910489378;850.5;29910;123.3766123499142;816.5766123499143;Line 240;1;59.0034973616609
-23.696140082;-46.910235244;848.4;29880;123.25286449399655;816.4528644939966;Line 240;1;59.0034973616609
-23.696003721;-46.90998111;845.0;29850;123.12911663807887;816.3291166380789;Line 240;1;59.0034973616609
-23.69586736;-46.909726977;837.9;29820;123.0053687821612;816.2053687821613;Line 240;1;59.0034973616609
-23.695730998;-46.909472844;833.8;29790;122.88162092624353;816.0816209262435;Line 240;1;59.0034973616609
-23.695594635;-46.909218712;830.6;29760;122.75787307032586;815.957873070326;Line 240;1;59.0034973616609
-23.695458273;-46.90896458;832.7;29730;122.63412521440821;815.8341252144082;Line 240;1;59.0034973616609
-23.695321909;-46.908710449;835.6;29700;122.51037735849054;815.7103773584906;Line 240;1;59.0034973616609
-23.695185545;-46.908456318;837.8;29670;122.38662950257287;815.5866295025729;Line 240;1;59.0034973616609
-23.695049181;-46.908202188;840.5;29640;122.26288164665519;815.4628816466552;Line 240;1;59.0034973616609
-23.694912817;-46.907948059;843.8;29610;122.13913379073752;815.3391337907376;Line 240;1;59.0034973616609
-23.694776451;-46.907693929;846.3;29580;122.01538593481988;815.2153859348199;Line 240;1;59.0034973616609
-23.694640086;-46.907439801;847.6;29550;121.8916380789022;815.0916380789023;Line 240;1;59.0034973616609
-23.69450372;-46.907185673;847.8;29520;121.76789022298453;814.9678902229846;Line 240;1;59.0034973616609
-23.694367353;-46.906931545;849.0;29490;121.64414236706686;814.8441423670669;Line 240;1;59.0034973616609
-23.694230986;-46.906677418;851.0;29460;121.52039451114919;814.7203945111493;Line 240;1;59.0034973616609
-23.694094619;-46.906423291;846.8;29430;121.39664665523154;814.5966466552316;Line 240;1;59.0034973616609
-23.693958251;-46.906169165;842.3;29400;121.27289879931386;814.472898799314;Line 240;1;59.0034973616609
-23.693821883;-46.905915039;839.0;29370;121.1491509433962;814.3491509433962;Line 240;1;59.0034973616609
-23.693685514;-46.905660914;836.8;29340;121.02540308747852;814.2254030874785;Line 240;1;59.0034973616609
-23.693549145;-46.90540679;834.9;29310;120.90165523156085;814.1016552315609;Line 240;1;59.0034973616609
-23.693412775;-46.905152665;833.0;29280;120.77790737564321;813.9779073756432;Line 240;1;59.0034973616609
-23.693276405;-46.904898542;833.0;29250;120.65415951972552;813.8541595197256;Line 240;1;59.0034973616609
-23.693140034;-46.904644419;835.0;29220;120.53041166380785;813.7304116638079;Line 240;1;59.0034973616609
-23.693003663;-46.904390296;836.7;29190;120.40666380789018;813.6066638078902;Line 240;1;59.0034973616609
-23.692867292;-46.904136174;838.2;29160;120.28291595197251;813.4829159519726;Line 240;1;59.0034973616609
-23.69273092;-46.903882052;841.7;29130;120.15916809605487;813.3591680960549;Line 240;1;59.0034973616609
-23.692594548;-46.903627931;845.3;29100;120.0354202401372;813.2354202401373;Line 240;1;59.0034973616609
-23.692458175;-46.903373811;848.6;29070;119.91167238421953;813.1116723842196;Line 240;1;59.0034973616609
-23.692321801;-46.903119691;847.3;29040;119.78792452830186;812.9879245283018;Line 240;1;59.0034973616609
-23.692185428;-46.902865571;846.2;29010;119.66417667238419;812.8641766723842;Line 240;1;59.0034973616609
-23.692049054;-46.902611452;846.2;28980;119.54042881646652;812.7404288164665;Line 240;1;59.0034973616609
-23.691912679;-46.902357334;847.4;28950;119.41668096054886;812.6166809605489;Line 240;1;59.0034973616609
-23.691776304;-46.902103216;848.9;28920;119.29293310463119;812.4929331046312;Line 240;1;59.0034973616609
-23.691639928;-46.901849098;849.7;28890;119.16918524871353;812.3691852487136;Line 240;1;59.0034973616609
-23.691503552;-46.901594981;848.4;28860;119.04543739279585;812.2454373927959;Line 240;1;59.0034973616609
-23.691367176;-46.901340865;845.5;28830;118.92168953687818;812.1216895368782;Line 240;1;59.0034973616609
-23.691230799;-46.901086749;841.8;28800;118.79794168096052;811.9979416809606;Line 240;1;59.0034973616609
-23.691094421;-46.900832633;837.3;28770;118.67419382504285;811.8741938250429;Line 240;1;59.0034973616609
-23.690958044;-46.900578518;832.0;28740;118.55044596912519;811.7504459691253;Line 240;1;59.0034973616609
-23.690821665;-46.900324404;826.6;28710;118.42669811320752;811.6266981132076;Line 240;1;59.0034973616609
-23.690685287;-46.90007029;821.9;28680;118.30295025728985;811.5029502572899;Line 240;1;59.0034973616609
-23.690548907;-46.899816176;820.9;28650;118.17920240137218;811.3792024013723;Line 240;1;59.0034973616609
-23.690412528;-46.899562063;821.2;28620;118.05545454545451;811.2554545454545;Line 240;1;59.0034973616609
-23.690276148;-46.899307951;821.5;28590;117.93170668953685;811.1317066895369;Line 240;1;59.0034973616609
-23.690139767;-46.899053839;821.4;28560;117.80795883361918;811.0079588336192;Line 240;1;59.0034973616609
-23.690003386;-46.898799727;819.8;28530;117.68421097770151;810.8842109777015;Line 240;1;59.0034973616609
-23.689867005;-46.898545617;818.1;28500;117.56046312178385;810.7604631217839;Line 240;1;59.0034973616609
-23.689730623;-46.898291506;815.8;28470;117.43671526586618;810.6367152658662;Line 240;1;59.0034973616609
-23.68959424;-46.898037396;814.1;28440;117.31296740994851;810.5129674099486;Line 240;1;59.0034973616609
-23.689457857;-46.897783287;812.2;28410;117.18921955403084;810.3892195540309;Line 240;1;59.0034973616609
-23.689321474;-46.897529178;810.1;28380;117.06547169811317;810.2654716981132;Line 240;0;59.0034973616609
-23.68918509;-46.89727507;809.9;28350;116.94172384219551;810.1417238421956;Line 240;0;59.0034973616609
-23.689048706;-46.897020962;810.5;28320;116.81797598627784;810.0179759862779;Line 240;1;59.0034973616609
-23.688912322;-46.896766854;811.3;28290;116.69422813036019;809.8942281303603;Line 240;1;59.0034973616609
-23.688775937;-46.896512747;813.7;28260;116.5704802744425;809.7704802744425;Line 240;1;59.0034973616609
-23.688639551;-46.896258641;817.2;28230;116.44673241852483;809.6467324185248;Line 240;1;59.0034973616609
-23.688503165;-46.896004535;820.7;28200;116.32298456260718;809.5229845626072;Line 240;1;59.0034973616609
-23.688366779;-46.89575043;825.0;28170;116.1992367066895;809.3992367066895;Line 240;1;59.0034973616609
-23.688230392;-46.895496325;831.1;28140;116.07548885077185;809.2754888507719;Line 240;1;59.0034973616609
-23.688094004;-46.895242221;837.4;28110;115.95174099485418;809.1517409948542;Line 240;1;59.0034973616609
-23.687957617;-46.894988117;843.7;28080;115.8279931389365;809.0279931389366;Line 240;1;59.0034973616609
-23.687821228;-46.894734014;850.0;28050;115.70424528301884;808.9042452830189;Line 240;1;59.0034973616609
-23.68768484;-46.894479911;855.7;28020;115.58049742710116;808.7804974271012;Line 240;1;59.0034973616609
-23.68754845;-46.894225809;860.9;27990;115.45674957118351;808.6567495711836;Line 240;1;59.0034973616609
-23.687412061;-46.893971707;860.0;27960;115.33300171526584;808.5330017152659;Line 240;1;59.0034973616609
-23.687275671;-46.893717605;856.9;27930;115.20925385934817;808.4092538593482;Line 240;1;59.0034973616609
-23.68713928;-46.893463505;853.6;27900;115.08550600343051;808.2855060034306;Line 240;1;59.0034973616609
-23.687002889;-46.893209404;848.6;27870;114.96175814751284;808.1617581475128;Line 240;1;59.0034973616609
-23.686866498;-46.892955305;841.6;27840;114.83801029159517;808.0380102915952;Line 240;1;59.0034973616609
-23.686730106;-46.892701205;834.2;27810;114.7142624356775;807.9142624356775;Line 240;1;59.0034973616609
-23.686593714;-46.892447107;827.4;27780;114.59051457975983;807.7905145797599;Line 240;1;59.0034973616609
-23.686457321;-46.892193008;823.1;27750;114.46676672384217;807.6667667238422;Line 240;1;59.0034973616609
-23.686320927;-46.891938911;819.4;27720;114.3430188679245;807.5430188679245;Line 240;1;59.0034973616609
-23.686184534;-46.891684814;816.2;27690;114.21927101200684;807.4192710120069;Line 240;1;59.0034973616609
-23.68604814;-46.891430717;816.5;27660;114.09552315608916;807.2955231560892;Line 240;1;59.0034973616609
-23.685911745;-46.891176621;817.7;27630;113.97177530017149;807.1717753001715;Line 240;1;59.0034973616609
-23.68577535;-46.890922525;820.6;27600;113.84802744425383;807.0480274442539;Line 240;1;59.0034973616609
-23.685638954;-46.89066843;824.9;27570;113.72427958833616;806.9242795883362;Line 240;1;59.0034973616609
-23.685502558;-46.890414335;829.0;27540;113.6005317324185;806.8005317324186;Line 240;1;59.0034973616609
-23.685366162;-46.890160241;832.9;27510;113.47678387650083;806.6767838765008;Line 240;1;59.0034973616609
-23.685229765;-46.889906147;837.1;27480;113.35303602058316;806.5530360205832;Line 240;1;59.0034973616609
-23.685093368;-46.889652054;841.1;27450;113.22928816466549;806.4292881646655;Line 240;1;59.0034973616609
-23.68495697;-46.889397961;843.9;27420;113.10554030874782;806.3055403087478;Line 240;1;59.0034973616609
-23.684820572;-46.889143869;846.9;27390;112.98179245283016;806.1817924528302;Line 240;1;59.0034973616609
-23.684684173;-46.888889778;851.9;27360;112.85804459691249;806.0580445969125;Line 240;1;59.0034973616609
-23.684547774;-46.888635686;856.0;27330;112.73429674099482;805.9342967409949;Line 240;1;59.0034973616609
-23.684411374;-46.888381596;859.0;27300;112.61054888507716;805.8105488850772;Line 240;1;59.0034973616609
-23.684274974;-46.888127506;861.2;27270;112.4868010291595;805.6868010291596;Line 240;1;59.0034973616609
-23.684138574;-46.887873416;863.5;27240;112.36305317324182;805.5630531732419;Line 240;1;59.0034973616609
-23.684002173;-46.887619327;866.3;27210;112.23930531732415;805.4393053173242;Line 240;1;59.0034973616609
-23.683865771;-46.887365238;866.7;27180;112.11555746140648;805.3155574614066;Line 240;1;59.0034973616609
-23.68372937;-46.88711115;864.9;27150;111.99180960548883;805.1918096054889;Line 240;1;59.0034973616609
-23.683592967;-46.886857063;863.2;27120;111.86806174957115;805.0680617495711;Line 240;1;59.0034973616609
-23.683456565;-46.886602976;861.0;27090;111.7443138936535;804.9443138936535;Line 240;1;59.0034973616609
-23.683320161;-46.886348889;856.7;27060;111.62056603773581;804.8205660377358;Line 240;1;59.0034973616609
-23.683183758;-46.886094803;850.2;27030;111.49681818181814;804.6968181818182;Line 240;1;59.0034973616609
-23.683047354;-46.885840718;844.4;27000;111.37307032590049;804.5730703259005;Line 240;1;59.0034973616609
-23.682910949;-46.885586633;841.9;26970;111.24932246998281;804.4493224699829;Line 240;1;59.0034973616609
-23.682774544;-46.885332548;838.6;26940;111.12557461406516;804.3255746140652;Line 240;1;59.0034973616609
-23.682638138;-46.885078464;834.4;26910;111.00182675814749;804.2018267581475;Line 240;1;59.0034973616609
-23.682501733;-46.88482438;829.6;26880;110.87807890222983;804.0780789022299;Line 240;1;59.0034973616609
-23.682365326;-46.884570297;825.9;26850;110.75433104631215;803.9543310463122;Line 240;1;59.0034973616609
-23.682228919;-46.884316215;821.9;26820;110.63058319039447;803.8305831903945;Line 240;1;59.0034973616609
-23.682092512;-46.884062133;818.5;26790;110.50683533447682;803.7068353344769;Line 240;1;59.0034973616609
-23.681956104;-46.883808051;817.2;26760;110.38308747855915;803.5830874785592;Line 240;1;59.0034973616609
-23.681819696;-46.88355397;816.7;26730;110.25933962264149;803.4593396226416;Line 240;1;59.0034973616609
-23.681683287;-46.88329989;817.3;26700;110.13559176672382;803.3355917667238;Line 240;1;59.0034973616609
-23.681546878;-46.88304581;819.0;26670;110.01184391080615;803.2118439108062;Line 240;1;59.0034973616609
-23.681410469;-46.882791731;821.4;26640;109.88809605488848;803.0880960548885;Line 240;1;59.0034973616609
-23.681274059;-46.882537652;824.5;26610;109.76434819897081;802.9643481989708;Line 240;1;59.0034973616609
-23.681137648;-46.882283573;828.0;26580;109.64060034305315;802.8406003430532;Line 240;1;59.0034973616609
-23.681001237;-46.882029495;832.1;26550;109.51685248713548;802.7168524871355;Line 240;1;59.0034973616609
-23.680864826;-46.881775418;837.0;26520;109.39310463121781;802.5931046312179;Line 240;1;59.0034973616609
-23.680728414;-46.881521341;840.0;26490;109.26935677530015;802.4693567753002;Line 240;1;59.0034973616609
-23.680592002;-46.881267265;842.2;26460;109.14560891938247;802.3456089193825;Line 240;1;59.0034973616609
-23.680455589;-46.881013189;844.1;26430;109.02186106346481;802.2218610634649;Line 240;1;59.0034973616609
-23.680319176;-46.880759113;845.2;26400;108.89811320754714;802.0981132075472;Line 240;1;59.0034973616609
-23.680182762;-46.880505038;845.4;26370;108.77436535162947;801.9743653516296;Line 240;1;59.0034973616609
-23.680046348;-46.880250964;846.2;26340;108.65061749571181;801.8506174957118;Line 240;1;59.0034973616609
-23.679909934;-46.87999689;847.9;26310;108.52686963979414;801.7268696397941;Line 240;1;59.0034973616609
-23.679773519;-46.879742817;851.4;26280;108.40312178387649;801.6031217838765;Line 240;1;59.0034973616609
-23.679637103;-46.879488744;853.8;26250;108.2793739279588;801.4793739279588;Line 240;1;59.0034973616609
-23.679500687;-46.879234671;855.1;26220;108.15562607204113;801.3556260720412;Line 240;1;59.0034973616609
-23.679364271;-46.8789806;856.2;26190;108.03187821612347;801.2318782161235;Line 240;1;59.0034973616609
-23.679227854;-46.878726528;856.5;26160;107.9081303602058;801.1081303602059;Line 240;1;59.0034973616609
-23.679091437;-46.878472457;855.2;26130;107.78438250428815;800.9843825042882;Line 240;1;59.0034973616609
-23.678955019;-46.878218387;852.1;26100;107.66063464837048;800.8606346483705;Line 240;1;59.0034973616609
-23.678818601;-46.877964317;848.9;26070;107.5368867924528;800.7368867924529;Line 240;1;59.0034973616609
-23.678682182;-46.877710248;846.2;26040;107.41313893653513;800.6131389365352;Line 240;1;59.0034973616609
-23.678545763;-46.877456179;844.1;26010;107.28939108061746;800.4893910806175;Line 240;1;59.0034973616609
-23.678409344;-46.877202111;842.3;25980;107.1656432246998;800.3656432246999;Line 240;1;59.0034973616609
-23.678272924;-46.876948043;842.1;25950;107.04189536878214;800.2418953687821;Line 240;1;59.0034973616609
-23.678136503;-46.876693976;842.9;25920;106.91814751286446;800.1181475128645;Line 240;1;59.0034973616609
-23.678000082;-46.876439909;845.8;25890;106.79439965694681;799.9943996569468;Line 240;1;59.0034973616609
-23.677863661;-46.876185843;849.8;25860;106.67065180102912;799.8706518010292;Line 240;1;59.0034973616609
-23.677727239;-46.875931777;854.7;25830;106.54690394511147;799.7469039451115;Line 240;1;59.0034973616609
-23.677590817;-46.875677712;857.2;25800;106.4231560891938;799.6231560891938;Line 240;1;59.0034973616609
-23.677454394;-46.875423647;857.7;25770;106.29940823327613;799.4994082332762;Line 240;1;59.0034973616609
-23.677317971;-46.875169583;857.5;25740;106.17566037735847;799.3756603773585;Line 240;1;59.0034973616609
-23.677181548;-46.874915519;856.1;25710;106.0519125214408;799.2519125214409;Line 240;1;59.0034973616609
-23.677045124;-46.874661456;850.8;25680;105.92816466552314;799.1281646655232;Line 240;1;59.0034973616609
-23.676908699;-46.874407393;845.1;25650;105.80441680960546;799.0044168096055;Line 240;1;59.0034973616609
-23.676772274;-46.874153331;839.2;25620;105.68066895368779;798.8806689536879;Line 240;1;59.0034973616609
-23.676635849;-46.873899269;839.6;25590;105.55692109777013;798.7569210977701;Line 240;1;59.0034973616609
-23.676499423;-46.873645208;840.0;25560;105.43317324185246;798.6331732418525;Line 240;1;59.0034973616609
-23.676362997;-46.873391147;840.9;25530;105.3094253859348;798.5094253859348;Line 240;1;59.0034973616609
-23.67622657;-46.873137087;840.8;25500;105.18567753001713;798.3856775300171;Line 240;1;59.0034973616609
-23.676090143;-46.872883028;841.3;25470;105.06192967409946;798.2619296740995;Line 240;1;59.0034973616609
-23.675953715;-46.872628968;842.7;25440;104.93818181818179;798.1381818181818;Line 240;1;59.0034973616609
-23.675817287;-46.87237491;840.9;25410;104.81443396226412;798.0144339622642;Line 240;1;59.0034973616609
-23.675680858;-46.872120852;836.4;25380;104.69068610634646;797.8906861063465;Line 240;1;59.0034973616609
-23.675544429;-46.871866794;834.1;25350;104.56693825042879;797.7669382504289;Line 240;1;59.0034973616609
-23.675408;-46.871612737;834.9;25320;104.44319039451112;797.6431903945112;Line 240;1;59.0034973616609
-23.67527157;-46.87135868;839.1;25290;104.31944253859346;797.5194425385935;Line 240;1;59.0034973616609
-23.675135139;-46.871104624;843.2;25260;104.19569468267578;797.3956946826759;Line 240;1;59.0034973616609
-23.674998709;-46.870850569;847.0;25230;104.07194682675812;797.2719468267582;Line 240;1;59.0034973616609
-23.674862277;-46.870596514;842.6;25200;103.94819897084045;797.1481989708404;Line 240;1;59.0034973616609
-23.674725845;-46.870342459;839.4;25170;103.82445111492278;797.0244511149228;Line 240;1;59.0034973616609
-23.674589413;-46.870088405;837.6;25140;103.70070325900512;796.9007032590051;Line 240;1;59.0034973616609
-23.674452981;-46.869834351;837.7;25110;103.57695540308745;796.7769554030875;Line 240;1;59.0034973616609
-23.674316548;-46.869580298;839.1;25080;103.4532075471698;796.6532075471698;Line 240;1;59.0034973616609
-23.674180114;-46.869326246;841.5;25050;103.32945969125211;796.5294596912522;Line 240;1;59.0034973616609
-23.67404368;-46.869072194;841.9;25020;103.20571183533444;796.4057118353345;Line 240;1;59.0034973616609
-23.673907246;-46.868818142;843.3;24990;103.08196397941678;796.2819639794168;Line 240;1;59.0034973616609
-23.673770811;-46.868564091;845.6;24960;102.95821612349911;796.1582161234992;Line 240;1;59.0034973616609
-23.673634375;-46.86831004;848.4;24930;102.83446826758146;796.0344682675815;Line 240;1;59.0034973616609
-23.673497939;-46.86805599;847.7;24900;102.71072041166379;795.9107204116639;Line 240;1;59.0034973616609
-23.673361503;-46.867801941;846.7;24870;102.58697255574612;795.7869725557462;Line 240;1;59.0034973616609
-23.673225066;-46.867547892;843.2;24840;102.46322469982844;795.6632246998284;Line 240;1;59.0034973616609
-23.673088629;-46.867293843;838.1;24810;102.33947684391077;795.5394768439108;Line 240;1;59.0034973616609
-23.672952192;-46.867039795;833.0;24780;102.21572898799312;795.4157289879931;Line 240;1;59.0034973616609
-23.672815754;-46.866785748;827.9;24750;102.09198113207545;795.2919811320755;Line 240;1;59.0034973616609
-23.672679315;-46.866531701;824.3;24720;101.96823327615778;795.1682332761578;Line 240;1;59.0034973616609
-23.672542876;-46.866277655;821.8;24690;101.84448542024012;795.0444854202401;Line 240;1;59.0034973616609
-23.672406437;-46.866023609;820.2;24660;101.72073756432243;794.9207375643225;Line 240;1;59.0034973616609
-23.672269997;-46.865769563;821.2;24630;101.59698970840478;794.7969897084048;Line 240;1;59.0034973616609
-23.672133556;-46.865515518;826.7;24600;101.4732418524871;794.6732418524872;Line 240;1;59.0034973616609
-23.671997116;-46.865261474;832.7;24570;101.34949399656944;794.5494939965695;Line 240;1;59.0034973616609
-23.671860674;-46.86500743;839.0;24540;101.22574614065178;794.4257461406519;Line 240;1;59.0034973616609
-23.671724233;-46.864753386;844.7;24510;101.10199828473411;794.3019982847342;Line 240;1;59.0034973616609
-23.67158779;-46.864499343;849.6;24480;100.97825042881645;794.1782504288165;Line 240;1;59.0034973616609
-23.671451348;-46.864245301;852.7;24450;100.85450257289877;794.0545025728989;Line 240;1;59.0034973616609
-23.671314905;-46.863991259;850.5;24420;100.7307547169811;793.9307547169811;Line 240;1;59.0034973616609
-23.671178461;-46.863737218;846.4;24390;100.60700686106344;793.8070068610634;Line 240;1;59.0034973616609
-23.671042017;-46.863483177;842.5;24360;100.48325900514577;793.6832590051458;Line 240;1;59.0034973616609
-23.670905573;-46.863229136;838.4;24330;100.35951114922811;793.5595111492281;Line 240;1;59.0034973616609
-23.670769128;-46.862975097;834.4;24300;100.23576329331044;793.4357632933105;Line 240;1;59.0034973616609
-23.670632683;-46.862721057;829.0;24270;100.11201543739277;793.3120154373928;Line 240;1;59.0034973616609
-23.670496237;-46.862467018;823.0;24240;99.9882675814751;793.1882675814752;Line 240;1;59.0034973616609
-23.670359791;-46.86221298;820.3;24210;99.86451972555743;793.0645197255575;Line 240;1;59.0034973616609
-23.670223344;-46.861958942;817.9;24180;99.74077186963977;792.9407718696398;Line 240;1;59.0034973616609
-23.670086897;-46.861704905;815.9;24150;99.6170240137221;792.8170240137222;Line 240;1;59.0034973616609
-23.669950449;-46.861450868;816.7;24120;99.49327615780444;792.6932761578045;Line 240;1;59.0034973616609
-23.669814001;-46.861196832;817.4;24090;99.36952830188677;792.5695283018869;Line 240;1;59.0034973616609
-23.669677553;-46.860942796;817.4;24060;99.24578044596909;792.4457804459691;Line 240;1;59.0034973616609
-23.669541104;-46.860688761;817.5;24030;99.12203259005143;792.3220325900514;Line 240;1;59.0034973616609
-23.669404654;-46.860434726;819.4;24000;98.99828473413376;792.1982847341338;Line 240;1;59.0034973616609
-23.669268205;-46.860180692;822.7;23970;98.8745368782161;792.0745368782161;Line 240;1;59.0034973616609
-23.669131754;-46.859926658;824.9;23940;98.75078902229843;791.9507890222985;Line 240;1;59.0034973616609
-23.668995304;-46.859672624;820.9;23910;98.62704116638076;791.8270411663808;Line 240;1;59.0034973616609
-23.668858852;-46.859418592;817.0;23880;98.5032933104631;791.7032933104631;Line 240;1;59.0034973616609
-23.668722401;-46.859164559;813.3;23850;98.37954545454542;791.5795454545455;Line 240;1;59.0034973616609
-23.668585949;-46.858910528;803.6;23820;98.25579759862777;791.4557975986278;Line 240;1;59.0034973616609
-23.668449496;-46.858656496;794.6;23790;98.1320497427101;791.3320497427102;Line 240;1;59.0034973616609
-23.668313043;-46.858402466;786.3;23760;98.00830188679242;791.2083018867925;Line 240;0;59.0034973616609
-23.66817659;-46.858148435;781.6;23730;97.88455403087477;791.0845540308749;Line 240;0;59.0034973616609
-23.668040136;-46.857894406;778.4;23700;97.7608061749571;790.9608061749572;Line 240;0;59.0034973616609
-23.667903681;-46.857640377;775.9;23670;97.63705831903943;790.8370583190394;Line 240;0;59.0034973616609
-23.667767226;-46.857386348;774.6;23640;97.51331046312175;790.7133104631218;Line 240;0;59.0034973616609
-23.667630771;-46.85713232;774.2;23610;97.38956260720408;790.5895626072041;Line 240;0;59.0034973616609
-23.667494315;-46.856878292;774.0;23580;97.26581475128643;790.4658147512864;Line 240;0;59.0034973616609
-23.667357859;-46.856624265;774.9;23550;97.14206689536876;790.3420668953688;Line 240;0;59.0034973616609
-23.667221403;-46.856370238;776.3;23520;97.0183190394511;790.2183190394511;Line 240;0;59.0034973616609
-23.667084946;-46.856116212;777.3;23490;96.89457118353343;790.0945711835335;Line 240;0;59.0034973616609
-23.666948488;-46.855862186;778.0;23460;96.77082332761574;789.9708233276158;Line 240;0;59.0034973616609
-23.66681203;-46.855608161;780.8;23430;96.64707547169809;789.8470754716982;Line 240;0;59.0034973616609
-23.666675572;-46.855354136;783.2;23400;96.52332761578042;789.7233276157805;Line 240;0;59.0034973616609
-23.666539113;-46.855100112;784.9;23370;96.39957975986276;789.5995797598628;Line 240;0;59.0034973616609
-23.666402653;-46.854846089;785.6;23340;96.27583190394509;789.4758319039452;Line 240;0;59.0034973616609
-23.666266194;-46.854592066;786.3;23310;96.15208404802742;789.3520840480275;Line 240;0;59.0034973616609
-23.666129733;-46.854338043;787.4;23280;96.02833619210976;789.2283361921099;Line 240;0;59.0034973616609
-23.665993273;-46.854084021;788.6;23250;95.90458833619208;789.1045883361921;Line 240;0;59.0034973616609
-23.665856811;-46.853829999;789.9;23220;95.78084048027442;788.9808404802744;Line 240;1;59.0034973616609
-23.66572035;-46.853575978;792.3;23190;95.65709262435675;788.8570926243568;Line 240;1;59.0034973616609
-23.665583888;-46.853321958;795.3;23160;95.53334476843908;788.7333447684391;Line 240;1;59.0034973616609
-23.665447425;-46.853067937;798.1;23130;95.40959691252142;788.6095969125215;Line 240;1;59.0034973616609
-23.665310962;-46.852813918;801.0;23100;95.28584905660375;788.4858490566038;Line 240;1;59.0034973616609
-23.665174499;-46.852559899;804.2;23070;95.16210120068608;788.3621012006861;Line 240;1;59.0034973616609
-23.665038035;-46.85230588;806.0;23040;95.03835334476841;788.2383533447685;Line 240;1;59.0034973616609
-23.664901571;-46.852051862;805.4;23010;94.91460548885074;788.1146054888508;Line 240;1;59.0034973616609
-23.664765106;-46.851797845;804.1;22980;94.79085763293308;787.9908576329332;Line 240;1;59.0034973616609
-23.664628641;-46.851543828;802.8;22950;94.66710977701541;787.8671097770155;Line 240;1;59.0034973616609
-23.664492175;-46.851289811;801.3;22920;94.54336192109776;787.7433619210979;Line 240;1;59.0034973616609
-23.664355709;-46.851035795;799.4;22890;94.41961406518008;787.6196140651801;Line 240;1;59.0034973616609
-23.664219242;-46.85078178;797.5;22860;94.2958662092624;787.4958662092624;Line 240;1;59.0034973616609
-23.664082775;-46.850527765;799.8;22830;94.17211835334474;787.3721183533448;Line 240;1;59.0034973616609
-23.663946308;-46.85027375;803.0;22800;94.04837049742707;787.2483704974271;Line 240;1;59.0034973616609
-23.66380984;-46.850019736;806.2;22770;93.92462264150942;787.1246226415094;Line 240;1;59.0034973616609
-23.663673372;-46.849765723;811.7;22740;93.80087478559174;787.0008747855918;Line 240;1;59.0034973616609
-23.663536903;-46.84951171;817.6;22710;93.67712692967407;786.8771269296741;Line 240;1;59.0034973616609
-23.663400434;-46.849257697;823.7;22680;93.55337907375642;786.7533790737565;Line 240;1;59.0034973616609
-23.663263964;-46.849003685;828.0;22650;93.42963121783873;786.6296312178388;Line 240;1;59.0034973616609
-23.663127494;-46.848749674;830.2;22620;93.30588336192108;786.5058833619212;Line 240;1;59.0034973616609
-23.662991023;-46.848495663;831.4;22590;93.1821355060034;786.3821355060035;Line 240;1;59.0034973616609
-23.662854552;-46.848241652;830.5;22560;93.05838765008573;786.2583876500858;Line 240;1;59.0034973616609
-23.66271808;-46.847987642;826.2;22530;92.93463979416808;786.1346397941682;Line 240;1;59.0034973616609
-23.662581608;-46.847733633;820.7;22500;92.8108919382504;786.0108919382504;Line 240;1;59.0034973616609
-23.662445136;-46.847479624;814.8;22470;92.68714408233274;785.8871440823327;Line 240;1;59.0034973616609
-23.662308663;-46.847225616;810.5;22440;92.56339622641507;785.7633962264151;Line 240;1;59.0034973616609
-23.66217219;-46.846971608;807.0;22410;92.4396483704974;785.6396483704974;Line 240;1;59.0034973616609
-23.662035716;-46.8467176;804.3;22380;92.31590051457974;785.5159005145798;Line 240;1;59.0034973616609
-23.661899242;-46.846463594;804.4;22350;92.19215265866207;785.3921526586621;Line 240;1;59.0034973616609
-23.661762767;-46.846209587;806.4;22320;92.06840480274441;785.2684048027445;Line 240;1;59.0034973616609
-23.661626292;-46.845955581;810.2;22290;91.94465694682674;785.1446569468268;Line 240;1;59.0034973616609
-23.661489816;-46.845701576;816.1;22260;91.82090909090905;785.0209090909091;Line 240;1;59.0034973616609
-23.66135334;-46.845447571;822.2;22230;91.6971612349914;784.8971612349915;Line 240;1;59.0034973616609
-23.661216864;-46.845193567;827.3;22200;91.57341337907373;784.7734133790738;Line 240;1;59.0034973616609
-23.661080387;-46.844939563;831.9;22170;91.44966552315607;784.6496655231562;Line 240;1;59.0034973616609
-23.660943909;-46.84468556;836.8;22140;91.3259176672384;784.5259176672384;Line 240;1;59.0034973616609
-23.660807431;-46.844431557;841.5;22110;91.20216981132073;784.4021698113207;Line 240;1;59.0034973616609
-23.660670953;-46.844177554;844.5;22080;91.07842195540307;784.2784219554031;Line 240;1;59.0034973616609
-23.660534474;-46.843923553;839.4;22050;90.95467409948539;784.1546740994854;Line 240;1;59.0034973616609
-23.660397995;-46.843669551;834.0;22020;90.83092624356773;784.0309262435678;Line 240;1;59.0034973616609
-23.660261515;-46.843415551;828.6;21990;90.70717838765006;783.9071783876501;Line 240;1;59.0034973616609
-23.660125035;-46.84316155;821.1;21960;90.58343053173239;783.7834305317324;Line 240;1;59.0034973616609
-23.659988555;-46.84290755;812.1;21930;90.45968267581473;783.6596826758148;Line 240;1;59.0034973616609
-23.659852074;-46.842653551;803.8;21900;90.33593481989706;783.5359348198971;Line 240;1;59.0034973616609
-23.659715592;-46.842399552;799.1;21870;90.21218696397939;783.4121869639795;Line 240;1;59.0034973616609
-23.65957911;-46.842145554;797.5;21840;90.08843910806172;783.2884391080618;Line 240;1;59.0034973616609
-23.659442628;-46.841891556;795.0;21810;89.96469125214405;783.164691252144;Line 240;1;59.0034973616609
-23.659306145;-46.841637559;791.9;21780;89.8409433962264;783.0409433962265;Line 240;1;59.0034973616609
-23.659169662;-46.841383562;790.0;21750;89.71719554030872;782.9171955403087;Line 240;1;59.0034973616609
-23.659033178;-46.841129566;790.4;21720;89.59344768439107;782.7934476843911;Line 240;1;59.0034973616609
-23.658896694;-46.84087557;789.0;21690;89.4696998284734;782.6696998284734;Line 240;1;59.0034973616609
-23.658760209;-46.840621575;789.2;21660;89.34595197255572;782.5459519725557;Line 240;1;59.0034973616609
-23.658623724;-46.840367581;789.0;21630;89.22220411663805;782.4222041166381;Line 240;1;59.0034973616609
-23.658487238;-46.840113586;787.6;21600;89.09845626072038;782.2984562607204;Line 240;1;59.0034973616609
-23.658350752;-46.839859593;787.0;21570;88.97470840480273;782.1747084048028;Line 240;1;59.0034973616609
-23.658214266;-46.839605599;788.7;21540;88.85096054888506;782.0509605488851;Line 240;1;59.0034973616609
-23.658077779;-46.839351607;789.4;21510;88.7272126929674;781.9272126929675;Line 240;1;59.0034973616609
-23.657941292;-46.839097615;788.8;21480;88.60346483704973;781.8034648370498;Line 240;1;59.0034973616609
-23.657804804;-46.838843623;788.4;21450;88.47971698113204;781.6797169811321;Line 240;1;59.0034973616609
-23.657668316;-46.838589632;788.5;21420;88.35596912521439;781.5559691252145;Line 240;1;59.0034973616609
-23.657531827;-46.838335641;789.3;21390;88.23222126929672;781.4322212692967;Line 240;1;59.0034973616609
-23.657395338;-46.838081651;790.1;21360;88.10847341337906;781.3084734133791;Line 240;1;59.0034973616609
-23.657258848;-46.837827661;790.5;21330;87.98472555746139;781.1847255574614;Line 240;1;59.0034973616609
-23.657122358;-46.837573672;790.6;21300;87.86097770154372;781.0609777015437;Line 240;1;59.0034973616609
-23.656985868;-46.837319684;791.9;21270;87.73722984562605;780.9372298456261;Line 240;1;59.0034973616609
-23.656849377;-46.837065696;795.2;21240;87.61348198970838;780.8134819897084;Line 240;1;59.0034973616609
-23.656712885;-46.836811708;799.8;21210;87.48973413379072;780.6897341337908;Line 240;1;59.0034973616609
-23.656576393;-46.836557721;802.5;21180;87.36598627787305;780.5659862778731;Line 240;1;59.0034973616609
-23.656439901;-46.836303734;803.6;21150;87.24223842195538;780.4422384219554;Line 240;1;59.0034973616609
-23.656303408;-46.836049748;805.8;21120;87.11849056603772;780.3184905660378;Line 240;1;59.0034973616609
-23.656166915;-46.835795763;808.1;21090;86.99474271012005;780.1947427101201;Line 240;1;59.0034973616609
-23.656030421;-46.835541778;807.5;21060;86.87099485420238;780.0709948542025;Line 240;1;59.0034973616609
-23.655893927;-46.835287793;809.1;21030;86.74724699828471;779.9472469982848;Line 240;1;59.0034973616609
-23.655757433;-46.835033809;810.4;21000;86.62349914236704;779.823499142367;Line 240;1;59.0034973616609
-23.655620938;-46.834779825;808.4;20970;86.49975128644938;779.6997512864494;Line 240;1;59.0034973616609
-23.655484442;-46.834525842;807.3;20940;86.37600343053171;779.5760034305317;Line 240;1;59.0034973616609
-23.655347946;-46.83427186;807.3;20910;86.25225557461405;779.4522555746141;Line 240;1;59.0034973616609
-23.65521145;-46.834017878;806.8;20880;86.12850771869638;779.3285077186964;Line 240;1;59.0034973616609
-23.655074953;-46.833763896;804.9;20850;86.0047598627787;779.2047598627787;Line 240;1;59.0034973616609
-23.654938456;-46.833509915;801.8;20820;85.88101200686104;779.0810120068611;Line 240;1;59.0034973616609
-23.654801958;-46.833255935;798.0;20790;85.75726415094337;778.9572641509434;Line 240;1;59.0034973616609
-23.65466546;-46.833001955;794.7;20760;85.63351629502571;778.8335162950258;Line 240;1;59.0034973616609
-23.654528961;-46.832747975;791.1;20730;85.50976843910804;778.7097684391081;Line 240;1;59.0034973616609
-23.654392462;-46.832493996;787.1;20700;85.38602058319037;778.5860205831905;Line 240;1;59.0034973616609
-23.654255962;-46.832240018;784.0;20670;85.2622727272727;778.4622727272728;Line 240;1;59.0034973616609
-23.654119462;-46.83198604;781.7;20640;85.13852487135503;778.338524871355;Line 240;1;59.0034973616609
-23.653982962;-46.831732063;779.2;20610;85.01477701543737;778.2147770154374;Line 240;1;59.0034973616609
-23.653846461;-46.831478086;773.9;20580;84.8910291595197;778.0910291595197;Line 240;0;59.0034973616609
-23.65370996;-46.831224109;768.7;20550;84.76728130360203;777.967281303602;Line 240;0;59.0034973616609
-23.653573458;-46.830970133;764.7;20520;84.64353344768438;777.8435334476844;Line 240;0;59.0034973616609
-23.653436956;-46.830716158;762.1;20490;84.5197855917667;777.7197855917667;Line 240;0;59.0034973616609
-23.653300453;-46.830462183;760.7;20460;84.39603773584903;777.5960377358491;Line 240;0;59.0034973616609
-23.65316395;-46.830208209;760.2;20430;84.27228987993136;777.4722898799314;Line 240;0;59.0034973616609
-23.653027446;-46.829954235;760.3;20400;84.1485420240137;777.3485420240138;Line 240;0;59.0034973616609
-23.652890942;-46.829700261;762.2;20370;84.02479416809604;777.2247941680961;Line 240;0;59.0034973616609
-23.652754438;-46.829446288;764.2;20340;83.90104631217837;777.1010463121784;Line 240;0;59.0034973616609
-23.652617933;-46.829192316;766.3;20310;83.77729845626071;776.9772984562608;Line 240;0;59.0034973616609
-23.652481427;-46.828938344;772.4;20280;83.65355060034304;776.853550600343;Line 240;0;59.0034973616609
-23.652344921;-46.828684373;779.7;20250;83.52980274442535;776.7298027444253;Line 240;1;59.0034973616609
-23.652208415;-46.828430402;787.5;20220;83.4060548885077;776.6060548885077;Line 240;1;59.0034973616609
-23.652071908;-46.828176432;797.4;20190;83.28230703259003;776.48230703259;Line 240;1;59.0034973616609
-23.651935401;-46.827922462;809.1;20160;83.15855917667237;776.3585591766724;Line 240;1;59.0034973616609
-23.651798893;-46.827668492;821.5;20130;83.0348113207547;776.2348113207547;Line 240;1;59.0034973616609
-23.651662385;-46.827414524;833.1;20100;82.91106346483703;776.1110634648371;Line 240;1;59.0034973616609
-23.651525877;-46.827160555;840.4;20070;82.78731560891936;775.9873156089194;Line 240;1;59.0034973616609
-23.651389368;-46.826906587;845.7;20040;82.66356775300169;775.8635677530017;Line 240;1;59.0034973616609
-23.651252858;-46.82665262;848.9;20010;82.53981989708403;775.7398198970841;Line 240;1;59.0034973616609
-23.651116348;-46.826398653;844.9;19980;82.41607204116636;775.6160720411664;Line 240;1;59.0034973616609
-23.650979838;-46.826144687;840.0;19950;82.29232418524869;775.4923241852488;Line 240;1;59.0034973616609
-23.650843327;-46.825890721;834.1;19920;82.16857632933103;775.3685763293311;Line 240;1;59.0034973616609
-23.650706816;-46.825636756;827.3;19890;82.04482847341336;775.2448284734135;Line 240;1;59.0034973616609
-23.650570304;-46.825382791;821.6;19860;81.92108061749569;775.1210806174957;Line 240;1;59.0034973616609
-23.650433792;-46.825128827;816.8;19830;81.79733276157802;774.997332761578;Line 240;1;59.0034973616609
-23.650297279;-46.824874863;814.0;19800;81.67358490566035;774.8735849056604;Line 240;1;59.0034973616609
-23.650160766;-46.8246209;814.2;19770;81.54983704974269;774.7498370497427;Line 240;1;59.0034973616609
-23.650024253;-46.824366937;816.7;19740;81.42608919382502;774.626089193825;Line 240;1;59.0034973616609
-23.649887739;-46.824112975;818.7;19710;81.30234133790736;774.5023413379074;Line 240;1;59.0034973616609
-23.649751224;-46.823859013;815.5;19680;81.1785934819897;774.3785934819897;Line 240;1;59.0034973616609
-23.649614709;-46.823605052;813.4;19650;81.05484562607201;774.2548456260721;Line 240;1;59.0034973616609
-23.649478194;-46.823351091;812.2;19620;80.93109777015435;774.1310977701544;Line 240;1;59.0034973616609
-23.649341678;-46.823097131;811.5;19590;80.80734991423668;774.0073499142368;Line 240;1;59.0034973616609
-23.649205162;-46.822843172;812.2;19560;80.68360205831902;773.8836020583191;Line 240;1;59.0034973616609
-23.649068645;-46.822589212;812.2;19530;80.55985420240135;773.7598542024014;Line 240;1;59.0034973616609
-23.648932128;-46.822335254;814.4;19500;80.43610634648368;773.6361063464838;Line 240;1;59.0034973616609
-23.64879561;-46.822081296;817.9;19470;80.31235849056601;773.512358490566;Line 240;1;59.0034973616609
-23.648659092;-46.821827338;821.7;19440;80.18861063464834;773.3886106346483;Line 240;1;59.0034973616609
-23.648522574;-46.821573381;824.0;19410;80.06486277873069;773.2648627787307;Line 240;1;59.0034973616609
-23.648386055;-46.821319424;823.6;19380;79.94111492281301;773.141114922813;Line 240;1;59.0034973616609
-23.648249536;-46.821065468;823.2;19350;79.81736706689534;773.0173670668954;Line 240;1;59.0034973616609
-23.648113016;-46.820811512;822.5;19320;79.69361921097769;772.8936192109777;Line 240;1;59.0034973616609
-23.647976495;-46.820557557;819.4;19290;79.56987135506002;772.7698713550601;Line 240;1;59.0034973616609
-23.647839975;-46.820303603;815.9;19260;79.44612349914235;772.6461234991424;Line 240;1;59.0034973616609
-23.647703453;-46.820049649;812.0;19230;79.32237564322467;772.5223756432247;Line 240;1;59.0034973616609
-23.647566932;-46.819795695;809.4;19200;79.198627787307;772.3986277873071;Line 240;1;59.0034973616609
-23.64743041;-46.819541742;807.1;19170;79.07487993138935;772.2748799313894;Line 240;1;59.0034973616609
-23.647293887;-46.819287789;804.3;19140;78.95113207547168;772.1511320754718;Line 240;1;59.0034973616609
-23.647157364;-46.819033837;802.1;19110;78.82738421955402;772.027384219554;Line 240;1;59.0034973616609
-23.647020841;-46.818779886;800.3;19080;78.70363636363635;771.9036363636365;Line 240;1;59.0034973616609
-23.646884317;-46.818525935;797.8;19050;78.57988850771868;771.7798885077187;Line 240;1;59.0034973616609
-23.646747792;-46.818271984;795.2;19020;78.45614065180101;771.656140651801;Line 240;1;59.0034973616609
-23.646611268;-46.818018034;794.4;18990;78.33239279588334;771.5323927958834;Line 240;1;59.0034973616609
-23.646474742;-46.817764084;794.4;18960;78.20864493996568;771.4086449399657;Line 240;1;59.0034973616609
-23.646338217;-46.817510135;794.2;18930;78.08489708404801;771.284897084048;Line 240;1;59.0034973616609
-23.64620169;-46.817256187;793.3;18900;77.96114922813035;771.1611492281304;Line 240;1;59.0034973616609
-23.646065164;-46.817002239;792.1;18870;77.83740137221267;771.0374013722127;Line 240;1;59.0034973616609
-23.645928637;-46.816748291;790.7;18840;77.713653516295;770.9136535162951;Line 240;1;59.0034973616609
-23.645792109;-46.816494344;790.3;18810;77.58990566037734;770.7899056603774;Line 240;1;59.0034973616609
-23.645655581;-46.816240398;791.6;18780;77.46615780445967;770.6661578044598;Line 240;1;59.0034973616609
-23.645519053;-46.815986452;792.7;18750;77.34240994854201;770.5424099485421;Line 240;1;59.0034973616609
-23.645382524;-46.815732506;794.9;18720;77.21866209262434;770.4186620926243;Line 240;1;59.0034973616609
-23.645245995;-46.815478561;799.6;18690;77.09491423670667;770.2949142367067;Line 240;1;59.0034973616609
-23.645109465;-46.815224617;804.9;18660;76.971166380789;770.171166380789;Line 240;1;59.0034973616609
-23.644972935;-46.814970673;809.9;18630;76.84741852487133;770.0474185248713;Line 240;1;59.0034973616609
-23.644836404;-46.81471673;809.1;18600;76.72367066895367;769.9236706689537;Line 240;1;59.0034973616609
-23.644699873;-46.814462787;809.1;18570;76.599922813036;769.799922813036;Line 240;1;59.0034973616609
-23.644563341;-46.814208844;810.0;18540;76.47617495711833;769.6761749571184;Line 240;1;59.0034973616609
-23.644426809;-46.813954902;809.4;18510;76.35242710120067;769.5524271012007;Line 240;1;59.0034973616609
-23.644290277;-46.813700961;808.8;18480;76.228679245283;769.4286792452831;Line 240;1;59.0034973616609
-23.644153744;-46.81344702;808.3;18450;76.10493138936533;769.3049313893654;Line 240;1;59.0034973616609
-23.644017211;-46.81319308;805.6;18420;75.98118353344766;769.1811835334477;Line 240;1;59.0034973616609
-23.643880677;-46.81293914;802.0;18390;75.85743567752999;769.0574356775301;Line 240;1;59.0034973616609
-23.643744142;-46.8126852;798.6;18360;75.73368782161234;768.9336878216124;Line 240;1;59.0034973616609
-23.643607608;-46.812431261;796.2;18330;75.60993996569466;768.8099399656948;Line 240;1;59.0034973616609
-23.643471073;-46.812177323;796.2;18300;75.48619210977701;768.686192109777;Line 240;1;59.0034973616609
-23.643334537;-46.811923385;796.5;18270;75.36244425385932;768.5624442538593;Line 240;1;59.0034973616609
-23.643198001;-46.811669448;796.6;18240;75.23869639794165;768.4386963979417;Line 240;1;59.0034973616609
-23.643061464;-46.811415511;796.7;18210;75.114948542024;768.314948542024;Line 240;1;59.0034973616609
-23.642924927;-46.811161575;796.6;18180;74.99120068610632;768.1912006861064;Line 240;1;59.0034973616609
-23.64278839;-46.810907639;796.4;18150;74.86745283018867;768.0674528301887;Line 240;1;59.0034973616609
-23.642651852;-46.810653703;794.4;18120;74.743704974271;767.943704974271;Line 240;1;59.0034973616609
-23.642515314;-46.810399769;791.6;18090;74.61995711835333;767.8199571183534;Line 240;1;59.0034973616609
-23.642378775;-46.810145834;786.8;18060;74.49620926243566;767.6962092624357;Line 240;1;59.0034973616609
-23.642242236;-46.809891901;783.1;18030;74.37246140651798;767.5724614065181;Line 240;1;59.0034973616609
-23.642105696;-46.809637967;780.7;18000;74.24871355060033;767.4487135506004;Line 240;1;59.0034973616609
-23.641969156;-46.809384034;778.8;17970;74.12496569468266;767.3249656946828;Line 240;1;59.0034973616609
-23.641832615;-46.809130102;777.8;17940;74.00121783876499;767.201217838765;Line 240;1;59.0034973616609
-23.641696074;-46.80887617;779.6;17910;73.87746998284733;767.0774699828473;Line 240;1;59.0034973616609
-23.641559533;-46.808622239;782.7;17880;73.75372212692966;766.9537221269297;Line 240;1;59.0034973616609
-23.641422991;-46.808368308;786.5;17850;73.62997427101199;766.829974271012;Line 240;1;59.0034973616609
-23.641286448;-46.808114378;789.1;17820;73.50622641509432;766.7062264150943;Line 240;1;59.0034973616609
-23.641149905;-46.807860448;791.0;17790;73.38247855917665;766.5824785591767;Line 240;1;59.0034973616609
-23.641013362;-46.807606519;792.4;17760;73.25873070325899;766.458730703259;Line 240;1;59.0034973616609
-23.640876818;-46.80735259;791.8;17730;73.13498284734132;766.3349828473414;Line 240;1;59.0034973616609
-23.640740274;-46.807098662;789.2;17700;73.01123499142366;766.2112349914237;Line 240;1;59.0034973616609
-23.64060373;-46.806844734;786.3;17670;72.88748713550598;766.0874871355061;Line 240;1;59.0034973616609
-23.640467185;-46.806590807;783.9;17640;72.76373927958831;765.9637392795884;Line 240;1;59.0034973616609
-23.640330639;-46.806336881;783.0;17610;72.63999142367065;765.8399914236707;Line 240;1;59.0034973616609
-23.640194093;-46.806082954;783.1;17580;72.51624356775298;765.716243567753;Line 240;1;59.0034973616609
-23.640057547;-46.805829029;784.2;17550;72.39249571183532;765.5924957118353;Line 240;1;59.0034973616609
-23.639921;-46.805575104;783.4;17520;72.26874785591765;765.4687478559177;Line 240;1;59.0034973616609
-23.639784452;-46.805321179;781.4;17490;72.14499999999998;765.345;Line 240;1;59.0034973616609
-23.639647904;-46.805067255;778.1;17460;72.02125214408231;765.2212521440823;Line 240;1;59.0034973616609
-23.639511356;-46.804813331;775.7;17430;71.89750428816464;765.0975042881647;Line 240;1;59.0034973616609
-23.639374808;-46.804559408;773.9;17400;71.77375643224698;764.973756432247;Line 240;1;59.0034973616609
-23.639238258;-46.804305485;772.0;17370;71.65000857632931;764.8500085763294;Line 240;1;59.0034973616609
-23.639101709;-46.804051563;771.8;17340;71.52626072041164;764.7262607204117;Line 240;1;59.0034973616609
-23.638965159;-46.803797641;772.7;17310;71.40251286449399;764.602512864494;Line 240;1;59.0034973616609
-23.638828608;-46.80354372;772.5;17280;71.27876500857631;764.4787650085764;Line 240;1;59.0034973616609
-23.638692057;-46.8032898;771.5;17250;71.15501715265864;764.3550171526587;Line 240;1;59.0034973616609
-23.638555506;-46.80303588;770.9;17220;71.03126929674097;764.2312692967411;Line 240;1;59.0034973616609
-23.638418954;-46.80278196;769.7;17190;70.9075214408233;764.1075214408233;Line 240;1;59.0034973616609
-23.638282402;-46.802528041;768.4;17160;70.78377358490565;763.9837735849057;Line 240;1;59.0034973616609
-23.638145849;-46.802274122;768.9;17130;70.66002572898797;763.860025728988;Line 240;1;59.0034973616609
-23.638009296;-46.802020204;769.0;17100;70.53627787307032;763.7362778730703;Line 240;1;59.0034973616609
-23.637872742;-46.801766287;768.8;17070;70.41253001715263;763.6125300171527;Line 240;1;59.0034973616609
-23.637736188;-46.80151237;768.3;17040;70.28878216123496;763.488782161235;Line 240;1;59.0034973616609
-23.637599633;-46.801258453;767.3;17010;70.1650343053173;763.3650343053173;Line 240;1;59.0034973616609
-23.637463078;-46.801004537;766.2;16980;70.04128644939964;763.2412864493997;Line 240;1;59.0034973616609
-23.637326523;-46.800750622;766.4;16950;69.91753859348198;763.117538593482;Line 240;1;59.0034973616609
-23.637189967;-46.800496707;767.2;16920;69.79379073756431;762.9937907375644;Line 240;1;59.0034973616609
-23.637053411;-46.800242792;767.6;16890;69.67004288164664;762.8700428816467;Line 240;1;59.0034973616609
-23.636916854;-46.799988878;767.8;16860;69.54629502572897;762.7462950257291;Line 240;1;59.0034973616609
-23.636780297;-46.799734965;768.4;16830;69.4225471698113;762.6225471698114;Line 240;1;59.0034973616609
-23.636643739;-46.799481052;768.7;16800;69.29879931389364;762.4987993138936;Line 240;1;59.0034973616609
-23.636507181;-46.799227139;770.0;16770;69.17505145797597;762.375051457976;Line 240;1;59.0034973616609
-23.636370622;-46.798973227;770.7;16740;69.0513036020583;762.2513036020583;Line 240;1;59.0034973616609
-23.636234063;-46.798719316;770.7;16710;68.92755574614064;762.1275557461407;Line 240;1;59.0034973616609
-23.636097504;-46.798465405;770.0;16680;68.80380789022297;762.003807890223;Line 240;1;59.0034973616609
-23.635960944;-46.798211494;768.8;16650;68.6800600343053;761.8800600343053;Line 240;1;59.0034973616609
-23.635824383;-46.797957584;767.4;16620;68.55631217838763;761.7563121783877;Line 240;1;59.0034973616609
-23.635687822;-46.797703675;767.2;16590;68.43256432246997;761.63256432247;Line 240;1;59.0034973616609
-23.635551261;-46.797449766;766.8;16560;68.3088164665523;761.5088164665524;Line 240;1;59.0034973616609
-23.635414699;-46.797195857;768.7;16530;68.18506861063463;761.3850686106347;Line 240;1;59.0034973616609
-23.635278137;-46.796941949;770.7;16500;68.06132075471697;761.261320754717;Line 240;1;59.0034973616609
-23.635141574;-46.796688042;772.6;16470;67.93757289879929;761.1375728987994;Line 240;1;59.0034973616609
-23.635005011;-46.796434135;772.0;16440;67.81382504288163;761.0138250428816;Line 240;1;59.0034973616609
-23.634868448;-46.796180229;772.2;16410;67.69007718696396;760.890077186964;Line 240;1;59.0034973616609
-23.634731884;-46.795926323;771.9;16380;67.56632933104629;760.7663293310463;Line 240;1;59.0034973616609
-23.634595319;-46.795672417;771.0;16350;67.44258147512863;760.6425814751287;Line 240;1;59.0034973616609
-23.634458754;-46.795418513;769.2;16320;67.31883361921096;760.518833619211;Line 240;1;59.0034973616609
-23.634322189;-46.795164608;766.4;16290;67.1950857632933;760.3950857632933;Line 240;1;59.0034973616609
-23.634185623;-46.794910704;764.0;16260;67.07133790737562;760.2713379073757;Line 240;1;59.0034973616609
-23.634049057;-46.794656801;764.9;16230;66.94759005145795;760.147590051458;Line 240;1;59.0034973616609
-23.63391249;-46.794402898;766.4;16200;66.8238421955403;760.0238421955403;Line 240;1;59.0034973616609
-23.633775923;-46.794148996;768.1;16170;66.70009433962262;759.9000943396227;Line 240;1;59.0034973616609
-23.633639355;-46.793895094;767.9;16140;66.57634648370497;759.776346483705;Line 240;1;59.0034973616609
-23.633502787;-46.793641193;767.0;16110;66.4525986277873;759.6525986277874;Line 240;1;59.0034973616609
-23.633366219;-46.793387292;765.4;16080;66.32885077186963;759.5288507718697;Line 240;1;59.0034973616609
-23.63322965;-46.793133392;766.4;16050;66.20510291595195;759.405102915952;Line 240;1;59.0034973616609
-23.63309308;-46.792879492;767.7;16020;66.08135506003428;759.2813550600343;Line 240;1;59.0034973616609
-23.632956511;-46.792625592;768.6;15990;65.95760720411663;759.1576072041166;Line 240;1;59.0034973616609
-23.63281994;-46.792371694;768.8;15960;65.83385934819896;759.033859348199;Line 240;1;59.0034973616609
-23.632683369;-46.792117795;768.4;15930;65.71011149228129;758.9101114922813;Line 240;1;59.0034973616609
-23.632546798;-46.791863898;767.5;15900;65.58636363636363;758.7863636363637;Line 240;1;59.0034973616609
-23.632410227;-46.79161;766.4;15870;65.46261578044594;758.662615780446;Line 240;1;59.0034973616609
-23.632273654;-46.791356104;767.6;15840;65.33886792452829;758.5388679245283;Line 240;1;59.0034973616609
-23.632137082;-46.791102207;769.7;15810;65.21512006861062;758.4151200686107;Line 240;1;59.0034973616609
-23.632000509;-46.790848312;772.7;15780;65.09137221269295;758.291372212693;Line 240;1;59.0034973616609
-23.631863935;-46.790594416;773.0;15750;64.96762435677529;758.1676243567754;Line 240;1;59.0034973616609
-23.631727361;-46.790340522;772.6;15720;64.84387650085762;758.0438765008577;Line 240;1;59.0034973616609
-23.631590787;-46.790086627;771.4;15690;64.72012864493996;757.92012864494;Line 240;1;59.0034973616609
-23.631454212;-46.789832734;773.3;15660;64.59638078902228;757.7963807890224;Line 240;1;59.0034973616609
-23.631317637;-46.789578841;777.4;15630;64.4726329331046;757.6726329331046;Line 240;1;59.0034973616609
-23.631181061;-46.789324948;781.9;15600;64.34888507718695;757.548885077187;Line 240;1;59.0034973616609
-23.631044485;-46.789071056;785.7;15570;64.22513722126928;757.4251372212693;Line 240;1;59.0034973616609
-23.630907909;-46.788817164;788.0;15540;64.10138936535162;757.3013893653517;Line 240;1;59.0034973616609
-23.630771331;-46.788563273;790.1;15510;63.977641509433944;757.177641509434;Line 240;1;59.0034973616609
-23.630634754;-46.788309382;792.3;15480;63.85389365351627;757.0538936535163;Line 240;1;59.0034973616609
-23.630498176;-46.788055492;790.5;15450;63.73014579759862;756.9301457975987;Line 240;1;59.0034973616609
-23.630361598;-46.787801602;788.0;15420;63.60639794168094;756.806397941681;Line 240;1;59.0034973616609
-23.630225019;-46.787547713;784.7;15390;63.48265008576328;756.6826500857633;Line 240;1;59.0034973616609
-23.630088439;-46.787293825;781.5;15360;63.35890222984561;756.5589022298457;Line 240;1;59.0034973616609
-23.62995186;-46.787039936;778.5;15330;63.23515437392794;756.435154373928;Line 240;1;59.0034973616609
-23.629815279;-46.786786049;775.8;15300;63.11140651801028;756.3114065180104;Line 240;1;59.0034973616609
-23.629678699;-46.786532162;777.3;15270;62.987658662092606;756.1876586620926;Line 240;1;59.0034973616609
-23.629542118;-46.786278275;782.2;15240;62.86391080617495;756.063910806175;Line 240;1;59.0034973616609
-23.629405536;-46.786024389;787.4;15210;62.74016295025727;755.9401629502573;Line 240;1;59.0034973616609
-23.629268954;-46.785770503;791.9;15180;62.6164150943396;755.8164150943396;Line 240;1;59.0034973616609
-23.629132372;-46.785516618;793.1;15150;62.492667238421944;755.692667238422;Line 240;1;59.0034973616609
-23.628995789;-46.785262734;794.0;15120;62.36891938250427;755.5689193825043;Line 240;1;59.0034973616609
-23.628859205;-46.78500885;795.6;15090;62.24517152658661;755.4451715265867;Line 240;1;59.0034973616609
-23.628722621;-46.784754966;791.3;15060;62.12142367066894;755.321423670669;Line 240;1;59.0034973616609
-23.628586037;-46.784501083;786.9;15030;61.99767581475127;755.1976758147513;Line 240;1;59.0034973616609
-23.628449452;-46.784247201;782.6;15000;61.873927958833605;755.0739279588337;Line 240;1;59.0034973616609
-23.628312867;-46.783993318;779.5;14970;61.750180102915934;754.950180102916;Line 240;1;59.0034973616609
-23.628176282;-46.783739437;775.9;14940;61.62643224699828;754.8264322469984;Line 240;1;59.0034973616609
-23.628039696;-46.783485556;772.3;14910;61.5026843910806;754.7026843910807;Line 240;1;59.0034973616609
-23.627903109;-46.783231675;769.1;14880;61.37893653516293;754.5789365351629;Line 240;1;59.0034973616609
-23.627766522;-46.782977795;767.0;14850;61.25518867924527;754.4551886792453;Line 240;1;59.0034973616609
-23.627629935;-46.782723916;764.9;14820;61.131440823327594;754.3314408233276;Line 240;1;59.0034973616609
-23.627493347;-46.782470037;763.3;14790;61.00769296740994;754.20769296741;Line 240;1;59.0034973616609
-23.627356759;-46.782216158;766.8;14760;60.88394511149227;754.0839451114923;Line 240;1;59.0034973616609
-23.62722017;-46.78196228;770.9;14730;60.760197255574596;753.9601972555746;Line 240;1;59.0034973616609
-23.627083581;-46.781708403;775.6;14700;60.63644939965693;753.836449399657;Line 240;1;59.0034973616609
-23.626946991;-46.781454526;777.9;14670;60.51270154373926;753.7127015437393;Line 240;1;59.0034973616609
-23.626810401;-46.78120065;778.5;14640;60.388953687821605;753.5889536878217;Line 240;1;59.0034973616609
-23.62667381;-46.780946774;777.9;14610;60.26520583190393;753.465205831904;Line 240;1;59.0034973616609
-23.626537219;-46.780692898;778.9;14580;60.141457975986256;753.3414579759863;Line 240;1;59.0034973616609
-23.626400628;-46.780439023;780.7;14550;60.0177101200686;753.2177101200687;Line 240;1;59.0034973616609
-23.626264036;-46.780185149;782.1;14520;59.89396226415093;753.093962264151;Line 240;1;59.0034973616609
-23.626127443;-46.779931275;783.5;14490;59.77021440823326;752.9702144082333;Line 240;1;59.0034973616609
-23.625990851;-46.779677401;785.2;14460;59.646466552315594;752.8464665523156;Line 240;1;59.0034973616609
-23.625854257;-46.779423529;786.0;14430;59.522718696397924;752.7227186963979;Line 240;1;59.0034973616609
-23.625717664;-46.779169656;788.4;14400;59.39897084048026;752.5989708404803;Line 240;1;59.0034973616609
-23.62558107;-46.778915784;791.7;14370;59.275222984562596;752.4752229845626;Line 240;1;59.0034973616609
-23.625444475;-46.778661913;794.4;14340;59.151475128644925;752.351475128645;Line 240;1;59.0034973616609
-23.62530788;-46.778408042;796.3;14310;59.027727272727255;752.2277272727273;Line 240;1;59.0034973616609
-23.625171284;-46.778154172;797.9;14280;58.90397941680959;752.1039794168096;Line 240;1;59.0034973616609
-23.625034688;-46.777900302;798.3;14250;58.78023156089193;751.980231560892;Line 240;1;59.0034973616609
-23.624898092;-46.777646432;798.3;14220;58.65648370497426;751.8564837049743;Line 240;1;59.0034973616609
-23.624761495;-46.777392564;798.7;14190;58.532735849056586;751.7327358490567;Line 240;1;59.0034973616609
-23.624624898;-46.777138695;798.4;14160;58.40898799313892;751.608987993139;Line 240;1;59.0034973616609
-23.6244883;-46.776884827;797.2;14130;58.28524013722125;751.4852401372214;Line 240;1;59.0034973616609
-23.624351702;-46.77663096;794.6;14100;58.16149228130359;751.3614922813036;Line 240;1;59.0034973616609
-23.624215103;-46.776377093;788.3;14070;58.037744425385924;751.2377444253859;Line 240;1;59.0034973616609
-23.624078504;-46.776123227;782.7;14040;57.91399656946825;751.1139965694683;Line 240;1;59.0034973616609
-23.623941904;-46.775869361;778.7;14010;57.79024871355058;750.9902487135506;Line 240;1;59.0034973616609
-23.623805304;-46.775615496;779.3;13980;57.66650085763292;750.866500857633;Line 240;1;59.0034973616609
-23.623668704;-46.775361631;780.9;13950;57.542753001715255;750.7427530017153;Line 240;1;59.0034973616609
-23.623532103;-46.775107767;782.8;13920;57.419005145797584;750.6190051457976;Line 240;1;59.0034973616609
-23.623395502;-46.774853903;786.2;13890;57.29525728987991;750.49525728988;Line 240;1;59.0034973616609
-23.6232589;-46.77460004;789.9;13860;57.17150943396225;750.3715094339623;Line 240;1;59.0034973616609
-23.623122298;-46.774346177;792.2;13830;57.04776157804458;750.2477615780447;Line 240;1;59.0034973616609
-23.622985695;-46.774092315;792.9;13800;56.924013722126915;750.124013722127;Line 240;1;59.0034973616609
-23.622849092;-46.773838453;791.5;13770;56.80026586620925;750.0002658662092;Line 240;1;59.0034973616609
-23.622712488;-46.773584592;790.4;13740;56.67651801029158;749.8765180102916;Line 240;1;59.0034973616609
-23.622575884;-46.773330731;789.6;13710;56.55277015437391;749.7527701543739;Line 240;1;59.0034973616609
-23.62243928;-46.773076871;790.6;13680;56.429022298456246;749.6290222984563;Line 240;1;59.0034973616609
-23.622302675;-46.772823011;790.9;13650;56.30527444253858;749.5052744425386;Line 240;1;59.0034973616609
-23.622166069;-46.772569152;791.4;13620;56.18152658662091;749.3815265866209;Line 240;1;59.0034973616609
-23.622029463;-46.772315293;793.3;13590;56.05777873070324;749.2577787307033;Line 240;1;59.0034973616609
-23.621892857;-46.772061435;795.3;13560;55.93403087478558;749.1340308747856;Line 240;1;59.0034973616609
-23.62175625;-46.771807577;797.1;13530;55.810283018867906;749.010283018868;Line 240;1;59.0034973616609
-23.621619643;-46.77155372;796.3;13500;55.68653516295024;748.8865351629503;Line 240;1;59.0034973616609
-23.621483036;-46.771299864;793.1;13470;55.56278730703258;748.7627873070326;Line 240;1;59.0034973616609
-23.621346427;-46.771046007;791.4;13440;55.439039451114915;748.639039451115;Line 240;1;59.0034973616609
-23.621209819;-46.770792152;790.8;13410;55.31529159519724;748.5152915951973;Line 240;1;59.0034973616609
-23.62107321;-46.770538297;789.4;13380;55.191543739279574;748.3915437392797;Line 240;1;59.0034973616609
-23.6209366;-46.770284442;789.1;13350;55.06779588336191;748.2677958833619;Line 240;1;59.0034973616609
-23.620799991;-46.770030588;789.5;13320;54.94404802744424;748.1440480274443;Line 240;1;59.0034973616609
-23.62066338;-46.769776734;789.0;13290;54.820300171526576;748.0203001715266;Line 240;1;59.0034973616609
-23.620526769;-46.769522881;789.0;13260;54.696552315608905;747.8965523156089;Line 240;1;59.0034973616609
-23.620390158;-46.769269029;789.6;13230;54.572804459691234;747.7728044596913;Line 240;1;59.0034973616609
-23.620253546;-46.769015177;790.6;13200;54.44905660377357;747.6490566037736;Line 240;1;59.0034973616609
-23.620116934;-46.768761325;791.5;13170;54.32530874785591;747.525308747856;Line 240;1;59.0034973616609
-23.619980322;-46.768507474;791.9;13140;54.20156089193824;747.4015608919383;Line 240;1;59.0034973616609
-23.619843709;-46.768253623;789.8;13110;54.077813036020565;747.2778130360206;Line 240;1;59.0034973616609
-23.619707095;-46.767999773;789.8;13080;53.9540651801029;747.154065180103;Line 240;1;59.0034973616609
-23.619570481;-46.767745924;790.7;13050;53.83031732418524;747.0303173241853;Line 240;1;59.0034973616609
-23.619433867;-46.767492075;792.3;13020;53.70656946826757;746.9065694682677;Line 240;1;59.0034973616609
-23.619297252;-46.767238226;791.4;12990;53.5828216123499;746.78282161235;Line 240;1;59.0034973616609
-23.619160637;-46.766984378;791.0;12960;53.45907375643223;746.6590737564322;Line 240;1;59.0034973616609
-23.619024021;-46.76673053;788.0;12930;53.33532590051456;746.5353259005146;Line 240;1;59.0034973616609
-23.618887405;-46.766476683;783.9;12900;53.2115780445969;746.4115780445969;Line 240;1;59.0034973616609
-23.618750788;-46.766222837;779.5;12870;53.087830188679234;746.2878301886793;Line 240;1;59.0034973616609
-23.618614171;-46.765968991;775.2;12840;52.96408233276157;746.1640823327616;Line 240;1;59.0034973616609
-23.618477554;-46.765715145;771.9;12810;52.84033447684389;746.0403344768439;Line 240;1;59.0034973616609
-23.618340936;-46.7654613;769.7;12780;52.71658662092623;745.9165866209263;Line 240;1;59.0034973616609
-23.618204317;-46.765207456;767.5;12750;52.592838765008565;745.7928387650086;Line 240;1;59.0034973616609
-23.618067698;-46.764953612;765.0;12720;52.469090909090895;745.669090909091;Line 240;1;59.0034973616609
-23.617931079;-46.764699769;761.8;12690;52.34534305317323;745.5453430531733;Line 240;1;59.0034973616609
-23.617794459;-46.764445926;758.4;12660;52.22159519725556;745.4215951972556;Line 240;1;59.0034973616609
-23.617657839;-46.764192083;754.8;12630;52.09784734133789;745.297847341338;Line 240;1;59.0034973616609
-23.617521218;-46.763938241;753.1;12600;51.974099485420226;745.1740994854202;Line 240;1;59.0034973616609
-23.617384597;-46.7636844;753.5;12570;51.85035162950256;745.0503516295026;Line 240;1;59.0034973616609
-23.617247975;-46.763430559;753.2;12540;51.7266037735849;744.9266037735849;Line 240;1;59.0034973616609
-23.617111353;-46.763176718;752.2;12510;51.60285591766722;744.8028559176672;Line 240;1;59.0034973616609
-23.616974731;-46.762922878;751.0;12480;51.47910806174956;744.6791080617496;Line 240;1;59.0034973616609
-23.616838108;-46.762669039;749.3;12450;51.35536020583189;744.5553602058319;Line 240;1;59.0034973616609
-23.616701485;-46.7624152;747.5;12420;51.23161234991422;744.4316123499143;Line 240;1;59.0034973616609
-23.616564861;-46.762161362;747.7;12390;51.10786449399656;744.3078644939966;Line 240;1;59.0034973616609
-23.616428237;-46.761907524;748.5;12360;50.98411663807889;744.1841166380789;Line 240;1;59.0034973616609
-23.616291612;-46.761653687;749.3;12330;50.86036878216122;744.0603687821613;Line 240;1;59.0034973616609
-23.616154987;-46.76139985;747.5;12300;50.73662092624355;743.9366209262436;Line 240;1;59.0034973616609
-23.616018361;-46.761146013;745.1;12270;50.61287307032589;743.812873070326;Line 240;1;59.0034973616609
-23.615881735;-46.760892177;741.9;12240;50.489125214408226;743.6891252144083;Line 240;0;59.0034973616609
-23.615745108;-46.760638342;741.7;12210;50.36537735849055;743.5653773584907;Line 240;0;59.0034973616609
-23.615608481;-46.760384507;742.5;12180;50.241629502572884;743.4416295025729;Line 240;0;59.0034973616609
-23.615471854;-46.760130673;742.9;12150;50.11788164665522;743.3178816466552;Line 240;0;59.0034973616609
-23.615335226;-46.759876839;743.4;12120;49.99413379073755;743.1941337907376;Line 240;1;59.0034973616609
-23.615198598;-46.759623006;744.2;12090;49.870385934819886;743.0703859348199;Line 240;1;59.0034973616609
-23.615061969;-46.759369173;745.2;12060;49.74663807890222;742.9466380789023;Line 240;1;59.0034973616609
-23.61492534;-46.759115341;745.7;12030;49.622890222984545;742.8228902229846;Line 240;1;59.0034973616609
-23.61478871;-46.758861509;744.8;12000;49.49914236706688;742.6991423670669;Line 240;1;59.0034973616609
-23.61465208;-46.758607678;743.8;11970;49.37539451114922;742.5753945111493;Line 240;1;59.0034973616609
-23.61451545;-46.758353847;742.9;11940;49.25164665523155;742.4516466552316;Line 240;1;59.0034973616609
-23.614378819;-46.758100017;742.7;11910;49.12789879931388;742.327898799314;Line 240;1;59.0034973616609
-23.614242187;-46.757846187;742.7;11880;49.00415094339621;742.2041509433963;Line 240;1;59.0034973616609
-23.614105555;-46.757592358;742.8;11850;48.88040308747855;742.0804030874785;Line 240;1;59.0034973616609
-23.613968923;-46.757338529;742.7;11820;48.75665523156088;741.956655231561;Line 240;1;59.0034973616609
-23.61383229;-46.757084701;742.7;11790;48.632907375643214;741.8329073756432;Line 240;1;59.0034973616609
-23.613695657;-46.756830873;742.7;11760;48.50915951972555;741.7091595197256;Line 240;1;59.0034973616609
-23.613559023;-46.756577046;742.9;11730;48.38541166380787;741.5854116638079;Line 240;1;59.0034973616609
-23.613422389;-46.756323219;743.5;11700;48.26166380789021;741.4616638078902;Line 240;1;59.0034973616609
-23.613285754;-46.756069393;744.0;11670;48.137915951972545;741.3379159519726;Line 240;1;59.0034973616609
-23.613149119;-46.755815567;744.8;11640;48.01416809605488;741.2141680960549;Line 240;1;59.0034973616609
-23.613012484;-46.755561742;747.0;11610;47.89042024013721;741.0904202401373;Line 240;1;59.0034973616609
-23.612875848;-46.755307917;748.8;11580;47.76667238421954;740.9666723842196;Line 240;1;59.0034973616609
-23.612739211;-46.755054093;750.3;11550;47.642924528301876;740.8429245283019;Line 240;1;59.0034973616609
-23.612602574;-46.754800269;750.0;11520;47.519176672384205;740.7191766723843;Line 240;1;59.0034973616609
-23.612465937;-46.754546446;749.4;11490;47.39542881646654;740.5954288164666;Line 240;1;59.0034973616609
-23.612329299;-46.754292623;748.7;11460;47.27168096054888;740.471680960549;Line 240;1;59.0034973616609
-23.612192661;-46.754038801;748.3;11430;47.1479331046312;740.3479331046312;Line 240;1;59.0034973616609
-23.612056023;-46.75378498;748.1;11400;47.024185248713536;740.2241852487136;Line 240;1;59.0034973616609
-23.611919384;-46.753531158;747.8;11370;46.90043739279587;740.1004373927959;Line 240;1;59.0034973616609
-23.611782744;-46.753277338;747.2;11340;46.77668953687821;739.9766895368782;Line 240;1;59.0034973616609
-23.611646104;-46.753023518;746.2;11310;46.65294168096054;739.8529416809606;Line 240;1;59.0034973616609
-23.611509464;-46.752769698;745.2;11280;46.52919382504287;739.7291938250429;Line 240;1;59.0034973616609
-23.611372823;-46.752515879;743.5;11250;46.4054459691252;739.6054459691253;Line 240;1;59.0034973616609
-23.611236181;-46.75226206;742.3;11220;46.28169811320753;739.4816981132076;Line 240;1;59.0034973616609
-23.61109954;-46.752008242;742.3;11190;46.15795025728987;739.3579502572899;Line 240;1;59.0034973616609
-23.610962897;-46.751754425;743.3;11160;46.034202401372205;739.2342024013723;Line 240;1;59.0034973616609
-23.610826255;-46.751500608;745.8;11130;45.91045454545453;739.1104545454546;Line 240;1;59.0034973616609
-23.610689611;-46.751246791;748.4;11100;45.786706689536864;738.986706689537;Line 240;1;59.0034973616609
-23.610552968;-46.750992975;750.5;11070;45.6629588336192;738.8629588336192;Line 240;1;59.0034973616609
-23.610416324;-46.750739159;752.2;11040;45.539210977701536;738.7392109777015;Line 240;1;59.0034973616609
-23.610279679;-46.750485344;753.7;11010;45.415463121783866;738.6154631217839;Line 240;1;59.0034973616609
-23.610143034;-46.75023153;755.0;10980;45.291715265866195;738.4917152658662;Line 240;1;59.0034973616609
-23.610006389;-46.749977716;756.2;10950;45.16796740994853;738.3679674099486;Line 240;1;59.0034973616609
-23.609869743;-46.749723902;757.4;10920;45.04421955403086;738.2442195540309;Line 240;1;59.0034973616609
-23.609733097;-46.749470089;758.4;10890;44.9204716981132;738.1204716981132;Line 240;1;59.0034973616609
-23.60959645;-46.749216277;759.3;10860;44.79672384219553;737.9967238421956;Line 240;1;59.0034973616609
-23.609459803;-46.748962465;759.1;10830;44.67297598627786;737.8729759862779;Line 240;1;59.0034973616609
-23.609323155;-46.748708653;758.3;10800;44.54922813036019;737.7492281303603;Line 240;1;59.0034973616609
-23.609186507;-46.748454842;757.1;10770;44.42548027444253;737.6254802744426;Line 240;1;59.0034973616609
-23.609049859;-46.748201032;755.8;10740;44.301732418524864;737.5017324185249;Line 240;1;59.0034973616609
-23.60891321;-46.747947222;753.9;10710;44.17798456260719;737.3779845626073;Line 240;1;59.0034973616609
-23.60877656;-46.747693412;752.1;10680;44.05423670668953;737.2542367066895;Line 240;1;59.0034973616609
-23.608639911;-46.747439603;750.0;10650;43.93048885077186;737.1304888507719;Line 240;1;59.0034973616609
-23.60850326;-46.747185795;747.0;10620;43.80674099485419;737.0067409948542;Line 240;1;59.0034973616609
-23.608366609;-46.746931987;743.8;10590;43.682993138936524;736.8829931389366;Line 240;1;59.0034973616609
-23.608229958;-46.74667818;741.6;10560;43.55924528301886;736.7592452830189;Line 240;1;59.0034973616609
-23.608093307;-46.746424373;744.0;10530;43.43549742710119;736.6354974271012;Line 240;1;59.0034973616609
-23.607956655;-46.746170566;747.1;10500;43.31174957118352;736.5117495711836;Line 240;1;59.0034973616609
-23.607820002;-46.74591676;750.7;10470;43.188001715265855;736.3880017152659;Line 240;1;59.0034973616609
-23.607683349;-46.745662955;754.3;10440;43.06425385934819;736.2642538593483;Line 240;1;59.0034973616609
-23.607546695;-46.74540915;757.6;10410;42.94050600343052;736.1405060034306;Line 240;1;59.0034973616609
-23.607410042;-46.745155346;759.6;10380;42.81675814751286;736.0167581475129;Line 240;1;59.0034973616609
-23.607273387;-46.744901542;761.0;10350;42.693010291595186;735.8930102915953;Line 240;1;59.0034973616609
-23.607136732;-46.744647738;762.5;10320;42.569262435677516;735.7692624356775;Line 240;1;59.0034973616609
-23.607000077;-46.744393935;763.9;10290;42.44551457975985;735.64551457976;Line 240;1;59.0034973616609
-23.606863421;-46.744140133;765.0;10260;42.32176672384219;735.5217667238422;Line 240;1;59.0034973616609
-23.606726765;-46.743886331;765.2;10230;42.19801886792452;735.3980188679245;Line 240;1;59.0034973616609
-23.606590109;-46.74363253;766.6;10200;42.07427101200685;735.2742710120069;Line 240;1;59.0034973616609
-23.606453452;-46.743378729;768.6;10170;41.95052315608918;735.1505231560892;Line 240;1;59.0034973616609
-23.606316794;-46.743124929;770.7;10140;41.82677530017152;735.0267753001716;Line 240;1;59.0034973616609
-23.606180136;-46.742871129;772.8;10110;41.70302744425385;734.9030274442539;Line 240;1;59.0034973616609
-23.606043478;-46.74261733;774.8;10080;41.579279588336185;734.7792795883362;Line 240;1;59.0034973616609
-23.605906819;-46.742363531;776.6;10050;41.455531732418514;734.6555317324186;Line 240;1;59.0034973616609
-23.60577016;-46.742109733;776.6;10020;41.33178387650084;734.5317838765009;Line 240;1;59.0034973616609
-23.6056335;-46.741855935;774.1;9990;41.20803602058318;734.4080360205833;Line 240;1;59.0034973616609
-23.60549684;-46.741602137;770.3;9960;41.084288164665516;734.2842881646656;Line 240;1;59.0034973616609
-23.605360179;-46.741348341;766.1;9930;40.960540308747845;734.1605403087478;Line 240;1;59.0034973616609
-23.605223518;-46.741094544;762.7;9900;40.836792452830174;734.0367924528302;Line 240;1;59.0034973616609
-23.605086857;-46.740840749;760.1;9870;40.71304459691251;733.9130445969125;Line 240;1;59.0034973616609
-23.604950195;-46.740586953;761.2;9840;40.58929674099485;733.7892967409949;Line 240;1;59.0034973616609
-23.604813532;-46.740333159;764.2;9810;40.465548885077176;733.6655488850772;Line 240;1;59.0034973616609
-23.604676869;-46.740079364;767.1;9780;40.34180102915951;733.5418010291596;Line 240;1;59.0034973616609
-23.604540206;-46.739825571;770.5;9750;40.21805317324184;733.4180531732419;Line 240;1;59.0034973616609
-23.604403542;-46.739571777;774.2;9720;40.09430531732417;733.2943053173242;Line 240;1;59.0034973616609
-23.604266878;-46.739317985;778.2;9690;39.97055746140651;733.1705574614066;Line 240;1;59.0034973616609
-23.604130213;-46.739064193;782.3;9660;39.84680960548884;733.0468096054889;Line 240;1;59.0034973616609
-23.603993548;-46.738810401;785.3;9630;39.72306174957117;732.9230617495712;Line 240;1;59.0034973616609
-23.603856883;-46.73855661;787.4;9600;39.5993138936535;732.7993138936536;Line 240;1;59.0034973616609
-23.603720217;-46.738302819;788.2;9570;39.47556603773584;732.6755660377358;Line 240;1;59.0034973616609
-23.60358355;-46.738049029;785.7;9540;39.351818181818174;732.5518181818182;Line 240;1;59.0034973616609
-23.603446883;-46.737795239;782.8;9510;39.228070325900504;732.4280703259005;Line 240;1;59.0034973616609
-23.603310216;-46.73754145;779.2;9480;39.10432246998284;732.3043224699829;Line 240;1;59.0034973616609
-23.603173548;-46.737287661;779.4;9450;38.980574614065176;732.1805746140652;Line 240;1;59.0034973616609
-23.60303688;-46.737033873;780.9;9420;38.8568267581475;732.0568267581475;Line 240;1;59.0034973616609
-23.602900211;-46.736780085;782.7;9390;38.733078902229835;731.9330789022299;Line 240;1;59.0034973616609
-23.602763542;-46.736526298;782.8;9360;38.60933104631217;731.8093310463122;Line 240;1;59.0034973616609
-23.602626872;-46.736272512;781.3;9330;38.4855831903945;731.6855831903946;Line 240;1;59.0034973616609
-23.602490202;-46.736018726;779.7;9300;38.36183533447684;731.5618353344769;Line 240;1;59.0034973616609
-23.602353532;-46.73576494;778.3;9270;38.238087478559166;731.4380874785592;Line 240;1;59.0034973616609
-23.602216861;-46.735511155;775.0;9240;38.1143396226415;731.3143396226416;Line 240;1;59.0034973616609
-23.602080189;-46.73525737;771.6;9210;37.99059176672383;731.1905917667239;Line 240;1;59.0034973616609
-23.601943518;-46.735003586;768.0;9180;37.86684391080617;731.0668439108063;Line 240;1;59.0034973616609
-23.601806845;-46.734749803;764.6;9150;37.743096054888504;730.9430960548885;Line 240;1;59.0034973616609
-23.601670173;-46.73449602;760.8;9120;37.619348198970826;730.8193481989708;Line 240;1;59.0034973616609
-23.601533499;-46.734242237;756.1;9090;37.49560034305316;730.6956003430532;Line 240;1;59.0034973616609
-23.601396826;-46.733988455;753.4;9060;37.3718524871355;730.5718524871355;Line 240;1;59.0034973616609
-23.601260152;-46.733734673;752.2;9030;37.24810463121783;730.4481046312179;Line 240;1;59.0034973616609
-23.601123477;-46.733480892;752.0;9000;37.124356775300164;730.3243567753002;Line 240;1;59.0034973616609
-23.600986802;-46.733227112;753.1;8970;37.00060891938249;730.2006089193825;Line 240;1;59.0034973616609
-23.600850127;-46.732973332;755.1;8940;36.87686106346483;730.0768610634649;Line 240;1;59.0034973616609
-23.600713451;-46.732719552;758.4;8910;36.75311320754716;729.9531132075472;Line 240;1;59.0034973616609
-23.600576774;-46.732465773;762.4;8880;36.629365351629495;729.8293653516296;Line 240;1;59.0034973616609
-23.600440098;-46.732211995;766.8;8850;36.50561749571183;729.7056174957119;Line 240;1;59.0034973616609
-23.60030342;-46.731958217;770.7;8820;36.381869639794154;729.5818696397941;Line 240;1;59.0034973616609
-23.600166743;-46.731704439;774.1;8790;36.25812178387649;729.4581217838765;Line 240;1;59.0034973616609
-23.600030065;-46.731450662;777.3;8760;36.134373927958826;729.3343739279588;Line 240;1;59.0034973616609
-23.599893386;-46.731196886;780.6;8730;36.010626072041156;729.2106260720412;Line 240;1;59.0034973616609
-23.599756707;-46.73094311;783.4;8700;35.88687821612349;729.0868782161235;Line 240;1;59.0034973616609
-23.599620028;-46.730689334;786.0;8670;35.76313036020582;728.9631303602059;Line 240;1;59.0034973616609
-23.599483348;-46.730435559;788.3;8640;35.63938250428816;728.8393825042882;Line 240;1;59.0034973616609
-23.599346667;-46.730181785;790.3;8610;35.51563464837049;728.7156346483705;Line 240;1;59.0034973616609
-23.599209987;-46.729928011;792.3;8580;35.39188679245282;728.5918867924529;Line 240;1;59.0034973616609
-23.599073305;-46.729674238;795.4;8550;35.26813893653516;728.4681389365352;Line 240;1;59.0034973616609
-23.598936624;-46.729420465;797.5;8520;35.14439108061748;728.3443910806175;Line 240;1;59.0034973616609
-23.598799941;-46.729166692;798.0;8490;35.02064322469982;728.2206432246999;Line 240;1;59.0034973616609
-23.598663259;-46.72891292;793.8;8460;34.896895368782154;728.0968953687822;Line 240;1;59.0034973616609
-23.598526576;-46.728659149;787.8;8430;34.77314751286448;727.9731475128646;Line 240;1;59.0034973616609
-23.598389892;-46.728405378;779.9;8400;34.64939965694682;727.8493996569468;Line 240;1;59.0034973616609
-23.598253208;-46.728151608;776.0;8370;34.52565180102915;727.7256518010292;Line 240;1;59.0034973616609
-23.598116524;-46.727897838;774.6;8340;34.401903945111485;727.6019039451115;Line 240;1;59.0034973616609
-23.597979839;-46.727644068;773.0;8310;34.278156089193814;727.4781560891938;Line 240;1;59.0034973616609
-23.597843154;-46.7273903;771.2;8280;34.15440823327615;727.3544082332762;Line 240;1;59.0034973616609
-23.597706468;-46.727136531;769.3;8250;34.03066037735849;727.2306603773585;Line 240;1;59.0034973616609
-23.597569782;-46.726882763;767.6;8220;33.906912521440816;727.1069125214409;Line 240;1;59.0034973616609
-23.597433095;-46.726628996;765.8;8190;33.783164665523145;726.9831646655232;Line 240;1;59.0034973616609
-23.597296408;-46.726375229;763.2;8160;33.65941680960548;726.8594168096055;Line 240;1;59.0034973616609
-23.597159721;-46.726121463;760.0;8130;33.53566895368781;726.7356689536879;Line 240;1;59.0034973616609
-23.597023033;-46.725867697;756.3;8100;33.41192109777015;726.6119210977702;Line 240;1;59.0034973616609
-23.596886344;-46.725613932;757.7;8070;33.28817324185248;726.4881732418526;Line 240;1;59.0034973616609
-23.596749655;-46.725360167;759.1;8040;33.16442538593481;726.3644253859349;Line 240;1;59.0034973616609
-23.596612966;-46.725106403;759.8;8010;33.04067753001714;726.2406775300171;Line 240;1;59.0034973616609
-23.596476276;-46.724852639;761.5;7980;32.91692967409948;726.1169296740995;Line 240;1;59.0034973616609
-23.596339586;-46.724598876;764.1;7950;32.793181818181814;725.9931818181818;Line 240;1;59.0034973616609
-23.596202895;-46.724345113;767.1;7920;32.669433962264144;725.8694339622642;Line 240;1;59.0034973616609
-23.596066204;-46.724091351;769.5;7890;32.54568610634647;725.7456861063465;Line 240;1;59.0034973616609
-23.595929513;-46.723837589;770.4;7860;32.42193825042881;725.6219382504289;Line 240;1;59.0034973616609
-23.595792821;-46.723583828;771.4;7830;32.29819039451114;725.4981903945112;Line 240;1;59.0034973616609
-23.595656128;-46.723330067;772.3;7800;32.174442538593475;725.3744425385935;Line 240;1;59.0034973616609
-23.595519435;-46.723076307;768.6;7770;32.05069468267581;725.2506946826759;Line 240;1;59.0034973616609
-23.595382742;-46.722822547;764.6;7740;31.926946826758137;725.1269468267582;Line 240;1;59.0034973616609
-23.595246048;-46.722568788;760.4;7710;31.80319897084047;725.0031989708405;Line 240;1;59.0034973616609
-23.595109354;-46.722315029;756.0;7680;31.679451114922806;724.8794511149229;Line 240;1;59.0034973616609
-23.594972659;-46.722061271;751.5;7650;31.55570325900514;724.7557032590051;Line 240;1;59.0034973616609
-23.594835964;-46.721807513;747.2;7620;31.431955403087475;724.6319554030875;Line 240;1;59.0034973616609
-23.594699268;-46.721553756;743.8;7590;31.3082075471698;724.5082075471698;Line 240;1;59.0034973616609
-23.594562572;-46.721299999;741.7;7560;31.184459691252133;724.3844596912522;Line 240;1;59.0034973616609
-23.594425876;-46.721046243;739.8;7530;31.06071183533447;724.2607118353345;Line 240;1;59.0034973616609
-23.594289179;-46.720792487;738.7;7500;30.936963979416802;724.1369639794168;Line 240;1;59.0034973616609
-23.594152482;-46.720538732;741.2;7470;30.81321612349914;724.0132161234992;Line 240;1;59.0034973616609
-23.594015784;-46.720284977;744.6;7440;30.689468267581464;723.8894682675815;Line 240;1;59.0034973616609
-23.593879085;-46.720031223;748.0;7410;30.565720411663797;723.7657204116639;Line 240;1;59.0034973616609
-23.593742387;-46.71977747;750.2;7380;30.441972555746133;723.6419725557462;Line 240;1;59.0034973616609
-23.593605688;-46.719523717;752.0;7350;30.318224699828466;723.5182246998285;Line 240;1;59.0034973616609
-23.593468988;-46.719269964;753.4;7320;30.194476843910802;723.3944768439109;Line 240;1;59.0034973616609
-23.593332288;-46.719016212;754.7;7290;30.070728987993128;723.2707289879932;Line 240;1;59.0034973616609
-23.593195587;-46.71876246;755.4;7260;29.946981132075464;723.1469811320756;Line 240;1;59.0034973616609
-23.593058886;-46.718508709;755.9;7230;29.823233276157797;723.0232332761578;Line 240;1;59.0034973616609
-23.592922185;-46.718254958;756.0;7200;29.69948542024013;722.8994854202401;Line 240;1;59.0034973616609
-23.592785483;-46.718001208;755.6;7170;29.575737564322463;722.7757375643225;Line 240;1;59.0034973616609
-23.592648781;-46.717747459;755.9;7140;29.451989708404795;722.6519897084048;Line 240;1;59.0034973616609
-23.592512078;-46.71749371;757.0;7110;29.32824185248713;722.5282418524872;Line 240;1;59.0034973616609
-23.592375375;-46.717239961;760.1;7080;29.20449399656946;722.4044939965695;Line 240;1;59.0034973616609
-23.592238671;-46.716986213;763.4;7050;29.080746140651794;722.2807461406518;Line 240;1;59.0034973616609
-23.592101967;-46.716732466;766.8;7020;28.956998284734127;722.1569982847342;Line 240;1;59.0034973616609
-23.591965262;-46.716478719;771.4;6990;28.83325042881646;722.0332504288165;Line 240;1;59.0034973616609
-23.591828557;-46.716224972;776.5;6960;28.709502572898792;721.9095025728989;Line 240;1;59.0034973616609
-23.591691852;-46.715971226;781.8;6930;28.585754716981125;721.7857547169812;Line 240;1;59.0034973616609
-23.591555146;-46.71571748;785.4;6900;28.462006861063458;721.6620068610634;Line 240;1;59.0034973616609
-23.59141844;-46.715463735;786.8;6870;28.33825900514579;721.5382590051458;Line 240;1;59.0034973616609
-23.591281733;-46.715209991;787.6;6840;28.214511149228123;721.4145111492281;Line 240;1;59.0034973616609
-23.591145026;-46.714956247;787.9;6810;28.090763293310456;721.2907632933105;Line 240;1;59.0034973616609
-23.591008318;-46.714702503;788.0;6780;27.96701543739279;721.1670154373928;Line 240;1;59.0034973616609
-23.59087161;-46.71444876;787.2;6750;27.84326758147512;721.0432675814752;Line 240;1;59.0034973616609
-23.590734901;-46.714195018;785.2;6720;27.719519725557458;720.9195197255575;Line 240;1;59.0034973616609
-23.590598192;-46.713941276;785.2;6690;27.595771869639787;720.7957718696398;Line 240;1;59.0034973616609
-23.590461483;-46.713687535;786.0;6660;27.47202401372212;720.6720240137222;Line 240;1;59.0034973616609
-23.590324773;-46.713433794;787.3;6630;27.348276157804452;720.5482761578045;Line 240;1;59.0034973616609
-23.590188063;-46.713180053;788.2;6600;27.224528301886785;720.4245283018869;Line 240;1;59.0034973616609
-23.590051352;-46.712926313;788.3;6570;27.10078044596912;720.3007804459692;Line 240;1;59.0034973616609
-23.58991464;-46.712672574;787.9;6540;26.97703259005145;720.1770325900515;Line 240;1;59.0034973616609
-23.589777929;-46.712418835;786.9;6510;26.853284734133783;720.0532847341339;Line 240;1;59.0034973616609
-23.589641217;-46.712165097;784.6;6480;26.729536878216116;719.9295368782161;Line 240;1;59.0034973616609
-23.589504504;-46.711911359;781.5;6450;26.60578902229845;719.8057890222985;Line 240;1;59.0034973616609
-23.589367791;-46.711657621;777.5;6420;26.482041166380785;719.6820411663808;Line 240;1;59.0034973616609
-23.589231077;-46.711403884;770.4;6390;26.358293310463115;719.5582933104631;Line 240;1;59.0034973616609
-23.589094363;-46.711150148;764.0;6360;26.234545454545447;719.4345454545455;Line 240;1;59.0034973616609
-23.588957649;-46.710896412;758.7;6330;26.11079759862778;719.3107975986278;Line 240;1;59.0034973616609
-23.588820934;-46.710642677;756.9;6300;25.987049742710113;719.1870497427102;Line 240;1;59.0034973616609
-23.588684219;-46.710388942;756.6;6270;25.86330188679245;719.0633018867925;Line 240;1;59.0034973616609
-23.588547503;-46.710135207;756.7;6240;25.73955403087478;718.9395540308748;Line 240;1;59.0034973616609
-23.588410787;-46.709881474;758.9;6210;25.61580617495711;718.8158061749572;Line 240;1;59.0034973616609
-23.58827407;-46.70962774;763.7;6180;25.492058319039444;718.6920583190395;Line 240;1;59.0034973616609
-23.588137353;-46.709374007;769.1;6150;25.368310463121777;718.5683104631219;Line 240;1;59.0034973616609
-23.588000636;-46.709120275;774.4;6120;25.244562607204113;718.4445626072041;Line 240;1;59.0034973616609
-23.587863918;-46.708866543;778.7;6090;25.120814751286442;718.3208147512864;Line 240;1;59.0034973616609
-23.587727199;-46.708612812;783.2;6060;24.997066895368775;718.1970668953688;Line 240;1;59.0034973616609
-23.58759048;-46.708359081;787.8;6030;24.87331903945111;718.0733190394511;Line 240;1;59.0034973616609
-23.587453761;-46.708105351;790.5;6000;24.74957118353344;717.9495711835335;Line 240;1;59.0034973616609
-23.587317041;-46.707851621;792.2;5970;24.625823327615777;717.8258233276158;Line 240;1;59.0034973616609
-23.587180321;-46.707597892;793.8;5940;24.502075471698106;717.7020754716982;Line 240;1;59.0034973616609
-23.5870436;-46.707344163;794.9;5910;24.37832761578044;717.5783276157805;Line 240;1;59.0034973616609
-23.586906879;-46.707090435;795.3;5880;24.254579759862775;717.4545797598628;Line 240;1;59.0034973616609
-23.586770158;-46.706836707;795.3;5850;24.130831903945104;717.3308319039452;Line 240;1;59.0034973616609
-23.586633436;-46.70658298;794.7;5820;24.00708404802744;717.2070840480275;Line 240;1;59.0034973616609
-23.586496713;-46.706329253;793.9;5790;23.88333619210977;717.0833361921099;Line 240;1;59.0034973616609
-23.58635999;-46.706075527;793.9;5760;23.759588336192103;716.9595883361922;Line 240;1;59.0034973616609
-23.586223267;-46.705821801;794.6;5730;23.63584048027444;716.8358404802744;Line 240;1;59.0034973616609
-23.586086543;-46.705568076;795.3;5700;23.512092624356768;716.7120926243568;Line 240;1;59.0034973616609
-23.585949819;-46.705314351;795.7;5670;23.388344768439104;716.5883447684391;Line 240;1;59.0034973616609
-23.585813094;-46.705060627;795.8;5640;23.264596912521434;716.4645969125215;Line 240;1;59.0034973616609
-23.585676369;-46.704806903;794.3;5610;23.140849056603766;716.3408490566038;Line 240;1;59.0034973616609
-23.585539644;-46.70455318;793.0;5580;23.017101200686103;716.2171012006861;Line 240;1;59.0034973616609
-23.585402918;-46.704299457;792.0;5550;22.893353344768432;716.0933533447685;Line 240;1;59.0034973616609
-23.585266191;-46.704045735;790.9;5520;22.769605488850768;715.9696054888508;Line 240;1;59.0034973616609
-23.585129464;-46.703792014;789.4;5490;22.645857632933097;715.8458576329332;Line 240;1;59.0034973616609
-23.584992737;-46.703538292;787.7;5460;22.52210977701543;715.7221097770155;Line 240;1;59.0034973616609
-23.584856009;-46.703284572;786.0;5430;22.398361921097766;715.5983619210978;Line 240;1;59.0034973616609
-23.584719281;-46.703030852;783.3;5400;22.274614065180096;715.4746140651802;Line 240;1;59.0034973616609
-23.584582552;-46.702777132;780.3;5370;22.150866209262432;715.3508662092624;Line 240;1;59.0034973616609
-23.584445823;-46.702523413;776.9;5340;22.027118353344765;715.2271183533448;Line 240;1;59.0034973616609
-23.584309093;-46.702269694;773.4;5310;21.903370497427094;715.1033704974271;Line 240;1;59.0034973616609
-23.584172363;-46.702015976;770.0;5280;21.77962264150943;714.9796226415094;Line 240;1;59.0034973616609
-23.584035633;-46.701762259;766.4;5250;21.65587478559176;714.8558747855918;Line 240;1;59.0034973616609
-23.583898902;-46.701508541;762.1;5220;21.532126929674096;714.7321269296741;Line 240;1;59.0034973616609
-23.58376217;-46.701254825;757.4;5190;21.40837907375643;714.6083790737565;Line 240;1;59.0034973616609
-23.583625438;-46.701001109;752.9;5160;21.284631217838758;714.4846312178388;Line 240;1;59.0034973616609
-23.583488706;-46.700747393;748.3;5130;21.160883361921094;714.3608833619212;Line 240;1;59.0034973616609
-23.583351973;-46.700493678;743.7;5100;21.037135506003423;714.2371355060035;Line 240;1;59.0034973616609
-23.58321524;-46.700239964;739.6;5070;20.91338765008576;714.1133876500858;Line 240;1;59.0034973616609
-23.583078506;-46.69998625;735.8;5040;20.789639794168092;713.9896397941682;Line 240;1;59.0034973616609
-23.582941772;-46.699732536;735.1;5010;20.66589193825042;713.8658919382505;Line 240;1;59.0034973616609
-23.582805038;-46.699478823;734.5;4980;20.542144082332758;713.7421440823329;Line 240;1;59.0034973616609
-23.582668303;-46.69922511;733.8;4950;20.418396226415087;713.6183962264151;Line 240;1;59.0034973616609
-23.582531567;-46.698971398;732.2;4920;20.294648370497423;713.4946483704974;Line 240;1;59.0034973616609
-23.582394832;-46.698717687;730.6;4890;20.170900514579756;713.3709005145798;Line 240;1;59.0034973616609
-23.582258095;-46.698463976;728.9;4860;20.047152658662085;713.2471526586621;Line 240;1;59.0034973616609
-23.582121358;-46.698210265;726.9;4830;19.92340480274442;713.1234048027445;Line 240;1;59.0034973616609
-23.581984621;-46.697956555;725.0;4800;19.79965694682675;712.9996569468268;Line 240;1;59.0034973616609
-23.581847884;-46.697702846;723.3;4770;19.675909090909087;712.8759090909091;Line 240;1;59.0034973616609
-23.581711145;-46.697449137;722.3;4740;19.55216123499142;712.7521612349915;Line 240;1;59.0034973616609
-23.581574407;-46.697195428;723.5;4710;19.42841337907375;712.6284133790738;Line 240;1;59.0034973616609
-23.581437668;-46.696941721;724.6;4680;19.304665523156086;712.5046655231562;Line 240;1;59.0034973616609
-23.581300928;-46.696688013;725.5;4650;19.18091766723842;712.3809176672385;Line 240;1;59.0034973616609
-23.581164189;-46.696434306;725.0;4620;19.05716981132075;712.2571698113208;Line 240;1;59.0034973616609
-23.581027448;-46.6961806;724.5;4590;18.933421955403084;712.1334219554032;Line 240;1;59.0034973616609
-23.580890707;-46.695926894;724.1;4560;18.809674099485413;712.0096740994854;Line 240;1;59.0034973616609
-23.580753966;-46.695673188;723.7;4530;18.68592624356775;711.8859262435678;Line 240;1;59.0034973616609
-23.580617224;-46.695419483;723.0;4500;18.562178387650082;711.7621783876501;Line 240;1;59.0034973616609
-23.580480482;-46.695165779;721.9;4470;18.438430531732415;711.6384305317324;Line 240;1;59.0034973616609
-23.58034374;-46.694912075;720.9;4440;18.314682675814748;711.5146826758148;Line 240;1;59.0034973616609
-23.580206997;-46.694658372;720.9;4410;18.190934819897077;711.3909348198971;Line 240;1;59.0034973616609
-23.580070253;-46.694404669;720.9;4380;18.067186963979413;711.2671869639795;Line 240;1;59.0034973616609
-23.579933509;-46.694150966;721.7;4350;17.943439108061746;711.1434391080618;Line 240;1;59.0034973616609
-23.579796765;-46.693897265;726.9;4320;17.81969125214408;711.0196912521441;Line 240;1;59.0034973616609
-23.57966002;-46.693643563;730.8;4290;17.69594339622641;710.8959433962265;Line 240;1;59.0034973616609
-23.579523275;-46.693389862;733.2;4260;17.57219554030874;710.7721955403088;Line 240;1;59.0034973616609
-23.579386529;-46.693136162;733.7;4230;17.448447684391077;710.6484476843912;Line 240;1;59.0034973616609
-23.579249783;-46.692882462;733.4;4200;17.32469982847341;710.5246998284734;Line 240;1;59.0034973616609
-23.579113036;-46.692628763;733.1;4170;17.200951972555742;710.4009519725557;Line 240;1;59.0034973616609
-23.578976289;-46.692375064;732.9;4140;17.077204116638075;710.2772041166381;Line 240;1;59.0034973616609
-23.578839542;-46.692121366;732.2;4110;16.953456260720408;710.1534562607204;Line 240;1;59.0034973616609
-23.578702794;-46.691867668;731.6;4080;16.82970840480274;710.0297084048028;Line 240;1;59.0034973616609
-23.578566045;-46.691613971;731.6;4050;16.705960548885074;709.9059605488851;Line 240;1;59.0034973616609
-23.578429297;-46.691360274;733.3;4020;16.582212692967406;709.7822126929675;Line 240;1;59.0034973616609
-23.578292547;-46.691106577;735.0;3990;16.45846483704974;709.6584648370498;Line 240;1;59.0034973616609
-23.578155798;-46.690852882;735.7;3960;16.334716981132072;709.5347169811321;Line 240;1;59.0034973616609
-23.578019047;-46.690599186;735.6;3930;16.210969125214405;709.4109691252145;Line 240;1;59.0034973616609
-23.577882297;-46.690345492;734.8;3900;16.087221269296737;709.2872212692968;Line 240;1;59.0034973616609
-23.577745546;-46.690091797;733.4;3870;15.963473413379068;709.1634734133792;Line 240;1;59.0034973616609
-23.577608794;-46.689838104;731.9;3840;15.839725557461403;709.0397255574615;Line 240;1;59.0034973616609
-23.577472042;-46.68958441;732.0;3810;15.715977701543737;708.9159777015437;Line 240;1;59.0034973616609
-23.57733529;-46.689330718;733.5;3780;15.592229845626067;708.7922298456261;Line 240;1;59.0034973616609
-23.577198537;-46.689077025;735.2;3750;15.468481989708401;708.6684819897084;Line 240;1;59.0034973616609
-23.577061784;-46.688823334;737.7;3720;15.344734133790732;708.5447341337908;Line 240;1;59.0034973616609
-23.57692503;-46.688569643;740.9;3690;15.220986277873067;708.4209862778731;Line 240;1;59.0034973616609
-23.576788276;-46.688315952;744.4;3660;15.097238421955401;708.2972384219554;Line 240;1;59.0034973616609
-23.576651521;-46.688062262;745.5;3630;14.973490566037732;708.1734905660378;Line 240;1;59.0034973616609
-23.576514766;-46.687808572;744.5;3600;14.849742710120065;708.0497427101201;Line 240;1;59.0034973616609
-23.57637801;-46.687554883;742.8;3570;14.725994854202398;707.9259948542025;Line 240;1;59.0034973616609
-23.576241254;-46.687301194;738.5;3540;14.60224699828473;707.8022469982848;Line 240;1;59.0034973616609
-23.576104498;-46.687047506;734.6;3510;14.478499142367063;707.6784991423671;Line 240;1;59.0034973616609
-23.575967741;-46.686793818;731.9;3480;14.354751286449396;707.5547512864495;Line 240;1;59.0034973616609
-23.575830984;-46.686540131;731.3;3450;14.231003430531729;707.4310034305317;Line 240;1;59.0034973616609
-23.575694226;-46.686286444;732.3;3420;14.107255574614062;707.3072555746141;Line 240;1;59.0034973616609
-23.575557468;-46.686032758;733.0;3390;13.983507718696394;707.1835077186964;Line 240;1;59.0034973616609
-23.575420709;-46.685779073;733.5;3360;13.859759862778729;707.0597598627787;Line 240;1;59.0034973616609
-23.57528395;-46.685525388;733.7;3330;13.73601200686106;706.9360120068611;Line 240;1;59.0034973616609
-23.57514719;-46.685271703;734.1;3300;13.612264150943393;706.8122641509434;Line 240;1;59.0034973616609
-23.57501043;-46.685018019;734.9;3270;13.488516295025725;706.6885162950258;Line 240;1;59.0034973616609
-23.57487367;-46.684764335;736.0;3240;13.364768439108058;706.5647684391081;Line 240;1;59.0034973616609
-23.574736909;-46.684510652;736.9;3210;13.241020583190393;706.4410205831905;Line 240;1;59.0034973616609
-23.574600148;-46.68425697;737.7;3180;13.117272727272724;706.3172727272728;Line 240;1;59.0034973616609
-23.574463386;-46.684003287;737.7;3150;12.993524871355056;706.1935248713551;Line 240;1;59.0034973616609
-23.574326624;-46.683749606;737.4;3120;12.86977701543739;706.0697770154375;Line 240;1;59.0034973616609
-23.574189861;-46.683495925;737.2;3090;12.746029159519722;705.9460291595198;Line 240;1;59.0034973616609
-23.574053098;-46.683242244;737.3;3060;12.622281303602056;705.8222813036022;Line 240;1;59.0034973616609
-23.573916334;-46.682988564;737.5;3030;12.498533447684387;705.6985334476844;Line 240;1;59.0034973616609
-23.57377957;-46.682734885;737.7;3000;12.37478559176672;705.5747855917667;Line 240;1;59.0034973616609
-23.573642806;-46.682481206;737.9;2970;12.251037735849053;705.4510377358491;Line 240;1;59.0034973616609
-23.573506041;-46.682227527;738.8;2940;12.127289879931388;705.3272898799314;Line 240;1;59.0034973616609
-23.573369275;-46.681973849;739.6;2910;12.00354202401372;705.2035420240138;Line 240;1;59.0034973616609
-23.57323251;-46.681720172;739.9;2880;11.879794168096051;705.0797941680961;Line 240;1;59.0034973616609
-23.573095743;-46.681466495;740.4;2850;11.756046312178384;704.9560463121784;Line 240;1;59.0034973616609
-23.572958977;-46.681212818;741.3;2820;11.632298456260717;704.8322984562608;Line 240;1;59.0034973616609
-23.572822209;-46.680959142;742.4;2790;11.508550600343051;704.7085506003431;Line 240;1;59.0034973616609
-23.572685442;-46.680705467;743.0;2760;11.384802744425384;704.5848027444255;Line 240;1;59.0034973616609
-23.572548674;-46.680451792;742.6;2730;11.261054888507715;704.4610548885078;Line 240;1;59.0034973616609
-23.572411905;-46.680198117;742.2;2700;11.137307032590048;704.33730703259;Line 240;1;59.0034973616609
-23.572275136;-46.679944443;742.5;2670;11.013559176672382;704.2135591766724;Line 240;1;59.0034973616609
-23.572138367;-46.67969077;743.0;2640;10.889811320754715;704.0898113207547;Line 240;1;59.0034973616609
-23.572001597;-46.679437097;743.0;2610;10.766063464837048;703.9660634648371;Line 240;1;59.0034973616609
-23.571864827;-46.679183424;742.6;2580;10.642315608919379;703.8423156089194;Line 240;1;59.0034973616609
-23.571728056;-46.678929752;743.2;2550;10.518567753001712;703.7185677530017;Line 240;1;59.0034973616609
-23.571591285;-46.678676081;743.9;2520;10.394819897084046;703.5948198970841;Line 240;1;59.0034973616609
-23.571454513;-46.67842241;744.7;2490;10.271072041166379;703.4710720411664;Line 240;1;59.0034973616609
-23.571317741;-46.67816874;745.4;2460;10.147324185248712;703.3473241852488;Line 240;1;59.0034973616609
-23.571180969;-46.67791507;746.0;2430;10.023576329331043;703.2235763293311;Line 240;1;59.0034973616609
-23.571044196;-46.6776614;746.4;2400;9.899828473413375;703.0998284734134;Line 240;1;59.0034973616609
-23.570907422;-46.677407732;747.0;2370;9.77608061749571;702.9760806174958;Line 240;1;59.0034973616609
-23.570770648;-46.677154063;747.9;2340;9.652332761578043;702.852332761578;Line 240;1;59.0034973616609
-23.570633874;-46.676900395;748.7;2310;9.528584905660376;702.7285849056605;Line 240;1;59.0034973616609
-23.570497099;-46.676646728;749.4;2280;9.404837049742707;702.6048370497427;Line 240;1;59.0034973616609
-23.570360324;-46.676393061;749.8;2250;9.281089193825041;702.4810891938251;Line 240;1;59.0034973616609
-23.570223548;-46.676139395;750.2;2220;9.157341337907374;702.3573413379074;Line 240;1;59.0034973616609
-23.570086772;-46.675885729;750.7;2190;9.033593481989707;702.2335934819897;Line 240;1;59.0034973616609
-23.569949996;-46.675632064;751.2;2160;8.90984562607204;702.1098456260721;Line 240;1;59.0034973616609
-23.569813219;-46.675378399;751.4;2130;8.78609777015437;701.9860977701544;Line 240;1;59.0034973616609
-23.569676441;-46.675124734;751.5;2100;8.662349914236705;701.8623499142368;Line 240;1;59.0034973616609
-23.569539664;-46.674871071;751.6;2070;8.538602058319038;701.7386020583191;Line 240;1;59.0034973616609
-23.569402885;-46.674617407;752.1;2040;8.41485420240137;701.6148542024014;Line 240;1;59.0034973616609
-23.569266106;-46.674363745;753.0;2010;8.291106346483703;701.4911063464838;Line 240;1;59.0034973616609
-23.569129327;-46.674110082;753.9;1980;8.167358490566036;701.3673584905661;Line 240;1;59.0034973616609
-23.568992548;-46.67385642;753.6;1950;8.043610634648369;701.2436106346485;Line 240;1;59.0034973616609
-23.568855767;-46.673602759;753.3;1920;7.919862778730701;701.1198627787307;Line 240;1;59.0034973616609
-23.568718987;-46.673349098;753.0;1890;7.796114922813033;700.996114922813;Line 240;1;59.0034973616609
-23.568582206;-46.673095438;752.6;1860;7.672367066895366;700.8723670668954;Line 240;1;59.0034973616609
-23.568445424;-46.672841778;752.3;1830;7.548619210977701;700.7486192109777;Line 240;1;59.0034973616609
-23.568308643;-46.672588119;752.1;1800;7.4248713550600325;700.6248713550601;Line 240;1;59.0034973616609
-23.56817186;-46.67233446;752.4;1770;7.301123499142365;700.5011234991424;Line 240;1;59.0034973616609
-23.568035077;-46.672080802;752.8;1740;7.177375643224698;700.3773756432247;Line 240;1;59.0034973616609
-23.567898294;-46.671827145;753.2;1710;7.053627787307031;700.2536277873071;Line 240;1;59.0034973616609
-23.567761511;-46.671573487;753.0;1680;6.929879931389364;700.1298799313894;Line 240;1;59.0034973616609
-23.567624726;-46.671319831;752.0;1650;6.806132075471696;700.0061320754718;Line 240;1;59.0034973616609
-23.567487942;-46.671066174;750.9;1620;6.682384219554029;699.8823842195541;Line 240;1;59.0034973616609
-23.567351157;-46.670812519;750.8;1590;6.558636363636362;699.7586363636364;Line 240;1;59.0034973616609
-23.567214371;-46.670558864;752.6;1560;6.434888507718695;699.6348885077188;Line 240;1;59.0034973616609
-23.567077585;-46.670305209;754.6;1530;6.311140651801028;699.511140651801;Line 240;1;59.0034973616609
-23.566940799;-46.670051555;756.8;1500;6.18739279588336;699.3873927958834;Line 240;1;59.0034973616609
-23.566804012;-46.669797901;757.4;1470;6.063644939965694;699.2636449399657;Line 240;1;59.0034973616609
-23.566667225;-46.669544248;757.4;1440;5.939897084048026;699.139897084048;Line 240;1;59.0034973616609
-23.566530437;-46.669290595;757.4;1410;5.816149228130358;699.0161492281304;Line 240;1;59.0034973616609
-23.566393649;-46.669036943;758.3;1380;5.692401372212692;698.8924013722127;Line 240;1;59.0034973616609
-23.566256861;-46.668783292;759.7;1350;5.568653516295024;698.7686535162951;Line 240;1;59.0034973616609
-23.566120072;-46.66852964;760.7;1320;5.444905660377358;698.6449056603774;Line 240;1;59.0034973616609
-23.565983282;-46.66827599;761.6;1290;5.3211578044596894;698.5211578044598;Line 240;1;59.0034973616609
-23.565846492;-46.66802234;762.0;1260;5.197409948542023;698.3974099485421;Line 240;1;59.0034973616609
-23.565709702;-46.66776869;762.7;1230;5.073662092624356;698.2736620926244;Line 240;1;59.0034973616609
-23.565572911;-46.667515041;763.6;1200;4.949914236706688;698.1499142367068;Line 240;1;59.0034973616609
-23.56543612;-46.667261392;765.7;1170;4.826166380789021;698.026166380789;Line 240;1;59.0034973616609
-23.565299328;-46.667007744;767.4;1140;4.702418524871353;697.9024185248715;Line 240;1;59.0034973616609
-23.565162536;-46.666754097;768.7;1110;4.578670668953687;697.7786706689537;Line 240;1;59.0034973616609
-23.565025743;-46.66650045;769.6;1080;4.45492281303602;697.654922813036;Line 240;1;59.0034973616609
-23.56488895;-46.666246803;770.6;1050;4.331174957118352;697.5311749571184;Line 240;1;59.0034973616609
-23.564752157;-46.665993157;771.5;1020;4.207427101200685;697.4074271012007;Line 240;1;59.0034973616609
-23.564615363;-46.665739512;772.0;990;4.083679245283018;697.2836792452831;Line 240;1;59.0034973616609
-23.564478568;-46.665485867;772.6;960;3.9599313893653507;697.1599313893654;Line 240;1;59.0034973616609
-23.564341773;-46.665232222;773.8;930;3.836183533447683;697.0361835334477;Line 240;1;59.0034973616609
-23.564204978;-46.664978578;775.7;900;3.7124356775300162;696.9124356775301;Line 240;1;59.0034973616609
-23.564068182;-46.664724934;776.8;870;3.588687821612349;696.7886878216124;Line 240;1;59.0034973616609
-23.563931386;-46.664471291;777.8;840;3.464939965694682;696.6649399656948;Line 240;1;59.0034973616609
-23.56379459;-46.664217649;779.1;810;3.3411921097770145;696.5411921097771;Line 240;1;59.0034973616609
-23.563657793;-46.663964007;783.2;780;3.2174442538593473;696.4174442538593;Line 240;1;59.0034973616609
-23.563520995;-46.663710366;788.0;750;3.09369639794168;696.2936963979417;Line 240;1;59.0034973616609
-23.563384197;-46.663456725;792.8;720;2.969948542024013;696.169948542024;Line 240;1;59.0034973616609
-23.563247399;-46.663203084;795.9;690;2.846200686106346;696.0462006861064;Line 240;1;59.0034973616609
-23.5631106;-46.662949444;798.5;660;2.722452830188679;695.9224528301887;Line 240;1;59.0034973616609
-23.562973801;-46.662695805;802.0;630;2.5987049742710115;695.798704974271;Line 240;1;59.0034973616609
-23.562837001;-46.662442166;807.0;600;2.474957118353344;695.6749571183534;Line 240;1;59.0034973616609
-23.562700201;-46.662188527;814.9;570;2.3512092624356766;695.5512092624357;Line 240;1;59.0034973616609
-23.5625634;-46.661934889;824.4;540;2.22746140651801;695.4274614065181;Line 240;1;59.0034973616609
-23.562426599;-46.661681252;832.3;510;2.1037135506003426;695.3037135506004;Line 240;1;59.0034973616609
-23.562289797;-46.661427615;830.3;480;1.9799656946826754;695.1799656946827;Line 240;1;59.0034973616609
-23.562152995;-46.661173979;828.9;450;1.8562178387650081;695.0562178387651;Line 240;1;59.0034973616609
-23.562016193;-46.660920343;828.4;420;1.732469982847341;694.9324699828474;Line 240;1;59.0034973616609
-23.56187939;-46.660666707;829.5;390;1.6087221269296736;694.8087221269298;Line 240;1;59.0034973616609
-23.561742587;-46.660413073;831.6;360;1.4849742710120064;694.684974271012;Line 240;1;59.0034973616609
-23.561605783;-46.660159438;833.4;330;1.3612264150943394;694.5612264150944;Line 240;1;59.0034973616609
-23.561468979;-46.659905804;833.1;300;1.237478559176672;694.4374785591767;Line 240;1;59.0034973616609
-23.561332174;-46.659652171;832.0;270;1.113730703259005;694.313730703259;Line 240;1;59.0034973616609
-23.561195369;-46.659398538;832.0;240;0.9899828473413377;694.1899828473414;Line 240;1;59.0034973616609
-23.561058564;-46.659144906;833.0;210;0.8662349914236706;694.0662349914237;Line 240;1;59.0034973616609
-23.560921758;-46.658891274;834.7;180;0.7424871355060032;693.9424871355061;Line 240;1;59.0034973616609
-23.560784951;-46.658637643;836.3;150;0.618739279588336;693.8187392795884;Line 240;1;59.0034973616609
-23.560648144;-46.658384012;837.4;120;0.49499142367066884;693.6949914236707;Line 240;1;59.0034973616609
-23.560511337;-46.658130381;840.3;90;0.3712435677530016;693.5712435677531;Line 240;1;59.0034973616609
-23.560374529;-46.657876752;843.9;60;0.24749571183533442;693.4474957118354;Line 240;1;59.0034973616609
-23.560237721;-46.657623122;847.5;30;0.12374785591766721;693.3237478559178;Line 240;1;59.0034973616609
-23.560100912;-46.657369494;846.2;0;0.0;693.2;Line 240;1;59.0034973616609
