latitude;longitude;altitude (m);distance_m;alt_x;alt_y;name;obstrucao;angle 
-22.928458632;-46.625450583;850.6;69960;130.17999999999995;981.78;Line 3;0;181.968503389179
-22.928729265;-46.625463861;846.1;69930;130.12417667238418;981.7241766723841;Line 3;0;181.968503389179
-22.928999899;-46.625477138;841.4;69900;130.06835334476838;981.6683533447684;Line 3;0;181.968503389179
-22.929270532;-46.625490416;838.1;69870;130.0125300171526;981.6125300171526;Line 3;0;181.968503389179
-22.929541166;-46.625503694;837.0;69840;129.95670668953684;981.5567066895369;Line 3;0;181.968503389179
-22.929811799;-46.625516972;835.9;69810;129.90088336192105;981.5008833619211;Line 3;0;181.968503389179
-22.930082433;-46.62553025;836.6;69780;129.84506003430528;981.4450600343052;Line 3;0;181.968503389179
-22.930353066;-46.625543528;841.0;69750;129.78923670668948;981.3892367066895;Line 3;0;181.968503389179
-22.930623699;-46.625556806;845.5;69720;129.7334133790737;981.3334133790737;Line 3;0;181.968503389179
-22.930894333;-46.625570084;849.8;69690;129.67759005145794;981.277590051458;Line 3;0;181.968503389179
-22.931164966;-46.625583363;853.4;69660;129.62176672384214;981.2217667238422;Line 3;0;181.968503389179
-22.9314356;-46.625596641;857.0;69630;129.56594339622637;981.1659433962263;Line 3;0;181.968503389179
-22.931706233;-46.625609919;860.5;69600;129.51012006861058;981.1101200686106;Line 3;0;181.968503389179
-22.931976866;-46.625623198;863.1;69570;129.4542967409948;981.0542967409948;Line 3;0;181.968503389179
-22.9322475;-46.625636477;865.6;69540;129.39847341337904;980.9984734133791;Line 3;0;181.968503389179
-22.932518133;-46.625649756;868.2;69510;129.34265008576324;980.9426500857633;Line 3;0;181.968503389179
-22.932788767;-46.625663034;871.7;69480;129.28682675814747;980.8868267581474;Line 3;0;181.968503389179
-22.9330594;-46.625676313;875.2;69450;129.23100343053167;980.8310034305317;Line 3;0;181.968503389179
-22.933330033;-46.625689592;878.8;69420;129.1751801029159;980.7751801029159;Line 3;0;181.968503389179
-22.933600666;-46.625702872;882.2;69390;129.11935677530013;980.7193567753002;Line 3;0;181.968503389179
-22.9338713;-46.625716151;885.6;69360;129.06353344768434;980.6635334476844;Line 3;0;181.968503389179
-22.934141933;-46.62572943;888.9;69330;129.00771012006857;980.6077101200685;Line 3;0;181.968503389179
-22.934412566;-46.625742709;887.5;69300;128.95188679245277;980.5518867924528;Line 3;0;181.968503389179
-22.9346832;-46.625755989;885.6;69270;128.896063464837;980.496063464837;Line 3;0;181.968503389179
-22.934953833;-46.625769269;884.0;69240;128.84024013722123;980.4402401372213;Line 3;0;181.968503389179
-22.935224466;-46.625782548;876.4;69210;128.78441680960546;980.3844168096055;Line 3;0;181.968503389179
-22.935495099;-46.625795828;867.6;69180;128.72859348198966;980.3285934819896;Line 3;0;181.968503389179
-22.935765732;-46.625809108;858.9;69150;128.67277015437386;980.2727701543739;Line 3;0;181.968503389179
-22.936036366;-46.625822388;850.6;69120;128.6169468267581;980.2169468267581;Line 3;0;181.968503389179
-22.936306999;-46.625835668;842.2;69090;128.56112349914233;980.1611234991424;Line 3;0;181.968503389179
-22.936577632;-46.625848948;833.6;69060;128.50530017152656;980.1053001715266;Line 3;0;181.968503389179
-22.936848265;-46.625862228;828.5;69030;128.44947684391076;980.0494768439107;Line 3;0;181.968503389179
-22.937118898;-46.625875508;825.0;69000;128.39365351629496;979.993653516295;Line 3;0;181.968503389179
-22.937389531;-46.625888789;821.5;68970;128.3378301886792;979.9378301886792;Line 3;0;181.968503389179
-22.937660164;-46.625902069;818.5;68940;128.28200686106342;979.8820068610635;Line 3;0;181.968503389179
-22.937930798;-46.62591535;815.9;68910;128.22618353344765;979.8261835334476;Line 3;0;181.968503389179
-22.938201431;-46.62592863;813.5;68880;128.17036020583186;979.7703602058318;Line 3;0;181.968503389179
-22.938472064;-46.625941911;811.9;68850;128.11453687821606;979.7145368782161;Line 3;0;181.968503389179
-22.938742697;-46.625955192;811.1;68820;128.0587135506003;979.6587135506003;Line 3;0;181.968503389179
-22.93901333;-46.625968473;810.4;68790;128.00289022298452;979.6028902229846;Line 3;0;181.968503389179
-22.939283963;-46.625981754;809.7;68760;127.94706689536874;979.5470668953687;Line 3;0;181.968503389179
-22.939554596;-46.625995035;809.0;68730;127.89124356775295;979.4912435677529;Line 3;0;181.968503389179
-22.939825229;-46.626008316;808.3;68700;127.83542024013717;979.4354202401372;Line 3;0;181.968503389179
-22.940095862;-46.626021597;808.8;68670;127.77959691252138;979.3795969125214;Line 3;0;181.968503389179
-22.940366495;-46.626034879;811.1;68640;127.72377358490563;979.3237735849057;Line 3;0;181.968503389179
-22.940637128;-46.62604816;813.4;68610;127.66795025728983;979.2679502572898;Line 3;0;181.968503389179
-22.940907761;-46.626061442;816.2;68580;127.61212692967405;979.212126929674;Line 3;0;181.968503389179
-22.941178394;-46.626074723;820.3;68550;127.55630360205826;979.1563036020583;Line 3;0;181.968503389179
-22.941449027;-46.626088005;824.3;68520;127.50048027444248;979.1004802744425;Line 3;0;181.968503389179
-22.94171966;-46.626101287;827.9;68490;127.44465694682673;979.0446569468268;Line 3;0;181.968503389179
-22.941990292;-46.626114569;829.5;68460;127.38883361921094;978.9888336192109;Line 3;0;181.968503389179
-22.942260925;-46.626127851;831.1;68430;127.33301029159514;978.9330102915951;Line 3;0;181.968503389179
-22.942531558;-46.626141133;831.6;68400;127.27718696397936;978.8771869639794;Line 3;0;181.968503389179
-22.942802191;-46.626154415;824.4;68370;127.22136363636358;978.8213636363636;Line 3;0;181.968503389179
-22.943072824;-46.626167697;817.3;68340;127.16554030874782;978.7655403087479;Line 3;0;181.968503389179
-22.943343457;-46.62618098;810.3;68310;127.10971698113204;978.709716981132;Line 3;0;181.968503389179
-22.94361409;-46.626194262;807.1;68280;127.05389365351624;978.6538936535162;Line 3;0;181.968503389179
-22.943884722;-46.626207544;804.0;68250;126.99807032590046;978.5980703259005;Line 3;0;181.968503389179
-22.944155355;-46.626220827;801.1;68220;126.94224699828467;978.5422469982847;Line 3;0;181.968503389179
-22.944425988;-46.62623411;802.2;68190;126.88642367066892;978.486423670669;Line 3;0;181.968503389179
-22.944696621;-46.626247393;803.5;68160;126.83060034305313;978.4306003430531;Line 3;0;181.968503389179
-22.944967253;-46.626260675;805.0;68130;126.77477701543735;978.3747770154374;Line 3;0;181.968503389179
-22.945237886;-46.626273958;808.4;68100;126.71895368782155;978.3189536878216;Line 3;0;181.968503389179
-22.945508519;-46.626287241;812.0;68070;126.66313036020577;978.2631303602058;Line 3;0;181.968503389179
-22.945779152;-46.626300525;815.7;68040;126.60730703259001;978.20730703259;Line 3;0;181.968503389179
-22.946049784;-46.626313808;816.5;68010;126.55148370497423;978.1514837049742;Line 3;0;181.968503389179
-22.946320417;-46.626327091;816.7;67980;126.49566037735845;978.0956603773585;Line 3;0;181.968503389179
-22.94659105;-46.626340374;816.8;67950;126.43983704974265;978.0398370497427;Line 3;0;181.968503389179
-22.946861682;-46.626353658;818.9;67920;126.38401372212687;977.9840137221269;Line 3;0;181.968503389179
-22.947132315;-46.626366941;821.6;67890;126.32819039451111;977.9281903945111;Line 3;0;181.968503389179
-22.947402948;-46.626380225;824.3;67860;126.27236706689533;977.8723670668953;Line 3;0;181.968503389179
-22.94767358;-46.626393509;827.4;67830;126.21654373927954;977.8165437392796;Line 3;0;181.968503389179
-22.947944213;-46.626406793;830.6;67800;126.16072041166376;977.7607204116638;Line 3;0;181.968503389179
-22.948214846;-46.626420077;833.7;67770;126.10489708404796;977.704897084048;Line 3;0;181.968503389179
-22.948485478;-46.626433361;837.7;67740;126.04907375643221;977.6490737564322;Line 3;0;181.968503389179
-22.948756111;-46.626446645;842.2;67710;125.99325042881642;977.5932504288164;Line 3;0;181.968503389179
-22.949026743;-46.626459929;846.7;67680;125.93742710120064;977.5374271012007;Line 3;0;181.968503389179
-22.949297376;-46.626473213;850.9;67650;125.88160377358486;977.4816037735849;Line 3;0;181.968503389179
-22.949568008;-46.626486498;854.7;67620;125.82578044596907;977.425780445969;Line 3;0;181.968503389179
-22.949838641;-46.626499782;858.7;67590;125.7699571183533;977.3699571183533;Line 3;0;181.968503389179
-22.950109273;-46.626513067;861.2;67560;125.71413379073752;977.3141337907375;Line 3;0;181.968503389179
-22.950379906;-46.626526351;861.7;67530;125.65831046312174;977.2583104631218;Line 3;0;181.968503389179
-22.950650538;-46.626539636;862.2;67500;125.60248713550595;977.202487135506;Line 3;0;181.968503389179
-22.950921171;-46.626552921;863.2;67470;125.54666380789017;977.1466638078901;Line 3;0;181.968503389179
-22.951191803;-46.626566206;865.0;67440;125.4908404802744;977.0908404802744;Line 3;0;181.968503389179
-22.951462436;-46.626579491;866.9;67410;125.43501715265862;977.0350171526586;Line 3;0;181.968503389179
-22.951733068;-46.626592776;868.8;67380;125.37919382504283;976.9791938250429;Line 3;0;181.968503389179
-22.952003701;-46.626606061;871.2;67350;125.32337049742705;976.9233704974271;Line 3;0;181.968503389179
-22.952274333;-46.626619346;873.5;67320;125.26754716981127;976.8675471698112;Line 3;0;181.968503389179
-22.952544965;-46.626632632;875.7;67290;125.2117238421955;976.8117238421955;Line 3;0;181.968503389179
-22.952815598;-46.626645917;876.5;67260;125.15590051457971;976.7559005145797;Line 3;0;181.968503389179
-22.95308623;-46.626659203;877.3;67230;125.10007718696393;976.700077186964;Line 3;0;181.968503389179
-22.953356863;-46.626672488;877.9;67200;125.04425385934815;976.6442538593482;Line 3;0;181.968503389179
-22.953627495;-46.626685774;876.3;67170;124.98843053173236;976.5884305317323;Line 3;0;181.968503389179
-22.953898127;-46.62669906;874.6;67140;124.93260720411661;976.5326072041166;Line 3;0;181.968503389179
-22.954168759;-46.626712346;872.8;67110;124.87678387650081;976.4767838765008;Line 3;0;181.968503389179
-22.954439392;-46.626725632;870.6;67080;124.82096054888503;976.4209605488851;Line 3;0;181.968503389179
-22.954710024;-46.626738918;868.5;67050;124.76513722126924;976.3651372212693;Line 3;0;181.968503389179
-22.954980656;-46.626752204;866.2;67020;124.70931389365346;976.3093138936534;Line 3;0;181.968503389179
-22.955251289;-46.62676549;866.9;66990;124.6534905660377;976.2534905660377;Line 3;0;181.968503389179
-22.955521921;-46.626778776;867.9;66960;124.5976672384219;976.1976672384219;Line 3;0;181.968503389179
-22.955792553;-46.626792063;868.9;66930;124.54184391080612;976.1418439108062;Line 3;0;181.968503389179
-22.956063185;-46.626805349;872.4;66900;124.48602058319034;976.0860205831904;Line 3;0;181.968503389179
-22.956333818;-46.626818636;876.3;66870;124.43019725557456;976.0301972555745;Line 3;0;181.968503389179
-22.95660445;-46.626831923;880.3;66840;124.3743739279588;975.9743739279588;Line 3;0;181.968503389179
-22.956875082;-46.626845209;886.6;66810;124.31855060034302;975.918550600343;Line 3;0;181.968503389179
-22.957145714;-46.626858496;893.7;66780;124.26272727272722;975.8627272727273;Line 3;0;181.968503389179
-22.957416346;-46.626871783;900.6;66750;124.20690394511143;975.8069039451115;Line 3;0;181.968503389179
-22.957686978;-46.62688507;900.7;66720;124.15108061749565;975.7510806174956;Line 3;0;181.968503389179
-22.957957611;-46.626898357;897.6;66690;124.0952572898799;975.6952572898799;Line 3;0;181.968503389179
-22.958228243;-46.626911645;894.5;66660;124.03943396226411;975.6394339622641;Line 3;0;181.968503389179
-22.958498875;-46.626924932;888.7;66630;123.98361063464833;975.5836106346484;Line 3;0;181.968503389179
-22.958769507;-46.626938219;881.2;66600;123.92778730703253;975.5277873070326;Line 3;0;181.968503389179
-22.959040139;-46.626951507;873.7;66570;123.87196397941675;975.4719639794167;Line 3;0;181.968503389179
-22.959310771;-46.626964794;870.2;66540;123.81614065180099;975.416140651801;Line 3;0;181.968503389179
-22.959581403;-46.626978082;870.3;66510;123.76031732418521;975.3603173241852;Line 3;0;181.968503389179
-22.959852035;-46.62699137;870.4;66480;123.70449399656943;975.3044939965695;Line 3;0;181.968503389179
-22.960122667;-46.627004658;869.8;66450;123.64867066895363;975.2486706689537;Line 3;0;181.968503389179
-22.960393299;-46.627017946;868.3;66420;123.59284734133784;975.1928473413378;Line 3;0;181.968503389179
-22.960663931;-46.627031234;866.7;66390;123.53702401372209;975.1370240137221;Line 3;0;181.968503389179
-22.960934563;-46.627044522;865.7;66360;123.4812006861063;975.0812006861063;Line 3;0;181.968503389179
-22.961205195;-46.62705781;865.8;66330;123.42537735849052;975.0253773584906;Line 3;0;181.968503389179
-22.961475827;-46.627071098;866.0;66300;123.36955403087474;974.9695540308747;Line 3;0;181.968503389179
-22.961746459;-46.627084387;865.1;66270;123.31373070325894;974.9137307032589;Line 3;0;181.968503389179
-22.962017091;-46.627097675;862.0;66240;123.25790737564319;974.8579073756432;Line 3;0;181.968503389179
-22.962287723;-46.627110964;858.9;66210;123.2020840480274;974.8020840480274;Line 3;0;181.968503389179
-22.962558355;-46.627124252;855.6;66180;123.14626072041162;974.7462607204117;Line 3;0;181.968503389179
-22.962828987;-46.627137541;850.8;66150;123.09043739279583;974.6904373927958;Line 3;0;181.968503389179
-22.963099619;-46.62715083;846.0;66120;123.03461406518005;974.6346140651801;Line 3;0;181.968503389179
-22.96337025;-46.627164119;841.8;66090;122.97879073756428;974.5787907375643;Line 3;0;181.968503389179
-22.963640882;-46.627177408;841.9;66060;122.9229674099485;974.5229674099485;Line 3;0;181.968503389179
-22.963911514;-46.627190697;841.9;66030;122.86714408233271;974.4671440823328;Line 3;0;181.968503389179
-22.964182146;-46.627203986;841.7;66000;122.81132075471693;974.4113207547169;Line 3;0;181.968503389179
-22.964452778;-46.627217275;837.5;65970;122.75549742710115;974.3554974271012;Line 3;0;181.968503389179
-22.96472341;-46.627230565;833.2;65940;122.69967409948538;974.2996740994854;Line 3;0;181.968503389179
-22.964994041;-46.627243854;828.9;65910;122.6438507718696;974.2438507718696;Line 3;0;181.968503389179
-22.965264673;-46.627257144;831.1;65880;122.58802744425381;974.1880274442539;Line 3;0;181.968503389179
-22.965535305;-46.627270433;833.5;65850;122.53220411663803;974.132204116638;Line 3;0;181.968503389179
-22.965805937;-46.627283723;836.1;65820;122.47638078902224;974.0763807890223;Line 3;0;181.968503389179
-22.966076568;-46.627297013;836.3;65790;122.42055746140647;974.0205574614065;Line 3;0;181.968503389179
-22.9663472;-46.627310303;836.4;65760;122.36473413379069;973.9647341337907;Line 3;0;181.968503389179
-22.966617832;-46.627323593;836.4;65730;122.30891080617491;973.908910806175;Line 3;0;181.968503389179
-22.966888464;-46.627336883;833.5;65700;122.25308747855912;973.8530874785591;Line 3;0;181.968503389179
-22.967159095;-46.627350173;829.9;65670;122.19726415094334;973.7972641509434;Line 3;0;181.968503389179
-22.967429727;-46.627363463;826.4;65640;122.14144082332759;973.7414408233276;Line 3;0;181.968503389179
-22.967700359;-46.627376753;821.9;65610;122.08561749571179;973.6856174957118;Line 3;0;181.968503389179
-22.96797099;-46.627390044;817.1;65580;122.029794168096;973.629794168096;Line 3;0;181.968503389179
-22.968241622;-46.627403334;812.4;65550;121.97397084048022;973.5739708404802;Line 3;0;181.968503389179
-22.968512254;-46.627416625;807.4;65520;121.91814751286444;973.5181475128645;Line 3;0;181.968503389179
-22.968782885;-46.627429916;802.3;65490;121.86232418524868;973.4623241852487;Line 3;0;181.968503389179
-22.969053517;-46.627443206;797.2;65460;121.80650085763288;973.4065008576329;Line 3;0;181.968503389179
-22.969324148;-46.627456497;797.2;65430;121.7506775300171;973.3506775300172;Line 3;0;181.968503389179
-22.96959478;-46.627469788;801.1;65400;121.69485420240132;973.2948542024013;Line 3;0;181.968503389179
-22.969865412;-46.627483079;804.9;65370;121.63903087478553;973.2390308747856;Line 3;0;181.968503389179
-22.970136043;-46.62749637;808.3;65340;121.58320754716978;973.1832075471698;Line 3;0;181.968503389179
-22.970406675;-46.627509662;810.8;65310;121.527384219554;973.127384219554;Line 3;0;181.968503389179
-22.970677306;-46.627522953;813.3;65280;121.4715608919382;973.0715608919382;Line 3;0;181.968503389179
-22.970947938;-46.627536244;816.0;65250;121.41573756432241;973.0157375643224;Line 3;0;181.968503389179
-22.971218569;-46.627549536;818.9;65220;121.35991423670663;972.9599142367067;Line 3;0;181.968503389179
-22.971489201;-46.627562827;821.8;65190;121.30409090909087;972.9040909090909;Line 3;0;181.968503389179
-22.971759832;-46.627576119;824.7;65160;121.24826758147509;972.848267581475;Line 3;0;181.968503389179
-22.972030464;-46.627589411;827.9;65130;121.1924442538593;972.7924442538593;Line 3;0;181.968503389179
-22.972301095;-46.627602703;831.0;65100;121.13662092624351;972.7366209262435;Line 3;0;181.968503389179
-22.972571726;-46.627615995;834.9;65070;121.08079759862773;972.6807975986278;Line 3;0;181.968503389179
-22.972842358;-46.627629287;840.6;65040;121.02497427101197;972.624974271012;Line 3;0;181.968503389179
-22.973112989;-46.627642579;846.4;65010;120.96915094339619;972.5691509433962;Line 3;0;181.968503389179
-22.973383621;-46.627655871;853.0;64980;120.9133276157804;972.5133276157804;Line 3;0;181.968503389179
-22.973654252;-46.627669163;863.1;64950;120.8575042881646;972.4575042881646;Line 3;0;181.968503389179
-22.973924883;-46.627682456;873.2;64920;120.80168096054882;972.4016809605489;Line 3;0;181.968503389179
-22.974195515;-46.627695748;883.0;64890;120.74585763293307;972.3458576329331;Line 3;0;181.968503389179
-22.974466146;-46.627709041;889.6;64860;120.69003430531728;972.2900343053172;Line 3;0;181.968503389179
-22.974736777;-46.627722333;896.3;64830;120.6342109777015;972.2342109777015;Line 3;0;181.968503389179
-22.975007409;-46.627735626;903.1;64800;120.57838765008572;972.1783876500857;Line 3;0;181.968503389179
-22.97527804;-46.627748919;908.5;64770;120.52256432246992;972.12256432247;Line 3;0;181.968503389179
-22.975548671;-46.627762212;914.1;64740;120.46674099485416;972.0667409948542;Line 3;0;181.968503389179
-22.975819303;-46.627775505;920.0;64710;120.41091766723838;972.0109176672383;Line 3;0;181.968503389179
-22.976089934;-46.627788798;926.0;64680;120.3550943396226;971.9550943396226;Line 3;0;181.968503389179
-22.976360565;-46.627802091;932.0;64650;120.29927101200681;971.8992710120068;Line 3;0;181.968503389179
-22.976631196;-46.627815384;937.8;64620;120.24344768439103;971.8434476843911;Line 3;0;181.968503389179
-22.976901828;-46.627828678;942.5;64590;120.18762435677526;971.7876243567753;Line 3;0;181.968503389179
-22.977172459;-46.627841971;946.9;64560;120.13180102915948;971.7318010291594;Line 3;0;181.968503389179
-22.97744309;-46.627855265;951.1;64530;120.07597770154369;971.6759777015437;Line 3;0;181.968503389179
-22.977713721;-46.627868558;955.9;64500;120.02015437392791;971.6201543739279;Line 3;0;181.968503389179
-22.977984352;-46.627881852;960.7;64470;119.96433104631213;971.5643310463122;Line 3;0;181.968503389179
-22.978254983;-46.627895146;965.5;64440;119.90850771869636;971.5085077186964;Line 3;0;181.968503389179
-22.978525615;-46.62790844;971.2;64410;119.85268439108057;971.4526843910805;Line 3;0;181.968503389179
-22.978796246;-46.627921734;977.3;64380;119.79686106346479;971.3968610634648;Line 3;1;181.968503389179
-22.979066877;-46.627935028;983.4;64350;119.74103773584902;971.341037735849;Line 3;1;181.968503389179
-22.979337508;-46.627948322;989.0;64320;119.68521440823324;971.2852144082333;Line 3;1;181.968503389179
-22.979608139;-46.627961616;994.3;64290;119.62939108061744;971.2293910806175;Line 3;1;181.968503389179
-22.97987877;-46.627974911;999.5;64260;119.57356775300167;971.1735677530016;Line 3;1;181.968503389179
-22.980149401;-46.627988205;998.0;64230;119.51774442538589;971.1177444253859;Line 3;1;181.968503389179
-22.980420032;-46.628001499;991.0;64200;119.46192109777012;971.0619210977701;Line 3;1;181.968503389179
-22.980690663;-46.628014794;983.8;64170;119.40609777015433;971.0060977701544;Line 3;1;181.968503389179
-22.980961294;-46.628028089;972.4;64140;119.35027444253855;970.9502744425386;Line 3;1;181.968503389179
-22.981231925;-46.628041384;956.4;64110;119.29445111492277;970.8944511149227;Line 3;0;181.968503389179
-22.981502556;-46.628054678;940.3;64080;119.23862778730698;970.838627787307;Line 3;0;181.968503389179
-22.981773187;-46.628067973;927.5;64050;119.18280445969121;970.7828044596912;Line 3;0;181.968503389179
-22.982043818;-46.628081268;919.9;64020;119.12698113207543;970.7269811320755;Line 3;0;181.968503389179
-22.982314449;-46.628094564;912.3;63990;119.07115780445965;970.6711578044597;Line 3;0;181.968503389179
-22.98258508;-46.628107859;905.2;63960;119.01533447684386;970.6153344768438;Line 3;0;181.968503389179
-22.982855711;-46.628121154;898.8;63930;118.95951114922808;970.5595111492281;Line 3;0;181.968503389179
-22.983126342;-46.62813445;892.4;63900;118.90368782161231;970.5036878216123;Line 3;0;181.968503389179
-22.983396973;-46.628147745;885.8;63870;118.84786449399652;970.4478644939966;Line 3;0;181.968503389179
-22.983667604;-46.628161041;878.6;63840;118.79204116638074;970.3920411663807;Line 3;0;181.968503389179
-22.983938235;-46.628174336;871.4;63810;118.73621783876497;970.336217838765;Line 3;0;181.968503389179
-22.984208866;-46.628187632;865.4;63780;118.68039451114917;970.2803945111492;Line 3;0;181.968503389179
-22.984479496;-46.628200928;866.7;63750;118.6245711835334;970.2245711835334;Line 3;0;181.968503389179
-22.984750127;-46.628214224;868.0;63720;118.56874785591762;970.1687478559177;Line 3;0;181.968503389179
-22.985020758;-46.62822752;869.5;63690;118.51292452830184;970.1129245283018;Line 3;0;181.968503389179
-22.985291389;-46.628240816;870.3;63660;118.45710120068607;970.0571012006861;Line 3;0;181.968503389179
-22.98556202;-46.628254112;871.1;63630;118.40127787307028;970.0012778730703;Line 3;0;181.968503389179
-22.985832651;-46.628267409;871.9;63600;118.3454545454545;969.9454545454545;Line 3;0;181.968503389179
-22.986103281;-46.628280705;877.7;63570;118.28963121783872;969.8896312178388;Line 3;0;181.968503389179
-22.986373912;-46.628294001;883.7;63540;118.23380789022293;969.8338078902229;Line 3;0;181.968503389179
-22.986644543;-46.628307298;889.7;63510;118.17798456260716;969.7779845626072;Line 3;0;181.968503389179
-22.986915174;-46.628320595;895.1;63480;118.12216123499138;969.7221612349914;Line 3;0;181.968503389179
-22.987185804;-46.628333891;900.6;63450;118.0663379073756;969.6663379073756;Line 3;0;181.968503389179
-22.987456435;-46.628347188;906.0;63420;118.01051457975981;969.6105145797599;Line 3;0;181.968503389179
-22.987727066;-46.628360485;904.5;63390;117.95469125214403;969.554691252144;Line 3;0;181.968503389179
-22.987997696;-46.628373782;901.8;63360;117.89886792452826;969.4988679245283;Line 3;0;181.968503389179
-22.988268327;-46.628387079;899.1;63330;117.84304459691248;969.4430445969125;Line 3;0;181.968503389179
-22.988538958;-46.628400376;891.8;63300;117.7872212692967;969.3872212692967;Line 3;0;181.968503389179
-22.988809588;-46.628413674;883.0;63270;117.73139794168091;969.331397941681;Line 3;0;181.968503389179
-22.989080219;-46.628426971;874.3;63240;117.67557461406513;969.2755746140651;Line 3;0;181.968503389179
-22.98935085;-46.628440269;868.5;63210;117.61975128644936;969.2197512864494;Line 3;0;181.968503389179
-22.98962148;-46.628453566;864.0;63180;117.56392795883357;969.1639279588336;Line 3;0;181.968503389179
-22.989892111;-46.628466864;859.5;63150;117.5081046312178;969.1081046312179;Line 3;0;181.968503389179
-22.990162741;-46.628480161;854.9;63120;117.452281303602;969.0522813036021;Line 3;0;181.968503389179
-22.990433372;-46.628493459;850.2;63090;117.39645797598622;968.9964579759862;Line 3;0;181.968503389179
-22.990704003;-46.628506757;845.5;63060;117.34063464837045;968.9406346483705;Line 3;0;181.968503389179
-22.990974633;-46.628520055;842.5;63030;117.28481132075467;968.8848113207547;Line 3;0;181.968503389179
-22.991245264;-46.628533353;840.8;63000;117.2289879931389;968.828987993139;Line 3;0;181.968503389179
-22.991515894;-46.628546651;839.0;62970;117.17316466552312;968.7731646655232;Line 3;0;181.968503389179
-22.991786525;-46.62855995;837.5;62940;117.11734133790732;968.7173413379073;Line 3;0;181.968503389179
-22.992057155;-46.628573248;836.6;62910;117.06151801029155;968.6615180102916;Line 3;0;181.968503389179
-22.992327786;-46.628586546;835.7;62880;117.00569468267577;968.6056946826758;Line 3;0;181.968503389179
-22.992598416;-46.628599845;835.1;62850;116.94987135506;968.5498713550601;Line 3;0;181.968503389179
-22.992869047;-46.628613144;835.0;62820;116.89404802744421;968.4940480274443;Line 3;0;181.968503389179
-22.993139677;-46.628626442;835.0;62790;116.83822469982842;968.4382246998284;Line 3;0;181.968503389179
-22.993410307;-46.628639741;835.3;62760;116.78240137221265;968.3824013722127;Line 3;0;181.968503389179
-22.993680938;-46.62865304;836.7;62730;116.72657804459686;968.3265780445969;Line 3;0;181.968503389179
-22.993951568;-46.628666339;838.3;62700;116.6707547169811;968.2707547169812;Line 3;0;181.968503389179
-22.994222199;-46.628679638;839.5;62670;116.61493138936531;968.2149313893653;Line 3;0;181.968503389179
-22.994492829;-46.628692937;838.9;62640;116.55910806174953;968.1591080617495;Line 3;0;181.968503389179
-22.994763459;-46.628706236;838.4;62610;116.50328473413374;968.1032847341338;Line 3;0;181.968503389179
-22.99503409;-46.628719536;838.0;62580;116.44746140651796;968.047461406518;Line 3;0;181.968503389179
-22.99530472;-46.628732835;836.1;62550;116.39163807890219;967.9916380789023;Line 3;0;181.968503389179
-22.99557535;-46.628746135;834.3;62520;116.3358147512864;967.9358147512864;Line 3;0;181.968503389179
-22.995845981;-46.628759434;832.6;62490;116.27999142367062;967.8799914236706;Line 3;0;181.968503389179
-22.996116611;-46.628772734;830.3;62460;116.22416809605484;967.8241680960549;Line 3;0;181.968503389179
-22.996387241;-46.628786034;827.9;62430;116.16834476843906;967.7683447684391;Line 3;0;181.968503389179
-22.996657872;-46.628799334;825.5;62400;116.11252144082329;967.7125214408234;Line 3;0;181.968503389179
-22.996928502;-46.628812633;821.3;62370;116.0566981132075;967.6566981132075;Line 3;0;181.968503389179
-22.997199132;-46.628825934;817.0;62340;116.00087478559172;967.6008747855917;Line 3;0;181.968503389179
-22.997469762;-46.628839234;812.6;62310;115.94505145797595;967.545051457976;Line 3;0;181.968503389179
-22.997740392;-46.628852534;808.2;62280;115.88922813036015;967.4892281303602;Line 3;0;181.968503389179
-22.998011023;-46.628865834;803.6;62250;115.83340480274438;967.4334048027445;Line 3;0;181.968503389179
-22.998281653;-46.628879135;798.9;62220;115.7775814751286;967.3775814751286;Line 3;0;181.968503389179
-22.998552283;-46.628892435;797.8;62190;115.72175814751282;967.3217581475128;Line 3;0;181.968503389179
-22.998822913;-46.628905736;797.5;62160;115.66593481989705;967.2659348198971;Line 3;0;181.968503389179
-22.999093543;-46.628919036;797.2;62130;115.61011149228126;967.2101114922813;Line 3;0;181.968503389179
-22.999364174;-46.628932337;798.9;62100;115.55428816466548;967.1542881646656;Line 3;0;181.968503389179
-22.999634804;-46.628945638;801.3;62070;115.4984648370497;967.0984648370497;Line 3;0;181.968503389179
-22.999905434;-46.628958939;803.6;62040;115.44264150943391;967.0426415094339;Line 3;0;181.968503389179
-23.000176064;-46.62897224;804.9;62010;115.38681818181814;966.9868181818182;Line 3;0;181.968503389179
-23.000446694;-46.628985541;805.6;61980;115.33099485420236;966.9309948542024;Line 3;0;181.968503389179
-23.000717324;-46.628998842;806.3;61950;115.27517152658658;966.8751715265867;Line 3;0;181.968503389179
-23.000987954;-46.629012143;807.3;61920;115.21934819897079;966.8193481989708;Line 3;0;181.968503389179
-23.001258584;-46.629025445;808.7;61890;115.16352487135501;966.763524871355;Line 3;0;181.968503389179
-23.001529214;-46.629038746;810.0;61860;115.10770154373924;966.7077015437393;Line 3;0;181.968503389179
-23.001799844;-46.629052048;812.0;61830;115.05187821612346;966.6518782161235;Line 3;0;181.968503389179
-23.002070474;-46.629065349;814.5;61800;114.99605488850767;966.5960548885078;Line 3;0;181.968503389179
-23.002341104;-46.629078651;817.0;61770;114.94023156089189;966.5402315608919;Line 3;0;181.968503389179
-23.002611734;-46.629091953;819.5;61740;114.8844082332761;966.4844082332761;Line 3;0;181.968503389179
-23.002882364;-46.629105255;822.1;61710;114.82858490566034;966.4285849056604;Line 3;0;181.968503389179
-23.003152994;-46.629118557;824.8;61680;114.77276157804455;966.3727615780446;Line 3;0;181.968503389179
-23.003423624;-46.629131859;827.5;61650;114.71693825042878;966.3169382504288;Line 3;0;181.968503389179
-23.003694254;-46.629145161;830.2;61620;114.66111492281298;966.261114922813;Line 3;0;181.968503389179
-23.003964884;-46.629158463;832.9;61590;114.6052915951972;966.2052915951972;Line 3;0;181.968503389179
-23.004235514;-46.629171766;835.9;61560;114.54946826758143;966.1494682675815;Line 3;0;181.968503389179
-23.004506144;-46.629185068;839.6;61530;114.49364493996565;966.0936449399657;Line 3;0;181.968503389179
-23.004776774;-46.629198371;843.2;61500;114.43782161234988;966.03782161235;Line 3;0;181.968503389179
-23.005047403;-46.629211673;847.0;61470;114.3819982847341;965.9819982847341;Line 3;0;181.968503389179
-23.005318033;-46.629224976;851.8;61440;114.32617495711831;965.9261749571183;Line 3;0;181.968503389179
-23.005588663;-46.629238279;856.6;61410;114.27035162950253;965.8703516295026;Line 3;0;181.968503389179
-23.005859293;-46.629251582;861.0;61380;114.21452830188674;965.8145283018868;Line 3;0;181.968503389179
-23.006129923;-46.629264885;862.1;61350;114.15870497427098;965.758704974271;Line 3;0;181.968503389179
-23.006400553;-46.629278188;863.3;61320;114.10288164665519;965.7028816466552;Line 3;0;181.968503389179
-23.006671182;-46.629291491;864.4;61290;114.04705831903941;965.6470583190394;Line 3;0;181.968503389179
-23.006941812;-46.629304794;863.6;61260;113.99123499142362;965.5912349914237;Line 3;0;181.968503389179
-23.007212442;-46.629318098;863.0;61230;113.93541166380784;965.5354116638078;Line 3;0;181.968503389179
-23.007483072;-46.629331401;862.4;61200;113.87958833619207;965.4795883361921;Line 3;0;181.968503389179
-23.007753701;-46.629344705;860.4;61170;113.82376500857629;965.4237650085763;Line 3;0;181.968503389179
-23.008024331;-46.629358008;858.3;61140;113.76794168096052;965.3679416809605;Line 3;0;181.968503389179
-23.008294961;-46.629371312;856.5;61110;113.71211835334472;965.3121183533448;Line 3;0;181.968503389179
-23.008565591;-46.629384616;851.6;61080;113.65629502572894;965.256295025729;Line 3;0;181.968503389179
-23.00883622;-46.62939792;846.2;61050;113.60047169811317;965.2004716981132;Line 3;0;181.968503389179
-23.00910685;-46.629411224;840.9;61020;113.54464837049738;965.1446483704974;Line 3;0;181.968503389179
-23.00937748;-46.629424528;837.4;60990;113.48882504288161;965.0888250428816;Line 3;0;181.968503389179
-23.009648109;-46.629437832;834.4;60960;113.43300171526582;965.0330017152659;Line 3;0;181.968503389179
-23.009918739;-46.629451136;831.5;60930;113.37717838765003;964.97717838765;Line 3;0;181.968503389179
-23.010189368;-46.62946444;832.2;60900;113.32135506003426;964.9213550600343;Line 3;0;181.968503389179
-23.010459998;-46.629477745;834.7;60870;113.26553173241848;964.8655317324185;Line 3;0;181.968503389179
-23.010730628;-46.629491049;837.1;60840;113.20970840480271;964.8097084048027;Line 3;0;181.968503389179
-23.011001257;-46.629504354;837.2;60810;113.15388507718693;964.753885077187;Line 3;0;181.968503389179
-23.011271887;-46.629517658;835.8;60780;113.09806174957113;964.6980617495711;Line 3;0;181.968503389179
-23.011542516;-46.629530963;834.3;60750;113.04223842195536;964.6422384219554;Line 3;0;181.968503389179
-23.011813146;-46.629544268;831.1;60720;112.98641509433958;964.5864150943396;Line 3;0;181.968503389179
-23.012083775;-46.629557573;826.2;60690;112.93059176672381;964.5305917667238;Line 3;0;181.968503389179
-23.012354405;-46.629570878;821.4;60660;112.87476843910802;964.4747684391081;Line 3;0;181.968503389179
-23.012625034;-46.629584183;819.2;60630;112.81894511149223;964.4189451114922;Line 3;0;181.968503389179
-23.012895664;-46.629597488;819.9;60600;112.76312178387646;964.3631217838765;Line 3;0;181.968503389179
-23.013166293;-46.629610794;820.6;60570;112.70729845626067;964.3072984562607;Line 3;0;181.968503389179
-23.013436923;-46.629624099;821.4;60540;112.6514751286449;964.2514751286449;Line 3;0;181.968503389179
-23.013707552;-46.629637405;822.3;60510;112.59565180102912;964.1956518010292;Line 3;0;181.968503389179
-23.013978182;-46.62965071;823.1;60480;112.53982847341334;964.1398284734133;Line 3;0;181.968503389179
-23.014248811;-46.629664016;822.2;60450;112.48400514579755;964.0840051457976;Line 3;0;181.968503389179
-23.014519441;-46.629677322;817.4;60420;112.42818181818177;964.0281818181818;Line 3;0;181.968503389179
-23.01479007;-46.629690627;812.5;60390;112.372358490566;963.972358490566;Line 3;0;181.968503389179
-23.015060699;-46.629703933;807.0;60360;112.31653516295022;963.9165351629503;Line 3;0;181.968503389179
-23.015331329;-46.629717239;799.7;60330;112.26071183533443;963.8607118353344;Line 3;0;181.968503389179
-23.015601958;-46.629730545;792.2;60300;112.20488850771865;963.8048885077187;Line 3;0;181.968503389179
-23.015872587;-46.629743852;785.8;60270;112.14906518010287;963.7490651801029;Line 3;0;181.968503389179
-23.016143217;-46.629757158;786.1;60240;112.0932418524871;963.6932418524871;Line 3;0;181.968503389179
-23.016413846;-46.629770464;786.3;60210;112.03741852487131;963.6374185248714;Line 3;0;181.968503389179
-23.016684475;-46.629783771;786.5;60180;111.98159519725553;963.5815951972555;Line 3;0;181.968503389179
-23.016955105;-46.629797077;789.5;60150;111.92577186963976;963.5257718696398;Line 3;0;181.968503389179
-23.017225734;-46.629810384;792.5;60120;111.86994854202396;963.469948542024;Line 3;0;181.968503389179
-23.017496363;-46.629823691;795.4;60090;111.8141252144082;963.4141252144082;Line 3;0;181.968503389179
-23.017766993;-46.629836997;799.4;60060;111.75830188679241;963.3583018867924;Line 3;0;181.968503389179
-23.018037622;-46.629850304;803.4;60030;111.70247855917663;963.3024785591766;Line 3;0;181.968503389179
-23.018308251;-46.629863611;807.4;60000;111.64665523156086;963.2466552315609;Line 3;0;181.968503389179
-23.01857888;-46.629876918;812.6;59970;111.59083190394507;963.1908319039451;Line 3;0;181.968503389179
-23.018849509;-46.629890226;817.9;59940;111.53500857632929;963.1350085763293;Line 3;0;181.968503389179
-23.019120139;-46.629903533;823.1;59910;111.4791852487135;963.0791852487135;Line 3;0;181.968503389179
-23.019390768;-46.62991684;825.6;59880;111.42336192109772;963.0233619210977;Line 3;0;181.968503389179
-23.019661397;-46.629930148;827.7;59850;111.36753859348195;962.967538593482;Line 3;0;181.968503389179
-23.019932026;-46.629943455;829.7;59820;111.31171526586617;962.9117152658662;Line 3;0;181.968503389179
-23.020202655;-46.629956763;824.4;59790;111.25589193825039;962.8558919382504;Line 3;0;181.968503389179
-23.020473284;-46.629970071;816.6;59760;111.2000686106346;962.8000686106346;Line 3;0;181.968503389179
-23.020743913;-46.629983378;808.7;59730;111.14424528301882;962.7442452830188;Line 3;0;181.968503389179
-23.021014543;-46.629996686;802.1;59700;111.08842195540305;962.6884219554031;Line 3;0;181.968503389179
-23.021285172;-46.630009994;796.2;59670;111.03259862778727;962.6325986277873;Line 3;0;181.968503389179
-23.021555801;-46.630023302;790.3;59640;110.97677530017148;962.5767753001714;Line 3;0;181.968503389179
-23.02182643;-46.63003661;787.9;59610;110.9209519725557;962.5209519725557;Line 3;0;181.968503389179
-23.022097059;-46.630049919;788.0;59580;110.86512864493992;962.4651286449399;Line 3;0;181.968503389179
-23.022367688;-46.630063227;788.0;59550;110.80930531732415;962.4093053173242;Line 3;0;181.968503389179
-23.022638317;-46.630076535;788.2;59520;110.75348198970836;962.3534819897084;Line 3;0;181.968503389179
-23.022908946;-46.630089844;788.6;59490;110.69765866209259;962.2976586620927;Line 3;0;181.968503389179
-23.023179575;-46.630103153;789.1;59460;110.6418353344768;962.2418353344768;Line 3;0;181.968503389179
-23.023450204;-46.630116461;789.2;59430;110.58601200686101;962.186012006861;Line 3;0;181.968503389179
-23.023720833;-46.63012977;788.7;59400;110.53018867924524;962.1301886792453;Line 3;0;181.968503389179
-23.023991462;-46.630143079;788.3;59370;110.47436535162946;962.0743653516295;Line 3;0;181.968503389179
-23.024262091;-46.630156388;789.2;59340;110.41854202401369;962.0185420240138;Line 3;0;181.968503389179
-23.02453272;-46.630169697;792.5;59310;110.3627186963979;961.9627186963979;Line 3;0;181.968503389179
-23.024803349;-46.630183006;795.7;59280;110.30689536878211;961.9068953687821;Line 3;0;181.968503389179
-23.025073977;-46.630196315;798.7;59250;110.25107204116634;961.8510720411664;Line 3;0;181.968503389179
-23.025344606;-46.630209625;800.8;59220;110.19524871355055;961.7952487135506;Line 3;0;181.968503389179
-23.025615235;-46.630222934;802.9;59190;110.13942538593479;961.7394253859349;Line 3;0;181.968503389179
-23.025885864;-46.630236243;805.0;59160;110.083602058319;961.683602058319;Line 3;0;181.968503389179
-23.026156493;-46.630249553;806.8;59130;110.0277787307032;961.6277787307032;Line 3;0;181.968503389179
-23.026427122;-46.630262863;808.7;59100;109.97195540308743;961.5719554030875;Line 3;0;181.968503389179
-23.026697751;-46.630276172;810.2;59070;109.91613207547165;961.5161320754717;Line 3;0;181.968503389179
-23.026968379;-46.630289482;808.7;59040;109.86030874785588;961.460308747856;Line 3;0;181.968503389179
-23.027239008;-46.630302792;807.3;59010;109.8044854202401;961.4044854202401;Line 3;0;181.968503389179
-23.027509637;-46.630316102;805.9;58980;109.74866209262431;961.3486620926243;Line 3;0;181.968503389179
-23.027780266;-46.630329412;802.3;58950;109.69283876500853;961.2928387650086;Line 3;0;181.968503389179
-23.028050895;-46.630342723;798.8;58920;109.63701543739275;961.2370154373928;Line 3;0;181.968503389179
-23.028321523;-46.630356033;795.4;58890;109.58119210977698;961.181192109777;Line 3;0;181.968503389179
-23.028592152;-46.630369343;794.0;58860;109.5253687821612;961.1253687821612;Line 3;0;181.968503389179
-23.028862781;-46.630382654;792.7;58830;109.46954545454541;961.0695454545454;Line 3;0;181.968503389179
-23.029133409;-46.630395964;791.4;58800;109.41372212692963;961.0137221269297;Line 3;0;181.968503389179
-23.029404038;-46.630409275;792.1;58770;109.35789879931384;960.9578987993139;Line 3;0;181.968503389179
-23.029674667;-46.630422586;793.1;58740;109.30207547169807;960.9020754716981;Line 3;0;181.968503389179
-23.029945296;-46.630435897;794.2;58710;109.24625214408229;960.8462521440823;Line 3;0;181.968503389179
-23.030215924;-46.630449208;795.7;58680;109.19042881646651;960.7904288164665;Line 3;0;181.968503389179
-23.030486553;-46.630462519;797.4;58650;109.13460548885074;960.7346054888508;Line 3;0;181.968503389179
-23.030757181;-46.63047583;799.0;58620;109.07878216123494;960.678782161235;Line 3;0;181.968503389179
-23.03102781;-46.630489141;799.0;58590;109.02295883361917;960.6229588336192;Line 3;0;181.968503389179
-23.031298439;-46.630502452;798.3;58560;108.96713550600339;960.5671355060034;Line 3;0;181.968503389179
-23.031569067;-46.630515763;797.5;58530;108.9113121783876;960.5113121783876;Line 3;0;181.968503389179
-23.031839696;-46.630529075;796.2;58500;108.85548885077183;960.4554888507719;Line 3;0;181.968503389179
-23.032110324;-46.630542387;794.6;58470;108.79966552315605;960.399665523156;Line 3;0;181.968503389179
-23.032380953;-46.630555698;792.8;58440;108.74384219554027;960.3438421955403;Line 3;0;181.968503389179
-23.032651581;-46.63056901;791.4;58410;108.68801886792448;960.2880188679245;Line 3;0;181.968503389179
-23.03292221;-46.630582322;790.3;58380;108.6321955403087;960.2321955403087;Line 3;0;181.968503389179
-23.033192839;-46.630595634;789.2;58350;108.57637221269293;960.176372212693;Line 3;0;181.968503389179
-23.033463467;-46.630608946;786.4;58320;108.52054888507715;960.1205488850771;Line 3;0;181.968503389179
-23.033734095;-46.630622258;782.0;58290;108.46472555746136;960.0647255574614;Line 3;0;181.968503389179
-23.034004724;-46.63063557;777.6;58260;108.40890222984558;960.0089022298456;Line 3;0;181.968503389179
-23.034275352;-46.630648882;772.7;58230;108.3530789022298;959.9530789022298;Line 3;0;181.968503389179
-23.034545981;-46.630662194;766.8;58200;108.29725557461403;959.8972555746141;Line 3;0;181.968503389179
-23.034816609;-46.630675507;760.9;58170;108.24143224699824;959.8414322469982;Line 3;0;181.968503389179
-23.035087238;-46.630688819;757.2;58140;108.18560891938246;959.7856089193825;Line 3;0;181.968503389179
-23.035357866;-46.630702132;758.1;58110;108.12978559176668;959.7297855917667;Line 3;0;181.968503389179
-23.035628495;-46.630715445;759.1;58080;108.0739622641509;959.6739622641509;Line 3;0;181.968503389179
-23.035899123;-46.630728758;760.9;58050;108.01813893653512;959.6181389365352;Line 3;0;181.968503389179
-23.036169751;-46.63074207;764.9;58020;107.96231560891934;959.5623156089193;Line 3;0;181.968503389179
-23.03644038;-46.630755383;768.9;57990;107.90649228130357;959.5064922813036;Line 3;0;181.968503389179
-23.036711008;-46.630768696;772.4;57960;107.85066895368777;959.4506689536878;Line 3;0;181.968503389179
-23.036981636;-46.63078201;774.1;57930;107.79484562607199;959.394845626072;Line 3;0;181.968503389179
-23.037252265;-46.630795323;775.7;57900;107.73902229845622;959.3390222984563;Line 3;0;181.968503389179
-23.037522893;-46.630808636;777.1;57870;107.68319897084044;959.2831989708404;Line 3;0;181.968503389179
-23.037793521;-46.63082195;776.4;57840;107.62737564322467;959.2273756432247;Line 3;0;181.968503389179
-23.038064149;-46.630835263;775.6;57810;107.57155231560888;959.1715523156089;Line 3;0;181.968503389179
-23.038334778;-46.630848577;774.7;57780;107.51572898799309;959.1157289879931;Line 3;0;181.968503389179
-23.038605406;-46.63086189;774.8;57750;107.45990566037732;959.0599056603774;Line 3;0;181.968503389179
-23.038876034;-46.630875204;774.9;57720;107.40408233276153;959.0040823327615;Line 3;0;181.968503389179
-23.039146662;-46.630888518;775.0;57690;107.34825900514576;958.9482590051458;Line 3;0;181.968503389179
-23.039417291;-46.630901832;774.8;57660;107.29243567752998;958.89243567753;Line 3;0;181.968503389179
-23.039687919;-46.630915146;774.6;57630;107.2366123499142;958.8366123499143;Line 3;0;181.968503389179
-23.039958547;-46.63092846;774.4;57600;107.18078902229841;958.7807890222984;Line 3;0;181.968503389179
-23.040229175;-46.630941774;774.0;57570;107.12496569468263;958.7249656946826;Line 3;0;181.968503389179
-23.040499803;-46.630955089;773.6;57540;107.06914236706686;958.6691423670669;Line 3;0;181.968503389179
-23.040770432;-46.630968403;773.3;57510;107.01331903945108;958.6133190394511;Line 3;0;181.968503389179
-23.04104106;-46.630981718;773.1;57480;106.9574957118353;958.5574957118354;Line 3;0;181.968503389179
-23.041311688;-46.630995032;773.0;57450;106.90167238421951;958.5016723842195;Line 3;0;181.968503389179
-23.041582316;-46.631008347;772.9;57420;106.84584905660373;958.4458490566037;Line 3;0;181.968503389179
-23.041852944;-46.631021662;774.2;57390;106.79002572898796;958.390025728988;Line 3;0;181.968503389179
-23.042123572;-46.631034977;776.1;57360;106.73420240137217;958.3342024013722;Line 3;0;181.968503389179
-23.0423942;-46.631048292;778.1;57330;106.6783790737564;958.2783790737565;Line 3;0;181.968503389179
-23.042664828;-46.631061607;781.1;57300;106.6225557461406;958.2225557461406;Line 3;0;181.968503389179
-23.042935456;-46.631074922;784.6;57270;106.56673241852482;958.1667324185248;Line 3;0;181.968503389179
-23.043206084;-46.631088237;788.2;57240;106.51090909090905;958.1109090909091;Line 3;0;181.968503389179
-23.043476712;-46.631101552;792.0;57210;106.45508576329327;958.0550857632933;Line 3;0;181.968503389179
-23.04374734;-46.631114868;795.9;57180;106.3992624356775;957.9992624356776;Line 3;0;181.968503389179
-23.044017968;-46.631128183;799.9;57150;106.34343910806172;957.9434391080617;Line 3;0;181.968503389179
-23.044288596;-46.631141499;804.4;57120;106.28761578044592;957.8876157804459;Line 3;0;181.968503389179
-23.044559224;-46.631154814;809.5;57090;106.23179245283015;957.8317924528302;Line 3;0;181.968503389179
-23.044829852;-46.63116813;814.7;57060;106.17596912521437;957.7759691252144;Line 3;0;181.968503389179
-23.04510048;-46.631181446;819.8;57030;106.1201457975986;957.7201457975987;Line 3;0;181.968503389179
-23.045371108;-46.631194762;824.7;57000;106.06432246998281;957.6643224699828;Line 3;0;181.968503389179
-23.045641736;-46.631208078;829.6;56970;106.00849914236701;957.608499142367;Line 3;0;181.968503389179
-23.045912364;-46.631221394;833.8;56940;105.95267581475125;957.5526758147513;Line 3;0;181.968503389179
-23.046182992;-46.63123471;835.8;56910;105.89685248713546;957.4968524871355;Line 3;0;181.968503389179
-23.04645362;-46.631248026;837.8;56880;105.84102915951969;957.4410291595198;Line 3;0;181.968503389179
-23.046724247;-46.631261343;839.5;56850;105.78520583190391;957.3852058319039;Line 3;0;181.968503389179
-23.046994875;-46.631274659;840.0;56820;105.72938250428813;957.3293825042881;Line 3;0;181.968503389179
-23.047265503;-46.631287976;840.4;56790;105.67355917667234;957.2735591766724;Line 3;0;181.968503389179
-23.047536131;-46.631301292;840.4;56760;105.61773584905656;957.2177358490566;Line 3;0;181.968503389179
-23.047806759;-46.631314609;837.4;56730;105.56191252144079;957.1619125214409;Line 3;0;181.968503389179
-23.048077387;-46.631327926;834.5;56700;105.506089193825;957.106089193825;Line 3;0;181.968503389179
-23.048348014;-46.631341243;831.5;56670;105.45026586620922;957.0502658662092;Line 3;0;181.968503389179
-23.048618642;-46.63135456;827.0;56640;105.39444253859344;956.9944425385935;Line 3;0;181.968503389179
-23.04888927;-46.631367877;822.6;56610;105.33861921097765;956.9386192109777;Line 3;0;181.968503389179
-23.049159898;-46.631381194;818.1;56580;105.28279588336189;956.882795883362;Line 3;0;181.968503389179
-23.049430525;-46.631394511;813.7;56550;105.2269725557461;956.8269725557461;Line 3;0;181.968503389179
-23.049701153;-46.631407829;809.2;56520;105.17114922813032;956.7711492281303;Line 3;0;181.968503389179
-23.049971781;-46.631421146;804.8;56490;105.11532590051455;956.7153259005146;Line 3;0;181.968503389179
-23.050242408;-46.631434464;800.9;56460;105.05950257289875;956.6595025728988;Line 3;0;181.968503389179
-23.050513036;-46.631447781;797.1;56430;105.00367924528298;956.603679245283;Line 3;0;181.968503389179
-23.050783664;-46.631461099;793.2;56400;104.9478559176672;956.5478559176672;Line 3;0;181.968503389179
-23.051054291;-46.631474417;791.0;56370;104.89203259005141;956.4920325900514;Line 3;0;181.968503389179
-23.051324919;-46.631487735;789.3;56340;104.83620926243564;956.4362092624357;Line 3;0;181.968503389179
-23.051595547;-46.631501053;787.6;56310;104.78038593481986;956.3803859348199;Line 3;0;181.968503389179
-23.051866174;-46.631514371;785.0;56280;104.72456260720408;956.3245626072041;Line 3;0;181.968503389179
-23.052136802;-46.631527689;782.1;56250;104.6687392795883;956.2687392795883;Line 3;0;181.968503389179
-23.052407429;-46.631541007;779.2;56220;104.61291595197251;956.2129159519725;Line 3;0;181.968503389179
-23.052678057;-46.631554326;777.2;56190;104.55709262435674;956.1570926243568;Line 3;0;181.968503389179
-23.052948685;-46.631567644;775.6;56160;104.50126929674096;956.101269296741;Line 3;0;181.968503389179
-23.053219312;-46.631580963;774.1;56130;104.44544596912517;956.0454459691252;Line 3;0;181.968503389179
-23.05348994;-46.631594281;774.5;56100;104.38962264150939;955.9896226415094;Line 3;0;181.968503389179
-23.053760567;-46.6316076;776.5;56070;104.3337993138936;955.9337993138936;Line 3;0;181.968503389179
-23.054031195;-46.631620919;778.4;56040;104.27797598627784;955.8779759862779;Line 3;0;181.968503389179
-23.054301822;-46.631634237;779.8;56010;104.22215265866205;955.822152658662;Line 3;0;181.968503389179
-23.05457245;-46.631647556;780.6;55980;104.16632933104627;955.7663293310463;Line 3;0;181.968503389179
-23.054843077;-46.631660875;781.5;55950;104.11050600343049;955.7105060034305;Line 3;0;181.968503389179
-23.055113705;-46.631674195;783.3;55920;104.0546826758147;955.6546826758147;Line 3;0;181.968503389179
-23.055384332;-46.631687514;786.3;55890;103.99885934819893;955.598859348199;Line 3;0;181.968503389179
-23.055654959;-46.631700833;789.2;55860;103.94303602058315;955.5430360205831;Line 3;0;181.968503389179
-23.055925587;-46.631714153;793.3;55830;103.88721269296738;955.4872126929674;Line 3;0;181.968503389179
-23.056196214;-46.631727472;799.7;55800;103.83138936535158;955.4313893653516;Line 3;0;181.968503389179
-23.056466842;-46.631740792;806.0;55770;103.7755660377358;955.3755660377358;Line 3;0;181.968503389179
-23.056737469;-46.631754111;812.9;55740;103.71974271012003;955.3197427101201;Line 3;0;181.968503389179
-23.057008096;-46.631767431;821.5;55710;103.66391938250425;955.2639193825042;Line 3;0;181.968503389179
-23.057278724;-46.631780751;830.1;55680;103.60809605488848;955.2080960548885;Line 3;0;181.968503389179
-23.057549351;-46.631794071;837.9;55650;103.5522727272727;955.1522727272727;Line 3;0;181.968503389179
-23.057819978;-46.631807391;842.4;55620;103.4964493996569;955.0964493996569;Line 3;0;181.968503389179
-23.058090606;-46.631820711;847.0;55590;103.44062607204113;955.0406260720412;Line 3;0;181.968503389179
-23.058361233;-46.631834031;851.4;55560;103.38480274442534;954.9848027444253;Line 3;0;181.968503389179
-23.05863186;-46.631847352;855.2;55530;103.32897941680957;954.9289794168096;Line 3;0;181.968503389179
-23.058902488;-46.631860672;858.8;55500;103.27315608919379;954.8731560891938;Line 3;0;181.968503389179
-23.059173115;-46.631873993;862.2;55470;103.21733276157799;954.817332761578;Line 3;0;181.968503389179
-23.059443742;-46.631887313;859.0;55440;103.16150943396222;954.7615094339623;Line 3;0;181.968503389179
-23.059714369;-46.631900634;855.6;55410;103.10568610634644;954.7056861063464;Line 3;0;181.968503389179
-23.059984997;-46.631913955;852.2;55380;103.04986277873067;954.6498627787307;Line 3;0;181.968503389179
-23.060255624;-46.631927275;846.1;55350;102.99403945111489;954.5940394511149;Line 3;0;181.968503389179
-23.060526251;-46.631940596;839.9;55320;102.9382161234991;954.5382161234991;Line 3;0;181.968503389179
-23.060796878;-46.631953917;833.7;55290;102.88239279588332;954.4823927958834;Line 3;0;181.968503389179
-23.061067505;-46.631967238;832.2;55260;102.82656946826754;954.4265694682675;Line 3;0;181.968503389179
-23.061338132;-46.63198056;831.6;55230;102.77074614065177;954.3707461406518;Line 3;0;181.968503389179
-23.06160876;-46.631993881;831.3;55200;102.71492281303598;954.314922813036;Line 3;0;181.968503389179
-23.061879387;-46.632007202;829.6;55170;102.6590994854202;954.2590994854202;Line 3;0;181.968503389179
-23.062150014;-46.632020524;827.7;55140;102.60327615780442;954.2032761578045;Line 3;0;181.968503389179
-23.062420641;-46.632033845;825.9;55110;102.54745283018863;954.1474528301886;Line 3;0;181.968503389179
-23.062691268;-46.632047167;820.0;55080;102.49162950257286;954.0916295025729;Line 3;0;181.968503389179
-23.062961895;-46.632060489;812.2;55050;102.43580617495708;954.0358061749571;Line 3;0;181.968503389179
-23.063232522;-46.632073811;804.4;55020;102.3799828473413;953.9799828473413;Line 3;0;181.968503389179
-23.063503149;-46.632087132;794.9;54990;102.32415951972553;953.9241595197255;Line 3;0;181.968503389179
-23.063773776;-46.632100454;784.3;54960;102.26833619210973;953.8683361921097;Line 3;0;181.968503389179
-23.064044403;-46.632113777;773.8;54930;102.21251286449396;953.812512864494;Line 3;0;181.968503389179
-23.06431503;-46.632127099;769.2;54900;102.15668953687818;953.7566895368782;Line 3;0;181.968503389179
-23.064585657;-46.632140421;769.6;54870;102.10086620926239;953.7008662092624;Line 3;0;181.968503389179
-23.064856284;-46.632153743;770.1;54840;102.04504288164662;953.6450428816466;Line 3;0;181.968503389179
-23.065126911;-46.632167066;772.2;54810;101.98921955403084;953.5892195540308;Line 3;0;181.968503389179
-23.065397538;-46.632180388;776.2;54780;101.93339622641506;953.5333962264151;Line 3;0;181.968503389179
-23.065668165;-46.632193711;780.3;54750;101.87757289879927;953.4775728987993;Line 3;0;181.968503389179
-23.065938792;-46.632207034;784.0;54720;101.82174957118349;953.4217495711835;Line 3;0;181.968503389179
-23.066209419;-46.632220357;787.2;54690;101.76592624356772;953.3659262435677;Line 3;0;181.968503389179
-23.066480046;-46.632233679;790.4;54660;101.71010291595194;953.3101029159519;Line 3;0;181.968503389179
-23.066750673;-46.632247002;793.2;54630;101.65427958833615;953.2542795883362;Line 3;0;181.968503389179
-23.0670213;-46.632260325;795.6;54600;101.59845626072037;953.1984562607204;Line 3;0;181.968503389179
-23.067291927;-46.632273649;797.9;54570;101.54263293310458;953.1426329331046;Line 3;0;181.968503389179
-23.067562553;-46.632286972;799.9;54540;101.48680960548882;953.0868096054888;Line 3;0;181.968503389179
-23.06783318;-46.632300295;800.9;54510;101.43098627787303;953.030986277873;Line 3;0;181.968503389179
-23.068103807;-46.632313619;801.9;54480;101.37516295025725;952.9751629502573;Line 3;0;181.968503389179
-23.068374434;-46.632326942;802.7;54450;101.31933962264146;952.9193396226415;Line 3;0;181.968503389179
-23.068645061;-46.632340266;801.6;54420;101.26351629502568;952.8635162950256;Line 3;0;181.968503389179
-23.068915687;-46.63235359;800.4;54390;101.20769296740991;952.8076929674099;Line 3;0;181.968503389179
-23.069186314;-46.632366913;799.3;54360;101.15186963979413;952.7518696397941;Line 3;0;181.968503389179
-23.069456941;-46.632380237;798.1;54330;101.09604631217836;952.6960463121784;Line 3;0;181.968503389179
-23.069727568;-46.632393561;796.8;54300;101.04022298456256;952.6402229845626;Line 3;0;181.968503389179
-23.069998194;-46.632406885;795.3;54270;100.98439965694678;952.5843996569467;Line 3;0;181.968503389179
-23.070268821;-46.632420209;796.6;54240;100.92857632933101;952.528576329331;Line 3;0;181.968503389179
-23.070539448;-46.632433534;797.8;54210;100.87275300171522;952.4727530017152;Line 3;0;181.968503389179
-23.070810075;-46.632446858;799.0;54180;100.81692967409946;952.4169296740995;Line 3;0;181.968503389179
-23.071080701;-46.632460182;801.4;54150;100.76110634648367;952.3611063464837;Line 3;0;181.968503389179
-23.071351328;-46.632473507;804.0;54120;100.70528301886787;952.3052830188678;Line 3;0;181.968503389179
-23.071621955;-46.632486832;806.6;54090;100.6494596912521;952.2494596912521;Line 3;0;181.968503389179
-23.071892581;-46.632500156;809.7;54060;100.59363636363632;952.1936363636363;Line 3;0;181.968503389179
-23.072163208;-46.632513481;813.0;54030;100.53781303602055;952.1378130360206;Line 3;0;181.968503389179
-23.072433834;-46.632526806;816.3;54000;100.48198970840477;952.0819897084048;Line 3;0;181.968503389179
-23.072704461;-46.632540131;817.3;53970;100.42616638078898;952.026166380789;Line 3;0;181.968503389179
-23.072975088;-46.632553456;817.6;53940;100.3703430531732;951.9703430531732;Line 3;0;181.968503389179
-23.073245714;-46.632566781;817.8;53910;100.31451972555742;951.9145197255574;Line 3;0;181.968503389179
-23.073516341;-46.632580106;815.0;53880;100.25869639794165;951.8586963979417;Line 3;0;181.968503389179
-23.073786967;-46.632593432;810.7;53850;100.20287307032586;951.8028730703259;Line 3;0;181.968503389179
-23.074057594;-46.632606757;806.4;53820;100.1470497427101;951.7470497427101;Line 3;0;181.968503389179
-23.07432822;-46.632620082;801.8;53790;100.0912264150943;951.6912264150943;Line 3;0;181.968503389179
-23.074598847;-46.632633408;796.9;53760;100.03540308747851;951.6354030874785;Line 3;0;181.968503389179
-23.074869473;-46.632646734;792.0;53730;99.97957975986274;951.5795797598628;Line 3;0;181.968503389179
-23.0751401;-46.632660059;787.8;53700;99.92375643224696;951.523756432247;Line 3;0;181.968503389179
-23.075410726;-46.632673385;784.2;53670;99.86793310463119;951.4679331046312;Line 3;0;181.968503389179
-23.075681353;-46.632686711;780.6;53640;99.8121097770154;951.4121097770154;Line 3;0;181.968503389179
-23.075951979;-46.632700037;778.3;53610;99.75628644939961;951.3562864493996;Line 3;0;181.968503389179
-23.076222606;-46.632713363;777.6;53580;99.70046312178384;951.3004631217839;Line 3;0;181.968503389179
-23.076493232;-46.63272669;776.8;53550;99.64463979416806;951.244639794168;Line 3;0;181.968503389179
-23.076763859;-46.632740016;776.9;53520;99.58881646655229;951.1888164665523;Line 3;0;181.968503389179
-23.077034485;-46.632753342;779.1;53490;99.5329931389365;951.1329931389365;Line 3;0;181.968503389179
-23.077305111;-46.632766669;781.2;53460;99.4771698113207;951.0771698113207;Line 3;0;181.968503389179
-23.077575738;-46.632779995;783.5;53430;99.42134648370494;951.021346483705;Line 3;0;181.968503389179
-23.077846364;-46.632793322;786.4;53400;99.36552315608915;950.9655231560891;Line 3;0;181.968503389179
-23.07811699;-46.632806649;789.4;53370;99.30969982847338;950.9096998284734;Line 3;0;181.968503389179
-23.078387617;-46.632819976;791.9;53340;99.2538765008576;950.8538765008576;Line 3;0;181.968503389179
-23.078658243;-46.632833303;792.8;53310;99.1980531732418;950.7980531732418;Line 3;0;181.968503389179
-23.078928869;-46.63284663;793.6;53280;99.14222984562603;950.7422298456261;Line 3;0;181.968503389179
-23.079199496;-46.632859957;794.3;53250;99.08640651801025;950.6864065180102;Line 3;0;181.968503389179
-23.079470122;-46.632873284;793.6;53220;99.03058319039448;950.6305831903945;Line 3;0;181.968503389179
-23.079740748;-46.632886611;792.8;53190;98.9747598627787;950.5747598627787;Line 3;0;181.968503389179
-23.080011374;-46.632899938;792.1;53160;98.91893653516291;950.518936535163;Line 3;0;181.968503389179
-23.080282001;-46.632913266;791.0;53130;98.86311320754713;950.4631132075472;Line 3;0;181.968503389179
-23.080552627;-46.632926594;789.9;53100;98.80728987993135;950.4072898799313;Line 3;0;181.968503389179
-23.080823253;-46.632939921;788.7;53070;98.75146655231558;950.3514665523156;Line 3;0;181.968503389179
-23.081093879;-46.632953249;784.8;53040;98.6956432246998;950.2956432246998;Line 3;0;181.968503389179
-23.081364506;-46.632966577;780.8;53010;98.63981989708401;950.2398198970841;Line 3;0;181.968503389179
-23.081635132;-46.632979905;776.8;52980;98.58399656946823;950.1839965694683;Line 3;0;181.968503389179
-23.081905758;-46.632993233;770.2;52950;98.52817324185244;950.1281732418524;Line 3;0;181.968503389179
-23.082176384;-46.633006561;763.3;52920;98.47234991423667;950.0723499142367;Line 3;0;181.968503389179
-23.08244701;-46.633019889;756.6;52890;98.41652658662089;950.0165265866209;Line 3;0;181.968503389179
-23.082717636;-46.633033217;755.3;52860;98.3607032590051;949.9607032590052;Line 3;0;181.968503389179
-23.082988262;-46.633046546;755.3;52830;98.30487993138934;949.9048799313894;Line 3;0;181.968503389179
-23.083258889;-46.633059874;755.3;52800;98.24905660377354;949.8490566037735;Line 3;0;181.968503389179
-23.083529515;-46.633073203;757.4;52770;98.19323327615777;949.7932332761578;Line 3;0;181.968503389179
-23.083800141;-46.633086531;760.3;52740;98.13740994854199;949.737409948542;Line 3;0;181.968503389179
-23.084070767;-46.63309986;763.1;52710;98.0815866209262;949.6815866209263;Line 3;0;181.968503389179
-23.084341393;-46.633113189;764.5;52680;98.02576329331043;949.6257632933105;Line 3;0;181.968503389179
-23.084612019;-46.633126518;765.2;52650;97.96993996569465;949.5699399656946;Line 3;0;181.968503389179
-23.084882645;-46.633139847;765.8;52620;97.91411663807887;949.5141166380789;Line 3;0;181.968503389179
-23.085153271;-46.633153176;766.2;52590;97.85829331046308;949.4582933104631;Line 3;0;181.968503389179
-23.085423897;-46.633166505;766.4;52560;97.8024699828473;949.4024699828474;Line 3;0;181.968503389179
-23.085694523;-46.633179834;766.6;52530;97.74664665523153;949.3466466552316;Line 3;0;181.968503389179
-23.085965149;-46.633193163;766.6;52500;97.69082332761575;949.2908233276157;Line 3;0;181.968503389179
-23.086235775;-46.633206493;766.4;52470;97.63499999999996;949.235;Line 3;0;181.968503389179
-23.086506401;-46.633219822;766.2;52440;97.57917667238418;949.1791766723842;Line 3;0;181.968503389179
-23.086777027;-46.633233152;765.7;52410;97.5233533447684;949.1233533447685;Line 3;0;181.968503389179
-23.087047652;-46.633246482;764.9;52380;97.46753001715263;949.0675300171526;Line 3;0;181.968503389179
-23.087318278;-46.633259811;764.1;52350;97.41170668953684;949.0117066895368;Line 3;0;181.968503389179
-23.087588904;-46.633273141;762.7;52320;97.35588336192106;948.9558833619211;Line 3;0;181.968503389179
-23.08785953;-46.633286471;759.9;52290;97.30006003430528;948.9000600343053;Line 3;0;181.968503389179
-23.088130156;-46.633299801;757.2;52260;97.24423670668949;948.8442367066896;Line 3;0;181.968503389179
-23.088400782;-46.633313132;754.6;52230;97.18841337907372;948.7884133790737;Line 3;0;181.968503389179
-23.088671408;-46.633326462;752.6;52200;97.13259005145794;948.7325900514579;Line 3;0;181.968503389179
-23.088942033;-46.633339792;750.6;52170;97.07676672384217;948.6767667238422;Line 3;0;181.968503389179
-23.089212659;-46.633353123;749.5;52140;97.02094339622637;948.6209433962264;Line 3;0;181.968503389179
-23.089483285;-46.633366453;752.1;52110;96.96512006861059;948.5651200686107;Line 3;0;181.968503389179
-23.089753911;-46.633379784;754.7;52080;96.90929674099482;948.5092967409948;Line 3;0;181.968503389179
-23.090024537;-46.633393114;757.3;52050;96.85347341337904;948.453473413379;Line 3;0;181.968503389179
-23.090295162;-46.633406445;760.3;52020;96.79765008576327;948.3976500857633;Line 3;0;181.968503389179
-23.090565788;-46.633419776;763.3;51990;96.74182675814748;948.3418267581475;Line 3;0;181.968503389179
-23.090836414;-46.633433107;766.2;51960;96.68600343053168;948.2860034305318;Line 3;0;181.968503389179
-23.09110704;-46.633446438;765.8;51930;96.63018010291592;948.2301801029159;Line 3;0;181.968503389179
-23.091377665;-46.633459769;765.4;51900;96.57435677530013;948.1743567753001;Line 3;0;181.968503389179
-23.091648291;-46.6334731;765.0;51870;96.51853344768436;948.1185334476844;Line 3;0;181.968503389179
-23.091918917;-46.633486432;765.3;51840;96.46271012006858;948.0627101200686;Line 3;0;181.968503389179
-23.092189542;-46.633499763;765.7;51810;96.40688679245278;948.0068867924529;Line 3;0;181.968503389179
-23.092460168;-46.633513095;766.1;51780;96.35106346483701;947.951063464837;Line 3;0;181.968503389179
-23.092730794;-46.633526426;767.1;51750;96.29524013722123;947.8952401372212;Line 3;0;181.968503389179
-23.093001419;-46.633539758;768.3;51720;96.23941680960546;947.8394168096055;Line 3;0;181.968503389179
-23.093272045;-46.63355309;769.5;51690;96.18359348198967;947.7835934819897;Line 3;0;181.968503389179
-23.09354267;-46.633566421;767.8;51660;96.12777015437389;947.727770154374;Line 3;0;181.968503389179
-23.093813296;-46.633579753;765.2;51630;96.07194682675811;947.6719468267581;Line 3;0;181.968503389179
-23.094083922;-46.633593085;762.5;51600;96.01612349914232;947.6161234991423;Line 3;0;181.968503389179
-23.094354547;-46.633606418;759.1;51570;95.96030017152655;947.5603001715266;Line 3;0;181.968503389179
-23.094625173;-46.63361975;755.4;51540;95.90447684391077;947.5044768439108;Line 3;0;181.968503389179
-23.094895798;-46.633633082;751.7;51510;95.84865351629499;947.448653516295;Line 3;0;181.968503389179
-23.095166424;-46.633646414;749.5;51480;95.7928301886792;947.3928301886792;Line 3;0;181.968503389179
-23.095437049;-46.633659747;748.4;51450;95.73700686106342;947.3370068610634;Line 3;0;181.968503389179
-23.095707675;-46.633673079;747.3;51420;95.68118353344765;947.2811835334477;Line 3;0;181.968503389179
-23.0959783;-46.633686412;746.9;51390;95.62536020583187;947.2253602058319;Line 3;0;181.968503389179
-23.096248926;-46.633699745;747.1;51360;95.56953687821608;947.1695368782161;Line 3;0;181.968503389179
-23.096519551;-46.633713078;747.3;51330;95.51371355060031;947.1137135506003;Line 3;0;181.968503389179
-23.096790177;-46.633726411;746.9;51300;95.45789022298452;947.0578902229845;Line 3;0;181.968503389179
-23.097060802;-46.633739744;745.8;51270;95.40206689536875;947.0020668953688;Line 3;0;181.968503389179
-23.097331427;-46.633753077;744.7;51240;95.34624356775296;946.946243567753;Line 3;0;181.968503389179
-23.097602053;-46.63376641;744.3;51210;95.29042024013718;946.8904202401372;Line 3;0;181.968503389179
-23.097872678;-46.633779743;745.0;51180;95.23459691252141;946.8345969125214;Line 3;0;181.968503389179
-23.098143304;-46.633793077;745.7;51150;95.17877358490561;946.7787735849056;Line 3;0;181.968503389179
-23.098413929;-46.63380641;746.4;51120;95.12295025728984;946.7229502572899;Line 3;0;181.968503389179
-23.098684554;-46.633819744;746.9;51090;95.06712692967406;946.667126929674;Line 3;0;181.968503389179
-23.09895518;-46.633833077;747.3;51060;95.01130360205828;946.6113036020583;Line 3;0;181.968503389179
-23.099225805;-46.633846411;748.0;51030;94.95548027444251;946.5554802744425;Line 3;0;181.968503389179
-23.09949643;-46.633859745;749.7;51000;94.89965694682672;946.4996569468267;Line 3;0;181.968503389179
-23.099767056;-46.633873079;751.5;50970;94.84383361921094;946.443833619211;Line 3;0;181.968503389179
-23.100037681;-46.633886413;753.5;50940;94.78801029159516;946.3880102915952;Line 3;0;181.968503389179
-23.100308306;-46.633899747;757.5;50910;94.73218696397937;946.3321869639794;Line 3;0;181.968503389179
-23.100578931;-46.633913081;761.4;50880;94.6763636363636;946.2763636363636;Line 3;0;181.968503389179
-23.100849557;-46.633926415;765.3;50850;94.62054030874782;946.2205403087478;Line 3;0;181.968503389179
-23.101120182;-46.63393975;768.0;50820;94.56471698113204;946.1647169811321;Line 3;0;181.968503389179
-23.101390807;-46.633953084;770.8;50790;94.50889365351625;946.1088936535162;Line 3;0;181.968503389179
-23.101661432;-46.633966419;773.5;50760;94.45307032590047;946.0530703259005;Line 3;0;181.968503389179
-23.101932058;-46.633979753;776.7;50730;94.3972469982847;945.9972469982847;Line 3;0;181.968503389179
-23.102202683;-46.633993088;779.9;50700;94.34142367066892;945.9414236706689;Line 3;0;181.968503389179
-23.102473308;-46.634006423;783.1;50670;94.28560034305315;945.8856003430532;Line 3;0;181.968503389179
-23.102743933;-46.634019758;786.3;50640;94.22977701543735;945.8297770154373;Line 3;0;181.968503389179
-23.103014558;-46.634033093;789.6;50610;94.17395368782157;945.7739536878216;Line 3;0;181.968503389179
-23.103285183;-46.634046428;792.9;50580;94.1181303602058;945.7181303602058;Line 3;0;181.968503389179
-23.103555808;-46.634059763;796.2;50550;94.06230703259001;945.66230703259;Line 3;0;181.968503389179
-23.103826434;-46.634073098;799.5;50520;94.00648370497424;945.6064837049743;Line 3;0;181.968503389179
-23.104097059;-46.634086434;802.8;50490;93.95066037735846;945.5506603773584;Line 3;0;181.968503389179
-23.104367684;-46.634099769;807.8;50460;93.89483704974266;945.4948370497427;Line 3;0;181.968503389179
-23.104638309;-46.634113105;813.5;50430;93.8390137221269;945.4390137221269;Line 3;0;181.968503389179
-23.104908934;-46.63412644;819.4;50400;93.78319039451111;945.3831903945111;Line 3;0;181.968503389179
-23.105179559;-46.634139776;822.0;50370;93.72736706689534;945.3273670668954;Line 3;0;181.968503389179
-23.105450184;-46.634153112;822.9;50340;93.67154373927956;945.2715437392795;Line 3;0;181.968503389179
-23.105720809;-46.634166448;823.7;50310;93.61572041166376;945.2157204116638;Line 3;0;181.968503389179
-23.105991434;-46.634179784;823.8;50280;93.55989708404799;945.159897084048;Line 3;0;181.968503389179
-23.106262059;-46.63419312;823.0;50250;93.5040737564322;945.1040737564322;Line 3;0;181.968503389179
-23.106532684;-46.634206456;822.1;50220;93.44825042881644;945.0482504288165;Line 3;0;181.968503389179
-23.106803309;-46.634219792;820.5;50190;93.39242710120065;944.9924271012006;Line 3;0;181.968503389179
-23.107073934;-46.634233128;818.0;50160;93.33660377358488;944.9366037735849;Line 3;0;181.968503389179
-23.107344559;-46.634246465;815.4;50130;93.28078044596909;944.8807804459691;Line 3;0;181.968503389179
-23.107615184;-46.634259801;811.6;50100;93.2249571183533;944.8249571183533;Line 3;0;181.968503389179
-23.107885808;-46.634273138;806.4;50070;93.16913379073753;944.7691337907376;Line 3;0;181.968503389179
-23.108156433;-46.634286475;801.2;50040;93.11331046312175;944.7133104631217;Line 3;0;181.968503389179
-23.108427058;-46.634299811;796.9;50010;93.05748713550598;944.657487135506;Line 3;0;181.968503389179
-23.108697683;-46.634313148;794.0;49980;93.00166380789018;944.6016638078902;Line 3;0;181.968503389179
-23.108968308;-46.634326485;791.2;49950;92.9458404802744;944.5458404802744;Line 3;0;181.968503389179
-23.109238933;-46.634339822;789.7;49920;92.89001715265863;944.4900171526587;Line 3;0;181.968503389179
-23.109509558;-46.634353159;791.6;49890;92.83419382504285;944.4341938250428;Line 3;0;181.968503389179
-23.109780182;-46.634366497;793.3;49860;92.77837049742708;944.3783704974271;Line 3;0;181.968503389179
-23.110050807;-46.634379834;795.1;49830;92.72254716981129;944.3225471698113;Line 3;0;181.968503389179
-23.110321432;-46.634393171;797.3;49800;92.6667238421955;944.2667238421955;Line 3;0;181.968503389179
-23.110592057;-46.634406509;799.5;49770;92.61090051457973;944.2109005145797;Line 3;0;181.968503389179
-23.110862682;-46.634419846;801.7;49740;92.55507718696394;944.1550771869639;Line 3;0;181.968503389179
-23.111133306;-46.634433184;803.9;49710;92.49925385934817;944.0992538593482;Line 3;0;181.968503389179
-23.111403931;-46.634446522;806.1;49680;92.44343053173239;944.0434305317324;Line 3;0;181.968503389179
-23.111674556;-46.63445986;808.2;49650;92.38760720411659;943.9876072041166;Line 3;0;181.968503389179
-23.111945181;-46.634473198;809.8;49620;92.33178387650082;943.9317838765008;Line 3;0;181.968503389179
-23.112215805;-46.634486536;811.3;49590;92.27596054888504;943.875960548885;Line 3;0;181.968503389179
-23.11248643;-46.634499874;812.9;49560;92.22013722126927;943.8201372212693;Line 3;0;181.968503389179
-23.112757055;-46.634513212;816.7;49530;92.16431389365349;943.7643138936535;Line 3;0;181.968503389179
-23.113027679;-46.63452655;820.6;49500;92.1084905660377;943.7084905660378;Line 3;0;181.968503389179
-23.113298304;-46.634539889;824.6;49470;92.05266723842192;943.6526672384219;Line 3;0;181.968503389179
-23.113568928;-46.634553227;829.1;49440;91.99684391080613;943.5968439108061;Line 3;0;181.968503389179
-23.113839553;-46.634566566;833.6;49410;91.94102058319037;943.5410205831904;Line 3;0;181.968503389179
-23.114110178;-46.634579905;838.1;49380;91.88519725557458;943.4851972555746;Line 3;0;181.968503389179
-23.114380802;-46.634593243;843.0;49350;91.8293739279588;943.4293739279589;Line 3;0;181.968503389179
-23.114651427;-46.634606582;848.1;49320;91.77355060034301;943.373550600343;Line 3;0;181.968503389179
-23.114922051;-46.634619921;853.2;49290;91.71772727272723;943.3177272727272;Line 3;0;181.968503389179
-23.115192676;-46.63463326;857.2;49260;91.66190394511146;943.2619039451115;Line 3;0;181.968503389179
-23.115463301;-46.634646599;860.9;49230;91.60608061749568;943.2060806174957;Line 3;0;181.968503389179
-23.115733925;-46.634659938;864.7;49200;91.5502572898799;943.15025728988;Line 3;0;181.968503389179
-23.11600455;-46.634673278;865.0;49170;91.49443396226413;943.0944339622641;Line 3;0;181.968503389179
-23.116275174;-46.634686617;863.2;49140;91.43861063464833;943.0386106346483;Line 3;0;181.968503389179
-23.116545799;-46.634699957;861.7;49110;91.38278730703256;942.9827873070326;Line 3;0;181.968503389179
-23.116816423;-46.634713296;860.7;49080;91.32696397941677;942.9269639794168;Line 3;0;181.968503389179
-23.117087047;-46.634726636;860.2;49050;91.27114065180099;942.871140651801;Line 3;0;181.968503389179
-23.117357672;-46.634739976;859.6;49020;91.21531732418522;942.8153173241852;Line 3;0;181.968503389179
-23.117628296;-46.634753315;859.1;48990;91.15949399656944;942.7594939965695;Line 3;0;181.968503389179
-23.117898921;-46.634766655;858.5;48960;91.10367066895365;942.7036706689537;Line 3;0;181.968503389179
-23.118169545;-46.634779995;857.9;48930;91.04784734133787;942.6478473413379;Line 3;0;181.968503389179
-23.11844017;-46.634793335;854.9;48900;90.99202401372209;942.5920240137222;Line 3;0;181.968503389179
-23.118710794;-46.634806676;848.4;48870;90.93620068610632;942.5362006861063;Line 3;0;181.968503389179
-23.118981418;-46.634820016;841.9;48840;90.88037735849053;942.4803773584906;Line 3;0;181.968503389179
-23.119252043;-46.634833356;835.3;48810;90.82455403087475;942.4245540308748;Line 3;0;181.968503389179
-23.119522667;-46.634846697;828.4;48780;90.76873070325897;942.368730703259;Line 3;0;181.968503389179
-23.119793291;-46.634860037;821.5;48750;90.71290737564318;942.3129073756432;Line 3;0;181.968503389179
-23.120063916;-46.634873378;815.0;48720;90.65708404802741;942.2570840480274;Line 3;0;181.968503389179
-23.12033454;-46.634886719;810.1;48690;90.60126072041163;942.2012607204117;Line 3;0;181.968503389179
-23.120605164;-46.634900059;805.0;48660;90.54543739279585;942.1454373927959;Line 3;0;181.968503389179
-23.120875789;-46.6349134;799.8;48630;90.48961406518006;942.0896140651801;Line 3;0;181.968503389179
-23.121146413;-46.634926741;795.1;48600;90.43379073756428;942.0337907375643;Line 3;0;181.968503389179
-23.121417037;-46.634940082;790.4;48570;90.37796740994851;941.9779674099485;Line 3;0;181.968503389179
-23.121687661;-46.634953424;785.8;48540;90.32214408233273;941.9221440823328;Line 3;0;181.968503389179
-23.121958286;-46.634966765;783.4;48510;90.26632075471696;941.866320754717;Line 3;0;181.968503389179
-23.12222891;-46.634980106;781.1;48480;90.21049742710116;941.8104974271012;Line 3;0;181.968503389179
-23.122499534;-46.634993448;778.9;48450;90.15467409948538;941.7546740994854;Line 3;0;181.968503389179
-23.122770158;-46.635006789;779.7;48420;90.0988507718696;941.6988507718696;Line 3;0;181.968503389179
-23.123040782;-46.635020131;780.5;48390;90.04302744425382;941.6430274442539;Line 3;0;181.968503389179
-23.123311406;-46.635033473;781.3;48360;89.98720411663805;941.5872041166381;Line 3;0;181.968503389179
-23.123582031;-46.635046814;778.6;48330;89.93138078902227;941.5313807890223;Line 3;0;181.968503389179
-23.123852655;-46.635060156;775.6;48300;89.87555746140647;941.4755574614065;Line 3;0;181.968503389179
-23.124123279;-46.635073498;772.4;48270;89.8197341337907;941.4197341337907;Line 3;0;181.968503389179
-23.124393903;-46.63508684;768.4;48240;89.76391080617492;941.363910806175;Line 3;0;181.968503389179
-23.124664527;-46.635100183;764.3;48210;89.70808747855915;941.3080874785592;Line 3;0;181.968503389179
-23.124935151;-46.635113525;760.1;48180;89.65226415094337;941.2522641509433;Line 3;0;181.968503389179
-23.125205775;-46.635126867;759.1;48150;89.59644082332757;941.1964408233276;Line 3;0;181.968503389179
-23.125476399;-46.63514021;759.0;48120;89.5406174957118;941.1406174957118;Line 3;0;181.968503389179
-23.125747023;-46.635153552;758.9;48090;89.48479416809602;941.0847941680961;Line 3;0;181.968503389179
-23.126017647;-46.635166895;759.6;48060;89.42897084048025;941.0289708404803;Line 3;0;181.968503389179
-23.126288271;-46.635180237;760.6;48030;89.37314751286446;940.9731475128644;Line 3;0;181.968503389179
-23.126558895;-46.63519358;761.6;48000;89.31732418524868;940.9173241852487;Line 3;0;181.968503389179
-23.126829519;-46.635206923;763.5;47970;89.2615008576329;940.8615008576329;Line 3;0;181.968503389179
-23.127100143;-46.635220266;765.8;47940;89.20567753001711;940.8056775300172;Line 3;0;181.968503389179
-23.127370767;-46.635233609;768.1;47910;89.14985420240134;940.7498542024014;Line 3;0;181.968503389179
-23.127641391;-46.635246952;770.0;47880;89.09403087478556;940.6940308747855;Line 3;0;181.968503389179
-23.127912015;-46.635260296;771.7;47850;89.03820754716978;940.6382075471698;Line 3;0;181.968503389179
-23.128182639;-46.635273639;773.4;47820;88.98238421955399;940.582384219554;Line 3;0;181.968503389179
-23.128453263;-46.635286982;773.8;47790;88.92656089193821;940.5265608919383;Line 3;0;181.968503389179
-23.128723887;-46.635300326;772.6;47760;88.87073756432244;940.4707375643225;Line 3;0;181.968503389179
-23.128994511;-46.635313669;771.6;47730;88.81491423670666;940.4149142367066;Line 3;0;181.968503389179
-23.129265135;-46.635327013;770.8;47700;88.75909090909087;940.3590909090909;Line 3;0;181.968503389179
-23.129535759;-46.635340357;770.5;47670;88.7032675814751;940.3032675814751;Line 3;0;181.968503389179
-23.129806382;-46.635353701;770.4;47640;88.6474442538593;940.2474442538594;Line 3;0;181.968503389179
-23.130077006;-46.635367045;770.8;47610;88.59162092624354;940.1916209262436;Line 3;0;181.968503389179
-23.13034763;-46.635380389;772.8;47580;88.53579759862775;940.1357975986277;Line 3;0;181.968503389179
-23.130618254;-46.635393733;774.7;47550;88.47997427101197;940.079974271012;Line 3;0;181.968503389179
-23.130888878;-46.635407077;777.3;47520;88.4241509433962;940.0241509433962;Line 3;0;181.968503389179
-23.131159501;-46.635420421;781.6;47490;88.3683276157804;939.9683276157805;Line 3;0;181.968503389179
-23.131430125;-46.635433766;786.0;47460;88.31250428816463;939.9125042881647;Line 3;0;181.968503389179
-23.131700749;-46.63544711;790.3;47430;88.25668096054885;939.8566809605488;Line 3;0;181.968503389179
-23.131971373;-46.635460455;793.4;47400;88.20085763293307;939.8008576329331;Line 3;0;181.968503389179
-23.132241996;-46.6354738;796.5;47370;88.1450343053173;939.7450343053173;Line 3;0;181.968503389179
-23.13251262;-46.635487144;799.6;47340;88.08921097770151;939.6892109777016;Line 3;0;181.968503389179
-23.132783244;-46.635500489;803.8;47310;88.03338765008573;939.6333876500858;Line 3;0;181.968503389179
-23.133053868;-46.635513834;808.0;47280;87.97756432246995;939.5775643224699;Line 3;0;181.968503389179
-23.133324491;-46.635527179;812.3;47250;87.92174099485416;939.5217409948542;Line 3;0;181.968503389179
-23.133595115;-46.635540524;814.6;47220;87.86591766723839;939.4659176672384;Line 3;0;181.968503389179
-23.133865739;-46.63555387;816.8;47190;87.81009433962261;939.4100943396227;Line 3;0;181.968503389179
-23.134136362;-46.635567215;819.0;47160;87.75427101200683;939.3542710120068;Line 3;0;181.968503389179
-23.134406986;-46.63558056;821.4;47130;87.69844768439104;939.298447684391;Line 3;0;181.968503389179
-23.134677609;-46.635593906;823.7;47100;87.64262435677526;939.2426243567753;Line 3;0;181.968503389179
-23.134948233;-46.635607251;826.1;47070;87.58680102915949;939.1868010291595;Line 3;0;181.968503389179
-23.135218857;-46.635620597;827.0;47040;87.5309777015437;939.1309777015438;Line 3;0;181.968503389179
-23.13548948;-46.635633943;827.6;47010;87.47515437392794;939.075154373928;Line 3;0;181.968503389179
-23.135760104;-46.635647289;828.3;46980;87.41933104631214;939.0193310463121;Line 3;0;181.968503389179
-23.136030727;-46.635660635;829.6;46950;87.36350771869635;938.9635077186964;Line 3;0;181.968503389179
-23.136301351;-46.635673981;831.2;46920;87.30768439108058;938.9076843910806;Line 3;0;181.968503389179
-23.136571974;-46.635687327;832.6;46890;87.2518610634648;938.8518610634649;Line 3;0;181.968503389179
-23.136842598;-46.635700673;833.3;46860;87.19603773584903;938.796037735849;Line 3;0;181.968503389179
-23.137113221;-46.635714019;833.4;46830;87.14021440823325;938.7402144082332;Line 3;0;181.968503389179
-23.137383845;-46.635727366;833.3;46800;87.08439108061745;938.6843910806175;Line 3;0;181.968503389179
-23.137654468;-46.635740712;831.1;46770;87.02856775300168;938.6285677530017;Line 3;0;181.968503389179
-23.137925092;-46.635754059;827.2;46740;86.9727444253859;938.572744425386;Line 3;0;181.968503389179
-23.138195715;-46.635767405;823.2;46710;86.91692109777013;938.5169210977701;Line 3;0;181.968503389179
-23.138466339;-46.635780752;821.0;46680;86.86109777015434;938.4610977701543;Line 3;0;181.968503389179
-23.138736962;-46.635794099;820.7;46650;86.80527444253855;938.4052744425386;Line 3;0;181.968503389179
-23.139007585;-46.635807446;820.4;46620;86.74945111492278;938.3494511149228;Line 3;0;181.968503389179
-23.139278209;-46.635820793;819.8;46590;86.693627787307;938.2936277873071;Line 3;0;181.968503389179
-23.139548832;-46.63583414;818.6;46560;86.63780445969122;938.2378044596912;Line 3;0;181.968503389179
-23.139819455;-46.635847487;817.4;46530;86.58198113207544;938.1819811320754;Line 3;0;181.968503389179
-23.140090079;-46.635860834;815.6;46500;86.52615780445966;938.1261578044597;Line 3;0;181.968503389179
-23.140360702;-46.635874182;812.5;46470;86.47033447684387;938.0703344768439;Line 3;0;181.968503389179
-23.140631325;-46.635887529;809.5;46440;86.41451114922809;938.0145111492282;Line 3;0;181.968503389179
-23.140901949;-46.635900877;807.8;46410;86.35868782161232;937.9586878216123;Line 3;0;181.968503389179
-23.141172572;-46.635914224;809.7;46380;86.30286449399654;937.9028644939965;Line 3;0;181.968503389179
-23.141443195;-46.635927572;811.6;46350;86.24704116638077;937.8470411663808;Line 3;0;181.968503389179
-23.141713819;-46.63594092;813.8;46320;86.19121783876497;937.791217838765;Line 3;0;181.968503389179
-23.141984442;-46.635954268;816.8;46290;86.13539451114919;937.7353945111493;Line 3;0;181.968503389179
-23.142255065;-46.635967616;819.8;46260;86.07957118353342;937.6795711835334;Line 3;0;181.968503389179
-23.142525688;-46.635980964;822.3;46230;86.02374785591763;937.6237478559176;Line 3;0;181.968503389179
-23.142796312;-46.635994312;821.1;46200;85.96792452830186;937.5679245283019;Line 3;0;181.968503389179
-23.143066935;-46.63600766;819.8;46170;85.91210120068608;937.5121012006861;Line 3;0;181.968503389179
-23.143337558;-46.636021009;818.5;46140;85.85627787307028;937.4562778730703;Line 3;0;181.968503389179
-23.143608181;-46.636034357;816.4;46110;85.80045454545451;937.4004545454545;Line 3;0;181.968503389179
-23.143878804;-46.636047706;814.2;46080;85.74463121783873;937.3446312178387;Line 3;0;181.968503389179
-23.144149427;-46.636061054;812.1;46050;85.68880789022296;937.288807890223;Line 3;0;181.968503389179
-23.144420051;-46.636074403;812.5;46020;85.63298456260718;937.2329845626072;Line 3;0;181.968503389179
-23.144690674;-46.636087752;813.2;45990;85.57716123499138;937.1771612349914;Line 3;0;181.968503389179
-23.144961297;-46.636101101;813.9;45960;85.52133790737561;937.1213379073756;Line 3;0;181.968503389179
-23.14523192;-46.63611445;818.1;45930;85.46551457975983;937.0655145797598;Line 3;0;181.968503389179
-23.145502543;-46.636127799;822.7;45900;85.40969125214406;937.0096912521441;Line 3;0;181.968503389179
-23.145773166;-46.636141148;827.4;45870;85.35386792452827;936.9538679245283;Line 3;0;181.968503389179
-23.146043789;-46.636154497;830.8;45840;85.29804459691249;936.8980445969125;Line 3;0;181.968503389179
-23.146314412;-46.636167847;834.1;45810;85.2422212692967;936.8422212692967;Line 3;0;181.968503389179
-23.146585035;-46.636181196;837.4;45780;85.18639794168092;936.7863979416809;Line 3;0;181.968503389179
-23.146855658;-46.636194546;839.1;45750;85.13057461406515;936.7305746140652;Line 3;0;181.968503389179
-23.147126281;-46.636207895;840.2;45720;85.07475128644937;936.6747512864494;Line 3;0;181.968503389179
-23.147396904;-46.636221245;841.3;45690;85.01892795883359;936.6189279588336;Line 3;0;181.968503389179
-23.147667527;-46.636234595;840.8;45660;84.9631046312178;936.5631046312178;Line 3;0;181.968503389179
-23.14793815;-46.636247945;839.3;45630;84.90728130360202;936.507281303602;Line 3;0;181.968503389179
-23.148208773;-46.636261295;837.9;45600;84.85145797598625;936.4514579759863;Line 3;0;181.968503389179
-23.148479396;-46.636274645;837.9;45570;84.79563464837047;936.3956346483704;Line 3;0;181.968503389179
-23.148750019;-46.636287995;839.3;45540;84.73981132075468;936.3398113207547;Line 3;0;181.968503389179
-23.149020642;-46.636301345;840.7;45510;84.68398799313891;936.2839879931389;Line 3;0;181.968503389179
-23.149291265;-46.636314696;840.4;45480;84.62816466552312;936.2281646655231;Line 3;0;181.968503389179
-23.149561888;-46.636328046;838.1;45450;84.57234133790735;936.1723413379074;Line 3;0;181.968503389179
-23.149832511;-46.636341397;835.9;45420;84.51651801029156;936.1165180102915;Line 3;0;181.968503389179
-23.150103133;-46.636354747;834.9;45390;84.46069468267578;936.0606946826758;Line 3;0;181.968503389179
-23.150373756;-46.636368098;835.6;45360;84.40487135506001;936.00487135506;Line 3;0;181.968503389179
-23.150644379;-46.636381449;836.3;45330;84.34904802744423;935.9490480274443;Line 3;0;181.968503389179
-23.150915002;-46.636394799;837.4;45300;84.29322469982844;935.8932246998285;Line 3;0;181.968503389179
-23.151185625;-46.63640815;839.6;45270;84.23740137221266;935.8374013722126;Line 3;0;181.968503389179
-23.151456248;-46.636421502;841.9;45240;84.18157804459688;935.7815780445969;Line 3;0;181.968503389179
-23.15172687;-46.636434853;844.7;45210;84.1257547169811;935.7257547169811;Line 3;0;181.968503389179
-23.151997493;-46.636448204;849.8;45180;84.06993138936532;935.6699313893654;Line 3;0;181.968503389179
-23.152268116;-46.636461555;855.0;45150;84.01410806174954;935.6141080617496;Line 3;0;181.968503389179
-23.152538739;-46.636474907;860.1;45120;83.95828473413376;935.5582847341337;Line 3;0;181.968503389179
-23.152809361;-46.636488258;864.9;45090;83.90246140651797;935.502461406518;Line 3;0;181.968503389179
-23.153079984;-46.63650161;869.7;45060;83.8466380789022;935.4466380789022;Line 3;0;181.968503389179
-23.153350607;-46.636514961;874.4;45030;83.79081475128642;935.3908147512865;Line 3;0;181.968503389179
-23.15362123;-46.636528313;877.9;45000;83.73499142367064;935.3349914236707;Line 3;0;181.968503389179
-23.153891852;-46.636541665;881.3;44970;83.67916809605485;935.2791680960548;Line 3;0;181.968503389179
-23.154162475;-46.636555017;884.7;44940;83.62334476843907;935.2233447684391;Line 3;0;181.968503389179
-23.154433098;-46.636568369;882.5;44910;83.5675214408233;935.1675214408233;Line 3;0;181.968503389179
-23.15470372;-46.636581721;880.2;44880;83.51169811320752;935.1116981132076;Line 3;0;181.968503389179
-23.154974343;-46.636595073;877.9;44850;83.45587478559175;935.0558747855918;Line 3;0;181.968503389179
-23.155244965;-46.636608426;878.4;44820;83.40005145797595;935.0000514579759;Line 3;0;181.968503389179
-23.155515588;-46.636621778;879.2;44790;83.34422813036016;934.9442281303602;Line 3;0;181.968503389179
-23.155786211;-46.636635131;880.1;44760;83.2884048027444;934.8884048027444;Line 3;0;181.968503389179
-23.156056833;-46.636648483;880.7;44730;83.23258147512861;934.8325814751287;Line 3;0;181.968503389179
-23.156327456;-46.636661836;881.0;44700;83.17675814751284;934.7767581475129;Line 3;0;181.968503389179
-23.156598078;-46.636675189;880.7;44670;83.12093481989706;934.7209348198971;Line 3;0;181.968503389179
-23.156868701;-46.636688542;879.3;44640;83.06511149228126;934.6651114922813;Line 3;0;181.968503389179
-23.157139323;-46.636701895;877.5;44610;83.00928816466549;934.6092881646655;Line 3;0;181.968503389179
-23.157409946;-46.636715248;875.8;44580;82.95346483704971;934.5534648370498;Line 3;0;181.968503389179
-23.157680568;-46.636728601;870.5;44550;82.89764150943394;934.497641509434;Line 3;0;181.968503389179
-23.157951191;-46.636741954;863.4;44520;82.84181818181816;934.4418181818182;Line 3;0;181.968503389179
-23.158221813;-46.636755307;856.5;44490;82.78599485420236;934.3859948542024;Line 3;0;181.968503389179
-23.158492436;-46.636768661;849.5;44460;82.73017152658659;934.3301715265866;Line 3;0;181.968503389179
-23.158763058;-46.636782014;842.6;44430;82.6743481989708;934.2743481989709;Line 3;0;181.968503389179
-23.159033681;-46.636795368;835.6;44400;82.61852487135504;934.218524871355;Line 3;0;181.968503389179
-23.159304303;-46.636808721;829.1;44370;82.56270154373925;934.1627015437393;Line 3;0;181.968503389179
-23.159574925;-46.636822075;823.2;44340;82.50687821612347;934.1068782161235;Line 3;0;181.968503389179
-23.159845548;-46.636835429;817.7;44310;82.45105488850768;934.0510548885077;Line 3;0;181.968503389179
-23.16011617;-46.636848783;815.0;44280;82.3952315608919;933.995231560892;Line 3;0;181.968503389179
-23.160386793;-46.636862137;816.2;44250;82.33940823327613;933.9394082332761;Line 3;0;181.968503389179
-23.160657415;-46.636875491;817.5;44220;82.28358490566035;933.8835849056604;Line 3;0;181.968503389179
-23.160928037;-46.636888845;820.1;44190;82.22776157804456;933.8277615780446;Line 3;0;181.968503389179
-23.16119866;-46.6369022;825.1;44160;82.17193825042878;933.7719382504288;Line 3;0;181.968503389179
-23.161469282;-46.636915554;830.0;44130;82.116114922813;933.7161149228131;Line 3;0;181.968503389179
-23.161739904;-46.636928908;833.3;44100;82.06029159519723;933.6602915951972;Line 3;0;181.968503389179
-23.162010527;-46.636942263;832.4;44070;82.00446826758144;933.6044682675815;Line 3;0;181.968503389179
-23.162281149;-46.636955618;831.6;44040;81.94864493996566;933.5486449399657;Line 3;0;181.968503389179
-23.162551771;-46.636968972;831.0;44010;81.89282161234989;933.4928216123499;Line 3;0;181.968503389179
-23.162822393;-46.636982327;831.0;43980;81.8369982847341;933.4369982847342;Line 3;0;181.968503389179
-23.163093016;-46.636995682;831.0;43950;81.78117495711832;933.3811749571183;Line 3;0;181.968503389179
-23.163363638;-46.637009037;830.5;43920;81.72535162950254;933.3253516295026;Line 3;0;181.968503389179
-23.16363426;-46.637022392;827.3;43890;81.66952830188676;933.2695283018868;Line 3;0;181.968503389179
-23.163904882;-46.637035747;823.9;43860;81.61370497427099;933.213704974271;Line 3;0;181.968503389179
-23.164175504;-46.637049103;820.5;43830;81.55788164665519;933.1578816466553;Line 3;0;181.968503389179
-23.164446127;-46.637062458;816.7;43800;81.50205831903942;933.1020583190394;Line 3;0;181.968503389179
-23.164716749;-46.637075814;813.0;43770;81.44623499142364;933.0462349914237;Line 3;0;181.968503389179
-23.164987371;-46.637089169;809.3;43740;81.39041166380785;932.9904116638079;Line 3;0;181.968503389179
-23.165257993;-46.637102525;808.9;43710;81.33458833619208;932.9345883361921;Line 3;0;181.968503389179
-23.165528615;-46.63711588;808.6;43680;81.2787650085763;932.8787650085764;Line 3;0;181.968503389179
-23.165799237;-46.637129236;808.4;43650;81.22294168096052;932.8229416809605;Line 3;0;181.968503389179
-23.166069859;-46.637142592;806.0;43620;81.16711835334473;932.7671183533448;Line 3;0;181.968503389179
-23.166340481;-46.637155948;803.2;43590;81.11129502572895;932.711295025729;Line 3;0;181.968503389179
-23.166611103;-46.637169304;800.2;43560;81.05547169811318;932.6554716981132;Line 3;0;181.968503389179
-23.166881725;-46.637182661;800.4;43530;80.9996483704974;932.5996483704974;Line 3;0;181.968503389179
-23.167152347;-46.637196017;801.3;43500;80.94382504288161;932.5438250428816;Line 3;0;181.968503389179
-23.167422969;-46.637209373;802.1;43470;80.88800171526583;932.4880017152659;Line 3;0;181.968503389179
-23.167693592;-46.63722273;804.7;43440;80.83217838765005;932.4321783876501;Line 3;0;181.968503389179
-23.167964214;-46.637236086;808.0;43410;80.77635506003428;932.3763550600343;Line 3;0;181.968503389179
-23.168234835;-46.637249443;811.3;43380;80.7205317324185;932.3205317324185;Line 3;0;181.968503389179
-23.168505457;-46.6372628;815.6;43350;80.66470840480272;932.2647084048027;Line 3;0;181.968503389179
-23.168776079;-46.637276156;820.7;43320;80.60888507718693;932.208885077187;Line 3;0;181.968503389179
-23.169046701;-46.637289513;825.7;43290;80.55306174957114;932.1530617495712;Line 3;0;181.968503389179
-23.169317323;-46.63730287;827.7;43260;80.49723842195537;932.0972384219554;Line 3;0;181.968503389179
-23.169587945;-46.637316227;827.1;43230;80.44141509433959;932.0414150943396;Line 3;0;181.968503389179
-23.169858567;-46.637329584;826.6;43200;80.38559176672382;931.9855917667238;Line 3;0;181.968503389179
-23.170129189;-46.637342942;823.6;43170;80.32976843910804;931.9297684391081;Line 3;0;181.968503389179
-23.170399811;-46.637356299;817.6;43140;80.27394511149224;931.8739451114923;Line 3;0;181.968503389179
-23.170670433;-46.637369657;811.6;43110;80.21812178387647;931.8181217838764;Line 3;0;181.968503389179
-23.170941055;-46.637383014;807.2;43080;80.16229845626069;931.7622984562607;Line 3;0;181.968503389179
-23.171211676;-46.637396372;805.1;43050;80.10647512864492;931.7064751286449;Line 3;0;181.968503389179
-23.171482298;-46.637409729;803.1;43020;80.05065180102913;931.6506518010292;Line 3;0;181.968503389179
-23.17175292;-46.637423087;801.5;42990;79.99482847341334;931.5948284734134;Line 3;0;181.968503389179
-23.172023542;-46.637436445;800.3;42960;79.93900514579757;931.5390051457975;Line 3;0;181.968503389179
-23.172294164;-46.637449803;799.1;42930;79.88318181818178;931.4831818181818;Line 3;0;181.968503389179
-23.172564785;-46.637463161;797.2;42900;79.82735849056601;931.427358490566;Line 3;0;181.968503389179
-23.172835407;-46.637476519;792.7;42870;79.77153516295023;931.3715351629503;Line 3;0;181.968503389179
-23.173106029;-46.637489878;788.1;42840;79.71571183533445;931.3157118353345;Line 3;0;181.968503389179
-23.173376651;-46.637503236;784.2;42810;79.65988850771866;931.2598885077186;Line 3;0;181.968503389179
-23.173647272;-46.637516594;785.6;42780;79.60406518010288;931.2040651801029;Line 3;0;181.968503389179
-23.173917894;-46.637529953;786.8;42750;79.54824185248711;931.1482418524871;Line 3;0;181.968503389179
-23.174188516;-46.637543312;788.2;42720;79.49241852487133;931.0924185248714;Line 3;0;181.968503389179
-23.174459138;-46.63755667;792.9;42690;79.43659519725556;931.0365951972556;Line 3;0;181.968503389179
-23.174729759;-46.637570029;797.6;42660;79.38077186963976;930.9807718696397;Line 3;0;181.968503389179
-23.175000381;-46.637583388;802.2;42630;79.32494854202398;930.924948542024;Line 3;0;181.968503389179
-23.175271002;-46.637596747;803.7;42600;79.2691252144082;930.8691252144082;Line 3;0;181.968503389179
-23.175541624;-46.637610106;805.3;42570;79.21330188679242;930.8133018867925;Line 3;0;181.968503389179
-23.175812246;-46.637623465;806.8;42540;79.15747855917665;930.7574785591767;Line 3;0;181.968503389179
-23.176082867;-46.637636824;810.2;42510;79.10165523156087;930.7016552315608;Line 3;0;181.968503389179
-23.176353489;-46.637650184;813.7;42480;79.04583190394507;930.6458319039451;Line 3;0;181.968503389179
-23.176624111;-46.637663543;817.3;42450;78.9900085763293;930.5900085763293;Line 3;0;181.968503389179
-23.176894732;-46.637676903;822.3;42420;78.93418524871352;930.5341852487136;Line 3;0;181.968503389179
-23.177165354;-46.637690262;827.7;42390;78.87836192109775;930.4783619210978;Line 3;0;181.968503389179
-23.177435975;-46.637703622;833.0;42360;78.82253859348197;930.4225385934819;Line 3;0;181.968503389179
-23.177706597;-46.637716982;837.0;42330;78.76671526586617;930.3667152658662;Line 3;0;181.968503389179
-23.177977218;-46.637730342;840.6;42300;78.7108919382504;930.3108919382504;Line 3;0;181.968503389179
-23.17824784;-46.637743702;844.2;42270;78.65506861063461;930.2550686106347;Line 3;0;181.968503389179
-23.178518461;-46.637757062;846.4;42240;78.59924528301885;930.1992452830189;Line 3;0;181.968503389179
-23.178789083;-46.637770422;848.0;42210;78.54342195540306;930.143421955403;Line 3;0;181.968503389179
-23.179059704;-46.637783782;849.6;42180;78.48759862778728;930.0875986277873;Line 3;0;181.968503389179
-23.179330326;-46.637797142;851.4;42150;78.4317753001715;930.0317753001715;Line 3;0;181.968503389179
-23.179600947;-46.637810503;853.2;42120;78.37595197255571;929.9759519725558;Line 3;0;181.968503389179
-23.179871568;-46.637823863;855.1;42090;78.32012864493994;929.92012864494;Line 3;0;181.968503389179
-23.18014219;-46.637837224;856.7;42060;78.26430531732416;929.8643053173241;Line 3;0;181.968503389179
-23.180412811;-46.637850584;858.0;42030;78.20848198970837;929.8084819897084;Line 3;0;181.968503389179
-23.180683433;-46.637863945;859.4;42000;78.15265866209259;929.7526586620926;Line 3;0;181.968503389179
-23.180954054;-46.637877306;861.3;41970;78.09683533447681;929.6968353344769;Line 3;0;181.968503389179
-23.181224675;-46.637890667;863.7;41940;78.04101200686104;929.641012006861;Line 3;0;181.968503389179
-23.181495297;-46.637904028;866.0;41910;77.98518867924525;929.5851886792452;Line 3;0;181.968503389179
-23.181765918;-46.637917389;867.3;41880;77.92936535162947;929.5293653516295;Line 3;0;181.968503389179
-23.182036539;-46.63793075;866.6;41850;77.8735420240137;929.4735420240137;Line 3;0;181.968503389179
-23.182307161;-46.637944112;865.9;41820;77.8177186963979;929.417718696398;Line 3;0;181.968503389179
-23.182577782;-46.637957473;863.9;41790;77.76189536878213;929.3618953687821;Line 3;0;181.968503389179
-23.182848403;-46.637970835;858.7;41760;77.70607204116635;929.3060720411663;Line 3;0;181.968503389179
-23.183119024;-46.637984196;853.4;41730;77.65024871355057;929.2502487135506;Line 3;0;181.968503389179
-23.183389646;-46.637997558;847.9;41700;77.5944253859348;929.1944253859348;Line 3;0;181.968503389179
-23.183660267;-46.63801092;841.3;41670;77.53860205831901;929.1386020583191;Line 3;0;181.968503389179
-23.183930888;-46.638024282;834.9;41640;77.48277873070323;929.0827787307032;Line 3;0;181.968503389179
-23.184201509;-46.638037644;828.8;41610;77.42695540308745;929.0269554030874;Line 3;0;181.968503389179
-23.184472131;-46.638051006;825.3;41580;77.37113207547166;928.9711320754717;Line 3;0;181.968503389179
-23.184742752;-46.638064368;821.8;41550;77.3153087478559;928.9153087478559;Line 3;0;181.968503389179
-23.185013373;-46.63807773;818.6;41520;77.25948542024011;928.8594854202402;Line 3;0;181.968503389179
-23.185283994;-46.638091092;817.9;41490;77.20366209262433;928.8036620926243;Line 3;0;181.968503389179
-23.185554615;-46.638104455;817.3;41460;77.14783876500854;928.7478387650085;Line 3;0;181.968503389179
-23.185825236;-46.638117817;816.7;41430;77.09201543739276;928.6920154373928;Line 3;0;181.968503389179
-23.186095858;-46.63813118;817.6;41400;77.03619210977699;928.636192109777;Line 3;0;181.968503389179
-23.186366479;-46.638144542;818.6;41370;76.98036878216121;928.5803687821613;Line 3;0;181.968503389179
-23.1866371;-46.638157905;819.6;41340;76.92454545454542;928.5245454545454;Line 3;0;181.968503389179
-23.186907721;-46.638171268;821.8;41310;76.86872212692964;928.4687221269296;Line 3;0;181.968503389179
-23.187178342;-46.638184631;824.1;41280;76.81289879931386;928.4128987993139;Line 3;0;181.968503389179
-23.187448963;-46.638197994;826.3;41250;76.75707547169809;928.3570754716981;Line 3;0;181.968503389179
-23.187719584;-46.638211357;830.2;41220;76.7012521440823;928.3012521440824;Line 3;0;181.968503389179
-23.187990205;-46.63822472;834.7;41190;76.64542881646653;928.2454288164665;Line 3;0;181.968503389179
-23.188260826;-46.638238084;839.1;41160;76.58960548885074;928.1896054888507;Line 3;0;181.968503389179
-23.188531447;-46.638251447;841.8;41130;76.53378216123495;928.133782161235;Line 3;0;181.968503389179
-23.188802068;-46.63826481;843.7;41100;76.47795883361918;928.0779588336192;Line 3;0;181.968503389179
-23.189072689;-46.638278174;845.8;41070;76.4221355060034;928.0221355060035;Line 3;0;181.968503389179
-23.18934331;-46.638291538;845.8;41040;76.36631217838763;927.9663121783876;Line 3;0;181.968503389179
-23.189613931;-46.638304901;844.9;41010;76.31048885077185;927.9104888507719;Line 3;0;181.968503389179
-23.189884552;-46.638318265;844.1;40980;76.25466552315605;927.8546655231561;Line 3;0;181.968503389179
-23.190155173;-46.638331629;843.0;40950;76.19884219554028;927.7988421955403;Line 3;0;181.968503389179
-23.190425794;-46.638344993;841.6;40920;76.1430188679245;927.7430188679245;Line 3;0;181.968503389179
-23.190696415;-46.638358357;840.2;40890;76.08719554030873;927.6871955403087;Line 3;0;181.968503389179
-23.190967035;-46.638371721;838.0;40860;76.03137221269294;927.631372212693;Line 3;0;181.968503389179
-23.191237656;-46.638385086;835.0;40830;75.97554888507715;927.5755488850772;Line 3;0;181.968503389179
-23.191508277;-46.63839845;832.0;40800;75.91972555746138;927.5197255574614;Line 3;0;181.968503389179
-23.191778898;-46.638411815;830.0;40770;75.86390222984559;927.4639022298456;Line 3;0;181.968503389179
-23.192049519;-46.638425179;829.6;40740;75.80807890222982;927.4080789022298;Line 3;0;181.968503389179
-23.19232014;-46.638438544;829.2;40710;75.75225557461404;927.3522555746141;Line 3;0;181.968503389179
-23.19259076;-46.638451909;830.7;40680;75.69643224699826;927.2964322469983;Line 3;0;181.968503389179
-23.192861381;-46.638465273;836.0;40650;75.64060891938247;927.2406089193825;Line 3;0;181.968503389179
-23.193132002;-46.638478638;841.3;40620;75.58478559176669;927.1847855917667;Line 3;0;181.968503389179
-23.193402623;-46.638492003;847.4;40590;75.52896226415092;927.1289622641509;Line 3;0;181.968503389179
-23.193673244;-46.638505368;855.5;40560;75.47313893653514;927.0731389365352;Line 3;0;181.968503389179
-23.193943864;-46.638518734;863.5;40530;75.41731560891935;927.0173156089194;Line 3;0;181.968503389179
-23.194214485;-46.638532099;871.0;40500;75.36149228130357;926.9614922813035;Line 3;0;181.968503389179
-23.194485106;-46.638545464;875.9;40470;75.30566895368779;926.9056689536878;Line 3;0;181.968503389179
-23.194755726;-46.63855883;880.7;40440;75.24984562607202;926.849845626072;Line 3;0;181.968503389179
-23.195026347;-46.638572195;884.5;40410;75.19402229845623;926.7940222984563;Line 3;0;181.968503389179
-23.195296968;-46.638585561;881.3;40380;75.13819897084045;926.7381989708405;Line 3;0;181.968503389179
-23.195567588;-46.638598927;877.9;40350;75.08237564322468;926.6823756432248;Line 3;0;181.968503389179
-23.195838209;-46.638612292;874.7;40320;75.02655231560888;926.6265523156089;Line 3;0;181.968503389179
-23.19610883;-46.638625658;877.4;40290;74.97072898799311;926.5707289879931;Line 3;0;181.968503389179
-23.19637945;-46.638639024;880.2;40260;74.91490566037733;926.5149056603774;Line 3;0;181.968503389179
-23.196650071;-46.63865239;882.9;40230;74.85908233276155;926.4590823327616;Line 3;0;181.968503389179
-23.196920692;-46.638665757;886.6;40200;74.80325900514578;926.4032590051459;Line 3;0;181.968503389179
-23.197191312;-46.638679123;890.2;40170;74.74743567752998;926.34743567753;Line 3;0;181.968503389179
-23.197461933;-46.638692489;893.6;40140;74.69161234991421;926.2916123499142;Line 3;0;181.968503389179
-23.197732553;-46.638705856;896.0;40110;74.63578902229843;926.2357890222985;Line 3;0;181.968503389179
-23.198003174;-46.638719222;898.3;40080;74.57996569468264;926.1799656946827;Line 3;0;181.968503389179
-23.198273794;-46.638732589;900.7;40050;74.52414236706687;926.124142367067;Line 3;0;181.968503389179
-23.198544415;-46.638745956;904.6;40020;74.46831903945109;926.0683190394511;Line 3;0;181.968503389179
-23.198815035;-46.638759322;908.9;39990;74.4124957118353;926.0124957118353;Line 3;0;181.968503389179
-23.199085656;-46.638772689;913.3;39960;74.35667238421952;925.9566723842196;Line 3;0;181.968503389179
-23.199356276;-46.638786056;917.0;39930;74.30084905660374;925.9008490566038;Line 3;0;181.968503389179
-23.199626897;-46.638799423;920.6;39900;74.24502572898797;925.845025728988;Line 3;0;181.968503389179
-23.199897517;-46.638812791;924.1;39870;74.18920240137219;925.7892024013722;Line 3;0;181.968503389179
-23.200168138;-46.638826158;928.0;39840;74.1333790737564;925.7333790737564;Line 3;1;181.968503389179
-23.200438758;-46.638839525;932.1;39810;74.07755574614062;925.6775557461407;Line 3;1;181.968503389179
-23.200709378;-46.638852893;936.2;39780;74.02173241852483;925.6217324185249;Line 3;1;181.968503389179
-23.200979999;-46.63886626;940.4;39750;73.96590909090907;925.5659090909091;Line 3;1;181.968503389179
-23.201250619;-46.638879628;944.8;39720;73.91008576329328;925.5100857632933;Line 3;1;181.968503389179
-23.20152124;-46.638892995;949.2;39690;73.85426243567751;925.4542624356775;Line 3;1;181.968503389179
-23.20179186;-46.638906363;951.1;39660;73.79843910806171;925.3984391080618;Line 3;1;181.968503389179
-23.20206248;-46.638919731;950.2;39630;73.74261578044593;925.342615780446;Line 3;1;181.968503389179
-23.202333101;-46.638933099;949.4;39600;73.68679245283016;925.2867924528302;Line 3;1;181.968503389179
-23.202603721;-46.638946467;946.0;39570;73.63096912521438;925.2309691252144;Line 3;1;181.968503389179
-23.202874341;-46.638959835;938.2;39540;73.57514579759861;925.1751457975986;Line 3;1;181.968503389179
-23.203144962;-46.638973204;930.6;39510;73.51932246998282;925.1193224699829;Line 3;1;181.968503389179
-23.203415582;-46.638986572;923.7;39480;73.46349914236703;925.063499142367;Line 3;0;181.968503389179
-23.203686202;-46.63899994;918.1;39450;73.40767581475126;925.0076758147513;Line 3;0;181.968503389179
-23.203956822;-46.639013309;912.5;39420;73.35185248713547;924.9518524871355;Line 3;0;181.968503389179
-23.204227443;-46.639026677;906.5;39390;73.2960291595197;924.8960291595197;Line 3;0;181.968503389179
-23.204498063;-46.639040046;899.4;39360;73.24020583190392;924.840205831904;Line 3;0;181.968503389179
-23.204768683;-46.639053415;892.1;39330;73.18438250428812;924.7843825042881;Line 3;0;181.968503389179
-23.205039303;-46.639066784;885.5;39300;73.12855917667235;924.7285591766724;Line 3;0;181.968503389179
-23.205309923;-46.639080153;883.7;39270;73.07273584905657;924.6727358490566;Line 3;0;181.968503389179
-23.205580544;-46.639093522;881.9;39240;73.0169125214408;924.6169125214408;Line 3;0;181.968503389179
-23.205851164;-46.639106891;880.2;39210;72.96108919382502;924.5610891938251;Line 3;0;181.968503389179
-23.206121784;-46.63912026;882.4;39180;72.90526586620923;924.5052658662092;Line 3;0;181.968503389179
-23.206392404;-46.63913363;884.7;39150;72.84944253859345;924.4494425385935;Line 3;0;181.968503389179
-23.206663024;-46.639146999;887.1;39120;72.79361921097767;924.3936192109777;Line 3;0;181.968503389179
-23.206933644;-46.639160369;886.4;39090;72.7377958833619;924.3377958833619;Line 3;0;181.968503389179
-23.207204264;-46.639173738;885.6;39060;72.68197255574611;924.2819725557462;Line 3;0;181.968503389179
-23.207474884;-46.639187108;884.9;39030;72.62614922813034;924.2261492281303;Line 3;0;181.968503389179
-23.207745505;-46.639200478;884.0;39000;72.57032590051455;924.1703259005146;Line 3;0;181.968503389179
-23.208016125;-46.639213848;883.3;38970;72.51450257289876;924.1145025728988;Line 3;0;181.968503389179
-23.208286745;-46.639227218;882.8;38940;72.458679245283;924.058679245283;Line 3;0;181.968503389179
-23.208557365;-46.639240588;882.5;38910;72.40285591766721;924.0028559176673;Line 3;0;181.968503389179
-23.208827985;-46.639253958;882.2;38880;72.34703259005144;923.9470325900514;Line 3;0;181.968503389179
-23.209098605;-46.639267328;882.0;38850;72.29120926243566;923.8912092624357;Line 3;0;181.968503389179
-23.209369225;-46.639280698;879.4;38820;72.23538593481986;923.8353859348199;Line 3;0;181.968503389179
-23.209639845;-46.639294069;876.0;38790;72.17956260720409;923.7795626072041;Line 3;0;181.968503389179
-23.209910465;-46.639307439;872.6;38760;72.1237392795883;923.7237392795884;Line 3;0;181.968503389179
-23.210181085;-46.63932081;869.3;38730;72.06791595197254;923.6679159519725;Line 3;0;181.968503389179
-23.210451705;-46.63933418;866.2;38700;72.01209262435675;923.6120926243568;Line 3;0;181.968503389179
-23.210722324;-46.639347551;863.1;38670;71.95626929674096;923.556269296741;Line 3;0;181.968503389179
-23.210992944;-46.639360922;862.2;38640;71.90044596912519;923.5004459691252;Line 3;0;181.968503389179
-23.211263564;-46.639374293;862.9;38610;71.8446226415094;923.4446226415095;Line 3;0;181.968503389179
-23.211534184;-46.639387664;863.5;38580;71.78879931389363;923.3887993138936;Line 3;0;181.968503389179
-23.211804804;-46.639401035;863.0;38550;71.73297598627785;923.3329759862779;Line 3;0;181.968503389179
-23.212075424;-46.639414407;861.4;38520;71.67715265866207;923.2771526586621;Line 3;0;181.968503389179
-23.212346044;-46.639427778;859.8;38490;71.62132933104628;923.2213293310463;Line 3;0;181.968503389179
-23.212616664;-46.639441149;858.4;38460;71.5655060034305;923.1655060034306;Line 3;0;181.968503389179
-23.212887283;-46.639454521;857.4;38430;71.50968267581473;923.1096826758147;Line 3;0;181.968503389179
-23.213157903;-46.639467892;856.4;38400;71.45385934819895;923.053859348199;Line 3;0;181.968503389179
-23.213428523;-46.639481264;855.9;38370;71.39803602058316;922.9980360205832;Line 3;0;181.968503389179
-23.213699143;-46.639494636;856.4;38340;71.34221269296738;922.9422126929674;Line 3;0;181.968503389179
-23.213969763;-46.639508008;856.9;38310;71.2863893653516;922.8863893653516;Line 3;0;181.968503389179
-23.214240382;-46.63952138;857.0;38280;71.23056603773583;922.8305660377358;Line 3;0;181.968503389179
-23.214511002;-46.639534752;855.7;38250;71.17474271012004;922.7747427101201;Line 3;0;181.968503389179
-23.214781622;-46.639548124;854.3;38220;71.11891938250426;922.7189193825043;Line 3;0;181.968503389179
-23.215052241;-46.639561496;853.3;38190;71.06309605488849;922.6630960548885;Line 3;0;181.968503389179
-23.215322861;-46.639574868;854.0;38160;71.00727272727269;922.6072727272727;Line 3;0;181.968503389179
-23.215593481;-46.639588241;854.6;38130;70.95144939965692;922.5514493996569;Line 3;0;181.968503389179
-23.215864101;-46.639601613;855.6;38100;70.89562607204114;922.4956260720412;Line 3;0;181.968503389179
-23.21613472;-46.639614986;860.9;38070;70.83980274442536;922.4398027444254;Line 3;0;181.968503389179
-23.21640534;-46.639628358;866.2;38040;70.78397941680959;922.3839794168096;Line 3;0;181.968503389179
-23.216675959;-46.639641731;871.3;38010;70.7281560891938;922.3281560891938;Line 3;0;181.968503389179
-23.216946579;-46.639655104;867.7;37980;70.67233276157802;922.272332761578;Line 3;0;181.968503389179
-23.217217199;-46.639668477;864.2;37950;70.61650943396224;922.2165094339623;Line 3;0;181.968503389179
-23.217487818;-46.63968185;860.9;37920;70.56068610634645;922.1606861063465;Line 3;0;181.968503389179
-23.217758438;-46.639695223;857.9;37890;70.50486277873068;922.1048627787306;Line 3;0;181.968503389179
-23.218029057;-46.639708596;854.8;37860;70.4490394511149;922.0490394511149;Line 3;0;181.968503389179
-23.218299677;-46.63972197;851.7;37830;70.39321612349912;921.9932161234991;Line 3;0;181.968503389179
-23.218570297;-46.639735343;852.8;37800;70.33739279588333;921.9373927958834;Line 3;0;181.968503389179
-23.218840916;-46.639748717;854.5;37770;70.28156946826755;921.8815694682676;Line 3;0;181.968503389179
-23.219111536;-46.63976209;856.1;37740;70.22574614065178;921.8257461406517;Line 3;0;181.968503389179
-23.219382155;-46.639775464;855.4;37710;70.169922813036;921.769922813036;Line 3;0;181.968503389179
-23.219652775;-46.639788838;854.0;37680;70.11409948542021;921.7140994854202;Line 3;0;181.968503389179
-23.219923394;-46.639802211;852.7;37650;70.05827615780443;921.6582761578045;Line 3;0;181.968503389179
-23.220194014;-46.639815585;850.9;37620;70.00245283018864;921.6024528301887;Line 3;0;181.968503389179
-23.220464633;-46.639828959;848.9;37590;69.94662950257288;921.5466295025728;Line 3;0;181.968503389179
-23.220735252;-46.639842333;846.8;37560;69.89080617495709;921.4908061749571;Line 3;0;181.968503389179
-23.221005872;-46.639855708;844.6;37530;69.83498284734132;921.4349828473413;Line 3;0;181.968503389179
-23.221276491;-46.639869082;842.3;37500;69.77915951972552;921.3791595197256;Line 3;0;181.968503389179
-23.221547111;-46.639882456;839.9;37470;69.72333619210974;921.3233361921098;Line 3;0;181.968503389179
-23.22181773;-46.639895831;836.5;37440;69.66751286449397;921.2675128644939;Line 3;0;181.968503389179
-23.222088349;-46.639909205;832.2;37410;69.61168953687819;921.2116895368782;Line 3;0;181.968503389179
-23.222358969;-46.63992258;827.6;37380;69.55586620926242;921.1558662092624;Line 3;0;181.968503389179
-23.222629588;-46.639935955;825.2;37350;69.50004288164664;921.1000428816467;Line 3;0;181.968503389179
-23.222900207;-46.63994933;825.3;37320;69.44421955403084;921.0442195540309;Line 3;0;181.968503389179
-23.223170827;-46.639962705;825.4;37290;69.38839622641507;920.988396226415;Line 3;0;181.968503389179
-23.223441446;-46.63997608;824.7;37260;69.33257289879928;920.9325728987993;Line 3;0;181.968503389179
-23.223712065;-46.639989455;822.8;37230;69.27674957118352;920.8767495711835;Line 3;0;181.968503389179
-23.223982685;-46.64000283;821.1;37200;69.22092624356773;920.8209262435678;Line 3;0;181.968503389179
-23.224253304;-46.640016205;821.3;37170;69.16510291595193;920.765102915952;Line 3;0;181.968503389179
-23.224523923;-46.640029581;825.2;37140;69.10927958833616;920.7092795883361;Line 3;0;181.968503389179
-23.224794542;-46.640042956;829.0;37110;69.05345626072038;920.6534562607204;Line 3;0;181.968503389179
-23.225065162;-46.640056332;832.5;37080;68.99763293310461;920.5976329331046;Line 3;0;181.968503389179
-23.225335781;-46.640069707;835.4;37050;68.94180960548883;920.5418096054889;Line 3;0;181.968503389179
-23.2256064;-46.640083083;838.2;37020;68.88598627787304;920.485986277873;Line 3;0;181.968503389179
-23.225877019;-46.640096459;840.6;36990;68.83016295025726;920.4301629502572;Line 3;0;181.968503389179
-23.226147638;-46.640109835;840.1;36960;68.77433962264148;920.3743396226415;Line 3;0;181.968503389179
-23.226418258;-46.640123211;839.7;36930;68.71851629502571;920.3185162950257;Line 3;0;181.968503389179
-23.226688877;-46.640136587;839.2;36900;68.66269296740992;920.26269296741;Line 3;0;181.968503389179
-23.226959496;-46.640149963;838.5;36870;68.60686963979414;920.2068696397941;Line 3;0;181.968503389179
-23.227230115;-46.640163339;837.9;36840;68.55104631217836;920.1510463121783;Line 3;0;181.968503389179
-23.227500734;-46.640176716;837.4;36810;68.49522298456257;920.0952229845626;Line 3;0;181.968503389179
-23.227771353;-46.640190092;834.7;36780;68.4393996569468;920.0393996569468;Line 3;0;181.968503389179
-23.228041972;-46.640203469;832.1;36750;68.38357632933102;919.9835763293311;Line 3;0;181.968503389179
-23.228312591;-46.640216845;829.5;36720;68.32775300171524;919.9277530017152;Line 3;0;181.968503389179
-23.22858321;-46.640230222;827.1;36690;68.27192967409947;919.8719296740995;Line 3;0;181.968503389179
-23.22885383;-46.640243599;824.8;36660;68.21610634648367;919.8161063464837;Line 3;0;181.968503389179
-23.229124449;-46.640256976;822.6;36630;68.1602830188679;919.7602830188679;Line 3;0;181.968503389179
-23.229395068;-46.640270353;822.7;36600;68.10445969125212;919.7044596912522;Line 3;0;181.968503389179
-23.229665687;-46.64028373;823.2;36570;68.04863636363633;919.6486363636363;Line 3;0;181.968503389179
-23.229936306;-46.640297107;823.7;36540;67.99281303602056;919.5928130360206;Line 3;0;181.968503389179
-23.230206925;-46.640310484;826.4;36510;67.93698970840477;919.5369897084048;Line 3;0;181.968503389179
-23.230477544;-46.640323862;829.8;36480;67.881166380789;919.481166380789;Line 3;0;181.968503389179
-23.230748162;-46.640337239;833.2;36450;67.82534305317321;919.4253430531733;Line 3;0;181.968503389179
-23.231018781;-46.640350617;835.4;36420;67.76951972555743;919.3695197255574;Line 3;0;181.968503389179
-23.2312894;-46.640363994;837.0;36390;67.71369639794166;919.3136963979417;Line 3;0;181.968503389179
-23.231560019;-46.640377372;838.6;36360;67.65787307032588;919.2578730703259;Line 3;0;181.968503389179
-23.231830638;-46.64039075;839.3;36330;67.6020497427101;919.2020497427101;Line 3;0;181.968503389179
-23.232101257;-46.640404128;839.4;36300;67.54622641509431;919.1462264150944;Line 3;0;181.968503389179
-23.232371876;-46.640417506;839.6;36270;67.49040308747853;919.0904030874785;Line 3;0;181.968503389179
-23.232642495;-46.640430884;838.8;36240;67.43457975986276;919.0345797598628;Line 3;0;181.968503389179
-23.232913114;-46.640444262;837.0;36210;67.37875643224697;918.978756432247;Line 3;0;181.968503389179
-23.233183732;-46.64045764;835.0;36180;67.32293310463119;918.9229331046312;Line 3;0;181.968503389179
-23.233454351;-46.640471019;834.5;36150;67.2671097770154;918.8671097770155;Line 3;0;181.968503389179
-23.23372497;-46.640484397;835.7;36120;67.21128644939962;918.8112864493996;Line 3;0;181.968503389179
-23.233995589;-46.640497776;836.8;36090;67.15546312178385;918.7554631217839;Line 3;0;181.968503389179
-23.234266208;-46.640511154;838.7;36060;67.09963979416807;918.6996397941681;Line 3;0;181.968503389179
-23.234536826;-46.640524533;842.2;36030;67.0438164665523;918.6438164665524;Line 3;0;181.968503389179
-23.234807445;-46.640537912;845.7;36000;66.9879931389365;918.5879931389366;Line 3;0;181.968503389179
-23.235078064;-46.640551291;849.2;35970;66.93216981132072;918.5321698113207;Line 3;0;181.968503389179
-23.235348683;-46.64056467;853.1;35940;66.87634648370495;918.476346483705;Line 3;0;181.968503389179
-23.235619301;-46.640578049;856.9;35910;66.82052315608917;918.4205231560892;Line 3;0;181.968503389179
-23.23588992;-46.640591428;860.5;35880;66.7646998284734;918.3646998284735;Line 3;0;181.968503389179
-23.236160539;-46.640604807;862.4;35850;66.70887650085761;918.3088765008577;Line 3;0;181.968503389179
-23.236431157;-46.640618187;864.3;35820;66.65305317324182;918.2530531732418;Line 3;0;181.968503389179
-23.236701776;-46.640631566;866.1;35790;66.59722984562605;918.1972298456261;Line 3;0;181.968503389179
-23.236972395;-46.640644946;867.4;35760;66.54140651801026;918.1414065180103;Line 3;0;181.968503389179
-23.237243013;-46.640658325;868.7;35730;66.4855831903945;918.0855831903946;Line 3;0;181.968503389179
-23.237513632;-46.640671705;870.0;35700;66.42975986277871;918.0297598627787;Line 3;0;181.968503389179
-23.237784251;-46.640685085;870.3;35670;66.37393653516291;917.9739365351629;Line 3;0;181.968503389179
-23.238054869;-46.640698465;870.6;35640;66.31811320754714;917.9181132075472;Line 3;0;181.968503389179
-23.238325488;-46.640711845;870.9;35610;66.26228987993136;917.8622898799314;Line 3;0;181.968503389179
-23.238596106;-46.640725225;871.3;35580;66.20646655231559;917.8064665523157;Line 3;0;181.968503389179
-23.238866725;-46.640738605;871.8;35550;66.1506432246998;917.7506432246998;Line 3;0;181.968503389179
-23.239137343;-46.640751985;872.2;35520;66.09481989708402;917.694819897084;Line 3;0;181.968503389179
-23.239407962;-46.640765365;874.4;35490;66.03899656946824;917.6389965694683;Line 3;0;181.968503389179
-23.239678581;-46.640778746;876.8;35460;65.98317324185246;917.5831732418525;Line 3;0;181.968503389179
-23.239949199;-46.640792126;879.2;35430;65.92734991423669;917.5273499142368;Line 3;0;181.968503389179
-23.240219818;-46.640805507;880.6;35400;65.8715265866209;917.4715265866209;Line 3;0;181.968503389179
-23.240490436;-46.640818888;881.7;35370;65.81570325900513;917.4157032590051;Line 3;0;181.968503389179
-23.240761054;-46.640832268;882.7;35340;65.75987993138934;917.3598799313894;Line 3;0;181.968503389179
-23.241031673;-46.640845649;886.3;35310;65.70405660377355;917.3040566037736;Line 3;0;181.968503389179
-23.241302291;-46.64085903;890.7;35280;65.64823327615778;917.2482332761579;Line 3;0;181.968503389179
-23.24157291;-46.640872411;895.1;35250;65.592409948542;917.192409948542;Line 3;0;181.968503389179
-23.241843528;-46.640885793;900.6;35220;65.53658662092623;917.1365866209262;Line 3;0;181.968503389179
-23.242114147;-46.640899174;906.6;35190;65.48076329331045;917.0807632933105;Line 3;0;181.968503389179
-23.242384765;-46.640912555;912.5;35160;65.42493996569465;917.0249399656947;Line 3;0;181.968503389179
-23.242655383;-46.640925937;919.7;35130;65.36911663807888;916.969116638079;Line 3;1;181.968503389179
-23.242926002;-46.640939318;927.8;35100;65.3132933104631;916.9132933104631;Line 3;1;181.968503389179
-23.24319662;-46.6409527;935.8;35070;65.25746998284733;916.8574699828473;Line 3;1;181.968503389179
-23.243467238;-46.640966081;943.2;35040;65.20164665523154;916.8016466552316;Line 3;1;181.968503389179
-23.243737857;-46.640979463;949.9;35010;65.14582332761574;916.7458233276158;Line 3;1;181.968503389179
-23.244008475;-46.640992845;956.4;34980;65.08999999999997;916.69;Line 3;1;181.968503389179
-23.244279093;-46.641006227;962.0;34950;65.03417667238419;916.6341766723842;Line 3;1;181.968503389179
-23.244549712;-46.641019609;966.5;34920;64.97835334476842;916.5783533447684;Line 3;1;181.968503389179
-23.24482033;-46.641032991;971.1;34890;64.92253001715264;916.5225300171527;Line 3;1;181.968503389179
-23.245090948;-46.641046374;976.5;34860;64.86670668953685;916.4667066895369;Line 3;1;181.968503389179
-23.245361566;-46.641059756;983.2;34830;64.81088336192107;916.4108833619212;Line 3;1;181.968503389179
-23.245632185;-46.641073138;989.9;34800;64.75506003430529;916.3550600343053;Line 3;1;181.968503389179
-23.245902803;-46.641086521;995.2;34770;64.69923670668952;916.2992367066895;Line 3;1;181.968503389179
-23.246173421;-46.641099903;995.8;34740;64.64341337907373;916.2434133790738;Line 3;1;181.968503389179
-23.246444039;-46.641113286;996.3;34710;64.58759005145795;916.187590051458;Line 3;1;181.968503389179
-23.246714657;-46.641126669;996.6;34680;64.53176672384217;916.1317667238422;Line 3;1;181.968503389179
-23.246985276;-46.641140052;995.5;34650;64.47594339622638;916.0759433962264;Line 3;1;181.968503389179
-23.247255894;-46.641153435;994.4;34620;64.42012006861061;916.0201200686106;Line 3;1;181.968503389179
-23.247526512;-46.641166818;993.5;34590;64.36429674099483;915.9642967409949;Line 3;1;181.968503389179
-23.24779713;-46.641180201;994.5;34560;64.30847341337905;915.908473413379;Line 3;1;181.968503389179
-23.248067748;-46.641193584;995.4;34530;64.25265008576328;915.8526500857633;Line 3;1;181.968503389179
-23.248338366;-46.641206967;996.3;34500;64.19682675814748;915.7968267581475;Line 3;1;181.968503389179
-23.248608984;-46.641220351;998.8;34470;64.14100343053171;915.7410034305317;Line 3;1;181.968503389179
-23.248879602;-46.641233734;1001.3;34440;64.08518010291593;915.685180102916;Line 3;1;181.968503389179
-23.24915022;-46.641247118;1003.9;34410;64.02935677530014;915.6293567753002;Line 3;1;181.968503389179
-23.249420838;-46.641260502;1001.0;34380;63.97353344768437;915.5735334476844;Line 3;1;181.968503389179
-23.249691457;-46.641273885;997.9;34350;63.917710120068584;915.5177101200686;Line 3;1;181.968503389179
-23.249962075;-46.641287269;994.8;34320;63.861886792452815;915.4618867924528;Line 3;1;181.968503389179
-23.250232693;-46.641300653;989.9;34290;63.806063464837024;915.4060634648371;Line 3;1;181.968503389179
-23.250503311;-46.641314037;984.7;34260;63.75024013722124;915.3502401372212;Line 3;1;181.968503389179
-23.250773929;-46.641327421;979.4;34230;63.69441680960547;915.2944168096055;Line 3;1;181.968503389179
-23.251044546;-46.641340806;974.1;34200;63.63859348198968;915.2385934819897;Line 3;1;181.968503389179
-23.251315164;-46.64135419;968.7;34170;63.58277015437391;915.1827701543739;Line 3;1;181.968503389179
-23.251585782;-46.641367574;963.2;34140;63.52694682675812;915.1269468267582;Line 3;1;181.968503389179
-23.2518564;-46.641380959;958.1;34110;63.47112349914234;915.0711234991423;Line 3;1;181.968503389179
-23.252127018;-46.641394344;953.1;34080;63.41530017152657;915.0153001715266;Line 3;1;181.968503389179
-23.252397636;-46.641407728;948.0;34050;63.35947684391078;914.9594768439108;Line 3;1;181.968503389179
-23.252668254;-46.641421113;945.0;34020;63.30365351629501;914.903653516295;Line 3;1;181.968503389179
-23.252938872;-46.641434498;943.4;33990;63.247830188679224;914.8478301886793;Line 3;1;181.968503389179
-23.25320949;-46.641447883;942.0;33960;63.19200686106343;914.7920068610634;Line 3;1;181.968503389179
-23.253480108;-46.641461268;944.9;33930;63.136183533447664;914.7361835334477;Line 3;1;181.968503389179
-23.253750725;-46.641474653;951.7;33900;63.08036020583188;914.6803602058319;Line 3;1;181.968503389179
-23.254021343;-46.641488038;958.8;33870;63.024536878216104;914.6245368782161;Line 3;1;181.968503389179
-23.254291961;-46.641501424;966.1;33840;62.96871355060032;914.5687135506004;Line 3;1;181.968503389179
-23.254562579;-46.641514809;973.2;33810;62.91289022298454;914.5128902229845;Line 3;1;181.968503389179
-23.254833197;-46.641528194;980.3;33780;62.85706689536876;914.4570668953688;Line 3;1;181.968503389179
-23.255103814;-46.64154158;985.9;33750;62.80124356775298;914.401243567753;Line 3;1;181.968503389179
-23.255374432;-46.641554966;988.9;33720;62.7454202401372;914.3454202401372;Line 3;1;181.968503389179
-23.25564505;-46.641568351;991.8;33690;62.68959691252142;914.2895969125215;Line 3;1;181.968503389179
-23.255915668;-46.641581737;993.2;33660;62.63377358490563;914.2337735849056;Line 3;1;181.968503389179
-23.256186285;-46.641595123;991.4;33630;62.57795025728986;914.1779502572899;Line 3;1;181.968503389179
-23.256456903;-46.641608509;989.5;33600;62.52212692967407;914.1221269296741;Line 3;1;181.968503389179
-23.256727521;-46.641621895;987.3;33570;62.466303602058304;914.0663036020583;Line 3;1;181.968503389179
-23.256998138;-46.641635282;984.2;33540;62.41048027444251;914.0104802744426;Line 3;1;181.968503389179
-23.257268756;-46.641648668;981.3;33510;62.35465694682673;913.9546569468267;Line 3;1;181.968503389179
-23.257539374;-46.641662054;978.2;33480;62.29883361921095;913.898833619211;Line 3;1;181.968503389179
-23.257809991;-46.641675441;973.1;33450;62.24301029159517;913.8430102915952;Line 3;1;181.968503389179
-23.258080609;-46.641688827;968.0;33420;62.1871869639794;913.7871869639794;Line 3;1;181.968503389179
-23.258351227;-46.641702214;963.1;33390;62.13136363636361;913.7313636363637;Line 3;1;181.968503389179
-23.258621844;-46.641715601;959.0;33360;62.075540308747826;913.6755403087478;Line 3;1;181.968503389179
-23.258892462;-46.641728988;954.8;33330;62.019716981132056;913.6197169811321;Line 3;1;181.968503389179
-23.259163079;-46.641742375;950.6;33300;61.963893653516266;913.5638936535163;Line 3;1;181.968503389179
-23.259433697;-46.641755762;944.6;33270;61.908070325900496;913.5080703259005;Line 3;1;181.968503389179
-23.259704314;-46.641769149;938.6;33240;61.85224699828471;913.4522469982847;Line 3;1;181.968503389179
-23.259974932;-46.641782536;932.5;33210;61.79642367066892;913.3964236706689;Line 3;1;181.968503389179
-23.26024555;-46.641795923;921.8;33180;61.74060034305315;913.3406003430532;Line 3;1;181.968503389179
-23.260516167;-46.641809311;910.6;33150;61.68477701543737;913.2847770154374;Line 3;0;181.968503389179
-23.260786785;-46.641822698;899.4;33120;61.62895368782159;913.2289536878216;Line 3;0;181.968503389179
-23.261057402;-46.641836086;889.1;33090;61.57313036020581;913.1731303602058;Line 3;0;181.968503389179
-23.261328019;-46.641849473;878.9;33060;61.517307032590026;913.11730703259;Line 3;0;181.968503389179
-23.261598637;-46.641862861;868.6;33030;61.46148370497425;913.0614837049743;Line 3;0;181.968503389179
-23.261869254;-46.641876249;868.9;33000;61.405660377358465;913.0056603773585;Line 3;0;181.968503389179
-23.262139872;-46.641889637;872.7;32970;61.34983704974269;912.9498370497427;Line 3;0;181.968503389179
-23.262410489;-46.641903025;876.4;32940;61.294013722126905;912.8940137221269;Line 3;0;181.968503389179
-23.262681107;-46.641916413;878.4;32910;61.23819039451112;912.8381903945111;Line 3;0;181.968503389179
-23.262951724;-46.641929801;879.7;32880;61.182367066895345;912.7823670668954;Line 3;0;181.968503389179
-23.263222341;-46.64194319;881.1;32850;61.12654373927956;912.7265437392796;Line 3;0;181.968503389179
-23.263492959;-46.641956578;878.3;32820;61.07072041166379;912.6707204116639;Line 3;0;181.968503389179
-23.263763576;-46.641969967;872.6;32790;61.014897084048;912.614897084048;Line 3;0;181.968503389179
-23.264034193;-46.641983355;866.9;32760;60.95907375643222;912.5590737564322;Line 3;0;181.968503389179
-23.264304811;-46.641996744;865.5;32730;60.90325042881644;912.5032504288165;Line 3;0;181.968503389179
-23.264575428;-46.642010133;868.4;32700;60.84742710120066;912.4474271012007;Line 3;0;181.968503389179
-23.264846045;-46.642023521;871.4;32670;60.79160377358489;912.391603773585;Line 3;0;181.968503389179
-23.265116663;-46.64203691;873.7;32640;60.7357804459691;912.3357804459691;Line 3;0;181.968503389179
-23.26538728;-46.642050299;875.1;32610;60.679957118353315;912.2799571183533;Line 3;0;181.968503389179
-23.265657897;-46.642063688;876.6;32580;60.624133790737545;912.2241337907376;Line 3;0;181.968503389179
-23.265928514;-46.642077078;878.4;32550;60.568310463121755;912.1683104631218;Line 3;0;181.968503389179
-23.266199132;-46.642090467;880.4;32520;60.512487135505985;912.1124871355061;Line 3;0;181.968503389179
-23.266469749;-46.642103856;882.4;32490;60.4566638078902;912.0566638078902;Line 3;0;181.968503389179
-23.266740366;-46.642117246;883.5;32460;60.40084048027441;912.0008404802744;Line 3;0;181.968503389179
-23.267010983;-46.642130635;882.4;32430;60.34501715265864;911.9450171526587;Line 3;0;181.968503389179
-23.2672816;-46.642144025;881.0;32400;60.28919382504286;911.8891938250429;Line 3;0;181.968503389179
-23.267552218;-46.642157415;878.9;32370;60.23337049742708;911.8333704974272;Line 3;0;181.968503389179
-23.267822835;-46.642170805;874.1;32340;60.1775471698113;911.7775471698113;Line 3;0;181.968503389179
-23.268093452;-46.642184195;869.4;32310;60.121723842195514;911.7217238421955;Line 3;0;181.968503389179
-23.268364069;-46.642197585;864.4;32280;60.06590051457974;911.6659005145798;Line 3;0;181.968503389179
-23.268634686;-46.642210975;858.0;32250;60.010077186963954;911.610077186964;Line 3;0;181.968503389179
-23.268905303;-46.642224365;851.7;32220;59.95425385934818;911.5542538593483;Line 3;0;181.968503389179
-23.26917592;-46.642237755;845.9;32190;59.898430531732394;911.4984305317324;Line 3;0;181.968503389179
-23.269446537;-46.642251146;849.9;32160;59.84260720411662;911.4426072041166;Line 3;0;181.968503389179
-23.269717154;-46.642264536;854.0;32130;59.786783876500834;911.3867838765009;Line 3;0;181.968503389179
-23.269987771;-46.642277927;858.2;32100;59.73096054888506;911.3309605488851;Line 3;0;181.968503389179
-23.270258389;-46.642291317;857.8;32070;59.675137221269274;911.2751372212693;Line 3;0;181.968503389179
-23.270529006;-46.642304708;857.1;32040;59.61931389365349;911.2193138936535;Line 3;0;181.968503389179
-23.270799623;-46.642318099;856.4;32010;59.563490566037714;911.1634905660377;Line 3;0;181.968503389179
-23.27107024;-46.64233149;849.1;31980;59.50766723842193;911.107667238422;Line 3;0;181.968503389179
-23.271340857;-46.642344881;840.6;31950;59.451843910806154;911.0518439108062;Line 3;0;181.968503389179
-23.271611473;-46.642358272;832.1;31920;59.39602058319037;910.9960205831904;Line 3;0;181.968503389179
-23.27188209;-46.642371663;832.3;31890;59.34019725557459;910.9401972555746;Line 3;0;181.968503389179
-23.272152707;-46.642385054;834.8;31860;59.28437392795881;910.8843739279588;Line 3;0;181.968503389179
-23.272423324;-46.642398446;837.2;31830;59.228550600343034;910.8285506003431;Line 3;0;181.968503389179
-23.272693941;-46.642411837;841.7;31800;59.17272727272725;910.7727272727273;Line 3;0;181.968503389179
-23.272964558;-46.642425229;847.1;31770;59.11690394511147;910.7169039451115;Line 3;0;181.968503389179
-23.273235175;-46.64243862;852.5;31740;59.06108061749569;910.6610806174957;Line 3;0;181.968503389179
-23.273505792;-46.642452012;856.5;31710;59.00525728987991;910.6052572898799;Line 3;0;181.968503389179
-23.273776409;-46.642465404;859.7;31680;58.94943396226413;910.5494339622642;Line 3;0;181.968503389179
-23.274047026;-46.642478796;863.1;31650;58.89361063464835;910.4936106346483;Line 3;0;181.968503389179
-23.274317642;-46.642492188;865.3;31620;58.83778730703256;910.4377873070326;Line 3;0;181.968503389179
-23.274588259;-46.64250558;866.7;31590;58.78196397941679;910.3819639794168;Line 3;0;181.968503389179
-23.274858876;-46.642518972;868.1;31560;58.726140651801;910.326140651801;Line 3;0;181.968503389179
-23.275129493;-46.642532364;866.9;31530;58.67031732418523;910.2703173241853;Line 3;0;181.968503389179
-23.27540011;-46.642545757;862.8;31500;58.61449399656945;910.2144939965694;Line 3;0;181.968503389179
-23.275670726;-46.642559149;858.8;31470;58.55867066895366;910.1586706689537;Line 3;0;181.968503389179
-23.275941343;-46.642572542;854.3;31440;58.50284734133788;910.1028473413379;Line 3;0;181.968503389179
-23.27621196;-46.642585934;849.0;31410;58.44702401372211;910.0470240137221;Line 3;0;181.968503389179
-23.276482577;-46.642599327;843.7;31380;58.39120068610632;909.9912006861064;Line 3;0;181.968503389179
-23.276753193;-46.64261272;840.6;31350;58.33537735849055;909.9353773584905;Line 3;0;181.968503389179
-23.27702381;-46.642626113;842.6;31320;58.27955403087476;909.8795540308748;Line 3;0;181.968503389179
-23.277294427;-46.642639506;844.5;31290;58.22373070325898;909.823730703259;Line 3;0;181.968503389179
-23.277565043;-46.642652899;846.0;31260;58.1679073756432;909.7679073756432;Line 3;0;181.968503389179
-23.27783566;-46.642666292;846.2;31230;58.11208404802742;909.7120840480275;Line 3;0;181.968503389179
-23.278106277;-46.642679685;846.5;31200;58.05626072041164;909.6562607204116;Line 3;0;181.968503389179
-23.278376893;-46.642693079;847.3;31170;58.00043739279586;909.6004373927959;Line 3;0;181.968503389179
-23.27864751;-46.642706472;850.6;31140;57.944614065180076;909.5446140651801;Line 3;0;181.968503389179
-23.278918127;-46.642719866;853.9;31110;57.8887907375643;909.4887907375643;Line 3;0;181.968503389179
-23.279188743;-46.642733259;856.8;31080;57.83296740994852;909.4329674099486;Line 3;0;181.968503389179
-23.27945936;-46.642746653;854.9;31050;57.77714408233274;909.3771440823327;Line 3;0;181.968503389179
-23.279729976;-46.642760047;852.9;31020;57.721320754716956;909.321320754717;Line 3;0;181.968503389179
-23.280000593;-46.642773441;850.9;30990;57.66549742710118;909.2654974271012;Line 3;0;181.968503389179
-23.280271209;-46.642786835;845.0;30960;57.609674099485396;909.2096740994854;Line 3;0;181.968503389179
-23.280541826;-46.642800229;839.0;30930;57.55385077186962;909.1538507718697;Line 3;0;181.968503389179
-23.280812443;-46.642813623;832.9;30900;57.498027444253836;909.0980274442538;Line 3;0;181.968503389179
-23.281083059;-46.642827017;825.4;30870;57.44220411663805;909.0422041166381;Line 3;0;181.968503389179
-23.281353676;-46.642840412;817.8;30840;57.386380789022276;908.9863807890223;Line 3;0;181.968503389179
-23.281624292;-46.642853806;810.2;30810;57.33055746140649;908.9305574614065;Line 3;0;181.968503389179
-23.281894908;-46.642867201;807.9;30780;57.274734133790716;908.8747341337908;Line 3;0;181.968503389179
-23.282165525;-46.642880595;806.5;30750;57.21891080617494;908.8189108061749;Line 3;0;181.968503389179
-23.282436141;-46.64289399;804.9;30720;57.163087478559156;908.7630874785592;Line 3;0;181.968503389179
-23.282706758;-46.642907385;804.8;30690;57.10726415094337;908.7072641509434;Line 3;0;181.968503389179
-23.282977374;-46.64292078;805.0;30660;57.051440823327596;908.6514408233277;Line 3;0;181.968503389179
-23.283247991;-46.642934175;805.3;30630;56.99561749571181;908.5956174957118;Line 3;0;181.968503389179
-23.283518607;-46.64294757;806.1;30600;56.939794168096036;908.539794168096;Line 3;0;181.968503389179
-23.283789223;-46.642960965;807.4;30570;56.88397084048026;908.4839708404803;Line 3;0;181.968503389179
-23.28405984;-46.64297436;808.6;30540;56.82814751286447;908.4281475128645;Line 3;0;181.968503389179
-23.284330456;-46.642987756;811.7;30510;56.77232418524869;908.3723241852488;Line 3;0;181.968503389179
-23.284601072;-46.643001151;815.9;30480;56.71650085763291;908.316500857633;Line 3;0;181.968503389179
-23.284871689;-46.643014547;820.1;30450;56.66067753001713;908.2606775300171;Line 3;0;181.968503389179
-23.285142305;-46.643027942;824.5;30420;56.604854202401356;908.2048542024014;Line 3;0;181.968503389179
-23.285412921;-46.643041338;829.0;30390;56.549030874785565;908.1490308747856;Line 3;0;181.968503389179
-23.285683538;-46.643054734;833.5;30360;56.49320754716979;908.0932075471699;Line 3;0;181.968503389179
-23.285954154;-46.64306813;835.8;30330;56.43738421955401;908.037384219554;Line 3;0;181.968503389179
-23.28622477;-46.643081526;835.7;30300;56.38156089193823;907.9815608919382;Line 3;0;181.968503389179
-23.286495386;-46.643094922;835.6;30270;56.32573756432245;907.9257375643225;Line 3;0;181.968503389179
-23.286766003;-46.643108318;833.0;30240;56.26991423670667;907.8699142367067;Line 3;0;181.968503389179
-23.287036619;-46.643121714;826.1;30210;56.214090909090885;907.814090909091;Line 3;0;181.968503389179
-23.287307235;-46.643135111;819.2;30180;56.15826758147511;907.7582675814751;Line 3;0;181.968503389179
-23.287577851;-46.643148507;813.1;30150;56.102444253859325;907.7024442538593;Line 3;0;181.968503389179
-23.287848467;-46.643161904;808.6;30120;56.04662092624355;907.6466209262436;Line 3;0;181.968503389179
-23.288119084;-46.6431753;804.1;30090;55.990797598627765;907.5907975986278;Line 3;0;181.968503389179
-23.2883897;-46.643188697;800.8;30060;55.93497427101198;907.5349742710121;Line 3;0;181.968503389179
-23.288660316;-46.643202094;803.2;30030;55.879150943396205;907.4791509433962;Line 3;0;181.968503389179
-23.288930932;-46.643215491;805.5;30000;55.82332761578043;907.4233276157804;Line 3;0;181.968503389179
-23.289201548;-46.643228888;807.8;29970;55.767504288164645;907.3675042881647;Line 3;0;181.968503389179
-23.289472164;-46.643242285;809.8;29940;55.71168096054886;907.3116809605489;Line 3;0;181.968503389179
-23.28974278;-46.643255682;811.8;29910;55.655857632933085;907.2558576329332;Line 3;0;181.968503389179
-23.290013396;-46.643269079;813.6;29880;55.6000343053173;907.2000343053173;Line 3;0;181.968503389179
-23.290284012;-46.643282477;813.0;29850;55.544210977701525;907.1442109777015;Line 3;0;181.968503389179
-23.290554628;-46.643295874;812.3;29820;55.48838765008574;907.0883876500858;Line 3;0;181.968503389179
-23.290825244;-46.643309272;811.5;29790;55.43256432246996;907.03256432247;Line 3;0;181.968503389179
-23.29109586;-46.643322669;810.3;29760;55.37674099485418;906.9767409948543;Line 3;0;181.968503389179
-23.291366477;-46.643336067;809.1;29730;55.3209176672384;906.9209176672384;Line 3;0;181.968503389179
-23.291637092;-46.643349465;808.2;29700;55.26509433962262;906.8650943396226;Line 3;0;181.968503389179
-23.291907708;-46.643362863;811.1;29670;55.209271012006845;906.8092710120069;Line 3;0;181.968503389179
-23.292178324;-46.643376261;814.6;29640;55.153447684391054;906.7534476843911;Line 3;0;181.968503389179
-23.29244894;-46.643389659;818.2;29610;55.09762435677528;906.6976243567753;Line 3;0;181.968503389179
-23.292719556;-46.643403057;822.9;29580;55.0418010291595;906.6418010291595;Line 3;0;181.968503389179
-23.292990172;-46.643416455;827.8;29550;54.98597770154372;906.5859777015437;Line 3;0;181.968503389179
-23.293260788;-46.643429853;832.7;29520;54.93015437392794;906.530154373928;Line 3;0;181.968503389179
-23.293531404;-46.643443252;838.0;29490;54.87433104631216;906.4743310463122;Line 3;0;181.968503389179
-23.29380202;-46.64345665;843.6;29460;54.818507718696374;906.4185077186964;Line 3;0;181.968503389179
-23.294072636;-46.643470049;849.1;29430;54.7626843910806;906.3626843910806;Line 3;0;181.968503389179
-23.294343252;-46.643483448;853.1;29400;54.706861063464814;906.3068610634648;Line 3;0;181.968503389179
-23.294613868;-46.643496847;856.4;29370;54.65103773584904;906.2510377358491;Line 3;0;181.968503389179
-23.294884483;-46.643510245;859.8;29340;54.595214408233254;906.1952144082333;Line 3;0;181.968503389179
-23.295155099;-46.643523644;863.6;29310;54.53939108061747;906.1393910806175;Line 3;0;181.968503389179
-23.295425715;-46.643537044;867.7;29280;54.483567753001694;906.0835677530017;Line 3;0;181.968503389179
-23.295696331;-46.643550443;871.8;29250;54.42774442538592;906.0277444253859;Line 3;0;181.968503389179
-23.295966947;-46.643563842;876.1;29220;54.371921097770134;905.9719210977702;Line 3;0;181.968503389179
-23.296237562;-46.643577241;880.8;29190;54.31609777015435;905.9160977701544;Line 3;0;181.968503389179
-23.296508178;-46.643590641;885.4;29160;54.260274442538574;905.8602744425386;Line 3;0;181.968503389179
-23.296778794;-46.64360404;888.4;29130;54.20445111492279;905.8044511149228;Line 3;0;181.968503389179
-23.29704941;-46.64361744;889.3;29100;54.148627787307014;905.748627787307;Line 3;0;181.968503389179
-23.297320025;-46.64363084;890.1;29070;54.09280445969123;905.6928044596913;Line 3;0;181.968503389179
-23.297590641;-46.643644239;889.5;29040;54.03698113207545;905.6369811320754;Line 3;0;181.968503389179
-23.297861257;-46.643657639;886.2;29010;53.98115780445967;905.5811578044597;Line 3;0;181.968503389179
-23.298131872;-46.643671039;882.8;28980;53.92533447684389;905.5253344768439;Line 3;0;181.968503389179
-23.298402488;-46.643684439;879.1;28950;53.86951114922811;905.4695111492281;Line 3;0;181.968503389179
-23.298673104;-46.643697839;874.7;28920;53.81368782161233;905.4136878216124;Line 3;0;181.968503389179
-23.298943719;-46.64371124;870.3;28890;53.75786449399654;905.3578644939965;Line 3;0;181.968503389179
-23.299214335;-46.64372464;866.9;28860;53.702041166380766;905.3020411663808;Line 3;0;181.968503389179
-23.299484951;-46.64373804;868.4;28830;53.64621783876499;905.246217838765;Line 3;0;181.968503389179
-23.299755566;-46.643751441;869.9;28800;53.590394511149206;905.1903945111492;Line 3;0;181.968503389179
-23.300026182;-46.643764842;871.1;28770;53.53457118353343;905.1345711835335;Line 3;0;181.968503389179
-23.300296797;-46.643778242;869.4;28740;53.47874785591765;905.0787478559176;Line 3;0;181.968503389179
-23.300567413;-46.643791643;867.8;28710;53.42292452830186;905.0229245283019;Line 3;0;181.968503389179
-23.300838028;-46.643805044;866.2;28680;53.367101200686086;904.9671012006861;Line 3;0;181.968503389179
-23.301108644;-46.643818445;866.8;28650;53.3112778730703;904.9112778730703;Line 3;0;181.968503389179
-23.301379259;-46.643831846;867.5;28620;53.255454545454526;904.8554545454546;Line 3;0;181.968503389179
-23.301649875;-46.643845247;868.3;28590;53.19963121783875;904.7996312178387;Line 3;0;181.968503389179
-23.30192049;-46.643858648;866.3;28560;53.14380789022296;904.743807890223;Line 3;0;181.968503389179
-23.302191106;-46.64387205;864.1;28530;53.08798456260718;904.6879845626072;Line 3;0;181.968503389179
-23.302461721;-46.643885451;861.7;28500;53.032161234991406;904.6321612349914;Line 3;0;181.968503389179
-23.302732337;-46.643898853;857.5;28470;52.97633790737562;904.5763379073757;Line 3;0;181.968503389179
-23.303002952;-46.643912254;852.9;28440;52.920514579759846;904.5205145797598;Line 3;0;181.968503389179
-23.303273568;-46.643925656;848.2;28410;52.86469125214406;904.4646912521441;Line 3;0;181.968503389179
-23.303544183;-46.643939058;846.3;28380;52.80886792452828;904.4088679245283;Line 3;0;181.968503389179
-23.303814799;-46.64395246;845.4;28350;52.7530445969125;904.3530445969125;Line 3;0;181.968503389179
-23.304085414;-46.643965862;844.4;28320;52.69722126929672;904.2972212692968;Line 3;0;181.968503389179
-23.304356029;-46.643979264;848.9;28290;52.64139794168094;904.2413979416809;Line 3;0;181.968503389179
-23.304626645;-46.643992666;855.9;28260;52.58557461406516;904.1855746140652;Line 3;0;181.968503389179
-23.30489726;-46.644006068;863.0;28230;52.529751286449375;904.1297512864494;Line 3;0;181.968503389179
-23.305167875;-46.644019471;871.1;28200;52.4739279588336;904.0739279588336;Line 3;0;181.968503389179
-23.305438491;-46.644032873;879.5;28170;52.41810463121782;904.0181046312179;Line 3;0;181.968503389179
-23.305709106;-46.644046275;888.0;28140;52.36228130360204;903.962281303602;Line 3;0;181.968503389179
-23.305979721;-46.644059678;891.2;28110;52.306457975986255;903.9064579759863;Line 3;0;181.968503389179
-23.306250337;-46.644073081;889.9;28080;52.25063464837048;903.8506346483705;Line 3;0;181.968503389179
-23.306520952;-46.644086484;888.5;28050;52.194811320754695;903.7948113207547;Line 3;0;181.968503389179
-23.306791567;-46.644099886;889.2;28020;52.13898799313892;903.738987993139;Line 3;0;181.968503389179
-23.307062182;-46.644113289;892.5;27990;52.083164665523135;903.6831646655231;Line 3;0;181.968503389179
-23.307332798;-46.644126692;895.9;27960;52.02734133790735;903.6273413379074;Line 3;0;181.968503389179
-23.307603413;-46.644140096;900.0;27930;51.971518010291575;903.5715180102916;Line 3;0;181.968503389179
-23.307874028;-46.644153499;904.8;27900;51.91569468267579;903.5156946826758;Line 3;1;181.968503389179
-23.308144643;-46.644166902;909.6;27870;51.859871355060015;903.45987135506;Line 3;1;181.968503389179
-23.308415258;-46.644180306;917.4;27840;51.80404802744424;903.4040480274442;Line 3;1;181.968503389179
-23.308685873;-46.644193709;931.9;27810;51.74822469982845;903.3482246998285;Line 3;1;181.968503389179
-23.308956489;-46.644207113;946.5;27780;51.69240137221267;903.2924013722127;Line 3;1;181.968503389179
-23.309227104;-46.644220516;959.3;27750;51.636578044596895;903.236578044597;Line 3;1;181.968503389179
-23.309497719;-46.64423392;965.8;27720;51.58075471698111;903.1807547169811;Line 3;1;181.968503389179
-23.309768334;-46.644247324;972.4;27690;51.524931389365335;903.1249313893653;Line 3;1;181.968503389179
-23.310038949;-46.644260728;978.5;27660;51.46910806174955;903.0691080617496;Line 3;1;181.968503389179
-23.310309564;-46.644274132;980.8;27630;51.41328473413377;903.0132847341338;Line 3;1;181.968503389179
-23.310580179;-46.644287536;983.1;27600;51.35746140651799;902.9574614065181;Line 3;1;181.968503389179
-23.310850794;-46.644300941;985.3;27570;51.30163807890221;902.9016380789022;Line 3;1;181.968503389179
-23.311121409;-46.644314345;986.6;27540;51.24581475128643;902.8458147512864;Line 3;1;181.968503389179
-23.311392024;-46.644327749;988.0;27510;51.18999142367065;902.7899914236707;Line 3;1;181.968503389179
-23.311662639;-46.644341154;989.4;27480;51.134168096054864;902.7341680960549;Line 3;1;181.968503389179
-23.311933254;-46.644354558;987.5;27450;51.07834476843909;902.6783447684392;Line 3;1;181.968503389179
-23.312203869;-46.644367963;985.9;27420;51.02252144082331;902.6225214408233;Line 3;1;181.968503389179
-23.312474484;-46.644381368;984.6;27390;50.96669811320753;902.5666981132075;Line 3;1;181.968503389179
-23.312745099;-46.644394773;986.2;27360;50.910874785591744;902.5108747855918;Line 3;1;181.968503389179
-23.313015714;-46.644408178;988.3;27330;50.85505145797597;902.455051457976;Line 3;1;181.968503389179
-23.313286329;-46.644421583;990.5;27300;50.799228130360184;902.3992281303603;Line 3;1;181.968503389179
-23.313556944;-46.644434988;990.1;27270;50.74340480274441;902.3434048027444;Line 3;1;181.968503389179
-23.313827559;-46.644448393;989.0;27240;50.687581475128624;902.2875814751286;Line 3;1;181.968503389179
-23.314098174;-46.644461798;988.0;27210;50.63175814751284;902.2317581475129;Line 3;1;181.968503389179
-23.314368789;-46.644475204;986.6;27180;50.575934819897064;902.1759348198971;Line 3;1;181.968503389179
-23.314639404;-46.644488609;985.2;27150;50.52011149228128;902.1201114922814;Line 3;1;181.968503389179
-23.314910019;-46.644502015;983.7;27120;50.464288164665504;902.0642881646655;Line 3;1;181.968503389179
-23.315180633;-46.644515421;987.1;27090;50.40846483704973;902.0084648370497;Line 3;1;181.968503389179
-23.315451248;-46.644528826;992.7;27060;50.35264150943394;901.952641509434;Line 3;1;181.968503389179
-23.315721863;-46.644542232;998.2;27030;50.29681818181816;901.8968181818182;Line 3;1;181.968503389179
-23.315992478;-46.644555638;1005.4;27000;50.240994854202384;901.8409948542024;Line 3;1;181.968503389179
-23.316263093;-46.644569044;1013.5;26970;50.1851715265866;901.7851715265866;Line 3;1;181.968503389179
-23.316533707;-46.64458245;1021.6;26940;50.129348198970824;901.7293481989708;Line 3;1;181.968503389179
-23.316804322;-46.644595857;1026.8;26910;50.07352487135505;901.6735248713551;Line 3;1;181.968503389179
-23.317074937;-46.644609263;1029.5;26880;50.01770154373926;901.6177015437393;Line 3;1;181.968503389179
-23.317345552;-46.644622669;1032.1;26850;49.96187821612348;901.5618782161235;Line 3;1;181.968503389179
-23.317616166;-46.644636076;1033.2;26820;49.9060548885077;901.5060548885077;Line 3;1;181.968503389179
-23.317886781;-46.644649483;1032.3;26790;49.85023156089192;901.4502315608919;Line 3;1;181.968503389179
-23.318157396;-46.644662889;1031.4;26760;49.794408233276144;901.3944082332762;Line 3;1;181.968503389179
-23.318428011;-46.644676296;1028.3;26730;49.73858490566035;901.3385849056604;Line 3;1;181.968503389179
-23.318698625;-46.644689703;1021.3;26700;49.68276157804458;901.2827615780446;Line 3;1;181.968503389179
-23.31896924;-46.64470311;1014.4;26670;49.6269382504288;901.2269382504288;Line 3;1;181.968503389179
-23.319239855;-46.644716517;1006.8;26640;49.57111492281302;901.171114922813;Line 3;1;181.968503389179
-23.319510469;-46.644729924;996.9;26610;49.51529159519724;901.1152915951973;Line 3;1;181.968503389179
-23.319781084;-46.644743331;987.2;26580;49.45946826758146;901.0594682675815;Line 3;1;181.968503389179
-23.320051698;-46.644756739;977.5;26550;49.40364493996567;901.0036449399657;Line 3;1;181.968503389179
-23.320322313;-46.644770146;967.2;26520;49.3478216123499;900.9478216123499;Line 3;1;181.968503389179
-23.320592928;-46.644783554;957.0;26490;49.29199828473411;900.8919982847341;Line 3;1;181.968503389179
-23.320863542;-46.644796961;946.6;26460;49.23617495711834;900.8361749571184;Line 3;1;181.968503389179
-23.321134157;-46.644810369;934.8;26430;49.18035162950255;900.7803516295025;Line 3;1;181.968503389179
-23.321404771;-46.644823777;922.9;26400;49.12452830188677;900.7245283018868;Line 3;1;181.968503389179
-23.321675386;-46.644837184;910.8;26370;49.06870497427099;900.668704974271;Line 3;1;181.968503389179
-23.321946;-46.644850592;896.3;26340;49.01288164665522;900.6128816466553;Line 3;0;181.968503389179
-23.322216615;-46.644864;881.7;26310;48.95705831903943;900.5570583190395;Line 3;0;181.968503389179
-23.322487229;-46.644877409;867.1;26280;48.90123499142365;900.5012349914236;Line 3;0;181.968503389179
-23.322757844;-46.644890817;855.4;26250;48.84541166380787;900.4454116638079;Line 3;0;181.968503389179
-23.323028458;-46.644904225;843.7;26220;48.78958833619209;900.3895883361921;Line 3;0;181.968503389179
-23.323299073;-46.644917634;831.8;26190;48.73376500857631;900.3337650085764;Line 3;0;181.968503389179
-23.323569687;-46.644931042;826.3;26160;48.67794168096053;900.2779416809606;Line 3;0;181.968503389179
-23.323840302;-46.644944451;821.5;26130;48.622118353344746;900.2221183533447;Line 3;0;181.968503389179
-23.324110916;-46.644957859;816.7;26100;48.56629502572897;900.166295025729;Line 3;0;181.968503389179
-23.32438153;-46.644971268;817.5;26070;48.510471698113186;900.1104716981132;Line 3;0;181.968503389179
-23.324652145;-46.644984677;819.9;26040;48.45464837049741;900.0546483704975;Line 3;0;181.968503389179
-23.324922759;-46.644998086;822.3;26010;48.39882504288163;899.9988250428817;Line 3;0;181.968503389179
-23.325193373;-46.645011495;822.3;25980;48.34300171526584;899.9430017152658;Line 3;0;181.968503389179
-23.325463988;-46.645024904;821.4;25950;48.287178387650066;899.8871783876501;Line 3;0;181.968503389179
-23.325734602;-46.645038313;820.4;25920;48.23135506003429;899.8313550600343;Line 3;0;181.968503389179
-23.326005216;-46.645051723;817.8;25890;48.175531732418506;899.7755317324186;Line 3;0;181.968503389179
-23.326275831;-46.645065132;814.3;25860;48.11970840480273;899.7197084048028;Line 3;0;181.968503389179
-23.326546445;-46.645078542;810.8;25830;48.063885077186946;899.6638850771869;Line 3;0;181.968503389179
-23.326817059;-46.645091951;805.6;25800;48.00806174957116;899.6080617495712;Line 3;0;181.968503389179
-23.327087674;-46.645105361;798.9;25770;47.952238421955386;899.5522384219554;Line 3;0;181.968503389179
-23.327358288;-46.645118771;792.4;25740;47.8964150943396;899.4964150943397;Line 3;0;181.968503389179
-23.327628902;-46.645132181;788.2;25710;47.840591766723826;899.4405917667239;Line 3;0;181.968503389179
-23.327899516;-46.645145591;786.4;25680;47.78476843910804;899.384768439108;Line 3;0;181.968503389179
-23.328170131;-46.645159001;784.5;25650;47.72894511149226;899.3289451114923;Line 3;0;181.968503389179
-23.328440745;-46.645172411;782.8;25620;47.67312178387648;899.2731217838765;Line 3;0;181.968503389179
-23.328711359;-46.645185821;781.3;25590;47.617298456260706;899.2172984562608;Line 3;0;181.968503389179
-23.328981973;-46.645199231;779.9;25560;47.56147512864492;899.161475128645;Line 3;0;181.968503389179
-23.329252587;-46.645212642;778.6;25530;47.50565180102914;899.1056518010291;Line 3;0;181.968503389179
-23.329523201;-46.645226052;777.4;25500;47.44982847341336;899.0498284734134;Line 3;0;181.968503389179
-23.329793816;-46.645239463;776.2;25470;47.39400514579758;898.9940051457976;Line 3;0;181.968503389179
-23.33006443;-46.645252873;775.0;25440;47.3381818181818;898.9381818181819;Line 3;0;181.968503389179
-23.330335044;-46.645266284;773.6;25410;47.28235849056602;898.882358490566;Line 3;0;181.968503389179
-23.330605658;-46.645279695;772.0;25380;47.226535162950235;898.8265351629502;Line 3;0;181.968503389179
-23.330876272;-46.645293106;770.2;25350;47.17071183533446;898.7707118353345;Line 3;0;181.968503389179
-23.331146886;-46.645306517;766.5;25320;47.114888507718675;898.7148885077187;Line 3;0;181.968503389179
-23.3314175;-46.645319928;762.8;25290;47.0590651801029;898.659065180103;Line 3;0;181.968503389179
-23.331688114;-46.645333339;759.2;25260;47.00324185248712;898.6032418524871;Line 3;0;181.968503389179
-23.331958728;-46.645346751;756.8;25230;46.94741852487133;898.5474185248713;Line 3;0;181.968503389179
-23.332229342;-46.645360162;754.4;25200;46.891595197255555;898.4915951972556;Line 3;0;181.968503389179
-23.332499956;-46.645373574;752.0;25170;46.83577186963978;898.4357718696398;Line 3;0;181.968503389179
-23.33277057;-46.645386985;752.0;25140;46.779948542023995;898.3799485420241;Line 3;0;181.968503389179
-23.333041184;-46.645400397;752.0;25110;46.72412521440822;898.3241252144082;Line 3;0;181.968503389179
-23.333311798;-46.645413809;752.0;25080;46.66830188679244;898.2683018867924;Line 3;0;181.968503389179
-23.333582412;-46.645427221;752.0;25050;46.61247855917665;898.2124785591767;Line 3;0;181.968503389179
-23.333853026;-46.645440633;752.0;25020;46.556655231560875;898.1566552315609;Line 3;0;181.968503389179
-23.33412364;-46.645454045;752.0;24990;46.50083190394509;898.1008319039452;Line 3;0;181.968503389179
-23.334394254;-46.645467457;752.2;24960;46.445008576329315;898.0450085763293;Line 3;0;181.968503389179
-23.334664868;-46.645480869;752.5;24930;46.38918524871354;897.9891852487135;Line 3;0;181.968503389179
-23.334935482;-46.645494281;752.8;24900;46.33336192109775;897.9333619210978;Line 3;0;181.968503389179
-23.335206095;-46.645507694;752.9;24870;46.27753859348197;897.877538593482;Line 3;0;181.968503389179
-23.335476709;-46.645521106;753.0;24840;46.221715265866194;897.8217152658663;Line 3;0;181.968503389179
-23.335747323;-46.645534519;753.0;24810;46.16589193825041;897.7658919382504;Line 3;0;181.968503389179
-23.336017937;-46.645547931;752.8;24780;46.110068610634634;897.7100686106346;Line 3;0;181.968503389179
-23.336288551;-46.645561344;752.4;24750;46.05424528301885;897.6542452830189;Line 3;0;181.968503389179
-23.336559165;-46.645574757;752.1;24720;45.99842195540307;897.5984219554031;Line 3;0;181.968503389179
-23.336829778;-46.64558817;752.5;24690;45.94259862778729;897.5425986277874;Line 3;0;181.968503389179
-23.337100392;-46.645601583;753.3;24660;45.88677530017151;897.4867753001715;Line 3;0;181.968503389179
-23.337371006;-46.645614996;754.1;24630;45.83095197255573;897.4309519725557;Line 3;0;181.968503389179
-23.33764162;-46.645628409;757.1;24600;45.77512864493995;897.37512864494;Line 3;0;181.968503389179
-23.337912233;-46.645641823;762.1;24570;45.719305317324164;897.3193053173242;Line 3;0;181.968503389179
-23.338182847;-46.645655236;767.3;24540;45.66348198970839;897.2634819897085;Line 3;0;181.968503389179
-23.338453461;-46.64566865;770.1;24510;45.60765866209261;897.2076586620926;Line 3;0;181.968503389179
-23.338724075;-46.645682063;769.7;24480;45.55183533447683;897.1518353344768;Line 3;0;181.968503389179
-23.338994688;-46.645695477;769.2;24450;45.496012006861044;897.0960120068611;Line 3;0;181.968503389179
-23.339265302;-46.645708891;767.9;24420;45.44018867924527;897.0401886792453;Line 3;0;181.968503389179
-23.339535916;-46.645722305;765.1;24390;45.384365351629484;896.9843653516295;Line 3;0;181.968503389179
-23.339806529;-46.645735718;762.2;24360;45.32854202401371;896.9285420240137;Line 3;0;181.968503389179
-23.340077143;-46.645749133;761.8;24330;45.272718696397924;896.8727186963979;Line 3;0;181.968503389179
-23.340347756;-46.645762547;768.1;24300;45.21689536878214;896.8168953687822;Line 3;0;181.968503389179
-23.34061837;-46.645775961;774.4;24270;45.16107204116636;896.7610720411664;Line 3;0;181.968503389179
-23.340888984;-46.645789375;780.2;24240;45.10524871355058;896.7052487135506;Line 3;0;181.968503389179
-23.341159597;-46.64580279;785.0;24210;45.0494253859348;896.6494253859348;Line 3;0;181.968503389179
-23.341430211;-46.645816204;789.8;24180;44.99360205831903;896.593602058319;Line 3;0;181.968503389179
-23.341700824;-46.645829619;794.3;24150;44.937778730703236;896.5377787307033;Line 3;0;181.968503389179
-23.341971438;-46.645843033;796.9;24120;44.88195540308746;896.4819554030875;Line 3;0;181.968503389179
-23.342242051;-46.645856448;799.6;24090;44.82613207547168;896.4261320754717;Line 3;0;181.968503389179
-23.342512665;-46.645869863;802.3;24060;44.7703087478559;896.3703087478559;Line 3;0;181.968503389179
-23.342783278;-46.645883278;805.6;24030;44.71448542024012;896.3144854202401;Line 3;0;181.968503389179
-23.343053892;-46.645896693;808.8;24000;44.65866209262434;896.2586620926244;Line 3;0;181.968503389179
-23.343324505;-46.645910108;812.1;23970;44.602838765008556;896.2028387650086;Line 3;0;181.968503389179
-23.343595119;-46.645923523;811.2;23940;44.54701543739278;896.1470154373928;Line 3;0;181.968503389179
-23.343865732;-46.645936939;810.1;23910;44.491192109776996;896.091192109777;Line 3;0;181.968503389179
-23.344136346;-46.645950354;809.0;23880;44.43536878216122;896.0353687821612;Line 3;0;181.968503389179
-23.344406959;-46.64596377;802.1;23850;44.379545454545436;895.9795454545455;Line 3;0;181.968503389179
-23.344677573;-46.645977185;794.4;23820;44.32372212692965;895.9237221269296;Line 3;0;181.968503389179
-23.344948186;-46.645990601;786.7;23790;44.267898799313876;895.8678987993139;Line 3;0;181.968503389179
-23.345218799;-46.646004017;781.6;23760;44.2120754716981;895.8120754716981;Line 3;0;181.968503389179
-23.345489413;-46.646017432;777.1;23730;44.156252144082316;895.7562521440823;Line 3;0;181.968503389179
-23.345760026;-46.646030848;772.4;23700;44.10042881646653;895.7004288164666;Line 3;0;181.968503389179
-23.346030639;-46.646044264;773.6;23670;44.044605488850756;895.6446054888507;Line 3;0;181.968503389179
-23.346301253;-46.646057681;776.9;23640;43.98878216123497;895.588782161235;Line 3;0;181.968503389179
-23.346571866;-46.646071097;780.1;23610;43.932958833619196;895.5329588336192;Line 3;0;181.968503389179
-23.346842479;-46.646084513;782.0;23580;43.87713550600341;895.4771355060034;Line 3;0;181.968503389179
-23.347113093;-46.64609793;783.3;23550;43.82131217838763;895.4213121783877;Line 3;0;181.968503389179
-23.347383706;-46.646111346;784.6;23520;43.76548885077185;895.3654888507718;Line 3;0;181.968503389179
-23.347654319;-46.646124763;783.4;23490;43.70966552315607;895.3096655231561;Line 3;0;181.968503389179
-23.347924932;-46.646138179;780.5;23460;43.65384219554029;895.2538421955403;Line 3;0;181.968503389179
-23.348195546;-46.646151596;777.8;23430;43.598018867924516;895.1980188679246;Line 3;0;181.968503389179
-23.348466159;-46.646165013;773.3;23400;43.542195540308725;895.1421955403088;Line 3;0;181.968503389179
-23.348736772;-46.64617843;767.1;23370;43.48637221269295;895.0863722126929;Line 3;0;181.968503389179
-23.349007385;-46.646191847;761.1;23340;43.43054888507717;895.0305488850772;Line 3;0;181.968503389179
-23.349277999;-46.646205264;758.6;23310;43.37472555746139;894.9747255574614;Line 3;0;181.968503389179
-23.349548612;-46.646218681;760.9;23280;43.31890222984561;894.9189022298457;Line 3;0;181.968503389179
-23.349819225;-46.646232099;763.3;23250;43.26307890222983;894.8630789022299;Line 3;0;181.968503389179
-23.350089838;-46.646245516;765.8;23220;43.207255574614045;894.807255574614;Line 3;0;181.968503389179
-23.350360451;-46.646258933;768.6;23190;43.15143224699827;894.7514322469983;Line 3;0;181.968503389179
-23.350631064;-46.646272351;771.4;23160;43.095608919382485;894.6956089193825;Line 3;0;181.968503389179
-23.350901677;-46.646285769;774.0;23130;43.03978559176671;894.6397855917668;Line 3;0;181.968503389179
-23.35117229;-46.646299187;776.1;23100;42.98396226415093;894.583962264151;Line 3;0;181.968503389179
-23.351442904;-46.646312604;778.3;23070;42.92813893653514;894.5281389365351;Line 3;0;181.968503389179
-23.351713517;-46.646326022;780.4;23040;42.872315608919365;894.4723156089194;Line 3;0;181.968503389179
-23.35198413;-46.64633944;782.2;23010;42.81649228130359;894.4164922813036;Line 3;0;181.968503389179
-23.352254743;-46.646352858;784.0;22980;42.760668953687805;894.3606689536879;Line 3;0;181.968503389179
-23.352525356;-46.646366277;785.8;22950;42.70484562607203;894.304845626072;Line 3;0;181.968503389179
-23.352795969;-46.646379695;787.6;22920;42.649022298456245;894.2490222984562;Line 3;0;181.968503389179
-23.353066582;-46.646393113;789.4;22890;42.59319897084046;894.1931989708405;Line 3;0;181.968503389179
-23.353337195;-46.646406532;791.0;22860;42.537375643224685;894.1373756432247;Line 3;0;181.968503389179
-23.353607808;-46.646419951;785.1;22830;42.4815523156089;894.081552315609;Line 3;0;181.968503389179
-23.353878421;-46.646433369;779.1;22800;42.425728987993125;894.0257289879931;Line 3;0;181.968503389179
-23.354149034;-46.646446788;773.0;22770;42.36990566037734;893.9699056603773;Line 3;0;181.968503389179
-23.354419647;-46.646460207;774.1;22740;42.31408233276156;893.9140823327616;Line 3;0;181.968503389179
-23.354690259;-46.646473626;775.7;22710;42.25825900514578;893.8582590051458;Line 3;0;181.968503389179
-23.354960872;-46.646487045;777.3;22680;42.202435677530005;893.8024356775301;Line 3;0;181.968503389179
-23.355231485;-46.646500464;776.0;22650;42.14661234991422;893.7466123499142;Line 3;0;181.968503389179
-23.355502098;-46.646513883;774.2;22620;42.09078902229844;893.6907890222984;Line 3;0;181.968503389179
-23.355772711;-46.646527302;772.3;22590;42.03496569468266;893.6349656946827;Line 3;0;181.968503389179
-23.356043324;-46.646540722;771.2;22560;41.97914236706688;893.5791423670669;Line 3;0;181.968503389179
-23.356313937;-46.646554141;770.3;22530;41.9233190394511;893.5233190394512;Line 3;0;181.968503389179
-23.35658455;-46.646567561;769.2;22500;41.86749571183532;893.4674957118353;Line 3;0;181.968503389179
-23.356855162;-46.646580981;771.2;22470;41.811672384219534;893.4116723842195;Line 3;0;181.968503389179
-23.357125775;-46.6465944;774.6;22440;41.75584905660376;893.3558490566038;Line 3;0;181.968503389179
-23.357396388;-46.64660782;778.1;22410;41.700025728987974;893.300025728988;Line 3;0;181.968503389179
-23.357667001;-46.64662124;781.7;22380;41.6442024013722;893.2442024013723;Line 3;0;181.968503389179
-23.357937613;-46.64663466;785.3;22350;41.58837907375642;893.1883790737564;Line 3;0;181.968503389179
-23.358208226;-46.64664808;789.1;22320;41.53255574614063;893.1325557461406;Line 3;0;181.968503389179
-23.358478839;-46.646661501;791.1;22290;41.476732418524854;893.0767324185249;Line 3;0;181.968503389179
-23.358749452;-46.646674921;791.6;22260;41.42090909090908;893.0209090909091;Line 3;0;181.968503389179
-23.359020064;-46.646688341;792.0;22230;41.365085763293294;892.9650857632934;Line 3;0;181.968503389179
-23.359290677;-46.646701762;791.7;22200;41.30926243567752;892.9092624356775;Line 3;0;181.968503389179
-23.35956129;-46.646715182;790.6;22170;41.253439108061734;892.8534391080617;Line 3;0;181.968503389179
-23.359831902;-46.646728603;789.5;22140;41.19761578044595;892.797615780446;Line 3;0;181.968503389179
-23.360102515;-46.646742024;788.4;22110;41.141792452830174;892.7417924528302;Line 3;0;181.968503389179
-23.360373128;-46.646755445;787.5;22080;41.08596912521439;892.6859691252145;Line 3;0;181.968503389179
-23.36064374;-46.646768866;786.7;22050;41.030145797598614;892.6301457975986;Line 3;0;181.968503389179
-23.360914353;-46.646782287;786.3;22020;40.97432246998283;892.5743224699828;Line 3;0;181.968503389179
-23.361184966;-46.646795708;786.6;21990;40.91849914236705;892.5184991423671;Line 3;0;181.968503389179
-23.361455578;-46.646809129;786.8;21960;40.86267581475127;892.4626758147513;Line 3;0;181.968503389179
-23.361726191;-46.64682255;787.4;21930;40.806852487135494;892.4068524871356;Line 3;0;181.968503389179
-23.361996803;-46.646835972;789.1;21900;40.75102915951971;892.3510291595197;Line 3;0;181.968503389179
-23.362267416;-46.646849393;790.9;21870;40.69520583190393;892.2952058319039;Line 3;0;181.968503389179
-23.362538028;-46.646862815;793.5;21840;40.63938250428815;892.2393825042882;Line 3;0;181.968503389179
-23.362808641;-46.646876237;801.7;21810;40.58355917667237;892.1835591766724;Line 3;0;181.968503389179
-23.363079253;-46.646889658;809.8;21780;40.52773584905659;892.1277358490566;Line 3;0;181.968503389179
-23.363349866;-46.64690308;818.1;21750;40.47191252144081;892.0719125214408;Line 3;0;181.968503389179
-23.363620478;-46.646916502;830.3;21720;40.41608919382502;892.016089193825;Line 3;0;181.968503389179
-23.363891091;-46.646929924;842.6;21690;40.36026586620925;891.9602658662093;Line 3;0;181.968503389179
-23.364161703;-46.646943346;854.8;21660;40.30444253859346;891.9044425385935;Line 3;0;181.968503389179
-23.364432316;-46.646956769;861.4;21630;40.24861921097769;891.8486192109777;Line 3;0;181.968503389179
-23.364702928;-46.646970191;868.1;21600;40.19279588336191;891.7927958833619;Line 3;0;181.968503389179
-23.364973541;-46.646983613;874.7;21570;40.13697255574612;891.7369725557461;Line 3;0;181.968503389179
-23.365244153;-46.646997036;880.4;21540;40.08114922813034;891.6811492281304;Line 3;0;181.968503389179
-23.365514765;-46.647010458;885.8;21510;40.02532590051457;891.6253259005146;Line 3;0;181.968503389179
-23.365785378;-46.647023881;891.1;21480;39.96950257289878;891.5695025728988;Line 3;0;181.968503389179
-23.36605599;-46.647037304;890.6;21450;39.91367924528301;891.513679245283;Line 3;0;181.968503389179
-23.366326603;-46.647050727;888.7;21420;39.85785591766722;891.4578559176673;Line 3;0;181.968503389179
-23.366597215;-46.64706415;886.6;21390;39.80203259005144;891.4020325900515;Line 3;0;181.968503389179
-23.366867827;-46.647077573;880.8;21360;39.74620926243566;891.3462092624357;Line 3;0;181.968503389179
-23.36713844;-46.647090996;873.9;21330;39.69038593481988;891.2903859348199;Line 3;0;181.968503389179
-23.367409052;-46.647104419;867.1;21300;39.6345626072041;891.2345626072041;Line 3;0;181.968503389179
-23.367679664;-46.647117842;864.5;21270;39.578739279588326;891.1787392795884;Line 3;0;181.968503389179
-23.367950276;-46.647131266;863.8;21240;39.522915951972536;891.1229159519726;Line 3;0;181.968503389179
-23.368220889;-46.647144689;863.1;21210;39.46709262435676;891.0670926243567;Line 3;0;181.968503389179
-23.368491501;-46.647158113;861.2;21180;39.41126929674098;891.011269296741;Line 3;0;181.968503389179
-23.368762113;-46.647171536;858.4;21150;39.3554459691252;890.9554459691252;Line 3;0;181.968503389179
-23.369032725;-46.64718496;855.4;21120;39.29962264150942;890.8996226415095;Line 3;0;181.968503389179
-23.369303338;-46.647198384;851.3;21090;39.24379931389364;890.8437993138937;Line 3;0;181.968503389179
-23.36957395;-46.647211808;846.3;21060;39.187975986277856;890.7879759862778;Line 3;0;181.968503389179
-23.369844562;-46.647225232;841.2;21030;39.13215265866208;890.7321526586621;Line 3;0;181.968503389179
-23.370115174;-46.647238656;839.3;21000;39.076329331046296;890.6763293310463;Line 3;0;181.968503389179
-23.370385786;-46.64725208;841.9;20970;39.02050600343052;890.6205060034306;Line 3;0;181.968503389179
-23.370656398;-46.647265505;844.4;20940;38.964682675814736;890.5646826758148;Line 3;0;181.968503389179
-23.37092701;-46.647278929;847.9;20910;38.90885934819895;890.5088593481989;Line 3;0;181.968503389179
-23.371197623;-46.647292354;853.0;20880;38.853036020583176;890.4530360205832;Line 3;0;181.968503389179
-23.371468235;-46.647305778;858.2;20850;38.7972126929674;890.3972126929674;Line 3;0;181.968503389179
-23.371738847;-46.647319203;862.0;20820;38.741389365351615;890.3413893653517;Line 3;0;181.968503389179
-23.372009459;-46.647332628;861.8;20790;38.68556603773583;890.2855660377359;Line 3;0;181.968503389179
-23.372280071;-46.647346053;861.5;20760;38.629742710120055;890.22974271012;Line 3;0;181.968503389179
-23.372550683;-46.647359478;861.4;20730;38.57391938250427;890.1739193825043;Line 3;0;181.968503389179
-23.372821295;-46.647372903;861.8;20700;38.518096054888495;890.1180960548885;Line 3;0;181.968503389179
-23.373091907;-46.647386328;862.2;20670;38.46227272727271;890.0622727272728;Line 3;0;181.968503389179
-23.373362519;-46.647399753;863.1;20640;38.40644939965693;890.006449399657;Line 3;0;181.968503389179
-23.373633131;-46.647413178;867.1;20610;38.35062607204115;889.9506260720411;Line 3;0;181.968503389179
-23.373903743;-46.647426604;871.2;20580;38.29480274442537;889.8948027444254;Line 3;0;181.968503389179
-23.374174355;-46.647440029;875.4;20550;38.23897941680959;889.8389794168096;Line 3;0;181.968503389179
-23.374444967;-46.647453455;884.1;20520;38.183156089193815;889.7831560891939;Line 3;0;181.968503389179
-23.374715579;-46.64746688;892.9;20490;38.127332761578025;889.727332761578;Line 3;1;181.968503389179
-23.374986191;-46.647480306;901.8;20460;38.07150943396225;889.6715094339622;Line 3;1;181.968503389179
-23.375256803;-46.647493732;903.3;20430;38.01568610634647;889.6156861063465;Line 3;1;181.968503389179
-23.375527415;-46.647507158;904.4;20400;37.95986277873069;889.5598627787307;Line 3;1;181.968503389179
-23.375798027;-46.647520584;905.6;20370;37.90403945111491;889.504039451115;Line 3;1;181.968503389179
-23.376068638;-46.64753401;899.5;20340;37.84821612349913;889.4482161234992;Line 3;1;181.968503389179
-23.37633925;-46.647547436;892.3;20310;37.792392795883345;889.3923927958833;Line 3;1;181.968503389179
-23.376609862;-46.647560863;885.2;20280;37.73656946826757;889.3365694682676;Line 3;0;181.968503389179
-23.376880474;-46.647574289;874.5;20250;37.680746140651785;889.2807461406518;Line 3;0;181.968503389179
-23.377151086;-46.647587716;862.9;20220;37.62492281303601;889.2249228130361;Line 3;0;181.968503389179
-23.377421698;-46.647601142;851.4;20190;37.569099485420224;889.1690994854202;Line 3;0;181.968503389179
-23.377692309;-46.647614569;843.8;20160;37.51327615780444;889.1132761578044;Line 3;0;181.968503389179
-23.377962921;-46.647627996;837.8;20130;37.457452830188664;889.0574528301887;Line 3;0;181.968503389179
-23.378233533;-46.647641423;832.0;20100;37.40162950257289;889.0016295025729;Line 3;0;181.968503389179
-23.378504145;-46.64765485;828.0;20070;37.345806174957104;888.9458061749572;Line 3;0;181.968503389179
-23.378774756;-46.647668277;824.9;20040;37.28998284734132;888.8899828473413;Line 3;0;181.968503389179
-23.379045368;-46.647681704;821.9;20010;37.234159519725544;888.8341595197255;Line 3;0;181.968503389179
-23.37931598;-46.647695131;820.0;19980;37.17833619210976;888.7783361921098;Line 3;0;181.968503389179
-23.379586592;-46.647708558;818.9;19950;37.122512864493984;888.722512864494;Line 3;0;181.968503389179
-23.379857203;-46.647721986;817.6;19920;37.0666895368782;888.6666895368783;Line 3;0;181.968503389179
-23.380127815;-46.647735413;819.4;19890;37.01086620926242;888.6108662092624;Line 3;0;181.968503389179
-23.380398427;-46.647748841;824.7;19860;36.95504288164664;888.5550428816466;Line 3;0;181.968503389179
-23.380669038;-46.647762268;829.8;19830;36.89921955403086;888.4992195540309;Line 3;0;181.968503389179
-23.38093965;-46.647775696;834.8;19800;36.84339622641508;888.4433962264151;Line 3;0;181.968503389179
-23.381210262;-46.647789124;839.8;19770;36.787572898799304;888.3875728987994;Line 3;0;181.968503389179
-23.381480873;-46.647802552;844.9;19740;36.731749571183514;888.3317495711835;Line 3;0;181.968503389179
-23.381751485;-46.64781598;848.6;19710;36.67592624356774;888.2759262435677;Line 3;0;181.968503389179
-23.382022096;-46.647829408;849.4;19680;36.62010291595196;888.220102915952;Line 3;0;181.968503389179
-23.382292708;-46.647842836;850.1;19650;36.56427958833618;888.1642795883362;Line 3;0;181.968503389179
-23.382563319;-46.647856265;850.3;19620;36.5084562607204;888.1084562607205;Line 3;0;181.968503389179
-23.382833931;-46.647869693;848.7;19590;36.45263293310462;888.0526329331046;Line 3;0;181.968503389179
-23.383104543;-46.647883122;847.1;19560;36.39680960548883;887.9968096054888;Line 3;0;181.968503389179
-23.383375154;-46.64789655;845.6;19530;36.34098627787306;887.9409862778731;Line 3;0;181.968503389179
-23.383645766;-46.647909979;845.2;19500;36.28516295025727;887.8851629502573;Line 3;0;181.968503389179
-23.383916377;-46.647923408;844.8;19470;36.2293396226415;887.8293396226416;Line 3;0;181.968503389179
-23.384186989;-46.647936837;844.6;19440;36.17351629502572;887.7735162950257;Line 3;0;181.968503389179
-23.3844576;-46.647950266;847.5;19410;36.11769296740993;887.7176929674099;Line 3;0;181.968503389179
-23.384728211;-46.647963695;850.6;19380;36.06186963979415;887.6618696397942;Line 3;0;181.968503389179
-23.384998823;-46.647977124;853.8;19350;36.00604631217838;887.6060463121784;Line 3;0;181.968503389179
-23.385269434;-46.647990553;862.1;19320;35.95022298456259;887.5502229845627;Line 3;0;181.968503389179
-23.385540046;-46.648003982;870.4;19290;35.89439965694682;887.4943996569468;Line 3;0;181.968503389179
-23.385810657;-46.648017412;878.8;19260;35.83857632933103;887.438576329331;Line 3;0;181.968503389179
-23.386081269;-46.648030841;884.0;19230;35.78275300171525;887.3827530017153;Line 3;0;181.968503389179
-23.38635188;-46.648044271;888.9;19200;35.72692967409947;887.3269296740995;Line 3;1;181.968503389179
-23.386622491;-46.648057701;893.8;19170;35.67110634648369;887.2711063464837;Line 3;1;181.968503389179
-23.386893103;-46.64807113;890.0;19140;35.61528301886791;887.2152830188679;Line 3;1;181.968503389179
-23.387163714;-46.64808456;884.5;19110;35.55945969125213;887.1594596912521;Line 3;0;181.968503389179
-23.387434325;-46.64809799;879.0;19080;35.503636363636346;887.1036363636364;Line 3;0;181.968503389179
-23.387704937;-46.64811142;873.5;19050;35.44781303602057;887.0478130360206;Line 3;0;181.968503389179
-23.387975548;-46.64812485;867.8;19020;35.39198970840479;886.9919897084048;Line 3;0;181.968503389179
-23.388246159;-46.648138281;862.0;18990;35.33616638078901;886.936166380789;Line 3;0;181.968503389179
-23.38851677;-46.648151711;857.6;18960;35.280343053173226;886.8803430531732;Line 3;0;181.968503389179
-23.388787382;-46.648165141;853.9;18930;35.22451972555745;886.8245197255575;Line 3;0;181.968503389179
-23.389057993;-46.648178572;850.2;18900;35.168696397941666;886.7686963979417;Line 3;0;181.968503389179
-23.389328604;-46.648192002;851.4;18870;35.11287307032589;886.7128730703259;Line 3;0;181.968503389179
-23.389599215;-46.648205433;856.1;18840;35.057049742710106;886.6570497427101;Line 3;0;181.968503389179
-23.389869827;-46.648218864;860.9;18810;35.00122641509432;886.6012264150943;Line 3;0;181.968503389179
-23.390140438;-46.648232295;866.4;18780;34.945403087478546;886.5454030874786;Line 3;0;181.968503389179
-23.390411049;-46.648245726;872.7;18750;34.88957975986276;886.4895797598627;Line 3;0;181.968503389179
-23.39068166;-46.648259157;879.1;18720;34.833756432246986;886.433756432247;Line 3;0;181.968503389179
-23.390952271;-46.648272588;881.0;18690;34.77793310463121;886.3779331046312;Line 3;0;181.968503389179
-23.391222882;-46.648286019;877.2;18660;34.72210977701542;886.3221097770154;Line 3;0;181.968503389179
-23.391493494;-46.648299451;873.5;18630;34.66628644939964;886.2662864493997;Line 3;0;181.968503389179
-23.391764105;-46.648312882;868.5;18600;34.610463121783866;886.2104631217838;Line 3;0;181.968503389179
-23.392034716;-46.648326313;861.3;18570;34.55463979416808;886.1546397941681;Line 3;0;181.968503389179
-23.392305327;-46.648339745;854.1;18540;34.498816466552306;886.0988164665523;Line 3;0;181.968503389179
-23.392575938;-46.648353177;849.6;18510;34.44299313893652;886.0429931389366;Line 3;0;181.968503389179
-23.392846549;-46.648366609;852.2;18480;34.38716981132074;885.9871698113208;Line 3;0;181.968503389179
-23.39311716;-46.64838004;854.8;18450;34.33134648370496;885.9313464837049;Line 3;0;181.968503389179
-23.393387771;-46.648393472;857.7;18420;34.27552315608918;885.8755231560892;Line 3;0;181.968503389179
-23.393658382;-46.648406904;862.5;18390;34.2196998284734;885.8196998284734;Line 3;0;181.968503389179
-23.393928993;-46.648420337;867.2;18360;34.16387650085762;885.7638765008577;Line 3;0;181.968503389179
-23.394199604;-46.648433769;871.6;18330;34.108053173241835;885.7080531732419;Line 3;0;181.968503389179
-23.394470215;-46.648447201;874.3;18300;34.05222984562606;885.652229845626;Line 3;0;181.968503389179
-23.394740826;-46.648460634;877.1;18270;33.99640651801028;885.5964065180103;Line 3;0;181.968503389179
-23.395011437;-46.648474066;879.9;18240;33.9405831903945;885.5405831903945;Line 3;0;181.968503389179
-23.395282048;-46.648487499;881.3;18210;33.884759862778715;885.4847598627788;Line 3;0;181.968503389179
-23.395552659;-46.648500931;882.8;18180;33.82893653516294;885.428936535163;Line 3;0;181.968503389179
-23.39582327;-46.648514364;884.4;18150;33.773113207547155;885.3731132075471;Line 3;0;181.968503389179
-23.396093881;-46.648527797;887.9;18120;33.71728987993138;885.3172898799314;Line 3;1;181.968503389179
-23.396364492;-46.64854123;891.4;18090;33.661466552315595;885.2614665523156;Line 3;1;181.968503389179
-23.396635102;-46.648554663;894.9;18060;33.60564322469981;885.2056432246999;Line 3;1;181.968503389179
-23.396905713;-46.648568096;892.9;18030;33.549819897084035;885.1498198970841;Line 3;1;181.968503389179
-23.397176324;-46.648581529;890.4;18000;33.49399656946825;885.0939965694682;Line 3;1;181.968503389179
-23.397446935;-46.648594963;888.1;17970;33.438173241852475;885.0381732418525;Line 3;1;181.968503389179
-23.397717546;-46.648608396;887.5;17940;33.3823499142367;884.9823499142367;Line 3;1;181.968503389179
-23.397988157;-46.64862183;887.4;17910;33.32652658662091;884.926526586621;Line 3;1;181.968503389179
-23.398258767;-46.648635263;887.4;17880;33.27070325900513;884.8707032590052;Line 3;1;181.968503389179
-23.398529378;-46.648648697;888.9;17850;33.214879931389355;884.8148799313893;Line 3;1;181.968503389179
-23.398799989;-46.648662131;891.0;17820;33.15905660377357;884.7590566037736;Line 3;1;181.968503389179
-23.3990706;-46.648675565;893.1;17790;33.103233276157795;884.7032332761578;Line 3;1;181.968503389179
-23.39934121;-46.648688999;898.2;17760;33.04740994854201;884.6474099485421;Line 3;1;181.968503389179
-23.399611821;-46.648702433;904.9;17730;32.99158662092623;884.5915866209263;Line 3;1;181.968503389179
-23.399882432;-46.648715867;911.8;17700;32.93576329331045;884.5357632933104;Line 3;1;181.968503389179
-23.400153043;-46.648729301;919.7;17670;32.87993996569467;884.4799399656947;Line 3;1;181.968503389179
-23.400423653;-46.648742735;928.3;17640;32.82411663807889;884.4241166380789;Line 3;1;181.968503389179
-23.400694264;-46.64875617;936.9;17610;32.768293310463115;884.3682933104632;Line 3;1;181.968503389179
-23.400964875;-46.648769604;945.0;17580;32.712469982847324;884.3124699828473;Line 3;1;181.968503389179
-23.401235485;-46.648783039;952.6;17550;32.65664665523155;884.2566466552315;Line 3;1;181.968503389179
-23.401506096;-46.648796474;960.1;17520;32.60082332761577;884.2008233276158;Line 3;1;181.968503389179
-23.401776706;-46.648809908;967.6;17490;32.54499999999999;884.145;Line 3;1;181.968503389179
-23.402047317;-46.648823343;974.9;17460;32.48917667238421;884.0891766723843;Line 3;1;181.968503389179
-23.402317928;-46.648836778;981.9;17430;32.43335334476843;884.0333533447684;Line 3;1;181.968503389179
-23.402588538;-46.648850213;987.4;17400;32.377530017152644;883.9775300171526;Line 3;1;181.968503389179
-23.402859149;-46.648863649;989.7;17370;32.32170668953687;883.9217066895369;Line 3;1;181.968503389179
-23.403129759;-46.648877084;991.8;17340;32.265883361921084;883.8658833619211;Line 3;1;181.968503389179
-23.40340037;-46.648890519;992.0;17310;32.21006003430531;883.8100600343054;Line 3;1;181.968503389179
-23.40367098;-46.648903955;986.3;17280;32.154236706689524;883.7542367066895;Line 3;1;181.968503389179
-23.403941591;-46.64891739;980.6;17250;32.09841337907374;883.6984133790737;Line 3;1;181.968503389179
-23.404212201;-46.648930826;975.0;17220;32.042590051457964;883.642590051458;Line 3;1;181.968503389179
-23.404482812;-46.648944261;970.3;17190;31.986766723842184;883.5867667238422;Line 3;1;181.968503389179
-23.404753422;-46.648957697;965.7;17160;31.930943396226407;883.5309433962265;Line 3;1;181.968503389179
-23.405024033;-46.648971133;962.2;17130;31.87512006861062;883.4751200686106;Line 3;1;181.968503389179
-23.405294643;-46.648984569;967.6;17100;31.81929674099484;883.4192967409948;Line 3;1;181.968503389179
-23.405565254;-46.648998005;972.9;17070;31.76347341337906;883.3634734133791;Line 3;1;181.968503389179
-23.405835864;-46.649011441;978.2;17040;31.707650085763284;883.3076500857633;Line 3;1;181.968503389179
-23.406106475;-46.649024877;978.2;17010;31.651826758147504;883.2518267581476;Line 3;1;181.968503389179
-23.406377085;-46.649038314;978.2;16980;31.596003430531717;883.1960034305317;Line 3;1;181.968503389179
-23.406647695;-46.64905175;978.1;16950;31.54018010291594;883.140180102916;Line 3;1;181.968503389179
-23.406918306;-46.649065187;970.1;16920;31.48435677530016;883.0843567753002;Line 3;1;181.968503389179
-23.407188916;-46.649078623;961.5;16890;31.42853344768438;883.0285334476844;Line 3;1;181.968503389179
-23.407459526;-46.64909206;952.7;16860;31.3727101200686;882.9727101200687;Line 3;1;181.968503389179
-23.407730137;-46.649105497;951.5;16830;31.316886792452816;882.9168867924528;Line 3;1;181.968503389179
-23.408000747;-46.649118934;951.6;16800;31.261063464837036;882.8610634648371;Line 3;1;181.968503389179
-23.408271357;-46.649132371;951.7;16770;31.205240137221256;882.8052401372213;Line 3;1;181.968503389179
-23.408541968;-46.649145808;956.4;16740;31.149416809605476;882.7494168096055;Line 3;1;181.968503389179
-23.408812578;-46.649159245;962.6;16710;31.0935934819897;882.6935934819898;Line 3;1;181.968503389179
-23.409083188;-46.649172682;969.0;16680;31.037770154373913;882.6377701543739;Line 3;1;181.968503389179
-23.409353798;-46.64918612;971.8;16650;30.981946826758133;882.5819468267582;Line 3;1;181.968503389179
-23.409624409;-46.649199557;973.1;16620;30.926123499142356;882.5261234991424;Line 3;1;181.968503389179
-23.409895019;-46.649212995;974.5;16590;30.870300171526576;882.4703001715266;Line 3;1;181.968503389179
-23.410165629;-46.649226432;970.1;16560;30.814476843910796;882.4144768439108;Line 3;1;181.968503389179
-23.410436239;-46.64923987;962.0;16530;30.758653516295013;882.358653516295;Line 3;1;181.968503389179
-23.41070685;-46.649253308;954.0;16500;30.702830188679233;882.3028301886793;Line 3;1;181.968503389179
-23.41097746;-46.649266746;946.6;16470;30.647006861063453;882.2470068610635;Line 3;1;181.968503389179
-23.41124807;-46.649280184;939.8;16440;30.591183533447673;882.1911835334477;Line 3;1;181.968503389179
-23.41151868;-46.649293622;933.0;16410;30.535360205831896;882.135360205832;Line 3;1;181.968503389179
-23.41178929;-46.64930706;932.1;16380;30.47953687821611;882.0795368782161;Line 3;1;181.968503389179
-23.4120599;-46.649320498;938.5;16350;30.42371355060033;882.0237135506004;Line 3;1;181.968503389179
-23.41233051;-46.649333936;944.8;16320;30.36789022298455;881.9678902229846;Line 3;1;181.968503389179
-23.41260112;-46.649347375;950.1;16290;30.312066895368773;881.9120668953688;Line 3;1;181.968503389179
-23.412871731;-46.649360813;954.0;16260;30.256243567752993;881.856243567753;Line 3;1;181.968503389179
-23.413142341;-46.649374252;957.8;16230;30.200420240137205;881.8004202401372;Line 3;1;181.968503389179
-23.413412951;-46.649387691;960.6;16200;30.14459691252143;881.7445969125215;Line 3;1;181.968503389179
-23.413683561;-46.649401129;960.9;16170;30.08877358490565;881.6887735849057;Line 3;1;181.968503389179
-23.413954171;-46.649414568;961.1;16140;30.03295025728987;881.6329502572898;Line 3;1;181.968503389179
-23.414224781;-46.649428007;960.0;16110;29.97712692967409;881.5771269296741;Line 3;1;181.968503389179
-23.414495391;-46.649441446;953.5;16080;29.92130360205831;881.5213036020583;Line 3;1;181.968503389179
-23.414766001;-46.649454886;947.3;16050;29.86548027444253;881.4654802744426;Line 3;1;181.968503389179
-23.415036611;-46.649468325;941.6;16020;29.809656946826745;881.4096569468268;Line 3;1;181.968503389179
-23.415307221;-46.649481764;939.0;15990;29.753833619210965;881.353833619211;Line 3;1;181.968503389179
-23.415577831;-46.649495204;936.6;15960;29.698010291595185;881.2980102915952;Line 3;1;181.968503389179
-23.415848441;-46.649508643;934.8;15930;29.642186963979405;881.2421869639794;Line 3;1;181.968503389179
-23.41611905;-46.649522083;939.8;15900;29.586363636363625;881.1863636363637;Line 3;1;181.968503389179
-23.41638966;-46.649535522;944.8;15870;29.530540308747845;881.1305403087479;Line 3;1;181.968503389179
-23.41666027;-46.649548962;949.8;15840;29.474716981132065;881.074716981132;Line 3;1;181.968503389179
-23.41693088;-46.649562402;953.4;15810;29.41889365351628;881.0188936535163;Line 3;1;181.968503389179
-23.41720149;-46.649575842;956.8;15780;29.3630703259005;880.9630703259005;Line 3;1;181.968503389179
-23.4174721;-46.649589282;960.2;15750;29.307246998284725;880.9072469982848;Line 3;1;181.968503389179
-23.41774271;-46.649602722;959.9;15720;29.25142367066894;880.851423670669;Line 3;1;181.968503389179
-23.418013319;-46.649616163;959.1;15690;29.19560034305316;880.7956003430531;Line 3;1;181.968503389179
-23.418283929;-46.649629603;958.3;15660;29.13977701543738;880.7397770154374;Line 3;1;181.968503389179
-23.418554539;-46.649643043;956.8;15630;29.0839536878216;880.6839536878216;Line 3;1;181.968503389179
-23.418825149;-46.649656484;954.9;15600;29.02813036020582;880.6281303602059;Line 3;1;181.968503389179
-23.419095759;-46.649669925;952.8;15570;28.972307032590038;880.5723070325901;Line 3;1;181.968503389179
-23.419366368;-46.649683365;952.7;15540;28.91648370497426;880.5164837049742;Line 3;1;181.968503389179
-23.419636978;-46.649696806;953.3;15510;28.860660377358478;880.4606603773585;Line 3;1;181.968503389179
-23.419907588;-46.649710247;954.1;15480;28.804837049742698;880.4048370497427;Line 3;1;181.968503389179
-23.420178198;-46.649723688;954.4;15450;28.749013722126918;880.349013722127;Line 3;1;181.968503389179
-23.420448807;-46.649737129;954.5;15420;28.693190394511138;880.2931903945112;Line 3;1;181.968503389179
-23.420719417;-46.64975057;954.8;15390;28.637367066895358;880.2373670668953;Line 3;1;181.968503389179
-23.420990027;-46.649764012;957.2;15360;28.581543739279578;880.1815437392796;Line 3;1;181.968503389179
-23.421260636;-46.649777453;961.1;15330;28.525720411663798;880.1257204116638;Line 3;1;181.968503389179
-23.421531246;-46.649790894;965.1;15300;28.469897084048018;880.0698970840481;Line 3;1;181.968503389179
-23.421801856;-46.649804336;970.7;15270;28.414073756432234;880.0140737564323;Line 3;1;181.968503389179
-23.422072465;-46.649817778;978.0;15240;28.358250428816454;879.9582504288164;Line 3;1;181.968503389179
-23.422343075;-46.649831219;985.4;15210;28.302427101200678;879.9024271012007;Line 3;1;181.968503389179
-23.422613685;-46.649844661;992.5;15180;28.246603773584894;879.8466037735849;Line 3;1;181.968503389179
-23.422884294;-46.649858103;999.3;15150;28.190780445969114;879.7907804459692;Line 3;1;181.968503389179
-23.423154904;-46.649871545;1005.9;15120;28.134957118353334;879.7349571183533;Line 3;1;181.968503389179
-23.423425513;-46.649884987;1011.8;15090;28.079133790737554;879.6791337907375;Line 3;1;181.968503389179
-23.423696123;-46.649898429;1016.2;15060;28.023310463121774;879.6233104631218;Line 3;1;181.968503389179
-23.423966732;-46.649911872;1020.6;15030;27.96748713550599;879.567487135506;Line 3;1;181.968503389179
-23.424237342;-46.649925314;1023.8;15000;27.911663807890214;879.5116638078903;Line 3;1;181.968503389179
-23.424507951;-46.649938756;1023.8;14970;27.85584048027443;879.4558404802744;Line 3;1;181.968503389179
-23.424778561;-46.649952199;1023.8;14940;27.80001715265865;879.4000171526586;Line 3;1;181.968503389179
-23.42504917;-46.649965641;1024.3;14910;27.74419382504287;879.3441938250429;Line 3;1;181.968503389179
-23.42531978;-46.649979084;1027.3;14880;27.68837049742709;879.2883704974271;Line 3;1;181.968503389179
-23.425590389;-46.649992527;1030.3;14850;27.63254716981131;879.2325471698114;Line 3;1;181.968503389179
-23.425860999;-46.65000597;1033.3;14820;27.576723842195527;879.1767238421955;Line 3;1;181.968503389179
-23.426131608;-46.650019413;1037.3;14790;27.52090051457975;879.1209005145797;Line 3;1;181.968503389179
-23.426402218;-46.650032856;1041.4;14760;27.46507718696397;879.065077186964;Line 3;1;181.968503389179
-23.426672827;-46.650046299;1045.8;14730;27.409253859348187;879.0092538593482;Line 3;1;181.968503389179
-23.426943436;-46.650059742;1049.4;14700;27.353430531732407;878.9534305317325;Line 3;1;181.968503389179
-23.427214046;-46.650073186;1053.1;14670;27.297607204116627;878.8976072041166;Line 3;1;181.968503389179
-23.427484655;-46.650086629;1056.9;14640;27.241783876500847;878.8417838765008;Line 3;1;181.968503389179
-23.427755264;-46.650100073;1059.4;14610;27.185960548885067;878.7859605488851;Line 3;1;181.968503389179
-23.428025874;-46.650113516;1062.0;14580;27.130137221269287;878.7301372212693;Line 3;1;181.968503389179
-23.428296483;-46.65012696;1064.6;14550;27.074313893653507;878.6743138936536;Line 3;1;181.968503389179
-23.428567092;-46.650140404;1063.5;14520;27.018490566037723;878.6184905660377;Line 3;1;181.968503389179
-23.428837702;-46.650153848;1061.6;14490;26.962667238421943;878.5626672384219;Line 3;1;181.968503389179
-23.429108311;-46.650167292;1059.7;14460;26.906843910806167;878.5068439108062;Line 3;1;181.968503389179
-23.42937892;-46.650180736;1051.3;14430;26.851020583190383;878.4510205831904;Line 3;1;181.968503389179
-23.42964953;-46.65019418;1041.2;14400;26.795197255574603;878.3951972555747;Line 3;1;181.968503389179
-23.429920139;-46.650207625;1031.2;14370;26.739373927958827;878.3393739279588;Line 3;1;181.968503389179
-23.430190748;-46.650221069;1020.3;14340;26.683550600343043;878.2835506003431;Line 3;1;181.968503389179
-23.430461357;-46.650234513;1009.1;14310;26.627727272727263;878.2277272727273;Line 3;1;181.968503389179
-23.430731966;-46.650247958;997.9;14280;26.57190394511148;878.1719039451115;Line 3;1;181.968503389179
-23.431002576;-46.650261403;988.5;14250;26.516080617495703;878.1160806174958;Line 3;1;181.968503389179
-23.431273185;-46.650274847;980.2;14220;26.460257289879923;878.0602572898799;Line 3;1;181.968503389179
-23.431543794;-46.650288292;971.8;14190;26.40443396226414;878.0044339622642;Line 3;1;181.968503389179
-23.431814403;-46.650301737;967.3;14160;26.34861063464836;877.9486106346484;Line 3;1;181.968503389179
-23.432085012;-46.650315182;965.9;14130;26.29278730703258;877.8927873070326;Line 3;1;181.968503389179
-23.432355621;-46.650328627;964.5;14100;26.2369639794168;877.8369639794169;Line 3;1;181.968503389179
-23.432626231;-46.650342072;961.9;14070;26.18114065180102;877.781140651801;Line 3;1;181.968503389179
-23.43289684;-46.650355518;958.4;14040;26.12531732418524;877.7253173241853;Line 3;1;181.968503389179
-23.433167449;-46.650368963;954.9;14010;26.06949399656946;877.6694939965695;Line 3;1;181.968503389179
-23.433438058;-46.650382408;951.5;13980;26.013670668953676;877.6136706689537;Line 3;1;181.968503389179
-23.433708667;-46.650395854;948.1;13950;25.957847341337896;877.557847341338;Line 3;1;181.968503389179
-23.433979276;-46.6504093;944.8;13920;25.90202401372212;877.5020240137221;Line 3;1;181.968503389179
-23.434249885;-46.650422745;942.9;13890;25.846200686106336;877.4462006861064;Line 3;1;181.968503389179
-23.434520494;-46.650436191;943.8;13860;25.790377358490556;877.3903773584906;Line 3;1;181.968503389179
-23.434791103;-46.650449637;944.7;13830;25.734554030874776;877.3345540308748;Line 3;1;181.968503389179
-23.435061712;-46.650463083;944.7;13800;25.678730703258996;877.278730703259;Line 3;1;181.968503389179
-23.435332321;-46.650476529;942.0;13770;25.622907375643216;877.2229073756432;Line 3;1;181.968503389179
-23.43560293;-46.650489975;939.3;13740;25.567084048027432;877.1670840480275;Line 3;1;181.968503389179
-23.435873539;-46.650503422;936.2;13710;25.511260720411656;877.1112607204117;Line 3;1;181.968503389179
-23.436144148;-46.650516868;931.9;13680;25.455437392795872;877.0554373927959;Line 3;1;181.968503389179
-23.436414757;-46.650530315;927.6;13650;25.399614065180092;876.9996140651801;Line 3;1;181.968503389179
-23.436685366;-46.650543761;923.4;13620;25.343790737564312;876.9437907375643;Line 3;1;181.968503389179
-23.436955975;-46.650557208;922.7;13590;25.287967409948532;876.8879674099486;Line 3;1;181.968503389179
-23.437226583;-46.650570655;921.9;13560;25.232144082332752;876.8321440823328;Line 3;1;181.968503389179
-23.437497192;-46.650584101;921.2;13530;25.17632075471697;876.776320754717;Line 3;1;181.968503389179
-23.437767801;-46.650597548;918.6;13500;25.120497427101192;876.7204974271012;Line 3;1;181.968503389179
-23.43803841;-46.650610995;916.0;13470;25.064674099485412;876.6646740994854;Line 3;1;181.968503389179
-23.438309019;-46.650624442;913.5;13440;25.00885077186963;876.6088507718697;Line 3;1;181.968503389179
-23.438579628;-46.65063789;913.8;13410;24.95302744425385;876.5530274442539;Line 3;1;181.968503389179
-23.438850236;-46.650651337;914.4;13380;24.897204116638072;876.497204116638;Line 3;1;181.968503389179
-23.439120845;-46.650664784;915.1;13350;24.84138078902229;876.4413807890223;Line 3;1;181.968503389179
-23.439391454;-46.650678232;914.6;13320;24.78555746140651;876.3855574614065;Line 3;1;181.968503389179
-23.439662063;-46.650691679;913.6;13290;24.72973413379073;876.3297341337908;Line 3;1;181.968503389179
-23.439932672;-46.650705127;912.5;13260;24.67391080617495;876.273910806175;Line 3;1;181.968503389179
-23.44020328;-46.650718575;905.4;13230;24.61808747855917;876.2180874785591;Line 3;1;181.968503389179
-23.440473889;-46.650732023;896.4;13200;24.562264150943385;876.1622641509434;Line 3;1;181.968503389179
-23.440744498;-46.65074547;887.3;13170;24.50644082332761;876.1064408233276;Line 3;1;181.968503389179
-23.441015106;-46.650758918;876.8;13140;24.450617495711825;876.0506174957119;Line 3;1;181.968503389179
-23.441285715;-46.650772367;865.6;13110;24.394794168096045;875.9947941680961;Line 3;0;181.968503389179
-23.441556324;-46.650785815;854.4;13080;24.338970840480265;875.9389708404802;Line 3;0;181.968503389179
-23.441826932;-46.650799263;847.9;13050;24.283147512864485;875.8831475128645;Line 3;0;181.968503389179
-23.442097541;-46.650812711;844.7;13020;24.227324185248705;875.8273241852487;Line 3;0;181.968503389179
-23.44236815;-46.65082616;841.5;12990;24.17150085763292;875.771500857633;Line 3;0;181.968503389179
-23.442638758;-46.650839609;839.7;12960;24.115677530017145;875.7156775300172;Line 3;0;181.968503389179
-23.442909367;-46.650853057;839.0;12930;24.059854202401365;875.6598542024013;Line 3;0;181.968503389179
-23.443179976;-46.650866506;838.2;12900;24.00403087478558;875.6040308747856;Line 3;0;181.968503389179
-23.443450584;-46.650879955;838.2;12870;23.9482075471698;875.5482075471698;Line 3;0;181.968503389179
-23.443721193;-46.650893404;839.3;12840;23.89238421955402;875.4923842195541;Line 3;0;181.968503389179
-23.443991801;-46.650906853;840.3;12810;23.83656089193824;875.4365608919383;Line 3;0;181.968503389179
-23.44426241;-46.650920302;841.1;12780;23.78073756432246;875.3807375643224;Line 3;0;181.968503389179
-23.444533018;-46.650933751;841.9;12750;23.72491423670668;875.3249142367067;Line 3;0;181.968503389179
-23.444803627;-46.6509472;842.7;12720;23.6690909090909;875.2690909090909;Line 3;0;181.968503389179
-23.445074235;-46.65096065;843.7;12690;23.613267581475117;875.2132675814752;Line 3;0;181.968503389179
-23.445344844;-46.650974099;845.4;12660;23.557444253859337;875.1574442538594;Line 3;0;181.968503389179
-23.445615452;-46.650987549;847.1;12630;23.50162092624356;875.1016209262436;Line 3;0;181.968503389179
-23.445886061;-46.651000998;848.2;12600;23.445797598627777;875.0457975986278;Line 3;0;181.968503389179
-23.446156669;-46.651014448;846.5;12570;23.389974271011997;874.989974271012;Line 3;0;181.968503389179
-23.446427278;-46.651027898;844.8;12540;23.33415094339622;874.9341509433963;Line 3;0;181.968503389179
-23.446697886;-46.651041348;843.1;12510;23.278327615780437;874.8783276157804;Line 3;0;181.968503389179
-23.446968495;-46.651054798;840.0;12480;23.222504288164657;874.8225042881647;Line 3;0;181.968503389179
-23.447239103;-46.651068248;836.9;12450;23.166680960548874;874.7666809605489;Line 3;0;181.968503389179
-23.447509711;-46.651081698;833.8;12420;23.110857632933097;874.7108576329331;Line 3;0;181.968503389179
-23.44778032;-46.651095149;830.8;12390;23.055034305317317;874.6550343053174;Line 3;0;181.968503389179
-23.448050928;-46.651108599;827.9;12360;22.999210977701534;874.5992109777015;Line 3;0;181.968503389179
-23.448321536;-46.65112205;824.9;12330;22.943387650085754;874.5433876500858;Line 3;0;181.968503389179
-23.448592145;-46.6511355;823.7;12300;22.887564322469974;874.48756432247;Line 3;0;181.968503389179
-23.448862753;-46.651148951;822.5;12270;22.831740994854194;874.4317409948542;Line 3;0;181.968503389179
-23.449133361;-46.651162402;821.1;12240;22.775917667238414;874.3759176672385;Line 3;0;181.968503389179
-23.44940397;-46.651175852;819.3;12210;22.720094339622634;874.3200943396226;Line 3;0;181.968503389179
-23.449674578;-46.651189303;817.5;12180;22.664271012006854;874.2642710120069;Line 3;0;181.968503389179
-23.449945186;-46.651202754;815.6;12150;22.60844768439107;874.2084476843911;Line 3;0;181.968503389179
-23.450215794;-46.651216206;812.8;12120;22.55262435677529;874.1526243567753;Line 3;0;181.968503389179
-23.450486403;-46.651229657;809.8;12090;22.496801029159514;874.0968010291596;Line 3;0;181.968503389179
-23.450757011;-46.651243108;806.8;12060;22.44097770154373;874.0409777015437;Line 3;0;181.968503389179
-23.451027619;-46.651256559;804.9;12030;22.38515437392795;873.985154373928;Line 3;0;181.968503389179
-23.451298227;-46.651270011;803.3;12000;22.32933104631217;873.9293310463122;Line 3;0;181.968503389179
-23.451568835;-46.651283463;801.8;11970;22.27350771869639;873.8735077186964;Line 3;0;181.968503389179
-23.451839444;-46.651296914;799.5;11940;22.21768439108061;873.8176843910807;Line 3;0;181.968503389179
-23.452110052;-46.651310366;797.0;11910;22.161861063464826;873.7618610634648;Line 3;0;181.968503389179
-23.45238066;-46.651323818;794.3;11880;22.10603773584905;873.7060377358491;Line 3;0;181.968503389179
-23.452651268;-46.65133727;791.5;11850;22.050214408233266;873.6502144082333;Line 3;0;181.968503389179
-23.452921876;-46.651350722;788.6;11820;21.994391080617486;873.5943910806175;Line 3;0;181.968503389179
-23.453192484;-46.651364174;785.7;11790;21.938567753001706;873.5385677530018;Line 3;0;181.968503389179
-23.453463092;-46.651377626;783.6;11760;21.882744425385926;873.4827444253859;Line 3;0;181.968503389179
-23.4537337;-46.651391079;782.3;11730;21.826921097770146;873.4269210977702;Line 3;0;181.968503389179
-23.454004309;-46.651404531;780.8;11700;21.771097770154363;873.3710977701544;Line 3;0;181.968503389179
-23.454274917;-46.651417983;780.1;11670;21.715274442538586;873.3152744425386;Line 3;0;181.968503389179
-23.454545525;-46.651431436;780.7;11640;21.659451114922806;873.2594511149229;Line 3;0;181.968503389179
-23.454816133;-46.651444889;781.2;11610;21.603627787307023;873.203627787307;Line 3;0;181.968503389179
-23.455086741;-46.651458341;782.1;11580;21.547804459691243;873.1478044596913;Line 3;0;181.968503389179
-23.455357349;-46.651471794;784.0;11550;21.491981132075466;873.0919811320755;Line 3;0;181.968503389179
-23.455627957;-46.651485247;785.8;11520;21.436157804459683;873.0361578044597;Line 3;0;181.968503389179
-23.455898565;-46.6514987;787.4;11490;21.380334476843903;872.980334476844;Line 3;0;181.968503389179
-23.456169173;-46.651512153;788.9;11460;21.324511149228123;872.9245111492281;Line 3;0;181.968503389179
-23.456439781;-46.651525607;790.4;11430;21.268687821612343;872.8686878216124;Line 3;0;181.968503389179
-23.456710388;-46.65153906;792.1;11400;21.212864493996562;872.8128644939966;Line 3;0;181.968503389179
-23.456980996;-46.651552513;794.7;11370;21.15704116638078;872.7570411663808;Line 3;0;181.968503389179
-23.457251604;-46.651565967;797.4;11340;21.101217838765002;872.701217838765;Line 3;0;181.968503389179
-23.457522212;-46.651579421;799.9;11310;21.04539451114922;872.6453945111492;Line 3;0;181.968503389179
-23.45779282;-46.651592874;799.3;11280;20.98957118353344;872.5895711835335;Line 3;0;181.968503389179
-23.458063428;-46.651606328;798.6;11250;20.93374785591766;872.5337478559177;Line 3;0;181.968503389179
-23.458334036;-46.651619782;797.8;11220;20.87792452830188;872.4779245283019;Line 3;0;181.968503389179
-23.458604644;-46.651633236;791.8;11190;20.8221012006861;872.4221012006861;Line 3;0;181.968503389179
-23.458875251;-46.65164669;785.7;11160;20.766277873070315;872.3662778730703;Line 3;0;181.968503389179
-23.459145859;-46.651660144;779.6;11130;20.71045454545454;872.3104545454546;Line 3;0;181.968503389179
-23.459416467;-46.651673598;775.0;11100;20.65463121783876;872.2546312178388;Line 3;0;181.968503389179
-23.459687075;-46.651687053;770.7;11070;20.598807890222975;872.198807890223;Line 3;0;181.968503389179
-23.459957683;-46.651700507;766.4;11040;20.542984562607195;872.1429845626072;Line 3;0;181.968503389179
-23.46022829;-46.651713962;765.4;11010;20.487161234991415;872.0871612349914;Line 3;0;181.968503389179
-23.460498898;-46.651727416;765.0;10980;20.431337907375635;872.0313379073757;Line 3;0;181.968503389179
-23.460769506;-46.651740871;764.6;10950;20.375514579759855;871.9755145797599;Line 3;0;181.968503389179
-23.461040114;-46.651754326;765.5;10920;20.319691252144075;871.919691252144;Line 3;0;181.968503389179
-23.461310721;-46.651767781;766.6;10890;20.263867924528295;871.8638679245283;Line 3;0;181.968503389179
-23.461581329;-46.651781235;767.7;10860;20.20804459691251;871.8080445969125;Line 3;0;181.968503389179
-23.461851937;-46.651794691;768.4;10830;20.15222126929673;871.7522212692968;Line 3;0;181.968503389179
-23.462122544;-46.651808146;769.1;10800;20.096397941680955;871.696397941681;Line 3;0;181.968503389179
-23.462393152;-46.651821601;769.8;10770;20.04057461406517;871.6405746140651;Line 3;0;181.968503389179
-23.46266376;-46.651835056;769.7;10740;19.98475128644939;871.5847512864494;Line 3;0;181.968503389179
-23.462934367;-46.651848512;769.2;10710;19.92892795883361;871.5289279588336;Line 3;0;181.968503389179
-23.463204975;-46.651861967;768.8;10680;19.87310463121783;871.4731046312179;Line 3;0;181.968503389179
-23.463475583;-46.651875423;766.5;10650;19.81728130360205;871.4172813036021;Line 3;0;181.968503389179
-23.46374619;-46.651888879;762.6;10620;19.761457975986268;871.3614579759862;Line 3;0;181.968503389179
-23.464016798;-46.651902334;758.8;10590;19.70563464837049;871.3056346483705;Line 3;0;181.968503389179
-23.464287405;-46.65191579;756.8;10560;19.64981132075471;871.2498113207547;Line 3;0;181.968503389179
-23.464558013;-46.651929246;757.2;10530;19.593987993138928;871.193987993139;Line 3;0;181.968503389179
-23.46482862;-46.651942702;757.5;10500;19.538164665523148;871.1381646655232;Line 3;0;181.968503389179
-23.465099228;-46.651956158;759.0;10470;19.482341337907368;871.0823413379073;Line 3;0;181.968503389179
-23.465369835;-46.651969615;762.7;10440;19.426518010291588;871.0265180102916;Line 3;0;181.968503389179
-23.465640443;-46.651983071;766.3;10410;19.370694682675808;870.9706946826758;Line 3;0;181.968503389179
-23.46591105;-46.651996527;769.5;10380;19.314871355060028;870.9148713550601;Line 3;0;181.968503389179
-23.466181658;-46.652009984;771.7;10350;19.259048027444248;870.8590480274443;Line 3;0;181.968503389179
-23.466452265;-46.652023441;773.9;10320;19.203224699828464;870.8032246998284;Line 3;0;181.968503389179
-23.466722873;-46.652036897;775.6;10290;19.147401372212684;870.7474013722127;Line 3;0;181.968503389179
-23.46699348;-46.652050354;775.7;10260;19.091578044596908;870.6915780445969;Line 3;0;181.968503389179
-23.467264088;-46.652063811;775.7;10230;19.035754716981124;870.6357547169812;Line 3;0;181.968503389179
-23.467534695;-46.652077268;775.5;10200;18.979931389365344;870.5799313893654;Line 3;0;181.968503389179
-23.467805302;-46.652090725;774.4;10170;18.924108061749564;870.5241080617495;Line 3;0;181.968503389179
-23.46807591;-46.652104182;773.4;10140;18.868284734133784;870.4682847341338;Line 3;0;181.968503389179
-23.468346517;-46.652117639;772.3;10110;18.812461406518004;870.412461406518;Line 3;0;181.968503389179
-23.468617124;-46.652131097;772.1;10080;18.75663807890222;870.3566380789023;Line 3;0;181.968503389179
-23.468887732;-46.652144554;771.9;10050;18.700814751286444;870.3008147512865;Line 3;0;181.968503389179
-23.469158339;-46.652158012;771.9;10020;18.64499142367066;870.2449914236706;Line 3;0;181.968503389179
-23.469428946;-46.652171469;774.0;9990;18.58916809605488;870.1891680960549;Line 3;0;181.968503389179
-23.469699554;-46.652184927;776.4;9960;18.5333447684391;870.1333447684391;Line 3;0;181.968503389179
-23.469970161;-46.652198385;778.9;9930;18.47752144082332;870.0775214408234;Line 3;0;181.968503389179
-23.470240768;-46.652211843;783.4;9900;18.42169811320754;870.0216981132075;Line 3;0;181.968503389179
-23.470511376;-46.652225301;788.2;9870;18.365874785591757;869.9658747855917;Line 3;0;181.968503389179
-23.470781983;-46.652238759;793.0;9840;18.31005145797598;869.910051457976;Line 3;0;181.968503389179
-23.47105259;-46.652252217;794.0;9810;18.2542281303602;869.8542281303602;Line 3;0;181.968503389179
-23.471323197;-46.652265675;794.1;9780;18.198404802744417;869.7984048027445;Line 3;0;181.968503389179
-23.471593804;-46.652279134;794.0;9750;18.142581475128637;869.7425814751286;Line 3;0;181.968503389179
-23.471864412;-46.652292592;791.7;9720;18.08675814751286;869.6867581475129;Line 3;0;181.968503389179
-23.472135019;-46.652306051;788.6;9690;18.030934819897077;869.6309348198971;Line 3;0;181.968503389179
-23.472405626;-46.652319509;785.4;9660;17.975111492281297;869.5751114922813;Line 3;0;181.968503389179
-23.472676233;-46.652332968;784.3;9630;17.919288164665517;869.5192881646656;Line 3;0;181.968503389179
-23.47294684;-46.652346427;784.4;9600;17.863464837049737;869.4634648370497;Line 3;0;181.968503389179
-23.473217447;-46.652359886;784.6;9570;17.807641509433957;869.407641509434;Line 3;0;181.968503389179
-23.473488054;-46.652373345;786.5;9540;17.751818181818173;869.3518181818182;Line 3;0;181.968503389179
-23.473758662;-46.652386804;789.6;9510;17.695994854202397;869.2959948542024;Line 3;0;181.968503389179
-23.474029269;-46.652400263;792.8;9480;17.640171526586613;869.2401715265867;Line 3;0;181.968503389179
-23.474299876;-46.652413722;792.8;9450;17.584348198970833;869.1843481989708;Line 3;0;181.968503389179
-23.474570483;-46.652427182;789.3;9420;17.528524871355053;869.1285248713551;Line 3;0;181.968503389179
-23.47484109;-46.652440641;785.8;9390;17.472701543739273;869.0727015437393;Line 3;0;181.968503389179
-23.475111697;-46.6524541;781.3;9360;17.416878216123493;869.0168782161235;Line 3;0;181.968503389179
-23.475382304;-46.65246756;775.6;9330;17.36105488850771;868.9610548885078;Line 3;0;181.968503389179
-23.475652911;-46.65248102;769.9;9300;17.305231560891933;868.9052315608919;Line 3;0;181.968503389179
-23.475923518;-46.65249448;765.9;9270;17.249408233276153;868.8494082332762;Line 3;0;181.968503389179
-23.476194125;-46.65250794;765.1;9240;17.19358490566037;868.7935849056604;Line 3;0;181.968503389179
-23.476464732;-46.6525214;764.3;9210;17.13776157804459;868.7377615780446;Line 3;0;181.968503389179
-23.476735339;-46.65253486;763.4;9180;17.08193825042881;868.6819382504289;Line 3;0;181.968503389179
-23.477005946;-46.65254832;762.3;9150;17.02611492281303;868.626114922813;Line 3;0;181.968503389179
-23.477276553;-46.65256178;761.2;9120;16.97029159519725;868.5702915951973;Line 3;0;181.968503389179
-23.47754716;-46.65257524;760.7;9090;16.91446826758147;868.5144682675815;Line 3;0;181.968503389179
-23.477817766;-46.652588701;763.2;9060;16.85864493996569;868.4586449399657;Line 3;0;181.968503389179
-23.478088373;-46.652602161;765.8;9030;16.802821612349906;868.40282161235;Line 3;0;181.968503389179
-23.47835898;-46.652615622;768.0;9000;16.746998284734126;868.3469982847341;Line 3;0;181.968503389179
-23.478629587;-46.652629083;767.3;8970;16.69117495711835;868.2911749571184;Line 3;0;181.968503389179
-23.478900194;-46.652642544;766.7;8940;16.635351629502566;868.2353516295026;Line 3;0;181.968503389179
-23.479170801;-46.652656005;766.0;8910;16.579528301886786;868.1795283018868;Line 3;0;181.968503389179
-23.479441408;-46.652669466;764.6;8880;16.523704974271006;868.123704974271;Line 3;0;181.968503389179
-23.479712014;-46.652682927;763.1;8850;16.467881646655226;868.0678816466552;Line 3;0;181.968503389179
-23.479982621;-46.652696388;761.7;8820;16.412058319039446;868.0120583190395;Line 3;0;181.968503389179
-23.480253228;-46.652709849;761.7;8790;16.356234991423662;867.9562349914237;Line 3;0;181.968503389179
-23.480523835;-46.652723311;761.8;8760;16.300411663807886;867.9004116638079;Line 3;0;181.968503389179
-23.480794441;-46.652736772;761.8;8730;16.244588336192106;867.8445883361921;Line 3;0;181.968503389179
-23.481065048;-46.652750234;759.9;8700;16.188765008576322;867.7887650085763;Line 3;0;181.968503389179
-23.481335655;-46.652763695;757.5;8670;16.132941680960542;867.7329416809606;Line 3;0;181.968503389179
-23.481606262;-46.652777157;755.2;8640;16.077118353344762;867.6771183533448;Line 3;0;181.968503389179
-23.481876868;-46.652790619;751.6;8610;16.021295025728982;867.621295025729;Line 3;0;181.968503389179
-23.482147475;-46.652804081;747.9;8580;15.965471698113204;867.5654716981132;Line 3;0;181.968503389179
-23.482418082;-46.652817543;744.2;8550;15.90964837049742;867.5096483704974;Line 3;0;181.968503389179
-23.482688688;-46.652831005;742.4;8520;15.853825042881642;867.4538250428817;Line 3;0;181.968503389179
-23.482959295;-46.652844467;741.5;8490;15.798001715265858;867.3980017152659;Line 3;0;181.968503389179
-23.483229902;-46.652857929;740.7;8460;15.74217838765008;867.34217838765;Line 3;0;181.968503389179
-23.483500508;-46.652871392;740.5;8430;15.6863550600343;867.2863550600343;Line 3;0;181.968503389179
-23.483771115;-46.652884854;740.7;8400;15.630531732418518;867.2305317324185;Line 3;0;181.968503389179
-23.484041721;-46.652898317;740.8;8370;15.574708404802738;867.1747084048028;Line 3;0;181.968503389179
-23.484312328;-46.652911779;741.9;8340;15.518885077186956;867.118885077187;Line 3;0;181.968503389179
-23.484582935;-46.652925242;743.5;8310;15.463061749571178;867.0630617495711;Line 3;0;181.968503389179
-23.484853541;-46.652938705;745.2;8280;15.407238421955398;867.0072384219554;Line 3;0;181.968503389179
-23.485124148;-46.652952168;746.0;8250;15.351415094339616;866.9514150943396;Line 3;0;181.968503389179
-23.485394754;-46.652965631;745.8;8220;15.295591766723836;866.8955917667239;Line 3;0;181.968503389179
-23.485665361;-46.652979094;745.7;8190;15.239768439108055;866.8397684391081;Line 3;0;181.968503389179
-23.485935967;-46.652992557;745.0;8160;15.183945111492275;866.7839451114922;Line 3;0;181.968503389179
-23.486206574;-46.653006021;743.3;8130;15.128121783876496;866.7281217838765;Line 3;0;181.968503389179
-23.48647718;-46.653019484;741.6;8100;15.072298456260715;866.6722984562607;Line 3;0;181.968503389179
-23.486747787;-46.653032947;740.0;8070;15.016475128644935;866.616475128645;Line 3;0;181.968503389179
-23.487018393;-46.653046411;738.5;8040;14.960651801029154;866.5606518010292;Line 3;0;181.968503389179
-23.487289;-46.653059875;736.9;8010;14.904828473413373;866.5048284734133;Line 3;0;181.968503389179
-23.487559606;-46.653073338;735.6;7980;14.849005145797593;866.4490051457976;Line 3;0;181.968503389179
-23.487830212;-46.653086802;735.4;7950;14.793181818181813;866.3931818181818;Line 3;0;181.968503389179
-23.488100819;-46.653100266;735.2;7920;14.737358490566033;866.3373584905661;Line 3;0;181.968503389179
-23.488371425;-46.65311373;735.1;7890;14.68153516295025;866.2815351629503;Line 3;0;181.968503389179
-23.488642032;-46.653127194;735.0;7860;14.62571183533447;866.2257118353346;Line 3;0;181.968503389179
-23.488912638;-46.653140659;735.0;7830;14.56988850771869;866.1698885077187;Line 3;0;181.968503389179
-23.489183244;-46.653154123;735.1;7800;14.51406518010291;866.1140651801029;Line 3;0;181.968503389179
-23.489453851;-46.653167587;736.2;7770;14.45824185248713;866.0582418524872;Line 3;0;181.968503389179
-23.489724457;-46.653181052;737.3;7740;14.402418524871349;866.0024185248714;Line 3;0;181.968503389179
-23.489995063;-46.653194516;738.3;7710;14.346595197255569;865.9465951972556;Line 3;0;181.968503389179
-23.490265669;-46.653207981;738.7;7680;14.290771869639789;865.8907718696398;Line 3;0;181.968503389179
-23.490536276;-46.653221446;739.0;7650;14.234948542024009;865.834948542024;Line 3;0;181.968503389179
-23.490806882;-46.653234911;739.3;7620;14.179125214408227;865.7791252144083;Line 3;0;181.968503389179
-23.491077488;-46.653248376;738.7;7590;14.123301886792447;865.7233018867925;Line 3;0;181.968503389179
-23.491348095;-46.653261841;738.0;7560;14.067478559176667;865.6674785591767;Line 3;0;181.968503389179
-23.491618701;-46.653275306;737.3;7530;14.011655231560887;865.6116552315609;Line 3;0;181.968503389179
-23.491889307;-46.653288771;737.3;7500;13.955831903945107;865.5558319039451;Line 3;0;181.968503389179
-23.492159913;-46.653302236;737.6;7470;13.900008576329325;865.5000085763294;Line 3;0;181.968503389179
-23.492430519;-46.653315702;737.9;7440;13.844185248713545;865.4441852487136;Line 3;0;181.968503389179
-23.492701125;-46.653329167;741.4;7410;13.788361921097763;865.3883619210978;Line 3;0;181.968503389179
-23.492971732;-46.653342633;745.9;7380;13.732538593481985;865.332538593482;Line 3;0;181.968503389179
-23.493242338;-46.653356098;750.4;7350;13.676715265866203;865.2767152658662;Line 3;0;181.968503389179
-23.493512944;-46.653369564;753.7;7320;13.620891938250423;865.2208919382505;Line 3;0;181.968503389179
-23.49378355;-46.65338303;756.3;7290;13.565068610634643;865.1650686106346;Line 3;0;181.968503389179
-23.494054156;-46.653396496;759.0;7260;13.509245283018862;865.1092452830189;Line 3;0;181.968503389179
-23.494324762;-46.653409962;761.2;7230;13.453421955403083;865.0534219554031;Line 3;0;181.968503389179
-23.494595368;-46.653423428;763.1;7200;13.397598627787302;864.9975986277873;Line 3;0;181.968503389179
-23.494865974;-46.653436894;765.0;7170;13.341775300171522;864.9417753001716;Line 3;0;181.968503389179
-23.49513658;-46.653450361;765.7;7140;13.28595197255574;864.8859519725557;Line 3;0;181.968503389179
-23.495407186;-46.653463827;765.5;7110;13.230128644939962;864.83012864494;Line 3;0;181.968503389179
-23.495677792;-46.653477294;765.1;7080;13.17430531732418;864.7743053173242;Line 3;0;181.968503389179
-23.495948398;-46.65349076;764.0;7050;13.1184819897084;864.7184819897084;Line 3;0;181.968503389179
-23.496219004;-46.653504227;761.7;7020;13.06265866209262;864.6626586620927;Line 3;0;181.968503389179
-23.49648961;-46.653517694;759.5;6990;13.006835334476838;864.6068353344768;Line 3;0;181.968503389179
-23.496760216;-46.653531161;757.3;6960;12.95101200686106;864.5510120068611;Line 3;0;181.968503389179
-23.497030822;-46.653544627;755.1;6930;12.895188679245278;864.4951886792453;Line 3;0;181.968503389179
-23.497301428;-46.653558095;753.0;6900;12.839365351629498;864.4393653516295;Line 3;0;181.968503389179
-23.497572034;-46.653571562;752.0;6870;12.783542024013716;864.3835420240138;Line 3;0;181.968503389179
-23.49784264;-46.653585029;754.3;6840;12.727718696397936;864.3277186963979;Line 3;0;181.968503389179
-23.498113246;-46.653598496;756.7;6810;12.671895368782156;864.2718953687822;Line 3;0;181.968503389179
-23.498383852;-46.653611964;759.3;6780;12.616072041166376;864.2160720411664;Line 3;0;181.968503389179
-23.498654458;-46.653625431;762.8;6750;12.560248713550596;864.1602487135506;Line 3;0;181.968503389179
-23.498925064;-46.653638899;766.3;6720;12.504425385934814;864.1044253859349;Line 3;0;181.968503389179
-23.49919567;-46.653652366;769.7;6690;12.448602058319036;864.048602058319;Line 3;0;181.968503389179
-23.499466275;-46.653665834;773.1;6660;12.392778730703254;863.9927787307033;Line 3;0;181.968503389179
-23.499736881;-46.653679302;776.3;6630;12.336955403087474;863.9369554030875;Line 3;0;181.968503389179
-23.500007487;-46.65369277;779.4;6600;12.281132075471692;863.8811320754717;Line 3;0;181.968503389179
-23.500278093;-46.653706238;779.5;6570;12.225308747855912;863.825308747856;Line 3;0;181.968503389179
-23.500548699;-46.653719706;779.5;6540;12.169485420240132;863.7694854202401;Line 3;0;181.968503389179
-23.500819304;-46.653733175;779.6;6510;12.113662092624352;863.7136620926244;Line 3;0;181.968503389179
-23.50108991;-46.653746643;776.3;6480;12.057838765008572;863.6578387650086;Line 3;0;181.968503389179
-23.501360516;-46.653760111;772.8;6450;12.00201543739279;863.6020154373928;Line 3;0;181.968503389179
-23.501631122;-46.65377358;769.3;6420;11.94619210977701;863.546192109777;Line 3;0;181.968503389179
-23.501901727;-46.653787048;767.3;6390;11.89036878216123;863.4903687821612;Line 3;0;181.968503389179
-23.502172333;-46.653800517;765.5;6360;11.83454545454545;863.4345454545455;Line 3;0;181.968503389179
-23.502442939;-46.653813986;763.7;6330;11.778722126929669;863.3787221269297;Line 3;0;181.968503389179
-23.502713544;-46.653827455;765.8;6300;11.722898799313889;863.3228987993139;Line 3;0;181.968503389179
-23.50298415;-46.653840924;768.8;6270;11.66707547169811;863.2670754716981;Line 3;0;181.968503389179
-23.503254756;-46.653854393;771.9;6240;11.611252144082329;863.2112521440823;Line 3;0;181.968503389179
-23.503525361;-46.653867862;774.2;6210;11.555428816466549;863.1554288164666;Line 3;0;181.968503389179
-23.503795967;-46.653881331;776.2;6180;11.499605488850767;863.0996054888508;Line 3;0;181.968503389179
-23.504066573;-46.653894801;778.3;6150;11.443782161234987;863.043782161235;Line 3;0;181.968503389179
-23.504337178;-46.65390827;777.5;6120;11.387958833619207;862.9879588336192;Line 3;0;181.968503389179
-23.504607784;-46.65392174;775.1;6090;11.332135506003427;862.9321355060034;Line 3;0;181.968503389179
-23.504878389;-46.653935209;772.8;6060;11.276312178387645;862.8763121783877;Line 3;0;181.968503389179
-23.505148995;-46.653948679;770.4;6030;11.220488850771865;862.8204888507719;Line 3;0;181.968503389179
-23.505419601;-46.653962149;767.9;6000;11.164665523156085;862.764665523156;Line 3;0;181.968503389179
-23.505690206;-46.653975619;765.4;5970;11.108842195540305;862.7088421955403;Line 3;0;181.968503389179
-23.505960812;-46.653989089;763.9;5940;11.053018867924525;862.6530188679245;Line 3;0;181.968503389179
-23.506231417;-46.654002559;763.5;5910;10.997195540308743;862.5971955403088;Line 3;0;181.968503389179
-23.506502023;-46.654016029;763.0;5880;10.941372212692963;862.541372212693;Line 3;0;181.968503389179
-23.506772628;-46.654029499;761.7;5850;10.885548885077181;862.4855488850772;Line 3;0;181.968503389179
-23.507043234;-46.654042969;759.3;5820;10.829725557461403;862.4297255574614;Line 3;0;181.968503389179
-23.507313839;-46.65405644;756.9;5790;10.773902229845621;862.3739022298456;Line 3;0;181.968503389179
-23.507584444;-46.65406991;754.3;5760;10.718078902229841;862.3180789022299;Line 3;0;181.968503389179
-23.50785505;-46.654083381;751.0;5730;10.662255574614061;862.2622555746141;Line 3;0;181.968503389179
-23.508125655;-46.654096852;747.8;5700;10.606432246998281;862.2064322469982;Line 3;0;181.968503389179
-23.508396261;-46.654110323;745.5;5670;10.550608919382501;862.1506089193825;Line 3;0;181.968503389179
-23.508666866;-46.654123793;745.9;5640;10.49478559176672;862.0947855917667;Line 3;0;181.968503389179
-23.508937471;-46.654137264;746.3;5610;10.43896226415094;862.038962264151;Line 3;0;181.968503389179
-23.509208077;-46.654150736;747.0;5580;10.383138936535158;861.9831389365352;Line 3;0;181.968503389179
-23.509478682;-46.654164207;748.5;5550;10.32731560891938;861.9273156089195;Line 3;0;181.968503389179
-23.509749287;-46.654177678;750.0;5520;10.271492281303598;861.8714922813036;Line 3;0;181.968503389179
-23.510019893;-46.654191149;751.0;5490;10.215668953687818;861.8156689536878;Line 3;0;181.968503389179
-23.510290498;-46.654204621;747.3;5460;10.159845626072038;861.7598456260721;Line 3;0;181.968503389179
-23.510561103;-46.654218092;743.5;5430;10.104022298456256;861.7040222984563;Line 3;0;181.968503389179
-23.510831709;-46.654231564;739.7;5400;10.048198970840478;861.6481989708406;Line 3;0;181.968503389179
-23.511102314;-46.654245036;737.2;5370;9.992375643224696;861.5923756432247;Line 3;0;181.968503389179
-23.511372919;-46.654258508;734.6;5340;9.936552315608916;861.5365523156089;Line 3;0;181.968503389179
-23.511643524;-46.654271979;732.0;5310;9.880728987993134;861.4807289879932;Line 3;0;181.968503389179
-23.51191413;-46.654285451;730.8;5280;9.824905660377356;861.4249056603774;Line 3;0;181.968503389179
-23.512184735;-46.654298924;729.8;5250;9.769082332761574;861.3690823327616;Line 3;0;181.968503389179
-23.51245534;-46.654312396;728.7;5220;9.713259005145794;861.3132590051458;Line 3;0;181.968503389179
-23.512725945;-46.654325868;728.5;5190;9.657435677530014;861.25743567753;Line 3;0;181.968503389179
-23.51299655;-46.65433934;728.5;5160;9.601612349914232;861.2016123499143;Line 3;0;181.968503389179
-23.513267156;-46.654352813;728.5;5130;9.545789022298454;861.1457890222985;Line 3;0;181.968503389179
-23.513537761;-46.654366285;727.9;5100;9.489965694682672;861.0899656946827;Line 3;0;181.968503389179
-23.513808366;-46.654379758;727.2;5070;9.434142367066892;861.0341423670669;Line 3;0;181.968503389179
-23.514078971;-46.654393231;726.5;5040;9.37831903945111;860.9783190394511;Line 3;0;181.968503389179
-23.514349576;-46.654406704;727.0;5010;9.32249571183533;860.9224957118354;Line 3;0;181.968503389179
-23.514620181;-46.654420177;728.0;4980;9.26667238421955;860.8666723842196;Line 3;0;181.968503389179
-23.514890786;-46.65443365;729.0;4950;9.21084905660377;860.8108490566038;Line 3;0;181.968503389179
-23.515161391;-46.654447123;728.9;4920;9.15502572898799;860.755025728988;Line 3;0;181.968503389179
-23.515431996;-46.654460596;728.1;4890;9.099202401372208;860.6992024013722;Line 3;0;181.968503389179
-23.515702601;-46.654474069;727.3;4860;9.04337907375643;860.6433790737565;Line 3;0;181.968503389179
-23.515973206;-46.654487542;726.2;4830;8.987555746140648;860.5875557461407;Line 3;0;181.968503389179
-23.516243811;-46.654501016;725.0;4800;8.931732418524868;860.5317324185249;Line 3;0;181.968503389179
-23.516514416;-46.65451449;723.8;4770;8.875909090909087;860.4759090909091;Line 3;0;181.968503389179
-23.516785021;-46.654527963;723.7;4740;8.820085763293307;860.4200857632933;Line 3;0;181.968503389179
-23.517055626;-46.654541437;725.1;4710;8.764262435677526;860.3642624356776;Line 3;0;181.968503389179
-23.517326231;-46.654554911;726.3;4680;8.708439108061746;860.3084391080617;Line 3;0;181.968503389179
-23.517596836;-46.654568385;726.9;4650;8.652615780445966;860.252615780446;Line 3;0;181.968503389179
-23.517867441;-46.654581859;726.3;4620;8.596792452830185;860.1967924528302;Line 3;0;181.968503389179
-23.518138046;-46.654595333;725.8;4590;8.540969125214405;860.1409691252144;Line 3;0;181.968503389179
-23.518408651;-46.654608807;726.0;4560;8.485145797598625;860.0851457975987;Line 3;0;181.968503389179
-23.518679256;-46.654622281;727.8;4530;8.429322469982845;860.0293224699828;Line 3;0;181.968503389179
-23.518949861;-46.654635756;729.7;4500;8.373499142367063;859.9734991423671;Line 3;0;181.968503389179
-23.519220466;-46.65464923;731.0;4470;8.317675814751283;859.9176758147513;Line 3;0;181.968503389179
-23.519491071;-46.654662705;729.5;4440;8.261852487135503;859.8618524871355;Line 3;0;181.968503389179
-23.519761675;-46.654676179;728.0;4410;8.206029159519723;859.8060291595198;Line 3;0;181.968503389179
-23.52003228;-46.654689654;726.6;4380;8.150205831903943;859.7502058319039;Line 3;0;181.968503389179
-23.520302885;-46.654703129;726.7;4350;8.094382504288161;859.6943825042882;Line 3;0;181.968503389179
-23.52057349;-46.654716604;726.9;4320;8.038559176672381;859.6385591766724;Line 3;0;181.968503389179
-23.520844095;-46.654730079;727.0;4290;7.982735849056602;859.5827358490566;Line 3;0;181.968503389179
-23.521114699;-46.654743554;727.6;4260;7.926912521440821;859.5269125214409;Line 3;0;181.968503389179
-23.521385304;-46.654757029;728.3;4230;7.87108919382504;859.471089193825;Line 3;0;181.968503389179
-23.521655909;-46.654770505;728.9;4200;7.815265866209259;859.4152658662093;Line 3;0;181.968503389179
-23.521926514;-46.65478398;728.3;4170;7.759442538593478;859.3594425385935;Line 3;0;181.968503389179
-23.522197118;-46.654797455;727.6;4140;7.703619210977699;859.3036192109777;Line 3;0;181.968503389179
-23.522467723;-46.654810931;726.9;4110;7.647795883361918;859.247795883362;Line 3;0;181.968503389179
-23.522738328;-46.654824407;727.3;4080;7.591972555746137;859.1919725557461;Line 3;0;181.968503389179
-23.523008933;-46.654837883;727.9;4050;7.536149228130357;859.1361492281304;Line 3;0;181.968503389179
-23.523279537;-46.654851358;728.5;4020;7.480325900514577;859.0803259005146;Line 3;0;181.968503389179
-23.523550142;-46.654864834;728.2;3990;7.424502572898796;859.0245025728988;Line 3;0;181.968503389179
-23.523820746;-46.65487831;727.7;3960;7.368679245283016;858.968679245283;Line 3;0;181.968503389179
-23.524091351;-46.654891786;727.2;3930;7.312855917667235;858.9128559176672;Line 3;0;181.968503389179
-23.524361956;-46.654905263;727.2;3900;7.257032590051455;858.8570325900515;Line 3;0;181.968503389179
-23.52463256;-46.654918739;727.4;3870;7.2012092624356745;858.8012092624357;Line 3;0;181.968503389179
-23.524903165;-46.654932215;727.7;3840;7.1453859348198945;858.7453859348199;Line 3;0;181.968503389179
-23.52517377;-46.654945692;727.4;3810;7.089562607204114;858.6895626072042;Line 3;0;181.968503389179
-23.525444374;-46.654959169;726.8;3780;7.033739279588334;858.6337392795883;Line 3;0;181.968503389179
-23.525714979;-46.654972645;726.2;3750;6.9779159519725535;858.5779159519726;Line 3;0;181.968503389179
-23.525985583;-46.654986122;726.0;3720;6.922092624356773;858.5220926243568;Line 3;0;181.968503389179
-23.526256188;-46.654999599;726.0;3690;6.866269296740993;858.466269296741;Line 3;0;181.968503389179
-23.526526792;-46.655013076;726.0;3660;6.810445969125212;858.4104459691252;Line 3;0;181.968503389179
-23.526797397;-46.655026553;726.1;3630;6.754622641509431;858.3546226415094;Line 3;0;181.968503389179
-23.527068001;-46.65504003;726.1;3600;6.698799313893651;858.2987993138937;Line 3;0;181.968503389179
-23.527338606;-46.655053507;726.2;3570;6.64297598627787;858.2429759862779;Line 3;0;181.968503389179
-23.52760921;-46.655066985;726.8;3540;6.58715265866209;858.1871526586621;Line 3;0;181.968503389179
-23.527879815;-46.655080462;728.2;3510;6.53132933104631;858.1313293310463;Line 3;0;181.968503389179
-23.528150419;-46.655093939;729.5;3480;6.47550600343053;858.0755060034305;Line 3;0;181.968503389179
-23.528421023;-46.655107417;730.7;3450;6.419682675814749;858.0196826758148;Line 3;0;181.968503389179
-23.528691628;-46.655120895;731.7;3420;6.363859348198968;857.963859348199;Line 3;0;181.968503389179
-23.528962232;-46.655134373;732.6;3390;6.308036020583188;857.9080360205833;Line 3;0;181.968503389179
-23.529232837;-46.65514785;733.9;3360;6.252212692967407;857.8522126929674;Line 3;0;181.968503389179
-23.529503441;-46.655161328;736.4;3330;6.196389365351627;857.7963893653516;Line 3;0;181.968503389179
-23.529774045;-46.655174806;738.8;3300;6.140566037735846;857.7405660377359;Line 3;0;181.968503389179
-23.53004465;-46.655188285;741.1;3270;6.084742710120066;857.6847427101201;Line 3;0;181.968503389179
-23.530315254;-46.655201763;743.0;3240;6.028919382504286;857.6289193825044;Line 3;0;181.968503389179
-23.530585858;-46.655215241;745.0;3210;5.973096054888505;857.5730960548885;Line 3;0;181.968503389179
-23.530856463;-46.65522872;746.9;3180;5.917272727272725;857.5172727272727;Line 3;0;181.968503389179
-23.531127067;-46.655242198;748.0;3150;5.861449399656944;857.461449399657;Line 3;0;181.968503389179
-23.531397671;-46.655255677;749.0;3120;5.805626072041164;857.4056260720412;Line 3;0;181.968503389179
-23.531668275;-46.655269155;750.0;3090;5.749802744425383;857.3498027444255;Line 3;0;181.968503389179
-23.53193888;-46.655282634;751.6;3060;5.693979416809603;857.2939794168096;Line 3;0;181.968503389179
-23.532209484;-46.655296113;753.3;3030;5.6381560891938225;857.2381560891938;Line 3;0;181.968503389179
-23.532480088;-46.655309592;754.9;3000;5.5823327615780425;857.1823327615781;Line 3;0;181.968503389179
-23.532750692;-46.655323071;756.1;2970;5.5265094339622625;857.1265094339623;Line 3;0;181.968503389179
-23.533021296;-46.65533655;757.4;2940;5.470686106346482;857.0706861063466;Line 3;0;181.968503389179
-23.533291901;-46.65535003;758.7;2910;5.4148627787307015;857.0148627787307;Line 3;0;181.968503389179
-23.533562505;-46.655363509;759.2;2880;5.359039451114921;856.9590394511149;Line 3;0;181.968503389179
-23.533833109;-46.655376988;759.5;2850;5.303216123499141;856.9032161234992;Line 3;0;181.968503389179
-23.534103713;-46.655390468;759.6;2820;5.24739279588336;856.8473927958834;Line 3;0;181.968503389179
-23.534374317;-46.655403947;763.0;2790;5.191569468267579;856.7915694682677;Line 3;0;181.968503389179
-23.534644921;-46.655417427;767.5;2760;5.135746140651799;856.7357461406518;Line 3;0;181.968503389179
-23.534915525;-46.655430907;772.2;2730;5.079922813036019;856.679922813036;Line 3;0;181.968503389179
-23.535186129;-46.655444387;772.6;2700;5.024099485420239;856.6240994854203;Line 3;0;181.968503389179
-23.535456734;-46.655457867;771.2;2670;4.968276157804458;856.5682761578045;Line 3;0;181.968503389179
-23.535727338;-46.655471347;769.7;2640;4.912452830188678;856.5124528301887;Line 3;0;181.968503389179
-23.535997942;-46.655484827;769.6;2610;4.856629502572897;856.4566295025729;Line 3;0;181.968503389179
-23.536268546;-46.655498307;770.3;2580;4.800806174957116;856.4008061749571;Line 3;0;181.968503389179
-23.53653915;-46.655511788;771.0;2550;4.744982847341336;856.3449828473414;Line 3;0;181.968503389179
-23.536809754;-46.655525268;773.0;2520;4.689159519725555;856.2891595197256;Line 3;0;181.968503389179
-23.537080358;-46.655538749;776.5;2490;4.633336192109775;856.2333361921098;Line 3;0;181.968503389179
-23.537350962;-46.655552229;780.1;2460;4.577512864493995;856.177512864494;Line 3;0;181.968503389179
-23.537621566;-46.65556571;781.6;2430;4.521689536878215;856.1216895368782;Line 3;0;181.968503389179
-23.53789217;-46.655579191;780.8;2400;4.465866209262434;856.0658662092625;Line 3;0;181.968503389179
-23.538162774;-46.655592672;780.1;2370;4.410042881646653;856.0100428816467;Line 3;0;181.968503389179
-23.538433377;-46.655606153;779.4;2340;4.354219554030873;855.9542195540309;Line 3;0;181.968503389179
-23.538703981;-46.655619634;778.6;2310;4.298396226415092;855.8983962264151;Line 3;0;181.968503389179
-23.538974585;-46.655633115;777.7;2280;4.242572898799312;855.8425728987993;Line 3;0;181.968503389179
-23.539245189;-46.655646596;777.2;2250;4.186749571183531;855.7867495711836;Line 3;0;181.968503389179
-23.539515793;-46.655660078;778.2;2220;4.130926243567751;855.7309262435678;Line 3;0;181.968503389179
-23.539786397;-46.655673559;779.2;2190;4.075102915951971;855.675102915952;Line 3;0;181.968503389179
-23.540057001;-46.655687041;779.8;2160;4.0192795883361905;855.6192795883362;Line 3;0;181.968503389179
-23.540327605;-46.655700522;779.3;2130;3.9634562607204105;855.5634562607204;Line 3;0;181.968503389179
-23.540598208;-46.655714004;778.7;2100;3.9076329331046296;855.5076329331047;Line 3;0;181.968503389179
-23.540868812;-46.655727486;778.3;2070;3.8518096054888495;855.4518096054888;Line 3;0;181.968503389179
-23.541139416;-46.655740968;778.8;2040;3.7959862778730686;855.3959862778731;Line 3;0;181.968503389179
-23.54141002;-46.65575445;779.3;2010;3.7401629502572886;855.3401629502573;Line 3;0;181.968503389179
-23.541680624;-46.655767932;779.8;1980;3.684339622641508;855.2843396226415;Line 3;0;181.968503389179
-23.541951227;-46.655781414;782.1;1950;3.6285162950257277;855.2285162950258;Line 3;0;181.968503389179
-23.542221831;-46.655794896;784.4;1920;3.5726929674099472;855.17269296741;Line 3;0;181.968503389179
-23.542492435;-46.655808379;786.7;1890;3.516869639794167;855.1168696397942;Line 3;0;181.968503389179
-23.542763038;-46.655821861;790.7;1860;3.4610463121783863;855.0610463121784;Line 3;0;181.968503389179
-23.543033642;-46.655835344;794.7;1830;3.405222984562606;855.0052229845626;Line 3;0;181.968503389179
-23.543304246;-46.655848826;798.6;1800;3.3493996569468254;854.9493996569469;Line 3;0;181.968503389179
-23.54357485;-46.655862309;798.7;1770;3.293576329331045;854.893576329331;Line 3;0;181.968503389179
-23.543845453;-46.655875792;798.3;1740;3.237753001715265;854.8377530017153;Line 3;0;181.968503389179
-23.544116057;-46.655889275;797.8;1710;3.181929674099484;854.7819296740995;Line 3;0;181.968503389179
-23.54438666;-46.655902758;799.5;1680;3.1261063464837036;854.7261063464837;Line 3;0;181.968503389179
-23.544657264;-46.655916241;801.6;1650;3.070283018867923;854.670283018868;Line 3;0;181.968503389179
-23.544927868;-46.655929724;803.6;1620;3.014459691252143;854.6144596912521;Line 3;0;181.968503389179
-23.545198471;-46.655943208;802.9;1590;2.9586363636363626;854.5586363636364;Line 3;0;181.968503389179
-23.545469075;-46.655956691;801.3;1560;2.902813036020582;854.5028130360206;Line 3;0;181.968503389179
-23.545739678;-46.655970174;799.9;1530;2.8469897084048017;854.4469897084048;Line 3;0;181.968503389179
-23.546010282;-46.655983658;799.6;1500;2.7911663807890212;854.3911663807891;Line 3;0;181.968503389179
-23.546280886;-46.655997142;799.7;1470;2.735343053173241;854.3353430531732;Line 3;0;181.968503389179
-23.546551489;-46.656010625;799.9;1440;2.6795197255574603;854.2795197255575;Line 3;0;181.968503389179
-23.546822093;-46.656024109;800.2;1410;2.62369639794168;854.2236963979417;Line 3;0;181.968503389179
-23.547092696;-46.656037593;800.6;1380;2.5678730703258994;854.1678730703259;Line 3;0;181.968503389179
-23.5473633;-46.656051077;801.2;1350;2.5120497427101194;854.1120497427102;Line 3;0;181.968503389179
-23.547633903;-46.656064561;803.1;1320;2.456226415094339;854.0562264150943;Line 3;0;181.968503389179
-23.547904506;-46.656078046;806.0;1290;2.400403087478558;854.0004030874786;Line 3;0;181.968503389179
-23.54817511;-46.65609153;808.9;1260;2.3445797598627776;853.9445797598628;Line 3;0;181.968503389179
-23.548445713;-46.656105014;810.4;1230;2.2887564322469975;853.888756432247;Line 3;0;181.968503389179
-23.548716317;-46.656118499;810.0;1200;2.232933104631217;853.8329331046313;Line 3;0;181.968503389179
-23.54898692;-46.656131983;809.6;1170;2.1771097770154366;853.7771097770154;Line 3;0;181.968503389179
-23.549257524;-46.656145468;808.8;1140;2.121286449399656;853.7212864493997;Line 3;0;181.968503389179
-23.549528127;-46.656158953;806.8;1110;2.0654631217838757;853.6654631217839;Line 3;0;181.968503389179
-23.54979873;-46.656172438;804.7;1080;2.0096397941680952;853.6096397941682;Line 3;0;181.968503389179
-23.550069334;-46.656185923;803.3;1050;1.9538164665523148;853.5538164665523;Line 3;0;181.968503389179
-23.550339937;-46.656199408;804.4;1020;1.8979931389365343;853.4979931389365;Line 3;0;181.968503389179
-23.55061054;-46.656212893;805.5;990;1.842169811320754;853.4421698113208;Line 3;0;181.968503389179
-23.550881144;-46.656226378;806.7;960;1.7863464837049736;853.386346483705;Line 3;0;181.968503389179
-23.551151747;-46.656239863;808.2;930;1.7305231560891932;853.3305231560893;Line 3;0;181.968503389179
-23.55142235;-46.656253349;809.7;900;1.6746998284734127;853.2746998284734;Line 3;0;181.968503389179
-23.551692954;-46.656266834;811.4;870;1.6188765008576325;853.2188765008576;Line 3;0;181.968503389179
-23.551963557;-46.65628032;815.0;840;1.5630531732418518;853.1630531732419;Line 3;0;181.968503389179
-23.55223416;-46.656293805;818.6;810;1.5072298456260715;853.1072298456261;Line 3;0;181.968503389179
-23.552504763;-46.656307291;822.1;780;1.451406518010291;853.0514065180104;Line 3;0;181.968503389179
-23.552775367;-46.656320777;821.0;750;1.3955831903945106;852.9955831903945;Line 3;0;181.968503389179
-23.55304597;-46.656334263;820.0;720;1.3397598627787302;852.9397598627787;Line 3;0;181.968503389179
-23.553316573;-46.656347749;818.9;690;1.2839365351629497;852.883936535163;Line 3;0;181.968503389179
-23.553587176;-46.656361235;816.8;660;1.2281132075471695;852.8281132075472;Line 3;0;181.968503389179
-23.553857779;-46.656374721;814.5;630;1.1722898799313888;852.7722898799315;Line 3;0;181.968503389179
-23.554128382;-46.656388208;812.3;600;1.1164665523156085;852.7164665523156;Line 3;0;181.968503389179
-23.554398986;-46.656401694;811.5;570;1.060643224699828;852.6606432246998;Line 3;0;181.968503389179
-23.554669589;-46.656415181;810.8;540;1.0048198970840476;852.6048198970841;Line 3;0;181.968503389179
-23.554940192;-46.656428667;810.2;510;0.9489965694682672;852.5489965694683;Line 3;0;181.968503389179
-23.555210795;-46.656442154;812.4;480;0.8931732418524868;852.4931732418526;Line 3;0;181.968503389179
-23.555481398;-46.656455641;815.5;450;0.8373499142367063;852.4373499142367;Line 3;0;181.968503389179
-23.555752001;-46.656469128;818.6;420;0.7815265866209259;852.3815265866209;Line 3;0;181.968503389179
-23.556022604;-46.656482615;821.2;390;0.7257032590051455;852.3257032590052;Line 3;0;181.968503389179
-23.556293207;-46.656496102;823.6;360;0.6698799313893651;852.2698799313894;Line 3;0;181.968503389179
-23.55656381;-46.656509589;826.0;330;0.6140566037735847;852.2140566037737;Line 3;0;181.968503389179
-23.556834413;-46.656523076;827.0;300;0.5582332761578043;852.1582332761578;Line 3;0;181.968503389179
-23.557105016;-46.656536563;827.2;270;0.5024099485420238;852.102409948542;Line 3;0;181.968503389179
-23.557375619;-46.656550051;827.4;240;0.4465866209262434;852.0465866209263;Line 3;0;181.968503389179
-23.557646222;-46.656563538;826.9;210;0.39076329331046294;851.9907632933105;Line 3;0;181.968503389179
-23.557916825;-46.656577026;826.0;180;0.33493996569468254;851.9349399656948;Line 3;0;181.968503389179
-23.558187428;-46.656590514;825.0;150;0.27911663807890214;851.8791166380789;Line 3;0;181.968503389179
-23.558458031;-46.656604001;823.9;120;0.2232933104631217;851.8232933104631;Line 3;0;181.968503389179
-23.558728634;-46.656617489;822.4;90;0.16746998284734127;851.7674699828474;Line 3;0;181.968503389179
-23.558999237;-46.656630977;821.0;60;0.11164665523156085;851.7116466552316;Line 3;0;181.968503389179
-23.55926984;-46.656644465;821.4;30;0.055823327615780426;851.6558233276158;Line 3;0;181.968503389179
-23.559540443;-46.656657954;825.3;0;0.0;851.6;Line 3;0;181.968503389179
