latitude;longitude;altitude (m);distance_m;alt_x;alt_y;name;obstrucao;angle 
-22.932015766;-46.57796978;832.2;69960;148.57999999999993;981.78;Line 7;0;185.969714566655
-22.932284897;-46.578003321;832.5;69930;148.5162864493996;981.7162864493996;Line 7;0;185.969714566655
-22.932554028;-46.578036862;832.7;69900;148.45257289879925;981.6525728987992;Line 7;0;185.969714566655
-22.932823159;-46.578070403;832.9;69870;148.38885934819888;981.5888593481989;Line 7;0;185.969714566655
-22.93309229;-46.578103944;833.2;69840;148.32514579759857;981.5251457975986;Line 7;0;185.969714566655
-22.93336142;-46.578137486;833.4;69810;148.26143224699823;981.4614322469982;Line 7;0;185.969714566655
-22.933630551;-46.578171028;833.8;69780;148.19771869639786;981.3977186963979;Line 7;0;185.969714566655
-22.933899682;-46.57820457;834.0;69750;148.13400514579752;981.3340051457976;Line 7;0;185.969714566655
-22.934168813;-46.578238112;834.2;69720;148.07029159519718;981.2702915951972;Line 7;0;185.969714566655
-22.934437943;-46.578271654;833.6;69690;148.00657804459684;981.2065780445969;Line 7;0;185.969714566655
-22.934707074;-46.578305196;832.9;69660;147.9428644939965;981.1428644939965;Line 7;0;185.969714566655
-22.934976205;-46.578338739;832.2;69630;147.87915094339616;981.0791509433961;Line 7;0;185.969714566655
-22.935245336;-46.578372282;834.1;69600;147.81543739279581;981.0154373927959;Line 7;0;185.969714566655
-22.935514466;-46.578405825;836.4;69570;147.75172384219545;980.9517238421955;Line 7;0;185.969714566655
-22.935783597;-46.578439368;838.6;69540;147.68801029159513;980.8880102915952;Line 7;0;185.969714566655
-22.936052728;-46.578472911;841.0;69510;147.6242967409948;980.8242967409949;Line 7;0;185.969714566655
-22.936321858;-46.578506455;843.4;69480;147.56058319039442;980.7605831903945;Line 7;0;185.969714566655
-22.936590989;-46.578539998;845.9;69450;147.49686963979408;980.6968696397942;Line 7;0;185.969714566655
-22.936860119;-46.578573542;849.4;69420;147.43315608919374;980.6331560891938;Line 7;0;185.969714566655
-22.93712925;-46.578607086;853.1;69390;147.3694425385934;980.5694425385934;Line 7;0;185.969714566655
-22.93739838;-46.57864063;856.8;69360;147.30572898799306;980.505728987993;Line 7;0;185.969714566655
-22.937667511;-46.578674174;860.3;69330;147.24201543739272;980.4420154373928;Line 7;0;185.969714566655
-22.937936641;-46.578707719;863.7;69300;147.17830188679238;980.3783018867924;Line 7;0;185.969714566655
-22.938205772;-46.578741263;867.1;69270;147.114588336192;980.3145883361921;Line 7;0;185.969714566655
-22.938474902;-46.578774808;868.3;69240;147.0508747855917;980.2508747855918;Line 7;0;185.969714566655
-22.938744032;-46.578808353;867.6;69210;146.98716123499136;980.1871612349914;Line 7;0;185.969714566655
-22.939013163;-46.578841898;866.8;69180;146.923447684391;980.1234476843911;Line 7;0;185.969714566655
-22.939282293;-46.578875443;866.2;69150;146.85973413379065;980.0597341337907;Line 7;0;185.969714566655
-22.939551423;-46.578908989;865.9;69120;146.7960205831903;979.9960205831903;Line 7;0;185.969714566655
-22.939820554;-46.578942534;865.7;69090;146.73230703259;979.9323070325901;Line 7;0;185.969714566655
-22.940089684;-46.57897608;866.4;69060;146.66859348198963;979.8685934819897;Line 7;0;185.969714566655
-22.940358814;-46.579009626;868.8;69030;146.6048799313893;979.8048799313893;Line 7;0;185.969714566655
-22.940627944;-46.579043172;871.0;69000;146.54116638078895;979.741166380789;Line 7;0;185.969714566655
-22.940897075;-46.579076719;873.7;68970;146.4774528301886;979.6774528301887;Line 7;0;185.969714566655
-22.941166205;-46.579110265;878.1;68940;146.41373927958827;979.6137392795883;Line 7;0;185.969714566655
-22.941435335;-46.579143812;882.4;68910;146.35002572898793;979.550025728988;Line 7;0;185.969714566655
-22.941704465;-46.579177358;887.3;68880;146.2863121783876;979.4863121783876;Line 7;0;185.969714566655
-22.941973595;-46.579210905;896.1;68850;146.22259862778722;979.4225986277872;Line 7;0;185.969714566655
-22.942242725;-46.579244452;904.6;68820;146.1588850771869;979.358885077187;Line 7;0;185.969714566655
-22.942511855;-46.579278;912.9;68790;146.09517152658657;979.2951715265866;Line 7;0;185.969714566655
-22.942780985;-46.579311547;918.2;68760;146.0314579759862;979.2314579759862;Line 7;0;185.969714566655
-22.943050115;-46.579345095;923.5;68730;145.96774442538586;979.1677444253859;Line 7;0;185.969714566655
-22.943319245;-46.579378643;928.8;68700;145.90403087478552;979.1040308747856;Line 7;0;185.969714566655
-22.943588375;-46.579412191;924.0;68670;145.84031732418518;979.0403173241853;Line 7;0;185.969714566655
-22.943857505;-46.579445739;918.6;68640;145.77660377358484;978.9766037735849;Line 7;0;185.969714566655
-22.944126635;-46.579479287;913.2;68610;145.7128902229845;978.9128902229845;Line 7;0;185.969714566655
-22.944395765;-46.579512835;904.9;68580;145.64917667238416;978.8491766723841;Line 7;0;185.969714566655
-22.944664895;-46.579546384;895.9;68550;145.5854631217838;978.7854631217838;Line 7;0;185.969714566655
-22.944934025;-46.579579933;886.7;68520;145.52174957118348;978.7217495711835;Line 7;0;185.969714566655
-22.945203154;-46.579613482;884.7;68490;145.45803602058314;978.6580360205832;Line 7;0;185.969714566655
-22.945472284;-46.579647031;884.9;68460;145.39432246998277;978.5943224699828;Line 7;0;185.969714566655
-22.945741414;-46.57968058;884.9;68430;145.33060891938243;978.5306089193825;Line 7;0;185.969714566655
-22.946010544;-46.57971413;887.4;68400;145.2668953687821;978.4668953687822;Line 7;0;185.969714566655
-22.946279674;-46.579747679;891.7;68370;145.20318181818175;978.4031818181818;Line 7;0;185.969714566655
-22.946548803;-46.579781229;896.3;68340;145.1394682675814;978.3394682675814;Line 7;0;185.969714566655
-22.946817933;-46.579814779;901.0;68310;145.07575471698107;978.275754716981;Line 7;0;185.969714566655
-22.947087063;-46.579848329;905.3;68280;145.01204116638073;978.2120411663808;Line 7;0;185.969714566655
-22.947356192;-46.579881879;909.6;68250;144.94832761578036;978.1483276157804;Line 7;0;185.969714566655
-22.947625322;-46.57991543;911.6;68220;144.88461406518005;978.0846140651801;Line 7;0;185.969714566655
-22.947894451;-46.57994898;911.0;68190;144.8209005145797;978.0209005145798;Line 7;0;185.969714566655
-22.948163581;-46.579982531;910.4;68160;144.75718696397934;977.9571869639794;Line 7;0;185.969714566655
-22.94843271;-46.580016082;907.2;68130;144.693473413379;977.8934734133791;Line 7;0;185.969714566655
-22.94870184;-46.580049633;900.0;68100;144.62975986277866;977.8297598627787;Line 7;0;185.969714566655
-22.94897097;-46.580083184;892.9;68070;144.56604631217832;977.7660463121783;Line 7;0;185.969714566655
-22.949240099;-46.580116736;886.7;68040;144.50233276157797;977.702332761578;Line 7;0;185.969714566655
-22.949509228;-46.580150288;882.1;68010;144.43861921097763;977.6386192109777;Line 7;0;185.969714566655
-22.949778358;-46.580183839;877.6;67980;144.3749056603773;977.5749056603773;Line 7;0;185.969714566655
-22.950047487;-46.580217391;874.0;67950;144.31119210977693;977.511192109777;Line 7;0;185.969714566655
-22.950316617;-46.580250943;874.2;67920;144.2474785591766;977.4474785591767;Line 7;0;185.969714566655
-22.950585746;-46.580284496;874.0;67890;144.18376500857627;977.3837650085763;Line 7;0;185.969714566655
-22.950854875;-46.580318048;873.3;67860;144.1200514579759;977.320051457976;Line 7;0;185.969714566655
-22.951124005;-46.580351601;868.7;67830;144.05633790737556;977.2563379073756;Line 7;0;185.969714566655
-22.951393134;-46.580385153;864.1;67800;143.99262435677522;977.1926243567752;Line 7;0;185.969714566655
-22.951662263;-46.580418706;859.5;67770;143.9289108061749;977.128910806175;Line 7;0;185.969714566655
-22.951931392;-46.58045226;856.7;67740;143.86519725557454;977.0651972555746;Line 7;0;185.969714566655
-22.952200522;-46.580485813;854.0;67710;143.8014837049742;977.0014837049742;Line 7;0;185.969714566655
-22.952469651;-46.580519366;851.5;67680;143.73777015437386;976.9377701543739;Line 7;0;185.969714566655
-22.95273878;-46.58055292;853.0;67650;143.6740566037735;976.8740566037735;Line 7;0;185.969714566655
-22.953007909;-46.580586474;854.8;67620;143.61034305317318;976.8103430531733;Line 7;0;185.969714566655
-22.953277038;-46.580620028;856.4;67590;143.54662950257284;976.7466295025729;Line 7;0;185.969714566655
-22.953546167;-46.580653582;857.4;67560;143.48291595197247;976.6829159519725;Line 7;0;185.969714566655
-22.953815296;-46.580687136;858.1;67530;143.41920240137213;976.6192024013721;Line 7;0;185.969714566655
-22.954084425;-46.580720691;858.6;67500;143.3554888507718;976.5554888507718;Line 7;0;185.969714566655
-22.954353555;-46.580754245;858.7;67470;143.29177530017148;976.4917753001715;Line 7;0;185.969714566655
-22.954622684;-46.5807878;859.0;67440;143.2280617495711;976.4280617495712;Line 7;0;185.969714566655
-22.954891812;-46.580821355;859.6;67410;143.16434819897077;976.3643481989708;Line 7;0;185.969714566655
-22.955160941;-46.58085491;862.5;67380;143.10063464837043;976.3006346483705;Line 7;0;185.969714566655
-22.95543007;-46.580888465;866.7;67350;143.03692109777006;976.2369210977702;Line 7;0;185.969714566655
-22.955699199;-46.580922021;871.1;67320;142.97320754716975;976.1732075471698;Line 7;0;185.969714566655
-22.955968328;-46.580955576;876.4;67290;142.9094939965694;976.1094939965694;Line 7;0;185.969714566655
-22.956237457;-46.580989132;882.2;67260;142.84578044596907;976.0457804459691;Line 7;0;185.969714566655
-22.956506586;-46.581022688;888.1;67230;142.7820668953687;975.9820668953687;Line 7;0;185.969714566655
-22.956775715;-46.581056244;894.0;67200;142.71835334476836;975.9183533447684;Line 7;0;185.969714566655
-22.957044844;-46.581089801;900.0;67170;142.65463979416805;975.8546397941681;Line 7;0;185.969714566655
-22.957313972;-46.581123357;905.9;67140;142.59092624356768;975.7909262435677;Line 7;0;185.969714566655
-22.957583101;-46.581156914;911.6;67110;142.52721269296734;975.7272126929674;Line 7;0;185.969714566655
-22.95785223;-46.58119047;916.8;67080;142.463499142367;975.6634991423671;Line 7;0;185.969714566655
-22.958121358;-46.581224027;921.9;67050;142.39978559176663;975.5997855917667;Line 7;0;185.969714566655
-22.958390487;-46.581257585;926.5;67020;142.33607204116632;975.5360720411663;Line 7;0;185.969714566655
-22.958659616;-46.581291142;928.9;66990;142.27235849056598;975.472358490566;Line 7;0;185.969714566655
-22.958928744;-46.581324699;931.0;66960;142.20864493996564;975.4086449399657;Line 7;0;185.969714566655
-22.959197873;-46.581358257;932.2;66930;142.14493138936527;975.3449313893653;Line 7;0;185.969714566655
-22.959467002;-46.581391815;929.7;66900;142.08121783876493;975.281217838765;Line 7;0;185.969714566655
-22.95973613;-46.581425373;926.7;66870;142.01750428816462;975.2175042881647;Line 7;0;185.969714566655
-22.960005259;-46.581458931;923.4;66840;141.95379073756425;975.1537907375643;Line 7;0;185.969714566655
-22.960274387;-46.581492489;919.3;66810;141.8900771869639;975.090077186964;Line 7;0;185.969714566655
-22.960543516;-46.581526048;915.1;66780;141.82636363636357;975.0263636363636;Line 7;0;185.969714566655
-22.960812644;-46.581559606;910.8;66750;141.76265008576323;974.9626500857632;Line 7;0;185.969714566655
-22.961081773;-46.581593165;907.3;66720;141.6989365351629;974.8989365351629;Line 7;0;185.969714566655
-22.961350901;-46.581626724;903.9;66690;141.63522298456255;974.8352229845626;Line 7;0;185.969714566655
-22.961620029;-46.581660283;900.6;66660;141.5715094339622;974.7715094339623;Line 7;0;185.969714566655
-22.961889158;-46.581693842;903.3;66630;141.50779588336184;974.7077958833619;Line 7;0;185.969714566655
-22.962158286;-46.581727402;907.2;66600;141.4440823327615;974.6440823327615;Line 7;0;185.969714566655
-22.962427415;-46.581760962;911.3;66570;141.38036878216118;974.5803687821613;Line 7;0;185.969714566655
-22.962696543;-46.581794521;913.7;66540;141.31665523156082;974.5166552315609;Line 7;0;185.969714566655
-22.962965671;-46.581828081;915.6;66510;141.25294168096048;974.4529416809605;Line 7;0;185.969714566655
-22.963234799;-46.581861641;917.5;66480;141.18922813036014;974.3892281303602;Line 7;0;185.969714566655
-22.963503928;-46.581895202;914.5;66450;141.1255145797598;974.3255145797598;Line 7;0;185.969714566655
-22.963773056;-46.581928762;908.7;66420;141.06180102915945;974.2618010291595;Line 7;0;185.969714566655
-22.964042184;-46.581962323;902.9;66390;140.9980874785591;974.1980874785592;Line 7;0;185.969714566655
-22.964311312;-46.581995884;895.6;66360;140.93437392795877;974.1343739279588;Line 7;0;185.969714566655
-22.96458044;-46.582029445;887.0;66330;140.8706603773584;974.0706603773584;Line 7;0;185.969714566655
-22.964849568;-46.582063006;878.6;66300;140.80694682675806;974.0069468267582;Line 7;0;185.969714566655
-22.965118697;-46.582096567;873.5;66270;140.74323327615775;973.9432332761578;Line 7;0;185.969714566655
-22.965387825;-46.582130129;872.7;66240;140.67951972555738;973.8795197255574;Line 7;0;185.969714566655
-22.965656953;-46.58216369;872.3;66210;140.61580617495704;973.8158061749571;Line 7;0;185.969714566655
-22.965926081;-46.582197252;873.5;66180;140.5520926243567;973.7520926243567;Line 7;0;185.969714566655
-22.966195209;-46.582230814;877.3;66150;140.48837907375636;973.6883790737564;Line 7;0;185.969714566655
-22.966464337;-46.582264376;881.2;66120;140.42466552315602;973.6246655231561;Line 7;0;185.969714566655
-22.966733465;-46.582297938;884.3;66090;140.36095197255568;973.5609519725557;Line 7;0;185.969714566655
-22.967002593;-46.582331501;884.5;66060;140.29723842195534;973.4972384219554;Line 7;0;185.969714566655
-22.96727172;-46.582365064;884.4;66030;140.23352487135497;973.4335248713551;Line 7;0;185.969714566655
-22.967540848;-46.582398626;884.6;66000;140.16981132075463;973.3698113207547;Line 7;0;185.969714566655
-22.967809976;-46.582432189;886.9;65970;140.10609777015432;973.3060977701543;Line 7;0;185.969714566655
-22.968079104;-46.582465753;889.1;65940;140.04238421955398;973.242384219554;Line 7;0;185.969714566655
-22.968348232;-46.582499316;891.2;65910;139.9786706689536;973.1786706689536;Line 7;0;185.969714566655
-22.96861736;-46.582532879;894.6;65880;139.91495711835327;973.1149571183533;Line 7;0;185.969714566655
-22.968886487;-46.582566443;898.1;65850;139.85124356775293;973.051243567753;Line 7;0;185.969714566655
-22.969155615;-46.582600007;901.6;65820;139.7875300171526;972.9875300171526;Line 7;0;185.969714566655
-22.969424743;-46.582633571;903.6;65790;139.72381646655225;972.9238164665524;Line 7;0;185.969714566655
-22.969693871;-46.582667135;905.9;65760;139.6601029159519;972.860102915952;Line 7;0;185.969714566655
-22.969962998;-46.582700699;908.3;65730;139.59638936535154;972.7963893653516;Line 7;0;185.969714566655
-22.970232126;-46.582734264;910.4;65700;139.5326758147512;972.7326758147512;Line 7;0;185.969714566655
-22.970501254;-46.582767828;912.3;65670;139.4689622641509;972.6689622641509;Line 7;0;185.969714566655
-22.970770381;-46.582801393;914.0;65640;139.40524871355055;972.6052487135506;Line 7;0;185.969714566655
-22.971039509;-46.582834958;920.2;65610;139.34153516295018;972.5415351629503;Line 7;0;185.969714566655
-22.971308636;-46.582868523;927.7;65580;139.27782161234984;972.4778216123499;Line 7;0;185.969714566655
-22.971577764;-46.582902089;935.1;65550;139.2141080617495;972.4141080617495;Line 7;0;185.969714566655
-22.971846891;-46.582935654;942.5;65520;139.15039451114916;972.3503945111493;Line 7;0;185.969714566655
-22.972116019;-46.58296922;950.0;65490;139.08668096054882;972.2866809605489;Line 7;0;185.969714566655
-22.972385146;-46.583002786;957.7;65460;139.02296740994848;972.2229674099485;Line 7;0;185.969714566655
-22.972654274;-46.583036352;962.2;65430;138.95925385934814;972.1592538593482;Line 7;0;185.969714566655
-22.972923401;-46.583069918;964.7;65400;138.89554030874777;972.0955403087478;Line 7;0;185.969714566655
-22.973192529;-46.583103484;967.8;65370;138.83182675814746;972.0318267581475;Line 7;0;185.969714566655
-22.973461656;-46.583137051;969.2;65340;138.76811320754712;971.9681132075472;Line 7;0;185.969714566655
-22.973730783;-46.583170617;968.2;65310;138.70439965694675;971.9043996569468;Line 7;0;185.969714566655
-22.973999911;-46.583204184;967.0;65280;138.6406861063464;971.8406861063464;Line 7;0;185.969714566655
-22.974269038;-46.583237751;969.3;65250;138.57697255574607;971.7769725557462;Line 7;0;185.969714566655
-22.974538165;-46.583271318;977.5;65220;138.51325900514573;971.7132590051458;Line 7;1;185.969714566655
-22.974807292;-46.583304886;985.4;65190;138.4495454545454;971.6495454545454;Line 7;1;185.969714566655
-22.97507642;-46.583338453;994.0;65160;138.38583190394505;971.5858319039451;Line 7;1;185.969714566655
-22.975345547;-46.583372021;1004.4;65130;138.3221183533447;971.5221183533447;Line 7;1;185.969714566655
-22.975614674;-46.583405589;1014.5;65100;138.25840480274434;971.4584048027443;Line 7;1;185.969714566655
-22.975883801;-46.583439157;1023.7;65070;138.19469125214403;971.3946912521441;Line 7;1;185.969714566655
-22.976152928;-46.583472725;1030.7;65040;138.13097770154369;971.3309777015437;Line 7;1;185.969714566655
-22.976422056;-46.583506293;1037.8;65010;138.06726415094332;971.2672641509433;Line 7;1;185.969714566655
-22.976691183;-46.583539862;1045.0;64980;138.00355060034298;971.2035506003431;Line 7;1;185.969714566655
-22.97696031;-46.58357343;1053.2;64950;137.93983704974264;971.1398370497427;Line 7;1;185.969714566655
-22.977229437;-46.583606999;1061.4;64920;137.8761234991423;971.0761234991423;Line 7;1;185.969714566655
-22.977498564;-46.583640568;1069.5;64890;137.81240994854195;971.012409948542;Line 7;1;185.969714566655
-22.977767691;-46.583674137;1077.5;64860;137.74869639794161;970.9486963979416;Line 7;1;185.969714566655
-22.978036818;-46.583707707;1085.9;64830;137.68498284734127;970.8849828473413;Line 7;1;185.969714566655
-22.978305945;-46.583741276;1095.0;64800;137.6212692967409;970.821269296741;Line 7;1;185.969714566655
-22.978575072;-46.583774846;1099.5;64770;137.5575557461406;970.7575557461406;Line 7;1;185.969714566655
-22.978844199;-46.583808416;1103.9;64740;137.49384219554025;970.6938421955404;Line 7;1;185.969714566655
-22.979113325;-46.583841986;1108.6;64710;137.43012864493988;970.63012864494;Line 7;1;185.969714566655
-22.979382452;-46.583875556;1110.9;64680;137.36641509433954;970.5664150943396;Line 7;1;185.969714566655
-22.979651579;-46.583909126;1112.0;64650;137.3027015437392;970.5027015437392;Line 7;1;185.969714566655
-22.979920706;-46.583942697;1112.4;64620;137.2389879931389;970.4389879931389;Line 7;1;185.969714566655
-22.980189833;-46.583976267;1104.6;64590;137.17527444253852;970.3752744425385;Line 7;1;185.969714566655
-22.980458959;-46.584009838;1093.3;64560;137.11156089193818;970.3115608919383;Line 7;1;185.969714566655
-22.980728086;-46.584043409;1081.6;64530;137.04784734133784;970.2478473413379;Line 7;1;185.969714566655
-22.980997213;-46.58407698;1067.0;64500;136.98413379073747;970.1841337907375;Line 7;1;185.969714566655
-22.98126634;-46.584110552;1050.6;64470;136.92042024013716;970.1204202401373;Line 7;1;185.969714566655
-22.981535466;-46.584144123;1034.1;64440;136.85670668953682;970.0567066895369;Line 7;1;185.969714566655
-22.981804593;-46.584177695;1019.4;64410;136.79299313893645;969.9929931389365;Line 7;1;185.969714566655
-22.98207372;-46.584211267;1006.6;64380;136.7292795883361;969.9292795883362;Line 7;1;185.969714566655
-22.982342846;-46.584244839;993.8;64350;136.66556603773577;969.8655660377358;Line 7;1;185.969714566655
-22.982611973;-46.584278411;982.8;64320;136.60185248713546;969.8018524871355;Line 7;1;185.969714566655
-22.982881099;-46.584311983;974.5;64290;136.5381389365351;969.7381389365352;Line 7;1;185.969714566655
-22.983150226;-46.584345556;966.2;64260;136.47442538593475;969.6744253859348;Line 7;0;185.969714566655
-22.983419352;-46.584379128;958.5;64230;136.4107118353344;969.6107118353344;Line 7;0;185.969714566655
-22.983688479;-46.584412701;951.9;64200;136.34699828473404;969.5469982847341;Line 7;0;185.969714566655
-22.983957605;-46.584446274;945.3;64170;136.28328473413373;969.4832847341338;Line 7;0;185.969714566655
-22.984226732;-46.584479848;938.7;64140;136.2195711835334;969.4195711835334;Line 7;0;185.969714566655
-22.984495858;-46.584513421;932.4;64110;136.15585763293305;969.3558576329331;Line 7;0;185.969714566655
-22.984764985;-46.584546994;925.9;64080;136.09214408233268;969.2921440823327;Line 7;0;185.969714566655
-22.985034111;-46.584580568;919.0;64050;136.02843053173234;969.2284305317323;Line 7;0;185.969714566655
-22.985303237;-46.584614142;909.9;64020;135.96471698113203;969.1647169811321;Line 7;0;185.969714566655
-22.985572364;-46.584647716;900.7;63990;135.90100343053166;969.1010034305317;Line 7;0;185.969714566655
-22.98584149;-46.58468129;891.3;63960;135.83728987993132;969.0372898799313;Line 7;0;185.969714566655
-22.986110616;-46.584714864;880.5;63930;135.77357632933098;968.9735763293311;Line 7;0;185.969714566655
-22.986379742;-46.584748439;869.8;63900;135.70986277873064;968.9098627787307;Line 7;0;185.969714566655
-22.986648869;-46.584782014;859.1;63870;135.6461492281303;968.8461492281303;Line 7;0;185.969714566655
-22.986917995;-46.584815589;852.7;63840;135.58243567752996;968.78243567753;Line 7;0;185.969714566655
-22.987187121;-46.584849164;846.6;63810;135.51872212692962;968.7187221269296;Line 7;0;185.969714566655
-22.987456247;-46.584882739;840.4;63780;135.45500857632925;968.6550085763292;Line 7;0;185.969714566655
-22.987725373;-46.584916314;838.4;63750;135.39129502572894;968.591295025729;Line 7;0;185.969714566655
-22.9879945;-46.58494989;837.3;63720;135.3275814751286;968.5275814751286;Line 7;0;185.969714566655
-22.988263626;-46.584983465;836.3;63690;135.26386792452823;968.4638679245282;Line 7;0;185.969714566655
-22.988532752;-46.585017041;833.4;63660;135.2001543739279;968.400154373928;Line 7;0;185.969714566655
-22.988801878;-46.585050617;829.8;63630;135.13644082332755;968.3364408233276;Line 7;0;185.969714566655
-22.989071004;-46.585084193;826.4;63600;135.0727272727272;968.2727272727273;Line 7;0;185.969714566655
-22.98934013;-46.58511777;824.4;63570;135.00901372212687;968.2090137221269;Line 7;0;185.969714566655
-22.989609256;-46.585151346;823.3;63540;134.94530017152653;968.1453001715265;Line 7;0;185.969714566655
-22.989878382;-46.585184923;822.3;63510;134.88158662092619;968.0815866209263;Line 7;0;185.969714566655
-22.990147508;-46.5852185;823.0;63480;134.81787307032582;968.0178730703259;Line 7;0;185.969714566655
-22.990416633;-46.585252077;824.9;63450;134.7541595197255;967.9541595197255;Line 7;0;185.969714566655
-22.990685759;-46.585285654;826.7;63420;134.69044596912516;967.8904459691253;Line 7;0;185.969714566655
-22.990954885;-46.585319232;828.3;63390;134.6267324185248;967.8267324185249;Line 7;0;185.969714566655
-22.991224011;-46.585352809;829.8;63360;134.56301886792446;967.7630188679245;Line 7;0;185.969714566655
-22.991493137;-46.585386387;831.4;63330;134.49930531732412;967.6993053173242;Line 7;0;185.969714566655
-22.991762263;-46.585419965;833.9;63300;134.43559176672377;967.6355917667238;Line 7;0;185.969714566655
-22.992031388;-46.585453543;837.5;63270;134.37187821612343;967.5718782161234;Line 7;0;185.969714566655
-22.992300514;-46.585487121;841.3;63240;134.3081646655231;967.5081646655232;Line 7;0;185.969714566655
-22.99256964;-46.585520699;845.2;63210;134.24445111492275;967.4444511149228;Line 7;0;185.969714566655
-22.992838766;-46.585554278;849.4;63180;134.18073756432238;967.3807375643224;Line 7;0;185.969714566655
-22.993107891;-46.585587857;853.7;63150;134.11702401372207;967.3170240137222;Line 7;0;185.969714566655
-22.993377017;-46.585621435;857.6;63120;134.05331046312173;967.2533104631218;Line 7;0;185.969714566655
-22.993646142;-46.585655014;860.0;63090;133.98959691252136;967.1895969125214;Line 7;0;185.969714566655
-22.993915268;-46.585688594;862.3;63060;133.92588336192102;967.1258833619211;Line 7;0;185.969714566655
-22.994184394;-46.585722173;864.5;63030;133.86216981132068;967.0621698113207;Line 7;0;185.969714566655
-22.994453519;-46.585755753;865.6;63000;133.79845626072037;966.9984562607204;Line 7;0;185.969714566655
-22.994722645;-46.585789332;866.8;62970;133.73474271012;966.9347427101201;Line 7;0;185.969714566655
-22.99499177;-46.585822912;868.0;62940;133.67102915951966;966.8710291595197;Line 7;0;185.969714566655
-22.995260896;-46.585856492;869.1;62910;133.60731560891932;966.8073156089193;Line 7;0;185.969714566655
-22.995530021;-46.585890073;870.3;62880;133.54360205831895;966.743602058319;Line 7;0;185.969714566655
-22.995799147;-46.585923653;871.5;62850;133.47988850771864;966.6798885077187;Line 7;0;185.969714566655
-22.996068272;-46.585957233;870.6;62820;133.4161749571183;966.6161749571183;Line 7;0;185.969714566655
-22.996337397;-46.585990814;869.4;62790;133.35246140651796;966.552461406518;Line 7;0;185.969714566655
-22.996606523;-46.586024395;868.2;62760;133.2887478559176;966.4887478559176;Line 7;0;185.969714566655
-22.996875648;-46.586057976;864.9;62730;133.22503430531725;966.4250343053172;Line 7;0;185.969714566655
-22.997144773;-46.586091557;861.1;62700;133.16132075471694;966.361320754717;Line 7;0;185.969714566655
-22.997413899;-46.586125139;857.3;62670;133.09760720411657;966.2976072041166;Line 7;0;185.969714566655
-22.997683024;-46.58615872;852.3;62640;133.03389365351623;966.2338936535162;Line 7;0;185.969714566655
-22.997952149;-46.586192302;846.9;62610;132.9701801029159;966.170180102916;Line 7;0;185.969714566655
-22.998221275;-46.586225884;841.6;62580;132.90646655231552;966.1064665523156;Line 7;0;185.969714566655
-22.9984904;-46.586259466;835.6;62550;132.8427530017152;966.0427530017153;Line 7;0;185.969714566655
-22.998759525;-46.586293048;829.1;62520;132.77903945111487;965.9790394511149;Line 7;0;185.969714566655
-22.99902865;-46.586326631;822.6;62490;132.71532590051453;965.9153259005145;Line 7;0;185.969714566655
-22.999297775;-46.586360213;817.8;62460;132.65161234991416;965.8516123499141;Line 7;0;185.969714566655
-22.9995669;-46.586393796;814.6;62430;132.58789879931382;965.7878987993139;Line 7;0;185.969714566655
-22.999836025;-46.586427379;811.3;62400;132.5241852487135;965.7241852487135;Line 7;0;185.969714566655
-23.00010515;-46.586460962;810.2;62370;132.46047169811314;965.6604716981132;Line 7;0;185.969714566655
-23.000374275;-46.586494545;812.7;62340;132.3967581475128;965.5967581475129;Line 7;0;185.969714566655
-23.000643401;-46.586528129;815.2;62310;132.33304459691246;965.5330445969125;Line 7;0;185.969714566655
-23.000912526;-46.586561712;818.2;62280;132.26933104631212;965.4693310463122;Line 7;0;185.969714566655
-23.00118165;-46.586595296;822.8;62250;132.20561749571178;965.4056174957118;Line 7;0;185.969714566655
-23.001450775;-46.58662888;827.3;62220;132.14190394511144;965.3419039451114;Line 7;0;185.969714566655
-23.0017199;-46.586662464;831.8;62190;132.0781903945111;965.2781903945112;Line 7;0;185.969714566655
-23.001989025;-46.586696048;835.5;62160;132.01447684391073;965.2144768439108;Line 7;0;185.969714566655
-23.00225815;-46.586729632;839.3;62130;131.9507632933104;965.1507632933104;Line 7;0;185.969714566655
-23.002527275;-46.586763217;843.2;62100;131.88704974271008;965.0870497427102;Line 7;0;185.969714566655
-23.0027964;-46.586796802;847.3;62070;131.8233361921097;965.0233361921098;Line 7;0;185.969714566655
-23.003065525;-46.586830387;851.3;62040;131.75962264150937;964.9596226415094;Line 7;0;185.969714566655
-23.003334649;-46.586863972;855.3;62010;131.69590909090903;964.8959090909091;Line 7;0;185.969714566655
-23.003603774;-46.586897557;858.1;61980;131.6321955403087;964.8321955403087;Line 7;0;185.969714566655
-23.003872899;-46.586931142;860.9;61950;131.56848198970835;964.7684819897083;Line 7;0;185.969714566655
-23.004142024;-46.586964728;863.7;61920;131.504768439108;964.7047684391081;Line 7;0;185.969714566655
-23.004411148;-46.586998314;866.4;61890;131.44105488850767;964.6410548885077;Line 7;0;185.969714566655
-23.004680273;-46.5870319;869.2;61860;131.3773413379073;964.5773413379073;Line 7;0;185.969714566655
-23.004949398;-46.587065486;872.0;61830;131.31362778730696;964.513627787307;Line 7;0;185.969714566655
-23.005218522;-46.587099072;872.6;61800;131.24991423670664;964.4499142367067;Line 7;0;185.969714566655
-23.005487647;-46.587132658;872.6;61770;131.18620068610628;964.3862006861063;Line 7;0;185.969714566655
-23.005756771;-46.587166245;872.6;61740;131.12248713550593;964.322487135506;Line 7;0;185.969714566655
-23.006025896;-46.587199832;871.1;61710;131.0587735849056;964.2587735849056;Line 7;0;185.969714566655
-23.00629502;-46.587233419;869.2;61680;130.99506003430525;964.1950600343052;Line 7;0;185.969714566655
-23.006564145;-46.587267006;867.2;61650;130.9313464837049;964.131346483705;Line 7;0;185.969714566655
-23.006833269;-46.587300593;863.8;61620;130.86763293310457;964.0676329331046;Line 7;0;185.969714566655
-23.007102394;-46.58733418;859.3;61590;130.80391938250423;964.0039193825043;Line 7;0;185.969714566655
-23.007371518;-46.587367768;854.7;61560;130.74020583190386;963.9402058319039;Line 7;0;185.969714566655
-23.007640643;-46.587401356;850.6;61530;130.67649228130352;963.8764922813036;Line 7;0;185.969714566655
-23.007909767;-46.587434944;846.8;61500;130.6127787307032;963.8127787307033;Line 7;0;185.969714566655
-23.008178891;-46.587468532;843.1;61470;130.54906518010284;963.7490651801029;Line 7;0;185.969714566655
-23.008448016;-46.58750212;839.5;61440;130.4853516295025;963.6853516295025;Line 7;0;185.969714566655
-23.00871714;-46.587535709;836.3;61410;130.42163807890216;963.6216380789022;Line 7;0;185.969714566655
-23.008986264;-46.587569297;833.1;61380;130.35792452830182;963.5579245283019;Line 7;0;185.969714566655
-23.009255389;-46.587602886;830.6;61350;130.29421097770148;963.4942109777015;Line 7;0;185.969714566655
-23.009524513;-46.587636475;829.1;61320;130.23049742710114;963.4304974271012;Line 7;0;185.969714566655
-23.009793637;-46.587670064;827.5;61290;130.1667838765008;963.3667838765009;Line 7;0;185.969714566655
-23.010062761;-46.587703653;826.5;61260;130.10307032590043;963.3030703259005;Line 7;0;185.969714566655
-23.010331886;-46.587737243;826.9;61230;130.0393567753001;963.2393567753002;Line 7;0;185.969714566655
-23.01060101;-46.587770832;827.3;61200;129.97564322469978;963.1756432246998;Line 7;0;185.969714566655
-23.010870134;-46.587804422;827.6;61170;129.91192967409944;963.1119296740994;Line 7;0;185.969714566655
-23.011139258;-46.587838012;827.9;61140;129.84821612349907;963.0482161234991;Line 7;0;185.969714566655
-23.011408382;-46.587871602;828.4;61110;129.78450257289873;962.9845025728988;Line 7;0;185.969714566655
-23.011677506;-46.587905192;828.9;61080;129.7207890222984;962.9207890222984;Line 7;0;185.969714566655
-23.01194663;-46.587938783;830.8;61050;129.65707547169805;962.8570754716981;Line 7;0;185.969714566655
-23.012215754;-46.587972373;832.5;61020;129.5933619210977;962.7933619210978;Line 7;0;185.969714566655
-23.012484878;-46.588005964;834.2;60990;129.52964837049737;962.7296483704974;Line 7;0;185.969714566655
-23.012754002;-46.588039555;835.6;60960;129.465934819897;962.6659348198971;Line 7;0;185.969714566655
-23.013023126;-46.588073146;837.1;60930;129.40222126929666;962.6022212692967;Line 7;0;185.969714566655
-23.01329225;-46.588106738;838.6;60900;129.33850771869635;962.5385077186963;Line 7;0;185.969714566655
-23.013561374;-46.588140329;837.3;60870;129.274794168096;962.4747941680961;Line 7;0;185.969714566655
-23.013830498;-46.588173921;835.3;60840;129.21108061749564;962.4110806174957;Line 7;0;185.969714566655
-23.014099622;-46.588207512;833.1;60810;129.1473670668953;962.3473670668953;Line 7;0;185.969714566655
-23.014368745;-46.588241104;829.7;60780;129.08365351629496;962.283653516295;Line 7;0;185.969714566655
-23.014637869;-46.588274697;825.7;60750;129.01993996569462;962.2199399656947;Line 7;0;185.969714566655
-23.014906993;-46.588308289;821.5;60720;128.95622641509428;962.1562264150944;Line 7;0;185.969714566655
-23.015176117;-46.588341881;817.1;60690;128.89251286449394;962.092512864494;Line 7;0;185.969714566655
-23.01544524;-46.588375474;812.7;60660;128.8287993138936;962.0287993138936;Line 7;0;185.969714566655
-23.015714364;-46.588409067;808.4;60630;128.76508576329323;961.9650857632932;Line 7;0;185.969714566655
-23.015983488;-46.58844266;803.9;60600;128.70137221269292;961.901372212693;Line 7;0;185.969714566655
-23.016252611;-46.588476253;799.3;60570;128.63765866209258;961.8376586620926;Line 7;0;185.969714566655
-23.016521735;-46.588509846;794.8;60540;128.5739451114922;961.7739451114923;Line 7;0;185.969714566655
-23.016790859;-46.58854344;790.9;60510;128.51023156089187;961.7102315608919;Line 7;0;185.969714566655
-23.017059982;-46.588577033;787.6;60480;128.44651801029153;961.6465180102916;Line 7;0;185.969714566655
-23.017329106;-46.588610627;784.3;60450;128.3828044596912;961.5828044596913;Line 7;0;185.969714566655
-23.017598229;-46.588644221;781.9;60420;128.31909090909085;961.5190909090909;Line 7;0;185.969714566655
-23.017867353;-46.588677815;781.2;60390;128.2553773584905;961.4553773584905;Line 7;0;185.969714566655
-23.018136476;-46.588711409;780.3;60360;128.19166380789017;961.3916638078902;Line 7;0;185.969714566655
-23.0184056;-46.588745004;779.9;60330;128.1279502572898;961.3279502572898;Line 7;0;185.969714566655
-23.018674723;-46.588778598;781.3;60300;128.06423670668948;961.2642367066895;Line 7;0;185.969714566655
-23.018943847;-46.588812193;782.8;60270;128.00052315608914;961.2005231560892;Line 7;0;185.969714566655
-23.01921297;-46.588845788;784.3;60240;127.93680960548879;961.1368096054888;Line 7;0;185.969714566655
-23.019482094;-46.588879383;786.1;60210;127.87309605488844;961.0730960548885;Line 7;0;185.969714566655
-23.019751217;-46.588912979;788.1;60180;127.8093825042881;961.0093825042882;Line 7;0;185.969714566655
-23.02002034;-46.588946574;790.0;60150;127.74566895368777;960.9456689536878;Line 7;0;185.969714566655
-23.020289464;-46.58898017;791.5;60120;127.68195540308741;960.8819554030874;Line 7;0;185.969714566655
-23.020558587;-46.589013766;793.0;60090;127.61824185248707;960.8182418524871;Line 7;0;185.969714566655
-23.02082771;-46.589047362;794.7;60060;127.55452830188672;960.7545283018868;Line 7;0;185.969714566655
-23.021096833;-46.589080958;796.0;60030;127.49081475128638;960.6908147512864;Line 7;0;185.969714566655
-23.021365957;-46.589114554;797.4;60000;127.42710120068605;960.6271012006861;Line 7;0;185.969714566655
-23.02163508;-46.589148151;798.7;59970;127.3633876500857;960.5633876500857;Line 7;0;185.969714566655
-23.021904203;-46.589181747;799.7;59940;127.29967409948536;960.4996740994854;Line 7;0;185.969714566655
-23.022173326;-46.589215344;800.6;59910;127.235960548885;960.4359605488851;Line 7;0;185.969714566655
-23.022442449;-46.589248941;801.7;59880;127.17224699828466;960.3722469982847;Line 7;0;185.969714566655
-23.022711572;-46.589282538;802.0;59850;127.10853344768434;960.3085334476843;Line 7;0;185.969714566655
-23.022980695;-46.589316136;802.1;59820;127.04481989708398;960.244819897084;Line 7;0;185.969714566655
-23.023249818;-46.589349733;802.4;59790;126.98110634648364;960.1811063464837;Line 7;0;185.969714566655
-23.023518941;-46.589383331;803.2;59760;126.91739279588329;960.1173927958833;Line 7;0;185.969714566655
-23.023788064;-46.589416929;804.3;59730;126.85367924528295;960.053679245283;Line 7;0;185.969714566655
-23.024057187;-46.589450527;805.3;59700;126.78996569468262;959.9899656946827;Line 7;0;185.969714566655
-23.02432631;-46.589484125;805.5;59670;126.72625214408228;959.9262521440824;Line 7;0;185.969714566655
-23.024595433;-46.589517723;805.1;59640;126.66253859348193;959.862538593482;Line 7;0;185.969714566655
-23.024864556;-46.589551321;804.6;59610;126.59882504288157;959.7988250428816;Line 7;0;185.969714566655
-23.025133679;-46.58958492;803.7;59580;126.53511149228123;959.7351114922812;Line 7;0;185.969714566655
-23.025402802;-46.589618519;802.5;59550;126.4713979416809;959.671397941681;Line 7;0;185.969714566655
-23.025671925;-46.589652118;801.3;59520;126.40768439108056;959.6076843910806;Line 7;0;185.969714566655
-23.025941048;-46.589685717;800.1;59490;126.34397084048021;959.5439708404803;Line 7;0;185.969714566655
-23.02621017;-46.589719317;798.6;59460;126.28025728987986;959.4802572898799;Line 7;0;185.969714566655
-23.026479293;-46.589752916;797.0;59430;126.21654373927952;959.4165437392795;Line 7;0;185.969714566655
-23.026748416;-46.589786516;795.4;59400;126.15283018867919;959.3528301886793;Line 7;0;185.969714566655
-23.027017539;-46.589820116;793.8;59370;126.08911663807885;959.2891166380789;Line 7;0;185.969714566655
-23.027286661;-46.589853716;792.0;59340;126.0254030874785;959.2254030874785;Line 7;0;185.969714566655
-23.027555784;-46.589887316;790.6;59310;125.96168953687814;959.1616895368782;Line 7;0;185.969714566655
-23.027824907;-46.589920916;792.0;59280;125.8979759862778;959.0979759862778;Line 7;0;185.969714566655
-23.028094029;-46.589954517;793.2;59250;125.83426243567747;959.0342624356775;Line 7;0;185.969714566655
-23.028363152;-46.589988117;794.6;59220;125.77054888507713;958.9705488850772;Line 7;0;185.969714566655
-23.028632275;-46.590021718;798.5;59190;125.70683533447678;958.9068353344768;Line 7;0;185.969714566655
-23.028901397;-46.590055319;802.2;59160;125.64312178387644;958.8431217838765;Line 7;0;185.969714566655
-23.02917052;-46.59008892;805.7;59130;125.57940823327608;958.7794082332762;Line 7;0;185.969714566655
-23.029439642;-46.590122522;808.7;59100;125.51569468267576;958.7156946826758;Line 7;0;185.969714566655
-23.029708765;-46.590156123;811.7;59070;125.45198113207542;958.6519811320754;Line 7;0;185.969714566655
-23.029977887;-46.590189725;814.7;59040;125.38826758147506;958.5882675814751;Line 7;0;185.969714566655
-23.03024701;-46.590223327;815.9;59010;125.32455403087472;958.5245540308748;Line 7;0;185.969714566655
-23.030516132;-46.590256929;816.9;58980;125.26084048027437;958.4608404802744;Line 7;0;185.969714566655
-23.030785254;-46.590290531;817.9;58950;125.19712692967404;958.3971269296741;Line 7;0;185.969714566655
-23.031054377;-46.590324133;819.7;58920;125.1334133790737;958.3334133790737;Line 7;0;185.969714566655
-23.031323499;-46.590357736;821.6;58890;125.06969982847335;958.2696998284734;Line 7;0;185.969714566655
-23.031592621;-46.590391339;823.6;58860;125.005986277873;958.2059862778731;Line 7;0;185.969714566655
-23.031861744;-46.590424941;824.8;58830;124.94227272727268;958.1422727272727;Line 7;0;185.969714566655
-23.032130866;-46.590458544;825.7;58800;124.87855917667233;958.0785591766723;Line 7;0;185.969714566655
-23.032399988;-46.590492148;826.6;58770;124.81484562607199;958.014845626072;Line 7;0;185.969714566655
-23.032669111;-46.590525751;827.6;58740;124.75113207547163;957.9511320754717;Line 7;0;185.969714566655
-23.032938233;-46.590559355;828.7;58710;124.68741852487129;957.8874185248714;Line 7;0;185.969714566655
-23.033207355;-46.590592958;829.9;58680;124.62370497427096;957.823704974271;Line 7;0;185.969714566655
-23.033476477;-46.590626562;830.3;58650;124.55999142367061;957.7599914236706;Line 7;0;185.969714566655
-23.033745599;-46.590660166;830.1;58620;124.49627787307027;957.6962778730704;Line 7;0;185.969714566655
-23.034014721;-46.59069377;829.8;58590;124.43256432246991;957.63256432247;Line 7;0;185.969714566655
-23.034283843;-46.590727375;829.4;58560;124.36885077186957;957.5688507718696;Line 7;0;185.969714566655
-23.034552966;-46.590760979;829.0;58530;124.30513722126925;957.5051372212693;Line 7;0;185.969714566655
-23.034822088;-46.590794584;828.5;58500;124.2414236706689;957.4414236706689;Line 7;0;185.969714566655
-23.03509121;-46.590828189;828.4;58470;124.17771012006855;957.3777101200686;Line 7;0;185.969714566655
-23.035360332;-46.590861794;828.9;58440;124.1139965694682;957.3139965694683;Line 7;0;185.969714566655
-23.035629454;-46.590895399;829.4;58410;124.05028301886786;957.2502830188679;Line 7;0;185.969714566655
-23.035898576;-46.590929005;830.0;58380;123.98656946826753;957.1865694682676;Line 7;0;185.969714566655
-23.036167697;-46.59096261;830.9;58350;123.92285591766719;957.1228559176673;Line 7;0;185.969714566655
-23.036436819;-46.590996216;831.8;58320;123.85914236706684;957.0591423670669;Line 7;0;185.969714566655
-23.036705941;-46.591029822;832.9;58290;123.79542881646648;956.9954288164665;Line 7;0;185.969714566655
-23.036975063;-46.591063428;834.0;58260;123.73171526586614;956.9317152658662;Line 7;0;185.969714566655
-23.037244185;-46.591097034;835.1;58230;123.66800171526582;956.8680017152659;Line 7;0;185.969714566655
-23.037513307;-46.59113064;836.1;58200;123.60428816466548;956.8042881646655;Line 7;0;185.969714566655
-23.037782429;-46.591164247;837.0;58170;123.54057461406512;956.7405746140652;Line 7;0;185.969714566655
-23.03805155;-46.591197854;837.8;58140;123.47686106346477;956.6768610634648;Line 7;0;185.969714566655
-23.038320672;-46.591231461;838.7;58110;123.41314751286443;956.6131475128644;Line 7;0;185.969714566655
-23.038589794;-46.591265068;837.3;58080;123.3494339622641;956.5494339622642;Line 7;0;185.969714566655
-23.038858915;-46.591298675;835.8;58050;123.28572041166376;956.4857204116638;Line 7;0;185.969714566655
-23.039128037;-46.591332282;834.5;58020;123.2220068610634;956.4220068610634;Line 7;0;185.969714566655
-23.039397159;-46.59136589;829.6;57990;123.15829331046305;956.3582933104631;Line 7;0;185.969714566655
-23.03966628;-46.591399498;824.1;57960;123.09457975986271;956.2945797598627;Line 7;0;185.969714566655
-23.039935402;-46.591433105;818.7;57930;123.03086620926238;956.2308662092624;Line 7;0;185.969714566655
-23.040204524;-46.591466714;816.1;57900;122.96715265866204;956.1671526586621;Line 7;0;185.969714566655
-23.040473645;-46.591500322;814.4;57870;122.90343910806169;956.1034391080617;Line 7;0;185.969714566655
-23.040742767;-46.59153393;812.6;57840;122.83972555746135;956.0397255574615;Line 7;0;185.969714566655
-23.041011888;-46.591567539;812.4;57810;122.776012006861;955.9760120068611;Line 7;0;185.969714566655
-23.04128101;-46.591601148;812.8;57780;122.71229845626067;955.9122984562607;Line 7;0;185.969714566655
-23.041550131;-46.591634756;813.1;57750;122.64858490566033;955.8485849056603;Line 7;0;185.969714566655
-23.041819253;-46.591668366;813.5;57720;122.58487135505997;955.78487135506;Line 7;0;185.969714566655
-23.042088374;-46.591701975;814.3;57690;122.52115780445963;955.7211578044597;Line 7;0;185.969714566655
-23.042357495;-46.591735584;815.0;57660;122.45744425385928;955.6574442538594;Line 7;0;185.969714566655
-23.042626617;-46.591769194;815.0;57630;122.39373070325895;955.593730703259;Line 7;0;185.969714566655
-23.042895738;-46.591802804;814.4;57600;122.33001715265861;955.5300171526586;Line 7;0;185.969714566655
-23.043164859;-46.591836413;813.8;57570;122.26630360205826;955.4663036020584;Line 7;0;185.969714566655
-23.043433981;-46.591870024;813.7;57540;122.20259005145792;955.402590051458;Line 7;0;185.969714566655
-23.043703102;-46.591903634;814.0;57510;122.13887650085756;955.3388765008576;Line 7;0;185.969714566655
-23.043972223;-46.591937244;814.4;57480;122.07516295025724;955.2751629502573;Line 7;0;185.969714566655
-23.044241344;-46.591970855;815.3;57450;122.0114493996569;955.2114493996569;Line 7;0;185.969714566655
-23.044510466;-46.592004466;817.8;57420;121.94773584905654;955.1477358490566;Line 7;0;185.969714566655
-23.044779587;-46.592038077;820.5;57390;121.8840222984562;955.0840222984563;Line 7;0;185.969714566655
-23.045048708;-46.592071688;823.6;57360;121.82030874785585;955.0203087478559;Line 7;0;185.969714566655
-23.045317829;-46.592105299;828.0;57330;121.75659519725552;954.9565951972555;Line 7;0;185.969714566655
-23.04558695;-46.59213891;832.5;57300;121.69288164665518;954.8928816466553;Line 7;0;185.969714566655
-23.045856071;-46.592172522;837.1;57270;121.62916809605483;954.8291680960549;Line 7;0;185.969714566655
-23.046125192;-46.592206134;839.7;57240;121.56545454545449;954.7654545454545;Line 7;0;185.969714566655
-23.046394313;-46.592239746;842.5;57210;121.50174099485413;954.7017409948542;Line 7;0;185.969714566655
-23.046663434;-46.592273358;845.4;57180;121.4380274442538;954.6380274442538;Line 7;0;185.969714566655
-23.046932555;-46.59230697;847.5;57150;121.37431389365346;954.5743138936535;Line 7;0;185.969714566655
-23.047201676;-46.592340582;849.7;57120;121.31060034305311;954.5106003430532;Line 7;0;185.969714566655
-23.047470797;-46.592374195;852.0;57090;121.24688679245277;954.4468867924528;Line 7;0;185.969714566655
-23.047739918;-46.592407808;854.6;57060;121.18317324185242;954.3831732418524;Line 7;0;185.969714566655
-23.048009039;-46.592441421;857.2;57030;121.11945969125209;954.3194596912522;Line 7;0;185.969714566655
-23.04827816;-46.592475034;860.0;57000;121.05574614065175;954.2557461406518;Line 7;0;185.969714566655
-23.048547281;-46.592508647;865.0;56970;120.9920325900514;954.1920325900514;Line 7;0;185.969714566655
-23.048816402;-46.592542261;870.3;56940;120.92831903945105;954.1283190394511;Line 7;0;185.969714566655
-23.049085523;-46.592575874;875.5;56910;120.8646054888507;954.0646054888507;Line 7;0;185.969714566655
-23.049354643;-46.592609488;879.0;56880;120.80089193825039;954.0008919382504;Line 7;0;185.969714566655
-23.049623764;-46.592643102;881.9;56850;120.73717838765003;953.9371783876501;Line 7;0;185.969714566655
-23.049892885;-46.592676716;885.0;56820;120.67346483704968;953.8734648370497;Line 7;0;185.969714566655
-23.050162006;-46.59271033;887.9;56790;120.60975128644934;953.8097512864493;Line 7;0;185.969714566655
-23.050431126;-46.592743945;891.0;56760;120.54603773584898;953.7460377358491;Line 7;0;185.969714566655
-23.050700247;-46.59277756;894.1;56730;120.48232418524867;953.6823241852487;Line 7;0;185.969714566655
-23.050969368;-46.592811174;895.6;56700;120.41861063464832;953.6186106346483;Line 7;0;185.969714566655
-23.051238488;-46.592844789;895.4;56670;120.35489708404796;953.554897084048;Line 7;0;185.969714566655
-23.051507609;-46.592878404;895.2;56640;120.29118353344762;953.4911835334476;Line 7;0;185.969714566655
-23.051776729;-46.59291202;895.1;56610;120.22746998284727;953.4274699828474;Line 7;0;185.969714566655
-23.05204585;-46.592945635;894.9;56580;120.16375643224696;953.363756432247;Line 7;0;185.969714566655
-23.05231497;-46.592979251;894.5;56550;120.1000428816466;953.3000428816466;Line 7;0;185.969714566655
-23.052584091;-46.593012867;894.6;56520;120.03632933104625;953.2363293310462;Line 7;0;185.969714566655
-23.052853211;-46.593046483;896.0;56490;119.9726157804459;953.172615780446;Line 7;0;185.969714566655
-23.053122332;-46.593080099;897.2;56460;119.90890222984555;953.1089022298456;Line 7;0;185.969714566655
-23.053391452;-46.593113715;898.6;56430;119.84518867924523;953.0451886792453;Line 7;0;185.969714566655
-23.053660573;-46.593147332;902.1;56400;119.78147512864489;952.9814751286449;Line 7;0;185.969714566655
-23.053929693;-46.593180948;905.5;56370;119.71776157804454;952.9177615780446;Line 7;0;185.969714566655
-23.054198813;-46.593214565;908.9;56340;119.65404802744419;952.8540480274443;Line 7;0;185.969714566655
-23.054467934;-46.593248182;914.2;56310;119.59033447684385;952.7903344768439;Line 7;0;185.969714566655
-23.054737054;-46.593281799;919.9;56280;119.52662092624351;952.7266209262435;Line 7;0;185.969714566655
-23.055006174;-46.593315416;925.9;56250;119.46290737564317;952.6629073756433;Line 7;0;185.969714566655
-23.055275295;-46.593349034;929.4;56220;119.39919382504283;952.5991938250429;Line 7;0;185.969714566655
-23.055544415;-46.593382652;933.1;56190;119.33548027444247;952.5354802744425;Line 7;0;185.969714566655
-23.055813535;-46.593416269;937.0;56160;119.27176672384213;952.4717667238422;Line 7;0;185.969714566655
-23.056082655;-46.593449887;942.0;56130;119.2080531732418;952.4080531732418;Line 7;0;185.969714566655
-23.056351775;-46.593483506;946.9;56100;119.14433962264145;952.3443396226415;Line 7;0;185.969714566655
-23.056620896;-46.593517124;951.6;56070;119.08062607204111;952.2806260720412;Line 7;0;185.969714566655
-23.056890016;-46.593550742;959.7;56040;119.01691252144076;952.2169125214408;Line 7;1;185.969714566655
-23.057159136;-46.593584361;968.6;56010;118.95319897084042;952.1531989708404;Line 7;1;185.969714566655
-23.057428256;-46.59361798;977.4;55980;118.88948542024008;952.0894854202402;Line 7;1;185.969714566655
-23.057697376;-46.593651599;987.5;55950;118.82577186963974;952.0257718696398;Line 7;1;185.969714566655
-23.057966496;-46.593685218;998.2;55920;118.7620583190394;951.9620583190394;Line 7;1;185.969714566655
-23.058235616;-46.593718837;1008.9;55890;118.69834476843904;951.8983447684391;Line 7;1;185.969714566655
-23.058504736;-46.593752457;1016.5;55860;118.6346312178387;951.8346312178387;Line 7;1;185.969714566655
-23.058773856;-46.593786077;1022.3;55830;118.57091766723836;951.7709176672385;Line 7;1;185.969714566655
-23.059042976;-46.593819696;1028.0;55800;118.50720411663802;951.7072041166381;Line 7;1;185.969714566655
-23.059312096;-46.593853316;1029.8;55770;118.44349056603768;951.6434905660377;Line 7;1;185.969714566655
-23.059581216;-46.593886937;1028.3;55740;118.37977701543733;951.5797770154373;Line 7;1;185.969714566655
-23.059850336;-46.593920557;1027.1;55710;118.316063464837;951.5160634648371;Line 7;1;185.969714566655
-23.060119455;-46.593954178;1022.5;55680;118.25234991423665;951.4523499142367;Line 7;1;185.969714566655
-23.060388575;-46.593987798;1013.7;55650;118.1886363636363;951.3886363636364;Line 7;1;185.969714566655
-23.060657695;-46.594021419;1005.2;55620;118.12492281303597;951.324922813036;Line 7;1;185.969714566655
-23.060926815;-46.59405504;997.4;55590;118.06120926243561;951.2612092624356;Line 7;1;185.969714566655
-23.061195935;-46.594088661;990.8;55560;117.99749571183528;951.1974957118354;Line 7;1;185.969714566655
-23.061465054;-46.594122283;984.2;55530;117.93378216123493;951.133782161235;Line 7;1;185.969714566655
-23.061734174;-46.594155904;978.9;55500;117.87006861063459;951.0700686106346;Line 7;1;185.969714566655
-23.062003294;-46.594189526;977.2;55470;117.80635506003425;951.0063550600343;Line 7;1;185.969714566655
-23.062272413;-46.594223148;975.7;55440;117.7426415094339;950.942641509434;Line 7;1;185.969714566655
-23.062541533;-46.59425677;975.1;55410;117.67892795883357;950.8789279588336;Line 7;1;185.969714566655
-23.062810653;-46.594290392;979.1;55380;117.61521440823321;950.8152144082333;Line 7;1;185.969714566655
-23.063079772;-46.594324014;983.0;55350;117.55150085763287;950.7515008576329;Line 7;1;185.969714566655
-23.063348892;-46.594357637;986.9;55320;117.48778730703253;950.6877873070325;Line 7;1;185.969714566655
-23.063618011;-46.59439126;992.0;55290;117.42407375643218;950.6240737564323;Line 7;1;185.969714566655
-23.063887131;-46.594424882;997.1;55260;117.36036020583185;950.5603602058319;Line 7;1;185.969714566655
-23.06415625;-46.594458505;1001.9;55230;117.2966466552315;950.4966466552315;Line 7;1;185.969714566655
-23.06442537;-46.594492129;1004.1;55200;117.23293310463116;950.4329331046312;Line 7;1;185.969714566655
-23.064694489;-46.594525752;1006.1;55170;117.16921955403082;950.3692195540309;Line 7;1;185.969714566655
-23.064963609;-46.594559376;1007.9;55140;117.10550600343046;950.3055060034305;Line 7;1;185.969714566655
-23.065232728;-46.594592999;1012.9;55110;117.04179245283014;950.2417924528302;Line 7;1;185.969714566655
-23.065501847;-46.594626623;1018.4;55080;116.97807890222978;950.1780789022298;Line 7;1;185.969714566655
-23.065770967;-46.594660247;1023.8;55050;116.91436535162946;950.1143653516295;Line 7;1;185.969714566655
-23.066040086;-46.594693872;1026.7;55020;116.8506518010291;950.0506518010292;Line 7;1;185.969714566655
-23.066309205;-46.594727496;1029.0;54990;116.78693825042876;949.9869382504288;Line 7;1;185.969714566655
-23.066578325;-46.59476112;1031.5;54960;116.72322469982842;949.9232246998284;Line 7;1;185.969714566655
-23.066847444;-46.594794745;1031.3;54930;116.65951114922807;949.8595111492281;Line 7;1;185.969714566655
-23.067116563;-46.59482837;1029.5;54900;116.59579759862774;949.7957975986278;Line 7;1;185.969714566655
-23.067385682;-46.594861995;1027.7;54870;116.53208404802739;949.7320840480274;Line 7;1;185.969714566655
-23.067654802;-46.59489562;1025.4;54840;116.46837049742705;949.6683704974271;Line 7;1;185.969714566655
-23.067923921;-46.594929246;1022.8;54810;116.4046569468267;949.6046569468267;Line 7;1;185.969714566655
-23.06819304;-46.594962871;1020.1;54780;116.34094339622635;949.5409433962263;Line 7;1;185.969714566655
-23.068462159;-46.594996497;1016.9;54750;116.27722984562602;949.4772298456261;Line 7;1;185.969714566655
-23.068731278;-46.595030123;1012.3;54720;116.21351629502567;949.4135162950257;Line 7;1;185.969714566655
-23.069000397;-46.595063749;1007.6;54690;116.14980274442533;949.3498027444253;Line 7;1;185.969714566655
-23.069269516;-46.595097375;1002.9;54660;116.08608919382499;949.2860891938251;Line 7;1;185.969714566655
-23.069538635;-46.595131002;998.1;54630;116.02237564322463;949.2223756432247;Line 7;1;185.969714566655
-23.069807754;-46.595164628;993.8;54600;115.95866209262431;949.1586620926244;Line 7;1;185.969714566655
-23.070076873;-46.595198255;990.2;54570;115.89494854202395;949.094948542024;Line 7;1;185.969714566655
-23.070345992;-46.595231882;987.7;54540;115.83123499142361;949.0312349914236;Line 7;1;185.969714566655
-23.070615111;-46.595265509;985.5;54510;115.76752144082327;948.9675214408234;Line 7;1;185.969714566655
-23.07088423;-46.595299136;982.6;54480;115.70380789022292;948.903807890223;Line 7;1;185.969714566655
-23.071153349;-46.595332764;975.4;54450;115.64009433962259;948.8400943396226;Line 7;1;185.969714566655
-23.071422468;-46.595366391;967.8;54420;115.57638078902224;948.7763807890223;Line 7;1;185.969714566655
-23.071691587;-46.595400019;959.8;54390;115.5126672384219;948.712667238422;Line 7;1;185.969714566655
-23.071960705;-46.595433647;951.4;54360;115.44895368782156;948.6489536878216;Line 7;1;185.969714566655
-23.072229824;-46.595467275;942.7;54330;115.3852401372212;948.5852401372213;Line 7;0;185.969714566655
-23.072498943;-46.595500903;933.6;54300;115.32152658662088;948.5215265866209;Line 7;0;185.969714566655
-23.072768062;-46.595534532;929.1;54270;115.25781303602052;948.4578130360205;Line 7;0;185.969714566655
-23.07303718;-46.59556816;924.5;54240;115.1940994854202;948.3940994854203;Line 7;0;185.969714566655
-23.073306299;-46.595601789;919.8;54210;115.13038593481984;948.3303859348199;Line 7;0;185.969714566655
-23.073575418;-46.595635418;913.5;54180;115.06667238421949;948.2666723842195;Line 7;0;185.969714566655
-23.073844536;-46.595669047;907.4;54150;115.00295883361916;948.2029588336192;Line 7;0;185.969714566655
-23.074113655;-46.595702676;901.8;54120;114.9392452830188;948.1392452830189;Line 7;0;185.969714566655
-23.074382774;-46.595736306;896.9;54090;114.87553173241848;948.0755317324185;Line 7;0;185.969714566655
-23.074651892;-46.595769935;892.3;54060;114.81181818181813;948.0118181818182;Line 7;0;185.969714566655
-23.074921011;-46.595803565;888.0;54030;114.74810463121777;947.9481046312178;Line 7;0;185.969714566655
-23.075190129;-46.595837195;883.4;54000;114.68439108061744;947.8843910806174;Line 7;0;185.969714566655
-23.075459248;-46.595870825;878.3;53970;114.62067753001709;947.8206775300172;Line 7;0;185.969714566655
-23.075728366;-46.595904456;872.9;53940;114.55696397941676;947.7569639794168;Line 7;0;185.969714566655
-23.075997485;-46.595938086;868.7;53910;114.49325042881641;947.6932504288164;Line 7;0;185.969714566655
-23.076266603;-46.595971717;865.3;53880;114.42953687821607;947.6295368782161;Line 7;0;185.969714566655
-23.076535722;-46.596005347;862.0;53850;114.36582332761573;947.5658233276158;Line 7;0;185.969714566655
-23.07680484;-46.596038978;861.3;53820;114.30210977701537;947.5021097770154;Line 7;0;185.969714566655
-23.077073958;-46.59607261;862.9;53790;114.23839622641505;947.4383962264151;Line 7;0;185.969714566655
-23.077343077;-46.596106241;864.4;53760;114.1746826758147;947.3746826758147;Line 7;0;185.969714566655
-23.077612195;-46.596139872;866.4;53730;114.11096912521435;947.3109691252143;Line 7;0;185.969714566655
-23.077881313;-46.596173504;869.4;53700;114.04725557461401;947.2472555746141;Line 7;0;185.969714566655
-23.078150432;-46.596207136;872.3;53670;113.98354202401366;947.1835420240137;Line 7;0;185.969714566655
-23.07841955;-46.596240768;874.8;53640;113.91982847341333;947.1198284734133;Line 7;0;185.969714566655
-23.078688668;-46.5962744;876.6;53610;113.85611492281298;947.056114922813;Line 7;0;185.969714566655
-23.078957786;-46.596308032;878.9;53580;113.79240137221264;946.9924013722127;Line 7;0;185.969714566655
-23.079226905;-46.596341665;881.8;53550;113.7286878216123;946.9286878216124;Line 7;0;185.969714566655
-23.079496023;-46.596375297;885.3;53520;113.66497427101194;946.864974271012;Line 7;0;185.969714566655
-23.079765141;-46.59640893;888.9;53490;113.60126072041162;946.8012607204116;Line 7;0;185.969714566655
-23.080034259;-46.596442563;892.4;53460;113.53754716981126;946.7375471698113;Line 7;0;185.969714566655
-23.080303377;-46.596476196;894.7;53430;113.47383361921092;946.673833619211;Line 7;0;185.969714566655
-23.080572495;-46.59650983;896.6;53400;113.41012006861058;946.6101200686106;Line 7;0;185.969714566655
-23.080841613;-46.596543463;898.0;53370;113.34640651801023;946.5464065180103;Line 7;0;185.969714566655
-23.081110731;-46.596577097;896.0;53340;113.2826929674099;946.48269296741;Line 7;0;185.969714566655
-23.081379849;-46.59661073;893.8;53310;113.21897941680955;946.4189794168096;Line 7;0;185.969714566655
-23.081648967;-46.596644364;891.5;53280;113.1552658662092;946.3552658662093;Line 7;0;185.969714566655
-23.081918085;-46.596677999;891.9;53250;113.09155231560887;946.2915523156089;Line 7;0;185.969714566655
-23.082187203;-46.596711633;892.9;53220;113.02783876500851;946.2278387650085;Line 7;0;185.969714566655
-23.082456321;-46.596745267;894.3;53190;112.96412521440818;946.1641252144083;Line 7;0;185.969714566655
-23.082725439;-46.596778902;902.0;53160;112.90041166380783;946.1004116638079;Line 7;0;185.969714566655
-23.082994557;-46.596812537;910.7;53130;112.83669811320749;946.0366981132075;Line 7;0;185.969714566655
-23.083263674;-46.596846172;919.2;53100;112.77298456260715;945.9729845626072;Line 7;0;185.969714566655
-23.083532792;-46.596879807;924.9;53070;112.70927101200681;945.9092710120069;Line 7;0;185.969714566655
-23.08380191;-46.596913442;929.5;53040;112.64555746140647;945.8455574614065;Line 7;0;185.969714566655
-23.084071028;-46.596947078;934.1;53010;112.58184391080611;945.7818439108062;Line 7;0;185.969714566655
-23.084340145;-46.596980714;935.8;52980;112.51813036020577;945.7181303602058;Line 7;0;185.969714566655
-23.084609263;-46.597014349;936.0;52950;112.45441680960543;945.6544168096054;Line 7;0;185.969714566655
-23.084878381;-46.597047985;936.2;52920;112.3907032590051;945.5907032590052;Line 7;0;185.969714566655
-23.085147499;-46.597081622;934.5;52890;112.32698970840475;945.5269897084048;Line 7;0;185.969714566655
-23.085416616;-46.597115258;931.4;52860;112.2632761578044;945.4632761578044;Line 7;0;185.969714566655
-23.085685734;-46.597148895;928.6;52830;112.19956260720406;945.3995626072041;Line 7;0;185.969714566655
-23.085954851;-46.597182531;923.4;52800;112.13584905660372;945.3358490566038;Line 7;0;185.969714566655
-23.086223969;-46.597216168;915.4;52770;112.07213550600338;945.2721355060035;Line 7;0;185.969714566655
-23.086493087;-46.597249805;907.6;52740;112.00842195540304;945.2084219554031;Line 7;0;185.969714566655
-23.086762204;-46.597283442;900.0;52710;111.94470840480268;945.1447084048027;Line 7;0;185.969714566655
-23.087031322;-46.59731708;892.4;52680;111.88099485420234;945.0809948542023;Line 7;0;185.969714566655
-23.087300439;-46.597350717;884.8;52650;111.817281303602;945.0172813036021;Line 7;0;185.969714566655
-23.087569556;-46.597384355;878.6;52620;111.75356775300166;944.9535677530017;Line 7;0;185.969714566655
-23.087838674;-46.597417993;876.0;52590;111.68985420240132;944.8898542024014;Line 7;0;185.969714566655
-23.088107791;-46.597451631;873.4;52560;111.62614065180097;944.826140651801;Line 7;0;185.969714566655
-23.088376909;-46.597485269;871.4;52530;111.56242710120063;944.7624271012007;Line 7;0;185.969714566655
-23.088646026;-46.597518907;872.6;52500;111.49871355060029;944.6987135506004;Line 7;0;185.969714566655
-23.088915143;-46.597552546;873.7;52470;111.43499999999995;944.635;Line 7;0;185.969714566655
-23.089184261;-46.597586185;874.4;52440;111.3712864493996;944.5712864493996;Line 7;0;185.969714566655
-23.089453378;-46.597619823;871.1;52410;111.30757289879926;944.5075728987993;Line 7;0;185.969714566655
-23.089722495;-46.597653463;867.9;52380;111.24385934819892;944.443859348199;Line 7;0;185.969714566655
-23.089991612;-46.597687102;864.7;52350;111.18014579759857;944.3801457975986;Line 7;0;185.969714566655
-23.09026073;-46.597720741;857.6;52320;111.11643224699823;944.3164322469983;Line 7;0;185.969714566655
-23.090529847;-46.597754381;850.3;52290;111.05271869639789;944.2527186963979;Line 7;0;185.969714566655
-23.090798964;-46.59778802;842.9;52260;110.98900514579755;944.1890051457976;Line 7;0;185.969714566655
-23.091068081;-46.59782166;837.5;52230;110.92529159519721;944.1252915951973;Line 7;0;185.969714566655
-23.091337198;-46.5978553;832.2;52200;110.86157804459685;944.0615780445969;Line 7;0;185.969714566655
-23.091606315;-46.597888941;826.6;52170;110.79786449399651;943.9978644939965;Line 7;0;185.969714566655
-23.091875433;-46.597922581;823.3;52140;110.73415094339617;943.9341509433962;Line 7;0;185.969714566655
-23.09214455;-46.597956222;820.6;52110;110.67043739279583;943.8704373927959;Line 7;0;185.969714566655
-23.092413667;-46.597989862;817.9;52080;110.60672384219549;943.8067238421955;Line 7;0;185.969714566655
-23.092682784;-46.598023503;815.5;52050;110.54301029159514;943.7430102915952;Line 7;0;185.969714566655
-23.092951901;-46.598057144;813.1;52020;110.4792967409948;943.6792967409948;Line 7;0;185.969714566655
-23.093221018;-46.598090786;810.6;51990;110.41558319039446;943.6155831903945;Line 7;0;185.969714566655
-23.093490134;-46.598124427;809.6;51960;110.35186963979412;943.5518696397942;Line 7;0;185.969714566655
-23.093759251;-46.598158068;809.6;51930;110.28815608919378;943.4881560891938;Line 7;0;185.969714566655
-23.094028368;-46.59819171;809.5;51900;110.22444253859342;943.4244425385934;Line 7;0;185.969714566655
-23.094297485;-46.598225352;807.6;51870;110.16072898799308;943.3607289879931;Line 7;0;185.969714566655
-23.094566602;-46.598258994;803.6;51840;110.09701543739274;943.2970154373928;Line 7;0;185.969714566655
-23.094835719;-46.598292636;799.4;51810;110.0333018867924;943.2333018867924;Line 7;0;185.969714566655
-23.095104836;-46.598326279;795.3;51780;109.96958833619206;943.1695883361921;Line 7;0;185.969714566655
-23.095373952;-46.598359922;792.0;51750;109.90587478559172;943.1058747855918;Line 7;0;185.969714566655
-23.095643069;-46.598393564;788.6;51720;109.84216123499137;943.0421612349915;Line 7;0;185.969714566655
-23.095912186;-46.598427207;785.3;51690;109.77844768439103;942.9784476843911;Line 7;0;185.969714566655
-23.096181303;-46.59846085;782.9;51660;109.71473413379069;942.9147341337907;Line 7;0;185.969714566655
-23.096450419;-46.598494494;780.6;51630;109.65102058319034;942.8510205831903;Line 7;0;185.969714566655
-23.096719536;-46.598528137;778.6;51600;109.58730703259;942.7873070325901;Line 7;0;185.969714566655
-23.096988653;-46.598561781;778.1;51570;109.52359348198965;942.7235934819897;Line 7;0;185.969714566655
-23.097257769;-46.598595424;777.5;51540;109.45987993138931;942.6598799313894;Line 7;0;185.969714566655
-23.097526886;-46.598629068;777.6;51510;109.39616638078897;942.596166380789;Line 7;0;185.969714566655
-23.097796002;-46.598662712;783.0;51480;109.33245283018863;942.5324528301887;Line 7;0;185.969714566655
-23.098065119;-46.598696357;788.3;51450;109.26873927958829;942.4687392795884;Line 7;0;185.969714566655
-23.098334235;-46.598730001;793.6;51420;109.20502572898793;942.405025728988;Line 7;0;185.969714566655
-23.098603352;-46.598763646;798.8;51390;109.1413121783876;942.3413121783876;Line 7;0;185.969714566655
-23.098872468;-46.598797291;804.1;51360;109.07759862778725;942.2775986277873;Line 7;0;185.969714566655
-23.099141585;-46.598830935;809.3;51330;109.01388507718691;942.213885077187;Line 7;0;185.969714566655
-23.099410701;-46.598864581;806.4;51300;108.95017152658657;942.1501715265866;Line 7;0;185.969714566655
-23.099679818;-46.598898226;802.3;51270;108.88645797598622;942.0864579759863;Line 7;0;185.969714566655
-23.099948934;-46.598931871;797.9;51240;108.82274442538588;942.0227444253859;Line 7;0;185.969714566655
-23.10021805;-46.598965517;794.4;51210;108.75903087478554;941.9590308747856;Line 7;0;185.969714566655
-23.100487167;-46.598999163;791.2;51180;108.6953173241852;941.8953173241853;Line 7;0;185.969714566655
-23.100756283;-46.599032809;787.9;51150;108.63160377358486;941.8316037735849;Line 7;0;185.969714566655
-23.101025399;-46.599066455;785.0;51120;108.5678902229845;941.7678902229845;Line 7;0;185.969714566655
-23.101294515;-46.599100101;782.1;51090;108.50417667238418;941.7041766723842;Line 7;0;185.969714566655
-23.101563632;-46.599133748;779.1;51060;108.44046312178382;941.6404631217839;Line 7;0;185.969714566655
-23.101832748;-46.599167394;776.2;51030;108.37674957118348;941.5767495711835;Line 7;0;185.969714566655
-23.102101864;-46.599201041;773.1;51000;108.31303602058314;941.5130360205832;Line 7;0;185.969714566655
-23.10237098;-46.599234688;770.0;50970;108.24932246998279;941.4493224699828;Line 7;0;185.969714566655
-23.102640096;-46.599268335;767.0;50940;108.18560891938246;941.3856089193825;Line 7;0;185.969714566655
-23.102909212;-46.599301983;764.2;50910;108.1218953687821;941.3218953687822;Line 7;0;185.969714566655
-23.103178329;-46.59933563;761.7;50880;108.05818181818177;941.2581818181818;Line 7;0;185.969714566655
-23.103447445;-46.599369278;759.5;50850;107.99446826758142;941.1944682675814;Line 7;0;185.969714566655
-23.103716561;-46.599402925;758.0;50820;107.93075471698107;941.1307547169811;Line 7;0;185.969714566655
-23.103985677;-46.599436573;756.9;50790;107.86704116638074;941.0670411663808;Line 7;0;185.969714566655
-23.104254793;-46.599470222;756.1;50760;107.80332761578039;941.0033276157804;Line 7;0;185.969714566655
-23.104523909;-46.59950387;755.9;50730;107.73961406518005;940.9396140651801;Line 7;0;185.969714566655
-23.104793025;-46.599537518;755.6;50700;107.67590051457971;940.8759005145797;Line 7;0;185.969714566655
-23.105062141;-46.599571167;755.8;50670;107.61218696397935;940.8121869639795;Line 7;0;185.969714566655
-23.105331256;-46.599604816;758.0;50640;107.54847341337903;940.7484734133791;Line 7;0;185.969714566655
-23.105600372;-46.599638465;759.9;50610;107.48475986277867;940.6847598627787;Line 7;0;185.969714566655
-23.105869488;-46.599672114;761.3;50580;107.42104631217833;940.6210463121784;Line 7;0;185.969714566655
-23.106138604;-46.599705763;760.5;50550;107.357332761578;940.557332761578;Line 7;0;185.969714566655
-23.10640772;-46.599739413;759.7;50520;107.29361921097764;940.4936192109777;Line 7;0;185.969714566655
-23.106676836;-46.599773063;758.7;50490;107.22990566037731;940.4299056603774;Line 7;0;185.969714566655
-23.106945951;-46.599806712;755.6;50460;107.16619210977696;940.366192109777;Line 7;0;185.969714566655
-23.107215067;-46.599840363;752.5;50430;107.10247855917662;940.3024785591766;Line 7;0;185.969714566655
-23.107484183;-46.599874013;749.5;50400;107.03876500857628;940.2387650085764;Line 7;0;185.969714566655
-23.107753298;-46.599907663;748.1;50370;106.97505145797592;940.175051457976;Line 7;0;185.969714566655
-23.108022414;-46.599941314;746.7;50340;106.9113379073756;940.1113379073756;Line 7;0;185.969714566655
-23.10829153;-46.599974964;745.3;50310;106.84762435677524;940.0476243567753;Line 7;0;185.969714566655
-23.108560645;-46.600008615;745.0;50280;106.78391080617492;939.983910806175;Line 7;0;185.969714566655
-23.108829761;-46.600042266;745.0;50250;106.72019725557456;939.9201972555746;Line 7;0;185.969714566655
-23.109098877;-46.600075917;744.9;50220;106.6564837049742;939.8564837049743;Line 7;0;185.969714566655
-23.109367992;-46.600109569;745.5;50190;106.59277015437388;939.7927701543739;Line 7;0;185.969714566655
-23.109637108;-46.60014322;746.2;50160;106.52905660377353;939.7290566037735;Line 7;0;185.969714566655
-23.109906223;-46.600176872;746.9;50130;106.4653430531732;939.6653430531733;Line 7;0;185.969714566655
-23.110175339;-46.600210524;746.7;50100;106.40162950257285;939.6016295025729;Line 7;0;185.969714566655
-23.110444454;-46.600244176;746.1;50070;106.33791595197249;939.5379159519725;Line 7;0;185.969714566655
-23.11071357;-46.600277828;745.5;50040;106.27420240137216;939.4742024013722;Line 7;0;185.969714566655
-23.110982685;-46.60031148;745.3;50010;106.21048885077181;939.4104888507718;Line 7;0;185.969714566655
-23.1112518;-46.600345133;745.2;49980;106.14677530017148;939.3467753001715;Line 7;0;185.969714566655
-23.111520916;-46.600378786;745.1;49950;106.08306174957113;939.2830617495712;Line 7;0;185.969714566655
-23.111790031;-46.600412439;745.2;49920;106.01934819897077;939.2193481989708;Line 7;0;185.969714566655
-23.112059146;-46.600446092;745.5;49890;105.95563464837045;939.1556346483706;Line 7;0;185.969714566655
-23.112328262;-46.600479745;745.9;49860;105.8919210977701;939.0919210977702;Line 7;0;185.969714566655
-23.112597377;-46.600513398;746.8;49830;105.82820754716977;939.0282075471698;Line 7;0;185.969714566655
-23.112866492;-46.600547052;748.4;49800;105.76449399656941;938.9644939965694;Line 7;0;185.969714566655
-23.113135607;-46.600580706;749.9;49770;105.70078044596907;938.9007804459691;Line 7;0;185.969714566655
-23.113404723;-46.600614359;752.3;49740;105.63706689536873;938.8370668953688;Line 7;0;185.969714566655
-23.113673838;-46.600648014;756.9;49710;105.57335334476838;938.7733533447685;Line 7;0;185.969714566655
-23.113942953;-46.600681668;761.4;49680;105.50963979416805;938.7096397941681;Line 7;0;185.969714566655
-23.114212068;-46.600715322;765.7;49650;105.4459262435677;938.6459262435677;Line 7;0;185.969714566655
-23.114481183;-46.600748977;769.7;49620;105.38221269296737;938.5822126929675;Line 7;0;185.969714566655
-23.114750298;-46.600782631;773.6;49590;105.31849914236702;938.5184991423671;Line 7;0;185.969714566655
-23.115019413;-46.600816286;777.4;49560;105.25478559176666;938.4547855917667;Line 7;0;185.969714566655
-23.115288528;-46.600849941;779.9;49530;105.19107204116634;938.3910720411664;Line 7;0;185.969714566655
-23.115557643;-46.600883597;782.3;49500;105.12735849056598;938.327358490566;Line 7;0;185.969714566655
-23.115826758;-46.600917252;784.7;49470;105.06364493996566;938.2636449399657;Line 7;0;185.969714566655
-23.116095873;-46.600950908;785.7;49440;104.9999313893653;938.1999313893654;Line 7;0;185.969714566655
-23.116364988;-46.600984563;786.6;49410;104.93621783876495;938.136217838765;Line 7;0;185.969714566655
-23.116634103;-46.601018219;787.6;49380;104.87250428816462;938.0725042881646;Line 7;0;185.969714566655
-23.116903218;-46.601051876;788.9;49350;104.80879073756427;938.0087907375644;Line 7;0;185.969714566655
-23.117172333;-46.601085532;790.4;49320;104.74507718696394;937.945077186964;Line 7;0;185.969714566655
-23.117441448;-46.601119188;791.9;49290;104.68136363636359;937.8813636363636;Line 7;0;185.969714566655
-23.117710563;-46.601152845;795.0;49260;104.61765008576323;937.8176500857633;Line 7;0;185.969714566655
-23.117979677;-46.601186502;798.8;49230;104.5539365351629;937.7539365351629;Line 7;0;185.969714566655
-23.118248792;-46.601220159;802.8;49200;104.49022298456255;937.6902229845626;Line 7;0;185.969714566655
-23.118517907;-46.601253816;806.2;49170;104.42650943396222;937.6265094339623;Line 7;0;185.969714566655
-23.118787022;-46.601287473;809.5;49140;104.36279588336187;937.5627958833619;Line 7;0;185.969714566655
-23.119056136;-46.60132113;813.1;49110;104.29908233276153;937.4990823327615;Line 7;0;185.969714566655
-23.119325251;-46.601354788;812.4;49080;104.23536878216119;937.4353687821613;Line 7;0;185.969714566655
-23.119594366;-46.601388446;808.7;49050;104.17165523156083;937.3716552315609;Line 7;0;185.969714566655
-23.11986348;-46.601422104;805.2;49020;104.10794168096051;937.3079416809605;Line 7;0;185.969714566655
-23.120132595;-46.601455762;802.1;48990;104.04422813036015;937.2442281303602;Line 7;0;185.969714566655
-23.120401709;-46.60148942;799.4;48960;103.98051457975981;937.1805145797598;Line 7;0;185.969714566655
-23.120670824;-46.601523079;796.7;48930;103.91680102915947;937.1168010291595;Line 7;0;185.969714566655
-23.120939939;-46.601556737;793.6;48900;103.85308747855912;937.0530874785592;Line 7;0;185.969714566655
-23.121209053;-46.601590396;789.7;48870;103.78937392795879;936.9893739279588;Line 7;0;185.969714566655
-23.121478168;-46.601624055;785.7;48840;103.72566037735844;936.9256603773584;Line 7;0;185.969714566655
-23.121747282;-46.601657714;782.3;48810;103.6619468267581;936.8619468267582;Line 7;0;185.969714566655
-23.122016396;-46.601691373;780.8;48780;103.59823327615776;936.7982332761578;Line 7;0;185.969714566655
-23.122285511;-46.601725033;779.3;48750;103.5345197255574;936.7345197255574;Line 7;0;185.969714566655
-23.122554625;-46.601758693;778.3;48720;103.47080617495708;936.6708061749571;Line 7;0;185.969714566655
-23.12282374;-46.601792352;778.8;48690;103.40709262435672;936.6070926243567;Line 7;0;185.969714566655
-23.123092854;-46.601826012;779.2;48660;103.34337907375638;936.5433790737565;Line 7;0;185.969714566655
-23.123361968;-46.601859672;779.7;48630;103.27966552315604;936.4796655231561;Line 7;0;185.969714566655
-23.123631083;-46.601893333;781.1;48600;103.21595197255569;936.4159519725557;Line 7;0;185.969714566655
-23.123900197;-46.601926993;782.5;48570;103.15223842195536;936.3522384219555;Line 7;0;185.969714566655
-23.124169311;-46.601960654;783.9;48540;103.088524871355;936.2885248713551;Line 7;0;185.969714566655
-23.124438425;-46.601994315;784.5;48510;103.02481132075467;936.2248113207547;Line 7;0;185.969714566655
-23.12470754;-46.602027976;785.1;48480;102.96109777015432;936.1610977701544;Line 7;0;185.969714566655
-23.124976654;-46.602061637;785.7;48450;102.89738421955398;936.097384219554;Line 7;0;185.969714566655
-23.125245768;-46.602095298;785.0;48420;102.83367066895364;936.0336706689537;Line 7;0;185.969714566655
-23.125514882;-46.60212896;784.1;48390;102.76995711835329;935.9699571183534;Line 7;0;185.969714566655
-23.125783996;-46.602162621;783.2;48360;102.70624356775295;935.906243567753;Line 7;0;185.969714566655
-23.12605311;-46.602196283;782.0;48330;102.64253001715261;935.8425300171526;Line 7;0;185.969714566655
-23.126322224;-46.602229945;780.9;48300;102.57881646655227;935.7788164665524;Line 7;0;185.969714566655
-23.126591338;-46.602263607;779.9;48270;102.51510291595193;935.715102915952;Line 7;0;185.969714566655
-23.126860452;-46.60229727;777.5;48240;102.45138936535157;935.6513893653516;Line 7;0;185.969714566655
-23.127129566;-46.602330932;774.5;48210;102.38767581475123;935.5876758147513;Line 7;0;185.969714566655
-23.12739868;-46.602364595;771.4;48180;102.3239622641509;935.5239622641509;Line 7;0;185.969714566655
-23.127667794;-46.602398258;768.1;48150;102.26024871355055;935.4602487135506;Line 7;0;185.969714566655
-23.127936908;-46.602431921;764.5;48120;102.19653516295021;935.3965351629503;Line 7;0;185.969714566655
-23.128206022;-46.602465584;760.7;48090;102.13282161234986;935.3328216123499;Line 7;0;185.969714566655
-23.128475136;-46.602499247;759.0;48060;102.06910806174952;935.2691080617495;Line 7;0;185.969714566655
-23.12874425;-46.602532911;759.2;48030;102.00539451114918;935.2053945111493;Line 7;0;185.969714566655
-23.129013364;-46.602566575;759.5;48000;101.94168096054884;935.1416809605489;Line 7;0;185.969714566655
-23.129282478;-46.602600239;760.5;47970;101.8779674099485;935.0779674099485;Line 7;0;185.969714566655
-23.129551591;-46.602633903;762.3;47940;101.81425385934814;935.0142538593482;Line 7;0;185.969714566655
-23.129820705;-46.602667567;764.2;47910;101.7505403087478;934.9505403087478;Line 7;0;185.969714566655
-23.130089819;-46.602701231;765.5;47880;101.68682675814746;934.8868267581475;Line 7;0;185.969714566655
-23.130358933;-46.602734896;765.8;47850;101.62311320754712;934.8231132075472;Line 7;0;185.969714566655
-23.130628046;-46.60276856;766.2;47820;101.55939965694678;934.7593996569468;Line 7;0;185.969714566655
-23.13089716;-46.602802225;766.7;47790;101.49568610634644;934.6956861063464;Line 7;0;185.969714566655
-23.131166274;-46.60283589;766.6;47760;101.43197255574609;934.6319725557462;Line 7;0;185.969714566655
-23.131435387;-46.602869556;766.4;47730;101.36825900514575;934.5682590051458;Line 7;0;185.969714566655
-23.131704501;-46.602903221;766.1;47700;101.3045454545454;934.5045454545455;Line 7;0;185.969714566655
-23.131973614;-46.602936887;765.4;47670;101.24083190394506;934.4408319039451;Line 7;0;185.969714566655
-23.132242728;-46.602970552;764.5;47640;101.17711835334472;934.3771183533447;Line 7;0;185.969714566655
-23.132511841;-46.603004218;763.6;47610;101.11340480274437;934.3134048027445;Line 7;0;185.969714566655
-23.132780955;-46.603037884;763.7;47580;101.04969125214403;934.2496912521441;Line 7;0;185.969714566655
-23.133050068;-46.603071551;763.6;47550;100.98597770154369;934.1859777015437;Line 7;0;185.969714566655
-23.133319182;-46.603105217;763.6;47520;100.92226415094335;934.1222641509434;Line 7;0;185.969714566655
-23.133588295;-46.603138883;763.9;47490;100.85855060034301;934.0585506003431;Line 7;0;185.969714566655
-23.133857409;-46.60317255;764.3;47460;100.79483704974265;933.9948370497427;Line 7;0;185.969714566655
-23.134126522;-46.603206217;764.6;47430;100.73112349914231;933.9311234991424;Line 7;0;185.969714566655
-23.134395635;-46.603239884;763.8;47400;100.66740994854197;933.867409948542;Line 7;0;185.969714566655
-23.134664749;-46.603273551;762.6;47370;100.60369639794163;933.8036963979416;Line 7;0;185.969714566655
-23.134933862;-46.603307219;761.3;47340;100.53998284734129;933.7399828473414;Line 7;0;185.969714566655
-23.135202975;-46.603340886;760.8;47310;100.47626929674095;933.676269296741;Line 7;0;185.969714566655
-23.135472089;-46.603374554;760.6;47280;100.4125557461406;933.6125557461406;Line 7;0;185.969714566655
-23.135741202;-46.603408222;760.2;47250;100.34884219554026;933.5488421955403;Line 7;0;185.969714566655
-23.136010315;-46.60344189;760.6;47220;100.28512864493992;933.48512864494;Line 7;0;185.969714566655
-23.136279428;-46.603475559;761.3;47190;100.22141509433958;933.4214150943396;Line 7;0;185.969714566655
-23.136548542;-46.603509227;761.9;47160;100.15770154373924;933.3577015437393;Line 7;0;185.969714566655
-23.136817655;-46.603542896;762.7;47130;100.09398799313888;933.2939879931389;Line 7;0;185.969714566655
-23.137086768;-46.603576564;763.6;47100;100.03027444253854;933.2302744425385;Line 7;0;185.969714566655
-23.137355881;-46.603610233;764.4;47070;99.9665608919382;933.1665608919383;Line 7;0;185.969714566655
-23.137624994;-46.603643902;765.0;47040;99.90284734133786;933.1028473413379;Line 7;0;185.969714566655
-23.137894107;-46.603677572;765.4;47010;99.83913379073752;933.0391337907375;Line 7;0;185.969714566655
-23.13816322;-46.603711241;765.9;46980;99.77542024013718;932.9754202401373;Line 7;0;185.969714566655
-23.138432333;-46.603744911;766.2;46950;99.71170668953683;932.9117066895369;Line 7;0;185.969714566655
-23.138701446;-46.603778581;766.4;46920;99.64799313893649;932.8479931389365;Line 7;0;185.969714566655
-23.138970559;-46.603812251;766.5;46890;99.58427958833614;932.7842795883362;Line 7;0;185.969714566655
-23.139239672;-46.603845921;766.0;46860;99.5205660377358;932.7205660377358;Line 7;0;185.969714566655
-23.139508785;-46.603879591;764.2;46830;99.45685248713546;932.6568524871356;Line 7;0;185.969714566655
-23.139777898;-46.603913261;762.4;46800;99.39313893653511;932.5931389365352;Line 7;0;185.969714566655
-23.140047011;-46.603946932;760.8;46770;99.32942538593477;932.5294253859348;Line 7;0;185.969714566655
-23.140316123;-46.603980603;760.2;46740;99.26571183533443;932.4657118353344;Line 7;0;185.969714566655
-23.140585236;-46.604014274;759.8;46710;99.20199828473409;932.4019982847342;Line 7;0;185.969714566655
-23.140854349;-46.604047945;759.4;46680;99.13828473413375;932.3382847341338;Line 7;0;185.969714566655
-23.141123462;-46.604081616;759.4;46650;99.0745711835334;932.2745711835335;Line 7;0;185.969714566655
-23.141392575;-46.604115288;759.3;46620;99.01085763293305;932.2108576329331;Line 7;0;185.969714566655
-23.141661687;-46.604148959;759.1;46590;98.94714408233271;932.1471440823327;Line 7;0;185.969714566655
-23.1419308;-46.604182631;759.4;46560;98.88343053173237;932.0834305317325;Line 7;0;185.969714566655
-23.142199913;-46.604216303;760.0;46530;98.81971698113203;932.0197169811321;Line 7;0;185.969714566655
-23.142469025;-46.604249975;760.4;46500;98.75600343053168;931.9560034305317;Line 7;0;185.969714566655
-23.142738138;-46.604283648;760.4;46470;98.69228987993134;931.8922898799314;Line 7;0;185.969714566655
-23.143007251;-46.60431732;760.2;46440;98.628576329331;931.8285763293311;Line 7;0;185.969714566655
-23.143276363;-46.604350993;759.9;46410;98.56486277873066;931.7648627787307;Line 7;0;185.969714566655
-23.143545476;-46.604384666;759.4;46380;98.50114922813032;931.7011492281304;Line 7;0;185.969714566655
-23.143814588;-46.604418339;759.1;46350;98.43743567752996;931.63743567753;Line 7;0;185.969714566655
-23.144083701;-46.604452012;758.8;46320;98.37372212692964;931.5737221269296;Line 7;0;185.969714566655
-23.144352813;-46.604485685;759.1;46290;98.31000857632928;931.5100085763294;Line 7;0;185.969714566655
-23.144621926;-46.604519359;759.7;46260;98.24629502572894;931.446295025729;Line 7;0;185.969714566655
-23.144891038;-46.604553032;760.3;46230;98.1825814751286;931.3825814751286;Line 7;0;185.969714566655
-23.145160151;-46.604586706;761.4;46200;98.11886792452825;931.3188679245283;Line 7;0;185.969714566655
-23.145429263;-46.60462038;763.0;46170;98.05515437392792;931.255154373928;Line 7;0;185.969714566655
-23.145698375;-46.604654055;764.9;46140;97.99144082332757;931.1914408233276;Line 7;0;185.969714566655
-23.145967488;-46.604687729;766.3;46110;97.92772727272722;931.1277272727273;Line 7;0;185.969714566655
-23.1462366;-46.604721403;767.5;46080;97.86401372212688;931.0640137221269;Line 7;0;185.969714566655
-23.146505712;-46.604755078;768.7;46050;97.80030017152653;931.0003001715265;Line 7;0;185.969714566655
-23.146774825;-46.604788753;769.4;46020;97.7365866209262;930.9365866209263;Line 7;0;185.969714566655
-23.147043937;-46.604822428;769.0;45990;97.67287307032585;930.8728730703259;Line 7;0;185.969714566655
-23.147313049;-46.604856103;768.5;45960;97.60915951972551;930.8091595197255;Line 7;0;185.969714566655
-23.147582161;-46.604889779;768.0;45930;97.54544596912517;930.7454459691252;Line 7;0;185.969714566655
-23.147851274;-46.604923454;768.1;45900;97.48173241852481;930.6817324185249;Line 7;0;185.969714566655
-23.148120386;-46.60495713;768.0;45870;97.41801886792449;930.6180188679245;Line 7;0;185.969714566655
-23.148389498;-46.604990806;767.8;45840;97.35430531732413;930.5543053173242;Line 7;0;185.969714566655
-23.14865861;-46.605024482;767.9;45810;97.2905917667238;930.4905917667238;Line 7;0;185.969714566655
-23.148927722;-46.605058158;768.1;45780;97.22687821612345;930.4268782161234;Line 7;0;185.969714566655
-23.149196834;-46.605091834;768.1;45750;97.1631646655231;930.3631646655232;Line 7;0;185.969714566655
-23.149465946;-46.605125511;767.2;45720;97.09945111492277;930.2994511149228;Line 7;0;185.969714566655
-23.149735058;-46.605159188;766.2;45690;97.03573756432242;930.2357375643224;Line 7;0;185.969714566655
-23.15000417;-46.605192865;765.1;45660;96.97202401372209;930.1720240137222;Line 7;0;185.969714566655
-23.150273282;-46.605226542;764.6;45630;96.90831046312174;930.1083104631218;Line 7;0;185.969714566655
-23.150542394;-46.605260219;763.7;45600;96.84459691252138;930.0445969125215;Line 7;0;185.969714566655
-23.150811506;-46.605293896;762.6;45570;96.78088336192106;929.9808833619211;Line 7;0;185.969714566655
-23.151080618;-46.605327574;762.7;45540;96.7171698113207;929.9171698113207;Line 7;0;185.969714566655
-23.15134973;-46.605361252;762.7;45510;96.65345626072038;929.8534562607205;Line 7;0;185.969714566655
-23.151618842;-46.60539493;762.6;45480;96.58974271012002;929.7897427101201;Line 7;0;185.969714566655
-23.151887953;-46.605428608;762.8;45450;96.52602915951967;929.7260291595197;Line 7;0;185.969714566655
-23.152157065;-46.605462286;763.2;45420;96.46231560891934;929.6623156089194;Line 7;0;185.969714566655
-23.152426177;-46.605495964;763.7;45390;96.39860205831899;929.598602058319;Line 7;0;185.969714566655
-23.152695289;-46.605529643;764.9;45360;96.33488850771866;929.5348885077187;Line 7;0;185.969714566655
-23.152964401;-46.605563322;766.5;45330;96.2711749571183;929.4711749571184;Line 7;0;185.969714566655
-23.153233512;-46.605597001;768.1;45300;96.20746140651795;929.407461406518;Line 7;0;185.969714566655
-23.153502624;-46.60563068;769.6;45270;96.14374785591762;929.3437478559176;Line 7;0;185.969714566655
-23.153771736;-46.605664359;771.2;45240;96.08003430531727;929.2800343053173;Line 7;0;185.969714566655
-23.154040847;-46.605698038;772.7;45210;96.01632075471694;929.216320754717;Line 7;0;185.969714566655
-23.154309959;-46.605731718;773.2;45180;95.95260720411659;929.1526072041166;Line 7;0;185.969714566655
-23.154579071;-46.605765398;772.8;45150;95.88889365351625;929.0888936535163;Line 7;0;185.969714566655
-23.154848182;-46.605799078;772.3;45120;95.82518010291591;929.025180102916;Line 7;0;185.969714566655
-23.155117294;-46.605832758;773.1;45090;95.76146655231555;928.9614665523156;Line 7;0;185.969714566655
-23.155386405;-46.605866438;775.7;45060;95.69775300171523;928.8977530017153;Line 7;0;185.969714566655
-23.155655517;-46.605900119;778.2;45030;95.63403945111487;928.8340394511149;Line 7;0;185.969714566655
-23.155924628;-46.605933799;780.4;45000;95.57032590051453;928.7703259005145;Line 7;0;185.969714566655
-23.15619374;-46.60596748;782.3;44970;95.50661234991419;928.7066123499143;Line 7;0;185.969714566655
-23.156462851;-46.606001161;784.3;44940;95.44289879931384;928.6428987993139;Line 7;0;185.969714566655
-23.156731962;-46.606034842;786.4;44910;95.37918524871351;928.5791852487135;Line 7;0;185.969714566655
-23.157001074;-46.606068523;789.1;44880;95.31547169811316;928.5154716981132;Line 7;0;185.969714566655
-23.157270185;-46.606102205;791.7;44850;95.25175814751282;928.4517581475129;Line 7;0;185.969714566655
-23.157539297;-46.606135887;794.4;44820;95.18804459691248;928.3880445969126;Line 7;0;185.969714566655
-23.157808408;-46.606169568;797.3;44790;95.12433104631212;928.3243310463122;Line 7;0;185.969714566655
-23.158077519;-46.60620325;800.1;44760;95.0606174957118;928.2606174957118;Line 7;0;185.969714566655
-23.15834663;-46.606236932;802.7;44730;94.99690394511144;928.1969039451114;Line 7;0;185.969714566655
-23.158615742;-46.606270615;804.4;44700;94.93319039451112;928.1331903945112;Line 7;0;185.969714566655
-23.158884853;-46.606304297;806.0;44670;94.86947684391076;928.0694768439108;Line 7;0;185.969714566655
-23.159153964;-46.60633798;807.7;44640;94.8057632933104;928.0057632933105;Line 7;0;185.969714566655
-23.159423075;-46.606371663;809.2;44610;94.74204974271008;927.9420497427101;Line 7;0;185.969714566655
-23.159692186;-46.606405346;810.8;44580;94.67833619210973;927.8783361921098;Line 7;0;185.969714566655
-23.159961297;-46.606439029;812.4;44550;94.6146226415094;927.8146226415095;Line 7;0;185.969714566655
-23.160230409;-46.606472712;811.0;44520;94.55090909090904;927.7509090909091;Line 7;0;185.969714566655
-23.16049952;-46.606506396;809.0;44490;94.4871955403087;927.6871955403087;Line 7;0;185.969714566655
-23.160768631;-46.606540079;806.7;44460;94.42348198970836;927.6234819897084;Line 7;0;185.969714566655
-23.161037742;-46.606573763;804.1;44430;94.35976843910801;927.5597684391081;Line 7;0;185.969714566655
-23.161306853;-46.606607447;801.2;44400;94.29605488850768;927.4960548885077;Line 7;0;185.969714566655
-23.161575964;-46.606641131;798.3;44370;94.23234133790733;927.4323413379074;Line 7;0;185.969714566655
-23.161845075;-46.606674816;795.4;44340;94.16862778730699;927.368627787307;Line 7;0;185.969714566655
-23.162114186;-46.6067085;792.7;44310;94.10491423670665;927.3049142367067;Line 7;0;185.969714566655
-23.162383297;-46.606742185;790.2;44280;94.0412006861063;927.2412006861064;Line 7;0;185.969714566655
-23.162652407;-46.60677587;788.3;44250;93.97748713550597;927.177487135506;Line 7;0;185.969714566655
-23.162921518;-46.606809555;786.8;44220;93.91377358490561;927.1137735849056;Line 7;0;185.969714566655
-23.163190629;-46.60684324;785.3;44190;93.85006003430527;927.0500600343053;Line 7;0;185.969714566655
-23.16345974;-46.606876925;784.9;44160;93.78634648370493;926.986346483705;Line 7;0;185.969714566655
-23.163728851;-46.606910611;785.5;44130;93.72263293310458;926.9226329331046;Line 7;0;185.969714566655
-23.163997962;-46.606944297;786.1;44100;93.65891938250425;926.8589193825043;Line 7;0;185.969714566655
-23.164267072;-46.606977983;786.9;44070;93.5952058319039;926.7952058319039;Line 7;0;185.969714566655
-23.164536183;-46.607011669;787.9;44040;93.53149228130356;926.7314922813036;Line 7;0;185.969714566655
-23.164805294;-46.607045355;789.2;44010;93.46777873070322;926.6677787307033;Line 7;0;185.969714566655
-23.165074404;-46.607079041;791.0;43980;93.40406518010286;926.6040651801029;Line 7;0;185.969714566655
-23.165343515;-46.607112728;793.4;43950;93.34035162950254;926.5403516295025;Line 7;0;185.969714566655
-23.165612626;-46.607146415;795.5;43920;93.27663807890218;926.4766380789022;Line 7;0;185.969714566655
-23.165881736;-46.607180101;798.2;43890;93.21292452830184;926.4129245283019;Line 7;0;185.969714566655
-23.166150847;-46.607213789;803.3;43860;93.1492109777015;926.3492109777015;Line 7;0;185.969714566655
-23.166419957;-46.607247476;808.3;43830;93.08549742710115;926.2854974271012;Line 7;0;185.969714566655
-23.166689068;-46.607281163;813.2;43800;93.02178387650082;926.2217838765009;Line 7;0;185.969714566655
-23.166958178;-46.607314851;818.3;43770;92.95807032590047;926.1580703259006;Line 7;0;185.969714566655
-23.167227289;-46.607348538;823.7;43740;92.89435677530012;926.0943567753002;Line 7;0;185.969714566655
-23.167496399;-46.607382226;829.2;43710;92.83064322469978;926.0306432246998;Line 7;0;185.969714566655
-23.16776551;-46.607415914;831.9;43680;92.76692967409944;925.9669296740994;Line 7;0;185.969714566655
-23.16803462;-46.607449603;834.7;43650;92.7032161234991;925.9032161234992;Line 7;0;185.969714566655
-23.168303731;-46.607483291;837.6;43620;92.63950257289875;925.8395025728988;Line 7;0;185.969714566655
-23.168572841;-46.60751698;837.3;43590;92.57578902229841;925.7757890222985;Line 7;0;185.969714566655
-23.168841951;-46.607550668;836.5;43560;92.51207547169807;925.7120754716981;Line 7;0;185.969714566655
-23.169111062;-46.607584357;835.7;43530;92.44836192109773;925.6483619210978;Line 7;0;185.969714566655
-23.169380172;-46.607618047;833.2;43500;92.38464837049739;925.5846483704975;Line 7;0;185.969714566655
-23.169649282;-46.607651736;830.2;43470;92.32093481989703;925.5209348198971;Line 7;0;185.969714566655
-23.169918393;-46.607685425;827.3;43440;92.25722126929669;925.4572212692967;Line 7;0;185.969714566655
-23.170187503;-46.607719115;825.3;43410;92.19350771869635;925.3935077186964;Line 7;0;185.969714566655
-23.170456613;-46.607752805;823.7;43380;92.12979416809601;925.3297941680961;Line 7;0;185.969714566655
-23.170725723;-46.607786495;822.1;43350;92.06608061749567;925.2660806174957;Line 7;0;185.969714566655
-23.170994833;-46.607820185;822.3;43320;92.00236706689532;925.2023670668954;Line 7;0;185.969714566655
-23.171263943;-46.607853875;823.5;43290;91.93865351629498;925.138653516295;Line 7;0;185.969714566655
-23.171533054;-46.607887565;824.8;43260;91.87493996569464;925.0749399656947;Line 7;0;185.969714566655
-23.171802164;-46.607921256;826.4;43230;91.8112264150943;925.0112264150944;Line 7;0;185.969714566655
-23.172071274;-46.607954947;828.4;43200;91.74751286449396;924.947512864494;Line 7;0;185.969714566655
-23.172340384;-46.607988638;830.3;43170;91.6837993138936;924.8837993138936;Line 7;0;185.969714566655
-23.172609494;-46.608022329;833.5;43140;91.62008576329326;924.8200857632933;Line 7;0;185.969714566655
-23.172878604;-46.60805602;838.6;43110;91.55637221269292;924.756372212693;Line 7;0;185.969714566655
-23.173147714;-46.608089712;843.8;43080;91.49265866209258;924.6926586620926;Line 7;0;185.969714566655
-23.173416824;-46.608123403;847.6;43050;91.42894511149224;924.6289451114923;Line 7;0;185.969714566655
-23.173685934;-46.608157095;848.2;43020;91.3652315608919;924.5652315608919;Line 7;0;185.969714566655
-23.173955043;-46.608190787;848.7;42990;91.30151801029155;924.5015180102916;Line 7;0;185.969714566655
-23.174224153;-46.608224479;849.0;42960;91.2378044596912;924.4378044596913;Line 7;0;185.969714566655
-23.174493263;-46.608258172;848.4;42930;91.17409090909086;924.3740909090909;Line 7;0;185.969714566655
-23.174762373;-46.608291864;847.7;42900;91.11037735849052;924.3103773584905;Line 7;0;185.969714566655
-23.175031483;-46.608325557;846.9;42870;91.04666380789018;924.2466638078902;Line 7;0;185.969714566655
-23.175300593;-46.60835925;845.7;42840;90.98295025728983;924.1829502572899;Line 7;0;185.969714566655
-23.175569702;-46.608392943;844.4;42810;90.91923670668949;924.1192367066895;Line 7;0;185.969714566655
-23.175838812;-46.608426636;843.0;42780;90.85552315608915;924.0555231560892;Line 7;0;185.969714566655
-23.176107922;-46.608460329;837.9;42750;90.79180960548881;923.9918096054888;Line 7;0;185.969714566655
-23.176377031;-46.608494023;833.1;42720;90.72809605488847;923.9280960548886;Line 7;0;185.969714566655
-23.176646141;-46.608527716;828.5;42690;90.66438250428811;923.8643825042882;Line 7;0;185.969714566655
-23.176915251;-46.60856141;823.4;42660;90.60066895368777;923.8006689536878;Line 7;0;185.969714566655
-23.17718436;-46.608595104;818.3;42630;90.53695540308743;923.7369554030874;Line 7;0;185.969714566655
-23.17745347;-46.608628798;813.4;42600;90.47324185248709;923.6732418524871;Line 7;0;185.969714566655
-23.17772258;-46.608662493;810.4;42570;90.40952830188675;923.6095283018868;Line 7;0;185.969714566655
-23.177991689;-46.608696187;807.7;42540;90.3458147512864;923.5458147512865;Line 7;0;185.969714566655
-23.178260799;-46.608729882;804.9;42510;90.28210120068606;923.4821012006861;Line 7;0;185.969714566655
-23.178529908;-46.608763577;803.9;42480;90.21838765008572;923.4183876500857;Line 7;0;185.969714566655
-23.178799018;-46.608797272;803.7;42450;90.15467409948538;923.3546740994855;Line 7;0;185.969714566655
-23.179068127;-46.608830967;803.6;42420;90.09096054888504;923.2909605488851;Line 7;0;185.969714566655
-23.179337236;-46.608864662;805.1;42390;90.02724699828468;923.2272469982847;Line 7;0;185.969714566655
-23.179606346;-46.608898358;807.5;42360;89.96353344768436;923.1635334476844;Line 7;0;185.969714566655
-23.179875455;-46.608932054;809.9;42330;89.899819897084;923.099819897084;Line 7;0;185.969714566655
-23.180144565;-46.60896575;813.1;42300;89.83610634648366;923.0361063464837;Line 7;0;185.969714566655
-23.180413674;-46.608999446;817.0;42270;89.77239279588332;922.9723927958834;Line 7;0;185.969714566655
-23.180682783;-46.609033142;820.9;42240;89.70867924528298;922.908679245283;Line 7;0;185.969714566655
-23.180951893;-46.609066838;824.5;42210;89.64496569468264;922.8449656946827;Line 7;0;185.969714566655
-23.181221002;-46.609100535;827.7;42180;89.58125214408228;922.7812521440824;Line 7;0;185.969714566655
-23.181490111;-46.609134231;830.9;42150;89.51753859348194;922.717538593482;Line 7;0;185.969714566655
-23.18175922;-46.609167928;832.2;42120;89.4538250428816;922.6538250428816;Line 7;0;185.969714566655
-23.182028329;-46.609201625;830.1;42090;89.39011149228126;922.5901114922813;Line 7;0;185.969714566655
-23.182297439;-46.609235323;828.2;42060;89.32639794168092;922.526397941681;Line 7;0;185.969714566655
-23.182566548;-46.60926902;826.1;42030;89.26268439108057;922.4626843910806;Line 7;0;185.969714566655
-23.182835657;-46.609302718;822.5;42000;89.19897084048023;922.3989708404803;Line 7;0;185.969714566655
-23.183104766;-46.609336415;818.9;41970;89.13525728987989;922.3352572898799;Line 7;0;185.969714566655
-23.183373875;-46.609370113;815.3;41940;89.07154373927955;922.2715437392797;Line 7;0;185.969714566655
-23.183642984;-46.609403811;812.8;41910;89.00783018867921;922.2078301886793;Line 7;0;185.969714566655
-23.183912093;-46.60943751;810.0;41880;88.94411663807885;922.1441166380789;Line 7;0;185.969714566655
-23.184181202;-46.609471208;807.1;41850;88.88040308747851;922.0804030874785;Line 7;0;185.969714566655
-23.184450311;-46.609504907;806.1;41820;88.81668953687817;922.0166895368782;Line 7;0;185.969714566655
-23.18471942;-46.609538606;805.1;41790;88.75297598627783;921.9529759862779;Line 7;0;185.969714566655
-23.184988529;-46.609572304;804.1;41760;88.68926243567749;921.8892624356776;Line 7;0;185.969714566655
-23.185257638;-46.609606004;804.3;41730;88.62554888507714;921.8255488850772;Line 7;0;185.969714566655
-23.185526747;-46.609639703;804.5;41700;88.56183533447681;921.7618353344768;Line 7;0;185.969714566655
-23.185795856;-46.609673402;804.5;41670;88.49812178387646;921.6981217838766;Line 7;0;185.969714566655
-23.186064964;-46.609707102;804.1;41640;88.43440823327612;921.6344082332762;Line 7;0;185.969714566655
-23.186334073;-46.609740802;803.8;41610;88.37069468267578;921.5706946826758;Line 7;0;185.969714566655
-23.186603182;-46.609774502;803.6;41580;88.30698113207542;921.5069811320755;Line 7;0;185.969714566655
-23.186872291;-46.609808202;804.8;41550;88.2432675814751;921.4432675814751;Line 7;0;185.969714566655
-23.1871414;-46.609841902;806.6;41520;88.17955403087474;921.3795540308748;Line 7;0;185.969714566655
-23.187410508;-46.609875603;808.5;41490;88.1158404802744;921.3158404802745;Line 7;0;185.969714566655
-23.187679617;-46.609909303;811.1;41460;88.05212692967406;921.2521269296741;Line 7;0;185.969714566655
-23.187948726;-46.609943004;814.3;41430;87.9884133790737;921.1884133790737;Line 7;0;185.969714566655
-23.188217834;-46.609976705;817.5;41400;87.92469982847338;921.1246998284735;Line 7;0;185.969714566655
-23.188486943;-46.610010406;818.7;41370;87.86098627787302;921.0609862778731;Line 7;0;185.969714566655
-23.188756051;-46.610044107;818.1;41340;87.79727272727268;920.9972727272727;Line 7;0;185.969714566655
-23.18902516;-46.610077809;817.5;41310;87.73355917667234;920.9335591766724;Line 7;0;185.969714566655
-23.189294269;-46.610111511;817.2;41280;87.66984562607199;920.869845626072;Line 7;0;185.969714566655
-23.189563377;-46.610145212;817.4;41250;87.60613207547166;920.8061320754717;Line 7;0;185.969714566655
-23.189832486;-46.610178914;817.7;41220;87.54241852487131;920.7424185248714;Line 7;0;185.969714566655
-23.190101594;-46.610212617;819.0;41190;87.47870497427097;920.678704974271;Line 7;0;185.969714566655
-23.190370703;-46.610246319;821.6;41160;87.41499142367063;920.6149914236706;Line 7;0;185.969714566655
-23.190639811;-46.610280021;824.1;41130;87.35127787307027;920.5512778730704;Line 7;0;185.969714566655
-23.190908919;-46.610313724;826.9;41100;87.28756432246995;920.48756432247;Line 7;0;185.969714566655
-23.191178028;-46.610347427;830.3;41070;87.22385077186959;920.4238507718696;Line 7;0;185.969714566655
-23.191447136;-46.61038113;833.7;41040;87.16013722126925;920.3601372212693;Line 7;0;185.969714566655
-23.191716245;-46.610414833;837.3;41010;87.09642367066891;920.2964236706689;Line 7;0;185.969714566655
-23.191985353;-46.610448536;841.6;40980;87.03271012006856;920.2327101200686;Line 7;0;185.969714566655
-23.192254461;-46.61048224;846.0;40950;86.96899656946823;920.1689965694683;Line 7;0;185.969714566655
-23.192523569;-46.610515944;851.0;40920;86.90528301886788;920.1052830188679;Line 7;0;185.969714566655
-23.192792678;-46.610549648;861.2;40890;86.84156946826755;920.0415694682677;Line 7;0;185.969714566655
-23.193061786;-46.610583352;871.4;40860;86.7778559176672;919.9778559176673;Line 7;0;185.969714566655
-23.193330894;-46.610617056;881.6;40830;86.71414236706684;919.9141423670669;Line 7;0;185.969714566655
-23.193600002;-46.61065076;890.4;40800;86.65042881646652;919.8504288164665;Line 7;0;185.969714566655
-23.19386911;-46.610684465;899.3;40770;86.58671526586616;919.7867152658662;Line 7;0;185.969714566655
-23.194138219;-46.610718169;908.4;40740;86.52300171526583;919.7230017152659;Line 7;0;185.969714566655
-23.194407327;-46.610751874;913.1;40710;86.45928816466548;919.6592881646656;Line 7;0;185.969714566655
-23.194676435;-46.610785579;916.9;40680;86.39557461406513;919.5955746140652;Line 7;0;185.969714566655
-23.194945543;-46.610819285;920.3;40650;86.3318610634648;919.5318610634648;Line 7;1;185.969714566655
-23.195214651;-46.61085299;921.9;40620;86.26814751286445;919.4681475128644;Line 7;1;185.969714566655
-23.195483759;-46.610886695;922.6;40590;86.20443396226412;919.4044339622642;Line 7;1;185.969714566655
-23.195752867;-46.610920401;923.3;40560;86.14072041166376;919.3407204116638;Line 7;1;185.969714566655
-23.196021975;-46.610954107;926.2;40530;86.07700686106341;919.2770068610635;Line 7;1;185.969714566655
-23.196291083;-46.610987813;930.2;40500;86.01329331046308;919.2132933104631;Line 7;1;185.969714566655
-23.196560191;-46.611021519;934.6;40470;85.94957975986273;919.1495797598627;Line 7;1;185.969714566655
-23.196829299;-46.611055226;939.9;40440;85.8858662092624;919.0858662092625;Line 7;1;185.969714566655
-23.197098406;-46.611088932;945.9;40410;85.82215265866205;919.0221526586621;Line 7;1;185.969714566655
-23.197367514;-46.611122639;952.2;40380;85.75843910806171;918.9584391080617;Line 7;1;185.969714566655
-23.197636622;-46.611156346;955.8;40350;85.69472555746137;918.8947255574615;Line 7;1;185.969714566655
-23.19790573;-46.611190053;956.4;40320;85.63101200686101;918.8310120068611;Line 7;1;185.969714566655
-23.198174838;-46.61122376;956.6;40290;85.56729845626069;918.7672984562607;Line 7;1;185.969714566655
-23.198443945;-46.611257468;956.0;40260;85.50358490566033;918.7035849056604;Line 7;1;185.969714566655
-23.198713053;-46.611291175;954.5;40230;85.43987135505999;918.63987135506;Line 7;1;185.969714566655
-23.198982161;-46.611324883;953.1;40200;85.37615780445965;918.5761578044597;Line 7;1;185.969714566655
-23.199251268;-46.611358591;953.0;40170;85.3124442538593;918.5124442538594;Line 7;1;185.969714566655
-23.199520376;-46.611392299;956.1;40140;85.24873070325897;918.448730703259;Line 7;1;185.969714566655
-23.199789484;-46.611426008;959.4;40110;85.18501715265862;918.3850171526586;Line 7;1;185.969714566655
-23.200058591;-46.611459716;962.4;40080;85.12130360205828;918.3213036020584;Line 7;1;185.969714566655
-23.200327699;-46.611493425;964.2;40050;85.05759005145794;918.257590051458;Line 7;1;185.969714566655
-23.200596806;-46.611527133;966.1;40020;84.99387650085758;918.1938765008576;Line 7;1;185.969714566655
-23.200865914;-46.611560842;967.1;39990;84.93016295025726;918.1301629502573;Line 7;1;185.969714566655
-23.201135022;-46.611594552;959.6;39960;84.8664493996569;918.0664493996569;Line 7;1;185.969714566655
-23.201404129;-46.611628261;952.2;39930;84.80273584905656;918.0027358490566;Line 7;1;185.969714566655
-23.201673237;-46.61166197;944.9;39900;84.73902229845622;917.9390222984563;Line 7;1;185.969714566655
-23.201942344;-46.61169568;941.2;39870;84.67530874785587;917.8753087478559;Line 7;1;185.969714566655
-23.202211451;-46.61172939;938.0;39840;84.61159519725554;917.8115951972555;Line 7;1;185.969714566655
-23.202480559;-46.6117631;935.2;39810;84.54788164665518;917.7478816466553;Line 7;1;185.969714566655
-23.202749666;-46.61179681;936.2;39780;84.48416809605484;917.6841680960549;Line 7;1;185.969714566655
-23.203018773;-46.61183052;937.5;39750;84.4204545454545;917.6204545454545;Line 7;1;185.969714566655
-23.203287881;-46.611864231;938.7;39720;84.35674099485416;917.5567409948542;Line 7;1;185.969714566655
-23.203556988;-46.611897941;936.1;39690;84.29302744425382;917.4930274442538;Line 7;1;185.969714566655
-23.203826095;-46.611931652;932.5;39660;84.22931389365347;917.4293138936536;Line 7;1;185.969714566655
-23.204095203;-46.611965363;928.6;39630;84.16560034305314;917.3656003430532;Line 7;1;185.969714566655
-23.20436431;-46.611999074;924.4;39600;84.10188679245279;917.3018867924528;Line 7;1;185.969714566655
-23.204633417;-46.612032786;920.0;39570;84.03817324185245;917.2381732418525;Line 7;1;185.969714566655
-23.204902524;-46.612066497;915.6;39540;83.97445969125211;917.1744596912522;Line 7;0;185.969714566655
-23.205171631;-46.612100209;913.7;39510;83.91074614065175;917.1107461406518;Line 7;0;185.969714566655
-23.205440739;-46.612133921;913.6;39480;83.84703259005143;917.0470325900515;Line 7;0;185.969714566655
-23.205709846;-46.612167633;913.9;39450;83.78331903945107;916.9833190394511;Line 7;0;185.969714566655
-23.205978953;-46.612201345;915.3;39420;83.71960548885073;916.9196054888507;Line 7;0;185.969714566655
-23.20624806;-46.612235057;917.4;39390;83.65589193825039;916.8558919382505;Line 7;1;185.969714566655
-23.206517167;-46.61226877;919.4;39360;83.59217838765004;916.7921783876501;Line 7;1;185.969714566655
-23.206786274;-46.612302482;922.7;39330;83.52846483704971;916.7284648370497;Line 7;1;185.969714566655
-23.207055381;-46.612336195;927.2;39300;83.46475128644936;916.6647512864494;Line 7;1;185.969714566655
-23.207324488;-46.612369908;931.3;39270;83.40103773584902;916.6010377358491;Line 7;1;185.969714566655
-23.207593595;-46.612403622;935.7;39240;83.33732418524868;916.5373241852487;Line 7;1;185.969714566655
-23.207862702;-46.612437335;941.5;39210;83.27361063464832;916.4736106346484;Line 7;1;185.969714566655
-23.208131809;-46.612471049;947.4;39180;83.209897084048;916.409897084048;Line 7;1;185.969714566655
-23.208400915;-46.612504762;951.5;39150;83.14618353344764;916.3461835334476;Line 7;1;185.969714566655
-23.208670022;-46.612538476;949.4;39120;83.0824699828473;916.2824699828474;Line 7;1;185.969714566655
-23.208939129;-46.61257219;947.2;39090;83.01875643224696;916.218756432247;Line 7;1;185.969714566655
-23.209208236;-46.612605904;944.6;39060;82.95504288164662;916.1550428816466;Line 7;1;185.969714566655
-23.209477343;-46.612639619;939.9;39030;82.89132933104628;916.0913293310464;Line 7;1;185.969714566655
-23.209746449;-46.612673333;935.1;39000;82.82761578044592;916.027615780446;Line 7;1;185.969714566655
-23.210015556;-46.612707048;930.4;38970;82.76390222984558;915.9639022298456;Line 7;1;185.969714566655
-23.210284663;-46.612740763;927.7;38940;82.70018867924524;915.9001886792453;Line 7;1;185.969714566655
-23.21055377;-46.612774478;924.8;38910;82.6364751286449;915.8364751286449;Line 7;1;185.969714566655
-23.210822876;-46.612808193;921.9;38880;82.57276157804456;915.7727615780447;Line 7;1;185.969714566655
-23.211091983;-46.612841909;920.7;38850;82.50904802744421;915.7090480274443;Line 7;1;185.969714566655
-23.21136109;-46.612875624;919.6;38820;82.44533447684387;915.6453344768439;Line 7;1;185.969714566655
-23.211630196;-46.61290934;918.7;38790;82.38162092624353;915.5816209262435;Line 7;1;185.969714566655
-23.211899303;-46.612943056;918.6;38760;82.31790737564319;915.5179073756433;Line 7;1;185.969714566655
-23.212168409;-46.612976772;918.7;38730;82.25419382504285;915.4541938250429;Line 7;1;185.969714566655
-23.212437516;-46.613010488;918.8;38700;82.19048027444249;915.3904802744426;Line 7;1;185.969714566655
-23.212706622;-46.613044205;915.9;38670;82.12676672384215;915.3267667238422;Line 7;1;185.969714566655
-23.212975729;-46.613077921;911.8;38640;82.06305317324181;915.2630531732418;Line 7;0;185.969714566655
-23.213244835;-46.613111638;907.5;38610;81.99933962264147;915.1993396226416;Line 7;0;185.969714566655
-23.213513942;-46.613145355;903.7;38580;81.93562607204113;915.1356260720412;Line 7;0;185.969714566655
-23.213783048;-46.613179072;900.3;38550;81.87191252144078;915.0719125214408;Line 7;0;185.969714566655
-23.214052154;-46.61321279;897.1;38520;81.80819897084044;915.0081989708405;Line 7;0;185.969714566655
-23.214321261;-46.613246507;895.8;38490;81.7444854202401;914.9444854202402;Line 7;0;185.969714566655
-23.214590367;-46.613280225;896.0;38460;81.68077186963976;914.8807718696398;Line 7;0;185.969714566655
-23.214859473;-46.613313942;896.6;38430;81.61705831903942;914.8170583190395;Line 7;0;185.969714566655
-23.21512858;-46.61334766;899.0;38400;81.55334476843908;914.7533447684391;Line 7;0;185.969714566655
-23.215397686;-46.613381379;903.2;38370;81.48963121783872;914.6896312178387;Line 7;0;185.969714566655
-23.215666792;-46.613415097;907.5;38340;81.42591766723838;914.6259176672385;Line 7;0;185.969714566655
-23.215935898;-46.613448815;912.3;38310;81.36220411663804;914.5622041166381;Line 7;0;185.969714566655
-23.216205005;-46.613482534;917.8;38280;81.2984905660377;914.4984905660377;Line 7;1;185.969714566655
-23.216474111;-46.613516253;923.3;38250;81.23477701543736;914.4347770154374;Line 7;1;185.969714566655
-23.216743217;-46.613549972;928.1;38220;81.171063464837;914.3710634648371;Line 7;1;185.969714566655
-23.217012323;-46.613583691;931.0;38190;81.10734991423666;914.3073499142367;Line 7;1;185.969714566655
-23.217281429;-46.61361741;933.7;38160;81.04363636363632;914.2436363636364;Line 7;1;185.969714566655
-23.217550535;-46.61365113;936.0;38130;80.97992281303598;914.179922813036;Line 7;1;185.969714566655
-23.217819641;-46.613684849;936.9;38100;80.91620926243564;914.1162092624356;Line 7;1;185.969714566655
-23.218088747;-46.613718569;937.6;38070;80.85249571183529;914.0524957118354;Line 7;1;185.969714566655
-23.218357853;-46.613752289;937.7;38040;80.78878216123495;913.988782161235;Line 7;1;185.969714566655
-23.218626959;-46.61378601;934.0;38010;80.72506861063461;913.9250686106346;Line 7;1;185.969714566655
-23.218896065;-46.61381973;930.1;37980;80.66135506003427;913.8613550600343;Line 7;1;185.969714566655
-23.219165171;-46.61385345;926.0;37950;80.59764150943393;913.797641509434;Line 7;1;185.969714566655
-23.219434277;-46.613887171;920.4;37920;80.53392795883357;913.7339279588336;Line 7;1;185.969714566655
-23.219703383;-46.613920892;915.1;37890;80.47021440823323;913.6702144082333;Line 7;1;185.969714566655
-23.219972489;-46.613954613;910.0;37860;80.40650085763289;913.6065008576329;Line 7;0;185.969714566655
-23.220241595;-46.613988334;911.0;37830;80.34278730703255;913.5427873070325;Line 7;0;185.969714566655
-23.2205107;-46.614022056;913.0;37800;80.27907375643221;913.4790737564323;Line 7;0;185.969714566655
-23.220779806;-46.614055777;915.2;37770;80.21536020583186;913.4153602058319;Line 7;1;185.969714566655
-23.221048912;-46.614089499;920.3;37740;80.15164665523152;913.3516466552315;Line 7;1;185.969714566655
-23.221318018;-46.614123221;926.3;37710;80.08793310463118;913.2879331046312;Line 7;1;185.969714566655
-23.221587123;-46.614156943;932.2;37680;80.02421955403084;913.2242195540309;Line 7;1;185.969714566655
-23.221856229;-46.614190665;930.5;37650;79.9605060034305;913.1605060034306;Line 7;1;185.969714566655
-23.222125335;-46.614224387;925.3;37620;79.89679245283014;913.0967924528302;Line 7;1;185.969714566655
-23.22239444;-46.61425811;919.9;37590;79.83307890222981;913.0330789022298;Line 7;1;185.969714566655
-23.222663546;-46.614291833;915.4;37560;79.76936535162946;912.9693653516294;Line 7;1;185.969714566655
-23.222932652;-46.614325556;911.6;37530;79.70565180102912;912.9056518010292;Line 7;0;185.969714566655
-23.223201757;-46.614359279;907.8;37500;79.64193825042878;912.8419382504288;Line 7;0;185.969714566655
-23.223470863;-46.614393002;906.8;37470;79.57822469982843;912.7782246998285;Line 7;0;185.969714566655
-23.223739968;-46.614426725;908.6;37440;79.5145111492281;912.7145111492282;Line 7;0;185.969714566655
-23.224009074;-46.614460449;910.5;37410;79.45079759862774;912.6507975986278;Line 7;0;185.969714566655
-23.224278179;-46.614494173;913.5;37380;79.3870840480274;912.5870840480275;Line 7;1;185.969714566655
-23.224547285;-46.614527897;917.7;37350;79.32337049742706;912.5233704974271;Line 7;1;185.969714566655
-23.22481639;-46.614561621;922.0;37320;79.25965694682671;912.4596569468267;Line 7;1;185.969714566655
-23.225085496;-46.614595345;926.5;37290;79.19594339622638;912.3959433962265;Line 7;1;185.969714566655
-23.225354601;-46.614629069;931.0;37260;79.13222984562603;912.3322298456261;Line 7;1;185.969714566655
-23.225623706;-46.614662794;935.4;37230;79.06851629502569;912.2685162950257;Line 7;1;185.969714566655
-23.225892812;-46.614696519;939.8;37200;79.00480274442535;912.2048027444254;Line 7;1;185.969714566655
-23.226161917;-46.614730244;944.3;37170;78.941089193825;912.141089193825;Line 7;1;185.969714566655
-23.226431022;-46.614763969;948.6;37140;78.87737564322467;912.0773756432247;Line 7;1;185.969714566655
-23.226700127;-46.614797694;952.7;37110;78.81366209262431;912.0136620926244;Line 7;1;185.969714566655
-23.226969233;-46.61483142;956.7;37080;78.74994854202397;911.949948542024;Line 7;1;185.969714566655
-23.227238338;-46.614865145;960.9;37050;78.68623499142363;911.8862349914236;Line 7;1;185.969714566655
-23.227507443;-46.614898871;965.1;37020;78.62252144082329;911.8225214408234;Line 7;1;185.969714566655
-23.227776548;-46.614932597;963.5;36990;78.55880789022295;911.758807890223;Line 7;1;185.969714566655
-23.228045653;-46.614966323;962.2;36960;78.4950943396226;911.6950943396226;Line 7;1;185.969714566655
-23.228314759;-46.615000049;961.1;36930;78.43138078902227;911.6313807890223;Line 7;1;185.969714566655
-23.228583864;-46.615033776;957.4;36900;78.36766723842192;911.567667238422;Line 7;1;185.969714566655
-23.228852969;-46.615067502;953.4;36870;78.30395368782158;911.5039536878216;Line 7;1;185.969714566655
-23.229122074;-46.615101229;949.2;36840;78.24024013722124;911.4402401372213;Line 7;1;185.969714566655
-23.229391179;-46.615134956;945.2;36810;78.17652658662088;911.3765265866209;Line 7;1;185.969714566655
-23.229660284;-46.615168683;941.0;36780;78.11281303602055;911.3128130360205;Line 7;1;185.969714566655
-23.229929389;-46.615202411;936.6;36750;78.0490994854202;911.2490994854203;Line 7;1;185.969714566655
-23.230198494;-46.615236138;933.5;36720;77.98538593481986;911.1853859348199;Line 7;1;185.969714566655
-23.230467599;-46.615269866;930.9;36690;77.92167238421952;911.1216723842196;Line 7;1;185.969714566655
-23.230736704;-46.615303594;928.2;36660;77.85795883361916;911.0579588336192;Line 7;1;185.969714566655
-23.231005809;-46.615337322;926.3;36630;77.79424528301884;910.9942452830189;Line 7;1;185.969714566655
-23.231274913;-46.61537105;925.0;36600;77.73053173241848;910.9305317324186;Line 7;1;185.969714566655
-23.231544018;-46.615404778;923.9;36570;77.66681818181814;910.8668181818182;Line 7;1;185.969714566655
-23.231813123;-46.615438507;921.6;36540;77.6031046312178;910.8031046312178;Line 7;1;185.969714566655
-23.232082228;-46.615472236;918.4;36510;77.53939108061745;910.7393910806175;Line 7;1;185.969714566655
-23.232351333;-46.615505964;915.2;36480;77.47567753001712;910.6756775300172;Line 7;1;185.969714566655
-23.232620437;-46.615539693;909.3;36450;77.41196397941677;910.6119639794168;Line 7;0;185.969714566655
-23.232889542;-46.615573423;900.4;36420;77.34825042881643;910.5482504288165;Line 7;0;185.969714566655
-23.233158647;-46.615607152;891.7;36390;77.28453687821609;910.4845368782161;Line 7;0;185.969714566655
-23.233427751;-46.615640882;885.4;36360;77.22082332761573;910.4208233276158;Line 7;0;185.969714566655
-23.233696856;-46.615674611;883.4;36330;77.1571097770154;910.3571097770155;Line 7;0;185.969714566655
-23.233965961;-46.615708341;881.8;36300;77.09339622641505;910.2933962264151;Line 7;0;185.969714566655
-23.234235065;-46.615742071;882.3;36270;77.02968267581473;910.2296826758147;Line 7;0;185.969714566655
-23.23450417;-46.615775801;887.4;36240;76.96596912521437;910.1659691252144;Line 7;0;185.969714566655
-23.234773274;-46.615809532;892.6;36210;76.90225557461402;910.1022555746141;Line 7;0;185.969714566655
-23.235042379;-46.615843262;897.1;36180;76.83854202401369;910.0385420240137;Line 7;0;185.969714566655
-23.235311484;-46.615876993;896.8;36150;76.77482847341334;909.9748284734134;Line 7;0;185.969714566655
-23.235580588;-46.615910724;896.5;36120;76.71111492281301;909.9111149228131;Line 7;0;185.969714566655
-23.235849692;-46.615944455;895.8;36090;76.64740137221266;909.8474013722127;Line 7;0;185.969714566655
-23.236118797;-46.615978186;889.0;36060;76.5836878216123;909.7836878216124;Line 7;0;185.969714566655
-23.236387901;-46.616011918;882.4;36030;76.51997427101198;909.719974271012;Line 7;0;185.969714566655
-23.236657006;-46.616045649;875.9;36000;76.45626072041162;909.6562607204116;Line 7;0;185.969714566655
-23.23692611;-46.616079381;870.7;35970;76.3925471698113;909.5925471698114;Line 7;0;185.969714566655
-23.237195214;-46.616113113;865.3;35940;76.32883361921094;909.528833619211;Line 7;0;185.969714566655
-23.237464319;-46.616146845;859.7;35910;76.26512006861059;909.4651200686106;Line 7;0;185.969714566655
-23.237733423;-46.616180577;859.7;35880;76.20140651801026;909.4014065180103;Line 7;0;185.969714566655
-23.238002527;-46.61621431;860.0;35850;76.1376929674099;909.3376929674099;Line 7;0;185.969714566655
-23.238271632;-46.616248042;859.6;35820;76.07397941680958;909.2739794168097;Line 7;0;185.969714566655
-23.238540736;-46.616281775;862.3;35790;76.01026586620922;909.2102658662093;Line 7;0;185.969714566655
-23.23880984;-46.616315508;865.7;35760;75.94655231560888;909.1465523156089;Line 7;0;185.969714566655
-23.239078944;-46.616349241;868.7;35730;75.88283876500854;909.0828387650085;Line 7;0;185.969714566655
-23.239348048;-46.616382975;869.3;35700;75.81912521440819;909.0191252144082;Line 7;0;185.969714566655
-23.239617152;-46.616416708;868.9;35670;75.75541166380786;908.9554116638079;Line 7;0;185.969714566655
-23.239886257;-46.616450442;868.5;35640;75.69169811320751;908.8916981132076;Line 7;0;185.969714566655
-23.240155361;-46.616484175;867.7;35610;75.62798456260717;908.8279845626072;Line 7;0;185.969714566655
-23.240424465;-46.616517909;866.7;35580;75.56427101200683;908.7642710120069;Line 7;0;185.969714566655
-23.240693569;-46.616551644;865.8;35550;75.50055746140647;908.7005574614066;Line 7;0;185.969714566655
-23.240962673;-46.616585378;865.6;35520;75.43684391080615;908.6368439108062;Line 7;0;185.969714566655
-23.241231777;-46.616619112;865.8;35490;75.37313036020579;908.5731303602058;Line 7;0;185.969714566655
-23.241500881;-46.616652847;865.8;35460;75.30941680960545;908.5094168096055;Line 7;0;185.969714566655
-23.241769985;-46.616686582;865.3;35430;75.24570325900511;908.4457032590052;Line 7;0;185.969714566655
-23.242039089;-46.616720317;863.6;35400;75.18198970840476;908.3819897084048;Line 7;0;185.969714566655
-23.242308192;-46.616754052;862.0;35370;75.11827615780443;908.3182761578045;Line 7;0;185.969714566655
-23.242577296;-46.616787787;860.9;35340;75.05456260720408;908.2545626072041;Line 7;0;185.969714566655
-23.2428464;-46.616821523;861.3;35310;74.99084905660374;908.1908490566038;Line 7;0;185.969714566655
-23.243115504;-46.616855259;861.7;35280;74.9271355060034;908.1271355060035;Line 7;0;185.969714566655
-23.243384608;-46.616888994;861.8;35250;74.86342195540304;908.0634219554031;Line 7;0;185.969714566655
-23.243653712;-46.61692273;861.3;35220;74.79970840480271;907.9997084048027;Line 7;0;185.969714566655
-23.243922815;-46.616956467;861.2;35190;74.73599485420236;907.9359948542024;Line 7;0;185.969714566655
-23.244191919;-46.616990203;861.3;35160;74.67228130360202;907.8722813036021;Line 7;0;185.969714566655
-23.244461023;-46.617023939;862.1;35130;74.60856775300168;907.8085677530017;Line 7;0;185.969714566655
-23.244730126;-46.617057676;862.8;35100;74.54485420240134;907.7448542024014;Line 7;0;185.969714566655
-23.24499923;-46.617091413;863.5;35070;74.481140651801;907.681140651801;Line 7;0;185.969714566655
-23.245268334;-46.61712515;863.2;35040;74.41742710120064;907.6174271012007;Line 7;0;185.969714566655
-23.245537437;-46.617158887;863.0;35010;74.3537135506003;907.5537135506004;Line 7;0;185.969714566655
-23.245806541;-46.617192625;862.8;34980;74.28999999999996;907.49;Line 7;0;185.969714566655
-23.246075644;-46.617226362;863.5;34950;74.22628644939962;907.4262864493996;Line 7;0;185.969714566655
-23.246344748;-46.6172601;864.8;34920;74.16257289879928;907.3625728987993;Line 7;0;185.969714566655
-23.246613852;-46.617293838;866.3;34890;74.09885934819893;907.298859348199;Line 7;0;185.969714566655
-23.246882955;-46.617327576;871.1;34860;74.03514579759859;907.2351457975986;Line 7;0;185.969714566655
-23.247152059;-46.617361314;876.9;34830;73.97143224699825;907.1714322469983;Line 7;0;185.969714566655
-23.247421162;-46.617395053;883.2;34800;73.90771869639791;907.1077186963979;Line 7;0;185.969714566655
-23.247690265;-46.617428791;885.5;34770;73.84400514579757;907.0440051457977;Line 7;0;185.969714566655
-23.247959369;-46.61746253;885.7;34740;73.78029159519721;906.9802915951973;Line 7;0;185.969714566655
-23.248228472;-46.617496269;885.3;34710;73.71657804459687;906.9165780445969;Line 7;0;185.969714566655
-23.248497575;-46.617530008;886.0;34680;73.65286449399653;906.8528644939965;Line 7;0;185.969714566655
-23.248766679;-46.617563747;887.6;34650;73.58915094339619;906.7891509433962;Line 7;0;185.969714566655
-23.249035782;-46.617597487;889.2;34620;73.52543739279585;906.7254373927959;Line 7;0;185.969714566655
-23.249304885;-46.617631226;888.6;34590;73.4617238421955;906.6617238421956;Line 7;0;185.969714566655
-23.249573989;-46.617664966;886.5;34560;73.39801029159516;906.5980102915952;Line 7;0;185.969714566655
-23.249843092;-46.617698706;884.8;34530;73.33429674099482;906.5342967409948;Line 7;0;185.969714566655
-23.250112195;-46.617732446;885.0;34500;73.27058319039448;906.4705831903946;Line 7;0;185.969714566655
-23.250381298;-46.617766186;887.4;34470;73.20686963979414;906.4068696397942;Line 7;0;185.969714566655
-23.250650401;-46.617799927;890.0;34440;73.1431560891938;906.3431560891938;Line 7;0;185.969714566655
-23.250919505;-46.617833667;890.9;34410;73.07944253859345;906.2794425385935;Line 7;0;185.969714566655
-23.251188608;-46.617867408;887.9;34380;73.0157289879931;906.2157289879931;Line 7;0;185.969714566655
-23.251457711;-46.617901149;884.6;34350;72.95201543739276;906.1520154373928;Line 7;0;185.969714566655
-23.251726814;-46.61793489;882.7;34320;72.88830188679242;906.0883018867925;Line 7;0;185.969714566655
-23.251995917;-46.617968631;886.6;34290;72.82458833619208;906.0245883361921;Line 7;0;185.969714566655
-23.25226502;-46.618002373;890.2;34260;72.76087478559174;905.9608747855918;Line 7;0;185.969714566655
-23.252534123;-46.618036115;893.3;34230;72.69716123499138;905.8971612349915;Line 7;0;185.969714566655
-23.252803226;-46.618069856;896.4;34200;72.63344768439104;905.8334476843911;Line 7;0;185.969714566655
-23.253072329;-46.618103598;899.0;34170;72.5697341337907;905.7697341337907;Line 7;0;185.969714566655
-23.253341432;-46.618137341;901.1;34140;72.50602058319036;905.7060205831904;Line 7;0;185.969714566655
-23.253610535;-46.618171083;902.1;34110;72.44230703259002;905.6423070325901;Line 7;0;185.969714566655
-23.253879637;-46.618204825;903.0;34080;72.37859348198967;905.5785934819897;Line 7;0;185.969714566655
-23.25414874;-46.618238568;903.6;34050;72.31487993138933;905.5148799313894;Line 7;0;185.969714566655
-23.254417843;-46.618272311;904.7;34020;72.25116638078899;905.451166380789;Line 7;0;185.969714566655
-23.254686946;-46.618306054;906.0;33990;72.18745283018865;905.3874528301887;Line 7;1;185.969714566655
-23.254956049;-46.618339797;907.6;33960;72.1237392795883;905.3237392795884;Line 7;1;185.969714566655
-23.255225151;-46.61837354;911.8;33930;72.06002572898795;905.260025728988;Line 7;1;185.969714566655
-23.255494254;-46.618407284;916.5;33900;71.99631217838761;905.1963121783876;Line 7;1;185.969714566655
-23.255763357;-46.618441028;921.5;33870;71.93259862778727;905.1325986277873;Line 7;1;185.969714566655
-23.25603246;-46.618474771;928.3;33840;71.86888507718693;905.068885077187;Line 7;1;185.969714566655
-23.256301562;-46.618508515;935.9;33810;71.80517152658659;905.0051715265867;Line 7;1;185.969714566655
-23.256570665;-46.61854226;943.5;33780;71.74145797598624;904.9414579759863;Line 7;1;185.969714566655
-23.256839768;-46.618576004;948.4;33750;71.6777444253859;904.8777444253859;Line 7;1;185.969714566655
-23.25710887;-46.618609749;951.7;33720;71.61403087478556;904.8140308747857;Line 7;1;185.969714566655
-23.257377973;-46.618643493;955.0;33690;71.55031732418522;904.7503173241853;Line 7;1;185.969714566655
-23.257647075;-46.618677238;958.4;33660;71.48660377358487;904.6866037735849;Line 7;1;185.969714566655
-23.257916178;-46.618710983;961.8;33630;71.42289022298453;904.6228902229846;Line 7;1;185.969714566655
-23.25818528;-46.618744728;964.9;33600;71.35917667238418;904.5591766723842;Line 7;1;185.969714566655
-23.258454383;-46.618778474;968.2;33570;71.29546312178384;904.4954631217839;Line 7;1;185.969714566655
-23.258723485;-46.618812219;971.6;33540;71.2317495711835;904.4317495711836;Line 7;1;185.969714566655
-23.258992588;-46.618845965;974.8;33510;71.16803602058316;904.3680360205832;Line 7;1;185.969714566655
-23.25926169;-46.618879711;977.7;33480;71.10432246998282;904.3043224699828;Line 7;1;185.969714566655
-23.259530792;-46.618913457;980.5;33450;71.04060891938246;904.2406089193826;Line 7;1;185.969714566655
-23.259799895;-46.618947203;983.2;33420;70.97689536878212;904.1768953687822;Line 7;1;185.969714566655
-23.260068997;-46.61898095;984.4;33390;70.91318181818178;904.1131818181818;Line 7;1;185.969714566655
-23.260338099;-46.619014696;981.6;33360;70.84946826758144;904.0494682675815;Line 7;1;185.969714566655
-23.260607202;-46.619048443;979.0;33330;70.7857547169811;903.9857547169811;Line 7;1;185.969714566655
-23.260876304;-46.61908219;975.2;33300;70.72204116638075;903.9220411663808;Line 7;1;185.969714566655
-23.261145406;-46.619115937;964.3;33270;70.65832761578041;903.8583276157805;Line 7;1;185.969714566655
-23.261414508;-46.619149684;953.3;33240;70.59461406518007;903.7946140651801;Line 7;1;185.969714566655
-23.261683611;-46.619183432;942.4;33210;70.53090051457973;903.7309005145797;Line 7;1;185.969714566655
-23.261952713;-46.619217179;931.9;33180;70.46718696397939;903.6671869639795;Line 7;1;185.969714566655
-23.262221815;-46.619250927;921.4;33150;70.40347341337903;903.6034734133791;Line 7;1;185.969714566655
-23.262490917;-46.619284675;910.8;33120;70.33975986277869;903.5397598627787;Line 7;1;185.969714566655
-23.262760019;-46.619318423;903.7;33090;70.27604631217835;903.4760463121784;Line 7;1;185.969714566655
-23.263029121;-46.619352172;896.6;33060;70.21233276157801;903.412332761578;Line 7;0;185.969714566655
-23.263298223;-46.61938592;889.4;33030;70.14861921097767;903.3486192109777;Line 7;0;185.969714566655
-23.263567325;-46.619419669;890.0;33000;70.08490566037732;903.2849056603774;Line 7;0;185.969714566655
-23.263836427;-46.619453418;891.7;32970;70.02119210977699;903.221192109777;Line 7;0;185.969714566655
-23.264105529;-46.619487167;893.3;32940;69.95747855917664;903.1574785591766;Line 7;0;185.969714566655
-23.264374631;-46.619520916;901.2;32910;69.8937650085763;903.0937650085764;Line 7;0;185.969714566655
-23.264643733;-46.619554665;910.7;32880;69.83005145797596;903.030051457976;Line 7;1;185.969714566655
-23.264912835;-46.619588414;919.7;32850;69.7663379073756;902.9663379073756;Line 7;1;185.969714566655
-23.265181937;-46.619622164;924.6;32820;69.70262435677527;902.9026243567753;Line 7;1;185.969714566655
-23.265451039;-46.619655914;927.5;32790;69.63891080617492;902.8389108061749;Line 7;1;185.969714566655
-23.26572014;-46.619689664;930.2;32760;69.57519725557458;902.7751972555747;Line 7;1;185.969714566655
-23.265989242;-46.619723414;929.4;32730;69.51148370497424;902.7114837049743;Line 7;1;185.969714566655
-23.266258344;-46.619757165;926.3;32700;69.44777015437388;902.6477701543739;Line 7;1;185.969714566655
-23.266527446;-46.619790915;923.1;32670;69.38405660377356;902.5840566037737;Line 7;1;185.969714566655
-23.266796548;-46.619824666;920.6;32640;69.3203430531732;902.5203430531733;Line 7;1;185.969714566655
-23.267065649;-46.619858417;919.3;32610;69.25662950257286;902.4566295025729;Line 7;1;185.969714566655
-23.267334751;-46.619892168;918.6;32580;69.19291595197252;902.3929159519726;Line 7;1;185.969714566655
-23.267603853;-46.619925919;920.8;32550;69.12920240137217;902.3292024013722;Line 7;1;185.969714566655
-23.267872954;-46.61995967;926.9;32520;69.06548885077184;902.2654888507719;Line 7;1;185.969714566655
-23.268142056;-46.619993422;933.4;32490;69.00177530017149;902.2017753001716;Line 7;1;185.969714566655
-23.268411158;-46.620027173;938.0;32460;68.93806174957115;902.1380617495712;Line 7;1;185.969714566655
-23.268680259;-46.620060925;936.4;32430;68.87434819897081;902.0743481989708;Line 7;1;185.969714566655
-23.268949361;-46.620094677;934.4;32400;68.81063464837045;902.0106346483705;Line 7;1;185.969714566655
-23.269218462;-46.62012843;931.1;32370;68.74692109777013;901.9469210977702;Line 7;1;185.969714566655
-23.269487564;-46.620162182;923.8;32340;68.68320754716977;901.8832075471698;Line 7;1;185.969714566655
-23.269756665;-46.620195935;916.5;32310;68.61949399656945;901.8194939965695;Line 7;1;185.969714566655
-23.270025767;-46.620229687;909.4;32280;68.55578044596909;901.7557804459691;Line 7;1;185.969714566655
-23.270294868;-46.62026344;906.0;32250;68.49206689536874;901.6920668953687;Line 7;1;185.969714566655
-23.270563969;-46.620297193;902.2;32220;68.42835334476841;901.6283533447685;Line 7;1;185.969714566655
-23.270833071;-46.620330946;898.0;32190;68.36463979416806;901.5646397941681;Line 7;0;185.969714566655
-23.271102172;-46.6203647;891.1;32160;68.30092624356773;901.5009262435677;Line 7;0;185.969714566655
-23.271371273;-46.620398453;884.0;32130;68.23721269296738;901.4372126929675;Line 7;0;185.969714566655
-23.271640375;-46.620432207;876.8;32100;68.17349914236702;901.3734991423671;Line 7;0;185.969714566655
-23.271909476;-46.620465961;874.1;32070;68.1097855917667;901.3097855917667;Line 7;0;185.969714566655
-23.272178577;-46.620499715;872.0;32040;68.04607204116634;901.2460720411664;Line 7;0;185.969714566655
-23.272447679;-46.62053347;870.2;32010;67.98235849056601;901.182358490566;Line 7;0;185.969714566655
-23.27271678;-46.620567224;876.2;31980;67.91864493996566;901.1186449399657;Line 7;0;185.969714566655
-23.272985881;-46.620600979;884.0;31950;67.85493138936532;901.0549313893654;Line 7;0;185.969714566655
-23.273254982;-46.620634733;891.7;31920;67.79121783876498;900.991217838765;Line 7;0;185.969714566655
-23.273524083;-46.620668488;896.4;31890;67.72750428816462;900.9275042881646;Line 7;0;185.969714566655
-23.273793184;-46.620702243;899.5;31860;67.6637907375643;900.8637907375644;Line 7;0;185.969714566655
-23.274062286;-46.620735999;902.4;31830;67.60007718696394;900.800077186964;Line 7;1;185.969714566655
-23.274331387;-46.620769754;905.0;31800;67.5363636363636;900.7363636363636;Line 7;1;185.969714566655
-23.274600488;-46.62080351;907.6;31770;67.47265008576326;900.6726500857633;Line 7;1;185.969714566655
-23.274869589;-46.620837266;910.2;31740;67.40893653516291;900.6089365351629;Line 7;1;185.969714566655
-23.27513869;-46.620871022;909.8;31710;67.34522298456258;900.5452229845627;Line 7;1;185.969714566655
-23.275407791;-46.620904778;906.7;31680;67.28150943396223;900.4815094339623;Line 7;1;185.969714566655
-23.275676892;-46.620938534;904.1;31650;67.21779588336189;900.4177958833619;Line 7;1;185.969714566655
-23.275945993;-46.620972291;904.8;31620;67.15408233276155;900.3540823327615;Line 7;1;185.969714566655
-23.276215093;-46.621006047;909.7;31590;67.09036878216119;900.2903687821613;Line 7;1;185.969714566655
-23.276484194;-46.621039804;914.7;31560;67.02665523156087;900.2266552315609;Line 7;1;185.969714566655
-23.276753295;-46.621073561;920.3;31530;66.96294168096051;900.1629416809606;Line 7;1;185.969714566655
-23.277022396;-46.621107318;927.2;31500;66.89922813036019;900.0992281303602;Line 7;1;185.969714566655
-23.277291497;-46.621141076;933.8;31470;66.83551457975983;900.0355145797598;Line 7;1;185.969714566655
-23.277560598;-46.621174833;939.5;31440;66.77180102915948;899.9718010291596;Line 7;1;185.969714566655
-23.277829698;-46.621208591;942.8;31410;66.70808747855915;899.9080874785592;Line 7;1;185.969714566655
-23.278098799;-46.621242349;946.1;31380;66.6443739279588;899.8443739279588;Line 7;1;185.969714566655
-23.2783679;-46.621276107;948.8;31350;66.58066037735847;899.7806603773586;Line 7;1;185.969714566655
-23.278637001;-46.621309865;948.5;31320;66.51694682675812;899.7169468267582;Line 7;1;185.969714566655
-23.278906101;-46.621343623;948.2;31290;66.45323327615776;899.6532332761578;Line 7;1;185.969714566655
-23.279175202;-46.621377382;947.8;31260;66.38951972555743;899.5895197255575;Line 7;1;185.969714566655
-23.279444302;-46.62141114;941.8;31230;66.32580617495708;899.5258061749571;Line 7;1;185.969714566655
-23.279713403;-46.621444899;935.8;31200;66.26209262435675;899.4620926243568;Line 7;1;185.969714566655
-23.279982504;-46.621478658;929.9;31170;66.1983790737564;899.3983790737565;Line 7;1;185.969714566655
-23.280251604;-46.621512418;920.3;31140;66.13466552315606;899.3346655231561;Line 7;1;185.969714566655
-23.280520705;-46.621546177;910.4;31110;66.07095197255572;899.2709519725557;Line 7;1;185.969714566655
-23.280789805;-46.621579937;900.5;31080;66.00723842195536;899.2072384219554;Line 7;1;185.969714566655
-23.281058906;-46.621613696;893.8;31050;65.94352487135504;899.1435248713551;Line 7;0;185.969714566655
-23.281328006;-46.621647456;887.7;31020;65.87981132075468;899.0798113207547;Line 7;0;185.969714566655
-23.281597107;-46.621681216;881.6;30990;65.81609777015434;899.0160977701544;Line 7;0;185.969714566655
-23.281866207;-46.621714977;876.0;30960;65.752384219554;898.952384219554;Line 7;0;185.969714566655
-23.282135307;-46.621748737;870.2;30930;65.68867066895365;898.8886706689536;Line 7;0;185.969714566655
-23.282404408;-46.621782498;864.3;30900;65.62495711835332;898.8249571183534;Line 7;0;185.969714566655
-23.282673508;-46.621816258;861.6;30870;65.56124356775297;898.761243567753;Line 7;0;185.969714566655
-23.282942608;-46.621850019;860.9;30840;65.49753001715263;898.6975300171526;Line 7;0;185.969714566655
-23.283211709;-46.62188378;860.4;30810;65.43381646655229;898.6338164665524;Line 7;0;185.969714566655
-23.283480809;-46.621917542;863.1;30780;65.37010291595193;898.570102915952;Line 7;0;185.969714566655
-23.283749909;-46.621951303;868.2;30750;65.3063893653516;898.5063893653517;Line 7;0;185.969714566655
-23.284019009;-46.621985065;873.4;30720;65.24267581475125;898.4426758147513;Line 7;0;185.969714566655
-23.28428811;-46.622018827;873.2;30690;65.17896226415091;898.3789622641509;Line 7;0;185.969714566655
-23.28455721;-46.622052588;866.2;30660;65.11524871355057;898.3152487135507;Line 7;0;185.969714566655
-23.28482631;-46.622086351;859.1;30630;65.05153516295022;898.2515351629503;Line 7;0;185.969714566655
-23.28509541;-46.622120113;851.2;30600;64.98782161234989;898.1878216123499;Line 7;0;185.969714566655
-23.28536451;-46.622153875;842.6;30570;64.92410806174954;898.1241080617496;Line 7;0;185.969714566655
-23.28563361;-46.622187638;834.1;30540;64.8603945111492;898.0603945111493;Line 7;0;185.969714566655
-23.28590271;-46.622221401;827.5;30510;64.79668096054885;897.9966809605489;Line 7;0;185.969714566655
-23.28617181;-46.622255164;825.7;30480;64.7329674099485;897.9329674099486;Line 7;0;185.969714566655
-23.28644091;-46.622288927;823.7;30450;64.66925385934817;897.8692538593482;Line 7;0;185.969714566655
-23.28671001;-46.62232269;822.1;30420;64.60554030874782;897.8055403087478;Line 7;0;185.969714566655
-23.28697911;-46.622356454;823.5;30390;64.54182675814748;897.7418267581476;Line 7;0;185.969714566655
-23.28724821;-46.622390217;824.8;30360;64.47811320754714;897.6781132075472;Line 7;0;185.969714566655
-23.28751731;-46.622423981;826.1;30330;64.4143996569468;897.6143996569468;Line 7;0;185.969714566655
-23.28778641;-46.622457745;830.0;30300;64.35068610634646;897.5506861063465;Line 7;0;185.969714566655
-23.28805551;-46.622491509;833.8;30270;64.2869725557461;897.4869725557462;Line 7;0;185.969714566655
-23.28832461;-46.622525274;837.6;30240;64.22325900514576;897.4232590051458;Line 7;0;185.969714566655
-23.288593709;-46.622559038;836.0;30210;64.15954545454542;897.3595454545455;Line 7;0;185.969714566655
-23.288862809;-46.622592803;834.5;30180;64.09583190394508;897.2958319039451;Line 7;0;185.969714566655
-23.289131909;-46.622626568;833.3;30150;64.03211835334474;897.2321183533447;Line 7;0;185.969714566655
-23.289401009;-46.622660333;837.3;30120;63.968404802744395;897.1684048027445;Line 7;0;185.969714566655
-23.289670108;-46.622694098;842.3;30090;63.90469125214405;897.1046912521441;Line 7;0;185.969714566655
-23.289939208;-46.622727864;847.3;30060;63.84097770154371;897.0409777015437;Line 7;0;185.969714566655
-23.290208308;-46.622761629;853.9;30030;63.77726415094336;896.9772641509434;Line 7;0;185.969714566655
-23.290477407;-46.622795395;860.9;30000;63.71355060034303;896.9135506003431;Line 7;0;185.969714566655
-23.290746507;-46.622829161;867.6;29970;63.64983704974268;896.8498370497427;Line 7;0;185.969714566655
-23.291015607;-46.622862927;871.6;29940;63.58612349914233;896.7861234991424;Line 7;0;185.969714566655
-23.291284706;-46.622896693;874.2;29910;63.52240994854199;896.722409948542;Line 7;0;185.969714566655
-23.291553806;-46.622930459;876.8;29880;63.458696397941644;896.6586963979416;Line 7;0;185.969714566655
-23.291822905;-46.622964226;880.7;29850;63.39498284734131;896.5949828473414;Line 7;0;185.969714566655
-23.292092005;-46.622997993;885.5;29820;63.33126929674096;896.531269296741;Line 7;0;185.969714566655
-23.292361104;-46.62303176;889.9;29790;63.267555746140616;896.4675557461406;Line 7;0;185.969714566655
-23.292630204;-46.623065527;893.6;29760;63.20384219554028;896.4038421955403;Line 7;0;185.969714566655
-23.292899303;-46.623099294;896.5;29730;63.14012864493993;896.34012864494;Line 7;1;185.969714566655
-23.293168403;-46.623133061;899.1;29700;63.076415094339595;896.2764150943397;Line 7;1;185.969714566655
-23.293437502;-46.623166829;901.7;29670;63.01270154373925;896.2127015437393;Line 7;1;185.969714566655
-23.293706601;-46.623200597;904.8;29640;62.9489879931389;896.1489879931389;Line 7;1;185.969714566655
-23.293975701;-46.623234365;907.8;29610;62.88527444253857;896.0852744425387;Line 7;1;185.969714566655
-23.2942448;-46.623268133;912.1;29580;62.82156089193822;896.0215608919383;Line 7;1;185.969714566655
-23.294513899;-46.623301901;919.2;29550;62.75784734133788;895.9578473413379;Line 7;1;185.969714566655
-23.294782999;-46.62333567;926.5;29520;62.69413379073753;895.8941337907376;Line 7;1;185.969714566655
-23.295052098;-46.623369438;934.0;29490;62.630420240137184;895.8304202401372;Line 7;1;185.969714566655
-23.295321197;-46.623403207;940.0;29460;62.56670668953685;895.7667066895369;Line 7;1;185.969714566655
-23.295590296;-46.623436976;946.0;29430;62.5029931389365;895.7029931389366;Line 7;1;185.969714566655
-23.295859395;-46.623470745;952.2;29400;62.43927958833616;895.6392795883362;Line 7;1;185.969714566655
-23.296128495;-46.623504514;958.8;29370;62.375566037735815;895.5755660377358;Line 7;1;185.969714566655
-23.296397594;-46.623538284;965.5;29340;62.31185248713548;895.5118524871356;Line 7;1;185.969714566655
-23.296666693;-46.623572053;972.3;29310;62.248138936535135;895.4481389365352;Line 7;1;185.969714566655
-23.296935792;-46.623605823;982.7;29280;62.18442538593479;895.3844253859348;Line 7;1;185.969714566655
-23.297204891;-46.623639593;993.1;29250;62.12071183533445;895.3207118353345;Line 7;1;185.969714566655
-23.29747399;-46.623673363;1003.6;29220;62.0569982847341;895.2569982847341;Line 7;1;185.969714566655
-23.297743089;-46.623707134;1007.7;29190;61.993284734133766;895.1932847341338;Line 7;1;185.969714566655
-23.298012188;-46.623740904;1011.3;29160;61.92957118353342;895.1295711835335;Line 7;1;185.969714566655
-23.298281287;-46.623774675;1015.3;29130;61.86585763293307;895.0658576329331;Line 7;1;185.969714566655
-23.298550386;-46.623808446;1013.4;29100;61.80214408233274;895.0021440823327;Line 7;1;185.969714566655
-23.298819485;-46.623842217;1010.0;29070;61.738430531732384;894.9384305317325;Line 7;1;185.969714566655
-23.299088584;-46.623875988;1006.6;29040;61.67471698113205;894.8747169811321;Line 7;1;185.969714566655
-23.299357683;-46.623909759;999.3;29010;61.6110034305317;894.8110034305317;Line 7;1;185.969714566655
-23.299626781;-46.623943531;990.3;28980;61.547289879931355;894.7472898799314;Line 7;1;185.969714566655
-23.29989588;-46.623977303;981.1;28950;61.48357632933102;894.6835763293311;Line 7;1;185.969714566655
-23.300164979;-46.624011075;970.4;28920;61.419862778730675;894.6198627787307;Line 7;1;185.969714566655
-23.300434078;-46.624044847;958.8;28890;61.356149228130334;894.5561492281304;Line 7;1;185.969714566655
-23.300703177;-46.624078619;947.1;28860;61.29243567752999;894.49243567753;Line 7;1;185.969714566655
-23.300972275;-46.624112391;938.3;28830;61.22872212692964;894.4287221269296;Line 7;1;185.969714566655
-23.301241374;-46.624146164;932.0;28800;61.165008576329306;894.3650085763294;Line 7;1;185.969714566655
-23.301510473;-46.624179936;926.2;28770;61.10129502572896;894.301295025729;Line 7;1;185.969714566655
-23.301779571;-46.624213709;924.4;28740;61.03758147512862;894.2375814751286;Line 7;1;185.969714566655
-23.30204867;-46.624247482;927.8;28710;60.97386792452827;894.1738679245283;Line 7;1;185.969714566655
-23.302317768;-46.624281256;931.3;28680;60.910154373927924;894.110154373928;Line 7;1;185.969714566655
-23.302586867;-46.624315029;934.5;28650;60.84644082332759;894.0464408233277;Line 7;1;185.969714566655
-23.302855966;-46.624348803;936.8;28620;60.78272727272724;893.9827272727273;Line 7;1;185.969714566655
-23.303125064;-46.624382576;938.9;28590;60.7190137221269;893.9190137221269;Line 7;1;185.969714566655
-23.303394163;-46.62441635;939.1;28560;60.655300171526555;893.8553001715266;Line 7;1;185.969714566655
-23.303663261;-46.624450124;933.6;28530;60.59158662092621;893.7915866209263;Line 7;1;185.969714566655
-23.30393236;-46.624483899;928.3;28500;60.527873070325874;893.7278730703259;Line 7;1;185.969714566655
-23.304201458;-46.624517673;922.9;28470;60.46415951972553;893.6641595197256;Line 7;1;185.969714566655
-23.304470556;-46.624551448;915.8;28440;60.400445969125194;893.6004459691252;Line 7;1;185.969714566655
-23.304739655;-46.624585223;908.2;28410;60.33673241852484;893.5367324185249;Line 7;1;185.969714566655
-23.305008753;-46.624618998;900.2;28380;60.27301886792449;893.4730188679246;Line 7;1;185.969714566655
-23.305277852;-46.624652773;895.3;28350;60.20930531732416;893.4093053173242;Line 7;1;185.969714566655
-23.30554695;-46.624686548;889.9;28320;60.14559176672381;893.3455917667238;Line 7;0;185.969714566655
-23.305816048;-46.624720323;884.1;28290;60.08187821612348;893.2818782161236;Line 7;0;185.969714566655
-23.306085146;-46.624754099;883.3;28260;60.01816466552312;893.2181646655232;Line 7;0;185.969714566655
-23.306354245;-46.624787875;882.5;28230;59.954451114922776;893.1544511149228;Line 7;0;185.969714566655
-23.306623343;-46.624821651;881.2;28200;59.89073756432244;893.0907375643225;Line 7;0;185.969714566655
-23.306892441;-46.624855427;883.9;28170;59.827024013722095;893.0270240137221;Line 7;0;185.969714566655
-23.307161539;-46.624889203;887.5;28140;59.763310463121755;892.9633104631218;Line 7;0;185.969714566655
-23.307430637;-46.62492298;891.1;28110;59.699596912521415;892.8995969125215;Line 7;0;185.969714566655
-23.307699736;-46.624956757;893.8;28080;59.63588336192107;892.8358833619211;Line 7;1;185.969714566655
-23.307968834;-46.624990533;895.7;28050;59.57216981132073;892.7721698113207;Line 7;1;185.969714566655
-23.308237932;-46.62502431;897.3;28020;59.50845626072038;892.7084562607204;Line 7;1;185.969714566655
-23.30850703;-46.625058088;899.8;27990;59.44474271012004;892.6447427101201;Line 7;1;185.969714566655
-23.308776128;-46.625091865;903.1;27960;59.3810291595197;892.5810291595197;Line 7;1;185.969714566655
-23.309045226;-46.625125642;906.5;27930;59.31731560891935;892.5173156089194;Line 7;1;185.969714566655
-23.309314324;-46.62515942;911.9;27900;59.25360205831901;892.453602058319;Line 7;1;185.969714566655
-23.309583422;-46.625193198;919.1;27870;59.18988850771866;892.3898885077188;Line 7;1;185.969714566655
-23.30985252;-46.625226976;926.5;27840;59.12617495711832;892.3261749571184;Line 7;1;185.969714566655
-23.310121618;-46.625260754;934.5;27810;59.06246140651798;892.262461406518;Line 7;1;185.969714566655
-23.310390715;-46.625294533;942.5;27780;58.99874785591764;892.1987478559176;Line 7;1;185.969714566655
-23.310659813;-46.625328311;950.3;27750;58.935034305317295;892.1350343053174;Line 7;1;185.969714566655
-23.310928911;-46.62536209;956.8;27720;58.87132075471695;892.071320754717;Line 7;1;185.969714566655
-23.311198009;-46.625395869;961.3;27690;58.80760720411661;892.0076072041167;Line 7;1;185.969714566655
-23.311467107;-46.625429648;965.7;27660;58.74389365351627;891.9438936535163;Line 7;1;185.969714566655
-23.311736205;-46.625463427;967.5;27630;58.68018010291593;891.880180102916;Line 7;1;185.969714566655
-23.312005302;-46.625497206;962.7;27600;58.61646655231558;891.8164665523157;Line 7;1;185.969714566655
-23.3122744;-46.625530986;957.9;27570;58.55275300171523;891.7527530017153;Line 7;1;185.969714566655
-23.312543498;-46.625564766;953.4;27540;58.48903945111489;891.6890394511149;Line 7;1;185.969714566655
-23.312812595;-46.625598546;950.2;27510;58.42532590051455;891.6253259005146;Line 7;1;185.969714566655
-23.313081693;-46.625632326;947.3;27480;58.36161234991421;891.5616123499143;Line 7;1;185.969714566655
-23.313350791;-46.625666106;945.2;27450;58.29789879931387;891.4978987993139;Line 7;1;185.969714566655
-23.313619888;-46.625699887;950.9;27420;58.23418524871352;891.4341852487136;Line 7;1;185.969714566655
-23.313888986;-46.625733667;956.6;27390;58.170471698113175;891.3704716981132;Line 7;1;185.969714566655
-23.314158083;-46.625767448;962.1;27360;58.106758147512835;891.3067581475129;Line 7;1;185.969714566655
-23.314427181;-46.625801229;971.2;27330;58.043044596912495;891.2430445969126;Line 7;1;185.969714566655
-23.314696278;-46.62583501;980.7;27300;57.979331046312154;891.1793310463122;Line 7;1;185.969714566655
-23.314965376;-46.625868791;990.3;27270;57.91561749571181;891.1156174957118;Line 7;1;185.969714566655
-23.315234473;-46.625902573;990.7;27240;57.85190394511146;891.0519039451115;Line 7;1;185.969714566655
-23.315503571;-46.625936354;989.8;27210;57.78819039451112;890.9881903945112;Line 7;1;185.969714566655
-23.315772668;-46.625970136;988.8;27180;57.72447684391078;890.9244768439108;Line 7;1;185.969714566655
-23.316041766;-46.626003918;984.7;27150;57.66076329331044;890.8607632933105;Line 7;1;185.969714566655
-23.316310863;-46.6260377;979.8;27120;57.5970497427101;890.7970497427101;Line 7;1;185.969714566655
-23.31657996;-46.626071483;975.0;27090;57.53333619210974;890.7333361921098;Line 7;1;185.969714566655
-23.316849058;-46.626105265;969.2;27060;57.4696226415094;890.6696226415095;Line 7;1;185.969714566655
-23.317118155;-46.626139048;963.2;27030;57.40590909090906;890.6059090909091;Line 7;1;185.969714566655
-23.317387252;-46.626172831;957.3;27000;57.34219554030872;890.5421955403087;Line 7;1;185.969714566655
-23.31765635;-46.626206614;951.3;26970;57.27848198970838;890.4784819897084;Line 7;1;185.969714566655
-23.317925447;-46.626240397;944.9;26940;57.214768439108035;890.4147684391081;Line 7;1;185.969714566655
-23.318194544;-46.62627418;938.3;26910;57.15105488850769;890.3510548885077;Line 7;1;185.969714566655
-23.318463641;-46.626307964;933.0;26880;57.08734133790735;890.2873413379074;Line 7;1;185.969714566655
-23.318732738;-46.626341747;929.1;26850;57.02362778730701;890.223627787307;Line 7;1;185.969714566655
-23.319001835;-46.626375531;925.0;26820;56.959914236706666;890.1599142367068;Line 7;1;185.969714566655
-23.319270933;-46.626409315;921.4;26790;56.89620068610632;890.0962006861064;Line 7;1;185.969714566655
-23.31954003;-46.626443099;918.8;26760;56.83248713550597;890.032487135506;Line 7;1;185.969714566655
-23.319809127;-46.626476884;916.4;26730;56.76877358490563;889.9687735849056;Line 7;1;185.969714566655
-23.320078224;-46.626510668;913.5;26700;56.70506003430529;889.9050600343053;Line 7;1;185.969714566655
-23.320347321;-46.626544453;909.4;26670;56.64134648370495;889.841346483705;Line 7;1;185.969714566655
-23.320616418;-46.626578238;905.5;26640;56.5776329331046;889.7776329331047;Line 7;1;185.969714566655
-23.320885515;-46.626612023;901.9;26610;56.513919382504255;889.7139193825043;Line 7;1;185.969714566655
-23.321154612;-46.626645808;897.8;26580;56.450205831903915;889.6502058319039;Line 7;1;185.969714566655
-23.321423708;-46.626679594;893.8;26550;56.386492281303575;889.5864922813037;Line 7;1;185.969714566655
-23.321692805;-46.626713379;889.9;26520;56.322778730703234;889.5227787307033;Line 7;1;185.969714566655
-23.321961902;-46.626747165;885.9;26490;56.25906518010289;889.4590651801029;Line 7;0;185.969714566655
-23.322230999;-46.626780951;882.1;26460;56.19535162950255;889.3953516295026;Line 7;0;185.969714566655
-23.322500096;-46.626814737;878.2;26430;56.1316380789022;889.3316380789022;Line 7;0;185.969714566655
-23.322769193;-46.626848523;873.5;26400;56.06792452830186;889.2679245283019;Line 7;0;185.969714566655
-23.323038289;-46.62688231;868.8;26370;56.00421097770152;889.2042109777016;Line 7;0;185.969714566655
-23.323307386;-46.626916096;864.4;26340;55.94049742710117;889.1404974271012;Line 7;0;185.969714566655
-23.323576483;-46.626949883;858.3;26310;55.87678387650083;889.0767838765008;Line 7;0;185.969714566655
-23.32384558;-46.62698367;852.2;26280;55.81307032590048;889.0130703259006;Line 7;0;185.969714566655
-23.324114676;-46.627017457;846.3;26250;55.74935677530014;888.9493567753002;Line 7;0;185.969714566655
-23.324383773;-46.627051244;840.9;26220;55.6856432246998;888.8856432246998;Line 7;0;185.969714566655
-23.32465287;-46.627085032;835.4;26190;55.62192967409946;888.8219296740995;Line 7;0;185.969714566655
-23.324921966;-46.627118819;829.9;26160;55.558216123499115;888.7582161234992;Line 7;0;185.969714566655
-23.325191063;-46.627152607;823.0;26130;55.494502572898774;888.6945025728988;Line 7;0;185.969714566655
-23.325460159;-46.627186395;815.4;26100;55.43078902229843;888.6307890222985;Line 7;0;185.969714566655
-23.325729256;-46.627220183;807.8;26070;55.36707547169809;888.5670754716981;Line 7;0;185.969714566655
-23.325998352;-46.627253972;800.0;26040;55.303361921097746;888.5033619210978;Line 7;0;185.969714566655
-23.326267449;-46.62728776;792.3;26010;55.2396483704974;888.4396483704975;Line 7;0;185.969714566655
-23.326536545;-46.627321549;784.6;25980;55.17593481989706;888.3759348198971;Line 7;0;185.969714566655
-23.326805642;-46.627355338;776.7;25950;55.11222126929671;888.3122212692967;Line 7;0;185.969714566655
-23.327074738;-46.627389127;768.5;25920;55.04850771869637;888.2485077186964;Line 7;0;185.969714566655
-23.327343835;-46.627422916;760.1;25890;54.98479416809603;888.1847941680961;Line 7;0;185.969714566655
-23.327612931;-46.627456705;754.7;25860;54.92108061749568;888.1210806174957;Line 7;0;185.969714566655
-23.327882027;-46.627490495;753.6;25830;54.85736706689534;888.0573670668954;Line 7;0;185.969714566655
-23.328151124;-46.627524284;752.7;25800;54.793653516295;887.993653516295;Line 7;0;185.969714566655
-23.32842022;-46.627558074;752.4;25770;54.729939965694655;887.9299399656948;Line 7;0;185.969714566655
-23.328689316;-46.627591864;753.5;25740;54.666226415094314;887.8662264150944;Line 7;0;185.969714566655
-23.328958412;-46.627625654;754.5;25710;54.60251286449397;887.802512864494;Line 7;0;185.969714566655
-23.329227509;-46.627659445;757.4;25680;54.53879931389363;887.7387993138937;Line 7;0;185.969714566655
-23.329496605;-46.627693235;767.0;25650;54.475085763293286;887.6750857632933;Line 7;0;185.969714566655
-23.329765701;-46.627727026;776.7;25620;54.41137221269294;887.611372212693;Line 7;0;185.969714566655
-23.330034797;-46.627760817;785.7;25590;54.3476586620926;887.5476586620927;Line 7;0;185.969714566655
-23.330303893;-46.627794608;790.5;25560;54.28394511149225;887.4839451114923;Line 7;0;185.969714566655
-23.330572989;-46.627828399;794.9;25530;54.22023156089191;887.4202315608919;Line 7;0;185.969714566655
-23.330842085;-46.627862191;798.9;25500;54.15651801029157;887.3565180102917;Line 7;0;185.969714566655
-23.331111182;-46.627895982;802.4;25470;54.09280445969123;887.2928044596913;Line 7;0;185.969714566655
-23.331380278;-46.627929774;806.2;25440;54.02909090909088;887.2290909090909;Line 7;0;185.969714566655
-23.331649374;-46.627963566;810.1;25410;53.965377358490535;887.1653773584906;Line 7;0;185.969714566655
-23.33191847;-46.627997358;813.6;25380;53.901663807890195;887.1016638078902;Line 7;0;185.969714566655
-23.332187566;-46.62803115;817.2;25350;53.837950257289855;887.0379502572899;Line 7;0;185.969714566655
-23.332456661;-46.628064943;821.0;25320;53.774236706689514;886.9742367066896;Line 7;0;185.969714566655
-23.332725757;-46.628098735;820.1;25290;53.71052315608917;886.9105231560892;Line 7;0;185.969714566655
-23.332994853;-46.628132528;818.0;25260;53.64680960548882;886.8468096054888;Line 7;0;185.969714566655
-23.333263949;-46.628166321;815.5;25230;53.58309605488848;886.7830960548886;Line 7;0;185.969714566655
-23.333533045;-46.628200114;810.6;25200;53.51938250428814;886.7193825042882;Line 7;0;185.969714566655
-23.333802141;-46.628233907;804.9;25170;53.4556689536878;886.6556689536878;Line 7;0;185.969714566655
-23.334071237;-46.628267701;799.1;25140;53.39195540308746;886.5919554030875;Line 7;0;185.969714566655
-23.334340332;-46.628301494;792.6;25110;53.3282418524871;886.5282418524871;Line 7;0;185.969714566655
-23.334609428;-46.628335288;785.9;25080;53.26452830188676;886.4645283018868;Line 7;0;185.969714566655
-23.334878524;-46.628369082;779.0;25050;53.20081475128642;886.4008147512865;Line 7;0;185.969714566655
-23.33514762;-46.628402876;773.5;25020;53.13710120068608;886.3371012006861;Line 7;0;185.969714566655
-23.335416715;-46.628436671;769.6;24990;53.07338765008574;886.2733876500857;Line 7;0;185.969714566655
-23.335685811;-46.628470465;766.2;24960;53.00967409948539;886.2096740994855;Line 7;0;185.969714566655
-23.335954907;-46.62850426;764.2;24930;52.94596054888505;886.1459605488851;Line 7;0;185.969714566655
-23.336224002;-46.628538055;763.6;24900;52.88224699828471;886.0822469982847;Line 7;0;185.969714566655
-23.336493098;-46.62857185;763.0;24870;52.818533447684366;886.0185334476844;Line 7;0;185.969714566655
-23.336762193;-46.628605645;762.1;24840;52.754819897084026;885.9548198970841;Line 7;0;185.969714566655
-23.337031289;-46.62863944;760.5;24810;52.691106346483686;885.8911063464838;Line 7;0;185.969714566655
-23.337300384;-46.628673236;759.0;24780;52.62739279588333;885.8273927958834;Line 7;0;185.969714566655
-23.33756948;-46.628707031;757.9;24750;52.56367924528299;885.763679245283;Line 7;0;185.969714566655
-23.337838575;-46.628740827;757.8;24720;52.49996569468265;885.6999656946826;Line 7;0;185.969714566655
-23.338107671;-46.628774623;757.6;24690;52.43625214408231;885.6362521440824;Line 7;0;185.969714566655
-23.338376766;-46.628808419;757.9;24660;52.37253859348197;885.572538593482;Line 7;0;185.969714566655
-23.338645861;-46.628842216;761.0;24630;52.308825042881615;885.5088250428817;Line 7;0;185.969714566655
-23.338914957;-46.628876012;763.9;24600;52.245111492281275;885.4451114922813;Line 7;0;185.969714566655
-23.339184052;-46.628909809;766.9;24570;52.181397941680935;885.381397941681;Line 7;0;185.969714566655
-23.339453148;-46.628943606;771.6;24540;52.117684391080594;885.3176843910807;Line 7;0;185.969714566655
-23.339722243;-46.628977403;776.2;24510;52.053970840480254;885.2539708404803;Line 7;0;185.969714566655
-23.339991338;-46.6290112;780.7;24480;51.99025728987991;885.1902572898799;Line 7;0;185.969714566655
-23.340260433;-46.629044998;781.0;24450;51.92654373927956;885.1265437392796;Line 7;0;185.969714566655
-23.340529529;-46.629078795;781.0;24420;51.86283018867922;885.0628301886793;Line 7;0;185.969714566655
-23.340798624;-46.629112593;780.9;24390;51.79911663807888;884.9991166380789;Line 7;0;185.969714566655
-23.341067719;-46.629146391;785.0;24360;51.73540308747854;884.9354030874786;Line 7;0;185.969714566655
-23.341336814;-46.629180189;790.1;24330;51.67168953687819;884.8716895368782;Line 7;0;185.969714566655
-23.341605909;-46.629213987;795.3;24300;51.60797598627784;884.8079759862779;Line 7;0;185.969714566655
-23.341875004;-46.629247786;796.6;24270;51.5442624356775;884.7442624356776;Line 7;0;185.969714566655
-23.342144099;-46.629281584;796.8;24240;51.48054888507716;884.6805488850772;Line 7;0;185.969714566655
-23.342413194;-46.629315383;797.1;24210;51.41683533447682;884.6168353344768;Line 7;0;185.969714566655
-23.342682289;-46.629349182;797.2;24180;51.353121783876475;884.5531217838766;Line 7;0;185.969714566655
-23.342951384;-46.629382981;796.9;24150;51.289408233276134;884.4894082332762;Line 7;0;185.969714566655
-23.343220479;-46.62941678;796.5;24120;51.22569468267579;884.4256946826758;Line 7;0;185.969714566655
-23.343489574;-46.62945058;797.7;24090;51.16198113207545;884.3619811320755;Line 7;0;185.969714566655
-23.343758669;-46.62948438;800.2;24060;51.098267581475106;884.2982675814751;Line 7;0;185.969714566655
-23.344027764;-46.629518179;802.5;24030;51.03455403087476;884.2345540308748;Line 7;0;185.969714566655
-23.344296859;-46.629551979;805.5;24000;50.97084048027442;884.1708404802745;Line 7;0;185.969714566655
-23.344565954;-46.629585779;809.6;23970;50.90712692967407;884.1071269296741;Line 7;0;185.969714566655
-23.344835049;-46.62961958;814.1;23940;50.84341337907373;884.0434133790737;Line 7;0;185.969714566655
-23.345104144;-46.62965338;818.1;23910;50.77969982847339;883.9796998284735;Line 7;0;185.969714566655
-23.345373239;-46.629687181;821.2;23880;50.71598627787304;883.9159862778731;Line 7;0;185.969714566655
-23.345642333;-46.629720982;824.2;23850;50.6522727272727;883.8522727272727;Line 7;0;185.969714566655
-23.345911428;-46.629754783;825.2;23820;50.58855917667236;883.7885591766724;Line 7;0;185.969714566655
-23.346180523;-46.629788584;821.5;23790;50.524845626072015;883.724845626072;Line 7;0;185.969714566655
-23.346449617;-46.629822385;817.7;23760;50.461132075471674;883.6611320754718;Line 7;0;185.969714566655
-23.346718712;-46.629856187;813.3;23730;50.39741852487133;883.5974185248714;Line 7;0;185.969714566655
-23.346987807;-46.629889989;806.4;23700;50.33370497427099;883.533704974271;Line 7;0;185.969714566655
-23.347256901;-46.62992379;799.5;23670;50.269991423670646;883.4699914236706;Line 7;0;185.969714566655
-23.347525996;-46.629957592;793.0;23640;50.2062778730703;883.4062778730704;Line 7;0;185.969714566655
-23.347795091;-46.629991395;787.8;23610;50.14256432246996;883.34256432247;Line 7;0;185.969714566655
-23.348064185;-46.630025197;782.6;23580;50.07885077186962;883.2788507718697;Line 7;0;185.969714566655
-23.34833328;-46.630059;777.7;23550;50.01513722126927;883.2151372212693;Line 7;0;185.969714566655
-23.348602374;-46.630092802;778.0;23520;49.95142367066893;883.1514236706689;Line 7;0;185.969714566655
-23.348871469;-46.630126605;778.5;23490;49.88771012006859;883.0877101200687;Line 7;0;185.969714566655
-23.349140563;-46.630160408;779.3;23460;49.82399656946824;883.0239965694683;Line 7;0;185.969714566655
-23.349409658;-46.630194211;780.8;23430;49.7602830188679;882.9602830188679;Line 7;0;185.969714566655
-23.349678752;-46.630228015;782.4;23400;49.696569468267555;882.8965694682676;Line 7;0;185.969714566655
-23.349947846;-46.630261818;783.9;23370;49.632855917667214;882.8328559176673;Line 7;0;185.969714566655
-23.350216941;-46.630295622;786.7;23340;49.569142367066874;882.7691423670669;Line 7;0;185.969714566655
-23.350486035;-46.630329426;789.9;23310;49.50542881646653;882.7054288164666;Line 7;0;185.969714566655
-23.350755129;-46.63036323;793.3;23280;49.441715265866186;882.6417152658662;Line 7;0;185.969714566655
-23.351024224;-46.630397035;797.9;23250;49.37800171526584;882.5780017152658;Line 7;0;185.969714566655
-23.351293318;-46.630430839;803.0;23220;49.3142881646655;882.5142881646656;Line 7;0;185.969714566655
-23.351562412;-46.630464644;808.2;23190;49.25057461406516;882.4505746140652;Line 7;0;185.969714566655
-23.351831506;-46.630498448;813.1;23160;49.18686106346482;882.3868610634648;Line 7;0;185.969714566655
-23.352100601;-46.630532253;818.1;23130;49.12314751286447;882.3231475128645;Line 7;0;185.969714566655
-23.352369695;-46.630566058;823.2;23100;49.05943396226412;882.2594339622642;Line 7;0;185.969714566655
-23.352638789;-46.630599864;827.6;23070;48.99572041166378;882.1957204116638;Line 7;0;185.969714566655
-23.352907883;-46.630633669;831.2;23040;48.93200686106344;882.1320068610635;Line 7;0;185.969714566655
-23.353176977;-46.630667475;834.5;23010;48.8682933104631;882.0682933104631;Line 7;0;185.969714566655
-23.353446071;-46.630701281;836.6;22980;48.804579759862754;882.0045797598628;Line 7;0;185.969714566655
-23.353715165;-46.630735087;836.9;22950;48.74086620926241;881.9408662092625;Line 7;0;185.969714566655
-23.353984259;-46.630768893;836.8;22920;48.67715265866207;881.8771526586621;Line 7;0;185.969714566655
-23.354253353;-46.630802699;833.8;22890;48.613439108061726;881.8134391080617;Line 7;0;185.969714566655
-23.354522447;-46.630836506;825.3;22860;48.549725557461386;881.7497255574615;Line 7;0;185.969714566655
-23.354791541;-46.630870312;816.6;22830;48.486012006861046;881.6860120068611;Line 7;0;185.969714566655
-23.355060635;-46.630904119;808.7;22800;48.42229845626069;881.6222984562608;Line 7;0;185.969714566655
-23.355329729;-46.630937926;802.9;22770;48.35858490566035;881.5585849056604;Line 7;0;185.969714566655
-23.355598823;-46.630971733;797.5;22740;48.29487135506001;881.49487135506;Line 7;0;185.969714566655
-23.355867917;-46.631005541;792.9;22710;48.23115780445967;881.4311578044598;Line 7;0;185.969714566655
-23.356137011;-46.631039348;792.5;22680;48.16744425385933;881.3674442538594;Line 7;0;185.969714566655
-23.356406105;-46.631073156;791.9;22650;48.103730703258975;881.303730703259;Line 7;0;185.969714566655
-23.356675198;-46.631106964;791.5;22620;48.040017152658635;881.2400171526587;Line 7;0;185.969714566655
-23.356944292;-46.631140772;795.9;22590;47.976303602058294;881.1763036020584;Line 7;0;185.969714566655
-23.357213386;-46.63117458;800.1;22560;47.912590051457954;881.112590051458;Line 7;0;185.969714566655
-23.35748248;-46.631208388;804.1;22530;47.848876500857614;881.0488765008577;Line 7;0;185.969714566655
-23.357751573;-46.631242197;806.8;22500;47.785162950257266;880.9851629502573;Line 7;0;185.969714566655
-23.358020667;-46.631276006;809.4;22470;47.72144939965692;880.9214493996569;Line 7;0;185.969714566655
-23.358289761;-46.631309815;812.1;22440;47.65773584905658;880.8577358490567;Line 7;0;185.969714566655
-23.358558854;-46.631343624;806.9;22410;47.59402229845624;880.7940222984563;Line 7;0;185.969714566655
-23.358827948;-46.631377433;800.0;22380;47.5303087478559;880.7303087478559;Line 7;0;185.969714566655
-23.359097041;-46.631411242;793.2;22350;47.46659519725556;880.6665951972556;Line 7;0;185.969714566655
-23.359366135;-46.631445052;787.3;22320;47.4028816466552;880.6028816466553;Line 7;0;185.969714566655
-23.359635229;-46.631478862;781.6;22290;47.33916809605486;880.5391680960549;Line 7;0;185.969714566655
-23.359904322;-46.631512672;775.7;22260;47.27545454545452;880.4754545454546;Line 7;0;185.969714566655
-23.360173416;-46.631546482;773.6;22230;47.21174099485418;880.4117409948542;Line 7;0;185.969714566655
-23.360442509;-46.631580292;773.7;22200;47.14802744425384;880.3480274442538;Line 7;0;185.969714566655
-23.360711602;-46.631614103;773.7;22170;47.084313893653494;880.2843138936536;Line 7;0;185.969714566655
-23.360980696;-46.631647913;773.5;22140;47.02060034305315;880.2206003430532;Line 7;0;185.969714566655
-23.361249789;-46.631681724;773.3;22110;46.956886792452806;880.1568867924528;Line 7;0;185.969714566655
-23.361518883;-46.631715535;773.2;22080;46.893173241852466;880.0931732418525;Line 7;0;185.969714566655
-23.361787976;-46.631749346;775.6;22050;46.829459691252126;880.0294596912522;Line 7;0;185.969714566655
-23.362057069;-46.631783157;781.0;22020;46.76574614065178;879.9657461406518;Line 7;0;185.969714566655
-23.362326163;-46.631816969;786.3;21990;46.70203259005143;879.9020325900515;Line 7;0;185.969714566655
-23.362595256;-46.631850781;791.4;21960;46.63831903945109;879.8383190394511;Line 7;0;185.969714566655
-23.362864349;-46.631884592;796.2;21930;46.57460548885075;879.7746054888507;Line 7;0;185.969714566655
-23.363133442;-46.631918404;800.9;21900;46.51089193825041;879.7108919382505;Line 7;0;185.969714566655
-23.363402535;-46.631952216;806.1;21870;46.44717838765006;879.6471783876501;Line 7;0;185.969714566655
-23.363671629;-46.631986029;813.2;21840;46.38346483704972;879.5834648370497;Line 7;0;185.969714566655
-23.363940722;-46.632019841;820.4;21810;46.319751286449375;879.5197512864494;Line 7;0;185.969714566655
-23.364209815;-46.632053654;827.8;21780;46.256037735849034;879.4560377358491;Line 7;0;185.969714566655
-23.364478908;-46.632087467;834.6;21750;46.192324185248694;879.3923241852488;Line 7;0;185.969714566655
-23.364748001;-46.63212128;841.6;21720;46.128610634648346;879.3286106346484;Line 7;0;185.969714566655
-23.365017094;-46.632155093;848.9;21690;46.064897084048006;879.264897084048;Line 7;0;185.969714566655
-23.365286187;-46.632188906;855.1;21660;46.00118353344766;879.2011835334476;Line 7;0;185.969714566655
-23.36555528;-46.63222272;861.7;21630;45.93746998284732;879.1374699828474;Line 7;0;185.969714566655
-23.365824373;-46.632256534;868.7;21600;45.87375643224698;879.073756432247;Line 7;0;185.969714566655
-23.366093466;-46.632290348;871.0;21570;45.81004288164663;879.0100428816467;Line 7;0;185.969714566655
-23.366362559;-46.632324162;873.1;21540;45.74632933104629;878.9463293310463;Line 7;0;185.969714566655
-23.366631652;-46.632357976;875.3;21510;45.68261578044595;878.882615780446;Line 7;0;185.969714566655
-23.366900745;-46.63239179;872.0;21480;45.6189022298456;878.8189022298457;Line 7;0;185.969714566655
-23.367169838;-46.632425605;867.6;21450;45.55518867924526;878.7551886792453;Line 7;0;185.969714566655
-23.367438931;-46.63245942;862.8;21420;45.491475128644915;878.6914751286449;Line 7;0;185.969714566655
-23.367708023;-46.632493235;856.2;21390;45.427761578044574;878.6277615780447;Line 7;0;185.969714566655
-23.367977116;-46.63252705;849.5;21360;45.364048027444234;878.5640480274443;Line 7;0;185.969714566655
-23.368246209;-46.632560865;842.9;21330;45.30033447684389;878.5003344768439;Line 7;0;185.969714566655
-23.368515302;-46.63259468;838.3;21300;45.236620926243546;878.4366209262436;Line 7;0;185.969714566655
-23.368784394;-46.632628496;834.7;21270;45.1729073756432;878.3729073756432;Line 7;0;185.969714566655
-23.369053487;-46.632662312;831.0;21240;45.10919382504286;878.3091938250429;Line 7;0;185.969714566655
-23.36932258;-46.632696128;827.0;21210;45.04548027444252;878.2454802744426;Line 7;0;185.969714566655
-23.369591672;-46.632729944;822.6;21180;44.98176672384218;878.1817667238422;Line 7;0;185.969714566655
-23.369860765;-46.63276376;818.1;21150;44.91805317324183;878.1180531732418;Line 7;0;185.969714566655
-23.370129858;-46.632797577;814.9;21120;44.85433962264149;878.0543396226416;Line 7;0;185.969714566655
-23.37039895;-46.632831393;813.0;21090;44.79062607204114;877.9906260720412;Line 7;0;185.969714566655
-23.370668043;-46.63286521;811.1;21060;44.7269125214408;877.9269125214408;Line 7;0;185.969714566655
-23.370937135;-46.632899027;810.3;21030;44.66319897084046;877.8631989708405;Line 7;0;185.969714566655
-23.371206228;-46.632932844;811.1;21000;44.599485420240114;877.7994854202402;Line 7;0;185.969714566655
-23.37147532;-46.632966661;811.4;20970;44.535771869639774;877.7357718696398;Line 7;0;185.969714566655
-23.371744413;-46.633000479;813.0;20940;44.47205831903943;877.6720583190395;Line 7;0;185.969714566655
-23.372013505;-46.633034297;818.6;20910;44.408344768439086;877.6083447684391;Line 7;0;185.969714566655
-23.372282598;-46.633068114;824.1;20880;44.344631217838746;877.5446312178387;Line 7;0;185.969714566655
-23.37255169;-46.633101933;829.4;20850;44.280917667238405;877.4809176672385;Line 7;0;185.969714566655
-23.372820782;-46.633135751;834.6;20820;44.21720411663806;877.4172041166381;Line 7;0;185.969714566655
-23.373089875;-46.633169569;840.2;20790;44.15349056603771;877.3534905660377;Line 7;0;185.969714566655
-23.373358967;-46.633203388;845.5;20760;44.08977701543737;877.2897770154374;Line 7;0;185.969714566655
-23.373628059;-46.633237206;845.2;20730;44.02606346483703;877.2260634648371;Line 7;0;185.969714566655
-23.373897152;-46.633271025;845.1;20700;43.96234991423669;877.1623499142368;Line 7;0;185.969714566655
-23.374166244;-46.633304844;845.4;20670;43.89863636363634;877.0986363636364;Line 7;0;185.969714566655
-23.374435336;-46.633338663;846.7;20640;43.834922813035995;877.034922813036;Line 7;0;185.969714566655
-23.374704428;-46.633372483;848.2;20610;43.771209262435654;876.9712092624357;Line 7;0;185.969714566655
-23.37497352;-46.633406302;849.8;20580;43.707495711835314;876.9074957118354;Line 7;0;185.969714566655
-23.375242613;-46.633440122;852.7;20550;43.643782161234974;876.843782161235;Line 7;0;185.969714566655
-23.375511705;-46.633473942;855.7;20520;43.580068610634626;876.7800686106347;Line 7;0;185.969714566655
-23.375780797;-46.633507762;858.6;20490;43.51635506003428;876.7163550600343;Line 7;0;185.969714566655
-23.376049889;-46.633541582;862.8;20460;43.45264150943394;876.652641509434;Line 7;0;185.969714566655
-23.376318981;-46.633575403;867.2;20430;43.3889279588336;876.5889279588337;Line 7;0;185.969714566655
-23.376588073;-46.633609223;871.3;20400;43.32521440823326;876.5252144082333;Line 7;0;185.969714566655
-23.376857165;-46.633643044;873.7;20370;43.26150085763292;876.4615008576329;Line 7;0;185.969714566655
-23.377126257;-46.633676865;875.7;20340;43.19778730703256;876.3977873070326;Line 7;0;185.969714566655
-23.377395349;-46.633710686;877.7;20310;43.13407375643222;876.3340737564323;Line 7;1;185.969714566655
-23.377664441;-46.633744507;874.9;20280;43.07036020583188;876.2703602058319;Line 7;0;185.969714566655
-23.377933533;-46.633778329;868.6;20250;43.00664665523154;876.2066466552316;Line 7;0;185.969714566655
-23.378202625;-46.633812151;862.1;20220;42.9429331046312;876.1429331046312;Line 7;0;185.969714566655
-23.378471716;-46.633845972;853.9;20190;42.879219554030854;876.0792195540309;Line 7;0;185.969714566655
-23.378740808;-46.633879794;844.5;20160;42.81550600343051;876.0155060034306;Line 7;0;185.969714566655
-23.3790099;-46.633913616;835.1;20130;42.751792452830166;875.9517924528302;Line 7;0;185.969714566655
-23.379278992;-46.633947439;829.4;20100;42.688078902229826;875.8880789022298;Line 7;0;185.969714566655
-23.379548084;-46.633981261;828.7;20070;42.624365351629486;875.8243653516296;Line 7;0;185.969714566655
-23.379817175;-46.634015084;828.0;20040;42.56065180102914;875.7606518010292;Line 7;0;185.969714566655
-23.380086267;-46.634048907;829.9;20010;42.49693825042879;875.6969382504288;Line 7;0;185.969714566655
-23.380355359;-46.63408273;837.5;19980;42.43322469982845;875.6332246998285;Line 7;0;185.969714566655
-23.380624451;-46.634116553;845.4;19950;42.36951114922811;875.5695111492281;Line 7;0;185.969714566655
-23.380893542;-46.634150376;853.2;19920;42.30579759862777;875.5057975986279;Line 7;0;185.969714566655
-23.381162634;-46.6341842;860.0;19890;42.24208404802742;875.4420840480275;Line 7;0;185.969714566655
-23.381431725;-46.634218023;866.9;19860;42.17837049742708;875.3783704974271;Line 7;0;185.969714566655
-23.381700817;-46.634251847;873.4;19830;42.114656946826734;875.3146569468267;Line 7;0;185.969714566655
-23.381969909;-46.634285671;876.5;19800;42.050943396226394;875.2509433962265;Line 7;1;185.969714566655
-23.382239;-46.634319496;879.9;19770;41.987229845626054;875.1872298456261;Line 7;1;185.969714566655
-23.382508092;-46.63435332;883.5;19740;41.92351629502571;875.1235162950258;Line 7;1;185.969714566655
-23.382777183;-46.634387144;884.8;19710;41.859802744425366;875.0598027444254;Line 7;1;185.969714566655
-23.383046274;-46.634420969;886.1;19680;41.79608919382502;874.996089193825;Line 7;1;185.969714566655
-23.383315366;-46.634454794;887.2;19650;41.73237564322468;874.9323756432248;Line 7;1;185.969714566655
-23.383584457;-46.634488619;883.8;19620;41.66866209262434;874.8686620926244;Line 7;1;185.969714566655
-23.383853549;-46.634522444;879.9;19590;41.604948542024;874.804948542024;Line 7;1;185.969714566655
-23.38412264;-46.63455627;875.9;19560;41.54123499142365;874.7412349914237;Line 7;1;185.969714566655
-23.384391731;-46.634590095;871.4;19530;41.47752144082331;874.6775214408234;Line 7;0;185.969714566655
-23.384660823;-46.634623921;866.8;19500;41.41380789022296;874.613807890223;Line 7;0;185.969714566655
-23.384929914;-46.634657747;862.2;19470;41.35009433962262;874.5500943396227;Line 7;0;185.969714566655
-23.385199005;-46.634691573;860.3;19440;41.28638078902228;874.4863807890223;Line 7;0;185.969714566655
-23.385468097;-46.634725399;859.3;19410;41.222667238421934;874.422667238422;Line 7;0;185.969714566655
-23.385737188;-46.634759226;858.3;19380;41.158953687821594;874.3589536878217;Line 7;0;185.969714566655
-23.386006279;-46.634793052;858.6;19350;41.095240137221246;874.2952401372213;Line 7;0;185.969714566655
-23.38627537;-46.634826879;859.8;19320;41.031526586620906;874.2315265866209;Line 7;0;185.969714566655
-23.386544461;-46.634860706;861.3;19290;40.967813036020566;874.1678130360206;Line 7;0;185.969714566655
-23.386813552;-46.634894533;861.7;19260;40.90409948542022;874.1040994854203;Line 7;0;185.969714566655
-23.387082643;-46.634928361;861.0;19230;40.84038593481988;874.0403859348199;Line 7;0;185.969714566655
-23.387351735;-46.634962188;860.2;19200;40.77667238421954;873.9766723842196;Line 7;0;185.969714566655
-23.387620826;-46.634996016;859.2;19170;40.71295883361919;873.9129588336192;Line 7;0;185.969714566655
-23.387889917;-46.635029844;858.1;19140;40.64924528301885;873.849245283019;Line 7;0;185.969714566655
-23.388159008;-46.635063672;857.0;19110;40.5855317324185;873.7855317324186;Line 7;0;185.969714566655
-23.388428099;-46.6350975;856.4;19080;40.52181818181816;873.7218181818182;Line 7;0;185.969714566655
-23.38869719;-46.635131328;856.6;19050;40.45810463121782;873.6581046312178;Line 7;0;185.969714566655
-23.38896628;-46.635165157;856.5;19020;40.394391080617474;873.5943910806175;Line 7;0;185.969714566655
-23.389235371;-46.635198985;856.8;18990;40.330677530017134;873.5306775300172;Line 7;0;185.969714566655
-23.389504462;-46.635232814;858.3;18960;40.266963979416786;873.4669639794168;Line 7;0;185.969714566655
-23.389773553;-46.635266643;859.8;18930;40.203250428816446;873.4032504288165;Line 7;0;185.969714566655
-23.390042644;-46.635300472;862.1;18900;40.139536878216106;873.3395368782161;Line 7;0;185.969714566655
-23.390311735;-46.635334302;868.5;18870;40.07582332761576;873.2758233276159;Line 7;0;185.969714566655
-23.390580826;-46.635368131;875.0;18840;40.01210977701542;873.2121097770155;Line 7;1;185.969714566655
-23.390849916;-46.635401961;881.6;18810;39.94839622641507;873.1483962264151;Line 7;1;185.969714566655
-23.391119007;-46.635435791;886.2;18780;39.88468267581473;873.0846826758147;Line 7;1;185.969714566655
-23.391388098;-46.635469621;890.8;18750;39.82096912521439;873.0209691252144;Line 7;1;185.969714566655
-23.391657188;-46.635503451;895.3;18720;39.75725557461405;872.9572555746141;Line 7;1;185.969714566655
-23.391926279;-46.635537282;900.9;18690;39.6935420240137;872.8935420240138;Line 7;1;185.969714566655
-23.39219537;-46.635571112;906.6;18660;39.629828473413355;872.8298284734134;Line 7;1;185.969714566655
-23.39246446;-46.635604943;912.3;18630;39.566114922813014;872.766114922813;Line 7;1;185.969714566655
-23.392733551;-46.635638774;917.7;18600;39.502401372212674;872.7024013722128;Line 7;1;185.969714566655
-23.393002642;-46.635672605;923.3;18570;39.43868782161233;872.6386878216124;Line 7;1;185.969714566655
-23.393271732;-46.635706436;929.1;18540;39.374974271011986;872.574974271012;Line 7;1;185.969714566655
-23.393540823;-46.635740268;935.9;18510;39.311260720411646;872.5112607204117;Line 7;1;185.969714566655
-23.393809913;-46.635774099;942.9;18480;39.2475471698113;872.4475471698113;Line 7;1;185.969714566655
-23.394079004;-46.635807931;949.7;18450;39.18383361921096;872.383833619211;Line 7;1;185.969714566655
-23.394348094;-46.635841763;956.0;18420;39.12012006861062;872.3201200686107;Line 7;1;185.969714566655
-23.394617185;-46.635875595;962.3;18390;39.05640651801028;872.2564065180103;Line 7;1;185.969714566655
-23.394886275;-46.635909427;968.4;18360;38.99269296740993;872.1926929674099;Line 7;1;185.969714566655
-23.395155365;-46.63594326;973.9;18330;38.92897941680958;872.1289794168097;Line 7;1;185.969714566655
-23.395424456;-46.635977092;978.8;18300;38.86526586620924;872.0652658662093;Line 7;1;185.969714566655
-23.395693546;-46.636010925;983.5;18270;38.8015523156089;872.0015523156089;Line 7;1;185.969714566655
-23.395962636;-46.636044758;989.9;18240;38.73783876500856;871.9378387650086;Line 7;1;185.969714566655
-23.396231727;-46.636078591;998.3;18210;38.674125214408214;871.8741252144083;Line 7;1;185.969714566655
-23.396500817;-46.636112425;1006.8;18180;38.61041166380787;871.8104116638079;Line 7;1;185.969714566655
-23.396769907;-46.636146258;1015.9;18150;38.546698113207526;871.7466981132076;Line 7;1;185.969714566655
-23.397038997;-46.636180092;1026.3;18120;38.482984562607186;871.6829845626072;Line 7;1;185.969714566655
-23.397308087;-46.636213926;1037.0;18090;38.419271012006845;871.619271012007;Line 7;1;185.969714566655
-23.397577178;-46.63624776;1046.4;18060;38.355557461406505;871.5555574614066;Line 7;1;185.969714566655
-23.397846268;-46.636281594;1051.6;18030;38.29184391080615;871.4918439108062;Line 7;1;185.969714566655
-23.398115358;-46.636315428;1057.1;18000;38.22813036020581;871.4281303602058;Line 7;1;185.969714566655
-23.398384448;-46.636349263;1062.5;17970;38.16441680960547;871.3644168096055;Line 7;1;185.969714566655
-23.398653538;-46.636383098;1067.1;17940;38.10070325900513;871.3007032590052;Line 7;1;185.969714566655
-23.398922628;-46.636416932;1071.6;17910;38.03698970840479;871.2369897084048;Line 7;1;185.969714566655
-23.399191718;-46.636450767;1075.8;17880;37.97327615780444;871.1732761578045;Line 7;1;185.969714566655
-23.399460808;-46.636484603;1079.7;17850;37.909562607204094;871.1095626072041;Line 7;1;185.969714566655
-23.399729898;-46.636518438;1084.0;17820;37.845849056603754;871.0458490566039;Line 7;1;185.969714566655
-23.399998988;-46.636552274;1088.5;17790;37.782135506003414;870.9821355060035;Line 7;1;185.969714566655
-23.400268078;-46.636586109;1086.2;17760;37.71842195540307;870.9184219554031;Line 7;1;185.969714566655
-23.400537168;-46.636619945;1084.0;17730;37.654708404802726;870.8547084048028;Line 7;1;185.969714566655
-23.400806258;-46.636653781;1082.0;17700;37.59099485420238;870.7909948542024;Line 7;1;185.969714566655
-23.401075348;-46.636687618;1082.2;17670;37.52728130360204;870.7272813036021;Line 7;1;185.969714566655
-23.401344437;-46.636721454;1082.8;17640;37.4635677530017;870.6635677530018;Line 7;1;185.969714566655
-23.401613527;-46.636755291;1083.7;17610;37.39985420240136;870.5998542024014;Line 7;1;185.969714566655
-23.401882617;-46.636789127;1083.0;17580;37.33614065180101;870.536140651801;Line 7;1;185.969714566655
-23.402151707;-46.636822964;1081.9;17550;37.27242710120067;870.4724271012008;Line 7;1;185.969714566655
-23.402420797;-46.636856801;1081.0;17520;37.20871355060032;870.4087135506004;Line 7;1;185.969714566655
-23.402689886;-46.636890639;1084.6;17490;37.14499999999998;870.345;Line 7;1;185.969714566655
-23.402958976;-46.636924476;1089.9;17460;37.08128644939964;870.2812864493997;Line 7;1;185.969714566655
-23.403228066;-46.636958314;1095.0;17430;37.017572898799294;870.2175728987993;Line 7;1;185.969714566655
-23.403497155;-46.636992152;1099.1;17400;36.953859348198954;870.153859348199;Line 7;1;185.969714566655
-23.403766245;-46.63702599;1102.7;17370;36.890145797598606;870.0901457975987;Line 7;1;185.969714566655
-23.404035334;-46.637059828;1106.5;17340;36.826432246998266;870.0264322469983;Line 7;1;185.969714566655
-23.404304424;-46.637093666;1110.9;17310;36.762718696397926;869.9627186963979;Line 7;1;185.969714566655
-23.404573514;-46.637127505;1116.0;17280;36.69900514579758;869.8990051457977;Line 7;1;185.969714566655
-23.404842603;-46.637161343;1120.9;17250;36.63529159519724;869.8352915951973;Line 7;1;185.969714566655
-23.405111693;-46.637195182;1124.5;17220;36.5715780445969;869.7715780445969;Line 7;1;185.969714566655
-23.405380782;-46.637229021;1126.1;17190;36.50786449399655;869.7078644939966;Line 7;1;185.969714566655
-23.405649872;-46.63726286;1127.4;17160;36.44415094339621;869.6441509433962;Line 7;1;185.969714566655
-23.405918961;-46.6372967;1125.7;17130;36.38043739279587;869.580437392796;Line 7;1;185.969714566655
-23.40618805;-46.637330539;1118.4;17100;36.31672384219552;869.5167238421956;Line 7;1;185.969714566655
-23.40645714;-46.637364379;1110.9;17070;36.25301029159518;869.4530102915952;Line 7;1;185.969714566655
-23.406726229;-46.637398219;1101.9;17040;36.189296740994834;869.3892967409948;Line 7;1;185.969714566655
-23.406995318;-46.637432059;1088.6;17010;36.125583190394494;869.3255831903946;Line 7;1;185.969714566655
-23.407264408;-46.637465899;1075.1;16980;36.06186963979415;869.2618696397942;Line 7;1;185.969714566655
-23.407533497;-46.637499739;1061.9;16950;35.998156089193806;869.1981560891938;Line 7;1;185.969714566655
-23.407802586;-46.63753358;1053.5;16920;35.934442538593466;869.1344425385935;Line 7;1;185.969714566655
-23.408071675;-46.637567421;1044.8;16890;35.87072898799312;869.0707289879931;Line 7;1;185.969714566655
-23.408340765;-46.637601262;1035.9;16860;35.80701543739278;869.0070154373929;Line 7;1;185.969714566655
-23.408609854;-46.637635103;1036.8;16830;35.74330188679244;868.9433018867925;Line 7;1;185.969714566655
-23.408878943;-46.637668944;1037.3;16800;35.67958833619209;868.8795883361921;Line 7;1;185.969714566655
-23.409148032;-46.637702785;1037.6;16770;35.61587478559175;868.8158747855917;Line 7;1;185.969714566655
-23.409417121;-46.637736627;1038.8;16740;35.55216123499141;868.7521612349915;Line 7;1;185.969714566655
-23.40968621;-46.637770469;1039.7;16710;35.48844768439106;868.6884476843911;Line 7;1;185.969714566655
-23.409955299;-46.637804311;1040.2;16680;35.42473413379072;868.6247341337908;Line 7;1;185.969714566655
-23.410224388;-46.637838153;1041.7;16650;35.361020583190374;868.5610205831904;Line 7;1;185.969714566655
-23.410493478;-46.637871995;1043.4;16620;35.297307032590034;868.4973070325901;Line 7;1;185.969714566655
-23.410762566;-46.637905838;1045.1;16590;35.23359348198969;868.4335934819898;Line 7;1;185.969714566655
-23.411031655;-46.63793968;1045.9;16560;35.169879931389346;868.3698799313894;Line 7;1;185.969714566655
-23.411300744;-46.637973523;1046.5;16530;35.106166380789006;868.306166380789;Line 7;1;185.969714566655
-23.411569833;-46.638007366;1047.6;16500;35.04245283018866;868.2424528301887;Line 7;1;185.969714566655
-23.411838922;-46.638041209;1045.3;16470;34.97873927958832;868.1787392795884;Line 7;1;185.969714566655
-23.412108011;-46.638075053;1041.6;16440;34.91502572898798;868.115025728988;Line 7;1;185.969714566655
-23.4123771;-46.638108896;1038.5;16410;34.85131217838764;868.0513121783877;Line 7;1;185.969714566655
-23.412646189;-46.63814274;1031.4;16380;34.78759862778729;867.9875986277873;Line 7;1;185.969714566655
-23.412915278;-46.638176584;1020.9;16350;34.72388507718694;867.923885077187;Line 7;1;185.969714566655
-23.413184366;-46.638210428;1010.6;16320;34.6601715265866;867.8601715265867;Line 7;1;185.969714566655
-23.413453455;-46.638244272;1000.9;16290;34.59645797598626;867.7964579759863;Line 7;1;185.969714566655
-23.413722544;-46.638278116;991.5;16260;34.53274442538592;867.7327444253859;Line 7;1;185.969714566655
-23.413991633;-46.638311961;981.6;16230;34.469030874785574;867.6690308747857;Line 7;1;185.969714566655
-23.414260721;-46.638345805;973.7;16200;34.405317324185226;867.6053173241853;Line 7;1;185.969714566655
-23.41452981;-46.63837965;969.7;16170;34.341603773584886;867.5416037735849;Line 7;1;185.969714566655
-23.414798899;-46.638413495;965.3;16140;34.277890222984546;867.4778902229846;Line 7;1;185.969714566655
-23.415067987;-46.63844734;962.8;16110;34.214176672384205;867.4141766723842;Line 7;1;185.969714566655
-23.415337076;-46.638481186;966.8;16080;34.150463121783865;867.350463121784;Line 7;1;185.969714566655
-23.415606164;-46.638515031;970.6;16050;34.08674957118351;867.2867495711836;Line 7;1;185.969714566655
-23.415875253;-46.638548877;973.8;16020;34.02303602058317;867.2230360205832;Line 7;1;185.969714566655
-23.416144341;-46.638582723;974.7;15990;33.95932246998283;867.1593224699828;Line 7;1;185.969714566655
-23.41641343;-46.638616569;976.3;15960;33.89560891938249;867.0956089193826;Line 7;1;185.969714566655
-23.416682518;-46.638650415;978.7;15930;33.83189536878215;867.0318953687822;Line 7;1;185.969714566655
-23.416951607;-46.638684262;984.8;15900;33.7681818181818;866.9681818181818;Line 7;1;185.969714566655
-23.417220695;-46.638718108;991.1;15870;33.704468267581454;866.9044682675815;Line 7;1;185.969714566655
-23.417489784;-46.638751955;997.8;15840;33.640754716981114;866.8407547169811;Line 7;1;185.969714566655
-23.417758872;-46.638785802;999.8;15810;33.57704116638077;866.7770411663809;Line 7;1;185.969714566655
-23.41802796;-46.638819649;1001.8;15780;33.51332761578043;866.7133276157805;Line 7;1;185.969714566655
-23.418297049;-46.638853497;1004.0;15750;33.44961406518009;866.6496140651801;Line 7;1;185.969714566655
-23.418566137;-46.638887344;1006.1;15720;33.38590051457974;866.5859005145797;Line 7;1;185.969714566655
-23.418835225;-46.638921192;1008.1;15690;33.3221869639794;866.5221869639795;Line 7;1;185.969714566655
-23.419104313;-46.638955039;1010.0;15660;33.25847341337906;866.4584734133791;Line 7;1;185.969714566655
-23.419373402;-46.638988887;1015.4;15630;33.19475986277872;866.3947598627788;Line 7;1;185.969714566655
-23.41964249;-46.639022736;1021.6;15600;33.13104631217838;866.3310463121784;Line 7;1;185.969714566655
-23.419911578;-46.639056584;1027.4;15570;33.06733276157803;866.267332761578;Line 7;1;185.969714566655
-23.420180666;-46.639090432;1034.3;15540;33.00361921097768;866.2036192109778;Line 7;1;185.969714566655
-23.420449754;-46.639124281;1041.7;15510;32.93990566037734;866.1399056603774;Line 7;1;185.969714566655
-23.420718842;-46.63915813;1049.0;15480;32.876192109777;866.076192109777;Line 7;1;185.969714566655
-23.420987931;-46.639191979;1054.5;15450;32.81247855917666;866.0124785591767;Line 7;1;185.969714566655
-23.421257019;-46.639225828;1058.5;15420;32.748765008576314;865.9487650085764;Line 7;1;185.969714566655
-23.421526107;-46.639259677;1062.0;15390;32.685051457975966;865.885051457976;Line 7;1;185.969714566655
-23.421795195;-46.639293527;1060.8;15360;32.621337907375626;865.8213379073757;Line 7;1;185.969714566655
-23.422064283;-46.639327377;1054.8;15330;32.557624356775285;865.7576243567753;Line 7;1;185.969714566655
-23.422333371;-46.639361227;1048.6;15300;32.493910806174945;865.693910806175;Line 7;1;185.969714566655
-23.422602459;-46.639395077;1042.7;15270;32.4301972555746;865.6301972555747;Line 7;1;185.969714566655
-23.422871546;-46.639428927;1037.8;15240;32.36648370497425;865.5664837049743;Line 7;1;185.969714566655
-23.423140634;-46.639462777;1033.2;15210;32.30277015437391;865.5027701543739;Line 7;1;185.969714566655
-23.423409722;-46.639496628;1029.4;15180;32.23905660377357;865.4390566037736;Line 7;1;185.969714566655
-23.42367881;-46.639530479;1027.2;15150;32.17534305317323;865.3753430531733;Line 7;1;185.969714566655
-23.423947898;-46.639564329;1024.9;15120;32.11162950257288;865.3116295025729;Line 7;1;185.969714566655
-23.424216986;-46.639598181;1023.0;15090;32.04791595197254;865.2479159519726;Line 7;1;185.969714566655
-23.424486074;-46.639632032;1022.1;15060;31.984202401372197;865.1842024013722;Line 7;1;185.969714566655
-23.424755161;-46.639665883;1021.0;15030;31.920488850771854;865.120488850772;Line 7;1;185.969714566655
-23.425024249;-46.639699735;1020.5;15000;31.856775300171513;865.0567753001716;Line 7;1;185.969714566655
-23.425293337;-46.639733587;1028.7;14970;31.793061749571166;864.9930617495712;Line 7;1;185.969714566655
-23.425562424;-46.639767439;1036.8;14940;31.729348198970822;864.9293481989708;Line 7;1;185.969714566655
-23.425831512;-46.639801291;1044.9;14910;31.66563464837048;864.8656346483705;Line 7;1;185.969714566655
-23.4261006;-46.639835143;1050.4;14880;31.60192109777014;864.8019210977702;Line 7;1;185.969714566655
-23.426369687;-46.639868995;1055.9;14850;31.538207547169797;864.7382075471698;Line 7;1;185.969714566655
-23.426638775;-46.639902848;1061.2;14820;31.47449399656945;864.6744939965695;Line 7;1;185.969714566655
-23.426907862;-46.639936701;1062.8;14790;31.41078044596911;864.6107804459691;Line 7;1;185.969714566655
-23.42717695;-46.639970554;1063.8;14760;31.347066895368766;864.5470668953689;Line 7;1;185.969714566655
-23.427446037;-46.640004407;1064.7;14730;31.283353344768425;864.4833533447685;Line 7;1;185.969714566655
-23.427715125;-46.64003826;1057.9;14700;31.21963979416808;864.4196397941681;Line 7;1;185.969714566655
-23.427984212;-46.640072114;1049.5;14670;31.15592624356774;864.3559262435678;Line 7;1;185.969714566655
-23.4282533;-46.640105968;1041.5;14640;31.092212692967394;864.2922126929675;Line 7;1;185.969714566655
-23.428522387;-46.640139821;1033.2;14610;31.02849914236705;864.2284991423671;Line 7;1;185.969714566655
-23.428791475;-46.640173675;1024.7;14580;30.96478559176671;864.1647855917668;Line 7;1;185.969714566655
-23.429060562;-46.64020753;1016.3;14550;30.90107204116637;864.1010720411664;Line 7;1;185.969714566655
-23.429329649;-46.640241384;1007.1;14520;30.837358490566025;864.037358490566;Line 7;1;185.969714566655
-23.429598737;-46.640275238;997.4;14490;30.773644939965678;863.9736449399658;Line 7;1;185.969714566655
-23.429867824;-46.640309093;987.9;14460;30.709931389365337;863.9099313893654;Line 7;1;185.969714566655
-23.430136911;-46.640342948;978.8;14430;30.646217838764994;863.846217838765;Line 7;1;185.969714566655
-23.430405998;-46.640376803;970.0;14400;30.582504288164653;863.7825042881647;Line 7;1;185.969714566655
-23.430675086;-46.640410658;961.3;14370;30.51879073756431;863.7187907375644;Line 7;1;185.969714566655
-23.430944173;-46.640444514;952.7;14340;30.455077186963962;863.655077186964;Line 7;1;185.969714566655
-23.43121326;-46.640478369;943.9;14310;30.39136363636362;863.5913636363637;Line 7;1;185.969714566655
-23.431482347;-46.640512225;935.1;14280;30.327650085763278;863.5276500857633;Line 7;1;185.969714566655
-23.431751434;-46.640546081;927.1;14250;30.263936535162937;863.4639365351629;Line 7;1;185.969714566655
-23.432020521;-46.640579937;920.3;14220;30.200222984562597;863.4002229845627;Line 7;1;185.969714566655
-23.432289609;-46.640613793;913.1;14190;30.136509433962246;863.3365094339623;Line 7;1;185.969714566655
-23.432558696;-46.64064765;906.8;14160;30.072795883361906;863.2727958833619;Line 7;1;185.969714566655
-23.432827783;-46.640681506;905.3;14130;30.00908233276156;863.2090823327616;Line 7;1;185.969714566655
-23.43309687;-46.640715363;903.7;14100;29.94536878216122;863.1453687821613;Line 7;1;185.969714566655
-23.433365957;-46.64074922;902.6;14070;29.881655231560877;863.081655231561;Line 7;1;185.969714566655
-23.433635044;-46.640783077;905.2;14040;29.817941680960534;863.0179416809606;Line 7;1;185.969714566655
-23.433904131;-46.640816935;907.5;14010;29.75422813036019;862.9542281303602;Line 7;1;185.969714566655
-23.434173217;-46.640850792;909.9;13980;29.69051457975985;862.8905145797598;Line 7;1;185.969714566655
-23.434442304;-46.64088465;913.3;13950;29.626801029159505;862.8268010291596;Line 7;1;185.969714566655
-23.434711391;-46.640918507;916.5;13920;29.56308747855916;862.7630874785592;Line 7;1;185.969714566655
-23.434980478;-46.640952365;919.5;13890;29.49937392795882;862.6993739279588;Line 7;1;185.969714566655
-23.435249565;-46.640986224;924.4;13860;29.435660377358474;862.6356603773585;Line 7;1;185.969714566655
-23.435518652;-46.641020082;929.6;13830;29.371946826758133;862.5719468267582;Line 7;1;185.969714566655
-23.435787738;-46.64105394;935.1;13800;29.30823327615779;862.5082332761579;Line 7;1;185.969714566655
-23.436056825;-46.641087799;939.6;13770;29.244519725557446;862.4445197255575;Line 7;1;185.969714566655
-23.436325912;-46.641121658;944.1;13740;29.180806174957105;862.3808061749571;Line 7;1;185.969714566655
-23.436594999;-46.641155517;948.9;13710;29.11709262435676;862.3170926243569;Line 7;1;185.969714566655
-23.436864085;-46.641189376;952.1;13680;29.053379073756417;862.2533790737565;Line 7;1;185.969714566655
-23.437133172;-46.641223236;954.8;13650;28.989665523156077;862.1896655231561;Line 7;1;185.969714566655
-23.437402259;-46.641257095;957.6;13620;28.92595197255573;862.1259519725558;Line 7;1;185.969714566655
-23.437671345;-46.641290955;960.7;13590;28.86223842195539;862.0622384219554;Line 7;1;185.969714566655
-23.437940432;-46.641324815;963.9;13560;28.79852487135505;861.9985248713551;Line 7;1;185.969714566655
-23.438209518;-46.641358675;967.2;13530;28.7348113207547;861.9348113207548;Line 7;1;185.969714566655
-23.438478605;-46.641392535;972.4;13500;28.67109777015436;861.8710977701544;Line 7;1;185.969714566655
-23.438747691;-46.641426395;978.9;13470;28.607384219554017;861.807384219554;Line 7;1;185.969714566655
-23.439016778;-46.641460256;985.4;13440;28.543670668953673;861.7436706689538;Line 7;1;185.969714566655
-23.439285864;-46.641494117;991.8;13410;28.479957118353333;861.6799571183534;Line 7;1;185.969714566655
-23.439554951;-46.641527978;998.1;13380;28.416243567752986;861.616243567753;Line 7;1;185.969714566655
-23.439824037;-46.641561839;1004.4;13350;28.352530017152645;861.5525300171527;Line 7;1;185.969714566655
-23.440093123;-46.6415957;1008.3;13320;28.2888164665523;861.4888164665523;Line 7;1;185.969714566655
-23.44036221;-46.641629562;1007.9;13290;28.225102915951958;861.425102915952;Line 7;1;185.969714566655
-23.440631296;-46.641663423;1007.5;13260;28.161389365351617;861.3613893653517;Line 7;1;185.969714566655
-23.440900382;-46.641697285;1004.2;13230;28.097675814751273;861.2976758147513;Line 7;1;185.969714566655
-23.441169469;-46.641731147;995.5;13200;28.03396226415093;861.2339622641509;Line 7;1;185.969714566655
-23.441438555;-46.641765009;987.3;13170;27.970248713550586;861.1702487135507;Line 7;1;185.969714566655
-23.441707641;-46.641798871;978.9;13140;27.90653516295024;861.1065351629503;Line 7;1;185.969714566655
-23.441976727;-46.641832734;967.1;13110;27.8428216123499;861.0428216123499;Line 7;1;185.969714566655
-23.442245814;-46.641866596;956.0;13080;27.779108061749557;860.9791080617496;Line 7;1;185.969714566655
-23.4425149;-46.641900459;945.9;13050;27.715394511149213;860.9153945111493;Line 7;1;185.969714566655
-23.442783986;-46.641934322;942.0;13020;27.651680960548873;860.851680960549;Line 7;1;185.969714566655
-23.443053072;-46.641968185;938.0;12990;27.58796740994853;860.7879674099486;Line 7;1;185.969714566655
-23.443322158;-46.642002049;934.1;12960;27.524253859348185;860.7242538593482;Line 7;1;185.969714566655
-23.443591244;-46.642035912;932.7;12930;27.46054030874784;860.6605403087478;Line 7;1;185.969714566655
-23.44386033;-46.642069776;931.1;12900;27.3968267581475;860.5968267581476;Line 7;1;185.969714566655
-23.444129416;-46.64210364;929.0;12870;27.333113207547157;860.5331132075472;Line 7;1;185.969714566655
-23.444398502;-46.642137504;921.4;12840;27.269399656946813;860.4693996569468;Line 7;1;185.969714566655
-23.444667588;-46.642171368;912.5;12810;27.20568610634647;860.4056861063465;Line 7;1;185.969714566655
-23.444936674;-46.642205232;903.1;12780;27.141972555746126;860.3419725557462;Line 7;1;185.969714566655
-23.44520576;-46.642239097;892.9;12750;27.078259005145785;860.2782590051459;Line 7;1;185.969714566655
-23.445474846;-46.642272962;882.8;12720;27.01454545454544;860.2145454545455;Line 7;1;185.969714566655
-23.445743932;-46.642306827;872.8;12690;26.950831903945097;860.1508319039451;Line 7;1;185.969714566655
-23.446013018;-46.642340692;865.5;12660;26.887118353344757;860.0871183533447;Line 7;1;185.969714566655
-23.446282104;-46.642374557;859.2;12630;26.82340480274441;860.0234048027445;Line 7;0;185.969714566655
-23.44655119;-46.642408422;852.6;12600;26.75969125214407;859.9596912521441;Line 7;0;185.969714566655
-23.446820275;-46.642442288;851.0;12570;26.69597770154373;859.8959777015438;Line 7;0;185.969714566655
-23.447089361;-46.642476154;853.2;12540;26.63226415094338;859.8322641509434;Line 7;0;185.969714566655
-23.447358447;-46.64251002;855.4;12510;26.56855060034304;859.7685506003431;Line 7;0;185.969714566655
-23.447627533;-46.642543886;856.5;12480;26.504837049742694;859.7048370497428;Line 7;0;185.969714566655
-23.447896618;-46.642577752;856.0;12450;26.441123499142353;859.6411234991424;Line 7;0;185.969714566655
-23.448165704;-46.642611619;855.3;12420;26.377409948542013;859.577409948542;Line 7;0;185.969714566655
-23.44843479;-46.642645485;851.8;12390;26.313696397941666;859.5136963979417;Line 7;0;185.969714566655
-23.448703875;-46.642679352;843.7;12360;26.249982847341325;859.4499828473414;Line 7;0;185.969714566655
-23.448972961;-46.642713219;835.6;12330;26.186269296740985;859.386269296741;Line 7;0;185.969714566655
-23.449242046;-46.642747086;828.6;12300;26.122555746140637;859.3225557461407;Line 7;0;185.969714566655
-23.449511132;-46.642780953;823.8;12270;26.058842195540297;859.2588421955403;Line 7;0;185.969714566655
-23.449780217;-46.642814821;819.1;12240;25.995128644939953;859.19512864494;Line 7;0;185.969714566655
-23.450049303;-46.642848689;814.4;12210;25.93141509433961;859.1314150943397;Line 7;0;185.969714566655
-23.450318388;-46.642882556;810.5;12180;25.86770154373927;859.0677015437393;Line 7;0;185.969714566655
-23.450587474;-46.642916424;806.8;12150;25.80398799313892;859.0039879931389;Line 7;0;185.969714566655
-23.450856559;-46.642950293;803.6;12120;25.74027444253858;858.9402744425387;Line 7;0;185.969714566655
-23.451125645;-46.642984161;803.1;12090;25.676560891938237;858.8765608919383;Line 7;0;185.969714566655
-23.45139473;-46.643018029;802.9;12060;25.612847341337893;858.8128473413379;Line 7;0;185.969714566655
-23.451663815;-46.643051898;803.0;12030;25.549133790737553;858.7491337907376;Line 7;0;185.969714566655
-23.451932901;-46.643085767;810.0;12000;25.48542024013721;858.6854202401372;Line 7;0;185.969714566655
-23.452201986;-46.643119636;816.9;11970;25.421706689536865;858.621706689537;Line 7;0;185.969714566655
-23.452471071;-46.643153505;823.6;11940;25.35799313893652;858.5579931389366;Line 7;0;185.969714566655
-23.452740157;-46.643187375;829.6;11910;25.29427958833618;858.4942795883362;Line 7;0;185.969714566655
-23.453009242;-46.643221244;835.4;11880;25.230566037735837;858.4305660377358;Line 7;0;185.969714566655
-23.453278327;-46.643255114;841.0;11850;25.166852487135493;858.3668524871356;Line 7;0;185.969714566655
-23.453547412;-46.643288984;837.9;11820;25.10313893653515;858.3031389365352;Line 7;0;185.969714566655
-23.453816497;-46.643322854;832.5;11790;25.03942538593481;858.2394253859349;Line 7;0;185.969714566655
-23.454085582;-46.643356724;827.2;11760;24.975711835334465;858.1757118353345;Line 7;0;185.969714566655
-23.454354668;-46.643390595;822.4;11730;24.91199828473412;858.1119982847341;Line 7;0;185.969714566655
-23.454623753;-46.643424465;817.9;11700;24.848284734133777;858.0482847341339;Line 7;0;185.969714566655
-23.454892838;-46.643458336;813.5;11670;24.784571183533437;857.9845711835335;Line 7;0;185.969714566655
-23.455161923;-46.643492207;812.5;11640;24.720857632933093;857.9208576329331;Line 7;0;185.969714566655
-23.455431008;-46.643526078;813.6;11610;24.65714408233275;857.8571440823328;Line 7;0;185.969714566655
-23.455700093;-46.643559949;814.6;11580;24.59343053173241;857.7934305317325;Line 7;0;185.969714566655
-23.455969178;-46.643593821;814.2;11550;24.52971698113206;857.7297169811321;Line 7;0;185.969714566655
-23.456238263;-46.643627693;812.4;11520;24.46600343053172;857.6660034305318;Line 7;0;185.969714566655
-23.456507348;-46.643661564;810.7;11490;24.402289879931377;857.6022898799314;Line 7;0;185.969714566655
-23.456776433;-46.643695436;808.7;11460;24.338576329331033;857.5385763293311;Line 7;0;185.969714566655
-23.457045517;-46.643729308;806.4;11430;24.274862778730693;857.4748627787308;Line 7;0;185.969714566655
-23.457314602;-46.643763181;804.2;11400;24.211149228130346;857.4111492281304;Line 7;0;185.969714566655
-23.457583687;-46.643797053;802.2;11370;24.147435677530005;857.34743567753;Line 7;0;185.969714566655
-23.457852772;-46.643830926;800.5;11340;24.083722126929665;857.2837221269297;Line 7;0;185.969714566655
-23.458121857;-46.643864799;799.0;11310;24.020008576329317;857.2200085763294;Line 7;0;185.969714566655
-23.458390941;-46.643898672;798.5;11280;23.956295025728977;857.156295025729;Line 7;0;185.969714566655
-23.458660026;-46.643932545;800.8;11250;23.892581475128633;857.0925814751287;Line 7;0;185.969714566655
-23.458929111;-46.643966418;803.1;11220;23.82886792452829;857.0288679245283;Line 7;0;185.969714566655
-23.459198196;-46.644000292;805.7;11190;23.76515437392795;856.965154373928;Line 7;0;185.969714566655
-23.45946728;-46.644034166;809.8;11160;23.7014408233276;856.9014408233277;Line 7;0;185.969714566655
-23.459736365;-46.64406804;813.8;11130;23.63772727272726;856.8377272727273;Line 7;0;185.969714566655
-23.46000545;-46.644101914;817.4;11100;23.57401372212692;856.7740137221269;Line 7;0;185.969714566655
-23.460274534;-46.644135788;815.2;11070;23.510300171526573;856.7103001715266;Line 7;0;185.969714566655
-23.460543619;-46.644169662;813.1;11040;23.446586620926233;856.6465866209263;Line 7;0;185.969714566655
-23.460812703;-46.644203537;811.1;11010;23.38287307032589;856.582873070326;Line 7;0;185.969714566655
-23.461081788;-46.644237412;807.7;10980;23.319159519725545;856.5191595197256;Line 7;0;185.969714566655
-23.461350872;-46.644271287;804.5;10950;23.255445969125205;856.4554459691252;Line 7;0;185.969714566655
-23.461619957;-46.644305162;801.4;10920;23.19173241852486;856.391732418525;Line 7;0;185.969714566655
-23.461889041;-46.644339037;797.3;10890;23.128018867924517;856.3280188679246;Line 7;0;185.969714566655
-23.462158126;-46.644372912;793.3;10860;23.064305317324173;856.2643053173242;Line 7;0;185.969714566655
-23.46242721;-46.644406788;789.5;10830;23.00059176672383;856.2005917667238;Line 7;0;185.969714566655
-23.462696294;-46.644440664;787.0;10800;22.93687821612349;856.1368782161235;Line 7;0;185.969714566655
-23.462965379;-46.64447454;784.9;10770;22.873164665523145;856.0731646655232;Line 7;0;185.969714566655
-23.463234463;-46.644508416;782.9;10740;22.8094511149228;856.0094511149229;Line 7;0;185.969714566655
-23.463503547;-46.644542292;782.2;10710;22.745737564322457;855.9457375643225;Line 7;0;185.969714566655
-23.463772632;-46.644576169;781.8;10680;22.682024013722117;855.8820240137221;Line 7;0;185.969714566655
-23.464041716;-46.644610045;781.1;10650;22.618310463121773;855.8183104631219;Line 7;0;185.969714566655
-23.4643108;-46.644643922;781.8;10620;22.55459691252143;855.7545969125215;Line 7;0;185.969714566655
-23.464579884;-46.644677799;783.7;10590;22.49088336192109;855.6908833619211;Line 7;0;185.969714566655
-23.464848968;-46.644711676;785.4;10560;22.427169811320745;855.6271698113208;Line 7;0;185.969714566655
-23.465118053;-46.644745554;786.2;10530;22.3634562607204;855.5634562607205;Line 7;0;185.969714566655
-23.465387137;-46.644779431;786.3;10500;22.299742710120057;855.4997427101201;Line 7;0;185.969714566655
-23.465656221;-46.644813309;786.4;10470;22.236029159519713;855.4360291595198;Line 7;0;185.969714566655
-23.465925305;-46.644847187;786.8;10440;22.172315608919373;855.3723156089194;Line 7;0;185.969714566655
-23.466194389;-46.644881065;787.6;10410;22.10860205831903;855.308602058319;Line 7;0;185.969714566655
-23.466463473;-46.644914943;788.4;10380;22.044888507718685;855.2448885077188;Line 7;0;185.969714566655
-23.466732557;-46.644948821;789.7;10350;21.981174957118345;855.1811749571184;Line 7;0;185.969714566655
-23.467001641;-46.6449827;792.3;10320;21.917461406517997;855.117461406518;Line 7;0;185.969714566655
-23.467270725;-46.645016579;795.1;10290;21.853747855917657;855.0537478559177;Line 7;0;185.969714566655
-23.467539809;-46.645050458;798.3;10260;21.790034305317313;854.9900343053174;Line 7;0;185.969714566655
-23.467808893;-46.645084337;801.3;10230;21.72632075471697;854.926320754717;Line 7;0;185.969714566655
-23.468077977;-46.645118216;804.3;10200;21.66260720411663;854.8626072041167;Line 7;0;185.969714566655
-23.468347061;-46.645152095;807.0;10170;21.59889365351628;854.7988936535163;Line 7;0;185.969714566655
-23.468616144;-46.645185975;808.1;10140;21.53518010291594;854.7351801029159;Line 7;0;185.969714566655
-23.468885228;-46.645219855;809.0;10110;21.4714665523156;854.6714665523157;Line 7;0;185.969714566655
-23.469154312;-46.645253735;809.6;10080;21.407753001715253;854.6077530017153;Line 7;0;185.969714566655
-23.469423396;-46.645287615;806.7;10050;21.344039451114913;854.5440394511149;Line 7;0;185.969714566655
-23.46969248;-46.645321495;803.5;10020;21.28032590051457;854.4803259005146;Line 7;0;185.969714566655
-23.469961563;-46.645355376;800.2;9990;21.216612349914225;854.4166123499143;Line 7;0;185.969714566655
-23.470230647;-46.645389256;796.8;9960;21.152898799313885;854.352898799314;Line 7;0;185.969714566655
-23.470499731;-46.645423137;793.5;9930;21.08918524871354;854.2891852487136;Line 7;0;185.969714566655
-23.470768814;-46.645457018;790.1;9900;21.025471698113197;854.2254716981132;Line 7;0;185.969714566655
-23.471037898;-46.645490899;787.4;9870;20.961758147512857;854.161758147513;Line 7;0;185.969714566655
-23.471306982;-46.645524781;785.0;9840;20.89804459691251;854.0980445969126;Line 7;0;185.969714566655
-23.471576065;-46.645558662;782.8;9810;20.83433104631217;854.0343310463122;Line 7;0;185.969714566655
-23.471845149;-46.645592544;780.9;9780;20.770617495711825;853.9706174957118;Line 7;0;185.969714566655
-23.472114232;-46.645626426;779.2;9750;20.70690394511148;853.9069039451115;Line 7;0;185.969714566655
-23.472383316;-46.645660308;777.4;9720;20.64319039451114;853.8431903945112;Line 7;0;185.969714566655
-23.472652399;-46.64569419;775.5;9690;20.579476843910797;853.7794768439109;Line 7;0;185.969714566655
-23.472921483;-46.645728072;773.5;9660;20.515763293310453;853.7157632933105;Line 7;0;185.969714566655
-23.473190566;-46.645761955;771.3;9630;20.45204974271011;853.6520497427101;Line 7;0;185.969714566655
-23.47345965;-46.645795837;769.2;9600;20.38833619210977;853.5883361921099;Line 7;0;185.969714566655
-23.473728733;-46.64582972;767.2;9570;20.324622641509425;853.5246226415095;Line 7;0;185.969714566655
-23.473997816;-46.645863603;765.4;9540;20.26090909090908;853.4609090909091;Line 7;0;185.969714566655
-23.4742669;-46.645897487;763.9;9510;20.197195540308737;853.3971955403088;Line 7;0;185.969714566655
-23.474535983;-46.64593137;762.5;9480;20.133481989708393;853.3334819897084;Line 7;0;185.969714566655
-23.474805066;-46.645965254;761.2;9450;20.069768439108053;853.2697684391081;Line 7;0;185.969714566655
-23.475074149;-46.645999137;760.1;9420;20.00605488850771;853.2060548885078;Line 7;0;185.969714566655
-23.475343233;-46.646033021;759.1;9390;19.942341337907365;853.1423413379074;Line 7;0;185.969714566655
-23.475612316;-46.646066905;758.1;9360;19.878627787307025;853.078627787307;Line 7;0;185.969714566655
-23.475881399;-46.64610079;757.2;9330;19.814914236706677;853.0149142367068;Line 7;0;185.969714566655
-23.476150482;-46.646134674;757.0;9300;19.751200686106337;852.9512006861064;Line 7;0;185.969714566655
-23.476419565;-46.646168559;756.8;9270;19.687487135505993;852.887487135506;Line 7;0;185.969714566655
-23.476688649;-46.646202443;756.7;9240;19.62377358490565;852.8237735849057;Line 7;0;185.969714566655
-23.476957732;-46.646236328;756.8;9210;19.56006003430531;852.7600600343053;Line 7;0;185.969714566655
-23.477226815;-46.646270214;756.7;9180;19.496346483704965;852.696346483705;Line 7;0;185.969714566655
-23.477495898;-46.646304099;756.6;9150;19.43263293310462;852.6326329331047;Line 7;0;185.969714566655
-23.477764981;-46.646337984;758.3;9120;19.36891938250428;852.5689193825043;Line 7;0;185.969714566655
-23.478034064;-46.64637187;760.2;9090;19.305205831903933;852.5052058319039;Line 7;0;185.969714566655
-23.478303147;-46.646405756;762.3;9060;19.241492281303593;852.4414922813037;Line 7;0;185.969714566655
-23.47857223;-46.646439642;764.1;9030;19.177778730703253;852.3777787307033;Line 7;0;185.969714566655
-23.478841313;-46.646473528;766.1;9000;19.114065180102905;852.314065180103;Line 7;0;185.969714566655
-23.479110396;-46.646507414;768.4;8970;19.050351629502565;852.2503516295026;Line 7;0;185.969714566655
-23.479379479;-46.646541301;767.0;8940;18.98663807890222;852.1866380789023;Line 7;0;185.969714566655
-23.479648561;-46.646575188;764.6;8910;18.922924528301877;852.122924528302;Line 7;0;185.969714566655
-23.479917644;-46.646609074;762.1;8880;18.859210977701537;852.0592109777016;Line 7;0;185.969714566655
-23.480186727;-46.646642962;759.0;8850;18.79549742710119;851.9954974271012;Line 7;0;185.969714566655
-23.48045581;-46.646676849;755.5;8820;18.73178387650085;851.9317838765008;Line 7;0;185.969714566655
-23.480724893;-46.646710736;751.8;8790;18.668070325900505;851.8680703259006;Line 7;0;185.969714566655
-23.480993975;-46.646744624;749.1;8760;18.60435677530016;851.8043567753002;Line 7;0;185.969714566655
-23.481263058;-46.646778511;746.9;8730;18.54064322469982;851.7406432246999;Line 7;0;185.969714566655
-23.481532141;-46.646812399;744.6;8700;18.476929674099477;851.6769296740995;Line 7;0;185.969714566655
-23.481801223;-46.646846287;743.7;8670;18.413216123499133;851.6132161234992;Line 7;0;185.969714566655
-23.482070306;-46.646880176;744.4;8640;18.34950257289879;851.5495025728989;Line 7;0;185.969714566655
-23.482339389;-46.646914064;745.1;8610;18.28578902229845;851.4857890222985;Line 7;0;185.969714566655
-23.482608471;-46.646947953;745.9;8580;18.222075471698105;851.4220754716981;Line 7;0;185.969714566655
-23.482877554;-46.646981842;746.3;8550;18.15836192109776;851.3583619210978;Line 7;0;185.969714566655
-23.483146636;-46.64701573;746.6;8520;18.094648370497417;851.2946483704975;Line 7;0;185.969714566655
-23.483415719;-46.64704962;746.7;8490;18.030934819897077;851.2309348198971;Line 7;0;185.969714566655
-23.483684801;-46.647083509;746.9;8460;17.967221269296733;851.1672212692968;Line 7;0;185.969714566655
-23.483953884;-46.647117398;746.9;8430;17.90350771869639;851.1035077186964;Line 7;0;185.969714566655
-23.484222966;-46.647151288;747.3;8400;17.839794168096045;851.0397941680961;Line 7;0;185.969714566655
-23.484492049;-46.647185178;749.8;8370;17.776080617495705;850.9760806174958;Line 7;0;185.969714566655
-23.484761131;-46.647219068;752.4;8340;17.71236706689536;850.9123670668954;Line 7;0;185.969714566655
-23.485030214;-46.647252958;755.2;8310;17.648653516295017;850.848653516295;Line 7;0;185.969714566655
-23.485299296;-46.647286848;758.3;8280;17.584939965694673;850.7849399656948;Line 7;0;185.969714566655
-23.485568378;-46.647320739;761.4;8250;17.52122641509433;850.7212264150944;Line 7;0;185.969714566655
-23.485837461;-46.647354629;764.6;8220;17.45751286449399;850.657512864494;Line 7;0;185.969714566655
-23.486106543;-46.64738852;760.5;8190;17.393799313893645;850.5937993138937;Line 7;0;185.969714566655
-23.486375625;-46.647422411;756.6;8160;17.3300857632933;850.5300857632933;Line 7;0;185.969714566655
-23.486644707;-46.647456303;752.9;8130;17.26637221269296;850.466372212693;Line 7;0;185.969714566655
-23.48691379;-46.647490194;749.1;8100;17.202658662092613;850.4026586620927;Line 7;0;185.969714566655
-23.487182872;-46.647524085;745.2;8070;17.138945111492273;850.3389451114923;Line 7;0;185.969714566655
-23.487451954;-46.647557977;741.2;8040;17.075231560891933;850.2752315608919;Line 7;0;185.969714566655
-23.487721036;-46.647591869;740.2;8010;17.011518010291585;850.2115180102917;Line 7;0;185.969714566655
-23.487990118;-46.647625761;739.6;7980;16.947804459691245;850.1478044596913;Line 7;0;185.969714566655
-23.4882592;-46.647659653;738.8;7950;16.8840909090909;850.084090909091;Line 7;0;185.969714566655
-23.488528282;-46.647693546;738.7;7920;16.820377358490557;850.0203773584906;Line 7;0;185.969714566655
-23.488797364;-46.647727438;738.9;7890;16.756663807890217;849.9566638078902;Line 7;0;185.969714566655
-23.489066446;-46.647761331;739.0;7860;16.69295025728987;849.89295025729;Line 7;0;185.969714566655
-23.489335528;-46.647795224;740.6;7830;16.62923670668953;849.8292367066896;Line 7;0;185.969714566655
-23.48960461;-46.647829117;743.2;7800;16.56552315608919;849.7655231560892;Line 7;0;185.969714566655
-23.489873692;-46.647863011;745.9;7770;16.50180960548884;849.7018096054888;Line 7;0;185.969714566655
-23.490142774;-46.647896904;749.1;7740;16.4380960548885;849.6380960548886;Line 7;0;185.969714566655
-23.490411856;-46.647930798;752.9;7710;16.374382504288157;849.5743825042882;Line 7;0;185.969714566655
-23.490680938;-46.647964691;756.9;7680;16.310668953687813;849.5106689536879;Line 7;0;185.969714566655
-23.49095002;-46.647998585;760.0;7650;16.246955403087473;849.4469554030875;Line 7;0;185.969714566655
-23.491219102;-46.64803248;762.1;7620;16.183241852487125;849.3832418524871;Line 7;0;185.969714566655
-23.491488183;-46.648066374;764.1;7590;16.119528301886785;849.3195283018869;Line 7;0;185.969714566655
-23.491757265;-46.648100268;766.4;7560;16.05581475128644;849.2558147512865;Line 7;0;185.969714566655
-23.492026347;-46.648134163;769.4;7530;15.992101200686099;849.1921012006861;Line 7;0;185.969714566655
-23.492295429;-46.648168058;772.2;7500;15.928387650085757;849.1283876500858;Line 7;0;185.969714566655
-23.49256451;-46.648201953;774.8;7470;15.864674099485411;849.0646740994855;Line 7;0;185.969714566655
-23.492833592;-46.648235848;777.0;7440;15.80096054888507;849.0009605488851;Line 7;0;185.969714566655
-23.493102674;-46.648269743;779.2;7410;15.737246998284725;848.9372469982848;Line 7;0;185.969714566655
-23.493371755;-46.648303639;780.9;7380;15.673533447684383;848.8735334476844;Line 7;0;185.969714566655
-23.493640837;-46.648337535;779.9;7350;15.60981989708404;848.8098198970841;Line 7;0;185.969714566655
-23.493909919;-46.648371431;778.7;7320;15.546106346483697;848.7461063464838;Line 7;0;185.969714566655
-23.494179;-46.648405327;777.4;7290;15.482392795883355;848.6823927958834;Line 7;0;185.969714566655
-23.494448082;-46.648439223;773.4;7260;15.418679245283013;848.618679245283;Line 7;0;185.969714566655
-23.494717163;-46.648473119;769.5;7230;15.354965694682669;848.5549656946827;Line 7;0;185.969714566655
-23.494986245;-46.648507016;765.6;7200;15.291252144082327;848.4912521440824;Line 7;0;185.969714566655
-23.495255326;-46.648540913;761.7;7170;15.227538593481981;848.427538593482;Line 7;0;185.969714566655
-23.495524408;-46.648574809;757.8;7140;15.163825042881639;848.3638250428817;Line 7;0;185.969714566655
-23.495793489;-46.648608707;753.9;7110;15.100111492281298;848.3001114922813;Line 7;0;185.969714566655
-23.49606257;-46.648642604;754.4;7080;15.036397941680953;848.236397941681;Line 7;0;185.969714566655
-23.496331652;-46.648676501;755.7;7050;14.97268439108061;848.1726843910807;Line 7;0;185.969714566655
-23.496600733;-46.648710399;757.3;7020;14.908970840480267;848.1089708404803;Line 7;0;185.969714566655
-23.496869814;-46.648744297;760.8;6990;14.845257289879925;848.0452572898799;Line 7;0;185.969714566655
-23.497138896;-46.648778195;764.7;6960;14.78154373927958;847.9815437392796;Line 7;0;185.969714566655
-23.497407977;-46.648812093;768.5;6930;14.717830188679237;847.9178301886793;Line 7;0;185.969714566655
-23.497677058;-46.648845991;772.1;6900;14.654116638078895;847.854116638079;Line 7;0;185.969714566655
-23.49794614;-46.64887989;775.7;6870;14.590403087478553;847.7904030874786;Line 7;0;185.969714566655
-23.498215221;-46.648913788;779.2;6840;14.526689536878209;847.7266895368782;Line 7;0;185.969714566655
-23.498484302;-46.648947687;781.7;6810;14.462975986277865;847.662975986278;Line 7;0;185.969714566655
-23.498753383;-46.648981586;783.2;6780;14.399262435677525;847.5992624356776;Line 7;0;185.969714566655
-23.499022464;-46.649015485;784.5;6750;14.33554888507718;847.5355488850772;Line 7;0;185.969714566655
-23.499291545;-46.649049385;785.5;6720;14.271835334476837;847.4718353344769;Line 7;0;185.969714566655
-23.499560626;-46.649083284;786.5;6690;14.208121783876493;847.4081217838766;Line 7;0;185.969714566655
-23.499829707;-46.649117184;787.5;6660;14.14440823327615;847.3444082332762;Line 7;0;185.969714566655
-23.500098788;-46.649151084;788.0;6630;14.080694682675809;847.2806946826759;Line 7;0;185.969714566655
-23.50036787;-46.649184984;787.5;6600;14.016981132075465;847.2169811320755;Line 7;0;185.969714566655
-23.50063695;-46.649218884;787.3;6570;13.95326758147512;847.1532675814751;Line 7;0;185.969714566655
-23.500906031;-46.649252784;786.4;6540;13.889554030874779;847.0895540308749;Line 7;0;185.969714566655
-23.501175112;-46.649286685;782.9;6510;13.825840480274437;847.0258404802745;Line 7;0;185.969714566655
-23.501444193;-46.649320586;779.5;6480;13.762126929674093;846.9621269296741;Line 7;0;185.969714566655
-23.501713274;-46.649354487;776.3;6450;13.69841337907375;846.8984133790738;Line 7;0;185.969714566655
-23.501982355;-46.649388388;774.5;6420;13.634699828473407;846.8346998284735;Line 7;0;185.969714566655
-23.502251436;-46.649422289;772.7;6390;13.570986277873063;846.7709862778731;Line 7;0;185.969714566655
-23.502520517;-46.64945619;770.8;6360;13.50727272727272;846.7072727272728;Line 7;0;185.969714566655
-23.502789598;-46.649490092;767.8;6330;13.443559176672379;846.6435591766724;Line 7;0;185.969714566655
-23.503058678;-46.649523994;764.6;6300;13.379845626072035;846.579845626072;Line 7;0;185.969714566655
-23.503327759;-46.649557896;761.2;6270;13.31613207547169;846.5161320754718;Line 7;0;185.969714566655
-23.50359684;-46.649591798;758.1;6240;13.252418524871347;846.4524185248714;Line 7;0;185.969714566655
-23.50386592;-46.6496257;755.0;6210;13.188704974271007;846.388704974271;Line 7;0;185.969714566655
-23.504135001;-46.649659603;751.8;6180;13.124991423670663;846.3249914236707;Line 7;0;185.969714566655
-23.504404082;-46.649693505;751.9;6150;13.061277873070319;846.2612778730704;Line 7;0;185.969714566655
-23.504673162;-46.649727408;752.1;6120;12.997564322469977;846.19756432247;Line 7;0;185.969714566655
-23.504942243;-46.649761311;752.2;6090;12.933850771869634;846.1338507718697;Line 7;0;185.969714566655
-23.505211324;-46.649795214;752.4;6060;12.87013722126929;846.0701372212693;Line 7;0;185.969714566655
-23.505480404;-46.649829118;752.8;6030;12.806423670668947;846.0064236706689;Line 7;0;185.969714566655
-23.505749485;-46.649863021;753.3;6000;12.742710120068605;845.9427101200687;Line 7;0;185.969714566655
-23.506018565;-46.649896925;750.8;5970;12.67899656946826;845.8789965694683;Line 7;0;185.969714566655
-23.506287646;-46.649930829;747.0;5940;12.615283018867919;845.815283018868;Line 7;0;185.969714566655
-23.506556726;-46.649964733;743.4;5910;12.551569468267575;845.7515694682676;Line 7;0;185.969714566655
-23.506825807;-46.649998637;739.5;5880;12.487855917667233;845.6878559176673;Line 7;0;185.969714566655
-23.507094887;-46.650032541;735.5;5850;12.424142367066889;845.624142367067;Line 7;0;185.969714566655
-23.507363967;-46.650066446;731.4;5820;12.360428816466547;845.5604288164666;Line 7;0;185.969714566655
-23.507633048;-46.650100351;729.2;5790;12.296715265866204;845.4967152658662;Line 7;0;185.969714566655
-23.507902128;-46.650134255;728.9;5760;12.23300171526586;845.433001715266;Line 7;0;185.969714566655
-23.508171208;-46.65016816;728.4;5730;12.169288164665517;845.3692881646656;Line 7;0;185.969714566655
-23.508440289;-46.650202066;728.0;5700;12.105574614065173;845.3055746140652;Line 7;0;185.969714566655
-23.508709369;-46.650235971;728.1;5670;12.041861063464832;845.2418610634649;Line 7;0;185.969714566655
-23.508978449;-46.650269877;728.3;5640;11.978147512864489;845.1781475128645;Line 7;0;185.969714566655
-23.509247529;-46.650303783;728.3;5610;11.914433962264145;845.1144339622642;Line 7;0;185.969714566655
-23.50951661;-46.650337688;728.0;5580;11.8507204116638;845.0507204116639;Line 7;0;185.969714566655
-23.50978569;-46.650371595;727.7;5550;11.78700686106346;844.9870068610635;Line 7;0;185.969714566655
-23.51005477;-46.650405501;727.4;5520;11.723293310463117;844.9232933104631;Line 7;0;185.969714566655
-23.51032385;-46.650439407;727.0;5490;11.659579759862773;844.8595797598629;Line 7;0;185.969714566655
-23.51059293;-46.650473314;726.5;5460;11.59586620926243;844.7958662092625;Line 7;0;185.969714566655
-23.51086201;-46.650507221;726.2;5430;11.532152658662087;844.7321526586621;Line 7;0;185.969714566655
-23.51113109;-46.650541128;726.3;5400;11.468439108061744;844.6684391080618;Line 7;0;185.969714566655
-23.51140017;-46.650575035;726.4;5370;11.4047255574614;844.6047255574614;Line 7;0;185.969714566655
-23.51166925;-46.650608942;726.5;5340;11.341012006861058;844.5410120068611;Line 7;0;185.969714566655
-23.51193833;-46.65064285;726.5;5310;11.277298456260715;844.4772984562608;Line 7;0;185.969714566655
-23.51220741;-46.650676757;726.5;5280;11.213584905660372;844.4135849056604;Line 7;0;185.969714566655
-23.51247649;-46.650710665;726.6;5250;11.149871355060029;844.34987135506;Line 7;0;185.969714566655
-23.51274557;-46.650744573;726.8;5220;11.086157804459686;844.2861578044598;Line 7;0;185.969714566655
-23.51301465;-46.650778482;726.9;5190;11.022444253859343;844.2224442538594;Line 7;0;185.969714566655
-23.51328373;-46.65081239;727.0;5160;10.958730703258999;844.158730703259;Line 7;0;185.969714566655
-23.51355281;-46.650846298;726.7;5130;10.895017152658657;844.0950171526587;Line 7;0;185.969714566655
-23.513821889;-46.650880207;726.4;5100;10.831303602058314;844.0313036020584;Line 7;0;185.969714566655
-23.514090969;-46.650914116;726.2;5070;10.76759005145797;843.967590051458;Line 7;0;185.969714566655
-23.514360049;-46.650948025;726.1;5040;10.703876500857627;843.9038765008577;Line 7;0;185.969714566655
-23.514629129;-46.650981934;726.2;5010;10.640162950257285;843.8401629502573;Line 7;0;185.969714566655
-23.514898208;-46.651015844;726.2;4980;10.576449399656942;843.7764493996569;Line 7;0;185.969714566655
-23.515167288;-46.651049753;726.5;4950;10.512735849056599;843.7127358490567;Line 7;0;185.969714566655
-23.515436368;-46.651083663;726.8;4920;10.449022298456255;843.6490222984563;Line 7;0;185.969714566655
-23.515705447;-46.651117573;727.2;4890;10.385308747855913;843.585308747856;Line 7;0;185.969714566655
-23.515974527;-46.651151483;727.2;4860;10.32159519725557;843.5215951972556;Line 7;0;185.969714566655
-23.516243607;-46.651185393;726.8;4830;10.257881646655227;843.4578816466553;Line 7;0;185.969714566655
-23.516512686;-46.651219304;726.3;4800;10.194168096054884;843.394168096055;Line 7;0;185.969714566655
-23.516781766;-46.651253215;725.4;4770;10.13045454545454;843.3304545454546;Line 7;0;185.969714566655
-23.517050845;-46.651287125;723.9;4740;10.066740994854197;843.2667409948542;Line 7;0;185.969714566655
-23.517319925;-46.651321036;722.5;4710;10.003027444253854;843.2030274442538;Line 7;0;185.969714566655
-23.517589004;-46.651354948;722.0;4680;9.939313893653512;843.1393138936536;Line 7;0;185.969714566655
-23.517858084;-46.651388859;723.1;4650;9.875600343053168;843.0756003430532;Line 7;0;185.969714566655
-23.518127163;-46.65142277;724.2;4620;9.811886792452825;843.0118867924529;Line 7;0;185.969714566655
-23.518396242;-46.651456682;725.1;4590;9.748173241852482;842.9481732418525;Line 7;0;185.969714566655
-23.518665322;-46.651490594;725.5;4560;9.68445969125214;842.8844596912522;Line 7;0;185.969714566655
-23.518934401;-46.651524506;725.8;4530;9.620746140651796;842.8207461406519;Line 7;0;185.969714566655
-23.51920348;-46.651558418;726.1;4500;9.557032590051453;842.7570325900515;Line 7;0;185.969714566655
-23.51947256;-46.65159233;726.1;4470;9.49331903945111;842.6933190394511;Line 7;0;185.969714566655
-23.519741639;-46.651626243;726.0;4440;9.429605488850768;842.6296054888508;Line 7;0;185.969714566655
-23.520010718;-46.651660156;726.0;4410;9.365891938250424;842.5658919382505;Line 7;0;185.969714566655
-23.520279798;-46.651694069;726.7;4380;9.30217838765008;842.5021783876501;Line 7;0;185.969714566655
-23.520548877;-46.651727982;727.2;4350;9.238464837049738;842.4384648370498;Line 7;0;185.969714566655
-23.520817956;-46.651761895;727.7;4320;9.174751286449395;842.3747512864494;Line 7;0;185.969714566655
-23.521087035;-46.651795808;727.7;4290;9.111037735849052;842.3110377358491;Line 7;0;185.969714566655
-23.521356114;-46.651829722;727.6;4260;9.047324185248709;842.2473241852488;Line 7;0;185.969714566655
-23.521625193;-46.651863636;727.5;4230;8.983610634648366;842.1836106346484;Line 7;0;185.969714566655
-23.521894272;-46.65189755;727.6;4200;8.919897084048023;842.119897084048;Line 7;0;185.969714566655
-23.522163352;-46.651931464;727.9;4170;8.85618353344768;842.0561835334478;Line 7;0;185.969714566655
-23.522432431;-46.651965378;728.3;4140;8.792469982847336;841.9924699828474;Line 7;0;185.969714566655
-23.52270151;-46.651999292;728.7;4110;8.728756432246994;841.928756432247;Line 7;0;185.969714566655
-23.522970589;-46.652033207;729.0;4080;8.66504288164665;841.8650428816467;Line 7;0;185.969714566655
-23.523239668;-46.652067122;729.0;4050;8.601329331046307;841.8013293310463;Line 7;0;185.969714566655
-23.523508746;-46.652101037;728.7;4020;8.537615780445966;841.737615780446;Line 7;0;185.969714566655
-23.523777825;-46.652134952;728.2;3990;8.473902229845622;841.6739022298457;Line 7;0;185.969714566655
-23.524046904;-46.652168867;727.8;3960;8.410188679245278;841.6101886792453;Line 7;0;185.969714566655
-23.524315983;-46.652202783;727.6;3930;8.346475128644935;841.5464751286449;Line 7;0;185.969714566655
-23.524585062;-46.652236698;727.5;3900;8.282761578044594;841.4827615780447;Line 7;0;185.969714566655
-23.524854141;-46.652270614;727.4;3870;8.21904802744425;841.4190480274443;Line 7;0;185.969714566655
-23.52512322;-46.65230453;727.3;3840;8.155334476843906;841.355334476844;Line 7;0;185.969714566655
-23.525392298;-46.652338446;727.5;3810;8.091620926243563;841.2916209262436;Line 7;0;185.969714566655
-23.525661377;-46.652372363;727.7;3780;8.02790737564322;841.2279073756432;Line 7;0;185.969714566655
-23.525930456;-46.652406279;728.0;3750;7.964193825042878;841.164193825043;Line 7;0;185.969714566655
-23.526199535;-46.652440196;728.4;3720;7.900480274442535;841.1004802744426;Line 7;0;185.969714566655
-23.526468613;-46.652474113;728.7;3690;7.836766723842191;841.0367667238422;Line 7;0;185.969714566655
-23.526737692;-46.65250803;729.1;3660;7.773053173241848;840.9730531732419;Line 7;0;185.969714566655
-23.527006771;-46.652541947;729.4;3630;7.709339622641506;840.9093396226416;Line 7;0;185.969714566655
-23.527275849;-46.652575865;729.7;3600;7.645626072041163;840.8456260720412;Line 7;0;185.969714566655
-23.527544928;-46.652609782;730.0;3570;7.581912521440819;840.7819125214409;Line 7;0;185.969714566655
-23.527814006;-46.6526437;729.7;3540;7.518198970840476;840.7181989708405;Line 7;0;185.969714566655
-23.528083085;-46.652677618;729.4;3510;7.454485420240133;840.6544854202402;Line 7;0;185.969714566655
-23.528352163;-46.652711536;729.5;3480;7.39077186963979;840.5907718696399;Line 7;0;185.969714566655
-23.528621242;-46.652745454;733.4;3450;7.327058319039447;840.5270583190395;Line 7;0;185.969714566655
-23.52889032;-46.652779373;737.1;3420;7.263344768439104;840.4633447684391;Line 7;0;185.969714566655
-23.529159399;-46.652813291;740.6;3390;7.199631217838762;840.3996312178388;Line 7;0;185.969714566655
-23.529428477;-46.65284721;742.3;3360;7.135917667238418;840.3359176672385;Line 7;0;185.969714566655
-23.529697555;-46.652881129;744.2;3330;7.072204116638075;840.2722041166381;Line 7;0;185.969714566655
-23.529966634;-46.652915048;746.2;3300;7.008490566037732;840.2084905660378;Line 7;0;185.969714566655
-23.530235712;-46.652948968;747.3;3270;6.944777015437389;840.1447770154374;Line 7;0;185.969714566655
-23.53050479;-46.652982887;748.3;3240;6.881063464837046;840.0810634648371;Line 7;0;185.969714566655
-23.530773869;-46.653016807;749.3;3210;6.817349914236703;840.0173499142368;Line 7;0;185.969714566655
-23.531042947;-46.653050727;749.8;3180;6.75363636363636;839.9536363636364;Line 7;0;185.969714566655
-23.531312025;-46.653084647;750.1;3150;6.689922813036017;839.889922813036;Line 7;0;185.969714566655
-23.531581104;-46.653118567;750.2;3120;6.626209262435673;839.8262092624357;Line 7;0;185.969714566655
-23.531850182;-46.653152487;752.7;3090;6.562495711835331;839.7624957118354;Line 7;0;185.969714566655
-23.53211926;-46.653186408;756.2;3060;6.498782161234988;839.698782161235;Line 7;0;185.969714566655
-23.532388338;-46.653220328;759.8;3030;6.435068610634645;839.6350686106347;Line 7;0;185.969714566655
-23.532657416;-46.653254249;760.5;3000;6.371355060034302;839.5713550600343;Line 7;0;185.969714566655
-23.532926494;-46.65328817;759.4;2970;6.307641509433959;839.507641509434;Line 7;0;185.969714566655
-23.533195572;-46.653322092;758.5;2940;6.243927958833616;839.4439279588337;Line 7;0;185.969714566655
-23.53346465;-46.653356013;758.2;2910;6.180214408233273;839.3802144082333;Line 7;0;185.969714566655
-23.533733728;-46.653389935;758.8;2880;6.11650085763293;839.316500857633;Line 7;0;185.969714566655
-23.534002806;-46.653423856;759.5;2850;6.052787307032586;839.2527873070326;Line 7;0;185.969714566655
-23.534271884;-46.653457778;760.4;2820;5.989073756432244;839.1890737564323;Line 7;0;185.969714566655
-23.534540962;-46.6534917;761.7;2790;5.9253602058319;839.125360205832;Line 7;0;185.969714566655
-23.53481004;-46.653525623;763.0;2760;5.861646655231558;839.0616466552316;Line 7;0;185.969714566655
-23.535079118;-46.653559545;763.6;2730;5.797933104631215;838.9979331046312;Line 7;0;185.969714566655
-23.535348196;-46.653593468;762.3;2700;5.734219554030872;838.934219554031;Line 7;0;185.969714566655
-23.535617274;-46.65362739;761.1;2670;5.670506003430529;838.8705060034306;Line 7;0;185.969714566655
-23.535886352;-46.653661313;760.5;2640;5.606792452830186;838.8067924528302;Line 7;0;185.969714566655
-23.53615543;-46.653695237;762.3;2610;5.543078902229843;838.7430789022299;Line 7;0;185.969714566655
-23.536424507;-46.65372916;764.2;2580;5.479365351629499;838.6793653516296;Line 7;0;185.969714566655
-23.536693585;-46.653763083;766.3;2550;5.415651801029157;838.6156518010292;Line 7;0;185.969714566655
-23.536962663;-46.653797007;768.2;2520;5.351938250428813;838.5519382504289;Line 7;0;185.969714566655
-23.537231741;-46.653830931;770.2;2490;5.288224699828471;838.4882246998285;Line 7;0;185.969714566655
-23.537500818;-46.653864855;772.1;2460;5.224511149228127;838.4245111492281;Line 7;0;185.969714566655
-23.537769896;-46.653898779;770.1;2430;5.160797598627785;838.3607975986279;Line 7;0;185.969714566655
-23.538038974;-46.653932703;767.9;2400;5.097084048027442;838.2970840480275;Line 7;0;185.969714566655
-23.538308051;-46.653966628;765.5;2370;5.033370497427098;838.2333704974271;Line 7;0;185.969714566655
-23.538577129;-46.654000553;765.1;2340;4.969656946826756;838.1696569468268;Line 7;0;185.969714566655
-23.538846206;-46.654034478;764.9;2310;4.905943396226412;838.1059433962265;Line 7;0;185.969714566655
-23.539115284;-46.654068403;764.6;2280;4.84222984562607;838.0422298456261;Line 7;0;185.969714566655
-23.539384361;-46.654102328;764.8;2250;4.778516295025726;837.9785162950258;Line 7;0;185.969714566655
-23.539653439;-46.654136253;765.2;2220;4.714802744425384;837.9148027444254;Line 7;0;185.969714566655
-23.539922516;-46.654170179;765.9;2190;4.65108919382504;837.851089193825;Line 7;0;185.969714566655
-23.540191594;-46.654204105;767.7;2160;4.587375643224697;837.7873756432248;Line 7;0;185.969714566655
-23.540460671;-46.65423803;769.7;2130;4.523662092624354;837.7236620926244;Line 7;0;185.969714566655
-23.540729749;-46.654271957;771.5;2100;4.459948542024011;837.659948542024;Line 7;0;185.969714566655
-23.540998826;-46.654305883;772.8;2070;4.396234991423668;837.5962349914237;Line 7;0;185.969714566655
-23.541267903;-46.654339809;773.8;2040;4.332521440823325;837.5325214408234;Line 7;0;185.969714566655
-23.541536981;-46.654373736;774.8;2010;4.268807890222983;837.468807890223;Line 7;0;185.969714566655
-23.541806058;-46.654407663;776.4;1980;4.205094339622639;837.4050943396227;Line 7;0;185.969714566655
-23.542075135;-46.65444159;778.6;1950;4.141380789022297;837.3413807890223;Line 7;0;185.969714566655
-23.542344213;-46.654475517;780.7;1920;4.077667238421953;837.277667238422;Line 7;0;185.969714566655
-23.54261329;-46.654509444;783.1;1890;4.01395368782161;837.2139536878217;Line 7;0;185.969714566655
-23.542882367;-46.654543372;786.3;1860;3.9502401372212677;837.1502401372213;Line 7;0;185.969714566655
-23.543151444;-46.654577299;790.0;1830;3.886526586620924;837.086526586621;Line 7;0;185.969714566655
-23.543420521;-46.654611227;793.8;1800;3.8228130360205816;837.0228130360206;Line 7;0;185.969714566655
-23.543689598;-46.654645155;796.9;1770;3.759099485420238;836.9590994854203;Line 7;0;185.969714566655
-23.543958676;-46.654679083;799.9;1740;3.695385934819895;836.89538593482;Line 7;0;185.969714566655
-23.544227753;-46.654713012;802.3;1710;3.631672384219552;836.8316723842196;Line 7;0;185.969714566655
-23.54449683;-46.65474694;802.9;1680;3.567958833619209;836.7679588336192;Line 7;0;185.969714566655
-23.544765907;-46.654780869;803.5;1650;3.504245283018866;836.704245283019;Line 7;0;185.969714566655
-23.545034984;-46.654814798;804.0;1620;3.440531732418523;836.6405317324186;Line 7;0;185.969714566655
-23.545304061;-46.654848727;804.9;1590;3.37681818181818;836.5768181818182;Line 7;0;185.969714566655
-23.545573138;-46.654882656;805.8;1560;3.3131046312178367;836.5131046312179;Line 7;0;185.969714566655
-23.545842215;-46.654916586;806.5;1530;3.249391080617494;836.4493910806175;Line 7;0;185.969714566655
-23.546111292;-46.654950515;804.5;1500;3.185677530017151;836.3856775300172;Line 7;0;185.969714566655
-23.546380369;-46.654984445;802.4;1470;3.121963979416808;836.3219639794169;Line 7;0;185.969714566655
-23.546649445;-46.655018375;800.1;1440;3.058250428816465;836.2582504288165;Line 7;0;185.969714566655
-23.546918522;-46.655052305;800.5;1410;2.994536878216122;836.1945368782161;Line 7;0;185.969714566655
-23.547187599;-46.655086235;800.9;1380;2.930823327615779;836.1308233276159;Line 7;0;185.969714566655
-23.547456676;-46.655120166;801.2;1350;2.867109777015436;836.0671097770155;Line 7;0;185.969714566655
-23.547725753;-46.655154096;802.1;1320;2.803396226415093;836.0033962264151;Line 7;0;185.969714566655
-23.547994829;-46.655188027;803.3;1290;2.7396826758147497;835.9396826758148;Line 7;0;185.969714566655
-23.548263906;-46.655221958;804.7;1260;2.6759691252144067;835.8759691252144;Line 7;0;185.969714566655
-23.548532983;-46.655255889;804.7;1230;2.6122555746140637;835.8122555746141;Line 7;0;185.969714566655
-23.548802059;-46.65528982;804.1;1200;2.548542024013721;835.7485420240138;Line 7;0;185.969714566655
-23.549071136;-46.655323752;803.4;1170;2.484828473413378;835.6848284734134;Line 7;0;185.969714566655
-23.549340213;-46.655357684;803.1;1140;2.421114922813035;835.621114922813;Line 7;0;185.969714566655
-23.549609289;-46.655391615;802.9;1110;2.357401372212692;835.5574013722128;Line 7;0;185.969714566655
-23.549878366;-46.655425547;802.7;1080;2.2936878216123486;835.4936878216124;Line 7;0;185.969714566655
-23.550147443;-46.65545948;802.7;1050;2.2299742710120056;835.429974271012;Line 7;0;185.969714566655
-23.550416519;-46.655493412;803.1;1020;2.1662607204116626;835.3662607204117;Line 7;0;185.969714566655
-23.550685596;-46.655527345;803.6;990;2.1025471698113196;835.3025471698114;Line 7;0;185.969714566655
-23.550954672;-46.655561277;805.0;960;2.0388336192109766;835.238833619211;Line 7;0;185.969714566655
-23.551223749;-46.65559521;807.2;930;1.9751200686106338;835.1751200686107;Line 7;0;185.969714566655
-23.551492825;-46.655629143;809.2;900;1.9114065180102908;835.1114065180103;Line 7;0;185.969714566655
-23.551761901;-46.655663076;811.5;870;1.8476929674099476;835.04769296741;Line 7;0;185.969714566655
-23.552030978;-46.65569701;814.6;840;1.7839794168096046;834.9839794168097;Line 7;0;185.969714566655
-23.552300054;-46.655730943;817.9;810;1.7202658662092616;834.9202658662093;Line 7;0;185.969714566655
-23.55256913;-46.655764877;820.1;780;1.6565523156089184;834.856552315609;Line 7;0;185.969714566655
-23.552838207;-46.655798811;819.1;750;1.5928387650085756;834.7928387650086;Line 7;0;185.969714566655
-23.553107283;-46.655832745;818.1;720;1.5291252144082326;834.7291252144083;Line 7;0;185.969714566655
-23.553376359;-46.655866679;816.8;690;1.4654116638078896;834.665411663808;Line 7;0;185.969714566655
-23.553645436;-46.655900614;814.6;660;1.4016981132075466;834.6016981132076;Line 7;0;185.969714566655
-23.553914512;-46.655934549;812.5;630;1.3379845626072033;834.5379845626072;Line 7;0;185.969714566655
-23.554183588;-46.655968483;810.5;600;1.2742710120068605;834.4742710120069;Line 7;0;185.969714566655
-23.554452664;-46.656002418;810.4;570;1.2105574614065175;834.4105574614066;Line 7;0;185.969714566655
-23.55472174;-46.656036353;810.2;540;1.1468439108061743;834.3468439108062;Line 7;0;185.969714566655
-23.554990816;-46.656070289;810.0;510;1.0831303602058313;834.2831303602059;Line 7;0;185.969714566655
-23.555259893;-46.656104224;812.7;480;1.0194168096054883;834.2194168096055;Line 7;0;185.969714566655
-23.555528969;-46.65613816;815.5;450;0.9557032590051454;834.1557032590052;Line 7;0;185.969714566655
-23.555798045;-46.656172096;818.4;420;0.8919897084048023;834.0919897084049;Line 7;0;185.969714566655
-23.556067121;-46.656206032;820.5;390;0.8282761578044592;834.0282761578045;Line 7;0;185.969714566655
-23.556336197;-46.656239968;822.6;360;0.7645626072041163;833.9645626072041;Line 7;0;185.969714566655
-23.556605273;-46.656273904;824.7;330;0.7008490566037733;833.9008490566039;Line 7;0;185.969714566655
-23.556874349;-46.656307841;825.6;300;0.6371355060034303;833.8371355060035;Line 7;0;185.969714566655
-23.557143425;-46.656341778;826.1;270;0.5734219554030872;833.7734219554031;Line 7;0;185.969714566655
-23.5574125;-46.656375715;826.5;240;0.5097084048027442;833.7097084048028;Line 7;0;185.969714566655
-23.557681576;-46.656409652;826.0;210;0.44599485420240115;833.6459948542024;Line 7;0;185.969714566655
-23.557950652;-46.656443589;825.0;180;0.38228130360205814;833.5822813036021;Line 7;0;185.969714566655
-23.558219728;-46.656477526;824.1;150;0.31856775300171514;833.5185677530018;Line 7;0;185.969714566655
-23.558488804;-46.656511464;823.2;120;0.2548542024013721;833.4548542024014;Line 7;0;185.969714566655
-23.55875788;-46.656545402;822.0;90;0.19114065180102907;833.391140651801;Line 7;0;185.969714566655
-23.559026955;-46.656579339;820.7;60;0.12742710120068604;833.3274271012008;Line 7;0;185.969714566655
-23.559296031;-46.656613278;821.7;30;0.06371355060034302;833.2637135506004;Line 7;0;185.969714566655
-23.559565107;-46.656647216;825.6;0;0.0;833.2;Line 7;0;185.969714566655
